<?xml version="1.0" encoding="UTF-8"?>
<!-- Written by Strava -->
<TrainingCenterDatabase xsi:schemaLocation="http://www.garmin.com/xmlschemas/TrainingCenterDatabase/v2 http://www.garmin.com/xmlschemas/TrainingCenterDatabasev2.xsd" xmlns:ns5="http://www.garmin.com/xmlschemas/ActivityGoals/v1" xmlns:ns3="http://www.garmin.com/xmlschemas/ActivityExtension/v2" xmlns:ns2="http://www.garmin.com/xmlschemas/UserProfile/v2" xmlns="http://www.garmin.com/xmlschemas/TrainingCenterDatabase/v2" xmlns:xsi="http://www.w3.org/2001/XMLSchema-instance">
 <Activities>
  <Activity Sport="Running">
   <Id>2026-08-08T11:05:06Z</Id>
   <Lap StartTime="2026-08-08T11:05:06Z">
    <TotalTimeSeconds>1753</TotalTimeSeconds>
    <DistanceMeters>5002.99</DistanceMeters>
    <MaximumSpeed>4.7</MaximumSpeed>
    <Calories>0</Calories>
    <AverageHeartRateBpm>
     <Value>154</Value>
    </AverageHeartRateBpm>
    <MaximumHeartRateBpm>
     <Value>171</Value>
    </MaximumHeartRateBpm>
    <Intensity>Active</Intensity>
    <TriggerMethod>Manual</TriggerMethod>
    <Track>
     <Trackpoint>
      <Time>2026-08-08T11:05:06Z</Time>
      <Position>
       <LatitudeDegrees>5.2363630</LatitudeDegrees>
       <LongitudeDegrees>100.4392600</LongitudeDegrees>
      </Position>
      <AltitudeMeters>5.5</AltitudeMeters>
      <DistanceMeters>0.0</DistanceMeters>
      <HeartRateBpm>
       <Value>90</Value>
      </HeartRateBpm>
      <Extensions>
       <TPX xmlns="http://www.garmin.com/xmlschemas/ActivityExtension/v2">
        <Speed>0.0</Speed>
       </TPX>
      </Extensions>
     </Trackpoint>
     <Trackpoint>
      <Time>2026-08-08T11:05:07Z</Time>
      <Position>
       <LatitudeDegrees>5.2363630</LatitudeDegrees>
       <LongitudeDegrees>100.4392600</LongitudeDegrees>
      </Position>
      <AltitudeMeters>5.5</AltitudeMeters>
      <DistanceMeters>0.0</DistanceMeters>
      <HeartRateBpm>
       <Value>90</Value>
      </HeartRateBpm>
      <Extensions>
       <TPX xmlns="http://www.garmin.com/xmlschemas/ActivityExtension/v2">
        <Speed>0.0</Speed>
       </TPX>
      </Extensions>
     </Trackpoint>
     <Trackpoint>
      <Time>2026-08-08T11:05:08Z</Time>
      <Position>
       <LatitudeDegrees>5.2363390</LatitudeDegrees>
       <LongitudeDegrees>100.4392480</LongitudeDegrees>
      </Position>
      <AltitudeMeters>5.5</AltitudeMeters>
      <DistanceMeters>2.9</DistanceMeters>
      <HeartRateBpm>
       <Value>91</Value>
      </HeartRateBpm>
      <Extensions>
       <TPX xmlns="http://www.garmin.com/xmlschemas/ActivityExtension/v2">
        <Speed>1.5</Speed>
       </TPX>
      </Extensions>
     </Trackpoint>
     <Trackpoint>
      <Time>2026-08-08T11:05:09Z</Time>
      <Position>
       <LatitudeDegrees>5.2363250</LatitudeDegrees>
       <LongitudeDegrees>100.4392450</LongitudeDegrees>
      </Position>
      <AltitudeMeters>5.5</AltitudeMeters>
      <DistanceMeters>4.5</DistanceMeters>
      <HeartRateBpm>
       <Value>91</Value>
      </HeartRateBpm>
      <Extensions>
       <TPX xmlns="http://www.garmin.com/xmlschemas/ActivityExtension/v2">
        <Speed>1.5</Speed>
       </TPX>
      </Extensions>
     </Trackpoint>
     <Trackpoint>
      <Time>2026-08-08T11:05:10Z</Time>
      <Position>
       <LatitudeDegrees>5.2362970</LatitudeDegrees>
       <LongitudeDegrees>100.4392430</LongitudeDegrees>
      </Position>
      <AltitudeMeters>5.5</AltitudeMeters>
      <DistanceMeters>7.6</DistanceMeters>
      <HeartRateBpm>
       <Value>93</Value>
      </HeartRateBpm>
      <Extensions>
       <TPX xmlns="http://www.garmin.com/xmlschemas/ActivityExtension/v2">
        <Speed>1.9</Speed>
       </TPX>
      </Extensions>
     </Trackpoint>
     <Trackpoint>
      <Time>2026-08-08T11:05:11Z</Time>
      <Position>
       <LatitudeDegrees>5.2362820</LatitudeDegrees>
       <LongitudeDegrees>100.4392380</LongitudeDegrees>
      </Position>
      <AltitudeMeters>5.5</AltitudeMeters>
      <DistanceMeters>9.3</DistanceMeters>
      <HeartRateBpm>
       <Value>96</Value>
      </HeartRateBpm>
      <Extensions>
       <TPX xmlns="http://www.garmin.com/xmlschemas/ActivityExtension/v2">
        <Speed>1.9</Speed>
       </TPX>
      </Extensions>
     </Trackpoint>
     <Trackpoint>
      <Time>2026-08-08T11:05:12Z</Time>
      <Position>
       <LatitudeDegrees>5.2362570</LatitudeDegrees>
       <LongitudeDegrees>100.4392310</LongitudeDegrees>
      </Position>
      <AltitudeMeters>5.5</AltitudeMeters>
      <DistanceMeters>12.2</DistanceMeters>
      <HeartRateBpm>
       <Value>98</Value>
      </HeartRateBpm>
      <Extensions>
       <TPX xmlns="http://www.garmin.com/xmlschemas/ActivityExtension/v2">
        <Speed>2.4</Speed>
       </TPX>
      </Extensions>
     </Trackpoint>
     <Trackpoint>
      <Time>2026-08-08T11:05:13Z</Time>
      <Position>
       <LatitudeDegrees>5.2362280</LatitudeDegrees>
       <LongitudeDegrees>100.4392210</LongitudeDegrees>
      </Position>
      <AltitudeMeters>5.4</AltitudeMeters>
      <DistanceMeters>15.7</DistanceMeters>
      <HeartRateBpm>
       <Value>98</Value>
      </HeartRateBpm>
      <Extensions>
       <TPX xmlns="http://www.garmin.com/xmlschemas/ActivityExtension/v2">
        <Speed>2.6</Speed>
       </TPX>
      </Extensions>
     </Trackpoint>
     <Trackpoint>
      <Time>2026-08-08T11:05:14Z</Time>
      <Position>
       <LatitudeDegrees>5.2362040</LatitudeDegrees>
       <LongitudeDegrees>100.4392150</LongitudeDegrees>
      </Position>
      <AltitudeMeters>5.4</AltitudeMeters>
      <DistanceMeters>18.5</DistanceMeters>
      <HeartRateBpm>
       <Value>97</Value>
      </HeartRateBpm>
      <Extensions>
       <TPX xmlns="http://www.garmin.com/xmlschemas/ActivityExtension/v2">
        <Speed>2.8</Speed>
       </TPX>
      </Extensions>
     </Trackpoint>
     <Trackpoint>
      <Time>2026-08-08T11:05:15Z</Time>
      <Position>
       <LatitudeDegrees>5.2361780</LatitudeDegrees>
       <LongitudeDegrees>100.4392100</LongitudeDegrees>
      </Position>
      <AltitudeMeters>5.4</AltitudeMeters>
      <DistanceMeters>21.4</DistanceMeters>
      <HeartRateBpm>
       <Value>97</Value>
      </HeartRateBpm>
      <Extensions>
       <TPX xmlns="http://www.garmin.com/xmlschemas/ActivityExtension/v2">
        <Speed>2.8</Speed>
       </TPX>
      </Extensions>
     </Trackpoint>
     <Trackpoint>
      <Time>2026-08-08T11:05:16Z</Time>
      <Position>
       <LatitudeDegrees>5.2361530</LatitudeDegrees>
       <LongitudeDegrees>100.4392070</LongitudeDegrees>
      </Position>
      <AltitudeMeters>5.4</AltitudeMeters>
      <DistanceMeters>24.2</DistanceMeters>
      <HeartRateBpm>
       <Value>97</Value>
      </HeartRateBpm>
      <Extensions>
       <TPX xmlns="http://www.garmin.com/xmlschemas/ActivityExtension/v2">
        <Speed>3.0</Speed>
       </TPX>
      </Extensions>
     </Trackpoint>
     <Trackpoint>
      <Time>2026-08-08T11:05:17Z</Time>
      <Position>
       <LatitudeDegrees>5.2361300</LatitudeDegrees>
       <LongitudeDegrees>100.4392030</LongitudeDegrees>
      </Position>
      <AltitudeMeters>5.4</AltitudeMeters>
      <DistanceMeters>26.8</DistanceMeters>
      <HeartRateBpm>
       <Value>96</Value>
      </HeartRateBpm>
      <Extensions>
       <TPX xmlns="http://www.garmin.com/xmlschemas/ActivityExtension/v2">
        <Speed>2.9</Speed>
       </TPX>
      </Extensions>
     </Trackpoint>
     <Trackpoint>
      <Time>2026-08-08T11:05:18Z</Time>
      <Position>
       <LatitudeDegrees>5.2361080</LatitudeDegrees>
       <LongitudeDegrees>100.4391970</LongitudeDegrees>
      </Position>
      <AltitudeMeters>5.4</AltitudeMeters>
      <DistanceMeters>29.4</DistanceMeters>
      <HeartRateBpm>
       <Value>96</Value>
      </HeartRateBpm>
      <Extensions>
       <TPX xmlns="http://www.garmin.com/xmlschemas/ActivityExtension/v2">
        <Speed>2.7</Speed>
       </TPX>
      </Extensions>
     </Trackpoint>
     <Trackpoint>
      <Time>2026-08-08T11:05:19Z</Time>
      <Position>
       <LatitudeDegrees>5.2360900</LatitudeDegrees>
       <LongitudeDegrees>100.4391880</LongitudeDegrees>
      </Position>
      <AltitudeMeters>5.4</AltitudeMeters>
      <DistanceMeters>31.6</DistanceMeters>
      <HeartRateBpm>
       <Value>97</Value>
      </HeartRateBpm>
      <Extensions>
       <TPX xmlns="http://www.garmin.com/xmlschemas/ActivityExtension/v2">
        <Speed>2.6</Speed>
       </TPX>
      </Extensions>
     </Trackpoint>
     <Trackpoint>
      <Time>2026-08-08T11:05:20Z</Time>
      <Position>
       <LatitudeDegrees>5.2360690</LatitudeDegrees>
       <LongitudeDegrees>100.4391780</LongitudeDegrees>
      </Position>
      <AltitudeMeters>5.3</AltitudeMeters>
      <DistanceMeters>34.1</DistanceMeters>
      <HeartRateBpm>
       <Value>97</Value>
      </HeartRateBpm>
      <Extensions>
       <TPX xmlns="http://www.garmin.com/xmlschemas/ActivityExtension/v2">
        <Speed>2.5</Speed>
       </TPX>
      </Extensions>
     </Trackpoint>
     <Trackpoint>
      <Time>2026-08-08T11:05:21Z</Time>
      <Position>
       <LatitudeDegrees>5.2360500</LatitudeDegrees>
       <LongitudeDegrees>100.4391700</LongitudeDegrees>
      </Position>
      <AltitudeMeters>5.3</AltitudeMeters>
      <DistanceMeters>36.4</DistanceMeters>
      <HeartRateBpm>
       <Value>98</Value>
      </HeartRateBpm>
      <Extensions>
       <TPX xmlns="http://www.garmin.com/xmlschemas/ActivityExtension/v2">
        <Speed>2.4</Speed>
       </TPX>
      </Extensions>
     </Trackpoint>
     <Trackpoint>
      <Time>2026-08-08T11:05:22Z</Time>
      <Position>
       <LatitudeDegrees>5.2360290</LatitudeDegrees>
       <LongitudeDegrees>100.4391620</LongitudeDegrees>
      </Position>
      <AltitudeMeters>5.3</AltitudeMeters>
      <DistanceMeters>38.9</DistanceMeters>
      <HeartRateBpm>
       <Value>98</Value>
      </HeartRateBpm>
      <Extensions>
       <TPX xmlns="http://www.garmin.com/xmlschemas/ActivityExtension/v2">
        <Speed>2.4</Speed>
       </TPX>
      </Extensions>
     </Trackpoint>
     <Trackpoint>
      <Time>2026-08-08T11:05:23Z</Time>
      <Position>
       <LatitudeDegrees>5.2360030</LatitudeDegrees>
       <LongitudeDegrees>100.4391540</LongitudeDegrees>
      </Position>
      <AltitudeMeters>5.3</AltitudeMeters>
      <DistanceMeters>41.9</DistanceMeters>
      <HeartRateBpm>
       <Value>98</Value>
      </HeartRateBpm>
      <Extensions>
       <TPX xmlns="http://www.garmin.com/xmlschemas/ActivityExtension/v2">
        <Speed>2.5</Speed>
       </TPX>
      </Extensions>
     </Trackpoint>
     <Trackpoint>
      <Time>2026-08-08T11:05:24Z</Time>
      <Position>
       <LatitudeDegrees>5.2359760</LatitudeDegrees>
       <LongitudeDegrees>100.4391420</LongitudeDegrees>
      </Position>
      <AltitudeMeters>5.3</AltitudeMeters>
      <DistanceMeters>45.2</DistanceMeters>
      <HeartRateBpm>
       <Value>98</Value>
      </HeartRateBpm>
      <Extensions>
       <TPX xmlns="http://www.garmin.com/xmlschemas/ActivityExtension/v2">
        <Speed>2.7</Speed>
       </TPX>
      </Extensions>
     </Trackpoint>
     <Trackpoint>
      <Time>2026-08-08T11:05:25Z</Time>
      <Position>
       <LatitudeDegrees>5.2359520</LatitudeDegrees>
       <LongitudeDegrees>100.4391310</LongitudeDegrees>
      </Position>
      <AltitudeMeters>5.3</AltitudeMeters>
      <DistanceMeters>48.1</DistanceMeters>
      <HeartRateBpm>
       <Value>99</Value>
      </HeartRateBpm>
      <Extensions>
       <TPX xmlns="http://www.garmin.com/xmlschemas/ActivityExtension/v2">
        <Speed>2.8</Speed>
       </TPX>
      </Extensions>
     </Trackpoint>
     <Trackpoint>
      <Time>2026-08-08T11:05:26Z</Time>
      <Position>
       <LatitudeDegrees>5.2359280</LatitudeDegrees>
       <LongitudeDegrees>100.4391220</LongitudeDegrees>
      </Position>
      <AltitudeMeters>5.3</AltitudeMeters>
      <DistanceMeters>50.9</DistanceMeters>
      <HeartRateBpm>
       <Value>99</Value>
      </HeartRateBpm>
      <Extensions>
       <TPX xmlns="http://www.garmin.com/xmlschemas/ActivityExtension/v2">
        <Speed>2.9</Speed>
       </TPX>
      </Extensions>
     </Trackpoint>
     <Trackpoint>
      <Time>2026-08-08T11:05:27Z</Time>
      <Position>
       <LatitudeDegrees>5.2359080</LatitudeDegrees>
       <LongitudeDegrees>100.4391190</LongitudeDegrees>
      </Position>
      <AltitudeMeters>5.3</AltitudeMeters>
      <DistanceMeters>53.2</DistanceMeters>
      <HeartRateBpm>
       <Value>101</Value>
      </HeartRateBpm>
      <Extensions>
       <TPX xmlns="http://www.garmin.com/xmlschemas/ActivityExtension/v2">
        <Speed>2.9</Speed>
       </TPX>
      </Extensions>
     </Trackpoint>
     <Trackpoint>
      <Time>2026-08-08T11:05:28Z</Time>
      <Position>
       <LatitudeDegrees>5.2358850</LatitudeDegrees>
       <LongitudeDegrees>100.4391170</LongitudeDegrees>
      </Position>
      <AltitudeMeters>5.3</AltitudeMeters>
      <DistanceMeters>55.8</DistanceMeters>
      <HeartRateBpm>
       <Value>102</Value>
      </HeartRateBpm>
      <Extensions>
       <TPX xmlns="http://www.garmin.com/xmlschemas/ActivityExtension/v2">
        <Speed>2.8</Speed>
       </TPX>
      </Extensions>
     </Trackpoint>
     <Trackpoint>
      <Time>2026-08-08T11:05:29Z</Time>
      <Position>
       <LatitudeDegrees>5.2358610</LatitudeDegrees>
       <LongitudeDegrees>100.4391200</LongitudeDegrees>
      </Position>
      <AltitudeMeters>5.3</AltitudeMeters>
      <DistanceMeters>58.5</DistanceMeters>
      <HeartRateBpm>
       <Value>105</Value>
      </HeartRateBpm>
      <Extensions>
       <TPX xmlns="http://www.garmin.com/xmlschemas/ActivityExtension/v2">
        <Speed>2.7</Speed>
       </TPX>
      </Extensions>
     </Trackpoint>
     <Trackpoint>
      <Time>2026-08-08T11:05:30Z</Time>
      <Position>
       <LatitudeDegrees>5.2358360</LatitudeDegrees>
       <LongitudeDegrees>100.4391250</LongitudeDegrees>
      </Position>
      <AltitudeMeters>5.3</AltitudeMeters>
      <DistanceMeters>61.3</DistanceMeters>
      <HeartRateBpm>
       <Value>108</Value>
      </HeartRateBpm>
      <Extensions>
       <TPX xmlns="http://www.garmin.com/xmlschemas/ActivityExtension/v2">
        <Speed>2.6</Speed>
       </TPX>
      </Extensions>
     </Trackpoint>
     <Trackpoint>
      <Time>2026-08-08T11:05:31Z</Time>
      <Position>
       <LatitudeDegrees>5.2358110</LatitudeDegrees>
       <LongitudeDegrees>100.4391340</LongitudeDegrees>
      </Position>
      <AltitudeMeters>5.2</AltitudeMeters>
      <DistanceMeters>64.3</DistanceMeters>
      <HeartRateBpm>
       <Value>110</Value>
      </HeartRateBpm>
      <Extensions>
       <TPX xmlns="http://www.garmin.com/xmlschemas/ActivityExtension/v2">
        <Speed>2.7</Speed>
       </TPX>
      </Extensions>
     </Trackpoint>
     <Trackpoint>
      <Time>2026-08-08T11:05:32Z</Time>
      <Position>
       <LatitudeDegrees>5.2357880</LatitudeDegrees>
       <LongitudeDegrees>100.4391450</LongitudeDegrees>
      </Position>
      <AltitudeMeters>5.2</AltitudeMeters>
      <DistanceMeters>67.1</DistanceMeters>
      <HeartRateBpm>
       <Value>113</Value>
      </HeartRateBpm>
      <Extensions>
       <TPX xmlns="http://www.garmin.com/xmlschemas/ActivityExtension/v2">
        <Speed>2.8</Speed>
       </TPX>
      </Extensions>
     </Trackpoint>
     <Trackpoint>
      <Time>2026-08-08T11:05:33Z</Time>
      <Position>
       <LatitudeDegrees>5.2357650</LatitudeDegrees>
       <LongitudeDegrees>100.4391590</LongitudeDegrees>
      </Position>
      <AltitudeMeters>5.2</AltitudeMeters>
      <DistanceMeters>70.1</DistanceMeters>
      <HeartRateBpm>
       <Value>115</Value>
      </HeartRateBpm>
      <Extensions>
       <TPX xmlns="http://www.garmin.com/xmlschemas/ActivityExtension/v2">
        <Speed>2.9</Speed>
       </TPX>
      </Extensions>
     </Trackpoint>
     <Trackpoint>
      <Time>2026-08-08T11:05:34Z</Time>
      <Position>
       <LatitudeDegrees>5.2357390</LatitudeDegrees>
       <LongitudeDegrees>100.4391760</LongitudeDegrees>
      </Position>
      <AltitudeMeters>5.2</AltitudeMeters>
      <DistanceMeters>73.5</DistanceMeters>
      <HeartRateBpm>
       <Value>117</Value>
      </HeartRateBpm>
      <Extensions>
       <TPX xmlns="http://www.garmin.com/xmlschemas/ActivityExtension/v2">
        <Speed>3.0</Speed>
       </TPX>
      </Extensions>
     </Trackpoint>
     <Trackpoint>
      <Time>2026-08-08T11:05:35Z</Time>
      <Position>
       <LatitudeDegrees>5.2357160</LatitudeDegrees>
       <LongitudeDegrees>100.4391930</LongitudeDegrees>
      </Position>
      <AltitudeMeters>5.2</AltitudeMeters>
      <DistanceMeters>76.7</DistanceMeters>
      <HeartRateBpm>
       <Value>118</Value>
      </HeartRateBpm>
      <Extensions>
       <TPX xmlns="http://www.garmin.com/xmlschemas/ActivityExtension/v2">
        <Speed>3.1</Speed>
       </TPX>
      </Extensions>
     </Trackpoint>
     <Trackpoint>
      <Time>2026-08-08T11:05:36Z</Time>
      <Position>
       <LatitudeDegrees>5.2356950</LatitudeDegrees>
       <LongitudeDegrees>100.4392110</LongitudeDegrees>
      </Position>
      <AltitudeMeters>5.2</AltitudeMeters>
      <DistanceMeters>79.8</DistanceMeters>
      <HeartRateBpm>
       <Value>119</Value>
      </HeartRateBpm>
      <Extensions>
       <TPX xmlns="http://www.garmin.com/xmlschemas/ActivityExtension/v2">
        <Speed>3.1</Speed>
       </TPX>
      </Extensions>
     </Trackpoint>
     <Trackpoint>
      <Time>2026-08-08T11:05:37Z</Time>
      <Position>
       <LatitudeDegrees>5.2356760</LatitudeDegrees>
       <LongitudeDegrees>100.4392280</LongitudeDegrees>
      </Position>
      <AltitudeMeters>5.2</AltitudeMeters>
      <DistanceMeters>82.6</DistanceMeters>
      <HeartRateBpm>
       <Value>120</Value>
      </HeartRateBpm>
      <Extensions>
       <TPX xmlns="http://www.garmin.com/xmlschemas/ActivityExtension/v2">
        <Speed>3.1</Speed>
       </TPX>
      </Extensions>
     </Trackpoint>
     <Trackpoint>
      <Time>2026-08-08T11:05:38Z</Time>
      <Position>
       <LatitudeDegrees>5.2356530</LatitudeDegrees>
       <LongitudeDegrees>100.4392530</LongitudeDegrees>
      </Position>
      <AltitudeMeters>5.2</AltitudeMeters>
      <DistanceMeters>86.3</DistanceMeters>
      <HeartRateBpm>
       <Value>122</Value>
      </HeartRateBpm>
      <Extensions>
       <TPX xmlns="http://www.garmin.com/xmlschemas/ActivityExtension/v2">
        <Speed>3.2</Speed>
       </TPX>
      </Extensions>
     </Trackpoint>
     <Trackpoint>
      <Time>2026-08-08T11:05:39Z</Time>
      <Position>
       <LatitudeDegrees>5.2356340</LatitudeDegrees>
       <LongitudeDegrees>100.4392770</LongitudeDegrees>
      </Position>
      <AltitudeMeters>5.1</AltitudeMeters>
      <DistanceMeters>89.8</DistanceMeters>
      <HeartRateBpm>
       <Value>123</Value>
      </HeartRateBpm>
      <Extensions>
       <TPX xmlns="http://www.garmin.com/xmlschemas/ActivityExtension/v2">
        <Speed>3.3</Speed>
       </TPX>
      </Extensions>
     </Trackpoint>
     <Trackpoint>
      <Time>2026-08-08T11:05:40Z</Time>
      <Position>
       <LatitudeDegrees>5.2356220</LatitudeDegrees>
       <LongitudeDegrees>100.4393070</LongitudeDegrees>
      </Position>
      <AltitudeMeters>5.1</AltitudeMeters>
      <DistanceMeters>93.3</DistanceMeters>
      <HeartRateBpm>
       <Value>123</Value>
      </HeartRateBpm>
      <Extensions>
       <TPX xmlns="http://www.garmin.com/xmlschemas/ActivityExtension/v2">
        <Speed>3.3</Speed>
       </TPX>
      </Extensions>
     </Trackpoint>
     <Trackpoint>
      <Time>2026-08-08T11:05:41Z</Time>
      <Position>
       <LatitudeDegrees>5.2356110</LatitudeDegrees>
       <LongitudeDegrees>100.4393300</LongitudeDegrees>
      </Position>
      <AltitudeMeters>5.1</AltitudeMeters>
      <DistanceMeters>96.1</DistanceMeters>
      <HeartRateBpm>
       <Value>123</Value>
      </HeartRateBpm>
      <Extensions>
       <TPX xmlns="http://www.garmin.com/xmlschemas/ActivityExtension/v2">
        <Speed>3.3</Speed>
       </TPX>
      </Extensions>
     </Trackpoint>
     <Trackpoint>
      <Time>2026-08-08T11:05:42Z</Time>
      <Position>
       <LatitudeDegrees>5.2355920</LatitudeDegrees>
       <LongitudeDegrees>100.4393610</LongitudeDegrees>
      </Position>
      <AltitudeMeters>5.1</AltitudeMeters>
      <DistanceMeters>100.2</DistanceMeters>
      <HeartRateBpm>
       <Value>123</Value>
      </HeartRateBpm>
      <Extensions>
       <TPX xmlns="http://www.garmin.com/xmlschemas/ActivityExtension/v2">
        <Speed>3.5</Speed>
       </TPX>
      </Extensions>
     </Trackpoint>
     <Trackpoint>
      <Time>2026-08-08T11:05:43Z</Time>
      <Position>
       <LatitudeDegrees>5.2355730</LatitudeDegrees>
       <LongitudeDegrees>100.4393840</LongitudeDegrees>
      </Position>
      <AltitudeMeters>5.1</AltitudeMeters>
      <DistanceMeters>103.5</DistanceMeters>
      <HeartRateBpm>
       <Value>124</Value>
      </HeartRateBpm>
      <Extensions>
       <TPX xmlns="http://www.garmin.com/xmlschemas/ActivityExtension/v2">
        <Speed>3.4</Speed>
       </TPX>
      </Extensions>
     </Trackpoint>
     <Trackpoint>
      <Time>2026-08-08T11:05:44Z</Time>
      <Position>
       <LatitudeDegrees>5.2355500</LatitudeDegrees>
       <LongitudeDegrees>100.4394030</LongitudeDegrees>
      </Position>
      <AltitudeMeters>5.1</AltitudeMeters>
      <DistanceMeters>106.8</DistanceMeters>
      <HeartRateBpm>
       <Value>127</Value>
      </HeartRateBpm>
      <Extensions>
       <TPX xmlns="http://www.garmin.com/xmlschemas/ActivityExtension/v2">
        <Speed>3.4</Speed>
       </TPX>
      </Extensions>
     </Trackpoint>
     <Trackpoint>
      <Time>2026-08-08T11:05:45Z</Time>
      <Position>
       <LatitudeDegrees>5.2355250</LatitudeDegrees>
       <LongitudeDegrees>100.4394190</LongitudeDegrees>
      </Position>
      <AltitudeMeters>5.1</AltitudeMeters>
      <DistanceMeters>110.1</DistanceMeters>
      <HeartRateBpm>
       <Value>128</Value>
      </HeartRateBpm>
      <Extensions>
       <TPX xmlns="http://www.garmin.com/xmlschemas/ActivityExtension/v2">
        <Speed>3.4</Speed>
       </TPX>
      </Extensions>
     </Trackpoint>
     <Trackpoint>
      <Time>2026-08-08T11:05:46Z</Time>
      <Position>
       <LatitudeDegrees>5.2355000</LatitudeDegrees>
       <LongitudeDegrees>100.4394290</LongitudeDegrees>
      </Position>
      <AltitudeMeters>5.1</AltitudeMeters>
      <DistanceMeters>113.1</DistanceMeters>
      <HeartRateBpm>
       <Value>127</Value>
      </HeartRateBpm>
      <Extensions>
       <TPX xmlns="http://www.garmin.com/xmlschemas/ActivityExtension/v2">
        <Speed>3.4</Speed>
       </TPX>
      </Extensions>
     </Trackpoint>
     <Trackpoint>
      <Time>2026-08-08T11:05:47Z</Time>
      <Position>
       <LatitudeDegrees>5.2354710</LatitudeDegrees>
       <LongitudeDegrees>100.4394380</LongitudeDegrees>
      </Position>
      <AltitudeMeters>5.1</AltitudeMeters>
      <DistanceMeters>116.4</DistanceMeters>
      <HeartRateBpm>
       <Value>128</Value>
      </HeartRateBpm>
      <Extensions>
       <TPX xmlns="http://www.garmin.com/xmlschemas/ActivityExtension/v2">
        <Speed>3.2</Speed>
       </TPX>
      </Extensions>
     </Trackpoint>
     <Trackpoint>
      <Time>2026-08-08T11:05:48Z</Time>
      <Position>
       <LatitudeDegrees>5.2354440</LatitudeDegrees>
       <LongitudeDegrees>100.4394440</LongitudeDegrees>
      </Position>
      <AltitudeMeters>5.1</AltitudeMeters>
      <DistanceMeters>119.5</DistanceMeters>
      <HeartRateBpm>
       <Value>128</Value>
      </HeartRateBpm>
      <Extensions>
       <TPX xmlns="http://www.garmin.com/xmlschemas/ActivityExtension/v2">
        <Speed>3.2</Speed>
       </TPX>
      </Extensions>
     </Trackpoint>
     <Trackpoint>
      <Time>2026-08-08T11:05:49Z</Time>
      <Position>
       <LatitudeDegrees>5.2354180</LatitudeDegrees>
       <LongitudeDegrees>100.4394510</LongitudeDegrees>
      </Position>
      <AltitudeMeters>5.1</AltitudeMeters>
      <DistanceMeters>122.5</DistanceMeters>
      <HeartRateBpm>
       <Value>128</Value>
      </HeartRateBpm>
      <Extensions>
       <TPX xmlns="http://www.garmin.com/xmlschemas/ActivityExtension/v2">
        <Speed>3.1</Speed>
       </TPX>
      </Extensions>
     </Trackpoint>
     <Trackpoint>
      <Time>2026-08-08T11:05:50Z</Time>
      <Position>
       <LatitudeDegrees>5.2353920</LatitudeDegrees>
       <LongitudeDegrees>100.4394550</LongitudeDegrees>
      </Position>
      <AltitudeMeters>5.1</AltitudeMeters>
      <DistanceMeters>125.4</DistanceMeters>
      <HeartRateBpm>
       <Value>129</Value>
      </HeartRateBpm>
      <Extensions>
       <TPX xmlns="http://www.garmin.com/xmlschemas/ActivityExtension/v2">
        <Speed>3.1</Speed>
       </TPX>
      </Extensions>
     </Trackpoint>
     <Trackpoint>
      <Time>2026-08-08T11:05:51Z</Time>
      <Position>
       <LatitudeDegrees>5.2353640</LatitudeDegrees>
       <LongitudeDegrees>100.4394580</LongitudeDegrees>
      </Position>
      <AltitudeMeters>5.1</AltitudeMeters>
      <DistanceMeters>128.6</DistanceMeters>
      <HeartRateBpm>
       <Value>131</Value>
      </HeartRateBpm>
      <Extensions>
       <TPX xmlns="http://www.garmin.com/xmlschemas/ActivityExtension/v2">
        <Speed>3.1</Speed>
       </TPX>
      </Extensions>
     </Trackpoint>
     <Trackpoint>
      <Time>2026-08-08T11:05:52Z</Time>
      <Position>
       <LatitudeDegrees>5.2353390</LatitudeDegrees>
       <LongitudeDegrees>100.4394570</LongitudeDegrees>
      </Position>
      <AltitudeMeters>5.1</AltitudeMeters>
      <DistanceMeters>131.4</DistanceMeters>
      <HeartRateBpm>
       <Value>131</Value>
      </HeartRateBpm>
      <Extensions>
       <TPX xmlns="http://www.garmin.com/xmlschemas/ActivityExtension/v2">
        <Speed>3.0</Speed>
       </TPX>
      </Extensions>
     </Trackpoint>
     <Trackpoint>
      <Time>2026-08-08T11:05:53Z</Time>
      <Position>
       <LatitudeDegrees>5.2353150</LatitudeDegrees>
       <LongitudeDegrees>100.4394570</LongitudeDegrees>
      </Position>
      <AltitudeMeters>5.1</AltitudeMeters>
      <DistanceMeters>134.0</DistanceMeters>
      <HeartRateBpm>
       <Value>131</Value>
      </HeartRateBpm>
      <Extensions>
       <TPX xmlns="http://www.garmin.com/xmlschemas/ActivityExtension/v2">
        <Speed>2.9</Speed>
       </TPX>
      </Extensions>
     </Trackpoint>
     <Trackpoint>
      <Time>2026-08-08T11:05:54Z</Time>
      <Position>
       <LatitudeDegrees>5.2352910</LatitudeDegrees>
       <LongitudeDegrees>100.4394590</LongitudeDegrees>
      </Position>
      <AltitudeMeters>5.1</AltitudeMeters>
      <DistanceMeters>136.7</DistanceMeters>
      <HeartRateBpm>
       <Value>132</Value>
      </HeartRateBpm>
      <Extensions>
       <TPX xmlns="http://www.garmin.com/xmlschemas/ActivityExtension/v2">
        <Speed>2.8</Speed>
       </TPX>
      </Extensions>
     </Trackpoint>
     <Trackpoint>
      <Time>2026-08-08T11:05:55Z</Time>
      <Position>
       <LatitudeDegrees>5.2352680</LatitudeDegrees>
       <LongitudeDegrees>100.4394640</LongitudeDegrees>
      </Position>
      <AltitudeMeters>5.1</AltitudeMeters>
      <DistanceMeters>139.3</DistanceMeters>
      <HeartRateBpm>
       <Value>132</Value>
      </HeartRateBpm>
      <Extensions>
       <TPX xmlns="http://www.garmin.com/xmlschemas/ActivityExtension/v2">
        <Speed>2.8</Speed>
       </TPX>
      </Extensions>
     </Trackpoint>
     <Trackpoint>
      <Time>2026-08-08T11:05:56Z</Time>
      <Position>
       <LatitudeDegrees>5.2352440</LatitudeDegrees>
       <LongitudeDegrees>100.4394670</LongitudeDegrees>
      </Position>
      <AltitudeMeters>5.1</AltitudeMeters>
      <DistanceMeters>142.0</DistanceMeters>
      <HeartRateBpm>
       <Value>134</Value>
      </HeartRateBpm>
      <Extensions>
       <TPX xmlns="http://www.garmin.com/xmlschemas/ActivityExtension/v2">
        <Speed>2.7</Speed>
       </TPX>
      </Extensions>
     </Trackpoint>
     <Trackpoint>
      <Time>2026-08-08T11:05:57Z</Time>
      <Position>
       <LatitudeDegrees>5.2352210</LatitudeDegrees>
       <LongitudeDegrees>100.4394720</LongitudeDegrees>
      </Position>
      <AltitudeMeters>5.1</AltitudeMeters>
      <DistanceMeters>144.6</DistanceMeters>
      <HeartRateBpm>
       <Value>135</Value>
      </HeartRateBpm>
      <Extensions>
       <TPX xmlns="http://www.garmin.com/xmlschemas/ActivityExtension/v2">
        <Speed>2.6</Speed>
       </TPX>
      </Extensions>
     </Trackpoint>
     <Trackpoint>
      <Time>2026-08-08T11:05:58Z</Time>
      <Position>
       <LatitudeDegrees>5.2351970</LatitudeDegrees>
       <LongitudeDegrees>100.4394770</LongitudeDegrees>
      </Position>
      <AltitudeMeters>5.1</AltitudeMeters>
      <DistanceMeters>147.3</DistanceMeters>
      <HeartRateBpm>
       <Value>135</Value>
      </HeartRateBpm>
      <Extensions>
       <TPX xmlns="http://www.garmin.com/xmlschemas/ActivityExtension/v2">
        <Speed>2.7</Speed>
       </TPX>
      </Extensions>
     </Trackpoint>
     <Trackpoint>
      <Time>2026-08-08T11:05:59Z</Time>
      <Position>
       <LatitudeDegrees>5.2351730</LatitudeDegrees>
       <LongitudeDegrees>100.4394830</LongitudeDegrees>
      </Position>
      <AltitudeMeters>5.1</AltitudeMeters>
      <DistanceMeters>150.1</DistanceMeters>
      <HeartRateBpm>
       <Value>134</Value>
      </HeartRateBpm>
      <Extensions>
       <TPX xmlns="http://www.garmin.com/xmlschemas/ActivityExtension/v2">
        <Speed>2.7</Speed>
       </TPX>
      </Extensions>
     </Trackpoint>
     <Trackpoint>
      <Time>2026-08-08T11:06:00Z</Time>
      <Position>
       <LatitudeDegrees>5.2351490</LatitudeDegrees>
       <LongitudeDegrees>100.4394880</LongitudeDegrees>
      </Position>
      <AltitudeMeters>5.1</AltitudeMeters>
      <DistanceMeters>152.8</DistanceMeters>
      <HeartRateBpm>
       <Value>133</Value>
      </HeartRateBpm>
      <Extensions>
       <TPX xmlns="http://www.garmin.com/xmlschemas/ActivityExtension/v2">
        <Speed>2.7</Speed>
       </TPX>
      </Extensions>
     </Trackpoint>
     <Trackpoint>
      <Time>2026-08-08T11:06:01Z</Time>
      <Position>
       <LatitudeDegrees>5.2351240</LatitudeDegrees>
       <LongitudeDegrees>100.4394970</LongitudeDegrees>
      </Position>
      <AltitudeMeters>5.1</AltitudeMeters>
      <DistanceMeters>155.8</DistanceMeters>
      <HeartRateBpm>
       <Value>131</Value>
      </HeartRateBpm>
      <Extensions>
       <TPX xmlns="http://www.garmin.com/xmlschemas/ActivityExtension/v2">
        <Speed>2.8</Speed>
       </TPX>
      </Extensions>
     </Trackpoint>
     <Trackpoint>
      <Time>2026-08-08T11:06:02Z</Time>
      <Position>
       <LatitudeDegrees>5.2350980</LatitudeDegrees>
       <LongitudeDegrees>100.4395040</LongitudeDegrees>
      </Position>
      <AltitudeMeters>5.1</AltitudeMeters>
      <DistanceMeters>158.7</DistanceMeters>
      <HeartRateBpm>
       <Value>131</Value>
      </HeartRateBpm>
      <Extensions>
       <TPX xmlns="http://www.garmin.com/xmlschemas/ActivityExtension/v2">
        <Speed>2.8</Speed>
       </TPX>
      </Extensions>
     </Trackpoint>
     <Trackpoint>
      <Time>2026-08-08T11:06:03Z</Time>
      <Position>
       <LatitudeDegrees>5.2350760</LatitudeDegrees>
       <LongitudeDegrees>100.4395090</LongitudeDegrees>
      </Position>
      <AltitudeMeters>5.1</AltitudeMeters>
      <DistanceMeters>161.2</DistanceMeters>
      <HeartRateBpm>
       <Value>130</Value>
      </HeartRateBpm>
      <Extensions>
       <TPX xmlns="http://www.garmin.com/xmlschemas/ActivityExtension/v2">
        <Speed>2.8</Speed>
       </TPX>
      </Extensions>
     </Trackpoint>
     <Trackpoint>
      <Time>2026-08-08T11:06:04Z</Time>
      <Position>
       <LatitudeDegrees>5.2350520</LatitudeDegrees>
       <LongitudeDegrees>100.4395200</LongitudeDegrees>
      </Position>
      <AltitudeMeters>5.1</AltitudeMeters>
      <DistanceMeters>164.2</DistanceMeters>
      <HeartRateBpm>
       <Value>130</Value>
      </HeartRateBpm>
      <Extensions>
       <TPX xmlns="http://www.garmin.com/xmlschemas/ActivityExtension/v2">
        <Speed>2.8</Speed>
       </TPX>
      </Extensions>
     </Trackpoint>
     <Trackpoint>
      <Time>2026-08-08T11:06:05Z</Time>
      <Position>
       <LatitudeDegrees>5.2350290</LatitudeDegrees>
       <LongitudeDegrees>100.4395280</LongitudeDegrees>
      </Position>
      <AltitudeMeters>5.1</AltitudeMeters>
      <DistanceMeters>166.8</DistanceMeters>
      <HeartRateBpm>
       <Value>131</Value>
      </HeartRateBpm>
      <Extensions>
       <TPX xmlns="http://www.garmin.com/xmlschemas/ActivityExtension/v2">
        <Speed>2.8</Speed>
       </TPX>
      </Extensions>
     </Trackpoint>
     <Trackpoint>
      <Time>2026-08-08T11:06:06Z</Time>
      <Position>
       <LatitudeDegrees>5.2350050</LatitudeDegrees>
       <LongitudeDegrees>100.4395280</LongitudeDegrees>
      </Position>
      <AltitudeMeters>5.1</AltitudeMeters>
      <DistanceMeters>169.4</DistanceMeters>
      <HeartRateBpm>
       <Value>133</Value>
      </HeartRateBpm>
      <Extensions>
       <TPX xmlns="http://www.garmin.com/xmlschemas/ActivityExtension/v2">
        <Speed>2.7</Speed>
       </TPX>
      </Extensions>
     </Trackpoint>
     <Trackpoint>
      <Time>2026-08-08T11:06:07Z</Time>
      <Position>
       <LatitudeDegrees>5.2349830</LatitudeDegrees>
       <LongitudeDegrees>100.4395220</LongitudeDegrees>
      </Position>
      <AltitudeMeters>5.1</AltitudeMeters>
      <DistanceMeters>171.9</DistanceMeters>
      <HeartRateBpm>
       <Value>133</Value>
      </HeartRateBpm>
      <Extensions>
       <TPX xmlns="http://www.garmin.com/xmlschemas/ActivityExtension/v2">
        <Speed>2.6</Speed>
       </TPX>
      </Extensions>
     </Trackpoint>
     <Trackpoint>
      <Time>2026-08-08T11:06:08Z</Time>
      <Position>
       <LatitudeDegrees>5.2349620</LatitudeDegrees>
       <LongitudeDegrees>100.4395230</LongitudeDegrees>
      </Position>
      <AltitudeMeters>5.1</AltitudeMeters>
      <DistanceMeters>174.3</DistanceMeters>
      <HeartRateBpm>
       <Value>133</Value>
      </HeartRateBpm>
      <Extensions>
       <TPX xmlns="http://www.garmin.com/xmlschemas/ActivityExtension/v2">
        <Speed>2.6</Speed>
       </TPX>
      </Extensions>
     </Trackpoint>
     <Trackpoint>
      <Time>2026-08-08T11:06:09Z</Time>
      <Position>
       <LatitudeDegrees>5.2349400</LatitudeDegrees>
       <LongitudeDegrees>100.4395250</LongitudeDegrees>
      </Position>
      <AltitudeMeters>5.1</AltitudeMeters>
      <DistanceMeters>176.7</DistanceMeters>
      <HeartRateBpm>
       <Value>131</Value>
      </HeartRateBpm>
      <Extensions>
       <TPX xmlns="http://www.garmin.com/xmlschemas/ActivityExtension/v2">
        <Speed>2.5</Speed>
       </TPX>
      </Extensions>
     </Trackpoint>
     <Trackpoint>
      <Time>2026-08-08T11:06:10Z</Time>
      <Position>
       <LatitudeDegrees>5.2349190</LatitudeDegrees>
       <LongitudeDegrees>100.4395410</LongitudeDegrees>
      </Position>
      <AltitudeMeters>5.1</AltitudeMeters>
      <DistanceMeters>179.5</DistanceMeters>
      <HeartRateBpm>
       <Value>130</Value>
      </HeartRateBpm>
      <Extensions>
       <TPX xmlns="http://www.garmin.com/xmlschemas/ActivityExtension/v2">
        <Speed>2.5</Speed>
       </TPX>
      </Extensions>
     </Trackpoint>
     <Trackpoint>
      <Time>2026-08-08T11:06:11Z</Time>
      <Position>
       <LatitudeDegrees>5.2348980</LatitudeDegrees>
       <LongitudeDegrees>100.4395570</LongitudeDegrees>
      </Position>
      <AltitudeMeters>5.1</AltitudeMeters>
      <DistanceMeters>182.4</DistanceMeters>
      <HeartRateBpm>
       <Value>130</Value>
      </HeartRateBpm>
      <Extensions>
       <TPX xmlns="http://www.garmin.com/xmlschemas/ActivityExtension/v2">
        <Speed>2.6</Speed>
       </TPX>
      </Extensions>
     </Trackpoint>
     <Trackpoint>
      <Time>2026-08-08T11:06:12Z</Time>
      <Position>
       <LatitudeDegrees>5.2348760</LatitudeDegrees>
       <LongitudeDegrees>100.4395720</LongitudeDegrees>
      </Position>
      <AltitudeMeters>5.1</AltitudeMeters>
      <DistanceMeters>185.3</DistanceMeters>
      <HeartRateBpm>
       <Value>129</Value>
      </HeartRateBpm>
      <Extensions>
       <TPX xmlns="http://www.garmin.com/xmlschemas/ActivityExtension/v2">
        <Speed>2.7</Speed>
       </TPX>
      </Extensions>
     </Trackpoint>
     <Trackpoint>
      <Time>2026-08-08T11:06:13Z</Time>
      <Position>
       <LatitudeDegrees>5.2348560</LatitudeDegrees>
       <LongitudeDegrees>100.4395840</LongitudeDegrees>
      </Position>
      <AltitudeMeters>5.1</AltitudeMeters>
      <DistanceMeters>187.9</DistanceMeters>
      <HeartRateBpm>
       <Value>128</Value>
      </HeartRateBpm>
      <Extensions>
       <TPX xmlns="http://www.garmin.com/xmlschemas/ActivityExtension/v2">
        <Speed>2.7</Speed>
       </TPX>
      </Extensions>
     </Trackpoint>
     <Trackpoint>
      <Time>2026-08-08T11:06:14Z</Time>
      <Position>
       <LatitudeDegrees>5.2348320</LatitudeDegrees>
       <LongitudeDegrees>100.4395980</LongitudeDegrees>
      </Position>
      <AltitudeMeters>5.1</AltitudeMeters>
      <DistanceMeters>191.0</DistanceMeters>
      <HeartRateBpm>
       <Value>128</Value>
      </HeartRateBpm>
      <Extensions>
       <TPX xmlns="http://www.garmin.com/xmlschemas/ActivityExtension/v2">
        <Speed>2.9</Speed>
       </TPX>
      </Extensions>
     </Trackpoint>
     <Trackpoint>
      <Time>2026-08-08T11:06:15Z</Time>
      <Position>
       <LatitudeDegrees>5.2348080</LatitudeDegrees>
       <LongitudeDegrees>100.4396090</LongitudeDegrees>
      </Position>
      <AltitudeMeters>5.1</AltitudeMeters>
      <DistanceMeters>194.0</DistanceMeters>
      <HeartRateBpm>
       <Value>128</Value>
      </HeartRateBpm>
      <Extensions>
       <TPX xmlns="http://www.garmin.com/xmlschemas/ActivityExtension/v2">
        <Speed>2.9</Speed>
       </TPX>
      </Extensions>
     </Trackpoint>
     <Trackpoint>
      <Time>2026-08-08T11:06:16Z</Time>
      <Position>
       <LatitudeDegrees>5.2347840</LatitudeDegrees>
       <LongitudeDegrees>100.4396140</LongitudeDegrees>
      </Position>
      <AltitudeMeters>5.1</AltitudeMeters>
      <DistanceMeters>196.7</DistanceMeters>
      <HeartRateBpm>
       <Value>128</Value>
      </HeartRateBpm>
      <Extensions>
       <TPX xmlns="http://www.garmin.com/xmlschemas/ActivityExtension/v2">
        <Speed>2.9</Speed>
       </TPX>
      </Extensions>
     </Trackpoint>
     <Trackpoint>
      <Time>2026-08-08T11:06:17Z</Time>
      <Position>
       <LatitudeDegrees>5.2347590</LatitudeDegrees>
       <LongitudeDegrees>100.4396210</LongitudeDegrees>
      </Position>
      <AltitudeMeters>5.1</AltitudeMeters>
      <DistanceMeters>199.6</DistanceMeters>
      <HeartRateBpm>
       <Value>129</Value>
      </HeartRateBpm>
      <Extensions>
       <TPX xmlns="http://www.garmin.com/xmlschemas/ActivityExtension/v2">
        <Speed>2.9</Speed>
       </TPX>
      </Extensions>
     </Trackpoint>
     <Trackpoint>
      <Time>2026-08-08T11:06:18Z</Time>
      <Position>
       <LatitudeDegrees>5.2347370</LatitudeDegrees>
       <LongitudeDegrees>100.4396270</LongitudeDegrees>
      </Position>
      <AltitudeMeters>5.1</AltitudeMeters>
      <DistanceMeters>202.1</DistanceMeters>
      <HeartRateBpm>
       <Value>129</Value>
      </HeartRateBpm>
      <Extensions>
       <TPX xmlns="http://www.garmin.com/xmlschemas/ActivityExtension/v2">
        <Speed>2.8</Speed>
       </TPX>
      </Extensions>
     </Trackpoint>
     <Trackpoint>
      <Time>2026-08-08T11:06:19Z</Time>
      <Position>
       <LatitudeDegrees>5.2347060</LatitudeDegrees>
       <LongitudeDegrees>100.4396330</LongitudeDegrees>
      </Position>
      <AltitudeMeters>5.1</AltitudeMeters>
      <DistanceMeters>205.6</DistanceMeters>
      <HeartRateBpm>
       <Value>129</Value>
      </HeartRateBpm>
      <Extensions>
       <TPX xmlns="http://www.garmin.com/xmlschemas/ActivityExtension/v2">
        <Speed>2.9</Speed>
       </TPX>
      </Extensions>
     </Trackpoint>
     <Trackpoint>
      <Time>2026-08-08T11:06:20Z</Time>
      <Position>
       <LatitudeDegrees>5.2346780</LatitudeDegrees>
       <LongitudeDegrees>100.4396340</LongitudeDegrees>
      </Position>
      <AltitudeMeters>5.1</AltitudeMeters>
      <DistanceMeters>208.6</DistanceMeters>
      <HeartRateBpm>
       <Value>130</Value>
      </HeartRateBpm>
      <Extensions>
       <TPX xmlns="http://www.garmin.com/xmlschemas/ActivityExtension/v2">
        <Speed>2.9</Speed>
       </TPX>
      </Extensions>
     </Trackpoint>
     <Trackpoint>
      <Time>2026-08-08T11:06:21Z</Time>
      <Position>
       <LatitudeDegrees>5.2346540</LatitudeDegrees>
       <LongitudeDegrees>100.4396340</LongitudeDegrees>
      </Position>
      <AltitudeMeters>5.1</AltitudeMeters>
      <DistanceMeters>211.3</DistanceMeters>
      <HeartRateBpm>
       <Value>130</Value>
      </HeartRateBpm>
      <Extensions>
       <TPX xmlns="http://www.garmin.com/xmlschemas/ActivityExtension/v2">
        <Speed>2.9</Speed>
       </TPX>
      </Extensions>
     </Trackpoint>
     <Trackpoint>
      <Time>2026-08-08T11:06:22Z</Time>
      <Position>
       <LatitudeDegrees>5.2346310</LatitudeDegrees>
       <LongitudeDegrees>100.4396310</LongitudeDegrees>
      </Position>
      <AltitudeMeters>5.1</AltitudeMeters>
      <DistanceMeters>213.9</DistanceMeters>
      <HeartRateBpm>
       <Value>131</Value>
      </HeartRateBpm>
      <Extensions>
       <TPX xmlns="http://www.garmin.com/xmlschemas/ActivityExtension/v2">
        <Speed>2.9</Speed>
       </TPX>
      </Extensions>
     </Trackpoint>
     <Trackpoint>
      <Time>2026-08-08T11:06:23Z</Time>
      <Position>
       <LatitudeDegrees>5.2346090</LatitudeDegrees>
       <LongitudeDegrees>100.4396250</LongitudeDegrees>
      </Position>
      <AltitudeMeters>5.1</AltitudeMeters>
      <DistanceMeters>216.4</DistanceMeters>
      <HeartRateBpm>
       <Value>130</Value>
      </HeartRateBpm>
      <Extensions>
       <TPX xmlns="http://www.garmin.com/xmlschemas/ActivityExtension/v2">
        <Speed>2.9</Speed>
       </TPX>
      </Extensions>
     </Trackpoint>
     <Trackpoint>
      <Time>2026-08-08T11:06:24Z</Time>
      <Position>
       <LatitudeDegrees>5.2345870</LatitudeDegrees>
       <LongitudeDegrees>100.4396130</LongitudeDegrees>
      </Position>
      <AltitudeMeters>5.1</AltitudeMeters>
      <DistanceMeters>219.2</DistanceMeters>
      <HeartRateBpm>
       <Value>129</Value>
      </HeartRateBpm>
      <Extensions>
       <TPX xmlns="http://www.garmin.com/xmlschemas/ActivityExtension/v2">
        <Speed>2.7</Speed>
       </TPX>
      </Extensions>
     </Trackpoint>
     <Trackpoint>
      <Time>2026-08-08T11:06:25Z</Time>
      <Position>
       <LatitudeDegrees>5.2345660</LatitudeDegrees>
       <LongitudeDegrees>100.4396020</LongitudeDegrees>
      </Position>
      <AltitudeMeters>5.1</AltitudeMeters>
      <DistanceMeters>221.8</DistanceMeters>
      <HeartRateBpm>
       <Value>130</Value>
      </HeartRateBpm>
      <Extensions>
       <TPX xmlns="http://www.garmin.com/xmlschemas/ActivityExtension/v2">
        <Speed>2.6</Speed>
       </TPX>
      </Extensions>
     </Trackpoint>
     <Trackpoint>
      <Time>2026-08-08T11:06:26Z</Time>
      <Position>
       <LatitudeDegrees>5.2345460</LatitudeDegrees>
       <LongitudeDegrees>100.4395880</LongitudeDegrees>
      </Position>
      <AltitudeMeters>5.1</AltitudeMeters>
      <DistanceMeters>224.5</DistanceMeters>
      <HeartRateBpm>
       <Value>131</Value>
      </HeartRateBpm>
      <Extensions>
       <TPX xmlns="http://www.garmin.com/xmlschemas/ActivityExtension/v2">
        <Speed>2.6</Speed>
       </TPX>
      </Extensions>
     </Trackpoint>
     <Trackpoint>
      <Time>2026-08-08T11:06:27Z</Time>
      <Position>
       <LatitudeDegrees>5.2345270</LatitudeDegrees>
       <LongitudeDegrees>100.4395740</LongitudeDegrees>
      </Position>
      <AltitudeMeters>5.1</AltitudeMeters>
      <DistanceMeters>227.1</DistanceMeters>
      <HeartRateBpm>
       <Value>131</Value>
      </HeartRateBpm>
      <Extensions>
       <TPX xmlns="http://www.garmin.com/xmlschemas/ActivityExtension/v2">
        <Speed>2.6</Speed>
       </TPX>
      </Extensions>
     </Trackpoint>
     <Trackpoint>
      <Time>2026-08-08T11:06:28Z</Time>
      <Position>
       <LatitudeDegrees>5.2345100</LatitudeDegrees>
       <LongitudeDegrees>100.4395510</LongitudeDegrees>
      </Position>
      <AltitudeMeters>5.1</AltitudeMeters>
      <DistanceMeters>230.2</DistanceMeters>
      <HeartRateBpm>
       <Value>132</Value>
      </HeartRateBpm>
      <Extensions>
       <TPX xmlns="http://www.garmin.com/xmlschemas/ActivityExtension/v2">
        <Speed>2.8</Speed>
       </TPX>
      </Extensions>
     </Trackpoint>
     <Trackpoint>
      <Time>2026-08-08T11:06:29Z</Time>
      <Position>
       <LatitudeDegrees>5.2344970</LatitudeDegrees>
       <LongitudeDegrees>100.4395270</LongitudeDegrees>
      </Position>
      <AltitudeMeters>5.1</AltitudeMeters>
      <DistanceMeters>233.2</DistanceMeters>
      <HeartRateBpm>
       <Value>133</Value>
      </HeartRateBpm>
      <Extensions>
       <TPX xmlns="http://www.garmin.com/xmlschemas/ActivityExtension/v2">
        <Speed>2.8</Speed>
       </TPX>
      </Extensions>
     </Trackpoint>
     <Trackpoint>
      <Time>2026-08-08T11:06:30Z</Time>
      <Position>
       <LatitudeDegrees>5.2344940</LatitudeDegrees>
       <LongitudeDegrees>100.4395200</LongitudeDegrees>
      </Position>
      <AltitudeMeters>5.1</AltitudeMeters>
      <DistanceMeters>234.0</DistanceMeters>
      <HeartRateBpm>
       <Value>134</Value>
      </HeartRateBpm>
      <Extensions>
       <TPX xmlns="http://www.garmin.com/xmlschemas/ActivityExtension/v2">
        <Speed>2.4</Speed>
       </TPX>
      </Extensions>
     </Trackpoint>
     <Trackpoint>
      <Time>2026-08-08T11:06:31Z</Time>
      <Position>
       <LatitudeDegrees>5.2344940</LatitudeDegrees>
       <LongitudeDegrees>100.4395040</LongitudeDegrees>
      </Position>
      <AltitudeMeters>5.1</AltitudeMeters>
      <DistanceMeters>235.8</DistanceMeters>
      <HeartRateBpm>
       <Value>134</Value>
      </HeartRateBpm>
      <Extensions>
       <TPX xmlns="http://www.garmin.com/xmlschemas/ActivityExtension/v2">
        <Speed>2.3</Speed>
       </TPX>
      </Extensions>
     </Trackpoint>
     <Trackpoint>
      <Time>2026-08-08T11:06:32Z</Time>
      <Position>
       <LatitudeDegrees>5.2344940</LatitudeDegrees>
       <LongitudeDegrees>100.4394880</LongitudeDegrees>
      </Position>
      <AltitudeMeters>5.1</AltitudeMeters>
      <DistanceMeters>237.6</DistanceMeters>
      <HeartRateBpm>
       <Value>134</Value>
      </HeartRateBpm>
      <Extensions>
       <TPX xmlns="http://www.garmin.com/xmlschemas/ActivityExtension/v2">
        <Speed>2.1</Speed>
       </TPX>
      </Extensions>
     </Trackpoint>
     <Trackpoint>
      <Time>2026-08-08T11:06:33Z</Time>
      <Position>
       <LatitudeDegrees>5.2344850</LatitudeDegrees>
       <LongitudeDegrees>100.4394620</LongitudeDegrees>
      </Position>
      <AltitudeMeters>5.1</AltitudeMeters>
      <DistanceMeters>240.6</DistanceMeters>
      <HeartRateBpm>
       <Value>133</Value>
      </HeartRateBpm>
      <Extensions>
       <TPX xmlns="http://www.garmin.com/xmlschemas/ActivityExtension/v2">
        <Speed>2.1</Speed>
       </TPX>
      </Extensions>
     </Trackpoint>
     <Trackpoint>
      <Time>2026-08-08T11:06:34Z</Time>
      <Position>
       <LatitudeDegrees>5.2344820</LatitudeDegrees>
       <LongitudeDegrees>100.4394390</LongitudeDegrees>
      </Position>
      <AltitudeMeters>5.2</AltitudeMeters>
      <DistanceMeters>243.2</DistanceMeters>
      <HeartRateBpm>
       <Value>134</Value>
      </HeartRateBpm>
      <Extensions>
       <TPX xmlns="http://www.garmin.com/xmlschemas/ActivityExtension/v2">
        <Speed>2.0</Speed>
       </TPX>
      </Extensions>
     </Trackpoint>
     <Trackpoint>
      <Time>2026-08-08T11:06:35Z</Time>
      <Position>
       <LatitudeDegrees>5.2344780</LatitudeDegrees>
       <LongitudeDegrees>100.4394170</LongitudeDegrees>
      </Position>
      <AltitudeMeters>5.2</AltitudeMeters>
      <DistanceMeters>245.6</DistanceMeters>
      <HeartRateBpm>
       <Value>134</Value>
      </HeartRateBpm>
      <Extensions>
       <TPX xmlns="http://www.garmin.com/xmlschemas/ActivityExtension/v2">
        <Speed>2.3</Speed>
       </TPX>
      </Extensions>
     </Trackpoint>
     <Trackpoint>
      <Time>2026-08-08T11:06:36Z</Time>
      <Position>
       <LatitudeDegrees>5.2344730</LatitudeDegrees>
       <LongitudeDegrees>100.4393950</LongitudeDegrees>
      </Position>
      <AltitudeMeters>5.2</AltitudeMeters>
      <DistanceMeters>248.1</DistanceMeters>
      <HeartRateBpm>
       <Value>134</Value>
      </HeartRateBpm>
      <Extensions>
       <TPX xmlns="http://www.garmin.com/xmlschemas/ActivityExtension/v2">
        <Speed>2.5</Speed>
       </TPX>
      </Extensions>
     </Trackpoint>
     <Trackpoint>
      <Time>2026-08-08T11:06:37Z</Time>
      <Position>
       <LatitudeDegrees>5.2344670</LatitudeDegrees>
       <LongitudeDegrees>100.4393740</LongitudeDegrees>
      </Position>
      <AltitudeMeters>5.2</AltitudeMeters>
      <DistanceMeters>250.5</DistanceMeters>
      <HeartRateBpm>
       <Value>135</Value>
      </HeartRateBpm>
      <Extensions>
       <TPX xmlns="http://www.garmin.com/xmlschemas/ActivityExtension/v2">
        <Speed>2.6</Speed>
       </TPX>
      </Extensions>
     </Trackpoint>
     <Trackpoint>
      <Time>2026-08-08T11:06:38Z</Time>
      <Position>
       <LatitudeDegrees>5.2344600</LatitudeDegrees>
       <LongitudeDegrees>100.4393510</LongitudeDegrees>
      </Position>
      <AltitudeMeters>5.2</AltitudeMeters>
      <DistanceMeters>253.2</DistanceMeters>
      <HeartRateBpm>
       <Value>133</Value>
      </HeartRateBpm>
      <Extensions>
       <TPX xmlns="http://www.garmin.com/xmlschemas/ActivityExtension/v2">
        <Speed>2.5</Speed>
       </TPX>
      </Extensions>
     </Trackpoint>
     <Trackpoint>
      <Time>2026-08-08T11:06:39Z</Time>
      <Position>
       <LatitudeDegrees>5.2344550</LatitudeDegrees>
       <LongitudeDegrees>100.4393280</LongitudeDegrees>
      </Position>
      <AltitudeMeters>5.2</AltitudeMeters>
      <DistanceMeters>255.8</DistanceMeters>
      <HeartRateBpm>
       <Value>132</Value>
      </HeartRateBpm>
      <Extensions>
       <TPX xmlns="http://www.garmin.com/xmlschemas/ActivityExtension/v2">
        <Speed>2.5</Speed>
       </TPX>
      </Extensions>
     </Trackpoint>
     <Trackpoint>
      <Time>2026-08-08T11:06:40Z</Time>
      <Position>
       <LatitudeDegrees>5.2344440</LatitudeDegrees>
       <LongitudeDegrees>100.4393010</LongitudeDegrees>
      </Position>
      <AltitudeMeters>5.2</AltitudeMeters>
      <DistanceMeters>259.1</DistanceMeters>
      <HeartRateBpm>
       <Value>132</Value>
      </HeartRateBpm>
      <Extensions>
       <TPX xmlns="http://www.garmin.com/xmlschemas/ActivityExtension/v2">
        <Speed>2.7</Speed>
       </TPX>
      </Extensions>
     </Trackpoint>
     <Trackpoint>
      <Time>2026-08-08T11:06:41Z</Time>
      <Position>
       <LatitudeDegrees>5.2344350</LatitudeDegrees>
       <LongitudeDegrees>100.4392730</LongitudeDegrees>
      </Position>
      <AltitudeMeters>5.2</AltitudeMeters>
      <DistanceMeters>262.3</DistanceMeters>
      <HeartRateBpm>
       <Value>132</Value>
      </HeartRateBpm>
      <Extensions>
       <TPX xmlns="http://www.garmin.com/xmlschemas/ActivityExtension/v2">
        <Speed>2.8</Speed>
       </TPX>
      </Extensions>
     </Trackpoint>
     <Trackpoint>
      <Time>2026-08-08T11:06:42Z</Time>
      <Position>
       <LatitudeDegrees>5.2344320</LatitudeDegrees>
       <LongitudeDegrees>100.4392490</LongitudeDegrees>
      </Position>
      <AltitudeMeters>5.2</AltitudeMeters>
      <DistanceMeters>265.0</DistanceMeters>
      <HeartRateBpm>
       <Value>132</Value>
      </HeartRateBpm>
      <Extensions>
       <TPX xmlns="http://www.garmin.com/xmlschemas/ActivityExtension/v2">
        <Speed>2.9</Speed>
       </TPX>
      </Extensions>
     </Trackpoint>
     <Trackpoint>
      <Time>2026-08-08T11:06:43Z</Time>
      <Position>
       <LatitudeDegrees>5.2344220</LatitudeDegrees>
       <LongitudeDegrees>100.4392200</LongitudeDegrees>
      </Position>
      <AltitudeMeters>5.2</AltitudeMeters>
      <DistanceMeters>268.4</DistanceMeters>
      <HeartRateBpm>
       <Value>133</Value>
      </HeartRateBpm>
      <Extensions>
       <TPX xmlns="http://www.garmin.com/xmlschemas/ActivityExtension/v2">
        <Speed>3.0</Speed>
       </TPX>
      </Extensions>
     </Trackpoint>
     <Trackpoint>
      <Time>2026-08-08T11:06:44Z</Time>
      <Position>
       <LatitudeDegrees>5.2344050</LatitudeDegrees>
       <LongitudeDegrees>100.4391850</LongitudeDegrees>
      </Position>
      <AltitudeMeters>5.2</AltitudeMeters>
      <DistanceMeters>272.7</DistanceMeters>
      <HeartRateBpm>
       <Value>132</Value>
      </HeartRateBpm>
      <Extensions>
       <TPX xmlns="http://www.garmin.com/xmlschemas/ActivityExtension/v2">
        <Speed>3.4</Speed>
       </TPX>
      </Extensions>
     </Trackpoint>
     <Trackpoint>
      <Time>2026-08-08T11:06:45Z</Time>
      <Position>
       <LatitudeDegrees>5.2343930</LatitudeDegrees>
       <LongitudeDegrees>100.4391550</LongitudeDegrees>
      </Position>
      <AltitudeMeters>5.2</AltitudeMeters>
      <DistanceMeters>276.2</DistanceMeters>
      <HeartRateBpm>
       <Value>132</Value>
      </HeartRateBpm>
      <Extensions>
       <TPX xmlns="http://www.garmin.com/xmlschemas/ActivityExtension/v2">
        <Speed>3.4</Speed>
       </TPX>
      </Extensions>
     </Trackpoint>
     <Trackpoint>
      <Time>2026-08-08T11:06:46Z</Time>
      <Position>
       <LatitudeDegrees>5.2343820</LatitudeDegrees>
       <LongitudeDegrees>100.4391280</LongitudeDegrees>
      </Position>
      <AltitudeMeters>5.2</AltitudeMeters>
      <DistanceMeters>279.5</DistanceMeters>
      <HeartRateBpm>
       <Value>133</Value>
      </HeartRateBpm>
      <Extensions>
       <TPX xmlns="http://www.garmin.com/xmlschemas/ActivityExtension/v2">
        <Speed>3.4</Speed>
       </TPX>
      </Extensions>
     </Trackpoint>
     <Trackpoint>
      <Time>2026-08-08T11:06:47Z</Time>
      <Position>
       <LatitudeDegrees>5.2343740</LatitudeDegrees>
       <LongitudeDegrees>100.4391040</LongitudeDegrees>
      </Position>
      <AltitudeMeters>5.2</AltitudeMeters>
      <DistanceMeters>282.3</DistanceMeters>
      <HeartRateBpm>
       <Value>135</Value>
      </HeartRateBpm>
      <Extensions>
       <TPX xmlns="http://www.garmin.com/xmlschemas/ActivityExtension/v2">
        <Speed>3.5</Speed>
       </TPX>
      </Extensions>
     </Trackpoint>
     <Trackpoint>
      <Time>2026-08-08T11:06:48Z</Time>
      <Position>
       <LatitudeDegrees>5.2343680</LatitudeDegrees>
       <LongitudeDegrees>100.4390820</LongitudeDegrees>
      </Position>
      <AltitudeMeters>5.3</AltitudeMeters>
      <DistanceMeters>284.8</DistanceMeters>
      <HeartRateBpm>
       <Value>134</Value>
      </HeartRateBpm>
      <Extensions>
       <TPX xmlns="http://www.garmin.com/xmlschemas/ActivityExtension/v2">
        <Speed>3.3</Speed>
       </TPX>
      </Extensions>
     </Trackpoint>
     <Trackpoint>
      <Time>2026-08-08T11:06:49Z</Time>
      <Position>
       <LatitudeDegrees>5.2343640</LatitudeDegrees>
       <LongitudeDegrees>100.4390460</LongitudeDegrees>
      </Position>
      <AltitudeMeters>5.3</AltitudeMeters>
      <DistanceMeters>288.8</DistanceMeters>
      <HeartRateBpm>
       <Value>134</Value>
      </HeartRateBpm>
      <Extensions>
       <TPX xmlns="http://www.garmin.com/xmlschemas/ActivityExtension/v2">
        <Speed>3.2</Speed>
       </TPX>
      </Extensions>
     </Trackpoint>
     <Trackpoint>
      <Time>2026-08-08T11:06:50Z</Time>
      <Position>
       <LatitudeDegrees>5.2343560</LatitudeDegrees>
       <LongitudeDegrees>100.4390100</LongitudeDegrees>
      </Position>
      <AltitudeMeters>5.3</AltitudeMeters>
      <DistanceMeters>292.9</DistanceMeters>
      <HeartRateBpm>
       <Value>135</Value>
      </HeartRateBpm>
      <Extensions>
       <TPX xmlns="http://www.garmin.com/xmlschemas/ActivityExtension/v2">
        <Speed>3.3</Speed>
       </TPX>
      </Extensions>
     </Trackpoint>
     <Trackpoint>
      <Time>2026-08-08T11:06:51Z</Time>
      <Position>
       <LatitudeDegrees>5.2343520</LatitudeDegrees>
       <LongitudeDegrees>100.4389790</LongitudeDegrees>
      </Position>
      <AltitudeMeters>5.3</AltitudeMeters>
      <DistanceMeters>296.4</DistanceMeters>
      <HeartRateBpm>
       <Value>136</Value>
      </HeartRateBpm>
      <Extensions>
       <TPX xmlns="http://www.garmin.com/xmlschemas/ActivityExtension/v2">
        <Speed>3.4</Speed>
       </TPX>
      </Extensions>
     </Trackpoint>
     <Trackpoint>
      <Time>2026-08-08T11:06:52Z</Time>
      <Position>
       <LatitudeDegrees>5.2343510</LatitudeDegrees>
       <LongitudeDegrees>100.4389540</LongitudeDegrees>
      </Position>
      <AltitudeMeters>5.3</AltitudeMeters>
      <DistanceMeters>299.1</DistanceMeters>
      <HeartRateBpm>
       <Value>135</Value>
      </HeartRateBpm>
      <Extensions>
       <TPX xmlns="http://www.garmin.com/xmlschemas/ActivityExtension/v2">
        <Speed>3.4</Speed>
       </TPX>
      </Extensions>
     </Trackpoint>
     <Trackpoint>
      <Time>2026-08-08T11:06:53Z</Time>
      <Position>
       <LatitudeDegrees>5.2343420</LatitudeDegrees>
       <LongitudeDegrees>100.4389190</LongitudeDegrees>
      </Position>
      <AltitudeMeters>5.3</AltitudeMeters>
      <DistanceMeters>303.1</DistanceMeters>
      <HeartRateBpm>
       <Value>135</Value>
      </HeartRateBpm>
      <Extensions>
       <TPX xmlns="http://www.garmin.com/xmlschemas/ActivityExtension/v2">
        <Speed>3.7</Speed>
       </TPX>
      </Extensions>
     </Trackpoint>
     <Trackpoint>
      <Time>2026-08-08T11:06:54Z</Time>
      <Position>
       <LatitudeDegrees>5.2343340</LatitudeDegrees>
       <LongitudeDegrees>100.4388900</LongitudeDegrees>
      </Position>
      <AltitudeMeters>5.3</AltitudeMeters>
      <DistanceMeters>306.4</DistanceMeters>
      <HeartRateBpm>
       <Value>135</Value>
      </HeartRateBpm>
      <Extensions>
       <TPX xmlns="http://www.garmin.com/xmlschemas/ActivityExtension/v2">
        <Speed>3.5</Speed>
       </TPX>
      </Extensions>
     </Trackpoint>
     <Trackpoint>
      <Time>2026-08-08T11:06:55Z</Time>
      <Position>
       <LatitudeDegrees>5.2343260</LatitudeDegrees>
       <LongitudeDegrees>100.4388620</LongitudeDegrees>
      </Position>
      <AltitudeMeters>5.3</AltitudeMeters>
      <DistanceMeters>309.6</DistanceMeters>
      <HeartRateBpm>
       <Value>135</Value>
      </HeartRateBpm>
      <Extensions>
       <TPX xmlns="http://www.garmin.com/xmlschemas/ActivityExtension/v2">
        <Speed>3.3</Speed>
       </TPX>
      </Extensions>
     </Trackpoint>
     <Trackpoint>
      <Time>2026-08-08T11:06:56Z</Time>
      <Position>
       <LatitudeDegrees>5.2343200</LatitudeDegrees>
       <LongitudeDegrees>100.4388390</LongitudeDegrees>
      </Position>
      <AltitudeMeters>5.3</AltitudeMeters>
      <DistanceMeters>312.3</DistanceMeters>
      <HeartRateBpm>
       <Value>135</Value>
      </HeartRateBpm>
      <Extensions>
       <TPX xmlns="http://www.garmin.com/xmlschemas/ActivityExtension/v2">
        <Speed>3.2</Speed>
       </TPX>
      </Extensions>
     </Trackpoint>
     <Trackpoint>
      <Time>2026-08-08T11:06:57Z</Time>
      <Position>
       <LatitudeDegrees>5.2343120</LatitudeDegrees>
       <LongitudeDegrees>100.4388140</LongitudeDegrees>
      </Position>
      <AltitudeMeters>5.3</AltitudeMeters>
      <DistanceMeters>315.2</DistanceMeters>
      <HeartRateBpm>
       <Value>136</Value>
      </HeartRateBpm>
      <Extensions>
       <TPX xmlns="http://www.garmin.com/xmlschemas/ActivityExtension/v2">
        <Speed>3.2</Speed>
       </TPX>
      </Extensions>
     </Trackpoint>
     <Trackpoint>
      <Time>2026-08-08T11:06:58Z</Time>
      <Position>
       <LatitudeDegrees>5.2343050</LatitudeDegrees>
       <LongitudeDegrees>100.4387930</LongitudeDegrees>
      </Position>
      <AltitudeMeters>5.3</AltitudeMeters>
      <DistanceMeters>317.7</DistanceMeters>
      <HeartRateBpm>
       <Value>136</Value>
      </HeartRateBpm>
      <Extensions>
       <TPX xmlns="http://www.garmin.com/xmlschemas/ActivityExtension/v2">
        <Speed>2.9</Speed>
       </TPX>
      </Extensions>
     </Trackpoint>
     <Trackpoint>
      <Time>2026-08-08T11:06:59Z</Time>
      <Position>
       <LatitudeDegrees>5.2342990</LatitudeDegrees>
       <LongitudeDegrees>100.4387710</LongitudeDegrees>
      </Position>
      <AltitudeMeters>5.3</AltitudeMeters>
      <DistanceMeters>320.2</DistanceMeters>
      <HeartRateBpm>
       <Value>136</Value>
      </HeartRateBpm>
      <Extensions>
       <TPX xmlns="http://www.garmin.com/xmlschemas/ActivityExtension/v2">
        <Speed>2.8</Speed>
       </TPX>
      </Extensions>
     </Trackpoint>
     <Trackpoint>
      <Time>2026-08-08T11:07:00Z</Time>
      <Position>
       <LatitudeDegrees>5.2342920</LatitudeDegrees>
       <LongitudeDegrees>100.4387490</LongitudeDegrees>
      </Position>
      <AltitudeMeters>5.3</AltitudeMeters>
      <DistanceMeters>322.7</DistanceMeters>
      <HeartRateBpm>
       <Value>137</Value>
      </HeartRateBpm>
      <Extensions>
       <TPX xmlns="http://www.garmin.com/xmlschemas/ActivityExtension/v2">
        <Speed>2.6</Speed>
       </TPX>
      </Extensions>
     </Trackpoint>
     <Trackpoint>
      <Time>2026-08-08T11:07:01Z</Time>
      <Position>
       <LatitudeDegrees>5.2342870</LatitudeDegrees>
       <LongitudeDegrees>100.4387250</LongitudeDegrees>
      </Position>
      <AltitudeMeters>5.3</AltitudeMeters>
      <DistanceMeters>325.4</DistanceMeters>
      <HeartRateBpm>
       <Value>137</Value>
      </HeartRateBpm>
      <Extensions>
       <TPX xmlns="http://www.garmin.com/xmlschemas/ActivityExtension/v2">
        <Speed>2.6</Speed>
       </TPX>
      </Extensions>
     </Trackpoint>
     <Trackpoint>
      <Time>2026-08-08T11:07:02Z</Time>
      <Position>
       <LatitudeDegrees>5.2342800</LatitudeDegrees>
       <LongitudeDegrees>100.4387020</LongitudeDegrees>
      </Position>
      <AltitudeMeters>5.2</AltitudeMeters>
      <DistanceMeters>328.1</DistanceMeters>
      <HeartRateBpm>
       <Value>138</Value>
      </HeartRateBpm>
      <Extensions>
       <TPX xmlns="http://www.garmin.com/xmlschemas/ActivityExtension/v2">
        <Speed>2.6</Speed>
       </TPX>
      </Extensions>
     </Trackpoint>
     <Trackpoint>
      <Time>2026-08-08T11:07:03Z</Time>
      <Position>
       <LatitudeDegrees>5.2342720</LatitudeDegrees>
       <LongitudeDegrees>100.4386790</LongitudeDegrees>
      </Position>
      <AltitudeMeters>5.2</AltitudeMeters>
      <DistanceMeters>330.8</DistanceMeters>
      <HeartRateBpm>
       <Value>138</Value>
      </HeartRateBpm>
      <Extensions>
       <TPX xmlns="http://www.garmin.com/xmlschemas/ActivityExtension/v2">
        <Speed>2.6</Speed>
       </TPX>
      </Extensions>
     </Trackpoint>
     <Trackpoint>
      <Time>2026-08-08T11:07:04Z</Time>
      <Position>
       <LatitudeDegrees>5.2342670</LatitudeDegrees>
       <LongitudeDegrees>100.4386570</LongitudeDegrees>
      </Position>
      <AltitudeMeters>5.2</AltitudeMeters>
      <DistanceMeters>333.3</DistanceMeters>
      <HeartRateBpm>
       <Value>138</Value>
      </HeartRateBpm>
      <Extensions>
       <TPX xmlns="http://www.garmin.com/xmlschemas/ActivityExtension/v2">
        <Speed>2.6</Speed>
       </TPX>
      </Extensions>
     </Trackpoint>
     <Trackpoint>
      <Time>2026-08-08T11:07:05Z</Time>
      <Position>
       <LatitudeDegrees>5.2342630</LatitudeDegrees>
       <LongitudeDegrees>100.4386330</LongitudeDegrees>
      </Position>
      <AltitudeMeters>5.2</AltitudeMeters>
      <DistanceMeters>336.0</DistanceMeters>
      <HeartRateBpm>
       <Value>138</Value>
      </HeartRateBpm>
      <Extensions>
       <TPX xmlns="http://www.garmin.com/xmlschemas/ActivityExtension/v2">
        <Speed>2.7</Speed>
       </TPX>
      </Extensions>
     </Trackpoint>
     <Trackpoint>
      <Time>2026-08-08T11:07:06Z</Time>
      <Position>
       <LatitudeDegrees>5.2342580</LatitudeDegrees>
       <LongitudeDegrees>100.4386090</LongitudeDegrees>
      </Position>
      <AltitudeMeters>5.2</AltitudeMeters>
      <DistanceMeters>338.8</DistanceMeters>
      <HeartRateBpm>
       <Value>137</Value>
      </HeartRateBpm>
      <Extensions>
       <TPX xmlns="http://www.garmin.com/xmlschemas/ActivityExtension/v2">
        <Speed>2.7</Speed>
       </TPX>
      </Extensions>
     </Trackpoint>
     <Trackpoint>
      <Time>2026-08-08T11:07:07Z</Time>
      <Position>
       <LatitudeDegrees>5.2342540</LatitudeDegrees>
       <LongitudeDegrees>100.4385850</LongitudeDegrees>
      </Position>
      <AltitudeMeters>5.2</AltitudeMeters>
      <DistanceMeters>341.5</DistanceMeters>
      <HeartRateBpm>
       <Value>136</Value>
      </HeartRateBpm>
      <Extensions>
       <TPX xmlns="http://www.garmin.com/xmlschemas/ActivityExtension/v2">
        <Speed>2.7</Speed>
       </TPX>
      </Extensions>
     </Trackpoint>
     <Trackpoint>
      <Time>2026-08-08T11:07:08Z</Time>
      <Position>
       <LatitudeDegrees>5.2342490</LatitudeDegrees>
       <LongitudeDegrees>100.4385600</LongitudeDegrees>
      </Position>
      <AltitudeMeters>5.2</AltitudeMeters>
      <DistanceMeters>344.3</DistanceMeters>
      <HeartRateBpm>
       <Value>135</Value>
      </HeartRateBpm>
      <Extensions>
       <TPX xmlns="http://www.garmin.com/xmlschemas/ActivityExtension/v2">
        <Speed>2.7</Speed>
       </TPX>
      </Extensions>
     </Trackpoint>
     <Trackpoint>
      <Time>2026-08-08T11:07:09Z</Time>
      <Position>
       <LatitudeDegrees>5.2342450</LatitudeDegrees>
       <LongitudeDegrees>100.4385340</LongitudeDegrees>
      </Position>
      <AltitudeMeters>5.2</AltitudeMeters>
      <DistanceMeters>347.1</DistanceMeters>
      <HeartRateBpm>
       <Value>135</Value>
      </HeartRateBpm>
      <Extensions>
       <TPX xmlns="http://www.garmin.com/xmlschemas/ActivityExtension/v2">
        <Speed>2.8</Speed>
       </TPX>
      </Extensions>
     </Trackpoint>
     <Trackpoint>
      <Time>2026-08-08T11:07:10Z</Time>
      <Position>
       <LatitudeDegrees>5.2342420</LatitudeDegrees>
       <LongitudeDegrees>100.4385100</LongitudeDegrees>
      </Position>
      <AltitudeMeters>5.2</AltitudeMeters>
      <DistanceMeters>349.8</DistanceMeters>
      <HeartRateBpm>
       <Value>136</Value>
      </HeartRateBpm>
      <Extensions>
       <TPX xmlns="http://www.garmin.com/xmlschemas/ActivityExtension/v2">
        <Speed>2.8</Speed>
       </TPX>
      </Extensions>
     </Trackpoint>
     <Trackpoint>
      <Time>2026-08-08T11:07:11Z</Time>
      <Position>
       <LatitudeDegrees>5.2342360</LatitudeDegrees>
       <LongitudeDegrees>100.4384850</LongitudeDegrees>
      </Position>
      <AltitudeMeters>5.2</AltitudeMeters>
      <DistanceMeters>352.6</DistanceMeters>
      <HeartRateBpm>
       <Value>136</Value>
      </HeartRateBpm>
      <Extensions>
       <TPX xmlns="http://www.garmin.com/xmlschemas/ActivityExtension/v2">
        <Speed>2.8</Speed>
       </TPX>
      </Extensions>
     </Trackpoint>
     <Trackpoint>
      <Time>2026-08-08T11:07:12Z</Time>
      <Position>
       <LatitudeDegrees>5.2342340</LatitudeDegrees>
       <LongitudeDegrees>100.4384620</LongitudeDegrees>
      </Position>
      <AltitudeMeters>5.2</AltitudeMeters>
      <DistanceMeters>355.2</DistanceMeters>
      <HeartRateBpm>
       <Value>135</Value>
      </HeartRateBpm>
      <Extensions>
       <TPX xmlns="http://www.garmin.com/xmlschemas/ActivityExtension/v2">
        <Speed>2.7</Speed>
       </TPX>
      </Extensions>
     </Trackpoint>
     <Trackpoint>
      <Time>2026-08-08T11:07:13Z</Time>
      <Position>
       <LatitudeDegrees>5.2342320</LatitudeDegrees>
       <LongitudeDegrees>100.4384410</LongitudeDegrees>
      </Position>
      <AltitudeMeters>5.3</AltitudeMeters>
      <DistanceMeters>357.5</DistanceMeters>
      <HeartRateBpm>
       <Value>136</Value>
      </HeartRateBpm>
      <Extensions>
       <TPX xmlns="http://www.garmin.com/xmlschemas/ActivityExtension/v2">
        <Speed>2.6</Speed>
       </TPX>
      </Extensions>
     </Trackpoint>
     <Trackpoint>
      <Time>2026-08-08T11:07:14Z</Time>
      <Position>
       <LatitudeDegrees>5.2342180</LatitudeDegrees>
       <LongitudeDegrees>100.4384200</LongitudeDegrees>
      </Position>
      <AltitudeMeters>5.3</AltitudeMeters>
      <DistanceMeters>360.3</DistanceMeters>
      <HeartRateBpm>
       <Value>137</Value>
      </HeartRateBpm>
      <Extensions>
       <TPX xmlns="http://www.garmin.com/xmlschemas/ActivityExtension/v2">
        <Speed>2.6</Speed>
       </TPX>
      </Extensions>
     </Trackpoint>
     <Trackpoint>
      <Time>2026-08-08T11:07:15Z</Time>
      <Position>
       <LatitudeDegrees>5.2342090</LatitudeDegrees>
       <LongitudeDegrees>100.4384000</LongitudeDegrees>
      </Position>
      <AltitudeMeters>5.3</AltitudeMeters>
      <DistanceMeters>362.7</DistanceMeters>
      <HeartRateBpm>
       <Value>138</Value>
      </HeartRateBpm>
      <Extensions>
       <TPX xmlns="http://www.garmin.com/xmlschemas/ActivityExtension/v2">
        <Speed>2.6</Speed>
       </TPX>
      </Extensions>
     </Trackpoint>
     <Trackpoint>
      <Time>2026-08-08T11:07:16Z</Time>
      <Position>
       <LatitudeDegrees>5.2342070</LatitudeDegrees>
       <LongitudeDegrees>100.4383960</LongitudeDegrees>
      </Position>
      <AltitudeMeters>5.3</AltitudeMeters>
      <DistanceMeters>362.7</DistanceMeters>
      <HeartRateBpm>
       <Value>139</Value>
      </HeartRateBpm>
      <Extensions>
       <TPX xmlns="http://www.garmin.com/xmlschemas/ActivityExtension/v2">
        <Speed>2.0</Speed>
       </TPX>
      </Extensions>
     </Trackpoint>
     <Trackpoint>
      <Time>2026-08-08T11:07:17Z</Time>
      <Position>
       <LatitudeDegrees>5.2342070</LatitudeDegrees>
       <LongitudeDegrees>100.4383690</LongitudeDegrees>
      </Position>
      <AltitudeMeters>5.3</AltitudeMeters>
      <DistanceMeters>366.2</DistanceMeters>
      <HeartRateBpm>
       <Value>139</Value>
      </HeartRateBpm>
      <Extensions>
       <TPX xmlns="http://www.garmin.com/xmlschemas/ActivityExtension/v2">
        <Speed>2.2</Speed>
       </TPX>
      </Extensions>
     </Trackpoint>
     <Trackpoint>
      <Time>2026-08-08T11:07:18Z</Time>
      <Position>
       <LatitudeDegrees>5.2341980</LatitudeDegrees>
       <LongitudeDegrees>100.4383320</LongitudeDegrees>
      </Position>
      <AltitudeMeters>5.3</AltitudeMeters>
      <DistanceMeters>370.4</DistanceMeters>
      <HeartRateBpm>
       <Value>140</Value>
      </HeartRateBpm>
      <Extensions>
       <TPX xmlns="http://www.garmin.com/xmlschemas/ActivityExtension/v2">
        <Speed>2.6</Speed>
       </TPX>
      </Extensions>
     </Trackpoint>
     <Trackpoint>
      <Time>2026-08-08T11:07:19Z</Time>
      <Position>
       <LatitudeDegrees>5.2341920</LatitudeDegrees>
       <LongitudeDegrees>100.4383070</LongitudeDegrees>
      </Position>
      <AltitudeMeters>5.3</AltitudeMeters>
      <DistanceMeters>373.3</DistanceMeters>
      <HeartRateBpm>
       <Value>140</Value>
      </HeartRateBpm>
      <Extensions>
       <TPX xmlns="http://www.garmin.com/xmlschemas/ActivityExtension/v2">
        <Speed>2.6</Speed>
       </TPX>
      </Extensions>
     </Trackpoint>
     <Trackpoint>
      <Time>2026-08-08T11:07:20Z</Time>
      <Position>
       <LatitudeDegrees>5.2341900</LatitudeDegrees>
       <LongitudeDegrees>100.4382840</LongitudeDegrees>
      </Position>
      <AltitudeMeters>5.3</AltitudeMeters>
      <DistanceMeters>375.9</DistanceMeters>
      <HeartRateBpm>
       <Value>140</Value>
      </HeartRateBpm>
      <Extensions>
       <TPX xmlns="http://www.garmin.com/xmlschemas/ActivityExtension/v2">
        <Speed>2.6</Speed>
       </TPX>
      </Extensions>
     </Trackpoint>
     <Trackpoint>
      <Time>2026-08-08T11:07:21Z</Time>
      <Position>
       <LatitudeDegrees>5.2341860</LatitudeDegrees>
       <LongitudeDegrees>100.4382630</LongitudeDegrees>
      </Position>
      <AltitudeMeters>5.3</AltitudeMeters>
      <DistanceMeters>378.2</DistanceMeters>
      <HeartRateBpm>
       <Value>140</Value>
      </HeartRateBpm>
      <Extensions>
       <TPX xmlns="http://www.garmin.com/xmlschemas/ActivityExtension/v2">
        <Speed>3.1</Speed>
       </TPX>
      </Extensions>
     </Trackpoint>
     <Trackpoint>
      <Time>2026-08-08T11:07:22Z</Time>
      <Position>
       <LatitudeDegrees>5.2341740</LatitudeDegrees>
       <LongitudeDegrees>100.4382410</LongitudeDegrees>
      </Position>
      <AltitudeMeters>5.3</AltitudeMeters>
      <DistanceMeters>380.9</DistanceMeters>
      <HeartRateBpm>
       <Value>140</Value>
      </HeartRateBpm>
      <Extensions>
       <TPX xmlns="http://www.garmin.com/xmlschemas/ActivityExtension/v2">
        <Speed>2.9</Speed>
       </TPX>
      </Extensions>
     </Trackpoint>
     <Trackpoint>
      <Time>2026-08-08T11:07:23Z</Time>
      <Position>
       <LatitudeDegrees>5.2341660</LatitudeDegrees>
       <LongitudeDegrees>100.4382190</LongitudeDegrees>
      </Position>
      <AltitudeMeters>5.3</AltitudeMeters>
      <DistanceMeters>383.5</DistanceMeters>
      <HeartRateBpm>
       <Value>141</Value>
      </HeartRateBpm>
      <Extensions>
       <TPX xmlns="http://www.garmin.com/xmlschemas/ActivityExtension/v2">
        <Speed>2.6</Speed>
       </TPX>
      </Extensions>
     </Trackpoint>
     <Trackpoint>
      <Time>2026-08-08T11:07:24Z</Time>
      <Position>
       <LatitudeDegrees>5.2341570</LatitudeDegrees>
       <LongitudeDegrees>100.4381970</LongitudeDegrees>
      </Position>
      <AltitudeMeters>5.3</AltitudeMeters>
      <DistanceMeters>386.1</DistanceMeters>
      <HeartRateBpm>
       <Value>142</Value>
      </HeartRateBpm>
      <Extensions>
       <TPX xmlns="http://www.garmin.com/xmlschemas/ActivityExtension/v2">
        <Speed>2.6</Speed>
       </TPX>
      </Extensions>
     </Trackpoint>
     <Trackpoint>
      <Time>2026-08-08T11:07:25Z</Time>
      <Position>
       <LatitudeDegrees>5.2341520</LatitudeDegrees>
       <LongitudeDegrees>100.4381740</LongitudeDegrees>
      </Position>
      <AltitudeMeters>5.3</AltitudeMeters>
      <DistanceMeters>388.7</DistanceMeters>
      <HeartRateBpm>
       <Value>143</Value>
      </HeartRateBpm>
      <Extensions>
       <TPX xmlns="http://www.garmin.com/xmlschemas/ActivityExtension/v2">
        <Speed>2.6</Speed>
       </TPX>
      </Extensions>
     </Trackpoint>
     <Trackpoint>
      <Time>2026-08-08T11:07:26Z</Time>
      <Position>
       <LatitudeDegrees>5.2341450</LatitudeDegrees>
       <LongitudeDegrees>100.4381520</LongitudeDegrees>
      </Position>
      <AltitudeMeters>5.3</AltitudeMeters>
      <DistanceMeters>391.3</DistanceMeters>
      <HeartRateBpm>
       <Value>142</Value>
      </HeartRateBpm>
      <Extensions>
       <TPX xmlns="http://www.garmin.com/xmlschemas/ActivityExtension/v2">
        <Speed>2.6</Speed>
       </TPX>
      </Extensions>
     </Trackpoint>
     <Trackpoint>
      <Time>2026-08-08T11:07:27Z</Time>
      <Position>
       <LatitudeDegrees>5.2341360</LatitudeDegrees>
       <LongitudeDegrees>100.4381340</LongitudeDegrees>
      </Position>
      <AltitudeMeters>5.3</AltitudeMeters>
      <DistanceMeters>393.5</DistanceMeters>
      <HeartRateBpm>
       <Value>143</Value>
      </HeartRateBpm>
      <Extensions>
       <TPX xmlns="http://www.garmin.com/xmlschemas/ActivityExtension/v2">
        <Speed>2.5</Speed>
       </TPX>
      </Extensions>
     </Trackpoint>
     <Trackpoint>
      <Time>2026-08-08T11:07:28Z</Time>
      <Position>
       <LatitudeDegrees>5.2341300</LatitudeDegrees>
       <LongitudeDegrees>100.4381090</LongitudeDegrees>
      </Position>
      <AltitudeMeters>5.3</AltitudeMeters>
      <DistanceMeters>396.4</DistanceMeters>
      <HeartRateBpm>
       <Value>142</Value>
      </HeartRateBpm>
      <Extensions>
       <TPX xmlns="http://www.garmin.com/xmlschemas/ActivityExtension/v2">
        <Speed>2.6</Speed>
       </TPX>
      </Extensions>
     </Trackpoint>
     <Trackpoint>
      <Time>2026-08-08T11:07:29Z</Time>
      <Position>
       <LatitudeDegrees>5.2341240</LatitudeDegrees>
       <LongitudeDegrees>100.4380860</LongitudeDegrees>
      </Position>
      <AltitudeMeters>5.3</AltitudeMeters>
      <DistanceMeters>399.0</DistanceMeters>
      <HeartRateBpm>
       <Value>142</Value>
      </HeartRateBpm>
      <Extensions>
       <TPX xmlns="http://www.garmin.com/xmlschemas/ActivityExtension/v2">
        <Speed>2.6</Speed>
       </TPX>
      </Extensions>
     </Trackpoint>
     <Trackpoint>
      <Time>2026-08-08T11:07:30Z</Time>
      <Position>
       <LatitudeDegrees>5.2341160</LatitudeDegrees>
       <LongitudeDegrees>100.4380640</LongitudeDegrees>
      </Position>
      <AltitudeMeters>5.3</AltitudeMeters>
      <DistanceMeters>401.6</DistanceMeters>
      <HeartRateBpm>
       <Value>142</Value>
      </HeartRateBpm>
      <Extensions>
       <TPX xmlns="http://www.garmin.com/xmlschemas/ActivityExtension/v2">
        <Speed>2.6</Speed>
       </TPX>
      </Extensions>
     </Trackpoint>
     <Trackpoint>
      <Time>2026-08-08T11:07:31Z</Time>
      <Position>
       <LatitudeDegrees>5.2341070</LatitudeDegrees>
       <LongitudeDegrees>100.4380420</LongitudeDegrees>
      </Position>
      <AltitudeMeters>5.3</AltitudeMeters>
      <DistanceMeters>404.2</DistanceMeters>
      <HeartRateBpm>
       <Value>142</Value>
      </HeartRateBpm>
      <Extensions>
       <TPX xmlns="http://www.garmin.com/xmlschemas/ActivityExtension/v2">
        <Speed>2.6</Speed>
       </TPX>
      </Extensions>
     </Trackpoint>
     <Trackpoint>
      <Time>2026-08-08T11:07:32Z</Time>
      <Position>
       <LatitudeDegrees>5.2340970</LatitudeDegrees>
       <LongitudeDegrees>100.4380220</LongitudeDegrees>
      </Position>
      <AltitudeMeters>5.3</AltitudeMeters>
      <DistanceMeters>406.7</DistanceMeters>
      <HeartRateBpm>
       <Value>143</Value>
      </HeartRateBpm>
      <Extensions>
       <TPX xmlns="http://www.garmin.com/xmlschemas/ActivityExtension/v2">
        <Speed>2.6</Speed>
       </TPX>
      </Extensions>
     </Trackpoint>
     <Trackpoint>
      <Time>2026-08-08T11:07:33Z</Time>
      <Position>
       <LatitudeDegrees>5.2340900</LatitudeDegrees>
       <LongitudeDegrees>100.4379970</LongitudeDegrees>
      </Position>
      <AltitudeMeters>5.3</AltitudeMeters>
      <DistanceMeters>409.6</DistanceMeters>
      <HeartRateBpm>
       <Value>142</Value>
      </HeartRateBpm>
      <Extensions>
       <TPX xmlns="http://www.garmin.com/xmlschemas/ActivityExtension/v2">
        <Speed>2.6</Speed>
       </TPX>
      </Extensions>
     </Trackpoint>
     <Trackpoint>
      <Time>2026-08-08T11:07:34Z</Time>
      <Position>
       <LatitudeDegrees>5.2340910</LatitudeDegrees>
       <LongitudeDegrees>100.4379720</LongitudeDegrees>
      </Position>
      <AltitudeMeters>5.3</AltitudeMeters>
      <DistanceMeters>412.3</DistanceMeters>
      <HeartRateBpm>
       <Value>141</Value>
      </HeartRateBpm>
      <Extensions>
       <TPX xmlns="http://www.garmin.com/xmlschemas/ActivityExtension/v2">
        <Speed>2.7</Speed>
       </TPX>
      </Extensions>
     </Trackpoint>
     <Trackpoint>
      <Time>2026-08-08T11:07:35Z</Time>
      <Position>
       <LatitudeDegrees>5.2340860</LatitudeDegrees>
       <LongitudeDegrees>100.4379470</LongitudeDegrees>
      </Position>
      <AltitudeMeters>5.3</AltitudeMeters>
      <DistanceMeters>415.1</DistanceMeters>
      <HeartRateBpm>
       <Value>141</Value>
      </HeartRateBpm>
      <Extensions>
       <TPX xmlns="http://www.garmin.com/xmlschemas/ActivityExtension/v2">
        <Speed>2.7</Speed>
       </TPX>
      </Extensions>
     </Trackpoint>
     <Trackpoint>
      <Time>2026-08-08T11:07:36Z</Time>
      <Position>
       <LatitudeDegrees>5.2340780</LatitudeDegrees>
       <LongitudeDegrees>100.4379250</LongitudeDegrees>
      </Position>
      <AltitudeMeters>5.3</AltitudeMeters>
      <DistanceMeters>417.7</DistanceMeters>
      <HeartRateBpm>
       <Value>141</Value>
      </HeartRateBpm>
      <Extensions>
       <TPX xmlns="http://www.garmin.com/xmlschemas/ActivityExtension/v2">
        <Speed>2.7</Speed>
       </TPX>
      </Extensions>
     </Trackpoint>
     <Trackpoint>
      <Time>2026-08-08T11:07:37Z</Time>
      <Position>
       <LatitudeDegrees>5.2340700</LatitudeDegrees>
       <LongitudeDegrees>100.4379030</LongitudeDegrees>
      </Position>
      <AltitudeMeters>5.3</AltitudeMeters>
      <DistanceMeters>420.3</DistanceMeters>
      <HeartRateBpm>
       <Value>141</Value>
      </HeartRateBpm>
      <Extensions>
       <TPX xmlns="http://www.garmin.com/xmlschemas/ActivityExtension/v2">
        <Speed>2.7</Speed>
       </TPX>
      </Extensions>
     </Trackpoint>
     <Trackpoint>
      <Time>2026-08-08T11:07:38Z</Time>
      <Position>
       <LatitudeDegrees>5.2340610</LatitudeDegrees>
       <LongitudeDegrees>100.4378870</LongitudeDegrees>
      </Position>
      <AltitudeMeters>5.3</AltitudeMeters>
      <DistanceMeters>422.3</DistanceMeters>
      <HeartRateBpm>
       <Value>141</Value>
      </HeartRateBpm>
      <Extensions>
       <TPX xmlns="http://www.garmin.com/xmlschemas/ActivityExtension/v2">
        <Speed>2.6</Speed>
       </TPX>
      </Extensions>
     </Trackpoint>
     <Trackpoint>
      <Time>2026-08-08T11:07:39Z</Time>
      <Position>
       <LatitudeDegrees>5.2340610</LatitudeDegrees>
       <LongitudeDegrees>100.4378670</LongitudeDegrees>
      </Position>
      <AltitudeMeters>5.3</AltitudeMeters>
      <DistanceMeters>424.5</DistanceMeters>
      <HeartRateBpm>
       <Value>142</Value>
      </HeartRateBpm>
      <Extensions>
       <TPX xmlns="http://www.garmin.com/xmlschemas/ActivityExtension/v2">
        <Speed>2.4</Speed>
       </TPX>
      </Extensions>
     </Trackpoint>
     <Trackpoint>
      <Time>2026-08-08T11:07:40Z</Time>
      <Position>
       <LatitudeDegrees>5.2340600</LatitudeDegrees>
       <LongitudeDegrees>100.4378440</LongitudeDegrees>
      </Position>
      <AltitudeMeters>5.3</AltitudeMeters>
      <DistanceMeters>427.1</DistanceMeters>
      <HeartRateBpm>
       <Value>143</Value>
      </HeartRateBpm>
      <Extensions>
       <TPX xmlns="http://www.garmin.com/xmlschemas/ActivityExtension/v2">
        <Speed>2.4</Speed>
       </TPX>
      </Extensions>
     </Trackpoint>
     <Trackpoint>
      <Time>2026-08-08T11:07:41Z</Time>
      <Position>
       <LatitudeDegrees>5.2340570</LatitudeDegrees>
       <LongitudeDegrees>100.4378230</LongitudeDegrees>
      </Position>
      <AltitudeMeters>5.3</AltitudeMeters>
      <DistanceMeters>429.5</DistanceMeters>
      <HeartRateBpm>
       <Value>143</Value>
      </HeartRateBpm>
      <Extensions>
       <TPX xmlns="http://www.garmin.com/xmlschemas/ActivityExtension/v2">
        <Speed>2.4</Speed>
       </TPX>
      </Extensions>
     </Trackpoint>
     <Trackpoint>
      <Time>2026-08-08T11:07:42Z</Time>
      <Position>
       <LatitudeDegrees>5.2340510</LatitudeDegrees>
       <LongitudeDegrees>100.4377980</LongitudeDegrees>
      </Position>
      <AltitudeMeters>5.3</AltitudeMeters>
      <DistanceMeters>432.3</DistanceMeters>
      <HeartRateBpm>
       <Value>143</Value>
      </HeartRateBpm>
      <Extensions>
       <TPX xmlns="http://www.garmin.com/xmlschemas/ActivityExtension/v2">
        <Speed>2.4</Speed>
       </TPX>
      </Extensions>
     </Trackpoint>
     <Trackpoint>
      <Time>2026-08-08T11:07:43Z</Time>
      <Position>
       <LatitudeDegrees>5.2340430</LatitudeDegrees>
       <LongitudeDegrees>100.4377760</LongitudeDegrees>
      </Position>
      <AltitudeMeters>5.3</AltitudeMeters>
      <DistanceMeters>434.9</DistanceMeters>
      <HeartRateBpm>
       <Value>144</Value>
      </HeartRateBpm>
      <Extensions>
       <TPX xmlns="http://www.garmin.com/xmlschemas/ActivityExtension/v2">
        <Speed>2.5</Speed>
       </TPX>
      </Extensions>
     </Trackpoint>
     <Trackpoint>
      <Time>2026-08-08T11:07:44Z</Time>
      <Position>
       <LatitudeDegrees>5.2340360</LatitudeDegrees>
       <LongitudeDegrees>100.4377540</LongitudeDegrees>
      </Position>
      <AltitudeMeters>5.3</AltitudeMeters>
      <DistanceMeters>437.4</DistanceMeters>
      <HeartRateBpm>
       <Value>144</Value>
      </HeartRateBpm>
      <Extensions>
       <TPX xmlns="http://www.garmin.com/xmlschemas/ActivityExtension/v2">
        <Speed>2.6</Speed>
       </TPX>
      </Extensions>
     </Trackpoint>
     <Trackpoint>
      <Time>2026-08-08T11:07:45Z</Time>
      <Position>
       <LatitudeDegrees>5.2340290</LatitudeDegrees>
       <LongitudeDegrees>100.4377310</LongitudeDegrees>
      </Position>
      <AltitudeMeters>5.3</AltitudeMeters>
      <DistanceMeters>440.1</DistanceMeters>
      <HeartRateBpm>
       <Value>145</Value>
      </HeartRateBpm>
      <Extensions>
       <TPX xmlns="http://www.garmin.com/xmlschemas/ActivityExtension/v2">
        <Speed>2.6</Speed>
       </TPX>
      </Extensions>
     </Trackpoint>
     <Trackpoint>
      <Time>2026-08-08T11:07:46Z</Time>
      <Position>
       <LatitudeDegrees>5.2340220</LatitudeDegrees>
       <LongitudeDegrees>100.4377090</LongitudeDegrees>
      </Position>
      <AltitudeMeters>5.4</AltitudeMeters>
      <DistanceMeters>442.6</DistanceMeters>
      <HeartRateBpm>
       <Value>144</Value>
      </HeartRateBpm>
      <Extensions>
       <TPX xmlns="http://www.garmin.com/xmlschemas/ActivityExtension/v2">
        <Speed>2.6</Speed>
       </TPX>
      </Extensions>
     </Trackpoint>
     <Trackpoint>
      <Time>2026-08-08T11:07:47Z</Time>
      <Position>
       <LatitudeDegrees>5.2340180</LatitudeDegrees>
       <LongitudeDegrees>100.4376850</LongitudeDegrees>
      </Position>
      <AltitudeMeters>5.4</AltitudeMeters>
      <DistanceMeters>445.3</DistanceMeters>
      <HeartRateBpm>
       <Value>144</Value>
      </HeartRateBpm>
      <Extensions>
       <TPX xmlns="http://www.garmin.com/xmlschemas/ActivityExtension/v2">
        <Speed>2.6</Speed>
       </TPX>
      </Extensions>
     </Trackpoint>
     <Trackpoint>
      <Time>2026-08-08T11:07:48Z</Time>
      <Position>
       <LatitudeDegrees>5.2340150</LatitudeDegrees>
       <LongitudeDegrees>100.4376580</LongitudeDegrees>
      </Position>
      <AltitudeMeters>5.4</AltitudeMeters>
      <DistanceMeters>448.3</DistanceMeters>
      <HeartRateBpm>
       <Value>143</Value>
      </HeartRateBpm>
      <Extensions>
       <TPX xmlns="http://www.garmin.com/xmlschemas/ActivityExtension/v2">
        <Speed>2.7</Speed>
       </TPX>
      </Extensions>
     </Trackpoint>
     <Trackpoint>
      <Time>2026-08-08T11:07:49Z</Time>
      <Position>
       <LatitudeDegrees>5.2340120</LatitudeDegrees>
       <LongitudeDegrees>100.4376350</LongitudeDegrees>
      </Position>
      <AltitudeMeters>5.4</AltitudeMeters>
      <DistanceMeters>450.8</DistanceMeters>
      <HeartRateBpm>
       <Value>143</Value>
      </HeartRateBpm>
      <Extensions>
       <TPX xmlns="http://www.garmin.com/xmlschemas/ActivityExtension/v2">
        <Speed>2.7</Speed>
       </TPX>
      </Extensions>
     </Trackpoint>
     <Trackpoint>
      <Time>2026-08-08T11:07:50Z</Time>
      <Position>
       <LatitudeDegrees>5.2340100</LatitudeDegrees>
       <LongitudeDegrees>100.4376060</LongitudeDegrees>
      </Position>
      <AltitudeMeters>5.4</AltitudeMeters>
      <DistanceMeters>454.0</DistanceMeters>
      <HeartRateBpm>
       <Value>144</Value>
      </HeartRateBpm>
      <Extensions>
       <TPX xmlns="http://www.garmin.com/xmlschemas/ActivityExtension/v2">
        <Speed>2.8</Speed>
       </TPX>
      </Extensions>
     </Trackpoint>
     <Trackpoint>
      <Time>2026-08-08T11:07:51Z</Time>
      <Position>
       <LatitudeDegrees>5.2340050</LatitudeDegrees>
       <LongitudeDegrees>100.4375780</LongitudeDegrees>
      </Position>
      <AltitudeMeters>5.4</AltitudeMeters>
      <DistanceMeters>457.2</DistanceMeters>
      <HeartRateBpm>
       <Value>144</Value>
      </HeartRateBpm>
      <Extensions>
       <TPX xmlns="http://www.garmin.com/xmlschemas/ActivityExtension/v2">
        <Speed>2.9</Speed>
       </TPX>
      </Extensions>
     </Trackpoint>
     <Trackpoint>
      <Time>2026-08-08T11:07:52Z</Time>
      <Position>
       <LatitudeDegrees>5.2339990</LatitudeDegrees>
       <LongitudeDegrees>100.4375530</LongitudeDegrees>
      </Position>
      <AltitudeMeters>5.4</AltitudeMeters>
      <DistanceMeters>460.1</DistanceMeters>
      <HeartRateBpm>
       <Value>143</Value>
      </HeartRateBpm>
      <Extensions>
       <TPX xmlns="http://www.garmin.com/xmlschemas/ActivityExtension/v2">
        <Speed>3.0</Speed>
       </TPX>
      </Extensions>
     </Trackpoint>
     <Trackpoint>
      <Time>2026-08-08T11:07:53Z</Time>
      <Position>
       <LatitudeDegrees>5.2339930</LatitudeDegrees>
       <LongitudeDegrees>100.4375300</LongitudeDegrees>
      </Position>
      <AltitudeMeters>5.4</AltitudeMeters>
      <DistanceMeters>462.7</DistanceMeters>
      <HeartRateBpm>
       <Value>144</Value>
      </HeartRateBpm>
      <Extensions>
       <TPX xmlns="http://www.garmin.com/xmlschemas/ActivityExtension/v2">
        <Speed>2.9</Speed>
       </TPX>
      </Extensions>
     </Trackpoint>
     <Trackpoint>
      <Time>2026-08-08T11:07:54Z</Time>
      <Position>
       <LatitudeDegrees>5.2339890</LatitudeDegrees>
       <LongitudeDegrees>100.4375090</LongitudeDegrees>
      </Position>
      <AltitudeMeters>5.4</AltitudeMeters>
      <DistanceMeters>465.1</DistanceMeters>
      <HeartRateBpm>
       <Value>144</Value>
      </HeartRateBpm>
      <Extensions>
       <TPX xmlns="http://www.garmin.com/xmlschemas/ActivityExtension/v2">
        <Speed>2.8</Speed>
       </TPX>
      </Extensions>
     </Trackpoint>
     <Trackpoint>
      <Time>2026-08-08T11:07:55Z</Time>
      <Position>
       <LatitudeDegrees>5.2339800</LatitudeDegrees>
       <LongitudeDegrees>100.4374860</LongitudeDegrees>
      </Position>
      <AltitudeMeters>5.4</AltitudeMeters>
      <DistanceMeters>467.8</DistanceMeters>
      <HeartRateBpm>
       <Value>144</Value>
      </HeartRateBpm>
      <Extensions>
       <TPX xmlns="http://www.garmin.com/xmlschemas/ActivityExtension/v2">
        <Speed>2.8</Speed>
       </TPX>
      </Extensions>
     </Trackpoint>
     <Trackpoint>
      <Time>2026-08-08T11:07:56Z</Time>
      <Position>
       <LatitudeDegrees>5.2339720</LatitudeDegrees>
       <LongitudeDegrees>100.4374630</LongitudeDegrees>
      </Position>
      <AltitudeMeters>5.4</AltitudeMeters>
      <DistanceMeters>470.5</DistanceMeters>
      <HeartRateBpm>
       <Value>144</Value>
      </HeartRateBpm>
      <Extensions>
       <TPX xmlns="http://www.garmin.com/xmlschemas/ActivityExtension/v2">
        <Speed>2.7</Speed>
       </TPX>
      </Extensions>
     </Trackpoint>
     <Trackpoint>
      <Time>2026-08-08T11:07:57Z</Time>
      <Position>
       <LatitudeDegrees>5.2339700</LatitudeDegrees>
       <LongitudeDegrees>100.4374380</LongitudeDegrees>
      </Position>
      <AltitudeMeters>5.4</AltitudeMeters>
      <DistanceMeters>473.3</DistanceMeters>
      <HeartRateBpm>
       <Value>143</Value>
      </HeartRateBpm>
      <Extensions>
       <TPX xmlns="http://www.garmin.com/xmlschemas/ActivityExtension/v2">
        <Speed>2.6</Speed>
       </TPX>
      </Extensions>
     </Trackpoint>
     <Trackpoint>
      <Time>2026-08-08T11:07:58Z</Time>
      <Position>
       <LatitudeDegrees>5.2339700</LatitudeDegrees>
       <LongitudeDegrees>100.4374120</LongitudeDegrees>
      </Position>
      <AltitudeMeters>5.4</AltitudeMeters>
      <DistanceMeters>476.1</DistanceMeters>
      <HeartRateBpm>
       <Value>142</Value>
      </HeartRateBpm>
      <Extensions>
       <TPX xmlns="http://www.garmin.com/xmlschemas/ActivityExtension/v2">
        <Speed>2.7</Speed>
       </TPX>
      </Extensions>
     </Trackpoint>
     <Trackpoint>
      <Time>2026-08-08T11:07:59Z</Time>
      <Position>
       <LatitudeDegrees>5.2339670</LatitudeDegrees>
       <LongitudeDegrees>100.4373870</LongitudeDegrees>
      </Position>
      <AltitudeMeters>5.4</AltitudeMeters>
      <DistanceMeters>478.9</DistanceMeters>
      <HeartRateBpm>
       <Value>142</Value>
      </HeartRateBpm>
      <Extensions>
       <TPX xmlns="http://www.garmin.com/xmlschemas/ActivityExtension/v2">
        <Speed>2.8</Speed>
       </TPX>
      </Extensions>
     </Trackpoint>
     <Trackpoint>
      <Time>2026-08-08T11:08:00Z</Time>
      <Position>
       <LatitudeDegrees>5.2339630</LatitudeDegrees>
       <LongitudeDegrees>100.4373640</LongitudeDegrees>
      </Position>
      <AltitudeMeters>5.4</AltitudeMeters>
      <DistanceMeters>481.5</DistanceMeters>
      <HeartRateBpm>
       <Value>142</Value>
      </HeartRateBpm>
      <Extensions>
       <TPX xmlns="http://www.garmin.com/xmlschemas/ActivityExtension/v2">
        <Speed>2.7</Speed>
       </TPX>
      </Extensions>
     </Trackpoint>
     <Trackpoint>
      <Time>2026-08-08T11:08:01Z</Time>
      <Position>
       <LatitudeDegrees>5.2339570</LatitudeDegrees>
       <LongitudeDegrees>100.4373390</LongitudeDegrees>
      </Position>
      <AltitudeMeters>5.4</AltitudeMeters>
      <DistanceMeters>484.3</DistanceMeters>
      <HeartRateBpm>
       <Value>142</Value>
      </HeartRateBpm>
      <Extensions>
       <TPX xmlns="http://www.garmin.com/xmlschemas/ActivityExtension/v2">
        <Speed>2.8</Speed>
       </TPX>
      </Extensions>
     </Trackpoint>
     <Trackpoint>
      <Time>2026-08-08T11:08:02Z</Time>
      <Position>
       <LatitudeDegrees>5.2339510</LatitudeDegrees>
       <LongitudeDegrees>100.4373140</LongitudeDegrees>
      </Position>
      <AltitudeMeters>5.4</AltitudeMeters>
      <DistanceMeters>487.2</DistanceMeters>
      <HeartRateBpm>
       <Value>142</Value>
      </HeartRateBpm>
      <Extensions>
       <TPX xmlns="http://www.garmin.com/xmlschemas/ActivityExtension/v2">
        <Speed>2.8</Speed>
       </TPX>
      </Extensions>
     </Trackpoint>
     <Trackpoint>
      <Time>2026-08-08T11:08:03Z</Time>
      <Position>
       <LatitudeDegrees>5.2339460</LatitudeDegrees>
       <LongitudeDegrees>100.4372900</LongitudeDegrees>
      </Position>
      <AltitudeMeters>5.4</AltitudeMeters>
      <DistanceMeters>489.9</DistanceMeters>
      <HeartRateBpm>
       <Value>144</Value>
      </HeartRateBpm>
      <Extensions>
       <TPX xmlns="http://www.garmin.com/xmlschemas/ActivityExtension/v2">
        <Speed>2.8</Speed>
       </TPX>
      </Extensions>
     </Trackpoint>
     <Trackpoint>
      <Time>2026-08-08T11:08:04Z</Time>
      <Position>
       <LatitudeDegrees>5.2339420</LatitudeDegrees>
       <LongitudeDegrees>100.4372670</LongitudeDegrees>
      </Position>
      <AltitudeMeters>5.4</AltitudeMeters>
      <DistanceMeters>492.5</DistanceMeters>
      <HeartRateBpm>
       <Value>145</Value>
      </HeartRateBpm>
      <Extensions>
       <TPX xmlns="http://www.garmin.com/xmlschemas/ActivityExtension/v2">
        <Speed>2.7</Speed>
       </TPX>
      </Extensions>
     </Trackpoint>
     <Trackpoint>
      <Time>2026-08-08T11:08:05Z</Time>
      <Position>
       <LatitudeDegrees>5.2339360</LatitudeDegrees>
       <LongitudeDegrees>100.4372440</LongitudeDegrees>
      </Position>
      <AltitudeMeters>5.4</AltitudeMeters>
      <DistanceMeters>495.1</DistanceMeters>
      <HeartRateBpm>
       <Value>145</Value>
      </HeartRateBpm>
      <Extensions>
       <TPX xmlns="http://www.garmin.com/xmlschemas/ActivityExtension/v2">
        <Speed>2.7</Speed>
       </TPX>
      </Extensions>
     </Trackpoint>
     <Trackpoint>
      <Time>2026-08-08T11:08:06Z</Time>
      <Position>
       <LatitudeDegrees>5.2339240</LatitudeDegrees>
       <LongitudeDegrees>100.4372230</LongitudeDegrees>
      </Position>
      <AltitudeMeters>5.4</AltitudeMeters>
      <DistanceMeters>497.8</DistanceMeters>
      <HeartRateBpm>
       <Value>146</Value>
      </HeartRateBpm>
      <Extensions>
       <TPX xmlns="http://www.garmin.com/xmlschemas/ActivityExtension/v2">
        <Speed>2.7</Speed>
       </TPX>
      </Extensions>
     </Trackpoint>
     <Trackpoint>
      <Time>2026-08-08T11:08:07Z</Time>
      <Position>
       <LatitudeDegrees>5.2339160</LatitudeDegrees>
       <LongitudeDegrees>100.4372010</LongitudeDegrees>
      </Position>
      <AltitudeMeters>5.4</AltitudeMeters>
      <DistanceMeters>500.4</DistanceMeters>
      <HeartRateBpm>
       <Value>146</Value>
      </HeartRateBpm>
      <Extensions>
       <TPX xmlns="http://www.garmin.com/xmlschemas/ActivityExtension/v2">
        <Speed>2.6</Speed>
       </TPX>
      </Extensions>
     </Trackpoint>
     <Trackpoint>
      <Time>2026-08-08T11:08:08Z</Time>
      <Position>
       <LatitudeDegrees>5.2339090</LatitudeDegrees>
       <LongitudeDegrees>100.4371810</LongitudeDegrees>
      </Position>
      <AltitudeMeters>5.4</AltitudeMeters>
      <DistanceMeters>502.7</DistanceMeters>
      <HeartRateBpm>
       <Value>145</Value>
      </HeartRateBpm>
      <Extensions>
       <TPX xmlns="http://www.garmin.com/xmlschemas/ActivityExtension/v2">
        <Speed>2.6</Speed>
       </TPX>
      </Extensions>
     </Trackpoint>
     <Trackpoint>
      <Time>2026-08-08T11:08:09Z</Time>
      <Position>
       <LatitudeDegrees>5.2339020</LatitudeDegrees>
       <LongitudeDegrees>100.4371580</LongitudeDegrees>
      </Position>
      <AltitudeMeters>5.4</AltitudeMeters>
      <DistanceMeters>505.4</DistanceMeters>
      <HeartRateBpm>
       <Value>145</Value>
      </HeartRateBpm>
      <Extensions>
       <TPX xmlns="http://www.garmin.com/xmlschemas/ActivityExtension/v2">
        <Speed>2.6</Speed>
       </TPX>
      </Extensions>
     </Trackpoint>
     <Trackpoint>
      <Time>2026-08-08T11:08:10Z</Time>
      <Position>
       <LatitudeDegrees>5.2339030</LatitudeDegrees>
       <LongitudeDegrees>100.4371380</LongitudeDegrees>
      </Position>
      <AltitudeMeters>5.4</AltitudeMeters>
      <DistanceMeters>507.6</DistanceMeters>
      <HeartRateBpm>
       <Value>145</Value>
      </HeartRateBpm>
      <Extensions>
       <TPX xmlns="http://www.garmin.com/xmlschemas/ActivityExtension/v2">
        <Speed>2.5</Speed>
       </TPX>
      </Extensions>
     </Trackpoint>
     <Trackpoint>
      <Time>2026-08-08T11:08:11Z</Time>
      <Position>
       <LatitudeDegrees>5.2339000</LatitudeDegrees>
       <LongitudeDegrees>100.4371170</LongitudeDegrees>
      </Position>
      <AltitudeMeters>5.4</AltitudeMeters>
      <DistanceMeters>509.9</DistanceMeters>
      <HeartRateBpm>
       <Value>145</Value>
      </HeartRateBpm>
      <Extensions>
       <TPX xmlns="http://www.garmin.com/xmlschemas/ActivityExtension/v2">
        <Speed>2.4</Speed>
       </TPX>
      </Extensions>
     </Trackpoint>
     <Trackpoint>
      <Time>2026-08-08T11:08:12Z</Time>
      <Position>
       <LatitudeDegrees>5.2338940</LatitudeDegrees>
       <LongitudeDegrees>100.4370940</LongitudeDegrees>
      </Position>
      <AltitudeMeters>5.4</AltitudeMeters>
      <DistanceMeters>512.5</DistanceMeters>
      <HeartRateBpm>
       <Value>144</Value>
      </HeartRateBpm>
      <Extensions>
       <TPX xmlns="http://www.garmin.com/xmlschemas/ActivityExtension/v2">
        <Speed>2.4</Speed>
       </TPX>
      </Extensions>
     </Trackpoint>
     <Trackpoint>
      <Time>2026-08-08T11:08:13Z</Time>
      <Position>
       <LatitudeDegrees>5.2338880</LatitudeDegrees>
       <LongitudeDegrees>100.4370720</LongitudeDegrees>
      </Position>
      <AltitudeMeters>5.4</AltitudeMeters>
      <DistanceMeters>515.0</DistanceMeters>
      <HeartRateBpm>
       <Value>144</Value>
      </HeartRateBpm>
      <Extensions>
       <TPX xmlns="http://www.garmin.com/xmlschemas/ActivityExtension/v2">
        <Speed>2.5</Speed>
       </TPX>
      </Extensions>
     </Trackpoint>
     <Trackpoint>
      <Time>2026-08-08T11:08:14Z</Time>
      <Position>
       <LatitudeDegrees>5.2338800</LatitudeDegrees>
       <LongitudeDegrees>100.4370510</LongitudeDegrees>
      </Position>
      <AltitudeMeters>5.4</AltitudeMeters>
      <DistanceMeters>517.5</DistanceMeters>
      <HeartRateBpm>
       <Value>142</Value>
      </HeartRateBpm>
      <Extensions>
       <TPX xmlns="http://www.garmin.com/xmlschemas/ActivityExtension/v2">
        <Speed>2.4</Speed>
       </TPX>
      </Extensions>
     </Trackpoint>
     <Trackpoint>
      <Time>2026-08-08T11:08:15Z</Time>
      <Position>
       <LatitudeDegrees>5.2338730</LatitudeDegrees>
       <LongitudeDegrees>100.4370300</LongitudeDegrees>
      </Position>
      <AltitudeMeters>5.4</AltitudeMeters>
      <DistanceMeters>520.0</DistanceMeters>
      <HeartRateBpm>
       <Value>141</Value>
      </HeartRateBpm>
      <Extensions>
       <TPX xmlns="http://www.garmin.com/xmlschemas/ActivityExtension/v2">
        <Speed>2.5</Speed>
       </TPX>
      </Extensions>
     </Trackpoint>
     <Trackpoint>
      <Time>2026-08-08T11:08:16Z</Time>
      <Position>
       <LatitudeDegrees>5.2338670</LatitudeDegrees>
       <LongitudeDegrees>100.4370090</LongitudeDegrees>
      </Position>
      <AltitudeMeters>5.4</AltitudeMeters>
      <DistanceMeters>522.4</DistanceMeters>
      <HeartRateBpm>
       <Value>142</Value>
      </HeartRateBpm>
      <Extensions>
       <TPX xmlns="http://www.garmin.com/xmlschemas/ActivityExtension/v2">
        <Speed>2.5</Speed>
       </TPX>
      </Extensions>
     </Trackpoint>
     <Trackpoint>
      <Time>2026-08-08T11:08:17Z</Time>
      <Position>
       <LatitudeDegrees>5.2338600</LatitudeDegrees>
       <LongitudeDegrees>100.4369890</LongitudeDegrees>
      </Position>
      <AltitudeMeters>5.4</AltitudeMeters>
      <DistanceMeters>524.8</DistanceMeters>
      <HeartRateBpm>
       <Value>142</Value>
      </HeartRateBpm>
      <Extensions>
       <TPX xmlns="http://www.garmin.com/xmlschemas/ActivityExtension/v2">
        <Speed>2.5</Speed>
       </TPX>
      </Extensions>
     </Trackpoint>
     <Trackpoint>
      <Time>2026-08-08T11:08:18Z</Time>
      <Position>
       <LatitudeDegrees>5.2338530</LatitudeDegrees>
       <LongitudeDegrees>100.4369690</LongitudeDegrees>
      </Position>
      <AltitudeMeters>5.4</AltitudeMeters>
      <DistanceMeters>527.1</DistanceMeters>
      <HeartRateBpm>
       <Value>141</Value>
      </HeartRateBpm>
      <Extensions>
       <TPX xmlns="http://www.garmin.com/xmlschemas/ActivityExtension/v2">
        <Speed>2.4</Speed>
       </TPX>
      </Extensions>
     </Trackpoint>
     <Trackpoint>
      <Time>2026-08-08T11:08:19Z</Time>
      <Position>
       <LatitudeDegrees>5.2338470</LatitudeDegrees>
       <LongitudeDegrees>100.4369490</LongitudeDegrees>
      </Position>
      <AltitudeMeters>5.4</AltitudeMeters>
      <DistanceMeters>529.4</DistanceMeters>
      <HeartRateBpm>
       <Value>140</Value>
      </HeartRateBpm>
      <Extensions>
       <TPX xmlns="http://www.garmin.com/xmlschemas/ActivityExtension/v2">
        <Speed>2.4</Speed>
       </TPX>
      </Extensions>
     </Trackpoint>
     <Trackpoint>
      <Time>2026-08-08T11:08:20Z</Time>
      <Position>
       <LatitudeDegrees>5.2338410</LatitudeDegrees>
       <LongitudeDegrees>100.4369290</LongitudeDegrees>
      </Position>
      <AltitudeMeters>5.4</AltitudeMeters>
      <DistanceMeters>531.8</DistanceMeters>
      <HeartRateBpm>
       <Value>141</Value>
      </HeartRateBpm>
      <Extensions>
       <TPX xmlns="http://www.garmin.com/xmlschemas/ActivityExtension/v2">
        <Speed>2.4</Speed>
       </TPX>
      </Extensions>
     </Trackpoint>
     <Trackpoint>
      <Time>2026-08-08T11:08:21Z</Time>
      <Position>
       <LatitudeDegrees>5.2338370</LatitudeDegrees>
       <LongitudeDegrees>100.4369070</LongitudeDegrees>
      </Position>
      <AltitudeMeters>5.4</AltitudeMeters>
      <DistanceMeters>534.3</DistanceMeters>
      <HeartRateBpm>
       <Value>141</Value>
      </HeartRateBpm>
      <Extensions>
       <TPX xmlns="http://www.garmin.com/xmlschemas/ActivityExtension/v2">
        <Speed>2.4</Speed>
       </TPX>
      </Extensions>
     </Trackpoint>
     <Trackpoint>
      <Time>2026-08-08T11:08:22Z</Time>
      <Position>
       <LatitudeDegrees>5.2338350</LatitudeDegrees>
       <LongitudeDegrees>100.4368850</LongitudeDegrees>
      </Position>
      <AltitudeMeters>5.4</AltitudeMeters>
      <DistanceMeters>536.7</DistanceMeters>
      <HeartRateBpm>
       <Value>141</Value>
      </HeartRateBpm>
      <Extensions>
       <TPX xmlns="http://www.garmin.com/xmlschemas/ActivityExtension/v2">
        <Speed>2.4</Speed>
       </TPX>
      </Extensions>
     </Trackpoint>
     <Trackpoint>
      <Time>2026-08-08T11:08:23Z</Time>
      <Position>
       <LatitudeDegrees>5.2338300</LatitudeDegrees>
       <LongitudeDegrees>100.4368620</LongitudeDegrees>
      </Position>
      <AltitudeMeters>5.4</AltitudeMeters>
      <DistanceMeters>539.2</DistanceMeters>
      <HeartRateBpm>
       <Value>141</Value>
      </HeartRateBpm>
      <Extensions>
       <TPX xmlns="http://www.garmin.com/xmlschemas/ActivityExtension/v2">
        <Speed>2.4</Speed>
       </TPX>
      </Extensions>
     </Trackpoint>
     <Trackpoint>
      <Time>2026-08-08T11:08:24Z</Time>
      <Position>
       <LatitudeDegrees>5.2338260</LatitudeDegrees>
       <LongitudeDegrees>100.4368390</LongitudeDegrees>
      </Position>
      <AltitudeMeters>5.5</AltitudeMeters>
      <DistanceMeters>541.8</DistanceMeters>
      <HeartRateBpm>
       <Value>140</Value>
      </HeartRateBpm>
      <Extensions>
       <TPX xmlns="http://www.garmin.com/xmlschemas/ActivityExtension/v2">
        <Speed>2.5</Speed>
       </TPX>
      </Extensions>
     </Trackpoint>
     <Trackpoint>
      <Time>2026-08-08T11:08:25Z</Time>
      <Position>
       <LatitudeDegrees>5.2338200</LatitudeDegrees>
       <LongitudeDegrees>100.4368160</LongitudeDegrees>
      </Position>
      <AltitudeMeters>5.5</AltitudeMeters>
      <DistanceMeters>544.5</DistanceMeters>
      <HeartRateBpm>
       <Value>140</Value>
      </HeartRateBpm>
      <Extensions>
       <TPX xmlns="http://www.garmin.com/xmlschemas/ActivityExtension/v2">
        <Speed>2.5</Speed>
       </TPX>
      </Extensions>
     </Trackpoint>
     <Trackpoint>
      <Time>2026-08-08T11:08:26Z</Time>
      <Position>
       <LatitudeDegrees>5.2338140</LatitudeDegrees>
       <LongitudeDegrees>100.4367940</LongitudeDegrees>
      </Position>
      <AltitudeMeters>5.5</AltitudeMeters>
      <DistanceMeters>547.0</DistanceMeters>
      <HeartRateBpm>
       <Value>139</Value>
      </HeartRateBpm>
      <Extensions>
       <TPX xmlns="http://www.garmin.com/xmlschemas/ActivityExtension/v2">
        <Speed>2.5</Speed>
       </TPX>
      </Extensions>
     </Trackpoint>
     <Trackpoint>
      <Time>2026-08-08T11:08:27Z</Time>
      <Position>
       <LatitudeDegrees>5.2338000</LatitudeDegrees>
       <LongitudeDegrees>100.4367700</LongitudeDegrees>
      </Position>
      <AltitudeMeters>5.5</AltitudeMeters>
      <DistanceMeters>550.0</DistanceMeters>
      <HeartRateBpm>
       <Value>138</Value>
      </HeartRateBpm>
      <Extensions>
       <TPX xmlns="http://www.garmin.com/xmlschemas/ActivityExtension/v2">
        <Speed>2.7</Speed>
       </TPX>
      </Extensions>
     </Trackpoint>
     <Trackpoint>
      <Time>2026-08-08T11:08:28Z</Time>
      <Position>
       <LatitudeDegrees>5.2337900</LatitudeDegrees>
       <LongitudeDegrees>100.4367480</LongitudeDegrees>
      </Position>
      <AltitudeMeters>5.5</AltitudeMeters>
      <DistanceMeters>552.7</DistanceMeters>
      <HeartRateBpm>
       <Value>138</Value>
      </HeartRateBpm>
      <Extensions>
       <TPX xmlns="http://www.garmin.com/xmlschemas/ActivityExtension/v2">
        <Speed>2.7</Speed>
       </TPX>
      </Extensions>
     </Trackpoint>
     <Trackpoint>
      <Time>2026-08-08T11:08:29Z</Time>
      <Position>
       <LatitudeDegrees>5.2337800</LatitudeDegrees>
       <LongitudeDegrees>100.4367230</LongitudeDegrees>
      </Position>
      <AltitudeMeters>5.5</AltitudeMeters>
      <DistanceMeters>555.7</DistanceMeters>
      <HeartRateBpm>
       <Value>138</Value>
      </HeartRateBpm>
      <Extensions>
       <TPX xmlns="http://www.garmin.com/xmlschemas/ActivityExtension/v2">
        <Speed>2.8</Speed>
       </TPX>
      </Extensions>
     </Trackpoint>
     <Trackpoint>
      <Time>2026-08-08T11:08:30Z</Time>
      <Position>
       <LatitudeDegrees>5.2337730</LatitudeDegrees>
       <LongitudeDegrees>100.4367010</LongitudeDegrees>
      </Position>
      <AltitudeMeters>5.5</AltitudeMeters>
      <DistanceMeters>558.3</DistanceMeters>
      <HeartRateBpm>
       <Value>138</Value>
      </HeartRateBpm>
      <Extensions>
       <TPX xmlns="http://www.garmin.com/xmlschemas/ActivityExtension/v2">
        <Speed>2.8</Speed>
       </TPX>
      </Extensions>
     </Trackpoint>
     <Trackpoint>
      <Time>2026-08-08T11:08:31Z</Time>
      <Position>
       <LatitudeDegrees>5.2337700</LatitudeDegrees>
       <LongitudeDegrees>100.4366750</LongitudeDegrees>
      </Position>
      <AltitudeMeters>5.5</AltitudeMeters>
      <DistanceMeters>561.2</DistanceMeters>
      <HeartRateBpm>
       <Value>137</Value>
      </HeartRateBpm>
      <Extensions>
       <TPX xmlns="http://www.garmin.com/xmlschemas/ActivityExtension/v2">
        <Speed>2.8</Speed>
       </TPX>
      </Extensions>
     </Trackpoint>
     <Trackpoint>
      <Time>2026-08-08T11:08:32Z</Time>
      <Position>
       <LatitudeDegrees>5.2337710</LatitudeDegrees>
       <LongitudeDegrees>100.4366680</LongitudeDegrees>
      </Position>
      <AltitudeMeters>5.5</AltitudeMeters>
      <DistanceMeters>561.9</DistanceMeters>
      <HeartRateBpm>
       <Value>137</Value>
      </HeartRateBpm>
      <Extensions>
       <TPX xmlns="http://www.garmin.com/xmlschemas/ActivityExtension/v2">
        <Speed>2.4</Speed>
       </TPX>
      </Extensions>
     </Trackpoint>
     <Trackpoint>
      <Time>2026-08-08T11:08:33Z</Time>
      <Position>
       <LatitudeDegrees>5.2337760</LatitudeDegrees>
       <LongitudeDegrees>100.4366610</LongitudeDegrees>
      </Position>
      <AltitudeMeters>5.5</AltitudeMeters>
      <DistanceMeters>562.9</DistanceMeters>
      <HeartRateBpm>
       <Value>137</Value>
      </HeartRateBpm>
      <Extensions>
       <TPX xmlns="http://www.garmin.com/xmlschemas/ActivityExtension/v2">
        <Speed>2.0</Speed>
       </TPX>
      </Extensions>
     </Trackpoint>
     <Trackpoint>
      <Time>2026-08-08T11:08:34Z</Time>
      <Position>
       <LatitudeDegrees>5.2337770</LatitudeDegrees>
       <LongitudeDegrees>100.4366200</LongitudeDegrees>
      </Position>
      <AltitudeMeters>5.5</AltitudeMeters>
      <DistanceMeters>567.2</DistanceMeters>
      <HeartRateBpm>
       <Value>137</Value>
      </HeartRateBpm>
      <Extensions>
       <TPX xmlns="http://www.garmin.com/xmlschemas/ActivityExtension/v2">
        <Speed>2.3</Speed>
       </TPX>
      </Extensions>
     </Trackpoint>
     <Trackpoint>
      <Time>2026-08-08T11:08:35Z</Time>
      <Position>
       <LatitudeDegrees>5.2337670</LatitudeDegrees>
       <LongitudeDegrees>100.4365810</LongitudeDegrees>
      </Position>
      <AltitudeMeters>5.5</AltitudeMeters>
      <DistanceMeters>571.7</DistanceMeters>
      <HeartRateBpm>
       <Value>136</Value>
      </HeartRateBpm>
      <Extensions>
       <TPX xmlns="http://www.garmin.com/xmlschemas/ActivityExtension/v2">
        <Speed>2.7</Speed>
       </TPX>
      </Extensions>
     </Trackpoint>
     <Trackpoint>
      <Time>2026-08-08T11:08:36Z</Time>
      <Position>
       <LatitudeDegrees>5.2337590</LatitudeDegrees>
       <LongitudeDegrees>100.4365560</LongitudeDegrees>
      </Position>
      <AltitudeMeters>5.5</AltitudeMeters>
      <DistanceMeters>574.6</DistanceMeters>
      <HeartRateBpm>
       <Value>136</Value>
      </HeartRateBpm>
      <Extensions>
       <TPX xmlns="http://www.garmin.com/xmlschemas/ActivityExtension/v2">
        <Speed>2.7</Speed>
       </TPX>
      </Extensions>
     </Trackpoint>
     <Trackpoint>
      <Time>2026-08-08T11:08:37Z</Time>
      <Position>
       <LatitudeDegrees>5.2337530</LatitudeDegrees>
       <LongitudeDegrees>100.4365310</LongitudeDegrees>
      </Position>
      <AltitudeMeters>5.5</AltitudeMeters>
      <DistanceMeters>577.5</DistanceMeters>
      <HeartRateBpm>
       <Value>137</Value>
      </HeartRateBpm>
      <Extensions>
       <TPX xmlns="http://www.garmin.com/xmlschemas/ActivityExtension/v2">
        <Speed>3.1</Speed>
       </TPX>
      </Extensions>
     </Trackpoint>
     <Trackpoint>
      <Time>2026-08-08T11:08:38Z</Time>
      <Position>
       <LatitudeDegrees>5.2337500</LatitudeDegrees>
       <LongitudeDegrees>100.4365070</LongitudeDegrees>
      </Position>
      <AltitudeMeters>5.5</AltitudeMeters>
      <DistanceMeters>580.2</DistanceMeters>
      <HeartRateBpm>
       <Value>137</Value>
      </HeartRateBpm>
      <Extensions>
       <TPX xmlns="http://www.garmin.com/xmlschemas/ActivityExtension/v2">
        <Speed>3.5</Speed>
       </TPX>
      </Extensions>
     </Trackpoint>
     <Trackpoint>
      <Time>2026-08-08T11:08:39Z</Time>
      <Position>
       <LatitudeDegrees>5.2337450</LatitudeDegrees>
       <LongitudeDegrees>100.4364810</LongitudeDegrees>
      </Position>
      <AltitudeMeters>5.5</AltitudeMeters>
      <DistanceMeters>583.1</DistanceMeters>
      <HeartRateBpm>
       <Value>138</Value>
      </HeartRateBpm>
      <Extensions>
       <TPX xmlns="http://www.garmin.com/xmlschemas/ActivityExtension/v2">
        <Speed>3.2</Speed>
       </TPX>
      </Extensions>
     </Trackpoint>
     <Trackpoint>
      <Time>2026-08-08T11:08:40Z</Time>
      <Position>
       <LatitudeDegrees>5.2337330</LatitudeDegrees>
       <LongitudeDegrees>100.4364580</LongitudeDegrees>
      </Position>
      <AltitudeMeters>5.5</AltitudeMeters>
      <DistanceMeters>586.0</DistanceMeters>
      <HeartRateBpm>
       <Value>138</Value>
      </HeartRateBpm>
      <Extensions>
       <TPX xmlns="http://www.garmin.com/xmlschemas/ActivityExtension/v2">
        <Speed>2.9</Speed>
       </TPX>
      </Extensions>
     </Trackpoint>
     <Trackpoint>
      <Time>2026-08-08T11:08:41Z</Time>
      <Position>
       <LatitudeDegrees>5.2337250</LatitudeDegrees>
       <LongitudeDegrees>100.4364350</LongitudeDegrees>
      </Position>
      <AltitudeMeters>5.5</AltitudeMeters>
      <DistanceMeters>588.7</DistanceMeters>
      <HeartRateBpm>
       <Value>138</Value>
      </HeartRateBpm>
      <Extensions>
       <TPX xmlns="http://www.garmin.com/xmlschemas/ActivityExtension/v2">
        <Speed>2.8</Speed>
       </TPX>
      </Extensions>
     </Trackpoint>
     <Trackpoint>
      <Time>2026-08-08T11:08:42Z</Time>
      <Position>
       <LatitudeDegrees>5.2337200</LatitudeDegrees>
       <LongitudeDegrees>100.4364130</LongitudeDegrees>
      </Position>
      <AltitudeMeters>5.5</AltitudeMeters>
      <DistanceMeters>591.2</DistanceMeters>
      <HeartRateBpm>
       <Value>137</Value>
      </HeartRateBpm>
      <Extensions>
       <TPX xmlns="http://www.garmin.com/xmlschemas/ActivityExtension/v2">
        <Speed>2.7</Speed>
       </TPX>
      </Extensions>
     </Trackpoint>
     <Trackpoint>
      <Time>2026-08-08T11:08:43Z</Time>
      <Position>
       <LatitudeDegrees>5.2337140</LatitudeDegrees>
       <LongitudeDegrees>100.4363870</LongitudeDegrees>
      </Position>
      <AltitudeMeters>5.5</AltitudeMeters>
      <DistanceMeters>594.1</DistanceMeters>
      <HeartRateBpm>
       <Value>137</Value>
      </HeartRateBpm>
      <Extensions>
       <TPX xmlns="http://www.garmin.com/xmlschemas/ActivityExtension/v2">
        <Speed>2.8</Speed>
       </TPX>
      </Extensions>
     </Trackpoint>
     <Trackpoint>
      <Time>2026-08-08T11:08:44Z</Time>
      <Position>
       <LatitudeDegrees>5.2337090</LatitudeDegrees>
       <LongitudeDegrees>100.4363660</LongitudeDegrees>
      </Position>
      <AltitudeMeters>5.5</AltitudeMeters>
      <DistanceMeters>596.5</DistanceMeters>
      <HeartRateBpm>
       <Value>138</Value>
      </HeartRateBpm>
      <Extensions>
       <TPX xmlns="http://www.garmin.com/xmlschemas/ActivityExtension/v2">
        <Speed>2.7</Speed>
       </TPX>
      </Extensions>
     </Trackpoint>
     <Trackpoint>
      <Time>2026-08-08T11:08:45Z</Time>
      <Position>
       <LatitudeDegrees>5.2337020</LatitudeDegrees>
       <LongitudeDegrees>100.4363440</LongitudeDegrees>
      </Position>
      <AltitudeMeters>5.5</AltitudeMeters>
      <DistanceMeters>599.1</DistanceMeters>
      <HeartRateBpm>
       <Value>138</Value>
      </HeartRateBpm>
      <Extensions>
       <TPX xmlns="http://www.garmin.com/xmlschemas/ActivityExtension/v2">
        <Speed>2.6</Speed>
       </TPX>
      </Extensions>
     </Trackpoint>
     <Trackpoint>
      <Time>2026-08-08T11:08:46Z</Time>
      <Position>
       <LatitudeDegrees>5.2336980</LatitudeDegrees>
       <LongitudeDegrees>100.4363230</LongitudeDegrees>
      </Position>
      <AltitudeMeters>5.5</AltitudeMeters>
      <DistanceMeters>601.5</DistanceMeters>
      <HeartRateBpm>
       <Value>138</Value>
      </HeartRateBpm>
      <Extensions>
       <TPX xmlns="http://www.garmin.com/xmlschemas/ActivityExtension/v2">
        <Speed>2.6</Speed>
       </TPX>
      </Extensions>
     </Trackpoint>
     <Trackpoint>
      <Time>2026-08-08T11:08:47Z</Time>
      <Position>
       <LatitudeDegrees>5.2336950</LatitudeDegrees>
       <LongitudeDegrees>100.4363020</LongitudeDegrees>
      </Position>
      <AltitudeMeters>5.5</AltitudeMeters>
      <DistanceMeters>603.8</DistanceMeters>
      <HeartRateBpm>
       <Value>139</Value>
      </HeartRateBpm>
      <Extensions>
       <TPX xmlns="http://www.garmin.com/xmlschemas/ActivityExtension/v2">
        <Speed>2.5</Speed>
       </TPX>
      </Extensions>
     </Trackpoint>
     <Trackpoint>
      <Time>2026-08-08T11:08:48Z</Time>
      <Position>
       <LatitudeDegrees>5.2336890</LatitudeDegrees>
       <LongitudeDegrees>100.4362840</LongitudeDegrees>
      </Position>
      <AltitudeMeters>5.5</AltitudeMeters>
      <DistanceMeters>605.8</DistanceMeters>
      <HeartRateBpm>
       <Value>139</Value>
      </HeartRateBpm>
      <Extensions>
       <TPX xmlns="http://www.garmin.com/xmlschemas/ActivityExtension/v2">
        <Speed>2.4</Speed>
       </TPX>
      </Extensions>
     </Trackpoint>
     <Trackpoint>
      <Time>2026-08-08T11:08:49Z</Time>
      <Position>
       <LatitudeDegrees>5.2336830</LatitudeDegrees>
       <LongitudeDegrees>100.4362650</LongitudeDegrees>
      </Position>
      <AltitudeMeters>5.5</AltitudeMeters>
      <DistanceMeters>608.0</DistanceMeters>
      <HeartRateBpm>
       <Value>139</Value>
      </HeartRateBpm>
      <Extensions>
       <TPX xmlns="http://www.garmin.com/xmlschemas/ActivityExtension/v2">
        <Speed>2.3</Speed>
       </TPX>
      </Extensions>
     </Trackpoint>
     <Trackpoint>
      <Time>2026-08-08T11:08:50Z</Time>
      <Position>
       <LatitudeDegrees>5.2336760</LatitudeDegrees>
       <LongitudeDegrees>100.4362470</LongitudeDegrees>
      </Position>
      <AltitudeMeters>5.5</AltitudeMeters>
      <DistanceMeters>610.2</DistanceMeters>
      <HeartRateBpm>
       <Value>139</Value>
      </HeartRateBpm>
      <Extensions>
       <TPX xmlns="http://www.garmin.com/xmlschemas/ActivityExtension/v2">
        <Speed>2.2</Speed>
       </TPX>
      </Extensions>
     </Trackpoint>
     <Trackpoint>
      <Time>2026-08-08T11:08:51Z</Time>
      <Position>
       <LatitudeDegrees>5.2336700</LatitudeDegrees>
       <LongitudeDegrees>100.4362270</LongitudeDegrees>
      </Position>
      <AltitudeMeters>5.5</AltitudeMeters>
      <DistanceMeters>612.5</DistanceMeters>
      <HeartRateBpm>
       <Value>139</Value>
      </HeartRateBpm>
      <Extensions>
       <TPX xmlns="http://www.garmin.com/xmlschemas/ActivityExtension/v2">
        <Speed>2.2</Speed>
       </TPX>
      </Extensions>
     </Trackpoint>
     <Trackpoint>
      <Time>2026-08-08T11:08:52Z</Time>
      <Position>
       <LatitudeDegrees>5.2336630</LatitudeDegrees>
       <LongitudeDegrees>100.4362100</LongitudeDegrees>
      </Position>
      <AltitudeMeters>5.5</AltitudeMeters>
      <DistanceMeters>614.5</DistanceMeters>
      <HeartRateBpm>
       <Value>138</Value>
      </HeartRateBpm>
      <Extensions>
       <TPX xmlns="http://www.garmin.com/xmlschemas/ActivityExtension/v2">
        <Speed>2.1</Speed>
       </TPX>
      </Extensions>
     </Trackpoint>
     <Trackpoint>
      <Time>2026-08-08T11:08:53Z</Time>
      <Position>
       <LatitudeDegrees>5.2336560</LatitudeDegrees>
       <LongitudeDegrees>100.4361910</LongitudeDegrees>
      </Position>
      <AltitudeMeters>5.5</AltitudeMeters>
      <DistanceMeters>616.8</DistanceMeters>
      <HeartRateBpm>
       <Value>138</Value>
      </HeartRateBpm>
      <Extensions>
       <TPX xmlns="http://www.garmin.com/xmlschemas/ActivityExtension/v2">
        <Speed>2.2</Speed>
       </TPX>
      </Extensions>
     </Trackpoint>
     <Trackpoint>
      <Time>2026-08-08T11:08:54Z</Time>
      <Position>
       <LatitudeDegrees>5.2336480</LatitudeDegrees>
       <LongitudeDegrees>100.4361720</LongitudeDegrees>
      </Position>
      <AltitudeMeters>5.5</AltitudeMeters>
      <DistanceMeters>619.1</DistanceMeters>
      <HeartRateBpm>
       <Value>138</Value>
      </HeartRateBpm>
      <Extensions>
       <TPX xmlns="http://www.garmin.com/xmlschemas/ActivityExtension/v2">
        <Speed>2.2</Speed>
       </TPX>
      </Extensions>
     </Trackpoint>
     <Trackpoint>
      <Time>2026-08-08T11:08:55Z</Time>
      <Position>
       <LatitudeDegrees>5.2336420</LatitudeDegrees>
       <LongitudeDegrees>100.4361530</LongitudeDegrees>
      </Position>
      <AltitudeMeters>5.5</AltitudeMeters>
      <DistanceMeters>621.3</DistanceMeters>
      <HeartRateBpm>
       <Value>138</Value>
      </HeartRateBpm>
      <Extensions>
       <TPX xmlns="http://www.garmin.com/xmlschemas/ActivityExtension/v2">
        <Speed>2.2</Speed>
       </TPX>
      </Extensions>
     </Trackpoint>
     <Trackpoint>
      <Time>2026-08-08T11:08:56Z</Time>
      <Position>
       <LatitudeDegrees>5.2336350</LatitudeDegrees>
       <LongitudeDegrees>100.4361310</LongitudeDegrees>
      </Position>
      <AltitudeMeters>5.5</AltitudeMeters>
      <DistanceMeters>623.8</DistanceMeters>
      <HeartRateBpm>
       <Value>139</Value>
      </HeartRateBpm>
      <Extensions>
       <TPX xmlns="http://www.garmin.com/xmlschemas/ActivityExtension/v2">
        <Speed>2.3</Speed>
       </TPX>
      </Extensions>
     </Trackpoint>
     <Trackpoint>
      <Time>2026-08-08T11:08:57Z</Time>
      <Position>
       <LatitudeDegrees>5.2336320</LatitudeDegrees>
       <LongitudeDegrees>100.4361090</LongitudeDegrees>
      </Position>
      <AltitudeMeters>5.5</AltitudeMeters>
      <DistanceMeters>626.3</DistanceMeters>
      <HeartRateBpm>
       <Value>138</Value>
      </HeartRateBpm>
      <Extensions>
       <TPX xmlns="http://www.garmin.com/xmlschemas/ActivityExtension/v2">
        <Speed>2.4</Speed>
       </TPX>
      </Extensions>
     </Trackpoint>
     <Trackpoint>
      <Time>2026-08-08T11:08:58Z</Time>
      <Position>
       <LatitudeDegrees>5.2336290</LatitudeDegrees>
       <LongitudeDegrees>100.4360860</LongitudeDegrees>
      </Position>
      <AltitudeMeters>5.5</AltitudeMeters>
      <DistanceMeters>628.9</DistanceMeters>
      <HeartRateBpm>
       <Value>138</Value>
      </HeartRateBpm>
      <Extensions>
       <TPX xmlns="http://www.garmin.com/xmlschemas/ActivityExtension/v2">
        <Speed>2.4</Speed>
       </TPX>
      </Extensions>
     </Trackpoint>
     <Trackpoint>
      <Time>2026-08-08T11:08:59Z</Time>
      <Position>
       <LatitudeDegrees>5.2336240</LatitudeDegrees>
       <LongitudeDegrees>100.4360630</LongitudeDegrees>
      </Position>
      <AltitudeMeters>5.5</AltitudeMeters>
      <DistanceMeters>631.5</DistanceMeters>
      <HeartRateBpm>
       <Value>138</Value>
      </HeartRateBpm>
      <Extensions>
       <TPX xmlns="http://www.garmin.com/xmlschemas/ActivityExtension/v2">
        <Speed>2.5</Speed>
       </TPX>
      </Extensions>
     </Trackpoint>
     <Trackpoint>
      <Time>2026-08-08T11:09:00Z</Time>
      <Position>
       <LatitudeDegrees>5.2336190</LatitudeDegrees>
       <LongitudeDegrees>100.4360400</LongitudeDegrees>
      </Position>
      <AltitudeMeters>5.5</AltitudeMeters>
      <DistanceMeters>634.1</DistanceMeters>
      <HeartRateBpm>
       <Value>138</Value>
      </HeartRateBpm>
      <Extensions>
       <TPX xmlns="http://www.garmin.com/xmlschemas/ActivityExtension/v2">
        <Speed>2.6</Speed>
       </TPX>
      </Extensions>
     </Trackpoint>
     <Trackpoint>
      <Time>2026-08-08T11:09:01Z</Time>
      <Position>
       <LatitudeDegrees>5.2336120</LatitudeDegrees>
       <LongitudeDegrees>100.4360160</LongitudeDegrees>
      </Position>
      <AltitudeMeters>5.5</AltitudeMeters>
      <DistanceMeters>636.9</DistanceMeters>
      <HeartRateBpm>
       <Value>138</Value>
      </HeartRateBpm>
      <Extensions>
       <TPX xmlns="http://www.garmin.com/xmlschemas/ActivityExtension/v2">
        <Speed>2.6</Speed>
       </TPX>
      </Extensions>
     </Trackpoint>
     <Trackpoint>
      <Time>2026-08-08T11:09:02Z</Time>
      <Position>
       <LatitudeDegrees>5.2336080</LatitudeDegrees>
       <LongitudeDegrees>100.4359910</LongitudeDegrees>
      </Position>
      <AltitudeMeters>5.5</AltitudeMeters>
      <DistanceMeters>639.7</DistanceMeters>
      <HeartRateBpm>
       <Value>139</Value>
      </HeartRateBpm>
      <Extensions>
       <TPX xmlns="http://www.garmin.com/xmlschemas/ActivityExtension/v2">
        <Speed>2.7</Speed>
       </TPX>
      </Extensions>
     </Trackpoint>
     <Trackpoint>
      <Time>2026-08-08T11:09:03Z</Time>
      <Position>
       <LatitudeDegrees>5.2336050</LatitudeDegrees>
       <LongitudeDegrees>100.4359660</LongitudeDegrees>
      </Position>
      <AltitudeMeters>5.5</AltitudeMeters>
      <DistanceMeters>642.4</DistanceMeters>
      <HeartRateBpm>
       <Value>139</Value>
      </HeartRateBpm>
      <Extensions>
       <TPX xmlns="http://www.garmin.com/xmlschemas/ActivityExtension/v2">
        <Speed>2.7</Speed>
       </TPX>
      </Extensions>
     </Trackpoint>
     <Trackpoint>
      <Time>2026-08-08T11:09:04Z</Time>
      <Position>
       <LatitudeDegrees>5.2336020</LatitudeDegrees>
       <LongitudeDegrees>100.4359420</LongitudeDegrees>
      </Position>
      <AltitudeMeters>5.5</AltitudeMeters>
      <DistanceMeters>645.1</DistanceMeters>
      <HeartRateBpm>
       <Value>139</Value>
      </HeartRateBpm>
      <Extensions>
       <TPX xmlns="http://www.garmin.com/xmlschemas/ActivityExtension/v2">
        <Speed>2.7</Speed>
       </TPX>
      </Extensions>
     </Trackpoint>
     <Trackpoint>
      <Time>2026-08-08T11:09:05Z</Time>
      <Position>
       <LatitudeDegrees>5.2336010</LatitudeDegrees>
       <LongitudeDegrees>100.4359170</LongitudeDegrees>
      </Position>
      <AltitudeMeters>5.5</AltitudeMeters>
      <DistanceMeters>647.8</DistanceMeters>
      <HeartRateBpm>
       <Value>140</Value>
      </HeartRateBpm>
      <Extensions>
       <TPX xmlns="http://www.garmin.com/xmlschemas/ActivityExtension/v2">
        <Speed>2.7</Speed>
       </TPX>
      </Extensions>
     </Trackpoint>
     <Trackpoint>
      <Time>2026-08-08T11:09:06Z</Time>
      <Position>
       <LatitudeDegrees>5.2336010</LatitudeDegrees>
       <LongitudeDegrees>100.4358930</LongitudeDegrees>
      </Position>
      <AltitudeMeters>5.5</AltitudeMeters>
      <DistanceMeters>650.5</DistanceMeters>
      <HeartRateBpm>
       <Value>140</Value>
      </HeartRateBpm>
      <Extensions>
       <TPX xmlns="http://www.garmin.com/xmlschemas/ActivityExtension/v2">
        <Speed>2.7</Speed>
       </TPX>
      </Extensions>
     </Trackpoint>
     <Trackpoint>
      <Time>2026-08-08T11:09:07Z</Time>
      <Position>
       <LatitudeDegrees>5.2335980</LatitudeDegrees>
       <LongitudeDegrees>100.4358680</LongitudeDegrees>
      </Position>
      <AltitudeMeters>5.5</AltitudeMeters>
      <DistanceMeters>653.3</DistanceMeters>
      <HeartRateBpm>
       <Value>141</Value>
      </HeartRateBpm>
      <Extensions>
       <TPX xmlns="http://www.garmin.com/xmlschemas/ActivityExtension/v2">
        <Speed>2.7</Speed>
       </TPX>
      </Extensions>
     </Trackpoint>
     <Trackpoint>
      <Time>2026-08-08T11:09:08Z</Time>
      <Position>
       <LatitudeDegrees>5.2335940</LatitudeDegrees>
       <LongitudeDegrees>100.4358440</LongitudeDegrees>
      </Position>
      <AltitudeMeters>5.5</AltitudeMeters>
      <DistanceMeters>656.0</DistanceMeters>
      <HeartRateBpm>
       <Value>141</Value>
      </HeartRateBpm>
      <Extensions>
       <TPX xmlns="http://www.garmin.com/xmlschemas/ActivityExtension/v2">
        <Speed>2.7</Speed>
       </TPX>
      </Extensions>
     </Trackpoint>
     <Trackpoint>
      <Time>2026-08-08T11:09:09Z</Time>
      <Position>
       <LatitudeDegrees>5.2335910</LatitudeDegrees>
       <LongitudeDegrees>100.4358230</LongitudeDegrees>
      </Position>
      <AltitudeMeters>5.5</AltitudeMeters>
      <DistanceMeters>658.4</DistanceMeters>
      <HeartRateBpm>
       <Value>141</Value>
      </HeartRateBpm>
      <Extensions>
       <TPX xmlns="http://www.garmin.com/xmlschemas/ActivityExtension/v2">
        <Speed>2.7</Speed>
       </TPX>
      </Extensions>
     </Trackpoint>
     <Trackpoint>
      <Time>2026-08-08T11:09:10Z</Time>
      <Position>
       <LatitudeDegrees>5.2335860</LatitudeDegrees>
       <LongitudeDegrees>100.4357980</LongitudeDegrees>
      </Position>
      <AltitudeMeters>5.5</AltitudeMeters>
      <DistanceMeters>661.2</DistanceMeters>
      <HeartRateBpm>
       <Value>141</Value>
      </HeartRateBpm>
      <Extensions>
       <TPX xmlns="http://www.garmin.com/xmlschemas/ActivityExtension/v2">
        <Speed>2.7</Speed>
       </TPX>
      </Extensions>
     </Trackpoint>
     <Trackpoint>
      <Time>2026-08-08T11:09:11Z</Time>
      <Position>
       <LatitudeDegrees>5.2335840</LatitudeDegrees>
       <LongitudeDegrees>100.4357720</LongitudeDegrees>
      </Position>
      <AltitudeMeters>5.5</AltitudeMeters>
      <DistanceMeters>664.0</DistanceMeters>
      <HeartRateBpm>
       <Value>141</Value>
      </HeartRateBpm>
      <Extensions>
       <TPX xmlns="http://www.garmin.com/xmlschemas/ActivityExtension/v2">
        <Speed>2.7</Speed>
       </TPX>
      </Extensions>
     </Trackpoint>
     <Trackpoint>
      <Time>2026-08-08T11:09:12Z</Time>
      <Position>
       <LatitudeDegrees>5.2335750</LatitudeDegrees>
       <LongitudeDegrees>100.4357500</LongitudeDegrees>
      </Position>
      <AltitudeMeters>5.5</AltitudeMeters>
      <DistanceMeters>666.6</DistanceMeters>
      <HeartRateBpm>
       <Value>142</Value>
      </HeartRateBpm>
      <Extensions>
       <TPX xmlns="http://www.garmin.com/xmlschemas/ActivityExtension/v2">
        <Speed>2.7</Speed>
       </TPX>
      </Extensions>
     </Trackpoint>
     <Trackpoint>
      <Time>2026-08-08T11:09:13Z</Time>
      <Position>
       <LatitudeDegrees>5.2335610</LatitudeDegrees>
       <LongitudeDegrees>100.4357280</LongitudeDegrees>
      </Position>
      <AltitudeMeters>5.5</AltitudeMeters>
      <DistanceMeters>669.5</DistanceMeters>
      <HeartRateBpm>
       <Value>142</Value>
      </HeartRateBpm>
      <Extensions>
       <TPX xmlns="http://www.garmin.com/xmlschemas/ActivityExtension/v2">
        <Speed>2.7</Speed>
       </TPX>
      </Extensions>
     </Trackpoint>
     <Trackpoint>
      <Time>2026-08-08T11:09:14Z</Time>
      <Position>
       <LatitudeDegrees>5.2335520</LatitudeDegrees>
       <LongitudeDegrees>100.4357060</LongitudeDegrees>
      </Position>
      <AltitudeMeters>5.6</AltitudeMeters>
      <DistanceMeters>672.1</DistanceMeters>
      <HeartRateBpm>
       <Value>142</Value>
      </HeartRateBpm>
      <Extensions>
       <TPX xmlns="http://www.garmin.com/xmlschemas/ActivityExtension/v2">
        <Speed>2.8</Speed>
       </TPX>
      </Extensions>
     </Trackpoint>
     <Trackpoint>
      <Time>2026-08-08T11:09:15Z</Time>
      <Position>
       <LatitudeDegrees>5.2335430</LatitudeDegrees>
       <LongitudeDegrees>100.4356830</LongitudeDegrees>
      </Position>
      <AltitudeMeters>5.6</AltitudeMeters>
      <DistanceMeters>674.9</DistanceMeters>
      <HeartRateBpm>
       <Value>143</Value>
      </HeartRateBpm>
      <Extensions>
       <TPX xmlns="http://www.garmin.com/xmlschemas/ActivityExtension/v2">
        <Speed>2.7</Speed>
       </TPX>
      </Extensions>
     </Trackpoint>
     <Trackpoint>
      <Time>2026-08-08T11:09:16Z</Time>
      <Position>
       <LatitudeDegrees>5.2335330</LatitudeDegrees>
       <LongitudeDegrees>100.4356610</LongitudeDegrees>
      </Position>
      <AltitudeMeters>5.6</AltitudeMeters>
      <DistanceMeters>677.6</DistanceMeters>
      <HeartRateBpm>
       <Value>143</Value>
      </HeartRateBpm>
      <Extensions>
       <TPX xmlns="http://www.garmin.com/xmlschemas/ActivityExtension/v2">
        <Speed>2.7</Speed>
       </TPX>
      </Extensions>
     </Trackpoint>
     <Trackpoint>
      <Time>2026-08-08T11:09:17Z</Time>
      <Position>
       <LatitudeDegrees>5.2335250</LatitudeDegrees>
       <LongitudeDegrees>100.4356400</LongitudeDegrees>
      </Position>
      <AltitudeMeters>5.6</AltitudeMeters>
      <DistanceMeters>680.1</DistanceMeters>
      <HeartRateBpm>
       <Value>143</Value>
      </HeartRateBpm>
      <Extensions>
       <TPX xmlns="http://www.garmin.com/xmlschemas/ActivityExtension/v2">
        <Speed>2.7</Speed>
       </TPX>
      </Extensions>
     </Trackpoint>
     <Trackpoint>
      <Time>2026-08-08T11:09:18Z</Time>
      <Position>
       <LatitudeDegrees>5.2335220</LatitudeDegrees>
       <LongitudeDegrees>100.4356160</LongitudeDegrees>
      </Position>
      <AltitudeMeters>5.6</AltitudeMeters>
      <DistanceMeters>682.7</DistanceMeters>
      <HeartRateBpm>
       <Value>142</Value>
      </HeartRateBpm>
      <Extensions>
       <TPX xmlns="http://www.garmin.com/xmlschemas/ActivityExtension/v2">
        <Speed>2.6</Speed>
       </TPX>
      </Extensions>
     </Trackpoint>
     <Trackpoint>
      <Time>2026-08-08T11:09:19Z</Time>
      <Position>
       <LatitudeDegrees>5.2335170</LatitudeDegrees>
       <LongitudeDegrees>100.4355930</LongitudeDegrees>
      </Position>
      <AltitudeMeters>5.6</AltitudeMeters>
      <DistanceMeters>685.3</DistanceMeters>
      <HeartRateBpm>
       <Value>142</Value>
      </HeartRateBpm>
      <Extensions>
       <TPX xmlns="http://www.garmin.com/xmlschemas/ActivityExtension/v2">
        <Speed>2.6</Speed>
       </TPX>
      </Extensions>
     </Trackpoint>
     <Trackpoint>
      <Time>2026-08-08T11:09:20Z</Time>
      <Position>
       <LatitudeDegrees>5.2335110</LatitudeDegrees>
       <LongitudeDegrees>100.4355720</LongitudeDegrees>
      </Position>
      <AltitudeMeters>5.6</AltitudeMeters>
      <DistanceMeters>687.7</DistanceMeters>
      <HeartRateBpm>
       <Value>142</Value>
      </HeartRateBpm>
      <Extensions>
       <TPX xmlns="http://www.garmin.com/xmlschemas/ActivityExtension/v2">
        <Speed>2.6</Speed>
       </TPX>
      </Extensions>
     </Trackpoint>
     <Trackpoint>
      <Time>2026-08-08T11:09:21Z</Time>
      <Position>
       <LatitudeDegrees>5.2335060</LatitudeDegrees>
       <LongitudeDegrees>100.4355480</LongitudeDegrees>
      </Position>
      <AltitudeMeters>5.6</AltitudeMeters>
      <DistanceMeters>690.5</DistanceMeters>
      <HeartRateBpm>
       <Value>142</Value>
      </HeartRateBpm>
      <Extensions>
       <TPX xmlns="http://www.garmin.com/xmlschemas/ActivityExtension/v2">
        <Speed>2.6</Speed>
       </TPX>
      </Extensions>
     </Trackpoint>
     <Trackpoint>
      <Time>2026-08-08T11:09:22Z</Time>
      <Position>
       <LatitudeDegrees>5.2335020</LatitudeDegrees>
       <LongitudeDegrees>100.4355260</LongitudeDegrees>
      </Position>
      <AltitudeMeters>5.6</AltitudeMeters>
      <DistanceMeters>693.0</DistanceMeters>
      <HeartRateBpm>
       <Value>142</Value>
      </HeartRateBpm>
      <Extensions>
       <TPX xmlns="http://www.garmin.com/xmlschemas/ActivityExtension/v2">
        <Speed>2.6</Speed>
       </TPX>
      </Extensions>
     </Trackpoint>
     <Trackpoint>
      <Time>2026-08-08T11:09:23Z</Time>
      <Position>
       <LatitudeDegrees>5.2335000</LatitudeDegrees>
       <LongitudeDegrees>100.4355040</LongitudeDegrees>
      </Position>
      <AltitudeMeters>5.6</AltitudeMeters>
      <DistanceMeters>695.4</DistanceMeters>
      <HeartRateBpm>
       <Value>142</Value>
      </HeartRateBpm>
      <Extensions>
       <TPX xmlns="http://www.garmin.com/xmlschemas/ActivityExtension/v2">
        <Speed>2.5</Speed>
       </TPX>
      </Extensions>
     </Trackpoint>
     <Trackpoint>
      <Time>2026-08-08T11:09:24Z</Time>
      <Position>
       <LatitudeDegrees>5.2334990</LatitudeDegrees>
       <LongitudeDegrees>100.4354810</LongitudeDegrees>
      </Position>
      <AltitudeMeters>5.6</AltitudeMeters>
      <DistanceMeters>697.9</DistanceMeters>
      <HeartRateBpm>
       <Value>142</Value>
      </HeartRateBpm>
      <Extensions>
       <TPX xmlns="http://www.garmin.com/xmlschemas/ActivityExtension/v2">
        <Speed>2.5</Speed>
       </TPX>
      </Extensions>
     </Trackpoint>
     <Trackpoint>
      <Time>2026-08-08T11:09:25Z</Time>
      <Position>
       <LatitudeDegrees>5.2334950</LatitudeDegrees>
       <LongitudeDegrees>100.4354570</LongitudeDegrees>
      </Position>
      <AltitudeMeters>5.6</AltitudeMeters>
      <DistanceMeters>700.6</DistanceMeters>
      <HeartRateBpm>
       <Value>142</Value>
      </HeartRateBpm>
      <Extensions>
       <TPX xmlns="http://www.garmin.com/xmlschemas/ActivityExtension/v2">
        <Speed>2.6</Speed>
       </TPX>
      </Extensions>
     </Trackpoint>
     <Trackpoint>
      <Time>2026-08-08T11:09:26Z</Time>
      <Position>
       <LatitudeDegrees>5.2334910</LatitudeDegrees>
       <LongitudeDegrees>100.4354350</LongitudeDegrees>
      </Position>
      <AltitudeMeters>5.6</AltitudeMeters>
      <DistanceMeters>703.1</DistanceMeters>
      <HeartRateBpm>
       <Value>142</Value>
      </HeartRateBpm>
      <Extensions>
       <TPX xmlns="http://www.garmin.com/xmlschemas/ActivityExtension/v2">
        <Speed>2.5</Speed>
       </TPX>
      </Extensions>
     </Trackpoint>
     <Trackpoint>
      <Time>2026-08-08T11:09:27Z</Time>
      <Position>
       <LatitudeDegrees>5.2334860</LatitudeDegrees>
       <LongitudeDegrees>100.4354120</LongitudeDegrees>
      </Position>
      <AltitudeMeters>5.6</AltitudeMeters>
      <DistanceMeters>705.7</DistanceMeters>
      <HeartRateBpm>
       <Value>142</Value>
      </HeartRateBpm>
      <Extensions>
       <TPX xmlns="http://www.garmin.com/xmlschemas/ActivityExtension/v2">
        <Speed>2.5</Speed>
       </TPX>
      </Extensions>
     </Trackpoint>
     <Trackpoint>
      <Time>2026-08-08T11:09:28Z</Time>
      <Position>
       <LatitudeDegrees>5.2334790</LatitudeDegrees>
       <LongitudeDegrees>100.4353910</LongitudeDegrees>
      </Position>
      <AltitudeMeters>5.6</AltitudeMeters>
      <DistanceMeters>708.1</DistanceMeters>
      <HeartRateBpm>
       <Value>142</Value>
      </HeartRateBpm>
      <Extensions>
       <TPX xmlns="http://www.garmin.com/xmlschemas/ActivityExtension/v2">
        <Speed>2.5</Speed>
       </TPX>
      </Extensions>
     </Trackpoint>
     <Trackpoint>
      <Time>2026-08-08T11:09:29Z</Time>
      <Position>
       <LatitudeDegrees>5.2334720</LatitudeDegrees>
       <LongitudeDegrees>100.4353670</LongitudeDegrees>
      </Position>
      <AltitudeMeters>5.6</AltitudeMeters>
      <DistanceMeters>710.9</DistanceMeters>
      <HeartRateBpm>
       <Value>142</Value>
      </HeartRateBpm>
      <Extensions>
       <TPX xmlns="http://www.garmin.com/xmlschemas/ActivityExtension/v2">
        <Speed>2.6</Speed>
       </TPX>
      </Extensions>
     </Trackpoint>
     <Trackpoint>
      <Time>2026-08-08T11:09:30Z</Time>
      <Position>
       <LatitudeDegrees>5.2334640</LatitudeDegrees>
       <LongitudeDegrees>100.4353440</LongitudeDegrees>
      </Position>
      <AltitudeMeters>5.6</AltitudeMeters>
      <DistanceMeters>713.6</DistanceMeters>
      <HeartRateBpm>
       <Value>142</Value>
      </HeartRateBpm>
      <Extensions>
       <TPX xmlns="http://www.garmin.com/xmlschemas/ActivityExtension/v2">
        <Speed>2.6</Speed>
       </TPX>
      </Extensions>
     </Trackpoint>
     <Trackpoint>
      <Time>2026-08-08T11:09:31Z</Time>
      <Position>
       <LatitudeDegrees>5.2334580</LatitudeDegrees>
       <LongitudeDegrees>100.4353220</LongitudeDegrees>
      </Position>
      <AltitudeMeters>5.6</AltitudeMeters>
      <DistanceMeters>716.1</DistanceMeters>
      <HeartRateBpm>
       <Value>142</Value>
      </HeartRateBpm>
      <Extensions>
       <TPX xmlns="http://www.garmin.com/xmlschemas/ActivityExtension/v2">
        <Speed>2.6</Speed>
       </TPX>
      </Extensions>
     </Trackpoint>
     <Trackpoint>
      <Time>2026-08-08T11:09:32Z</Time>
      <Position>
       <LatitudeDegrees>5.2334510</LatitudeDegrees>
       <LongitudeDegrees>100.4352990</LongitudeDegrees>
      </Position>
      <AltitudeMeters>5.6</AltitudeMeters>
      <DistanceMeters>718.8</DistanceMeters>
      <HeartRateBpm>
       <Value>142</Value>
      </HeartRateBpm>
      <Extensions>
       <TPX xmlns="http://www.garmin.com/xmlschemas/ActivityExtension/v2">
        <Speed>2.6</Speed>
       </TPX>
      </Extensions>
     </Trackpoint>
     <Trackpoint>
      <Time>2026-08-08T11:09:33Z</Time>
      <Position>
       <LatitudeDegrees>5.2334450</LatitudeDegrees>
       <LongitudeDegrees>100.4352780</LongitudeDegrees>
      </Position>
      <AltitudeMeters>5.6</AltitudeMeters>
      <DistanceMeters>721.3</DistanceMeters>
      <HeartRateBpm>
       <Value>142</Value>
      </HeartRateBpm>
      <Extensions>
       <TPX xmlns="http://www.garmin.com/xmlschemas/ActivityExtension/v2">
        <Speed>2.6</Speed>
       </TPX>
      </Extensions>
     </Trackpoint>
     <Trackpoint>
      <Time>2026-08-08T11:09:34Z</Time>
      <Position>
       <LatitudeDegrees>5.2334390</LatitudeDegrees>
       <LongitudeDegrees>100.4352560</LongitudeDegrees>
      </Position>
      <AltitudeMeters>5.6</AltitudeMeters>
      <DistanceMeters>723.8</DistanceMeters>
      <HeartRateBpm>
       <Value>142</Value>
      </HeartRateBpm>
      <Extensions>
       <TPX xmlns="http://www.garmin.com/xmlschemas/ActivityExtension/v2">
        <Speed>2.6</Speed>
       </TPX>
      </Extensions>
     </Trackpoint>
     <Trackpoint>
      <Time>2026-08-08T11:09:35Z</Time>
      <Position>
       <LatitudeDegrees>5.2334330</LatitudeDegrees>
       <LongitudeDegrees>100.4352330</LongitudeDegrees>
      </Position>
      <AltitudeMeters>5.6</AltitudeMeters>
      <DistanceMeters>726.4</DistanceMeters>
      <HeartRateBpm>
       <Value>142</Value>
      </HeartRateBpm>
      <Extensions>
       <TPX xmlns="http://www.garmin.com/xmlschemas/ActivityExtension/v2">
        <Speed>2.6</Speed>
       </TPX>
      </Extensions>
     </Trackpoint>
     <Trackpoint>
      <Time>2026-08-08T11:09:36Z</Time>
      <Position>
       <LatitudeDegrees>5.2334280</LatitudeDegrees>
       <LongitudeDegrees>100.4352110</LongitudeDegrees>
      </Position>
      <AltitudeMeters>5.6</AltitudeMeters>
      <DistanceMeters>728.9</DistanceMeters>
      <HeartRateBpm>
       <Value>142</Value>
      </HeartRateBpm>
      <Extensions>
       <TPX xmlns="http://www.garmin.com/xmlschemas/ActivityExtension/v2">
        <Speed>2.6</Speed>
       </TPX>
      </Extensions>
     </Trackpoint>
     <Trackpoint>
      <Time>2026-08-08T11:09:37Z</Time>
      <Position>
       <LatitudeDegrees>5.2334210</LatitudeDegrees>
       <LongitudeDegrees>100.4351880</LongitudeDegrees>
      </Position>
      <AltitudeMeters>5.6</AltitudeMeters>
      <DistanceMeters>731.6</DistanceMeters>
      <HeartRateBpm>
       <Value>142</Value>
      </HeartRateBpm>
      <Extensions>
       <TPX xmlns="http://www.garmin.com/xmlschemas/ActivityExtension/v2">
        <Speed>2.6</Speed>
       </TPX>
      </Extensions>
     </Trackpoint>
     <Trackpoint>
      <Time>2026-08-08T11:09:38Z</Time>
      <Position>
       <LatitudeDegrees>5.2334150</LatitudeDegrees>
       <LongitudeDegrees>100.4351640</LongitudeDegrees>
      </Position>
      <AltitudeMeters>5.6</AltitudeMeters>
      <DistanceMeters>734.3</DistanceMeters>
      <HeartRateBpm>
       <Value>143</Value>
      </HeartRateBpm>
      <Extensions>
       <TPX xmlns="http://www.garmin.com/xmlschemas/ActivityExtension/v2">
        <Speed>2.6</Speed>
       </TPX>
      </Extensions>
     </Trackpoint>
     <Trackpoint>
      <Time>2026-08-08T11:09:39Z</Time>
      <Position>
       <LatitudeDegrees>5.2334100</LatitudeDegrees>
       <LongitudeDegrees>100.4351410</LongitudeDegrees>
      </Position>
      <AltitudeMeters>5.6</AltitudeMeters>
      <DistanceMeters>736.9</DistanceMeters>
      <HeartRateBpm>
       <Value>143</Value>
      </HeartRateBpm>
      <Extensions>
       <TPX xmlns="http://www.garmin.com/xmlschemas/ActivityExtension/v2">
        <Speed>2.6</Speed>
       </TPX>
      </Extensions>
     </Trackpoint>
     <Trackpoint>
      <Time>2026-08-08T11:09:40Z</Time>
      <Position>
       <LatitudeDegrees>5.2334070</LatitudeDegrees>
       <LongitudeDegrees>100.4351170</LongitudeDegrees>
      </Position>
      <AltitudeMeters>5.6</AltitudeMeters>
      <DistanceMeters>739.5</DistanceMeters>
      <HeartRateBpm>
       <Value>143</Value>
      </HeartRateBpm>
      <Extensions>
       <TPX xmlns="http://www.garmin.com/xmlschemas/ActivityExtension/v2">
        <Speed>2.6</Speed>
       </TPX>
      </Extensions>
     </Trackpoint>
     <Trackpoint>
      <Time>2026-08-08T11:09:41Z</Time>
      <Position>
       <LatitudeDegrees>5.2334060</LatitudeDegrees>
       <LongitudeDegrees>100.4350910</LongitudeDegrees>
      </Position>
      <AltitudeMeters>5.6</AltitudeMeters>
      <DistanceMeters>742.4</DistanceMeters>
      <HeartRateBpm>
       <Value>143</Value>
      </HeartRateBpm>
      <Extensions>
       <TPX xmlns="http://www.garmin.com/xmlschemas/ActivityExtension/v2">
        <Speed>2.7</Speed>
       </TPX>
      </Extensions>
     </Trackpoint>
     <Trackpoint>
      <Time>2026-08-08T11:09:42Z</Time>
      <Position>
       <LatitudeDegrees>5.2334020</LatitudeDegrees>
       <LongitudeDegrees>100.4350670</LongitudeDegrees>
      </Position>
      <AltitudeMeters>5.6</AltitudeMeters>
      <DistanceMeters>745.1</DistanceMeters>
      <HeartRateBpm>
       <Value>144</Value>
      </HeartRateBpm>
      <Extensions>
       <TPX xmlns="http://www.garmin.com/xmlschemas/ActivityExtension/v2">
        <Speed>2.7</Speed>
       </TPX>
      </Extensions>
     </Trackpoint>
     <Trackpoint>
      <Time>2026-08-08T11:09:43Z</Time>
      <Position>
       <LatitudeDegrees>5.2333960</LatitudeDegrees>
       <LongitudeDegrees>100.4350420</LongitudeDegrees>
      </Position>
      <AltitudeMeters>5.6</AltitudeMeters>
      <DistanceMeters>747.9</DistanceMeters>
      <HeartRateBpm>
       <Value>144</Value>
      </HeartRateBpm>
      <Extensions>
       <TPX xmlns="http://www.garmin.com/xmlschemas/ActivityExtension/v2">
        <Speed>2.7</Speed>
       </TPX>
      </Extensions>
     </Trackpoint>
     <Trackpoint>
      <Time>2026-08-08T11:09:44Z</Time>
      <Position>
       <LatitudeDegrees>5.2333910</LatitudeDegrees>
       <LongitudeDegrees>100.4350170</LongitudeDegrees>
      </Position>
      <AltitudeMeters>5.6</AltitudeMeters>
      <DistanceMeters>750.8</DistanceMeters>
      <HeartRateBpm>
       <Value>144</Value>
      </HeartRateBpm>
      <Extensions>
       <TPX xmlns="http://www.garmin.com/xmlschemas/ActivityExtension/v2">
        <Speed>2.8</Speed>
       </TPX>
      </Extensions>
     </Trackpoint>
     <Trackpoint>
      <Time>2026-08-08T11:09:45Z</Time>
      <Position>
       <LatitudeDegrees>5.2333870</LatitudeDegrees>
       <LongitudeDegrees>100.4349910</LongitudeDegrees>
      </Position>
      <AltitudeMeters>5.6</AltitudeMeters>
      <DistanceMeters>753.7</DistanceMeters>
      <HeartRateBpm>
       <Value>143</Value>
      </HeartRateBpm>
      <Extensions>
       <TPX xmlns="http://www.garmin.com/xmlschemas/ActivityExtension/v2">
        <Speed>2.8</Speed>
       </TPX>
      </Extensions>
     </Trackpoint>
     <Trackpoint>
      <Time>2026-08-08T11:09:46Z</Time>
      <Position>
       <LatitudeDegrees>5.2333860</LatitudeDegrees>
       <LongitudeDegrees>100.4349660</LongitudeDegrees>
      </Position>
      <AltitudeMeters>5.6</AltitudeMeters>
      <DistanceMeters>756.5</DistanceMeters>
      <HeartRateBpm>
       <Value>144</Value>
      </HeartRateBpm>
      <Extensions>
       <TPX xmlns="http://www.garmin.com/xmlschemas/ActivityExtension/v2">
        <Speed>2.8</Speed>
       </TPX>
      </Extensions>
     </Trackpoint>
     <Trackpoint>
      <Time>2026-08-08T11:09:47Z</Time>
      <Position>
       <LatitudeDegrees>5.2333870</LatitudeDegrees>
       <LongitudeDegrees>100.4349410</LongitudeDegrees>
      </Position>
      <AltitudeMeters>5.6</AltitudeMeters>
      <DistanceMeters>759.3</DistanceMeters>
      <HeartRateBpm>
       <Value>144</Value>
      </HeartRateBpm>
      <Extensions>
       <TPX xmlns="http://www.garmin.com/xmlschemas/ActivityExtension/v2">
        <Speed>2.8</Speed>
       </TPX>
      </Extensions>
     </Trackpoint>
     <Trackpoint>
      <Time>2026-08-08T11:09:48Z</Time>
      <Position>
       <LatitudeDegrees>5.2333880</LatitudeDegrees>
       <LongitudeDegrees>100.4349190</LongitudeDegrees>
      </Position>
      <AltitudeMeters>5.6</AltitudeMeters>
      <DistanceMeters>761.7</DistanceMeters>
      <HeartRateBpm>
       <Value>144</Value>
      </HeartRateBpm>
      <Extensions>
       <TPX xmlns="http://www.garmin.com/xmlschemas/ActivityExtension/v2">
        <Speed>2.8</Speed>
       </TPX>
      </Extensions>
     </Trackpoint>
     <Trackpoint>
      <Time>2026-08-08T11:09:49Z</Time>
      <Position>
       <LatitudeDegrees>5.2333920</LatitudeDegrees>
       <LongitudeDegrees>100.4348930</LongitudeDegrees>
      </Position>
      <AltitudeMeters>5.6</AltitudeMeters>
      <DistanceMeters>764.6</DistanceMeters>
      <HeartRateBpm>
       <Value>144</Value>
      </HeartRateBpm>
      <Extensions>
       <TPX xmlns="http://www.garmin.com/xmlschemas/ActivityExtension/v2">
        <Speed>2.8</Speed>
       </TPX>
      </Extensions>
     </Trackpoint>
     <Trackpoint>
      <Time>2026-08-08T11:09:50Z</Time>
      <Position>
       <LatitudeDegrees>5.2334020</LatitudeDegrees>
       <LongitudeDegrees>100.4348680</LongitudeDegrees>
      </Position>
      <AltitudeMeters>5.6</AltitudeMeters>
      <DistanceMeters>767.5</DistanceMeters>
      <HeartRateBpm>
       <Value>144</Value>
      </HeartRateBpm>
      <Extensions>
       <TPX xmlns="http://www.garmin.com/xmlschemas/ActivityExtension/v2">
        <Speed>2.8</Speed>
       </TPX>
      </Extensions>
     </Trackpoint>
     <Trackpoint>
      <Time>2026-08-08T11:09:51Z</Time>
      <Position>
       <LatitudeDegrees>5.2334140</LatitudeDegrees>
       <LongitudeDegrees>100.4348480</LongitudeDegrees>
      </Position>
      <AltitudeMeters>5.6</AltitudeMeters>
      <DistanceMeters>770.1</DistanceMeters>
      <HeartRateBpm>
       <Value>144</Value>
      </HeartRateBpm>
      <Extensions>
       <TPX xmlns="http://www.garmin.com/xmlschemas/ActivityExtension/v2">
        <Speed>2.7</Speed>
       </TPX>
      </Extensions>
     </Trackpoint>
     <Trackpoint>
      <Time>2026-08-08T11:09:52Z</Time>
      <Position>
       <LatitudeDegrees>5.2334200</LatitudeDegrees>
       <LongitudeDegrees>100.4348260</LongitudeDegrees>
      </Position>
      <AltitudeMeters>5.6</AltitudeMeters>
      <DistanceMeters>772.7</DistanceMeters>
      <HeartRateBpm>
       <Value>144</Value>
      </HeartRateBpm>
      <Extensions>
       <TPX xmlns="http://www.garmin.com/xmlschemas/ActivityExtension/v2">
        <Speed>2.7</Speed>
       </TPX>
      </Extensions>
     </Trackpoint>
     <Trackpoint>
      <Time>2026-08-08T11:09:53Z</Time>
      <Position>
       <LatitudeDegrees>5.2334230</LatitudeDegrees>
       <LongitudeDegrees>100.4348030</LongitudeDegrees>
      </Position>
      <AltitudeMeters>5.6</AltitudeMeters>
      <DistanceMeters>775.3</DistanceMeters>
      <HeartRateBpm>
       <Value>144</Value>
      </HeartRateBpm>
      <Extensions>
       <TPX xmlns="http://www.garmin.com/xmlschemas/ActivityExtension/v2">
        <Speed>2.7</Speed>
       </TPX>
      </Extensions>
     </Trackpoint>
     <Trackpoint>
      <Time>2026-08-08T11:09:54Z</Time>
      <Position>
       <LatitudeDegrees>5.2334290</LatitudeDegrees>
       <LongitudeDegrees>100.4347790</LongitudeDegrees>
      </Position>
      <AltitudeMeters>5.6</AltitudeMeters>
      <DistanceMeters>778.0</DistanceMeters>
      <HeartRateBpm>
       <Value>145</Value>
      </HeartRateBpm>
      <Extensions>
       <TPX xmlns="http://www.garmin.com/xmlschemas/ActivityExtension/v2">
        <Speed>2.7</Speed>
       </TPX>
      </Extensions>
     </Trackpoint>
     <Trackpoint>
      <Time>2026-08-08T11:09:55Z</Time>
      <Position>
       <LatitudeDegrees>5.2334350</LatitudeDegrees>
       <LongitudeDegrees>100.4347580</LongitudeDegrees>
      </Position>
      <AltitudeMeters>5.7</AltitudeMeters>
      <DistanceMeters>780.4</DistanceMeters>
      <HeartRateBpm>
       <Value>145</Value>
      </HeartRateBpm>
      <Extensions>
       <TPX xmlns="http://www.garmin.com/xmlschemas/ActivityExtension/v2">
        <Speed>2.6</Speed>
       </TPX>
      </Extensions>
     </Trackpoint>
     <Trackpoint>
      <Time>2026-08-08T11:09:56Z</Time>
      <Position>
       <LatitudeDegrees>5.2334460</LatitudeDegrees>
       <LongitudeDegrees>100.4347340</LongitudeDegrees>
      </Position>
      <AltitudeMeters>5.7</AltitudeMeters>
      <DistanceMeters>783.3</DistanceMeters>
      <HeartRateBpm>
       <Value>145</Value>
      </HeartRateBpm>
      <Extensions>
       <TPX xmlns="http://www.garmin.com/xmlschemas/ActivityExtension/v2">
        <Speed>2.6</Speed>
       </TPX>
      </Extensions>
     </Trackpoint>
     <Trackpoint>
      <Time>2026-08-08T11:09:57Z</Time>
      <Position>
       <LatitudeDegrees>5.2334590</LatitudeDegrees>
       <LongitudeDegrees>100.4347120</LongitudeDegrees>
      </Position>
      <AltitudeMeters>5.7</AltitudeMeters>
      <DistanceMeters>786.2</DistanceMeters>
      <HeartRateBpm>
       <Value>145</Value>
      </HeartRateBpm>
      <Extensions>
       <TPX xmlns="http://www.garmin.com/xmlschemas/ActivityExtension/v2">
        <Speed>2.7</Speed>
       </TPX>
      </Extensions>
     </Trackpoint>
     <Trackpoint>
      <Time>2026-08-08T11:09:58Z</Time>
      <Position>
       <LatitudeDegrees>5.2334760</LatitudeDegrees>
       <LongitudeDegrees>100.4346930</LongitudeDegrees>
      </Position>
      <AltitudeMeters>5.7</AltitudeMeters>
      <DistanceMeters>789.0</DistanceMeters>
      <HeartRateBpm>
       <Value>145</Value>
      </HeartRateBpm>
      <Extensions>
       <TPX xmlns="http://www.garmin.com/xmlschemas/ActivityExtension/v2">
        <Speed>2.7</Speed>
       </TPX>
      </Extensions>
     </Trackpoint>
     <Trackpoint>
      <Time>2026-08-08T11:09:59Z</Time>
      <Position>
       <LatitudeDegrees>5.2334900</LatitudeDegrees>
       <LongitudeDegrees>100.4346730</LongitudeDegrees>
      </Position>
      <AltitudeMeters>5.7</AltitudeMeters>
      <DistanceMeters>791.7</DistanceMeters>
      <HeartRateBpm>
       <Value>144</Value>
      </HeartRateBpm>
      <Extensions>
       <TPX xmlns="http://www.garmin.com/xmlschemas/ActivityExtension/v2">
        <Speed>2.7</Speed>
       </TPX>
      </Extensions>
     </Trackpoint>
     <Trackpoint>
      <Time>2026-08-08T11:10:00Z</Time>
      <Position>
       <LatitudeDegrees>5.2335040</LatitudeDegrees>
       <LongitudeDegrees>100.4346540</LongitudeDegrees>
      </Position>
      <AltitudeMeters>5.7</AltitudeMeters>
      <DistanceMeters>794.3</DistanceMeters>
      <HeartRateBpm>
       <Value>144</Value>
      </HeartRateBpm>
      <Extensions>
       <TPX xmlns="http://www.garmin.com/xmlschemas/ActivityExtension/v2">
        <Speed>2.8</Speed>
       </TPX>
      </Extensions>
     </Trackpoint>
     <Trackpoint>
      <Time>2026-08-08T11:10:01Z</Time>
      <Position>
       <LatitudeDegrees>5.2335230</LatitudeDegrees>
       <LongitudeDegrees>100.4346370</LongitudeDegrees>
      </Position>
      <AltitudeMeters>5.7</AltitudeMeters>
      <DistanceMeters>797.1</DistanceMeters>
      <HeartRateBpm>
       <Value>144</Value>
      </HeartRateBpm>
      <Extensions>
       <TPX xmlns="http://www.garmin.com/xmlschemas/ActivityExtension/v2">
        <Speed>2.8</Speed>
       </TPX>
      </Extensions>
     </Trackpoint>
     <Trackpoint>
      <Time>2026-08-08T11:10:02Z</Time>
      <Position>
       <LatitudeDegrees>5.2335420</LatitudeDegrees>
       <LongitudeDegrees>100.4346220</LongitudeDegrees>
      </Position>
      <AltitudeMeters>5.7</AltitudeMeters>
      <DistanceMeters>799.8</DistanceMeters>
      <HeartRateBpm>
       <Value>144</Value>
      </HeartRateBpm>
      <Extensions>
       <TPX xmlns="http://www.garmin.com/xmlschemas/ActivityExtension/v2">
        <Speed>2.7</Speed>
       </TPX>
      </Extensions>
     </Trackpoint>
     <Trackpoint>
      <Time>2026-08-08T11:10:03Z</Time>
      <Position>
       <LatitudeDegrees>5.2335650</LatitudeDegrees>
       <LongitudeDegrees>100.4346090</LongitudeDegrees>
      </Position>
      <AltitudeMeters>5.7</AltitudeMeters>
      <DistanceMeters>802.7</DistanceMeters>
      <HeartRateBpm>
       <Value>145</Value>
      </HeartRateBpm>
      <Extensions>
       <TPX xmlns="http://www.garmin.com/xmlschemas/ActivityExtension/v2">
        <Speed>2.7</Speed>
       </TPX>
      </Extensions>
     </Trackpoint>
     <Trackpoint>
      <Time>2026-08-08T11:10:04Z</Time>
      <Position>
       <LatitudeDegrees>5.2335920</LatitudeDegrees>
       <LongitudeDegrees>100.4346010</LongitudeDegrees>
      </Position>
      <AltitudeMeters>5.7</AltitudeMeters>
      <DistanceMeters>805.8</DistanceMeters>
      <HeartRateBpm>
       <Value>144</Value>
      </HeartRateBpm>
      <Extensions>
       <TPX xmlns="http://www.garmin.com/xmlschemas/ActivityExtension/v2">
        <Speed>2.8</Speed>
       </TPX>
      </Extensions>
     </Trackpoint>
     <Trackpoint>
      <Time>2026-08-08T11:10:05Z</Time>
      <Position>
       <LatitudeDegrees>5.2336170</LatitudeDegrees>
       <LongitudeDegrees>100.4345940</LongitudeDegrees>
      </Position>
      <AltitudeMeters>5.7</AltitudeMeters>
      <DistanceMeters>808.7</DistanceMeters>
      <HeartRateBpm>
       <Value>144</Value>
      </HeartRateBpm>
      <Extensions>
       <TPX xmlns="http://www.garmin.com/xmlschemas/ActivityExtension/v2">
        <Speed>2.9</Speed>
       </TPX>
      </Extensions>
     </Trackpoint>
     <Trackpoint>
      <Time>2026-08-08T11:10:06Z</Time>
      <Position>
       <LatitudeDegrees>5.2336410</LatitudeDegrees>
       <LongitudeDegrees>100.4345900</LongitudeDegrees>
      </Position>
      <AltitudeMeters>5.7</AltitudeMeters>
      <DistanceMeters>811.4</DistanceMeters>
      <HeartRateBpm>
       <Value>144</Value>
      </HeartRateBpm>
      <Extensions>
       <TPX xmlns="http://www.garmin.com/xmlschemas/ActivityExtension/v2">
        <Speed>2.9</Speed>
       </TPX>
      </Extensions>
     </Trackpoint>
     <Trackpoint>
      <Time>2026-08-08T11:10:07Z</Time>
      <Position>
       <LatitudeDegrees>5.2336650</LatitudeDegrees>
       <LongitudeDegrees>100.4345840</LongitudeDegrees>
      </Position>
      <AltitudeMeters>5.7</AltitudeMeters>
      <DistanceMeters>814.1</DistanceMeters>
      <HeartRateBpm>
       <Value>144</Value>
      </HeartRateBpm>
      <Extensions>
       <TPX xmlns="http://www.garmin.com/xmlschemas/ActivityExtension/v2">
        <Speed>2.9</Speed>
       </TPX>
      </Extensions>
     </Trackpoint>
     <Trackpoint>
      <Time>2026-08-08T11:10:08Z</Time>
      <Position>
       <LatitudeDegrees>5.2336890</LatitudeDegrees>
       <LongitudeDegrees>100.4345780</LongitudeDegrees>
      </Position>
      <AltitudeMeters>5.7</AltitudeMeters>
      <DistanceMeters>816.8</DistanceMeters>
      <HeartRateBpm>
       <Value>144</Value>
      </HeartRateBpm>
      <Extensions>
       <TPX xmlns="http://www.garmin.com/xmlschemas/ActivityExtension/v2">
        <Speed>2.8</Speed>
       </TPX>
      </Extensions>
     </Trackpoint>
     <Trackpoint>
      <Time>2026-08-08T11:10:09Z</Time>
      <Position>
       <LatitudeDegrees>5.2337120</LatitudeDegrees>
       <LongitudeDegrees>100.4345720</LongitudeDegrees>
      </Position>
      <AltitudeMeters>5.7</AltitudeMeters>
      <DistanceMeters>819.5</DistanceMeters>
      <HeartRateBpm>
       <Value>144</Value>
      </HeartRateBpm>
      <Extensions>
       <TPX xmlns="http://www.garmin.com/xmlschemas/ActivityExtension/v2">
        <Speed>2.7</Speed>
       </TPX>
      </Extensions>
     </Trackpoint>
     <Trackpoint>
      <Time>2026-08-08T11:10:10Z</Time>
      <Position>
       <LatitudeDegrees>5.2337350</LatitudeDegrees>
       <LongitudeDegrees>100.4345660</LongitudeDegrees>
      </Position>
      <AltitudeMeters>5.7</AltitudeMeters>
      <DistanceMeters>822.2</DistanceMeters>
      <HeartRateBpm>
       <Value>144</Value>
      </HeartRateBpm>
      <Extensions>
       <TPX xmlns="http://www.garmin.com/xmlschemas/ActivityExtension/v2">
        <Speed>2.7</Speed>
       </TPX>
      </Extensions>
     </Trackpoint>
     <Trackpoint>
      <Time>2026-08-08T11:10:11Z</Time>
      <Position>
       <LatitudeDegrees>5.2337620</LatitudeDegrees>
       <LongitudeDegrees>100.4345640</LongitudeDegrees>
      </Position>
      <AltitudeMeters>5.7</AltitudeMeters>
      <DistanceMeters>825.2</DistanceMeters>
      <HeartRateBpm>
       <Value>144</Value>
      </HeartRateBpm>
      <Extensions>
       <TPX xmlns="http://www.garmin.com/xmlschemas/ActivityExtension/v2">
        <Speed>2.8</Speed>
       </TPX>
      </Extensions>
     </Trackpoint>
     <Trackpoint>
      <Time>2026-08-08T11:10:12Z</Time>
      <Position>
       <LatitudeDegrees>5.2337870</LatitudeDegrees>
       <LongitudeDegrees>100.4345630</LongitudeDegrees>
      </Position>
      <AltitudeMeters>5.7</AltitudeMeters>
      <DistanceMeters>828.0</DistanceMeters>
      <HeartRateBpm>
       <Value>143</Value>
      </HeartRateBpm>
      <Extensions>
       <TPX xmlns="http://www.garmin.com/xmlschemas/ActivityExtension/v2">
        <Speed>2.8</Speed>
       </TPX>
      </Extensions>
     </Trackpoint>
     <Trackpoint>
      <Time>2026-08-08T11:10:13Z</Time>
      <Position>
       <LatitudeDegrees>5.2338100</LatitudeDegrees>
       <LongitudeDegrees>100.4345600</LongitudeDegrees>
      </Position>
      <AltitudeMeters>5.6</AltitudeMeters>
      <DistanceMeters>830.6</DistanceMeters>
      <HeartRateBpm>
       <Value>143</Value>
      </HeartRateBpm>
      <Extensions>
       <TPX xmlns="http://www.garmin.com/xmlschemas/ActivityExtension/v2">
        <Speed>2.8</Speed>
       </TPX>
      </Extensions>
     </Trackpoint>
     <Trackpoint>
      <Time>2026-08-08T11:10:14Z</Time>
      <Position>
       <LatitudeDegrees>5.2338340</LatitudeDegrees>
       <LongitudeDegrees>100.4345570</LongitudeDegrees>
      </Position>
      <AltitudeMeters>5.6</AltitudeMeters>
      <DistanceMeters>833.3</DistanceMeters>
      <HeartRateBpm>
       <Value>144</Value>
      </HeartRateBpm>
      <Extensions>
       <TPX xmlns="http://www.garmin.com/xmlschemas/ActivityExtension/v2">
        <Speed>2.8</Speed>
       </TPX>
      </Extensions>
     </Trackpoint>
     <Trackpoint>
      <Time>2026-08-08T11:10:15Z</Time>
      <Position>
       <LatitudeDegrees>5.2338570</LatitudeDegrees>
       <LongitudeDegrees>100.4345540</LongitudeDegrees>
      </Position>
      <AltitudeMeters>5.6</AltitudeMeters>
      <DistanceMeters>835.8</DistanceMeters>
      <HeartRateBpm>
       <Value>144</Value>
      </HeartRateBpm>
      <Extensions>
       <TPX xmlns="http://www.garmin.com/xmlschemas/ActivityExtension/v2">
        <Speed>2.7</Speed>
       </TPX>
      </Extensions>
     </Trackpoint>
     <Trackpoint>
      <Time>2026-08-08T11:10:16Z</Time>
      <Position>
       <LatitudeDegrees>5.2338800</LatitudeDegrees>
       <LongitudeDegrees>100.4345520</LongitudeDegrees>
      </Position>
      <AltitudeMeters>5.6</AltitudeMeters>
      <DistanceMeters>838.4</DistanceMeters>
      <HeartRateBpm>
       <Value>143</Value>
      </HeartRateBpm>
      <Extensions>
       <TPX xmlns="http://www.garmin.com/xmlschemas/ActivityExtension/v2">
        <Speed>2.6</Speed>
       </TPX>
      </Extensions>
     </Trackpoint>
     <Trackpoint>
      <Time>2026-08-08T11:10:17Z</Time>
      <Position>
       <LatitudeDegrees>5.2339040</LatitudeDegrees>
       <LongitudeDegrees>100.4345470</LongitudeDegrees>
      </Position>
      <AltitudeMeters>5.6</AltitudeMeters>
      <DistanceMeters>841.1</DistanceMeters>
      <HeartRateBpm>
       <Value>143</Value>
      </HeartRateBpm>
      <Extensions>
       <TPX xmlns="http://www.garmin.com/xmlschemas/ActivityExtension/v2">
        <Speed>2.6</Speed>
       </TPX>
      </Extensions>
     </Trackpoint>
     <Trackpoint>
      <Time>2026-08-08T11:10:18Z</Time>
      <Position>
       <LatitudeDegrees>5.2339250</LatitudeDegrees>
       <LongitudeDegrees>100.4345430</LongitudeDegrees>
      </Position>
      <AltitudeMeters>5.6</AltitudeMeters>
      <DistanceMeters>843.5</DistanceMeters>
      <HeartRateBpm>
       <Value>143</Value>
      </HeartRateBpm>
      <Extensions>
       <TPX xmlns="http://www.garmin.com/xmlschemas/ActivityExtension/v2">
        <Speed>2.6</Speed>
       </TPX>
      </Extensions>
     </Trackpoint>
     <Trackpoint>
      <Time>2026-08-08T11:10:19Z</Time>
      <Position>
       <LatitudeDegrees>5.2339510</LatitudeDegrees>
       <LongitudeDegrees>100.4345350</LongitudeDegrees>
      </Position>
      <AltitudeMeters>5.6</AltitudeMeters>
      <DistanceMeters>846.5</DistanceMeters>
      <HeartRateBpm>
       <Value>143</Value>
      </HeartRateBpm>
      <Extensions>
       <TPX xmlns="http://www.garmin.com/xmlschemas/ActivityExtension/v2">
        <Speed>2.6</Speed>
       </TPX>
      </Extensions>
     </Trackpoint>
     <Trackpoint>
      <Time>2026-08-08T11:10:20Z</Time>
      <Position>
       <LatitudeDegrees>5.2339750</LatitudeDegrees>
       <LongitudeDegrees>100.4345290</LongitudeDegrees>
      </Position>
      <AltitudeMeters>5.6</AltitudeMeters>
      <DistanceMeters>849.3</DistanceMeters>
      <HeartRateBpm>
       <Value>144</Value>
      </HeartRateBpm>
      <Extensions>
       <TPX xmlns="http://www.garmin.com/xmlschemas/ActivityExtension/v2">
        <Speed>2.7</Speed>
       </TPX>
      </Extensions>
     </Trackpoint>
     <Trackpoint>
      <Time>2026-08-08T11:10:21Z</Time>
      <Position>
       <LatitudeDegrees>5.2339980</LatitudeDegrees>
       <LongitudeDegrees>100.4345230</LongitudeDegrees>
      </Position>
      <AltitudeMeters>5.6</AltitudeMeters>
      <DistanceMeters>851.9</DistanceMeters>
      <HeartRateBpm>
       <Value>144</Value>
      </HeartRateBpm>
      <Extensions>
       <TPX xmlns="http://www.garmin.com/xmlschemas/ActivityExtension/v2">
        <Speed>2.7</Speed>
       </TPX>
      </Extensions>
     </Trackpoint>
     <Trackpoint>
      <Time>2026-08-08T11:10:22Z</Time>
      <Position>
       <LatitudeDegrees>5.2340220</LatitudeDegrees>
       <LongitudeDegrees>100.4345160</LongitudeDegrees>
      </Position>
      <AltitudeMeters>5.6</AltitudeMeters>
      <DistanceMeters>854.7</DistanceMeters>
      <HeartRateBpm>
       <Value>143</Value>
      </HeartRateBpm>
      <Extensions>
       <TPX xmlns="http://www.garmin.com/xmlschemas/ActivityExtension/v2">
        <Speed>2.7</Speed>
       </TPX>
      </Extensions>
     </Trackpoint>
     <Trackpoint>
      <Time>2026-08-08T11:10:23Z</Time>
      <Position>
       <LatitudeDegrees>5.2340440</LatitudeDegrees>
       <LongitudeDegrees>100.4345110</LongitudeDegrees>
      </Position>
      <AltitudeMeters>5.6</AltitudeMeters>
      <DistanceMeters>857.2</DistanceMeters>
      <HeartRateBpm>
       <Value>144</Value>
      </HeartRateBpm>
      <Extensions>
       <TPX xmlns="http://www.garmin.com/xmlschemas/ActivityExtension/v2">
        <Speed>2.7</Speed>
       </TPX>
      </Extensions>
     </Trackpoint>
     <Trackpoint>
      <Time>2026-08-08T11:10:24Z</Time>
      <Position>
       <LatitudeDegrees>5.2340700</LatitudeDegrees>
       <LongitudeDegrees>100.4345070</LongitudeDegrees>
      </Position>
      <AltitudeMeters>5.6</AltitudeMeters>
      <DistanceMeters>860.1</DistanceMeters>
      <HeartRateBpm>
       <Value>143</Value>
      </HeartRateBpm>
      <Extensions>
       <TPX xmlns="http://www.garmin.com/xmlschemas/ActivityExtension/v2">
        <Speed>2.7</Speed>
       </TPX>
      </Extensions>
     </Trackpoint>
     <Trackpoint>
      <Time>2026-08-08T11:10:25Z</Time>
      <Position>
       <LatitudeDegrees>5.2340940</LatitudeDegrees>
       <LongitudeDegrees>100.4345030</LongitudeDegrees>
      </Position>
      <AltitudeMeters>5.6</AltitudeMeters>
      <DistanceMeters>862.8</DistanceMeters>
      <HeartRateBpm>
       <Value>143</Value>
      </HeartRateBpm>
      <Extensions>
       <TPX xmlns="http://www.garmin.com/xmlschemas/ActivityExtension/v2">
        <Speed>2.7</Speed>
       </TPX>
      </Extensions>
     </Trackpoint>
     <Trackpoint>
      <Time>2026-08-08T11:10:26Z</Time>
      <Position>
       <LatitudeDegrees>5.2341160</LatitudeDegrees>
       <LongitudeDegrees>100.4344970</LongitudeDegrees>
      </Position>
      <AltitudeMeters>5.6</AltitudeMeters>
      <DistanceMeters>865.3</DistanceMeters>
      <HeartRateBpm>
       <Value>144</Value>
      </HeartRateBpm>
      <Extensions>
       <TPX xmlns="http://www.garmin.com/xmlschemas/ActivityExtension/v2">
        <Speed>2.7</Speed>
       </TPX>
      </Extensions>
     </Trackpoint>
     <Trackpoint>
      <Time>2026-08-08T11:10:27Z</Time>
      <Position>
       <LatitudeDegrees>5.2341390</LatitudeDegrees>
       <LongitudeDegrees>100.4344910</LongitudeDegrees>
      </Position>
      <AltitudeMeters>5.6</AltitudeMeters>
      <DistanceMeters>868.0</DistanceMeters>
      <HeartRateBpm>
       <Value>144</Value>
      </HeartRateBpm>
      <Extensions>
       <TPX xmlns="http://www.garmin.com/xmlschemas/ActivityExtension/v2">
        <Speed>2.7</Speed>
       </TPX>
      </Extensions>
     </Trackpoint>
     <Trackpoint>
      <Time>2026-08-08T11:10:28Z</Time>
      <Position>
       <LatitudeDegrees>5.2341600</LatitudeDegrees>
       <LongitudeDegrees>100.4344920</LongitudeDegrees>
      </Position>
      <AltitudeMeters>5.6</AltitudeMeters>
      <DistanceMeters>870.3</DistanceMeters>
      <HeartRateBpm>
       <Value>143</Value>
      </HeartRateBpm>
      <Extensions>
       <TPX xmlns="http://www.garmin.com/xmlschemas/ActivityExtension/v2">
        <Speed>2.6</Speed>
       </TPX>
      </Extensions>
     </Trackpoint>
     <Trackpoint>
      <Time>2026-08-08T11:10:29Z</Time>
      <Position>
       <LatitudeDegrees>5.2341830</LatitudeDegrees>
       <LongitudeDegrees>100.4344870</LongitudeDegrees>
      </Position>
      <AltitudeMeters>5.6</AltitudeMeters>
      <DistanceMeters>872.9</DistanceMeters>
      <HeartRateBpm>
       <Value>143</Value>
      </HeartRateBpm>
      <Extensions>
       <TPX xmlns="http://www.garmin.com/xmlschemas/ActivityExtension/v2">
        <Speed>2.6</Speed>
       </TPX>
      </Extensions>
     </Trackpoint>
     <Trackpoint>
      <Time>2026-08-08T11:10:30Z</Time>
      <Position>
       <LatitudeDegrees>5.2342050</LatitudeDegrees>
       <LongitudeDegrees>100.4344780</LongitudeDegrees>
      </Position>
      <AltitudeMeters>5.6</AltitudeMeters>
      <DistanceMeters>875.6</DistanceMeters>
      <HeartRateBpm>
       <Value>143</Value>
      </HeartRateBpm>
      <Extensions>
       <TPX xmlns="http://www.garmin.com/xmlschemas/ActivityExtension/v2">
        <Speed>2.6</Speed>
       </TPX>
      </Extensions>
     </Trackpoint>
     <Trackpoint>
      <Time>2026-08-08T11:10:31Z</Time>
      <Position>
       <LatitudeDegrees>5.2342260</LatitudeDegrees>
       <LongitudeDegrees>100.4344670</LongitudeDegrees>
      </Position>
      <AltitudeMeters>5.6</AltitudeMeters>
      <DistanceMeters>878.2</DistanceMeters>
      <HeartRateBpm>
       <Value>144</Value>
      </HeartRateBpm>
      <Extensions>
       <TPX xmlns="http://www.garmin.com/xmlschemas/ActivityExtension/v2">
        <Speed>2.6</Speed>
       </TPX>
      </Extensions>
     </Trackpoint>
     <Trackpoint>
      <Time>2026-08-08T11:10:32Z</Time>
      <Position>
       <LatitudeDegrees>5.2342480</LatitudeDegrees>
       <LongitudeDegrees>100.4344570</LongitudeDegrees>
      </Position>
      <AltitudeMeters>5.6</AltitudeMeters>
      <DistanceMeters>880.8</DistanceMeters>
      <HeartRateBpm>
       <Value>145</Value>
      </HeartRateBpm>
      <Extensions>
       <TPX xmlns="http://www.garmin.com/xmlschemas/ActivityExtension/v2">
        <Speed>2.6</Speed>
       </TPX>
      </Extensions>
     </Trackpoint>
     <Trackpoint>
      <Time>2026-08-08T11:10:33Z</Time>
      <Position>
       <LatitudeDegrees>5.2342690</LatitudeDegrees>
       <LongitudeDegrees>100.4344470</LongitudeDegrees>
      </Position>
      <AltitudeMeters>5.6</AltitudeMeters>
      <DistanceMeters>883.4</DistanceMeters>
      <HeartRateBpm>
       <Value>145</Value>
      </HeartRateBpm>
      <Extensions>
       <TPX xmlns="http://www.garmin.com/xmlschemas/ActivityExtension/v2">
        <Speed>2.6</Speed>
       </TPX>
      </Extensions>
     </Trackpoint>
     <Trackpoint>
      <Time>2026-08-08T11:10:34Z</Time>
      <Position>
       <LatitudeDegrees>5.2342930</LatitudeDegrees>
       <LongitudeDegrees>100.4344400</LongitudeDegrees>
      </Position>
      <AltitudeMeters>5.7</AltitudeMeters>
      <DistanceMeters>886.2</DistanceMeters>
      <HeartRateBpm>
       <Value>145</Value>
      </HeartRateBpm>
      <Extensions>
       <TPX xmlns="http://www.garmin.com/xmlschemas/ActivityExtension/v2">
        <Speed>2.7</Speed>
       </TPX>
      </Extensions>
     </Trackpoint>
     <Trackpoint>
      <Time>2026-08-08T11:10:35Z</Time>
      <Position>
       <LatitudeDegrees>5.2343160</LatitudeDegrees>
       <LongitudeDegrees>100.4344330</LongitudeDegrees>
      </Position>
      <AltitudeMeters>5.7</AltitudeMeters>
      <DistanceMeters>888.8</DistanceMeters>
      <HeartRateBpm>
       <Value>144</Value>
      </HeartRateBpm>
      <Extensions>
       <TPX xmlns="http://www.garmin.com/xmlschemas/ActivityExtension/v2">
        <Speed>2.6</Speed>
       </TPX>
      </Extensions>
     </Trackpoint>
     <Trackpoint>
      <Time>2026-08-08T11:10:36Z</Time>
      <Position>
       <LatitudeDegrees>5.2343390</LatitudeDegrees>
       <LongitudeDegrees>100.4344270</LongitudeDegrees>
      </Position>
      <AltitudeMeters>5.7</AltitudeMeters>
      <DistanceMeters>891.4</DistanceMeters>
      <HeartRateBpm>
       <Value>144</Value>
      </HeartRateBpm>
      <Extensions>
       <TPX xmlns="http://www.garmin.com/xmlschemas/ActivityExtension/v2">
        <Speed>2.6</Speed>
       </TPX>
      </Extensions>
     </Trackpoint>
     <Trackpoint>
      <Time>2026-08-08T11:10:37Z</Time>
      <Position>
       <LatitudeDegrees>5.2343610</LatitudeDegrees>
       <LongitudeDegrees>100.4344200</LongitudeDegrees>
      </Position>
      <AltitudeMeters>5.7</AltitudeMeters>
      <DistanceMeters>894.0</DistanceMeters>
      <HeartRateBpm>
       <Value>144</Value>
      </HeartRateBpm>
      <Extensions>
       <TPX xmlns="http://www.garmin.com/xmlschemas/ActivityExtension/v2">
        <Speed>2.6</Speed>
       </TPX>
      </Extensions>
     </Trackpoint>
     <Trackpoint>
      <Time>2026-08-08T11:10:38Z</Time>
      <Position>
       <LatitudeDegrees>5.2343870</LatitudeDegrees>
       <LongitudeDegrees>100.4344150</LongitudeDegrees>
      </Position>
      <AltitudeMeters>5.7</AltitudeMeters>
      <DistanceMeters>896.9</DistanceMeters>
      <HeartRateBpm>
       <Value>144</Value>
      </HeartRateBpm>
      <Extensions>
       <TPX xmlns="http://www.garmin.com/xmlschemas/ActivityExtension/v2">
        <Speed>2.7</Speed>
       </TPX>
      </Extensions>
     </Trackpoint>
     <Trackpoint>
      <Time>2026-08-08T11:10:39Z</Time>
      <Position>
       <LatitudeDegrees>5.2344120</LatitudeDegrees>
       <LongitudeDegrees>100.4344120</LongitudeDegrees>
      </Position>
      <AltitudeMeters>5.7</AltitudeMeters>
      <DistanceMeters>899.7</DistanceMeters>
      <HeartRateBpm>
       <Value>144</Value>
      </HeartRateBpm>
      <Extensions>
       <TPX xmlns="http://www.garmin.com/xmlschemas/ActivityExtension/v2">
        <Speed>2.7</Speed>
       </TPX>
      </Extensions>
     </Trackpoint>
     <Trackpoint>
      <Time>2026-08-08T11:10:40Z</Time>
      <Position>
       <LatitudeDegrees>5.2344360</LatitudeDegrees>
       <LongitudeDegrees>100.4344080</LongitudeDegrees>
      </Position>
      <AltitudeMeters>5.7</AltitudeMeters>
      <DistanceMeters>902.5</DistanceMeters>
      <HeartRateBpm>
       <Value>144</Value>
      </HeartRateBpm>
      <Extensions>
       <TPX xmlns="http://www.garmin.com/xmlschemas/ActivityExtension/v2">
        <Speed>2.7</Speed>
       </TPX>
      </Extensions>
     </Trackpoint>
     <Trackpoint>
      <Time>2026-08-08T11:10:41Z</Time>
      <Position>
       <LatitudeDegrees>5.2344590</LatitudeDegrees>
       <LongitudeDegrees>100.4344010</LongitudeDegrees>
      </Position>
      <AltitudeMeters>5.6</AltitudeMeters>
      <DistanceMeters>905.2</DistanceMeters>
      <HeartRateBpm>
       <Value>144</Value>
      </HeartRateBpm>
      <Extensions>
       <TPX xmlns="http://www.garmin.com/xmlschemas/ActivityExtension/v2">
        <Speed>2.8</Speed>
       </TPX>
      </Extensions>
     </Trackpoint>
     <Trackpoint>
      <Time>2026-08-08T11:10:42Z</Time>
      <Position>
       <LatitudeDegrees>5.2344820</LatitudeDegrees>
       <LongitudeDegrees>100.4343930</LongitudeDegrees>
      </Position>
      <AltitudeMeters>5.6</AltitudeMeters>
      <DistanceMeters>907.9</DistanceMeters>
      <HeartRateBpm>
       <Value>144</Value>
      </HeartRateBpm>
      <Extensions>
       <TPX xmlns="http://www.garmin.com/xmlschemas/ActivityExtension/v2">
        <Speed>2.8</Speed>
       </TPX>
      </Extensions>
     </Trackpoint>
     <Trackpoint>
      <Time>2026-08-08T11:10:43Z</Time>
      <Position>
       <LatitudeDegrees>5.2345030</LatitudeDegrees>
       <LongitudeDegrees>100.4343840</LongitudeDegrees>
      </Position>
      <AltitudeMeters>5.6</AltitudeMeters>
      <DistanceMeters>910.4</DistanceMeters>
      <HeartRateBpm>
       <Value>144</Value>
      </HeartRateBpm>
      <Extensions>
       <TPX xmlns="http://www.garmin.com/xmlschemas/ActivityExtension/v2">
        <Speed>2.7</Speed>
       </TPX>
      </Extensions>
     </Trackpoint>
     <Trackpoint>
      <Time>2026-08-08T11:10:44Z</Time>
      <Position>
       <LatitudeDegrees>5.2345230</LatitudeDegrees>
       <LongitudeDegrees>100.4343740</LongitudeDegrees>
      </Position>
      <AltitudeMeters>5.6</AltitudeMeters>
      <DistanceMeters>912.9</DistanceMeters>
      <HeartRateBpm>
       <Value>144</Value>
      </HeartRateBpm>
      <Extensions>
       <TPX xmlns="http://www.garmin.com/xmlschemas/ActivityExtension/v2">
        <Speed>2.6</Speed>
       </TPX>
      </Extensions>
     </Trackpoint>
     <Trackpoint>
      <Time>2026-08-08T11:10:45Z</Time>
      <Position>
       <LatitudeDegrees>5.2345420</LatitudeDegrees>
       <LongitudeDegrees>100.4343660</LongitudeDegrees>
      </Position>
      <AltitudeMeters>5.6</AltitudeMeters>
      <DistanceMeters>915.2</DistanceMeters>
      <HeartRateBpm>
       <Value>144</Value>
      </HeartRateBpm>
      <Extensions>
       <TPX xmlns="http://www.garmin.com/xmlschemas/ActivityExtension/v2">
        <Speed>2.5</Speed>
       </TPX>
      </Extensions>
     </Trackpoint>
     <Trackpoint>
      <Time>2026-08-08T11:10:46Z</Time>
      <Position>
       <LatitudeDegrees>5.2345650</LatitudeDegrees>
       <LongitudeDegrees>100.4343610</LongitudeDegrees>
      </Position>
      <AltitudeMeters>5.6</AltitudeMeters>
      <DistanceMeters>917.9</DistanceMeters>
      <HeartRateBpm>
       <Value>144</Value>
      </HeartRateBpm>
      <Extensions>
       <TPX xmlns="http://www.garmin.com/xmlschemas/ActivityExtension/v2">
        <Speed>2.5</Speed>
       </TPX>
      </Extensions>
     </Trackpoint>
     <Trackpoint>
      <Time>2026-08-08T11:10:47Z</Time>
      <Position>
       <LatitudeDegrees>5.2345900</LatitudeDegrees>
       <LongitudeDegrees>100.4343570</LongitudeDegrees>
      </Position>
      <AltitudeMeters>5.6</AltitudeMeters>
      <DistanceMeters>920.7</DistanceMeters>
      <HeartRateBpm>
       <Value>144</Value>
      </HeartRateBpm>
      <Extensions>
       <TPX xmlns="http://www.garmin.com/xmlschemas/ActivityExtension/v2">
        <Speed>2.6</Speed>
       </TPX>
      </Extensions>
     </Trackpoint>
     <Trackpoint>
      <Time>2026-08-08T11:10:48Z</Time>
      <Position>
       <LatitudeDegrees>5.2346160</LatitudeDegrees>
       <LongitudeDegrees>100.4343530</LongitudeDegrees>
      </Position>
      <AltitudeMeters>5.6</AltitudeMeters>
      <DistanceMeters>923.6</DistanceMeters>
      <HeartRateBpm>
       <Value>144</Value>
      </HeartRateBpm>
      <Extensions>
       <TPX xmlns="http://www.garmin.com/xmlschemas/ActivityExtension/v2">
        <Speed>2.6</Speed>
       </TPX>
      </Extensions>
     </Trackpoint>
     <Trackpoint>
      <Time>2026-08-08T11:10:49Z</Time>
      <Position>
       <LatitudeDegrees>5.2346430</LatitudeDegrees>
       <LongitudeDegrees>100.4343480</LongitudeDegrees>
      </Position>
      <AltitudeMeters>5.6</AltitudeMeters>
      <DistanceMeters>926.6</DistanceMeters>
      <HeartRateBpm>
       <Value>144</Value>
      </HeartRateBpm>
      <Extensions>
       <TPX xmlns="http://www.garmin.com/xmlschemas/ActivityExtension/v2">
        <Speed>2.7</Speed>
       </TPX>
      </Extensions>
     </Trackpoint>
     <Trackpoint>
      <Time>2026-08-08T11:10:50Z</Time>
      <Position>
       <LatitudeDegrees>5.2346680</LatitudeDegrees>
       <LongitudeDegrees>100.4343430</LongitudeDegrees>
      </Position>
      <AltitudeMeters>5.6</AltitudeMeters>
      <DistanceMeters>929.5</DistanceMeters>
      <HeartRateBpm>
       <Value>144</Value>
      </HeartRateBpm>
      <Extensions>
       <TPX xmlns="http://www.garmin.com/xmlschemas/ActivityExtension/v2">
        <Speed>2.8</Speed>
       </TPX>
      </Extensions>
     </Trackpoint>
     <Trackpoint>
      <Time>2026-08-08T11:10:51Z</Time>
      <Position>
       <LatitudeDegrees>5.2346930</LatitudeDegrees>
       <LongitudeDegrees>100.4343380</LongitudeDegrees>
      </Position>
      <AltitudeMeters>5.6</AltitudeMeters>
      <DistanceMeters>932.3</DistanceMeters>
      <HeartRateBpm>
       <Value>144</Value>
      </HeartRateBpm>
      <Extensions>
       <TPX xmlns="http://www.garmin.com/xmlschemas/ActivityExtension/v2">
        <Speed>2.9</Speed>
       </TPX>
      </Extensions>
     </Trackpoint>
     <Trackpoint>
      <Time>2026-08-08T11:10:52Z</Time>
      <Position>
       <LatitudeDegrees>5.2347200</LatitudeDegrees>
       <LongitudeDegrees>100.4343340</LongitudeDegrees>
      </Position>
      <AltitudeMeters>5.6</AltitudeMeters>
      <DistanceMeters>935.3</DistanceMeters>
      <HeartRateBpm>
       <Value>144</Value>
      </HeartRateBpm>
      <Extensions>
       <TPX xmlns="http://www.garmin.com/xmlschemas/ActivityExtension/v2">
        <Speed>2.9</Speed>
       </TPX>
      </Extensions>
     </Trackpoint>
     <Trackpoint>
      <Time>2026-08-08T11:10:53Z</Time>
      <Position>
       <LatitudeDegrees>5.2347450</LatitudeDegrees>
       <LongitudeDegrees>100.4343330</LongitudeDegrees>
      </Position>
      <AltitudeMeters>5.6</AltitudeMeters>
      <DistanceMeters>938.1</DistanceMeters>
      <HeartRateBpm>
       <Value>144</Value>
      </HeartRateBpm>
      <Extensions>
       <TPX xmlns="http://www.garmin.com/xmlschemas/ActivityExtension/v2">
        <Speed>2.9</Speed>
       </TPX>
      </Extensions>
     </Trackpoint>
     <Trackpoint>
      <Time>2026-08-08T11:10:54Z</Time>
      <Position>
       <LatitudeDegrees>5.2347690</LatitudeDegrees>
       <LongitudeDegrees>100.4343330</LongitudeDegrees>
      </Position>
      <AltitudeMeters>5.6</AltitudeMeters>
      <DistanceMeters>940.7</DistanceMeters>
      <HeartRateBpm>
       <Value>144</Value>
      </HeartRateBpm>
      <Extensions>
       <TPX xmlns="http://www.garmin.com/xmlschemas/ActivityExtension/v2">
        <Speed>2.8</Speed>
       </TPX>
      </Extensions>
     </Trackpoint>
     <Trackpoint>
      <Time>2026-08-08T11:10:55Z</Time>
      <Position>
       <LatitudeDegrees>5.2347920</LatitudeDegrees>
       <LongitudeDegrees>100.4343340</LongitudeDegrees>
      </Position>
      <AltitudeMeters>5.6</AltitudeMeters>
      <DistanceMeters>943.3</DistanceMeters>
      <HeartRateBpm>
       <Value>144</Value>
      </HeartRateBpm>
      <Extensions>
       <TPX xmlns="http://www.garmin.com/xmlschemas/ActivityExtension/v2">
        <Speed>2.8</Speed>
       </TPX>
      </Extensions>
     </Trackpoint>
     <Trackpoint>
      <Time>2026-08-08T11:10:56Z</Time>
      <Position>
       <LatitudeDegrees>5.2348160</LatitudeDegrees>
       <LongitudeDegrees>100.4343320</LongitudeDegrees>
      </Position>
      <AltitudeMeters>5.6</AltitudeMeters>
      <DistanceMeters>946.0</DistanceMeters>
      <HeartRateBpm>
       <Value>144</Value>
      </HeartRateBpm>
      <Extensions>
       <TPX xmlns="http://www.garmin.com/xmlschemas/ActivityExtension/v2">
        <Speed>2.7</Speed>
       </TPX>
      </Extensions>
     </Trackpoint>
     <Trackpoint>
      <Time>2026-08-08T11:10:57Z</Time>
      <Position>
       <LatitudeDegrees>5.2348390</LatitudeDegrees>
       <LongitudeDegrees>100.4343250</LongitudeDegrees>
      </Position>
      <AltitudeMeters>5.6</AltitudeMeters>
      <DistanceMeters>948.7</DistanceMeters>
      <HeartRateBpm>
       <Value>145</Value>
      </HeartRateBpm>
      <Extensions>
       <TPX xmlns="http://www.garmin.com/xmlschemas/ActivityExtension/v2">
        <Speed>2.7</Speed>
       </TPX>
      </Extensions>
     </Trackpoint>
     <Trackpoint>
      <Time>2026-08-08T11:10:58Z</Time>
      <Position>
       <LatitudeDegrees>5.2348620</LatitudeDegrees>
       <LongitudeDegrees>100.4343160</LongitudeDegrees>
      </Position>
      <AltitudeMeters>5.6</AltitudeMeters>
      <DistanceMeters>951.4</DistanceMeters>
      <HeartRateBpm>
       <Value>144</Value>
      </HeartRateBpm>
      <Extensions>
       <TPX xmlns="http://www.garmin.com/xmlschemas/ActivityExtension/v2">
        <Speed>2.7</Speed>
       </TPX>
      </Extensions>
     </Trackpoint>
     <Trackpoint>
      <Time>2026-08-08T11:10:59Z</Time>
      <Position>
       <LatitudeDegrees>5.2348820</LatitudeDegrees>
       <LongitudeDegrees>100.4343070</LongitudeDegrees>
      </Position>
      <AltitudeMeters>5.6</AltitudeMeters>
      <DistanceMeters>953.8</DistanceMeters>
      <HeartRateBpm>
       <Value>145</Value>
      </HeartRateBpm>
      <Extensions>
       <TPX xmlns="http://www.garmin.com/xmlschemas/ActivityExtension/v2">
        <Speed>2.6</Speed>
       </TPX>
      </Extensions>
     </Trackpoint>
     <Trackpoint>
      <Time>2026-08-08T11:11:00Z</Time>
      <Position>
       <LatitudeDegrees>5.2349010</LatitudeDegrees>
       <LongitudeDegrees>100.4342960</LongitudeDegrees>
      </Position>
      <AltitudeMeters>5.6</AltitudeMeters>
      <DistanceMeters>956.2</DistanceMeters>
      <HeartRateBpm>
       <Value>145</Value>
      </HeartRateBpm>
      <Extensions>
       <TPX xmlns="http://www.garmin.com/xmlschemas/ActivityExtension/v2">
        <Speed>2.6</Speed>
       </TPX>
      </Extensions>
     </Trackpoint>
     <Trackpoint>
      <Time>2026-08-08T11:11:01Z</Time>
      <Position>
       <LatitudeDegrees>5.2349210</LatitudeDegrees>
       <LongitudeDegrees>100.4342880</LongitudeDegrees>
      </Position>
      <AltitudeMeters>5.6</AltitudeMeters>
      <DistanceMeters>958.6</DistanceMeters>
      <HeartRateBpm>
       <Value>145</Value>
      </HeartRateBpm>
      <Extensions>
       <TPX xmlns="http://www.garmin.com/xmlschemas/ActivityExtension/v2">
        <Speed>2.5</Speed>
       </TPX>
      </Extensions>
     </Trackpoint>
     <Trackpoint>
      <Time>2026-08-08T11:11:02Z</Time>
      <Position>
       <LatitudeDegrees>5.2349410</LatitudeDegrees>
       <LongitudeDegrees>100.4342770</LongitudeDegrees>
      </Position>
      <AltitudeMeters>5.6</AltitudeMeters>
      <DistanceMeters>961.2</DistanceMeters>
      <HeartRateBpm>
       <Value>145</Value>
      </HeartRateBpm>
      <Extensions>
       <TPX xmlns="http://www.garmin.com/xmlschemas/ActivityExtension/v2">
        <Speed>2.5</Speed>
       </TPX>
      </Extensions>
     </Trackpoint>
     <Trackpoint>
      <Time>2026-08-08T11:11:03Z</Time>
      <Position>
       <LatitudeDegrees>5.2349630</LatitudeDegrees>
       <LongitudeDegrees>100.4342710</LongitudeDegrees>
      </Position>
      <AltitudeMeters>5.6</AltitudeMeters>
      <DistanceMeters>963.7</DistanceMeters>
      <HeartRateBpm>
       <Value>145</Value>
      </HeartRateBpm>
      <Extensions>
       <TPX xmlns="http://www.garmin.com/xmlschemas/ActivityExtension/v2">
        <Speed>2.5</Speed>
       </TPX>
      </Extensions>
     </Trackpoint>
     <Trackpoint>
      <Time>2026-08-08T11:11:04Z</Time>
      <Position>
       <LatitudeDegrees>5.2349850</LatitudeDegrees>
       <LongitudeDegrees>100.4342650</LongitudeDegrees>
      </Position>
      <AltitudeMeters>5.6</AltitudeMeters>
      <DistanceMeters>966.3</DistanceMeters>
      <HeartRateBpm>
       <Value>145</Value>
      </HeartRateBpm>
      <Extensions>
       <TPX xmlns="http://www.garmin.com/xmlschemas/ActivityExtension/v2">
        <Speed>2.5</Speed>
       </TPX>
      </Extensions>
     </Trackpoint>
     <Trackpoint>
      <Time>2026-08-08T11:11:05Z</Time>
      <Position>
       <LatitudeDegrees>5.2350060</LatitudeDegrees>
       <LongitudeDegrees>100.4342590</LongitudeDegrees>
      </Position>
      <AltitudeMeters>5.6</AltitudeMeters>
      <DistanceMeters>968.7</DistanceMeters>
      <HeartRateBpm>
       <Value>145</Value>
      </HeartRateBpm>
      <Extensions>
       <TPX xmlns="http://www.garmin.com/xmlschemas/ActivityExtension/v2">
        <Speed>2.5</Speed>
       </TPX>
      </Extensions>
     </Trackpoint>
     <Trackpoint>
      <Time>2026-08-08T11:11:06Z</Time>
      <Position>
       <LatitudeDegrees>5.2350290</LatitudeDegrees>
       <LongitudeDegrees>100.4342520</LongitudeDegrees>
      </Position>
      <AltitudeMeters>5.6</AltitudeMeters>
      <DistanceMeters>971.3</DistanceMeters>
      <HeartRateBpm>
       <Value>145</Value>
      </HeartRateBpm>
      <Extensions>
       <TPX xmlns="http://www.garmin.com/xmlschemas/ActivityExtension/v2">
        <Speed>2.5</Speed>
       </TPX>
      </Extensions>
     </Trackpoint>
     <Trackpoint>
      <Time>2026-08-08T11:11:07Z</Time>
      <Position>
       <LatitudeDegrees>5.2350510</LatitudeDegrees>
       <LongitudeDegrees>100.4342440</LongitudeDegrees>
      </Position>
      <AltitudeMeters>5.6</AltitudeMeters>
      <DistanceMeters>974.0</DistanceMeters>
      <HeartRateBpm>
       <Value>145</Value>
      </HeartRateBpm>
      <Extensions>
       <TPX xmlns="http://www.garmin.com/xmlschemas/ActivityExtension/v2">
        <Speed>2.6</Speed>
       </TPX>
      </Extensions>
     </Trackpoint>
     <Trackpoint>
      <Time>2026-08-08T11:11:08Z</Time>
      <Position>
       <LatitudeDegrees>5.2350720</LatitudeDegrees>
       <LongitudeDegrees>100.4342370</LongitudeDegrees>
      </Position>
      <AltitudeMeters>5.6</AltitudeMeters>
      <DistanceMeters>976.5</DistanceMeters>
      <HeartRateBpm>
       <Value>145</Value>
      </HeartRateBpm>
      <Extensions>
       <TPX xmlns="http://www.garmin.com/xmlschemas/ActivityExtension/v2">
        <Speed>2.6</Speed>
       </TPX>
      </Extensions>
     </Trackpoint>
     <Trackpoint>
      <Time>2026-08-08T11:11:09Z</Time>
      <Position>
       <LatitudeDegrees>5.2350940</LatitudeDegrees>
       <LongitudeDegrees>100.4342300</LongitudeDegrees>
      </Position>
      <AltitudeMeters>5.6</AltitudeMeters>
      <DistanceMeters>979.0</DistanceMeters>
      <HeartRateBpm>
       <Value>145</Value>
      </HeartRateBpm>
      <Extensions>
       <TPX xmlns="http://www.garmin.com/xmlschemas/ActivityExtension/v2">
        <Speed>2.5</Speed>
       </TPX>
      </Extensions>
     </Trackpoint>
     <Trackpoint>
      <Time>2026-08-08T11:11:10Z</Time>
      <Position>
       <LatitudeDegrees>5.2351140</LatitudeDegrees>
       <LongitudeDegrees>100.4342270</LongitudeDegrees>
      </Position>
      <AltitudeMeters>5.6</AltitudeMeters>
      <DistanceMeters>981.2</DistanceMeters>
      <HeartRateBpm>
       <Value>145</Value>
      </HeartRateBpm>
      <Extensions>
       <TPX xmlns="http://www.garmin.com/xmlschemas/ActivityExtension/v2">
        <Speed>2.5</Speed>
       </TPX>
      </Extensions>
     </Trackpoint>
     <Trackpoint>
      <Time>2026-08-08T11:11:11Z</Time>
      <Position>
       <LatitudeDegrees>5.2351380</LatitudeDegrees>
       <LongitudeDegrees>100.4342240</LongitudeDegrees>
      </Position>
      <AltitudeMeters>5.6</AltitudeMeters>
      <DistanceMeters>983.9</DistanceMeters>
      <HeartRateBpm>
       <Value>145</Value>
      </HeartRateBpm>
      <Extensions>
       <TPX xmlns="http://www.garmin.com/xmlschemas/ActivityExtension/v2">
        <Speed>2.5</Speed>
       </TPX>
      </Extensions>
     </Trackpoint>
     <Trackpoint>
      <Time>2026-08-08T11:11:12Z</Time>
      <Position>
       <LatitudeDegrees>5.2351600</LatitudeDegrees>
       <LongitudeDegrees>100.4342180</LongitudeDegrees>
      </Position>
      <AltitudeMeters>5.6</AltitudeMeters>
      <DistanceMeters>986.4</DistanceMeters>
      <HeartRateBpm>
       <Value>145</Value>
      </HeartRateBpm>
      <Extensions>
       <TPX xmlns="http://www.garmin.com/xmlschemas/ActivityExtension/v2">
        <Speed>2.5</Speed>
       </TPX>
      </Extensions>
     </Trackpoint>
     <Trackpoint>
      <Time>2026-08-08T11:11:13Z</Time>
      <Position>
       <LatitudeDegrees>5.2351820</LatitudeDegrees>
       <LongitudeDegrees>100.4342100</LongitudeDegrees>
      </Position>
      <AltitudeMeters>5.6</AltitudeMeters>
      <DistanceMeters>989.0</DistanceMeters>
      <HeartRateBpm>
       <Value>145</Value>
      </HeartRateBpm>
      <Extensions>
       <TPX xmlns="http://www.garmin.com/xmlschemas/ActivityExtension/v2">
        <Speed>2.5</Speed>
       </TPX>
      </Extensions>
     </Trackpoint>
     <Trackpoint>
      <Time>2026-08-08T11:11:14Z</Time>
      <Position>
       <LatitudeDegrees>5.2352030</LatitudeDegrees>
       <LongitudeDegrees>100.4342010</LongitudeDegrees>
      </Position>
      <AltitudeMeters>5.6</AltitudeMeters>
      <DistanceMeters>991.5</DistanceMeters>
      <HeartRateBpm>
       <Value>145</Value>
      </HeartRateBpm>
      <Extensions>
       <TPX xmlns="http://www.garmin.com/xmlschemas/ActivityExtension/v2">
        <Speed>2.5</Speed>
       </TPX>
      </Extensions>
     </Trackpoint>
     <Trackpoint>
      <Time>2026-08-08T11:11:15Z</Time>
      <Position>
       <LatitudeDegrees>5.2352240</LatitudeDegrees>
       <LongitudeDegrees>100.4341940</LongitudeDegrees>
      </Position>
      <AltitudeMeters>5.6</AltitudeMeters>
      <DistanceMeters>994.0</DistanceMeters>
      <HeartRateBpm>
       <Value>145</Value>
      </HeartRateBpm>
      <Extensions>
       <TPX xmlns="http://www.garmin.com/xmlschemas/ActivityExtension/v2">
        <Speed>2.6</Speed>
       </TPX>
      </Extensions>
     </Trackpoint>
     <Trackpoint>
      <Time>2026-08-08T11:11:16Z</Time>
      <Position>
       <LatitudeDegrees>5.2352440</LatitudeDegrees>
       <LongitudeDegrees>100.4341870</LongitudeDegrees>
      </Position>
      <AltitudeMeters>5.6</AltitudeMeters>
      <DistanceMeters>996.4</DistanceMeters>
      <HeartRateBpm>
       <Value>145</Value>
      </HeartRateBpm>
      <Extensions>
       <TPX xmlns="http://www.garmin.com/xmlschemas/ActivityExtension/v2">
        <Speed>2.5</Speed>
       </TPX>
      </Extensions>
     </Trackpoint>
     <Trackpoint>
      <Time>2026-08-08T11:11:17Z</Time>
      <Position>
       <LatitudeDegrees>5.2352670</LatitudeDegrees>
       <LongitudeDegrees>100.4341820</LongitudeDegrees>
      </Position>
      <AltitudeMeters>5.6</AltitudeMeters>
      <DistanceMeters>999.0</DistanceMeters>
      <HeartRateBpm>
       <Value>145</Value>
      </HeartRateBpm>
      <Extensions>
       <TPX xmlns="http://www.garmin.com/xmlschemas/ActivityExtension/v2">
        <Speed>2.5</Speed>
       </TPX>
      </Extensions>
     </Trackpoint>
     <Trackpoint>
      <Time>2026-08-08T11:11:18Z</Time>
      <Position>
       <LatitudeDegrees>5.2352900</LatitudeDegrees>
       <LongitudeDegrees>100.4341780</LongitudeDegrees>
      </Position>
      <AltitudeMeters>5.6</AltitudeMeters>
      <DistanceMeters>1001.5</DistanceMeters>
      <HeartRateBpm>
       <Value>145</Value>
      </HeartRateBpm>
      <Extensions>
       <TPX xmlns="http://www.garmin.com/xmlschemas/ActivityExtension/v2">
        <Speed>2.5</Speed>
       </TPX>
      </Extensions>
     </Trackpoint>
     <Trackpoint>
      <Time>2026-08-08T11:11:19Z</Time>
      <Position>
       <LatitudeDegrees>5.2353140</LatitudeDegrees>
       <LongitudeDegrees>100.4341730</LongitudeDegrees>
      </Position>
      <AltitudeMeters>5.6</AltitudeMeters>
      <DistanceMeters>1004.3</DistanceMeters>
      <HeartRateBpm>
       <Value>145</Value>
      </HeartRateBpm>
      <Extensions>
       <TPX xmlns="http://www.garmin.com/xmlschemas/ActivityExtension/v2">
        <Speed>2.6</Speed>
       </TPX>
      </Extensions>
     </Trackpoint>
     <Trackpoint>
      <Time>2026-08-08T11:11:20Z</Time>
      <Position>
       <LatitudeDegrees>5.2353350</LatitudeDegrees>
       <LongitudeDegrees>100.4341670</LongitudeDegrees>
      </Position>
      <AltitudeMeters>5.6</AltitudeMeters>
      <DistanceMeters>1006.8</DistanceMeters>
      <HeartRateBpm>
       <Value>146</Value>
      </HeartRateBpm>
      <Extensions>
       <TPX xmlns="http://www.garmin.com/xmlschemas/ActivityExtension/v2">
        <Speed>2.6</Speed>
       </TPX>
      </Extensions>
     </Trackpoint>
     <Trackpoint>
      <Time>2026-08-08T11:11:21Z</Time>
      <Position>
       <LatitudeDegrees>5.2353520</LatitudeDegrees>
       <LongitudeDegrees>100.4341540</LongitudeDegrees>
      </Position>
      <AltitudeMeters>5.6</AltitudeMeters>
      <DistanceMeters>1009.2</DistanceMeters>
      <HeartRateBpm>
       <Value>146</Value>
      </HeartRateBpm>
      <Extensions>
       <TPX xmlns="http://www.garmin.com/xmlschemas/ActivityExtension/v2">
        <Speed>2.6</Speed>
       </TPX>
      </Extensions>
     </Trackpoint>
     <Trackpoint>
      <Time>2026-08-08T11:11:22Z</Time>
      <Position>
       <LatitudeDegrees>5.2353790</LatitudeDegrees>
       <LongitudeDegrees>100.4341400</LongitudeDegrees>
      </Position>
      <AltitudeMeters>5.6</AltitudeMeters>
      <DistanceMeters>1012.5</DistanceMeters>
      <HeartRateBpm>
       <Value>146</Value>
      </HeartRateBpm>
      <Extensions>
       <TPX xmlns="http://www.garmin.com/xmlschemas/ActivityExtension/v2">
        <Speed>2.7</Speed>
       </TPX>
      </Extensions>
     </Trackpoint>
     <Trackpoint>
      <Time>2026-08-08T11:11:23Z</Time>
      <Position>
       <LatitudeDegrees>5.2354060</LatitudeDegrees>
       <LongitudeDegrees>100.4341410</LongitudeDegrees>
      </Position>
      <AltitudeMeters>5.6</AltitudeMeters>
      <DistanceMeters>1015.5</DistanceMeters>
      <HeartRateBpm>
       <Value>146</Value>
      </HeartRateBpm>
      <Extensions>
       <TPX xmlns="http://www.garmin.com/xmlschemas/ActivityExtension/v2">
        <Speed>2.8</Speed>
       </TPX>
      </Extensions>
     </Trackpoint>
     <Trackpoint>
      <Time>2026-08-08T11:11:24Z</Time>
      <Position>
       <LatitudeDegrees>5.2354390</LatitudeDegrees>
       <LongitudeDegrees>100.4341430</LongitudeDegrees>
      </Position>
      <AltitudeMeters>5.6</AltitudeMeters>
      <DistanceMeters>1019.1</DistanceMeters>
      <HeartRateBpm>
       <Value>147</Value>
      </HeartRateBpm>
      <Extensions>
       <TPX xmlns="http://www.garmin.com/xmlschemas/ActivityExtension/v2">
        <Speed>3.0</Speed>
       </TPX>
      </Extensions>
     </Trackpoint>
     <Trackpoint>
      <Time>2026-08-08T11:11:25Z</Time>
      <Position>
       <LatitudeDegrees>5.2354690</LatitudeDegrees>
       <LongitudeDegrees>100.4341410</LongitudeDegrees>
      </Position>
      <AltitudeMeters>5.6</AltitudeMeters>
      <DistanceMeters>1022.5</DistanceMeters>
      <HeartRateBpm>
       <Value>147</Value>
      </HeartRateBpm>
      <Extensions>
       <TPX xmlns="http://www.garmin.com/xmlschemas/ActivityExtension/v2">
        <Speed>3.1</Speed>
       </TPX>
      </Extensions>
     </Trackpoint>
     <Trackpoint>
      <Time>2026-08-08T11:11:26Z</Time>
      <Position>
       <LatitudeDegrees>5.2354980</LatitudeDegrees>
       <LongitudeDegrees>100.4341370</LongitudeDegrees>
      </Position>
      <AltitudeMeters>5.6</AltitudeMeters>
      <DistanceMeters>1025.7</DistanceMeters>
      <HeartRateBpm>
       <Value>148</Value>
      </HeartRateBpm>
      <Extensions>
       <TPX xmlns="http://www.garmin.com/xmlschemas/ActivityExtension/v2">
        <Speed>3.3</Speed>
       </TPX>
      </Extensions>
     </Trackpoint>
     <Trackpoint>
      <Time>2026-08-08T11:11:27Z</Time>
      <Position>
       <LatitudeDegrees>5.2355260</LatitudeDegrees>
       <LongitudeDegrees>100.4341330</LongitudeDegrees>
      </Position>
      <AltitudeMeters>5.6</AltitudeMeters>
      <DistanceMeters>1028.9</DistanceMeters>
      <HeartRateBpm>
       <Value>149</Value>
      </HeartRateBpm>
      <Extensions>
       <TPX xmlns="http://www.garmin.com/xmlschemas/ActivityExtension/v2">
        <Speed>3.3</Speed>
       </TPX>
      </Extensions>
     </Trackpoint>
     <Trackpoint>
      <Time>2026-08-08T11:11:28Z</Time>
      <Position>
       <LatitudeDegrees>5.2355530</LatitudeDegrees>
       <LongitudeDegrees>100.4341290</LongitudeDegrees>
      </Position>
      <AltitudeMeters>5.6</AltitudeMeters>
      <DistanceMeters>1031.9</DistanceMeters>
      <HeartRateBpm>
       <Value>149</Value>
      </HeartRateBpm>
      <Extensions>
       <TPX xmlns="http://www.garmin.com/xmlschemas/ActivityExtension/v2">
        <Speed>3.3</Speed>
       </TPX>
      </Extensions>
     </Trackpoint>
     <Trackpoint>
      <Time>2026-08-08T11:11:29Z</Time>
      <Position>
       <LatitudeDegrees>5.2355860</LatitudeDegrees>
       <LongitudeDegrees>100.4341240</LongitudeDegrees>
      </Position>
      <AltitudeMeters>5.6</AltitudeMeters>
      <DistanceMeters>1035.6</DistanceMeters>
      <HeartRateBpm>
       <Value>149</Value>
      </HeartRateBpm>
      <Extensions>
       <TPX xmlns="http://www.garmin.com/xmlschemas/ActivityExtension/v2">
        <Speed>3.3</Speed>
       </TPX>
      </Extensions>
     </Trackpoint>
     <Trackpoint>
      <Time>2026-08-08T11:11:30Z</Time>
      <Position>
       <LatitudeDegrees>5.2356190</LatitudeDegrees>
       <LongitudeDegrees>100.4341130</LongitudeDegrees>
      </Position>
      <AltitudeMeters>5.6</AltitudeMeters>
      <DistanceMeters>1039.5</DistanceMeters>
      <HeartRateBpm>
       <Value>149</Value>
      </HeartRateBpm>
      <Extensions>
       <TPX xmlns="http://www.garmin.com/xmlschemas/ActivityExtension/v2">
        <Speed>3.4</Speed>
       </TPX>
      </Extensions>
     </Trackpoint>
     <Trackpoint>
      <Time>2026-08-08T11:11:31Z</Time>
      <Position>
       <LatitudeDegrees>5.2356510</LatitudeDegrees>
       <LongitudeDegrees>100.4341060</LongitudeDegrees>
      </Position>
      <AltitudeMeters>5.6</AltitudeMeters>
      <DistanceMeters>1043.1</DistanceMeters>
      <HeartRateBpm>
       <Value>149</Value>
      </HeartRateBpm>
      <Extensions>
       <TPX xmlns="http://www.garmin.com/xmlschemas/ActivityExtension/v2">
        <Speed>3.5</Speed>
       </TPX>
      </Extensions>
     </Trackpoint>
     <Trackpoint>
      <Time>2026-08-08T11:11:32Z</Time>
      <Position>
       <LatitudeDegrees>5.2356820</LatitudeDegrees>
       <LongitudeDegrees>100.4340970</LongitudeDegrees>
      </Position>
      <AltitudeMeters>5.6</AltitudeMeters>
      <DistanceMeters>1046.8</DistanceMeters>
      <HeartRateBpm>
       <Value>150</Value>
      </HeartRateBpm>
      <Extensions>
       <TPX xmlns="http://www.garmin.com/xmlschemas/ActivityExtension/v2">
        <Speed>3.6</Speed>
       </TPX>
      </Extensions>
     </Trackpoint>
     <Trackpoint>
      <Time>2026-08-08T11:11:33Z</Time>
      <Position>
       <LatitudeDegrees>5.2357120</LatitudeDegrees>
       <LongitudeDegrees>100.4340820</LongitudeDegrees>
      </Position>
      <AltitudeMeters>5.6</AltitudeMeters>
      <DistanceMeters>1050.5</DistanceMeters>
      <HeartRateBpm>
       <Value>151</Value>
      </HeartRateBpm>
      <Extensions>
       <TPX xmlns="http://www.garmin.com/xmlschemas/ActivityExtension/v2">
        <Speed>3.7</Speed>
       </TPX>
      </Extensions>
     </Trackpoint>
     <Trackpoint>
      <Time>2026-08-08T11:11:34Z</Time>
      <Position>
       <LatitudeDegrees>5.2357450</LatitudeDegrees>
       <LongitudeDegrees>100.4340710</LongitudeDegrees>
      </Position>
      <AltitudeMeters>5.6</AltitudeMeters>
      <DistanceMeters>1054.3</DistanceMeters>
      <HeartRateBpm>
       <Value>151</Value>
      </HeartRateBpm>
      <Extensions>
       <TPX xmlns="http://www.garmin.com/xmlschemas/ActivityExtension/v2">
        <Speed>3.7</Speed>
       </TPX>
      </Extensions>
     </Trackpoint>
     <Trackpoint>
      <Time>2026-08-08T11:11:35Z</Time>
      <Position>
       <LatitudeDegrees>5.2357770</LatitudeDegrees>
       <LongitudeDegrees>100.4340620</LongitudeDegrees>
      </Position>
      <AltitudeMeters>5.6</AltitudeMeters>
      <DistanceMeters>1058.0</DistanceMeters>
      <HeartRateBpm>
       <Value>151</Value>
      </HeartRateBpm>
      <Extensions>
       <TPX xmlns="http://www.garmin.com/xmlschemas/ActivityExtension/v2">
        <Speed>3.7</Speed>
       </TPX>
      </Extensions>
     </Trackpoint>
     <Trackpoint>
      <Time>2026-08-08T11:11:36Z</Time>
      <Position>
       <LatitudeDegrees>5.2358060</LatitudeDegrees>
       <LongitudeDegrees>100.4340540</LongitudeDegrees>
      </Position>
      <AltitudeMeters>5.6</AltitudeMeters>
      <DistanceMeters>1061.4</DistanceMeters>
      <HeartRateBpm>
       <Value>151</Value>
      </HeartRateBpm>
      <Extensions>
       <TPX xmlns="http://www.garmin.com/xmlschemas/ActivityExtension/v2">
        <Speed>3.7</Speed>
       </TPX>
      </Extensions>
     </Trackpoint>
     <Trackpoint>
      <Time>2026-08-08T11:11:37Z</Time>
      <Position>
       <LatitudeDegrees>5.2358390</LatitudeDegrees>
       <LongitudeDegrees>100.4340470</LongitudeDegrees>
      </Position>
      <AltitudeMeters>5.6</AltitudeMeters>
      <DistanceMeters>1065.1</DistanceMeters>
      <HeartRateBpm>
       <Value>151</Value>
      </HeartRateBpm>
      <Extensions>
       <TPX xmlns="http://www.garmin.com/xmlschemas/ActivityExtension/v2">
        <Speed>3.7</Speed>
       </TPX>
      </Extensions>
     </Trackpoint>
     <Trackpoint>
      <Time>2026-08-08T11:11:38Z</Time>
      <Position>
       <LatitudeDegrees>5.2358700</LatitudeDegrees>
       <LongitudeDegrees>100.4340400</LongitudeDegrees>
      </Position>
      <AltitudeMeters>5.6</AltitudeMeters>
      <DistanceMeters>1068.7</DistanceMeters>
      <HeartRateBpm>
       <Value>152</Value>
      </HeartRateBpm>
      <Extensions>
       <TPX xmlns="http://www.garmin.com/xmlschemas/ActivityExtension/v2">
        <Speed>3.6</Speed>
       </TPX>
      </Extensions>
     </Trackpoint>
     <Trackpoint>
      <Time>2026-08-08T11:11:39Z</Time>
      <Position>
       <LatitudeDegrees>5.2359010</LatitudeDegrees>
       <LongitudeDegrees>100.4340330</LongitudeDegrees>
      </Position>
      <AltitudeMeters>5.6</AltitudeMeters>
      <DistanceMeters>1072.2</DistanceMeters>
      <HeartRateBpm>
       <Value>153</Value>
      </HeartRateBpm>
      <Extensions>
       <TPX xmlns="http://www.garmin.com/xmlschemas/ActivityExtension/v2">
        <Speed>3.6</Speed>
       </TPX>
      </Extensions>
     </Trackpoint>
     <Trackpoint>
      <Time>2026-08-08T11:11:40Z</Time>
      <Position>
       <LatitudeDegrees>5.2359310</LatitudeDegrees>
       <LongitudeDegrees>100.4340230</LongitudeDegrees>
      </Position>
      <AltitudeMeters>5.6</AltitudeMeters>
      <DistanceMeters>1075.7</DistanceMeters>
      <HeartRateBpm>
       <Value>152</Value>
      </HeartRateBpm>
      <Extensions>
       <TPX xmlns="http://www.garmin.com/xmlschemas/ActivityExtension/v2">
        <Speed>3.5</Speed>
       </TPX>
      </Extensions>
     </Trackpoint>
     <Trackpoint>
      <Time>2026-08-08T11:11:41Z</Time>
      <Position>
       <LatitudeDegrees>5.2359630</LatitudeDegrees>
       <LongitudeDegrees>100.4340150</LongitudeDegrees>
      </Position>
      <AltitudeMeters>5.6</AltitudeMeters>
      <DistanceMeters>1079.3</DistanceMeters>
      <HeartRateBpm>
       <Value>151</Value>
      </HeartRateBpm>
      <Extensions>
       <TPX xmlns="http://www.garmin.com/xmlschemas/ActivityExtension/v2">
        <Speed>3.6</Speed>
       </TPX>
      </Extensions>
     </Trackpoint>
     <Trackpoint>
      <Time>2026-08-08T11:11:42Z</Time>
      <Position>
       <LatitudeDegrees>5.2359910</LatitudeDegrees>
       <LongitudeDegrees>100.4340120</LongitudeDegrees>
      </Position>
      <AltitudeMeters>5.6</AltitudeMeters>
      <DistanceMeters>1082.5</DistanceMeters>
      <HeartRateBpm>
       <Value>152</Value>
      </HeartRateBpm>
      <Extensions>
       <TPX xmlns="http://www.garmin.com/xmlschemas/ActivityExtension/v2">
        <Speed>3.5</Speed>
       </TPX>
      </Extensions>
     </Trackpoint>
     <Trackpoint>
      <Time>2026-08-08T11:11:43Z</Time>
      <Position>
       <LatitudeDegrees>5.2360260</LatitudeDegrees>
       <LongitudeDegrees>100.4340080</LongitudeDegrees>
      </Position>
      <AltitudeMeters>5.6</AltitudeMeters>
      <DistanceMeters>1086.4</DistanceMeters>
      <HeartRateBpm>
       <Value>153</Value>
      </HeartRateBpm>
      <Extensions>
       <TPX xmlns="http://www.garmin.com/xmlschemas/ActivityExtension/v2">
        <Speed>3.5</Speed>
       </TPX>
      </Extensions>
     </Trackpoint>
     <Trackpoint>
      <Time>2026-08-08T11:11:44Z</Time>
      <Position>
       <LatitudeDegrees>5.2360580</LatitudeDegrees>
       <LongitudeDegrees>100.4340010</LongitudeDegrees>
      </Position>
      <AltitudeMeters>5.6</AltitudeMeters>
      <DistanceMeters>1090.1</DistanceMeters>
      <HeartRateBpm>
       <Value>153</Value>
      </HeartRateBpm>
      <Extensions>
       <TPX xmlns="http://www.garmin.com/xmlschemas/ActivityExtension/v2">
        <Speed>3.6</Speed>
       </TPX>
      </Extensions>
     </Trackpoint>
     <Trackpoint>
      <Time>2026-08-08T11:11:45Z</Time>
      <Position>
       <LatitudeDegrees>5.2360910</LatitudeDegrees>
       <LongitudeDegrees>100.4339930</LongitudeDegrees>
      </Position>
      <AltitudeMeters>5.6</AltitudeMeters>
      <DistanceMeters>1093.8</DistanceMeters>
      <HeartRateBpm>
       <Value>153</Value>
      </HeartRateBpm>
      <Extensions>
       <TPX xmlns="http://www.garmin.com/xmlschemas/ActivityExtension/v2">
        <Speed>3.6</Speed>
       </TPX>
      </Extensions>
     </Trackpoint>
     <Trackpoint>
      <Time>2026-08-08T11:11:46Z</Time>
      <Position>
       <LatitudeDegrees>5.2361230</LatitudeDegrees>
       <LongitudeDegrees>100.4339830</LongitudeDegrees>
      </Position>
      <AltitudeMeters>5.6</AltitudeMeters>
      <DistanceMeters>1097.5</DistanceMeters>
      <HeartRateBpm>
       <Value>153</Value>
      </HeartRateBpm>
      <Extensions>
       <TPX xmlns="http://www.garmin.com/xmlschemas/ActivityExtension/v2">
        <Speed>3.6</Speed>
       </TPX>
      </Extensions>
     </Trackpoint>
     <Trackpoint>
      <Time>2026-08-08T11:11:47Z</Time>
      <Position>
       <LatitudeDegrees>5.2361540</LatitudeDegrees>
       <LongitudeDegrees>100.4339740</LongitudeDegrees>
      </Position>
      <AltitudeMeters>5.6</AltitudeMeters>
      <DistanceMeters>1101.2</DistanceMeters>
      <HeartRateBpm>
       <Value>153</Value>
      </HeartRateBpm>
      <Extensions>
       <TPX xmlns="http://www.garmin.com/xmlschemas/ActivityExtension/v2">
        <Speed>3.7</Speed>
       </TPX>
      </Extensions>
     </Trackpoint>
     <Trackpoint>
      <Time>2026-08-08T11:11:48Z</Time>
      <Position>
       <LatitudeDegrees>5.2361860</LatitudeDegrees>
       <LongitudeDegrees>100.4339660</LongitudeDegrees>
      </Position>
      <AltitudeMeters>5.6</AltitudeMeters>
      <DistanceMeters>1104.8</DistanceMeters>
      <HeartRateBpm>
       <Value>153</Value>
      </HeartRateBpm>
      <Extensions>
       <TPX xmlns="http://www.garmin.com/xmlschemas/ActivityExtension/v2">
        <Speed>3.7</Speed>
       </TPX>
      </Extensions>
     </Trackpoint>
     <Trackpoint>
      <Time>2026-08-08T11:11:49Z</Time>
      <Position>
       <LatitudeDegrees>5.2362170</LatitudeDegrees>
       <LongitudeDegrees>100.4339600</LongitudeDegrees>
      </Position>
      <AltitudeMeters>5.6</AltitudeMeters>
      <DistanceMeters>1108.3</DistanceMeters>
      <HeartRateBpm>
       <Value>154</Value>
      </HeartRateBpm>
      <Extensions>
       <TPX xmlns="http://www.garmin.com/xmlschemas/ActivityExtension/v2">
        <Speed>3.6</Speed>
       </TPX>
      </Extensions>
     </Trackpoint>
     <Trackpoint>
      <Time>2026-08-08T11:11:50Z</Time>
      <Position>
       <LatitudeDegrees>5.2362450</LatitudeDegrees>
       <LongitudeDegrees>100.4339540</LongitudeDegrees>
      </Position>
      <AltitudeMeters>5.6</AltitudeMeters>
      <DistanceMeters>1111.5</DistanceMeters>
      <HeartRateBpm>
       <Value>154</Value>
      </HeartRateBpm>
      <Extensions>
       <TPX xmlns="http://www.garmin.com/xmlschemas/ActivityExtension/v2">
        <Speed>3.5</Speed>
       </TPX>
      </Extensions>
     </Trackpoint>
     <Trackpoint>
      <Time>2026-08-08T11:11:51Z</Time>
      <Position>
       <LatitudeDegrees>5.2362780</LatitudeDegrees>
       <LongitudeDegrees>100.4339480</LongitudeDegrees>
      </Position>
      <AltitudeMeters>5.6</AltitudeMeters>
      <DistanceMeters>1115.3</DistanceMeters>
      <HeartRateBpm>
       <Value>153</Value>
      </HeartRateBpm>
      <Extensions>
       <TPX xmlns="http://www.garmin.com/xmlschemas/ActivityExtension/v2">
        <Speed>3.6</Speed>
       </TPX>
      </Extensions>
     </Trackpoint>
     <Trackpoint>
      <Time>2026-08-08T11:11:52Z</Time>
      <Position>
       <LatitudeDegrees>5.2363090</LatitudeDegrees>
       <LongitudeDegrees>100.4339390</LongitudeDegrees>
      </Position>
      <AltitudeMeters>5.6</AltitudeMeters>
      <DistanceMeters>1118.8</DistanceMeters>
      <HeartRateBpm>
       <Value>153</Value>
      </HeartRateBpm>
      <Extensions>
       <TPX xmlns="http://www.garmin.com/xmlschemas/ActivityExtension/v2">
        <Speed>3.5</Speed>
       </TPX>
      </Extensions>
     </Trackpoint>
     <Trackpoint>
      <Time>2026-08-08T11:11:53Z</Time>
      <Position>
       <LatitudeDegrees>5.2363400</LatitudeDegrees>
       <LongitudeDegrees>100.4339260</LongitudeDegrees>
      </Position>
      <AltitudeMeters>5.6</AltitudeMeters>
      <DistanceMeters>1122.6</DistanceMeters>
      <HeartRateBpm>
       <Value>154</Value>
      </HeartRateBpm>
      <Extensions>
       <TPX xmlns="http://www.garmin.com/xmlschemas/ActivityExtension/v2">
        <Speed>3.6</Speed>
       </TPX>
      </Extensions>
     </Trackpoint>
     <Trackpoint>
      <Time>2026-08-08T11:11:54Z</Time>
      <Position>
       <LatitudeDegrees>5.2363720</LatitudeDegrees>
       <LongitudeDegrees>100.4339200</LongitudeDegrees>
      </Position>
      <AltitudeMeters>5.6</AltitudeMeters>
      <DistanceMeters>1126.2</DistanceMeters>
      <HeartRateBpm>
       <Value>155</Value>
      </HeartRateBpm>
      <Extensions>
       <TPX xmlns="http://www.garmin.com/xmlschemas/ActivityExtension/v2">
        <Speed>3.6</Speed>
       </TPX>
      </Extensions>
     </Trackpoint>
     <Trackpoint>
      <Time>2026-08-08T11:11:55Z</Time>
      <Position>
       <LatitudeDegrees>5.2364060</LatitudeDegrees>
       <LongitudeDegrees>100.4339150</LongitudeDegrees>
      </Position>
      <AltitudeMeters>5.6</AltitudeMeters>
      <DistanceMeters>1130.0</DistanceMeters>
      <HeartRateBpm>
       <Value>155</Value>
      </HeartRateBpm>
      <Extensions>
       <TPX xmlns="http://www.garmin.com/xmlschemas/ActivityExtension/v2">
        <Speed>3.7</Speed>
       </TPX>
      </Extensions>
     </Trackpoint>
     <Trackpoint>
      <Time>2026-08-08T11:11:56Z</Time>
      <Position>
       <LatitudeDegrees>5.2364410</LatitudeDegrees>
       <LongitudeDegrees>100.4339100</LongitudeDegrees>
      </Position>
      <AltitudeMeters>5.6</AltitudeMeters>
      <DistanceMeters>1133.9</DistanceMeters>
      <HeartRateBpm>
       <Value>155</Value>
      </HeartRateBpm>
      <Extensions>
       <TPX xmlns="http://www.garmin.com/xmlschemas/ActivityExtension/v2">
        <Speed>3.7</Speed>
       </TPX>
      </Extensions>
     </Trackpoint>
     <Trackpoint>
      <Time>2026-08-08T11:11:57Z</Time>
      <Position>
       <LatitudeDegrees>5.2364740</LatitudeDegrees>
       <LongitudeDegrees>100.4339060</LongitudeDegrees>
      </Position>
      <AltitudeMeters>5.6</AltitudeMeters>
      <DistanceMeters>1137.7</DistanceMeters>
      <HeartRateBpm>
       <Value>155</Value>
      </HeartRateBpm>
      <Extensions>
       <TPX xmlns="http://www.garmin.com/xmlschemas/ActivityExtension/v2">
        <Speed>3.8</Speed>
       </TPX>
      </Extensions>
     </Trackpoint>
     <Trackpoint>
      <Time>2026-08-08T11:11:58Z</Time>
      <Position>
       <LatitudeDegrees>5.2365070</LatitudeDegrees>
       <LongitudeDegrees>100.4339080</LongitudeDegrees>
      </Position>
      <AltitudeMeters>5.6</AltitudeMeters>
      <DistanceMeters>1141.3</DistanceMeters>
      <HeartRateBpm>
       <Value>155</Value>
      </HeartRateBpm>
      <Extensions>
       <TPX xmlns="http://www.garmin.com/xmlschemas/ActivityExtension/v2">
        <Speed>3.7</Speed>
       </TPX>
      </Extensions>
     </Trackpoint>
     <Trackpoint>
      <Time>2026-08-08T11:11:59Z</Time>
      <Position>
       <LatitudeDegrees>5.2365350</LatitudeDegrees>
       <LongitudeDegrees>100.4339120</LongitudeDegrees>
      </Position>
      <AltitudeMeters>5.6</AltitudeMeters>
      <DistanceMeters>1144.4</DistanceMeters>
      <HeartRateBpm>
       <Value>155</Value>
      </HeartRateBpm>
      <Extensions>
       <TPX xmlns="http://www.garmin.com/xmlschemas/ActivityExtension/v2">
        <Speed>3.6</Speed>
       </TPX>
      </Extensions>
     </Trackpoint>
     <Trackpoint>
      <Time>2026-08-08T11:12:00Z</Time>
      <Position>
       <LatitudeDegrees>5.2365630</LatitudeDegrees>
       <LongitudeDegrees>100.4339220</LongitudeDegrees>
      </Position>
      <AltitudeMeters>5.6</AltitudeMeters>
      <DistanceMeters>1147.7</DistanceMeters>
      <HeartRateBpm>
       <Value>156</Value>
      </HeartRateBpm>
      <Extensions>
       <TPX xmlns="http://www.garmin.com/xmlschemas/ActivityExtension/v2">
        <Speed>3.5</Speed>
       </TPX>
      </Extensions>
     </Trackpoint>
     <Trackpoint>
      <Time>2026-08-08T11:12:01Z</Time>
      <Position>
       <LatitudeDegrees>5.2365920</LatitudeDegrees>
       <LongitudeDegrees>100.4339380</LongitudeDegrees>
      </Position>
      <AltitudeMeters>5.6</AltitudeMeters>
      <DistanceMeters>1151.4</DistanceMeters>
      <HeartRateBpm>
       <Value>155</Value>
      </HeartRateBpm>
      <Extensions>
       <TPX xmlns="http://www.garmin.com/xmlschemas/ActivityExtension/v2">
        <Speed>3.5</Speed>
       </TPX>
      </Extensions>
     </Trackpoint>
     <Trackpoint>
      <Time>2026-08-08T11:12:02Z</Time>
      <Position>
       <LatitudeDegrees>5.2366180</LatitudeDegrees>
       <LongitudeDegrees>100.4339560</LongitudeDegrees>
      </Position>
      <AltitudeMeters>5.6</AltitudeMeters>
      <DistanceMeters>1154.9</DistanceMeters>
      <HeartRateBpm>
       <Value>156</Value>
      </HeartRateBpm>
      <Extensions>
       <TPX xmlns="http://www.garmin.com/xmlschemas/ActivityExtension/v2">
        <Speed>3.4</Speed>
       </TPX>
      </Extensions>
     </Trackpoint>
     <Trackpoint>
      <Time>2026-08-08T11:12:03Z</Time>
      <Position>
       <LatitudeDegrees>5.2366440</LatitudeDegrees>
       <LongitudeDegrees>100.4339730</LongitudeDegrees>
      </Position>
      <AltitudeMeters>5.6</AltitudeMeters>
      <DistanceMeters>1158.4</DistanceMeters>
      <HeartRateBpm>
       <Value>156</Value>
      </HeartRateBpm>
      <Extensions>
       <TPX xmlns="http://www.garmin.com/xmlschemas/ActivityExtension/v2">
        <Speed>3.4</Speed>
       </TPX>
      </Extensions>
     </Trackpoint>
     <Trackpoint>
      <Time>2026-08-08T11:12:04Z</Time>
      <Position>
       <LatitudeDegrees>5.2366670</LatitudeDegrees>
       <LongitudeDegrees>100.4339920</LongitudeDegrees>
      </Position>
      <AltitudeMeters>5.7</AltitudeMeters>
      <DistanceMeters>1161.7</DistanceMeters>
      <HeartRateBpm>
       <Value>156</Value>
      </HeartRateBpm>
      <Extensions>
       <TPX xmlns="http://www.garmin.com/xmlschemas/ActivityExtension/v2">
        <Speed>3.5</Speed>
       </TPX>
      </Extensions>
     </Trackpoint>
     <Trackpoint>
      <Time>2026-08-08T11:12:05Z</Time>
      <Position>
       <LatitudeDegrees>5.2366910</LatitudeDegrees>
       <LongitudeDegrees>100.4340150</LongitudeDegrees>
      </Position>
      <AltitudeMeters>5.7</AltitudeMeters>
      <DistanceMeters>1165.4</DistanceMeters>
      <HeartRateBpm>
       <Value>156</Value>
      </HeartRateBpm>
      <Extensions>
       <TPX xmlns="http://www.garmin.com/xmlschemas/ActivityExtension/v2">
        <Speed>3.5</Speed>
       </TPX>
      </Extensions>
     </Trackpoint>
     <Trackpoint>
      <Time>2026-08-08T11:12:06Z</Time>
      <Position>
       <LatitudeDegrees>5.2367080</LatitudeDegrees>
       <LongitudeDegrees>100.4340410</LongitudeDegrees>
      </Position>
      <AltitudeMeters>5.7</AltitudeMeters>
      <DistanceMeters>1168.8</DistanceMeters>
      <HeartRateBpm>
       <Value>156</Value>
      </HeartRateBpm>
      <Extensions>
       <TPX xmlns="http://www.garmin.com/xmlschemas/ActivityExtension/v2">
        <Speed>3.5</Speed>
       </TPX>
      </Extensions>
     </Trackpoint>
     <Trackpoint>
      <Time>2026-08-08T11:12:07Z</Time>
      <Position>
       <LatitudeDegrees>5.2367160</LatitudeDegrees>
       <LongitudeDegrees>100.4340660</LongitudeDegrees>
      </Position>
      <AltitudeMeters>5.7</AltitudeMeters>
      <DistanceMeters>1171.7</DistanceMeters>
      <HeartRateBpm>
       <Value>156</Value>
      </HeartRateBpm>
      <Extensions>
       <TPX xmlns="http://www.garmin.com/xmlschemas/ActivityExtension/v2">
        <Speed>3.4</Speed>
       </TPX>
      </Extensions>
     </Trackpoint>
     <Trackpoint>
      <Time>2026-08-08T11:12:08Z</Time>
      <Position>
       <LatitudeDegrees>5.2367200</LatitudeDegrees>
       <LongitudeDegrees>100.4340990</LongitudeDegrees>
      </Position>
      <AltitudeMeters>5.7</AltitudeMeters>
      <DistanceMeters>1175.4</DistanceMeters>
      <HeartRateBpm>
       <Value>156</Value>
      </HeartRateBpm>
      <Extensions>
       <TPX xmlns="http://www.garmin.com/xmlschemas/ActivityExtension/v2">
        <Speed>3.4</Speed>
       </TPX>
      </Extensions>
     </Trackpoint>
     <Trackpoint>
      <Time>2026-08-08T11:12:09Z</Time>
      <Position>
       <LatitudeDegrees>5.2367240</LatitudeDegrees>
       <LongitudeDegrees>100.4341290</LongitudeDegrees>
      </Position>
      <AltitudeMeters>5.7</AltitudeMeters>
      <DistanceMeters>1178.8</DistanceMeters>
      <HeartRateBpm>
       <Value>156</Value>
      </HeartRateBpm>
      <Extensions>
       <TPX xmlns="http://www.garmin.com/xmlschemas/ActivityExtension/v2">
        <Speed>3.4</Speed>
       </TPX>
      </Extensions>
     </Trackpoint>
     <Trackpoint>
      <Time>2026-08-08T11:12:10Z</Time>
      <Position>
       <LatitudeDegrees>5.2367260</LatitudeDegrees>
       <LongitudeDegrees>100.4341590</LongitudeDegrees>
      </Position>
      <AltitudeMeters>5.7</AltitudeMeters>
      <DistanceMeters>1182.1</DistanceMeters>
      <HeartRateBpm>
       <Value>156</Value>
      </HeartRateBpm>
      <Extensions>
       <TPX xmlns="http://www.garmin.com/xmlschemas/ActivityExtension/v2">
        <Speed>3.3</Speed>
       </TPX>
      </Extensions>
     </Trackpoint>
     <Trackpoint>
      <Time>2026-08-08T11:12:11Z</Time>
      <Position>
       <LatitudeDegrees>5.2367280</LatitudeDegrees>
       <LongitudeDegrees>100.4341900</LongitudeDegrees>
      </Position>
      <AltitudeMeters>5.7</AltitudeMeters>
      <DistanceMeters>1185.5</DistanceMeters>
      <HeartRateBpm>
       <Value>156</Value>
      </HeartRateBpm>
      <Extensions>
       <TPX xmlns="http://www.garmin.com/xmlschemas/ActivityExtension/v2">
        <Speed>3.3</Speed>
       </TPX>
      </Extensions>
     </Trackpoint>
     <Trackpoint>
      <Time>2026-08-08T11:12:12Z</Time>
      <Position>
       <LatitudeDegrees>5.2367310</LatitudeDegrees>
       <LongitudeDegrees>100.4342220</LongitudeDegrees>
      </Position>
      <AltitudeMeters>5.7</AltitudeMeters>
      <DistanceMeters>1189.1</DistanceMeters>
      <HeartRateBpm>
       <Value>156</Value>
      </HeartRateBpm>
      <Extensions>
       <TPX xmlns="http://www.garmin.com/xmlschemas/ActivityExtension/v2">
        <Speed>3.5</Speed>
       </TPX>
      </Extensions>
     </Trackpoint>
     <Trackpoint>
      <Time>2026-08-08T11:12:13Z</Time>
      <Position>
       <LatitudeDegrees>5.2367400</LatitudeDegrees>
       <LongitudeDegrees>100.4342530</LongitudeDegrees>
      </Position>
      <AltitudeMeters>5.7</AltitudeMeters>
      <DistanceMeters>1192.7</DistanceMeters>
      <HeartRateBpm>
       <Value>156</Value>
      </HeartRateBpm>
      <Extensions>
       <TPX xmlns="http://www.garmin.com/xmlschemas/ActivityExtension/v2">
        <Speed>3.5</Speed>
       </TPX>
      </Extensions>
     </Trackpoint>
     <Trackpoint>
      <Time>2026-08-08T11:12:14Z</Time>
      <Position>
       <LatitudeDegrees>5.2367480</LatitudeDegrees>
       <LongitudeDegrees>100.4342840</LongitudeDegrees>
      </Position>
      <AltitudeMeters>5.7</AltitudeMeters>
      <DistanceMeters>1196.2</DistanceMeters>
      <HeartRateBpm>
       <Value>156</Value>
      </HeartRateBpm>
      <Extensions>
       <TPX xmlns="http://www.garmin.com/xmlschemas/ActivityExtension/v2">
        <Speed>3.5</Speed>
       </TPX>
      </Extensions>
     </Trackpoint>
     <Trackpoint>
      <Time>2026-08-08T11:12:15Z</Time>
      <Position>
       <LatitudeDegrees>5.2367520</LatitudeDegrees>
       <LongitudeDegrees>100.4343170</LongitudeDegrees>
      </Position>
      <AltitudeMeters>5.7</AltitudeMeters>
      <DistanceMeters>1199.8</DistanceMeters>
      <HeartRateBpm>
       <Value>156</Value>
      </HeartRateBpm>
      <Extensions>
       <TPX xmlns="http://www.garmin.com/xmlschemas/ActivityExtension/v2">
        <Speed>3.5</Speed>
       </TPX>
      </Extensions>
     </Trackpoint>
     <Trackpoint>
      <Time>2026-08-08T11:12:16Z</Time>
      <Position>
       <LatitudeDegrees>5.2367550</LatitudeDegrees>
       <LongitudeDegrees>100.4343490</LongitudeDegrees>
      </Position>
      <AltitudeMeters>5.7</AltitudeMeters>
      <DistanceMeters>1203.4</DistanceMeters>
      <HeartRateBpm>
       <Value>156</Value>
      </HeartRateBpm>
      <Extensions>
       <TPX xmlns="http://www.garmin.com/xmlschemas/ActivityExtension/v2">
        <Speed>3.6</Speed>
       </TPX>
      </Extensions>
     </Trackpoint>
     <Trackpoint>
      <Time>2026-08-08T11:12:17Z</Time>
      <Position>
       <LatitudeDegrees>5.2367590</LatitudeDegrees>
       <LongitudeDegrees>100.4343820</LongitudeDegrees>
      </Position>
      <AltitudeMeters>5.7</AltitudeMeters>
      <DistanceMeters>1207.1</DistanceMeters>
      <HeartRateBpm>
       <Value>156</Value>
      </HeartRateBpm>
      <Extensions>
       <TPX xmlns="http://www.garmin.com/xmlschemas/ActivityExtension/v2">
        <Speed>3.6</Speed>
       </TPX>
      </Extensions>
     </Trackpoint>
     <Trackpoint>
      <Time>2026-08-08T11:12:18Z</Time>
      <Position>
       <LatitudeDegrees>5.2367630</LatitudeDegrees>
       <LongitudeDegrees>100.4344130</LongitudeDegrees>
      </Position>
      <AltitudeMeters>5.7</AltitudeMeters>
      <DistanceMeters>1210.6</DistanceMeters>
      <HeartRateBpm>
       <Value>156</Value>
      </HeartRateBpm>
      <Extensions>
       <TPX xmlns="http://www.garmin.com/xmlschemas/ActivityExtension/v2">
        <Speed>3.6</Speed>
       </TPX>
      </Extensions>
     </Trackpoint>
     <Trackpoint>
      <Time>2026-08-08T11:12:19Z</Time>
      <Position>
       <LatitudeDegrees>5.2367710</LatitudeDegrees>
       <LongitudeDegrees>100.4344440</LongitudeDegrees>
      </Position>
      <AltitudeMeters>5.7</AltitudeMeters>
      <DistanceMeters>1214.1</DistanceMeters>
      <HeartRateBpm>
       <Value>156</Value>
      </HeartRateBpm>
      <Extensions>
       <TPX xmlns="http://www.garmin.com/xmlschemas/ActivityExtension/v2">
        <Speed>3.6</Speed>
       </TPX>
      </Extensions>
     </Trackpoint>
     <Trackpoint>
      <Time>2026-08-08T11:12:20Z</Time>
      <Position>
       <LatitudeDegrees>5.2367830</LatitudeDegrees>
       <LongitudeDegrees>100.4344750</LongitudeDegrees>
      </Position>
      <AltitudeMeters>5.7</AltitudeMeters>
      <DistanceMeters>1217.8</DistanceMeters>
      <HeartRateBpm>
       <Value>156</Value>
      </HeartRateBpm>
      <Extensions>
       <TPX xmlns="http://www.garmin.com/xmlschemas/ActivityExtension/v2">
        <Speed>3.6</Speed>
       </TPX>
      </Extensions>
     </Trackpoint>
     <Trackpoint>
      <Time>2026-08-08T11:12:21Z</Time>
      <Position>
       <LatitudeDegrees>5.2367940</LatitudeDegrees>
       <LongitudeDegrees>100.4345080</LongitudeDegrees>
      </Position>
      <AltitudeMeters>5.7</AltitudeMeters>
      <DistanceMeters>1221.6</DistanceMeters>
      <HeartRateBpm>
       <Value>156</Value>
      </HeartRateBpm>
      <Extensions>
       <TPX xmlns="http://www.garmin.com/xmlschemas/ActivityExtension/v2">
        <Speed>3.6</Speed>
       </TPX>
      </Extensions>
     </Trackpoint>
     <Trackpoint>
      <Time>2026-08-08T11:12:22Z</Time>
      <Position>
       <LatitudeDegrees>5.2368050</LatitudeDegrees>
       <LongitudeDegrees>100.4345400</LongitudeDegrees>
      </Position>
      <AltitudeMeters>5.7</AltitudeMeters>
      <DistanceMeters>1225.4</DistanceMeters>
      <HeartRateBpm>
       <Value>156</Value>
      </HeartRateBpm>
      <Extensions>
       <TPX xmlns="http://www.garmin.com/xmlschemas/ActivityExtension/v2">
        <Speed>3.7</Speed>
       </TPX>
      </Extensions>
     </Trackpoint>
     <Trackpoint>
      <Time>2026-08-08T11:12:23Z</Time>
      <Position>
       <LatitudeDegrees>5.2368170</LatitudeDegrees>
       <LongitudeDegrees>100.4345750</LongitudeDegrees>
      </Position>
      <AltitudeMeters>5.7</AltitudeMeters>
      <DistanceMeters>1229.5</DistanceMeters>
      <HeartRateBpm>
       <Value>156</Value>
      </HeartRateBpm>
      <Extensions>
       <TPX xmlns="http://www.garmin.com/xmlschemas/ActivityExtension/v2">
        <Speed>3.8</Speed>
       </TPX>
      </Extensions>
     </Trackpoint>
     <Trackpoint>
      <Time>2026-08-08T11:12:24Z</Time>
      <Position>
       <LatitudeDegrees>5.2368270</LatitudeDegrees>
       <LongitudeDegrees>100.4346080</LongitudeDegrees>
      </Position>
      <AltitudeMeters>5.7</AltitudeMeters>
      <DistanceMeters>1233.3</DistanceMeters>
      <HeartRateBpm>
       <Value>156</Value>
      </HeartRateBpm>
      <Extensions>
       <TPX xmlns="http://www.garmin.com/xmlschemas/ActivityExtension/v2">
        <Speed>3.8</Speed>
       </TPX>
      </Extensions>
     </Trackpoint>
     <Trackpoint>
      <Time>2026-08-08T11:12:25Z</Time>
      <Position>
       <LatitudeDegrees>5.2368350</LatitudeDegrees>
       <LongitudeDegrees>100.4346400</LongitudeDegrees>
      </Position>
      <AltitudeMeters>5.7</AltitudeMeters>
      <DistanceMeters>1237.0</DistanceMeters>
      <HeartRateBpm>
       <Value>156</Value>
      </HeartRateBpm>
      <Extensions>
       <TPX xmlns="http://www.garmin.com/xmlschemas/ActivityExtension/v2">
        <Speed>3.8</Speed>
       </TPX>
      </Extensions>
     </Trackpoint>
     <Trackpoint>
      <Time>2026-08-08T11:12:26Z</Time>
      <Position>
       <LatitudeDegrees>5.2368440</LatitudeDegrees>
       <LongitudeDegrees>100.4346720</LongitudeDegrees>
      </Position>
      <AltitudeMeters>5.7</AltitudeMeters>
      <DistanceMeters>1240.6</DistanceMeters>
      <HeartRateBpm>
       <Value>156</Value>
      </HeartRateBpm>
      <Extensions>
       <TPX xmlns="http://www.garmin.com/xmlschemas/ActivityExtension/v2">
        <Speed>3.8</Speed>
       </TPX>
      </Extensions>
     </Trackpoint>
     <Trackpoint>
      <Time>2026-08-08T11:12:27Z</Time>
      <Position>
       <LatitudeDegrees>5.2368540</LatitudeDegrees>
       <LongitudeDegrees>100.4347020</LongitudeDegrees>
      </Position>
      <AltitudeMeters>5.7</AltitudeMeters>
      <DistanceMeters>1244.2</DistanceMeters>
      <HeartRateBpm>
       <Value>157</Value>
      </HeartRateBpm>
      <Extensions>
       <TPX xmlns="http://www.garmin.com/xmlschemas/ActivityExtension/v2">
        <Speed>3.8</Speed>
       </TPX>
      </Extensions>
     </Trackpoint>
     <Trackpoint>
      <Time>2026-08-08T11:12:28Z</Time>
      <Position>
       <LatitudeDegrees>5.2368650</LatitudeDegrees>
       <LongitudeDegrees>100.4347310</LongitudeDegrees>
      </Position>
      <AltitudeMeters>5.8</AltitudeMeters>
      <DistanceMeters>1247.6</DistanceMeters>
      <HeartRateBpm>
       <Value>158</Value>
      </HeartRateBpm>
      <Extensions>
       <TPX xmlns="http://www.garmin.com/xmlschemas/ActivityExtension/v2">
        <Speed>3.6</Speed>
       </TPX>
      </Extensions>
     </Trackpoint>
     <Trackpoint>
      <Time>2026-08-08T11:12:29Z</Time>
      <Position>
       <LatitudeDegrees>5.2368730</LatitudeDegrees>
       <LongitudeDegrees>100.4347610</LongitudeDegrees>
      </Position>
      <AltitudeMeters>5.8</AltitudeMeters>
      <DistanceMeters>1251.0</DistanceMeters>
      <HeartRateBpm>
       <Value>158</Value>
      </HeartRateBpm>
      <Extensions>
       <TPX xmlns="http://www.garmin.com/xmlschemas/ActivityExtension/v2">
        <Speed>3.5</Speed>
       </TPX>
      </Extensions>
     </Trackpoint>
     <Trackpoint>
      <Time>2026-08-08T11:12:30Z</Time>
      <Position>
       <LatitudeDegrees>5.2368780</LatitudeDegrees>
       <LongitudeDegrees>100.4347920</LongitudeDegrees>
      </Position>
      <AltitudeMeters>5.8</AltitudeMeters>
      <DistanceMeters>1254.5</DistanceMeters>
      <HeartRateBpm>
       <Value>157</Value>
      </HeartRateBpm>
      <Extensions>
       <TPX xmlns="http://www.garmin.com/xmlschemas/ActivityExtension/v2">
        <Speed>3.5</Speed>
       </TPX>
      </Extensions>
     </Trackpoint>
     <Trackpoint>
      <Time>2026-08-08T11:12:31Z</Time>
      <Position>
       <LatitudeDegrees>5.2368830</LatitudeDegrees>
       <LongitudeDegrees>100.4348200</LongitudeDegrees>
      </Position>
      <AltitudeMeters>5.8</AltitudeMeters>
      <DistanceMeters>1257.7</DistanceMeters>
      <HeartRateBpm>
       <Value>157</Value>
      </HeartRateBpm>
      <Extensions>
       <TPX xmlns="http://www.garmin.com/xmlschemas/ActivityExtension/v2">
        <Speed>3.4</Speed>
       </TPX>
      </Extensions>
     </Trackpoint>
     <Trackpoint>
      <Time>2026-08-08T11:12:32Z</Time>
      <Position>
       <LatitudeDegrees>5.2368890</LatitudeDegrees>
       <LongitudeDegrees>100.4348540</LongitudeDegrees>
      </Position>
      <AltitudeMeters>5.8</AltitudeMeters>
      <DistanceMeters>1261.5</DistanceMeters>
      <HeartRateBpm>
       <Value>157</Value>
      </HeartRateBpm>
      <Extensions>
       <TPX xmlns="http://www.garmin.com/xmlschemas/ActivityExtension/v2">
        <Speed>3.5</Speed>
       </TPX>
      </Extensions>
     </Trackpoint>
     <Trackpoint>
      <Time>2026-08-08T11:12:33Z</Time>
      <Position>
       <LatitudeDegrees>5.2368980</LatitudeDegrees>
       <LongitudeDegrees>100.4348880</LongitudeDegrees>
      </Position>
      <AltitudeMeters>5.8</AltitudeMeters>
      <DistanceMeters>1265.4</DistanceMeters>
      <HeartRateBpm>
       <Value>157</Value>
      </HeartRateBpm>
      <Extensions>
       <TPX xmlns="http://www.garmin.com/xmlschemas/ActivityExtension/v2">
        <Speed>3.6</Speed>
       </TPX>
      </Extensions>
     </Trackpoint>
     <Trackpoint>
      <Time>2026-08-08T11:12:34Z</Time>
      <Position>
       <LatitudeDegrees>5.2369090</LatitudeDegrees>
       <LongitudeDegrees>100.4349230</LongitudeDegrees>
      </Position>
      <AltitudeMeters>5.8</AltitudeMeters>
      <DistanceMeters>1269.4</DistanceMeters>
      <HeartRateBpm>
       <Value>157</Value>
      </HeartRateBpm>
      <Extensions>
       <TPX xmlns="http://www.garmin.com/xmlschemas/ActivityExtension/v2">
        <Speed>3.7</Speed>
       </TPX>
      </Extensions>
     </Trackpoint>
     <Trackpoint>
      <Time>2026-08-08T11:12:35Z</Time>
      <Position>
       <LatitudeDegrees>5.2369180</LatitudeDegrees>
       <LongitudeDegrees>100.4349550</LongitudeDegrees>
      </Position>
      <AltitudeMeters>5.8</AltitudeMeters>
      <DistanceMeters>1273.2</DistanceMeters>
      <HeartRateBpm>
       <Value>157</Value>
      </HeartRateBpm>
      <Extensions>
       <TPX xmlns="http://www.garmin.com/xmlschemas/ActivityExtension/v2">
        <Speed>3.7</Speed>
       </TPX>
      </Extensions>
     </Trackpoint>
     <Trackpoint>
      <Time>2026-08-08T11:12:36Z</Time>
      <Position>
       <LatitudeDegrees>5.2369230</LatitudeDegrees>
       <LongitudeDegrees>100.4349870</LongitudeDegrees>
      </Position>
      <AltitudeMeters>5.8</AltitudeMeters>
      <DistanceMeters>1276.7</DistanceMeters>
      <HeartRateBpm>
       <Value>157</Value>
      </HeartRateBpm>
      <Extensions>
       <TPX xmlns="http://www.garmin.com/xmlschemas/ActivityExtension/v2">
        <Speed>3.8</Speed>
       </TPX>
      </Extensions>
     </Trackpoint>
     <Trackpoint>
      <Time>2026-08-08T11:12:37Z</Time>
      <Position>
       <LatitudeDegrees>5.2369290</LatitudeDegrees>
       <LongitudeDegrees>100.4350180</LongitudeDegrees>
      </Position>
      <AltitudeMeters>5.8</AltitudeMeters>
      <DistanceMeters>1280.1</DistanceMeters>
      <HeartRateBpm>
       <Value>157</Value>
      </HeartRateBpm>
      <Extensions>
       <TPX xmlns="http://www.garmin.com/xmlschemas/ActivityExtension/v2">
        <Speed>3.7</Speed>
       </TPX>
      </Extensions>
     </Trackpoint>
     <Trackpoint>
      <Time>2026-08-08T11:12:38Z</Time>
      <Position>
       <LatitudeDegrees>5.2369330</LatitudeDegrees>
       <LongitudeDegrees>100.4350490</LongitudeDegrees>
      </Position>
      <AltitudeMeters>5.8</AltitudeMeters>
      <DistanceMeters>1283.6</DistanceMeters>
      <HeartRateBpm>
       <Value>156</Value>
      </HeartRateBpm>
      <Extensions>
       <TPX xmlns="http://www.garmin.com/xmlschemas/ActivityExtension/v2">
        <Speed>3.6</Speed>
       </TPX>
      </Extensions>
     </Trackpoint>
     <Trackpoint>
      <Time>2026-08-08T11:12:39Z</Time>
      <Position>
       <LatitudeDegrees>5.2369390</LatitudeDegrees>
       <LongitudeDegrees>100.4350760</LongitudeDegrees>
      </Position>
      <AltitudeMeters>5.8</AltitudeMeters>
      <DistanceMeters>1286.7</DistanceMeters>
      <HeartRateBpm>
       <Value>157</Value>
      </HeartRateBpm>
      <Extensions>
       <TPX xmlns="http://www.garmin.com/xmlschemas/ActivityExtension/v2">
        <Speed>3.5</Speed>
       </TPX>
      </Extensions>
     </Trackpoint>
     <Trackpoint>
      <Time>2026-08-08T11:12:40Z</Time>
      <Position>
       <LatitudeDegrees>5.2369450</LatitudeDegrees>
       <LongitudeDegrees>100.4351050</LongitudeDegrees>
      </Position>
      <AltitudeMeters>5.8</AltitudeMeters>
      <DistanceMeters>1290.0</DistanceMeters>
      <HeartRateBpm>
       <Value>157</Value>
      </HeartRateBpm>
      <Extensions>
       <TPX xmlns="http://www.garmin.com/xmlschemas/ActivityExtension/v2">
        <Speed>3.4</Speed>
       </TPX>
      </Extensions>
     </Trackpoint>
     <Trackpoint>
      <Time>2026-08-08T11:12:41Z</Time>
      <Position>
       <LatitudeDegrees>5.2369490</LatitudeDegrees>
       <LongitudeDegrees>100.4351350</LongitudeDegrees>
      </Position>
      <AltitudeMeters>5.8</AltitudeMeters>
      <DistanceMeters>1293.4</DistanceMeters>
      <HeartRateBpm>
       <Value>158</Value>
      </HeartRateBpm>
      <Extensions>
       <TPX xmlns="http://www.garmin.com/xmlschemas/ActivityExtension/v2">
        <Speed>3.3</Speed>
       </TPX>
      </Extensions>
     </Trackpoint>
     <Trackpoint>
      <Time>2026-08-08T11:12:42Z</Time>
      <Position>
       <LatitudeDegrees>5.2369530</LatitudeDegrees>
       <LongitudeDegrees>100.4351650</LongitudeDegrees>
      </Position>
      <AltitudeMeters>5.7</AltitudeMeters>
      <DistanceMeters>1296.8</DistanceMeters>
      <HeartRateBpm>
       <Value>157</Value>
      </HeartRateBpm>
      <Extensions>
       <TPX xmlns="http://www.garmin.com/xmlschemas/ActivityExtension/v2">
        <Speed>3.3</Speed>
       </TPX>
      </Extensions>
     </Trackpoint>
     <Trackpoint>
      <Time>2026-08-08T11:12:43Z</Time>
      <Position>
       <LatitudeDegrees>5.2369610</LatitudeDegrees>
       <LongitudeDegrees>100.4351950</LongitudeDegrees>
      </Position>
      <AltitudeMeters>5.7</AltitudeMeters>
      <DistanceMeters>1300.2</DistanceMeters>
      <HeartRateBpm>
       <Value>157</Value>
      </HeartRateBpm>
      <Extensions>
       <TPX xmlns="http://www.garmin.com/xmlschemas/ActivityExtension/v2">
        <Speed>3.3</Speed>
       </TPX>
      </Extensions>
     </Trackpoint>
     <Trackpoint>
      <Time>2026-08-08T11:12:44Z</Time>
      <Position>
       <LatitudeDegrees>5.2369660</LatitudeDegrees>
       <LongitudeDegrees>100.4352250</LongitudeDegrees>
      </Position>
      <AltitudeMeters>5.7</AltitudeMeters>
      <DistanceMeters>1303.5</DistanceMeters>
      <HeartRateBpm>
       <Value>157</Value>
      </HeartRateBpm>
      <Extensions>
       <TPX xmlns="http://www.garmin.com/xmlschemas/ActivityExtension/v2">
        <Speed>3.4</Speed>
       </TPX>
      </Extensions>
     </Trackpoint>
     <Trackpoint>
      <Time>2026-08-08T11:12:45Z</Time>
      <Position>
       <LatitudeDegrees>5.2369720</LatitudeDegrees>
       <LongitudeDegrees>100.4352570</LongitudeDegrees>
      </Position>
      <AltitudeMeters>5.7</AltitudeMeters>
      <DistanceMeters>1307.1</DistanceMeters>
      <HeartRateBpm>
       <Value>158</Value>
      </HeartRateBpm>
      <Extensions>
       <TPX xmlns="http://www.garmin.com/xmlschemas/ActivityExtension/v2">
        <Speed>3.4</Speed>
       </TPX>
      </Extensions>
     </Trackpoint>
     <Trackpoint>
      <Time>2026-08-08T11:12:46Z</Time>
      <Position>
       <LatitudeDegrees>5.2369790</LatitudeDegrees>
       <LongitudeDegrees>100.4352880</LongitudeDegrees>
      </Position>
      <AltitudeMeters>5.7</AltitudeMeters>
      <DistanceMeters>1310.7</DistanceMeters>
      <HeartRateBpm>
       <Value>158</Value>
      </HeartRateBpm>
      <Extensions>
       <TPX xmlns="http://www.garmin.com/xmlschemas/ActivityExtension/v2">
        <Speed>3.5</Speed>
       </TPX>
      </Extensions>
     </Trackpoint>
     <Trackpoint>
      <Time>2026-08-08T11:12:47Z</Time>
      <Position>
       <LatitudeDegrees>5.2369860</LatitudeDegrees>
       <LongitudeDegrees>100.4353200</LongitudeDegrees>
      </Position>
      <AltitudeMeters>5.7</AltitudeMeters>
      <DistanceMeters>1314.3</DistanceMeters>
      <HeartRateBpm>
       <Value>158</Value>
      </HeartRateBpm>
      <Extensions>
       <TPX xmlns="http://www.garmin.com/xmlschemas/ActivityExtension/v2">
        <Speed>3.5</Speed>
       </TPX>
      </Extensions>
     </Trackpoint>
     <Trackpoint>
      <Time>2026-08-08T11:12:48Z</Time>
      <Position>
       <LatitudeDegrees>5.2369930</LatitudeDegrees>
       <LongitudeDegrees>100.4353510</LongitudeDegrees>
      </Position>
      <AltitudeMeters>5.7</AltitudeMeters>
      <DistanceMeters>1317.8</DistanceMeters>
      <HeartRateBpm>
       <Value>158</Value>
      </HeartRateBpm>
      <Extensions>
       <TPX xmlns="http://www.garmin.com/xmlschemas/ActivityExtension/v2">
        <Speed>3.5</Speed>
       </TPX>
      </Extensions>
     </Trackpoint>
     <Trackpoint>
      <Time>2026-08-08T11:12:49Z</Time>
      <Position>
       <LatitudeDegrees>5.2370010</LatitudeDegrees>
       <LongitudeDegrees>100.4353830</LongitudeDegrees>
      </Position>
      <AltitudeMeters>5.7</AltitudeMeters>
      <DistanceMeters>1321.4</DistanceMeters>
      <HeartRateBpm>
       <Value>158</Value>
      </HeartRateBpm>
      <Extensions>
       <TPX xmlns="http://www.garmin.com/xmlschemas/ActivityExtension/v2">
        <Speed>3.6</Speed>
       </TPX>
      </Extensions>
     </Trackpoint>
     <Trackpoint>
      <Time>2026-08-08T11:12:50Z</Time>
      <Position>
       <LatitudeDegrees>5.2370070</LatitudeDegrees>
       <LongitudeDegrees>100.4354140</LongitudeDegrees>
      </Position>
      <AltitudeMeters>5.7</AltitudeMeters>
      <DistanceMeters>1325.0</DistanceMeters>
      <HeartRateBpm>
       <Value>158</Value>
      </HeartRateBpm>
      <Extensions>
       <TPX xmlns="http://www.garmin.com/xmlschemas/ActivityExtension/v2">
        <Speed>3.6</Speed>
       </TPX>
      </Extensions>
     </Trackpoint>
     <Trackpoint>
      <Time>2026-08-08T11:12:51Z</Time>
      <Position>
       <LatitudeDegrees>5.2370120</LatitudeDegrees>
       <LongitudeDegrees>100.4354410</LongitudeDegrees>
      </Position>
      <AltitudeMeters>5.7</AltitudeMeters>
      <DistanceMeters>1328.0</DistanceMeters>
      <HeartRateBpm>
       <Value>158</Value>
      </HeartRateBpm>
      <Extensions>
       <TPX xmlns="http://www.garmin.com/xmlschemas/ActivityExtension/v2">
        <Speed>3.5</Speed>
       </TPX>
      </Extensions>
     </Trackpoint>
     <Trackpoint>
      <Time>2026-08-08T11:12:52Z</Time>
      <Position>
       <LatitudeDegrees>5.2370160</LatitudeDegrees>
       <LongitudeDegrees>100.4354760</LongitudeDegrees>
      </Position>
      <AltitudeMeters>5.7</AltitudeMeters>
      <DistanceMeters>1331.9</DistanceMeters>
      <HeartRateBpm>
       <Value>159</Value>
      </HeartRateBpm>
      <Extensions>
       <TPX xmlns="http://www.garmin.com/xmlschemas/ActivityExtension/v2">
        <Speed>3.5</Speed>
       </TPX>
      </Extensions>
     </Trackpoint>
     <Trackpoint>
      <Time>2026-08-08T11:12:53Z</Time>
      <Position>
       <LatitudeDegrees>5.2370250</LatitudeDegrees>
       <LongitudeDegrees>100.4355120</LongitudeDegrees>
      </Position>
      <AltitudeMeters>5.7</AltitudeMeters>
      <DistanceMeters>1336.0</DistanceMeters>
      <HeartRateBpm>
       <Value>159</Value>
      </HeartRateBpm>
      <Extensions>
       <TPX xmlns="http://www.garmin.com/xmlschemas/ActivityExtension/v2">
        <Speed>3.6</Speed>
       </TPX>
      </Extensions>
     </Trackpoint>
     <Trackpoint>
      <Time>2026-08-08T11:12:54Z</Time>
      <Position>
       <LatitudeDegrees>5.2370340</LatitudeDegrees>
       <LongitudeDegrees>100.4355470</LongitudeDegrees>
      </Position>
      <AltitudeMeters>5.7</AltitudeMeters>
      <DistanceMeters>1340.0</DistanceMeters>
      <HeartRateBpm>
       <Value>159</Value>
      </HeartRateBpm>
      <Extensions>
       <TPX xmlns="http://www.garmin.com/xmlschemas/ActivityExtension/v2">
        <Speed>3.7</Speed>
       </TPX>
      </Extensions>
     </Trackpoint>
     <Trackpoint>
      <Time>2026-08-08T11:12:55Z</Time>
      <Position>
       <LatitudeDegrees>5.2370410</LatitudeDegrees>
       <LongitudeDegrees>100.4355780</LongitudeDegrees>
      </Position>
      <AltitudeMeters>5.7</AltitudeMeters>
      <DistanceMeters>1343.5</DistanceMeters>
      <HeartRateBpm>
       <Value>159</Value>
      </HeartRateBpm>
      <Extensions>
       <TPX xmlns="http://www.garmin.com/xmlschemas/ActivityExtension/v2">
        <Speed>3.7</Speed>
       </TPX>
      </Extensions>
     </Trackpoint>
     <Trackpoint>
      <Time>2026-08-08T11:12:56Z</Time>
      <Position>
       <LatitudeDegrees>5.2370480</LatitudeDegrees>
       <LongitudeDegrees>100.4356080</LongitudeDegrees>
      </Position>
      <AltitudeMeters>5.7</AltitudeMeters>
      <DistanceMeters>1346.9</DistanceMeters>
      <HeartRateBpm>
       <Value>159</Value>
      </HeartRateBpm>
      <Extensions>
       <TPX xmlns="http://www.garmin.com/xmlschemas/ActivityExtension/v2">
        <Speed>3.8</Speed>
       </TPX>
      </Extensions>
     </Trackpoint>
     <Trackpoint>
      <Time>2026-08-08T11:12:57Z</Time>
      <Position>
       <LatitudeDegrees>5.2370570</LatitudeDegrees>
       <LongitudeDegrees>100.4356380</LongitudeDegrees>
      </Position>
      <AltitudeMeters>5.7</AltitudeMeters>
      <DistanceMeters>1350.4</DistanceMeters>
      <HeartRateBpm>
       <Value>160</Value>
      </HeartRateBpm>
      <Extensions>
       <TPX xmlns="http://www.garmin.com/xmlschemas/ActivityExtension/v2">
        <Speed>3.7</Speed>
       </TPX>
      </Extensions>
     </Trackpoint>
     <Trackpoint>
      <Time>2026-08-08T11:12:58Z</Time>
      <Position>
       <LatitudeDegrees>5.2370670</LatitudeDegrees>
       <LongitudeDegrees>100.4356680</LongitudeDegrees>
      </Position>
      <AltitudeMeters>5.7</AltitudeMeters>
      <DistanceMeters>1353.9</DistanceMeters>
      <HeartRateBpm>
       <Value>160</Value>
      </HeartRateBpm>
      <Extensions>
       <TPX xmlns="http://www.garmin.com/xmlschemas/ActivityExtension/v2">
        <Speed>3.6</Speed>
       </TPX>
      </Extensions>
     </Trackpoint>
     <Trackpoint>
      <Time>2026-08-08T11:12:59Z</Time>
      <Position>
       <LatitudeDegrees>5.2370750</LatitudeDegrees>
       <LongitudeDegrees>100.4356970</LongitudeDegrees>
      </Position>
      <AltitudeMeters>5.7</AltitudeMeters>
      <DistanceMeters>1357.2</DistanceMeters>
      <HeartRateBpm>
       <Value>160</Value>
      </HeartRateBpm>
      <Extensions>
       <TPX xmlns="http://www.garmin.com/xmlschemas/ActivityExtension/v2">
        <Speed>3.4</Speed>
       </TPX>
      </Extensions>
     </Trackpoint>
     <Trackpoint>
      <Time>2026-08-08T11:13:00Z</Time>
      <Position>
       <LatitudeDegrees>5.2370820</LatitudeDegrees>
       <LongitudeDegrees>100.4357280</LongitudeDegrees>
      </Position>
      <AltitudeMeters>5.7</AltitudeMeters>
      <DistanceMeters>1360.7</DistanceMeters>
      <HeartRateBpm>
       <Value>160</Value>
      </HeartRateBpm>
      <Extensions>
       <TPX xmlns="http://www.garmin.com/xmlschemas/ActivityExtension/v2">
        <Speed>3.4</Speed>
       </TPX>
      </Extensions>
     </Trackpoint>
     <Trackpoint>
      <Time>2026-08-08T11:13:01Z</Time>
      <Position>
       <LatitudeDegrees>5.2370960</LatitudeDegrees>
       <LongitudeDegrees>100.4357560</LongitudeDegrees>
      </Position>
      <AltitudeMeters>5.7</AltitudeMeters>
      <DistanceMeters>1364.2</DistanceMeters>
      <HeartRateBpm>
       <Value>160</Value>
      </HeartRateBpm>
      <Extensions>
       <TPX xmlns="http://www.garmin.com/xmlschemas/ActivityExtension/v2">
        <Speed>3.5</Speed>
       </TPX>
      </Extensions>
     </Trackpoint>
     <Trackpoint>
      <Time>2026-08-08T11:13:02Z</Time>
      <Position>
       <LatitudeDegrees>5.2371070</LatitudeDegrees>
       <LongitudeDegrees>100.4357880</LongitudeDegrees>
      </Position>
      <AltitudeMeters>5.7</AltitudeMeters>
      <DistanceMeters>1367.9</DistanceMeters>
      <HeartRateBpm>
       <Value>160</Value>
      </HeartRateBpm>
      <Extensions>
       <TPX xmlns="http://www.garmin.com/xmlschemas/ActivityExtension/v2">
        <Speed>3.5</Speed>
       </TPX>
      </Extensions>
     </Trackpoint>
     <Trackpoint>
      <Time>2026-08-08T11:13:03Z</Time>
      <Position>
       <LatitudeDegrees>5.2371130</LatitudeDegrees>
       <LongitudeDegrees>100.4358220</LongitudeDegrees>
      </Position>
      <AltitudeMeters>5.7</AltitudeMeters>
      <DistanceMeters>1371.8</DistanceMeters>
      <HeartRateBpm>
       <Value>160</Value>
      </HeartRateBpm>
      <Extensions>
       <TPX xmlns="http://www.garmin.com/xmlschemas/ActivityExtension/v2">
        <Speed>3.6</Speed>
       </TPX>
      </Extensions>
     </Trackpoint>
     <Trackpoint>
      <Time>2026-08-08T11:13:04Z</Time>
      <Position>
       <LatitudeDegrees>5.2371180</LatitudeDegrees>
       <LongitudeDegrees>100.4358570</LongitudeDegrees>
      </Position>
      <AltitudeMeters>5.7</AltitudeMeters>
      <DistanceMeters>1375.6</DistanceMeters>
      <HeartRateBpm>
       <Value>160</Value>
      </HeartRateBpm>
      <Extensions>
       <TPX xmlns="http://www.garmin.com/xmlschemas/ActivityExtension/v2">
        <Speed>3.7</Speed>
       </TPX>
      </Extensions>
     </Trackpoint>
     <Trackpoint>
      <Time>2026-08-08T11:13:05Z</Time>
      <Position>
       <LatitudeDegrees>5.2371210</LatitudeDegrees>
       <LongitudeDegrees>100.4358860</LongitudeDegrees>
      </Position>
      <AltitudeMeters>5.7</AltitudeMeters>
      <DistanceMeters>1379.0</DistanceMeters>
      <HeartRateBpm>
       <Value>160</Value>
      </HeartRateBpm>
      <Extensions>
       <TPX xmlns="http://www.garmin.com/xmlschemas/ActivityExtension/v2">
        <Speed>3.7</Speed>
       </TPX>
      </Extensions>
     </Trackpoint>
     <Trackpoint>
      <Time>2026-08-08T11:13:06Z</Time>
      <Position>
       <LatitudeDegrees>5.2371250</LatitudeDegrees>
       <LongitudeDegrees>100.4359120</LongitudeDegrees>
      </Position>
      <AltitudeMeters>5.7</AltitudeMeters>
      <DistanceMeters>1381.9</DistanceMeters>
      <HeartRateBpm>
       <Value>160</Value>
      </HeartRateBpm>
      <Extensions>
       <TPX xmlns="http://www.garmin.com/xmlschemas/ActivityExtension/v2">
        <Speed>3.5</Speed>
       </TPX>
      </Extensions>
     </Trackpoint>
     <Trackpoint>
      <Time>2026-08-08T11:13:07Z</Time>
      <Position>
       <LatitudeDegrees>5.2371290</LatitudeDegrees>
       <LongitudeDegrees>100.4359410</LongitudeDegrees>
      </Position>
      <AltitudeMeters>5.7</AltitudeMeters>
      <DistanceMeters>1385.1</DistanceMeters>
      <HeartRateBpm>
       <Value>160</Value>
      </HeartRateBpm>
      <Extensions>
       <TPX xmlns="http://www.garmin.com/xmlschemas/ActivityExtension/v2">
        <Speed>3.4</Speed>
       </TPX>
      </Extensions>
     </Trackpoint>
     <Trackpoint>
      <Time>2026-08-08T11:13:08Z</Time>
      <Position>
       <LatitudeDegrees>5.2371360</LatitudeDegrees>
       <LongitudeDegrees>100.4359730</LongitudeDegrees>
      </Position>
      <AltitudeMeters>5.7</AltitudeMeters>
      <DistanceMeters>1388.7</DistanceMeters>
      <HeartRateBpm>
       <Value>160</Value>
      </HeartRateBpm>
      <Extensions>
       <TPX xmlns="http://www.garmin.com/xmlschemas/ActivityExtension/v2">
        <Speed>3.4</Speed>
       </TPX>
      </Extensions>
     </Trackpoint>
     <Trackpoint>
      <Time>2026-08-08T11:13:09Z</Time>
      <Position>
       <LatitudeDegrees>5.2371430</LatitudeDegrees>
       <LongitudeDegrees>100.4360050</LongitudeDegrees>
      </Position>
      <AltitudeMeters>5.7</AltitudeMeters>
      <DistanceMeters>1392.3</DistanceMeters>
      <HeartRateBpm>
       <Value>160</Value>
      </HeartRateBpm>
      <Extensions>
       <TPX xmlns="http://www.garmin.com/xmlschemas/ActivityExtension/v2">
        <Speed>3.3</Speed>
       </TPX>
      </Extensions>
     </Trackpoint>
     <Trackpoint>
      <Time>2026-08-08T11:13:10Z</Time>
      <Position>
       <LatitudeDegrees>5.2371550</LatitudeDegrees>
       <LongitudeDegrees>100.4360370</LongitudeDegrees>
      </Position>
      <AltitudeMeters>5.7</AltitudeMeters>
      <DistanceMeters>1396.1</DistanceMeters>
      <HeartRateBpm>
       <Value>160</Value>
      </HeartRateBpm>
      <Extensions>
       <TPX xmlns="http://www.garmin.com/xmlschemas/ActivityExtension/v2">
        <Speed>3.4</Speed>
       </TPX>
      </Extensions>
     </Trackpoint>
     <Trackpoint>
      <Time>2026-08-08T11:13:11Z</Time>
      <Position>
       <LatitudeDegrees>5.2371700</LatitudeDegrees>
       <LongitudeDegrees>100.4360700</LongitudeDegrees>
      </Position>
      <AltitudeMeters>5.7</AltitudeMeters>
      <DistanceMeters>1400.1</DistanceMeters>
      <HeartRateBpm>
       <Value>160</Value>
      </HeartRateBpm>
      <Extensions>
       <TPX xmlns="http://www.garmin.com/xmlschemas/ActivityExtension/v2">
        <Speed>3.6</Speed>
       </TPX>
      </Extensions>
     </Trackpoint>
     <Trackpoint>
      <Time>2026-08-08T11:13:12Z</Time>
      <Position>
       <LatitudeDegrees>5.2371800</LatitudeDegrees>
       <LongitudeDegrees>100.4361040</LongitudeDegrees>
      </Position>
      <AltitudeMeters>5.7</AltitudeMeters>
      <DistanceMeters>1404.1</DistanceMeters>
      <HeartRateBpm>
       <Value>160</Value>
      </HeartRateBpm>
      <Extensions>
       <TPX xmlns="http://www.garmin.com/xmlschemas/ActivityExtension/v2">
        <Speed>3.8</Speed>
       </TPX>
      </Extensions>
     </Trackpoint>
     <Trackpoint>
      <Time>2026-08-08T11:13:13Z</Time>
      <Position>
       <LatitudeDegrees>5.2371850</LatitudeDegrees>
       <LongitudeDegrees>100.4361370</LongitudeDegrees>
      </Position>
      <AltitudeMeters>5.7</AltitudeMeters>
      <DistanceMeters>1407.7</DistanceMeters>
      <HeartRateBpm>
       <Value>161</Value>
      </HeartRateBpm>
      <Extensions>
       <TPX xmlns="http://www.garmin.com/xmlschemas/ActivityExtension/v2">
        <Speed>3.8</Speed>
       </TPX>
      </Extensions>
     </Trackpoint>
     <Trackpoint>
      <Time>2026-08-08T11:13:14Z</Time>
      <Position>
       <LatitudeDegrees>5.2371930</LatitudeDegrees>
       <LongitudeDegrees>100.4361730</LongitudeDegrees>
      </Position>
      <AltitudeMeters>5.7</AltitudeMeters>
      <DistanceMeters>1411.8</DistanceMeters>
      <HeartRateBpm>
       <Value>161</Value>
      </HeartRateBpm>
      <Extensions>
       <TPX xmlns="http://www.garmin.com/xmlschemas/ActivityExtension/v2">
        <Speed>3.9</Speed>
       </TPX>
      </Extensions>
     </Trackpoint>
     <Trackpoint>
      <Time>2026-08-08T11:13:15Z</Time>
      <Position>
       <LatitudeDegrees>5.2372020</LatitudeDegrees>
       <LongitudeDegrees>100.4362100</LongitudeDegrees>
      </Position>
      <AltitudeMeters>5.7</AltitudeMeters>
      <DistanceMeters>1416.0</DistanceMeters>
      <HeartRateBpm>
       <Value>160</Value>
      </HeartRateBpm>
      <Extensions>
       <TPX xmlns="http://www.garmin.com/xmlschemas/ActivityExtension/v2">
        <Speed>4.0</Speed>
       </TPX>
      </Extensions>
     </Trackpoint>
     <Trackpoint>
      <Time>2026-08-08T11:13:16Z</Time>
      <Position>
       <LatitudeDegrees>5.2372140</LatitudeDegrees>
       <LongitudeDegrees>100.4362450</LongitudeDegrees>
      </Position>
      <AltitudeMeters>5.7</AltitudeMeters>
      <DistanceMeters>1420.2</DistanceMeters>
      <HeartRateBpm>
       <Value>160</Value>
      </HeartRateBpm>
      <Extensions>
       <TPX xmlns="http://www.garmin.com/xmlschemas/ActivityExtension/v2">
        <Speed>4.0</Speed>
       </TPX>
      </Extensions>
     </Trackpoint>
     <Trackpoint>
      <Time>2026-08-08T11:13:17Z</Time>
      <Position>
       <LatitudeDegrees>5.2372260</LatitudeDegrees>
       <LongitudeDegrees>100.4362800</LongitudeDegrees>
      </Position>
      <AltitudeMeters>5.7</AltitudeMeters>
      <DistanceMeters>1424.2</DistanceMeters>
      <HeartRateBpm>
       <Value>160</Value>
      </HeartRateBpm>
      <Extensions>
       <TPX xmlns="http://www.garmin.com/xmlschemas/ActivityExtension/v2">
        <Speed>4.0</Speed>
       </TPX>
      </Extensions>
     </Trackpoint>
     <Trackpoint>
      <Time>2026-08-08T11:13:18Z</Time>
      <Position>
       <LatitudeDegrees>5.2372410</LatitudeDegrees>
       <LongitudeDegrees>100.4363110</LongitudeDegrees>
      </Position>
      <AltitudeMeters>5.7</AltitudeMeters>
      <DistanceMeters>1428.1</DistanceMeters>
      <HeartRateBpm>
       <Value>161</Value>
      </HeartRateBpm>
      <Extensions>
       <TPX xmlns="http://www.garmin.com/xmlschemas/ActivityExtension/v2">
        <Speed>4.1</Speed>
       </TPX>
      </Extensions>
     </Trackpoint>
     <Trackpoint>
      <Time>2026-08-08T11:13:19Z</Time>
      <Position>
       <LatitudeDegrees>5.2372540</LatitudeDegrees>
       <LongitudeDegrees>100.4363370</LongitudeDegrees>
      </Position>
      <AltitudeMeters>5.7</AltitudeMeters>
      <DistanceMeters>1431.3</DistanceMeters>
      <HeartRateBpm>
       <Value>161</Value>
      </HeartRateBpm>
      <Extensions>
       <TPX xmlns="http://www.garmin.com/xmlschemas/ActivityExtension/v2">
        <Speed>3.9</Speed>
       </TPX>
      </Extensions>
     </Trackpoint>
     <Trackpoint>
      <Time>2026-08-08T11:13:20Z</Time>
      <Position>
       <LatitudeDegrees>5.2372670</LatitudeDegrees>
       <LongitudeDegrees>100.4363660</LongitudeDegrees>
      </Position>
      <AltitudeMeters>5.7</AltitudeMeters>
      <DistanceMeters>1434.8</DistanceMeters>
      <HeartRateBpm>
       <Value>161</Value>
      </HeartRateBpm>
      <Extensions>
       <TPX xmlns="http://www.garmin.com/xmlschemas/ActivityExtension/v2">
        <Speed>3.8</Speed>
       </TPX>
      </Extensions>
     </Trackpoint>
     <Trackpoint>
      <Time>2026-08-08T11:13:21Z</Time>
      <Position>
       <LatitudeDegrees>5.2372830</LatitudeDegrees>
       <LongitudeDegrees>100.4363980</LongitudeDegrees>
      </Position>
      <AltitudeMeters>5.7</AltitudeMeters>
      <DistanceMeters>1438.8</DistanceMeters>
      <HeartRateBpm>
       <Value>161</Value>
      </HeartRateBpm>
      <Extensions>
       <TPX xmlns="http://www.garmin.com/xmlschemas/ActivityExtension/v2">
        <Speed>3.7</Speed>
       </TPX>
      </Extensions>
     </Trackpoint>
     <Trackpoint>
      <Time>2026-08-08T11:13:22Z</Time>
      <Position>
       <LatitudeDegrees>5.2372960</LatitudeDegrees>
       <LongitudeDegrees>100.4364320</LongitudeDegrees>
      </Position>
      <AltitudeMeters>5.7</AltitudeMeters>
      <DistanceMeters>1442.8</DistanceMeters>
      <HeartRateBpm>
       <Value>161</Value>
      </HeartRateBpm>
      <Extensions>
       <TPX xmlns="http://www.garmin.com/xmlschemas/ActivityExtension/v2">
        <Speed>3.7</Speed>
       </TPX>
      </Extensions>
     </Trackpoint>
     <Trackpoint>
      <Time>2026-08-08T11:13:23Z</Time>
      <Position>
       <LatitudeDegrees>5.2373070</LatitudeDegrees>
       <LongitudeDegrees>100.4364660</LongitudeDegrees>
      </Position>
      <AltitudeMeters>5.7</AltitudeMeters>
      <DistanceMeters>1446.8</DistanceMeters>
      <HeartRateBpm>
       <Value>161</Value>
      </HeartRateBpm>
      <Extensions>
       <TPX xmlns="http://www.garmin.com/xmlschemas/ActivityExtension/v2">
        <Speed>3.7</Speed>
       </TPX>
      </Extensions>
     </Trackpoint>
     <Trackpoint>
      <Time>2026-08-08T11:13:24Z</Time>
      <Position>
       <LatitudeDegrees>5.2373180</LatitudeDegrees>
       <LongitudeDegrees>100.4365010</LongitudeDegrees>
      </Position>
      <AltitudeMeters>5.7</AltitudeMeters>
      <DistanceMeters>1450.9</DistanceMeters>
      <HeartRateBpm>
       <Value>161</Value>
      </HeartRateBpm>
      <Extensions>
       <TPX xmlns="http://www.garmin.com/xmlschemas/ActivityExtension/v2">
        <Speed>3.9</Speed>
       </TPX>
      </Extensions>
     </Trackpoint>
     <Trackpoint>
      <Time>2026-08-08T11:13:25Z</Time>
      <Position>
       <LatitudeDegrees>5.2373290</LatitudeDegrees>
       <LongitudeDegrees>100.4365350</LongitudeDegrees>
      </Position>
      <AltitudeMeters>5.7</AltitudeMeters>
      <DistanceMeters>1454.8</DistanceMeters>
      <HeartRateBpm>
       <Value>161</Value>
      </HeartRateBpm>
      <Extensions>
       <TPX xmlns="http://www.garmin.com/xmlschemas/ActivityExtension/v2">
        <Speed>4.0</Speed>
       </TPX>
      </Extensions>
     </Trackpoint>
     <Trackpoint>
      <Time>2026-08-08T11:13:26Z</Time>
      <Position>
       <LatitudeDegrees>5.2373400</LatitudeDegrees>
       <LongitudeDegrees>100.4365680</LongitudeDegrees>
      </Position>
      <AltitudeMeters>5.7</AltitudeMeters>
      <DistanceMeters>1458.6</DistanceMeters>
      <HeartRateBpm>
       <Value>162</Value>
      </HeartRateBpm>
      <Extensions>
       <TPX xmlns="http://www.garmin.com/xmlschemas/ActivityExtension/v2">
        <Speed>4.0</Speed>
       </TPX>
      </Extensions>
     </Trackpoint>
     <Trackpoint>
      <Time>2026-08-08T11:13:27Z</Time>
      <Position>
       <LatitudeDegrees>5.2373470</LatitudeDegrees>
       <LongitudeDegrees>100.4366010</LongitudeDegrees>
      </Position>
      <AltitudeMeters>5.7</AltitudeMeters>
      <DistanceMeters>1462.4</DistanceMeters>
      <HeartRateBpm>
       <Value>162</Value>
      </HeartRateBpm>
      <Extensions>
       <TPX xmlns="http://www.garmin.com/xmlschemas/ActivityExtension/v2">
        <Speed>3.9</Speed>
       </TPX>
      </Extensions>
     </Trackpoint>
     <Trackpoint>
      <Time>2026-08-08T11:13:28Z</Time>
      <Position>
       <LatitudeDegrees>5.2373520</LatitudeDegrees>
       <LongitudeDegrees>100.4366340</LongitudeDegrees>
      </Position>
      <AltitudeMeters>5.7</AltitudeMeters>
      <DistanceMeters>1466.0</DistanceMeters>
      <HeartRateBpm>
       <Value>162</Value>
      </HeartRateBpm>
      <Extensions>
       <TPX xmlns="http://www.garmin.com/xmlschemas/ActivityExtension/v2">
        <Speed>3.8</Speed>
       </TPX>
      </Extensions>
     </Trackpoint>
     <Trackpoint>
      <Time>2026-08-08T11:13:29Z</Time>
      <Position>
       <LatitudeDegrees>5.2373570</LatitudeDegrees>
       <LongitudeDegrees>100.4366660</LongitudeDegrees>
      </Position>
      <AltitudeMeters>5.7</AltitudeMeters>
      <DistanceMeters>1469.7</DistanceMeters>
      <HeartRateBpm>
       <Value>162</Value>
      </HeartRateBpm>
      <Extensions>
       <TPX xmlns="http://www.garmin.com/xmlschemas/ActivityExtension/v2">
        <Speed>3.8</Speed>
       </TPX>
      </Extensions>
     </Trackpoint>
     <Trackpoint>
      <Time>2026-08-08T11:13:30Z</Time>
      <Position>
       <LatitudeDegrees>5.2373610</LatitudeDegrees>
       <LongitudeDegrees>100.4366940</LongitudeDegrees>
      </Position>
      <AltitudeMeters>5.7</AltitudeMeters>
      <DistanceMeters>1472.8</DistanceMeters>
      <HeartRateBpm>
       <Value>162</Value>
      </HeartRateBpm>
      <Extensions>
       <TPX xmlns="http://www.garmin.com/xmlschemas/ActivityExtension/v2">
        <Speed>3.6</Speed>
       </TPX>
      </Extensions>
     </Trackpoint>
     <Trackpoint>
      <Time>2026-08-08T11:13:31Z</Time>
      <Position>
       <LatitudeDegrees>5.2373630</LatitudeDegrees>
       <LongitudeDegrees>100.4367290</LongitudeDegrees>
      </Position>
      <AltitudeMeters>5.8</AltitudeMeters>
      <DistanceMeters>1476.7</DistanceMeters>
      <HeartRateBpm>
       <Value>162</Value>
      </HeartRateBpm>
      <Extensions>
       <TPX xmlns="http://www.garmin.com/xmlschemas/ActivityExtension/v2">
        <Speed>3.6</Speed>
       </TPX>
      </Extensions>
     </Trackpoint>
     <Trackpoint>
      <Time>2026-08-08T11:13:32Z</Time>
      <Position>
       <LatitudeDegrees>5.2373660</LatitudeDegrees>
       <LongitudeDegrees>100.4367630</LongitudeDegrees>
      </Position>
      <AltitudeMeters>5.8</AltitudeMeters>
      <DistanceMeters>1480.5</DistanceMeters>
      <HeartRateBpm>
       <Value>162</Value>
      </HeartRateBpm>
      <Extensions>
       <TPX xmlns="http://www.garmin.com/xmlschemas/ActivityExtension/v2">
        <Speed>3.6</Speed>
       </TPX>
      </Extensions>
     </Trackpoint>
     <Trackpoint>
      <Time>2026-08-08T11:13:33Z</Time>
      <Position>
       <LatitudeDegrees>5.2373740</LatitudeDegrees>
       <LongitudeDegrees>100.4367950</LongitudeDegrees>
      </Position>
      <AltitudeMeters>5.8</AltitudeMeters>
      <DistanceMeters>1484.1</DistanceMeters>
      <HeartRateBpm>
       <Value>162</Value>
      </HeartRateBpm>
      <Extensions>
       <TPX xmlns="http://www.garmin.com/xmlschemas/ActivityExtension/v2">
        <Speed>3.6</Speed>
       </TPX>
      </Extensions>
     </Trackpoint>
     <Trackpoint>
      <Time>2026-08-08T11:13:34Z</Time>
      <Position>
       <LatitudeDegrees>5.2373840</LatitudeDegrees>
       <LongitudeDegrees>100.4368260</LongitudeDegrees>
      </Position>
      <AltitudeMeters>5.8</AltitudeMeters>
      <DistanceMeters>1487.7</DistanceMeters>
      <HeartRateBpm>
       <Value>163</Value>
      </HeartRateBpm>
      <Extensions>
       <TPX xmlns="http://www.garmin.com/xmlschemas/ActivityExtension/v2">
        <Speed>3.6</Speed>
       </TPX>
      </Extensions>
     </Trackpoint>
     <Trackpoint>
      <Time>2026-08-08T11:13:35Z</Time>
      <Position>
       <LatitudeDegrees>5.2373950</LatitudeDegrees>
       <LongitudeDegrees>100.4368590</LongitudeDegrees>
      </Position>
      <AltitudeMeters>5.8</AltitudeMeters>
      <DistanceMeters>1491.6</DistanceMeters>
      <HeartRateBpm>
       <Value>162</Value>
      </HeartRateBpm>
      <Extensions>
       <TPX xmlns="http://www.garmin.com/xmlschemas/ActivityExtension/v2">
        <Speed>3.8</Speed>
       </TPX>
      </Extensions>
     </Trackpoint>
     <Trackpoint>
      <Time>2026-08-08T11:13:36Z</Time>
      <Position>
       <LatitudeDegrees>5.2374080</LatitudeDegrees>
       <LongitudeDegrees>100.4368900</LongitudeDegrees>
      </Position>
      <AltitudeMeters>5.8</AltitudeMeters>
      <DistanceMeters>1495.3</DistanceMeters>
      <HeartRateBpm>
       <Value>162</Value>
      </HeartRateBpm>
      <Extensions>
       <TPX xmlns="http://www.garmin.com/xmlschemas/ActivityExtension/v2">
        <Speed>3.7</Speed>
       </TPX>
      </Extensions>
     </Trackpoint>
     <Trackpoint>
      <Time>2026-08-08T11:13:37Z</Time>
      <Position>
       <LatitudeDegrees>5.2374200</LatitudeDegrees>
       <LongitudeDegrees>100.4369220</LongitudeDegrees>
      </Position>
      <AltitudeMeters>5.8</AltitudeMeters>
      <DistanceMeters>1499.0</DistanceMeters>
      <HeartRateBpm>
       <Value>162</Value>
      </HeartRateBpm>
      <Extensions>
       <TPX xmlns="http://www.garmin.com/xmlschemas/ActivityExtension/v2">
        <Speed>3.7</Speed>
       </TPX>
      </Extensions>
     </Trackpoint>
     <Trackpoint>
      <Time>2026-08-08T11:13:38Z</Time>
      <Position>
       <LatitudeDegrees>5.2374290</LatitudeDegrees>
       <LongitudeDegrees>100.4369540</LongitudeDegrees>
      </Position>
      <AltitudeMeters>5.8</AltitudeMeters>
      <DistanceMeters>1502.7</DistanceMeters>
      <HeartRateBpm>
       <Value>162</Value>
      </HeartRateBpm>
      <Extensions>
       <TPX xmlns="http://www.garmin.com/xmlschemas/ActivityExtension/v2">
        <Speed>3.7</Speed>
       </TPX>
      </Extensions>
     </Trackpoint>
     <Trackpoint>
      <Time>2026-08-08T11:13:39Z</Time>
      <Position>
       <LatitudeDegrees>5.2374340</LatitudeDegrees>
       <LongitudeDegrees>100.4369810</LongitudeDegrees>
      </Position>
      <AltitudeMeters>5.8</AltitudeMeters>
      <DistanceMeters>1505.8</DistanceMeters>
      <HeartRateBpm>
       <Value>163</Value>
      </HeartRateBpm>
      <Extensions>
       <TPX xmlns="http://www.garmin.com/xmlschemas/ActivityExtension/v2">
        <Speed>3.6</Speed>
       </TPX>
      </Extensions>
     </Trackpoint>
     <Trackpoint>
      <Time>2026-08-08T11:13:40Z</Time>
      <Position>
       <LatitudeDegrees>5.2374400</LatitudeDegrees>
       <LongitudeDegrees>100.4370160</LongitudeDegrees>
      </Position>
      <AltitudeMeters>5.8</AltitudeMeters>
      <DistanceMeters>1509.7</DistanceMeters>
      <HeartRateBpm>
       <Value>163</Value>
      </HeartRateBpm>
      <Extensions>
       <TPX xmlns="http://www.garmin.com/xmlschemas/ActivityExtension/v2">
        <Speed>3.6</Speed>
       </TPX>
      </Extensions>
     </Trackpoint>
     <Trackpoint>
      <Time>2026-08-08T11:13:41Z</Time>
      <Position>
       <LatitudeDegrees>5.2374450</LatitudeDegrees>
       <LongitudeDegrees>100.4370490</LongitudeDegrees>
      </Position>
      <AltitudeMeters>5.8</AltitudeMeters>
      <DistanceMeters>1513.4</DistanceMeters>
      <HeartRateBpm>
       <Value>163</Value>
      </HeartRateBpm>
      <Extensions>
       <TPX xmlns="http://www.garmin.com/xmlschemas/ActivityExtension/v2">
        <Speed>3.6</Speed>
       </TPX>
      </Extensions>
     </Trackpoint>
     <Trackpoint>
      <Time>2026-08-08T11:13:42Z</Time>
      <Position>
       <LatitudeDegrees>5.2374510</LatitudeDegrees>
       <LongitudeDegrees>100.4370780</LongitudeDegrees>
      </Position>
      <AltitudeMeters>5.8</AltitudeMeters>
      <DistanceMeters>1516.8</DistanceMeters>
      <HeartRateBpm>
       <Value>163</Value>
      </HeartRateBpm>
      <Extensions>
       <TPX xmlns="http://www.garmin.com/xmlschemas/ActivityExtension/v2">
        <Speed>3.6</Speed>
       </TPX>
      </Extensions>
     </Trackpoint>
     <Trackpoint>
      <Time>2026-08-08T11:13:43Z</Time>
      <Position>
       <LatitudeDegrees>5.2374610</LatitudeDegrees>
       <LongitudeDegrees>100.4371070</LongitudeDegrees>
      </Position>
      <AltitudeMeters>5.8</AltitudeMeters>
      <DistanceMeters>1520.1</DistanceMeters>
      <HeartRateBpm>
       <Value>163</Value>
      </HeartRateBpm>
      <Extensions>
       <TPX xmlns="http://www.garmin.com/xmlschemas/ActivityExtension/v2">
        <Speed>3.5</Speed>
       </TPX>
      </Extensions>
     </Trackpoint>
     <Trackpoint>
      <Time>2026-08-08T11:13:44Z</Time>
      <Position>
       <LatitudeDegrees>5.2374740</LatitudeDegrees>
       <LongitudeDegrees>100.4371340</LongitudeDegrees>
      </Position>
      <AltitudeMeters>5.9</AltitudeMeters>
      <DistanceMeters>1523.4</DistanceMeters>
      <HeartRateBpm>
       <Value>163</Value>
      </HeartRateBpm>
      <Extensions>
       <TPX xmlns="http://www.garmin.com/xmlschemas/ActivityExtension/v2">
        <Speed>3.5</Speed>
       </TPX>
      </Extensions>
     </Trackpoint>
     <Trackpoint>
      <Time>2026-08-08T11:13:45Z</Time>
      <Position>
       <LatitudeDegrees>5.2374890</LatitudeDegrees>
       <LongitudeDegrees>100.4371630</LongitudeDegrees>
      </Position>
      <AltitudeMeters>5.9</AltitudeMeters>
      <DistanceMeters>1527.0</DistanceMeters>
      <HeartRateBpm>
       <Value>163</Value>
      </HeartRateBpm>
      <Extensions>
       <TPX xmlns="http://www.garmin.com/xmlschemas/ActivityExtension/v2">
        <Speed>3.5</Speed>
       </TPX>
      </Extensions>
     </Trackpoint>
     <Trackpoint>
      <Time>2026-08-08T11:13:46Z</Time>
      <Position>
       <LatitudeDegrees>5.2375000</LatitudeDegrees>
       <LongitudeDegrees>100.4371930</LongitudeDegrees>
      </Position>
      <AltitudeMeters>5.9</AltitudeMeters>
      <DistanceMeters>1530.6</DistanceMeters>
      <HeartRateBpm>
       <Value>163</Value>
      </HeartRateBpm>
      <Extensions>
       <TPX xmlns="http://www.garmin.com/xmlschemas/ActivityExtension/v2">
        <Speed>3.4</Speed>
       </TPX>
      </Extensions>
     </Trackpoint>
     <Trackpoint>
      <Time>2026-08-08T11:13:47Z</Time>
      <Position>
       <LatitudeDegrees>5.2375060</LatitudeDegrees>
       <LongitudeDegrees>100.4372260</LongitudeDegrees>
      </Position>
      <AltitudeMeters>5.9</AltitudeMeters>
      <DistanceMeters>1534.3</DistanceMeters>
      <HeartRateBpm>
       <Value>162</Value>
      </HeartRateBpm>
      <Extensions>
       <TPX xmlns="http://www.garmin.com/xmlschemas/ActivityExtension/v2">
        <Speed>3.5</Speed>
       </TPX>
      </Extensions>
     </Trackpoint>
     <Trackpoint>
      <Time>2026-08-08T11:13:48Z</Time>
      <Position>
       <LatitudeDegrees>5.2375140</LatitudeDegrees>
       <LongitudeDegrees>100.4372590</LongitudeDegrees>
      </Position>
      <AltitudeMeters>5.9</AltitudeMeters>
      <DistanceMeters>1538.1</DistanceMeters>
      <HeartRateBpm>
       <Value>162</Value>
      </HeartRateBpm>
      <Extensions>
       <TPX xmlns="http://www.garmin.com/xmlschemas/ActivityExtension/v2">
        <Speed>3.6</Speed>
       </TPX>
      </Extensions>
     </Trackpoint>
     <Trackpoint>
      <Time>2026-08-08T11:13:49Z</Time>
      <Position>
       <LatitudeDegrees>5.2375260</LatitudeDegrees>
       <LongitudeDegrees>100.4372920</LongitudeDegrees>
      </Position>
      <AltitudeMeters>5.9</AltitudeMeters>
      <DistanceMeters>1542.0</DistanceMeters>
      <HeartRateBpm>
       <Value>162</Value>
      </HeartRateBpm>
      <Extensions>
       <TPX xmlns="http://www.garmin.com/xmlschemas/ActivityExtension/v2">
        <Speed>3.7</Speed>
       </TPX>
      </Extensions>
     </Trackpoint>
     <Trackpoint>
      <Time>2026-08-08T11:13:50Z</Time>
      <Position>
       <LatitudeDegrees>5.2375390</LatitudeDegrees>
       <LongitudeDegrees>100.4373260</LongitudeDegrees>
      </Position>
      <AltitudeMeters>5.9</AltitudeMeters>
      <DistanceMeters>1546.0</DistanceMeters>
      <HeartRateBpm>
       <Value>163</Value>
      </HeartRateBpm>
      <Extensions>
       <TPX xmlns="http://www.garmin.com/xmlschemas/ActivityExtension/v2">
        <Speed>3.8</Speed>
       </TPX>
      </Extensions>
     </Trackpoint>
     <Trackpoint>
      <Time>2026-08-08T11:13:51Z</Time>
      <Position>
       <LatitudeDegrees>5.2375480</LatitudeDegrees>
       <LongitudeDegrees>100.4373540</LongitudeDegrees>
      </Position>
      <AltitudeMeters>5.9</AltitudeMeters>
      <DistanceMeters>1549.2</DistanceMeters>
      <HeartRateBpm>
       <Value>164</Value>
      </HeartRateBpm>
      <Extensions>
       <TPX xmlns="http://www.garmin.com/xmlschemas/ActivityExtension/v2">
        <Speed>3.7</Speed>
       </TPX>
      </Extensions>
     </Trackpoint>
     <Trackpoint>
      <Time>2026-08-08T11:13:52Z</Time>
      <Position>
       <LatitudeDegrees>5.2375580</LatitudeDegrees>
       <LongitudeDegrees>100.4373950</LongitudeDegrees>
      </Position>
      <AltitudeMeters>5.9</AltitudeMeters>
      <DistanceMeters>1553.9</DistanceMeters>
      <HeartRateBpm>
       <Value>163</Value>
      </HeartRateBpm>
      <Extensions>
       <TPX xmlns="http://www.garmin.com/xmlschemas/ActivityExtension/v2">
        <Speed>3.9</Speed>
       </TPX>
      </Extensions>
     </Trackpoint>
     <Trackpoint>
      <Time>2026-08-08T11:13:53Z</Time>
      <Position>
       <LatitudeDegrees>5.2375640</LatitudeDegrees>
       <LongitudeDegrees>100.4374260</LongitudeDegrees>
      </Position>
      <AltitudeMeters>5.9</AltitudeMeters>
      <DistanceMeters>1557.5</DistanceMeters>
      <HeartRateBpm>
       <Value>163</Value>
      </HeartRateBpm>
      <Extensions>
       <TPX xmlns="http://www.garmin.com/xmlschemas/ActivityExtension/v2">
        <Speed>3.9</Speed>
       </TPX>
      </Extensions>
     </Trackpoint>
     <Trackpoint>
      <Time>2026-08-08T11:13:54Z</Time>
      <Position>
       <LatitudeDegrees>5.2375740</LatitudeDegrees>
       <LongitudeDegrees>100.4374580</LongitudeDegrees>
      </Position>
      <AltitudeMeters>5.9</AltitudeMeters>
      <DistanceMeters>1561.1</DistanceMeters>
      <HeartRateBpm>
       <Value>163</Value>
      </HeartRateBpm>
      <Extensions>
       <TPX xmlns="http://www.garmin.com/xmlschemas/ActivityExtension/v2">
        <Speed>3.8</Speed>
       </TPX>
      </Extensions>
     </Trackpoint>
     <Trackpoint>
      <Time>2026-08-08T11:13:55Z</Time>
      <Position>
       <LatitudeDegrees>5.2375870</LatitudeDegrees>
       <LongitudeDegrees>100.4374900</LongitudeDegrees>
      </Position>
      <AltitudeMeters>5.9</AltitudeMeters>
      <DistanceMeters>1564.9</DistanceMeters>
      <HeartRateBpm>
       <Value>163</Value>
      </HeartRateBpm>
      <Extensions>
       <TPX xmlns="http://www.garmin.com/xmlschemas/ActivityExtension/v2">
        <Speed>3.8</Speed>
       </TPX>
      </Extensions>
     </Trackpoint>
     <Trackpoint>
      <Time>2026-08-08T11:13:56Z</Time>
      <Position>
       <LatitudeDegrees>5.2375990</LatitudeDegrees>
       <LongitudeDegrees>100.4375240</LongitudeDegrees>
      </Position>
      <AltitudeMeters>5.9</AltitudeMeters>
      <DistanceMeters>1568.9</DistanceMeters>
      <HeartRateBpm>
       <Value>163</Value>
      </HeartRateBpm>
      <Extensions>
       <TPX xmlns="http://www.garmin.com/xmlschemas/ActivityExtension/v2">
        <Speed>3.9</Speed>
       </TPX>
      </Extensions>
     </Trackpoint>
     <Trackpoint>
      <Time>2026-08-08T11:13:57Z</Time>
      <Position>
       <LatitudeDegrees>5.2376090</LatitudeDegrees>
       <LongitudeDegrees>100.4375560</LongitudeDegrees>
      </Position>
      <AltitudeMeters>5.9</AltitudeMeters>
      <DistanceMeters>1572.7</DistanceMeters>
      <HeartRateBpm>
       <Value>163</Value>
      </HeartRateBpm>
      <Extensions>
       <TPX xmlns="http://www.garmin.com/xmlschemas/ActivityExtension/v2">
        <Speed>3.8</Speed>
       </TPX>
      </Extensions>
     </Trackpoint>
     <Trackpoint>
      <Time>2026-08-08T11:13:58Z</Time>
      <Position>
       <LatitudeDegrees>5.2376160</LatitudeDegrees>
       <LongitudeDegrees>100.4375880</LongitudeDegrees>
      </Position>
      <AltitudeMeters>5.9</AltitudeMeters>
      <DistanceMeters>1576.3</DistanceMeters>
      <HeartRateBpm>
       <Value>163</Value>
      </HeartRateBpm>
      <Extensions>
       <TPX xmlns="http://www.garmin.com/xmlschemas/ActivityExtension/v2">
        <Speed>3.8</Speed>
       </TPX>
      </Extensions>
     </Trackpoint>
     <Trackpoint>
      <Time>2026-08-08T11:13:59Z</Time>
      <Position>
       <LatitudeDegrees>5.2376230</LatitudeDegrees>
       <LongitudeDegrees>100.4376190</LongitudeDegrees>
      </Position>
      <AltitudeMeters>5.9</AltitudeMeters>
      <DistanceMeters>1579.8</DistanceMeters>
      <HeartRateBpm>
       <Value>163</Value>
      </HeartRateBpm>
      <Extensions>
       <TPX xmlns="http://www.garmin.com/xmlschemas/ActivityExtension/v2">
        <Speed>3.7</Speed>
       </TPX>
      </Extensions>
     </Trackpoint>
     <Trackpoint>
      <Time>2026-08-08T11:14:00Z</Time>
      <Position>
       <LatitudeDegrees>5.2376290</LatitudeDegrees>
       <LongitudeDegrees>100.4376510</LongitudeDegrees>
      </Position>
      <AltitudeMeters>5.9</AltitudeMeters>
      <DistanceMeters>1583.4</DistanceMeters>
      <HeartRateBpm>
       <Value>163</Value>
      </HeartRateBpm>
      <Extensions>
       <TPX xmlns="http://www.garmin.com/xmlschemas/ActivityExtension/v2">
        <Speed>3.7</Speed>
       </TPX>
      </Extensions>
     </Trackpoint>
     <Trackpoint>
      <Time>2026-08-08T11:14:01Z</Time>
      <Position>
       <LatitudeDegrees>5.2376390</LatitudeDegrees>
       <LongitudeDegrees>100.4376830</LongitudeDegrees>
      </Position>
      <AltitudeMeters>5.9</AltitudeMeters>
      <DistanceMeters>1587.1</DistanceMeters>
      <HeartRateBpm>
       <Value>163</Value>
      </HeartRateBpm>
      <Extensions>
       <TPX xmlns="http://www.garmin.com/xmlschemas/ActivityExtension/v2">
        <Speed>3.6</Speed>
       </TPX>
      </Extensions>
     </Trackpoint>
     <Trackpoint>
      <Time>2026-08-08T11:14:02Z</Time>
      <Position>
       <LatitudeDegrees>5.2376500</LatitudeDegrees>
       <LongitudeDegrees>100.4377150</LongitudeDegrees>
      </Position>
      <AltitudeMeters>5.9</AltitudeMeters>
      <DistanceMeters>1590.9</DistanceMeters>
      <HeartRateBpm>
       <Value>164</Value>
      </HeartRateBpm>
      <Extensions>
       <TPX xmlns="http://www.garmin.com/xmlschemas/ActivityExtension/v2">
        <Speed>3.6</Speed>
       </TPX>
      </Extensions>
     </Trackpoint>
     <Trackpoint>
      <Time>2026-08-08T11:14:03Z</Time>
      <Position>
       <LatitudeDegrees>5.2376590</LatitudeDegrees>
       <LongitudeDegrees>100.4377490</LongitudeDegrees>
      </Position>
      <AltitudeMeters>5.9</AltitudeMeters>
      <DistanceMeters>1594.8</DistanceMeters>
      <HeartRateBpm>
       <Value>164</Value>
      </HeartRateBpm>
      <Extensions>
       <TPX xmlns="http://www.garmin.com/xmlschemas/ActivityExtension/v2">
        <Speed>3.7</Speed>
       </TPX>
      </Extensions>
     </Trackpoint>
     <Trackpoint>
      <Time>2026-08-08T11:14:04Z</Time>
      <Position>
       <LatitudeDegrees>5.2376700</LatitudeDegrees>
       <LongitudeDegrees>100.4377770</LongitudeDegrees>
      </Position>
      <AltitudeMeters>5.9</AltitudeMeters>
      <DistanceMeters>1598.1</DistanceMeters>
      <HeartRateBpm>
       <Value>163</Value>
      </HeartRateBpm>
      <Extensions>
       <TPX xmlns="http://www.garmin.com/xmlschemas/ActivityExtension/v2">
        <Speed>3.7</Speed>
       </TPX>
      </Extensions>
     </Trackpoint>
     <Trackpoint>
      <Time>2026-08-08T11:14:05Z</Time>
      <Position>
       <LatitudeDegrees>5.2376840</LatitudeDegrees>
       <LongitudeDegrees>100.4378110</LongitudeDegrees>
      </Position>
      <AltitudeMeters>5.9</AltitudeMeters>
      <DistanceMeters>1602.1</DistanceMeters>
      <HeartRateBpm>
       <Value>163</Value>
      </HeartRateBpm>
      <Extensions>
       <TPX xmlns="http://www.garmin.com/xmlschemas/ActivityExtension/v2">
        <Speed>3.7</Speed>
       </TPX>
      </Extensions>
     </Trackpoint>
     <Trackpoint>
      <Time>2026-08-08T11:14:06Z</Time>
      <Position>
       <LatitudeDegrees>5.2377050</LatitudeDegrees>
       <LongitudeDegrees>100.4378380</LongitudeDegrees>
      </Position>
      <AltitudeMeters>5.9</AltitudeMeters>
      <DistanceMeters>1605.9</DistanceMeters>
      <HeartRateBpm>
       <Value>164</Value>
      </HeartRateBpm>
      <Extensions>
       <TPX xmlns="http://www.garmin.com/xmlschemas/ActivityExtension/v2">
        <Speed>3.8</Speed>
       </TPX>
      </Extensions>
     </Trackpoint>
     <Trackpoint>
      <Time>2026-08-08T11:14:07Z</Time>
      <Position>
       <LatitudeDegrees>5.2377270</LatitudeDegrees>
       <LongitudeDegrees>100.4378670</LongitudeDegrees>
      </Position>
      <AltitudeMeters>5.9</AltitudeMeters>
      <DistanceMeters>1610.0</DistanceMeters>
      <HeartRateBpm>
       <Value>164</Value>
      </HeartRateBpm>
      <Extensions>
       <TPX xmlns="http://www.garmin.com/xmlschemas/ActivityExtension/v2">
        <Speed>3.8</Speed>
       </TPX>
      </Extensions>
     </Trackpoint>
     <Trackpoint>
      <Time>2026-08-08T11:14:08Z</Time>
      <Position>
       <LatitudeDegrees>5.2377350</LatitudeDegrees>
       <LongitudeDegrees>100.4378970</LongitudeDegrees>
      </Position>
      <AltitudeMeters>5.9</AltitudeMeters>
      <DistanceMeters>1613.5</DistanceMeters>
      <HeartRateBpm>
       <Value>164</Value>
      </HeartRateBpm>
      <Extensions>
       <TPX xmlns="http://www.garmin.com/xmlschemas/ActivityExtension/v2">
        <Speed>3.7</Speed>
       </TPX>
      </Extensions>
     </Trackpoint>
     <Trackpoint>
      <Time>2026-08-08T11:14:09Z</Time>
      <Position>
       <LatitudeDegrees>5.2377410</LatitudeDegrees>
       <LongitudeDegrees>100.4379270</LongitudeDegrees>
      </Position>
      <AltitudeMeters>5.9</AltitudeMeters>
      <DistanceMeters>1616.8</DistanceMeters>
      <HeartRateBpm>
       <Value>164</Value>
      </HeartRateBpm>
      <Extensions>
       <TPX xmlns="http://www.garmin.com/xmlschemas/ActivityExtension/v2">
        <Speed>3.7</Speed>
       </TPX>
      </Extensions>
     </Trackpoint>
     <Trackpoint>
      <Time>2026-08-08T11:14:10Z</Time>
      <Position>
       <LatitudeDegrees>5.2377430</LatitudeDegrees>
       <LongitudeDegrees>100.4379590</LongitudeDegrees>
      </Position>
      <AltitudeMeters>5.9</AltitudeMeters>
      <DistanceMeters>1620.4</DistanceMeters>
      <HeartRateBpm>
       <Value>164</Value>
      </HeartRateBpm>
      <Extensions>
       <TPX xmlns="http://www.garmin.com/xmlschemas/ActivityExtension/v2">
        <Speed>3.7</Speed>
       </TPX>
      </Extensions>
     </Trackpoint>
     <Trackpoint>
      <Time>2026-08-08T11:14:11Z</Time>
      <Position>
       <LatitudeDegrees>5.2377480</LatitudeDegrees>
       <LongitudeDegrees>100.4379910</LongitudeDegrees>
      </Position>
      <AltitudeMeters>5.9</AltitudeMeters>
      <DistanceMeters>1623.9</DistanceMeters>
      <HeartRateBpm>
       <Value>163</Value>
      </HeartRateBpm>
      <Extensions>
       <TPX xmlns="http://www.garmin.com/xmlschemas/ActivityExtension/v2">
        <Speed>3.6</Speed>
       </TPX>
      </Extensions>
     </Trackpoint>
     <Trackpoint>
      <Time>2026-08-08T11:14:12Z</Time>
      <Position>
       <LatitudeDegrees>5.2377510</LatitudeDegrees>
       <LongitudeDegrees>100.4380250</LongitudeDegrees>
      </Position>
      <AltitudeMeters>5.9</AltitudeMeters>
      <DistanceMeters>1627.7</DistanceMeters>
      <HeartRateBpm>
       <Value>163</Value>
      </HeartRateBpm>
      <Extensions>
       <TPX xmlns="http://www.garmin.com/xmlschemas/ActivityExtension/v2">
        <Speed>3.5</Speed>
       </TPX>
      </Extensions>
     </Trackpoint>
     <Trackpoint>
      <Time>2026-08-08T11:14:13Z</Time>
      <Position>
       <LatitudeDegrees>5.2377540</LatitudeDegrees>
       <LongitudeDegrees>100.4380600</LongitudeDegrees>
      </Position>
      <AltitudeMeters>5.9</AltitudeMeters>
      <DistanceMeters>1631.6</DistanceMeters>
      <HeartRateBpm>
       <Value>164</Value>
      </HeartRateBpm>
      <Extensions>
       <TPX xmlns="http://www.garmin.com/xmlschemas/ActivityExtension/v2">
        <Speed>3.6</Speed>
       </TPX>
      </Extensions>
     </Trackpoint>
     <Trackpoint>
      <Time>2026-08-08T11:14:14Z</Time>
      <Position>
       <LatitudeDegrees>5.2377580</LatitudeDegrees>
       <LongitudeDegrees>100.4380940</LongitudeDegrees>
      </Position>
      <AltitudeMeters>5.9</AltitudeMeters>
      <DistanceMeters>1635.4</DistanceMeters>
      <HeartRateBpm>
       <Value>165</Value>
      </HeartRateBpm>
      <Extensions>
       <TPX xmlns="http://www.garmin.com/xmlschemas/ActivityExtension/v2">
        <Speed>3.7</Speed>
       </TPX>
      </Extensions>
     </Trackpoint>
     <Trackpoint>
      <Time>2026-08-08T11:14:15Z</Time>
      <Position>
       <LatitudeDegrees>5.2377610</LatitudeDegrees>
       <LongitudeDegrees>100.4381220</LongitudeDegrees>
      </Position>
      <AltitudeMeters>5.9</AltitudeMeters>
      <DistanceMeters>1638.5</DistanceMeters>
      <HeartRateBpm>
       <Value>164</Value>
      </HeartRateBpm>
      <Extensions>
       <TPX xmlns="http://www.garmin.com/xmlschemas/ActivityExtension/v2">
        <Speed>3.6</Speed>
       </TPX>
      </Extensions>
     </Trackpoint>
     <Trackpoint>
      <Time>2026-08-08T11:14:16Z</Time>
      <Position>
       <LatitudeDegrees>5.2377610</LatitudeDegrees>
       <LongitudeDegrees>100.4381410</LongitudeDegrees>
      </Position>
      <AltitudeMeters>5.9</AltitudeMeters>
      <DistanceMeters>1640.6</DistanceMeters>
      <HeartRateBpm>
       <Value>164</Value>
      </HeartRateBpm>
      <Extensions>
       <TPX xmlns="http://www.garmin.com/xmlschemas/ActivityExtension/v2">
        <Speed>3.3</Speed>
       </TPX>
      </Extensions>
     </Trackpoint>
     <Trackpoint>
      <Time>2026-08-08T11:14:17Z</Time>
      <Position>
       <LatitudeDegrees>5.2377640</LatitudeDegrees>
       <LongitudeDegrees>100.4381800</LongitudeDegrees>
      </Position>
      <AltitudeMeters>5.9</AltitudeMeters>
      <DistanceMeters>1645.0</DistanceMeters>
      <HeartRateBpm>
       <Value>164</Value>
      </HeartRateBpm>
      <Extensions>
       <TPX xmlns="http://www.garmin.com/xmlschemas/ActivityExtension/v2">
        <Speed>3.5</Speed>
       </TPX>
      </Extensions>
     </Trackpoint>
     <Trackpoint>
      <Time>2026-08-08T11:14:18Z</Time>
      <Position>
       <LatitudeDegrees>5.2377710</LatitudeDegrees>
       <LongitudeDegrees>100.4382250</LongitudeDegrees>
      </Position>
      <AltitudeMeters>5.9</AltitudeMeters>
      <DistanceMeters>1650.1</DistanceMeters>
      <HeartRateBpm>
       <Value>164</Value>
      </HeartRateBpm>
      <Extensions>
       <TPX xmlns="http://www.garmin.com/xmlschemas/ActivityExtension/v2">
        <Speed>3.7</Speed>
       </TPX>
      </Extensions>
     </Trackpoint>
     <Trackpoint>
      <Time>2026-08-08T11:14:19Z</Time>
      <Position>
       <LatitudeDegrees>5.2377810</LatitudeDegrees>
       <LongitudeDegrees>100.4382630</LongitudeDegrees>
      </Position>
      <AltitudeMeters>5.9</AltitudeMeters>
      <DistanceMeters>1654.3</DistanceMeters>
      <HeartRateBpm>
       <Value>164</Value>
      </HeartRateBpm>
      <Extensions>
       <TPX xmlns="http://www.garmin.com/xmlschemas/ActivityExtension/v2">
        <Speed>3.8</Speed>
       </TPX>
      </Extensions>
     </Trackpoint>
     <Trackpoint>
      <Time>2026-08-08T11:14:20Z</Time>
      <Position>
       <LatitudeDegrees>5.2377840</LatitudeDegrees>
       <LongitudeDegrees>100.4383080</LongitudeDegrees>
      </Position>
      <AltitudeMeters>5.9</AltitudeMeters>
      <DistanceMeters>1659.4</DistanceMeters>
      <HeartRateBpm>
       <Value>164</Value>
      </HeartRateBpm>
      <Extensions>
       <TPX xmlns="http://www.garmin.com/xmlschemas/ActivityExtension/v2">
        <Speed>4.2</Speed>
       </TPX>
      </Extensions>
     </Trackpoint>
     <Trackpoint>
      <Time>2026-08-08T11:14:21Z</Time>
      <Position>
       <LatitudeDegrees>5.2377810</LatitudeDegrees>
       <LongitudeDegrees>100.4383510</LongitudeDegrees>
      </Position>
      <AltitudeMeters>5.9</AltitudeMeters>
      <DistanceMeters>1664.1</DistanceMeters>
      <HeartRateBpm>
       <Value>165</Value>
      </HeartRateBpm>
      <Extensions>
       <TPX xmlns="http://www.garmin.com/xmlschemas/ActivityExtension/v2">
        <Speed>4.7</Speed>
       </TPX>
      </Extensions>
     </Trackpoint>
     <Trackpoint>
      <Time>2026-08-08T11:14:22Z</Time>
      <Position>
       <LatitudeDegrees>5.2377800</LatitudeDegrees>
       <LongitudeDegrees>100.4383870</LongitudeDegrees>
      </Position>
      <AltitudeMeters>5.9</AltitudeMeters>
      <DistanceMeters>1668.1</DistanceMeters>
      <HeartRateBpm>
       <Value>164</Value>
      </HeartRateBpm>
      <Extensions>
       <TPX xmlns="http://www.garmin.com/xmlschemas/ActivityExtension/v2">
        <Speed>4.6</Speed>
       </TPX>
      </Extensions>
     </Trackpoint>
     <Trackpoint>
      <Time>2026-08-08T11:14:23Z</Time>
      <Position>
       <LatitudeDegrees>5.2377840</LatitudeDegrees>
       <LongitudeDegrees>100.4384260</LongitudeDegrees>
      </Position>
      <AltitudeMeters>5.9</AltitudeMeters>
      <DistanceMeters>1672.5</DistanceMeters>
      <HeartRateBpm>
       <Value>164</Value>
      </HeartRateBpm>
      <Extensions>
       <TPX xmlns="http://www.garmin.com/xmlschemas/ActivityExtension/v2">
        <Speed>4.5</Speed>
       </TPX>
      </Extensions>
     </Trackpoint>
     <Trackpoint>
      <Time>2026-08-08T11:14:24Z</Time>
      <Position>
       <LatitudeDegrees>5.2377870</LatitudeDegrees>
       <LongitudeDegrees>100.4384580</LongitudeDegrees>
      </Position>
      <AltitudeMeters>5.9</AltitudeMeters>
      <DistanceMeters>1676.1</DistanceMeters>
      <HeartRateBpm>
       <Value>164</Value>
      </HeartRateBpm>
      <Extensions>
       <TPX xmlns="http://www.garmin.com/xmlschemas/ActivityExtension/v2">
        <Speed>4.4</Speed>
       </TPX>
      </Extensions>
     </Trackpoint>
     <Trackpoint>
      <Time>2026-08-08T11:14:25Z</Time>
      <Position>
       <LatitudeDegrees>5.2377920</LatitudeDegrees>
       <LongitudeDegrees>100.4384850</LongitudeDegrees>
      </Position>
      <AltitudeMeters>5.9</AltitudeMeters>
      <DistanceMeters>1679.1</DistanceMeters>
      <HeartRateBpm>
       <Value>164</Value>
      </HeartRateBpm>
      <Extensions>
       <TPX xmlns="http://www.garmin.com/xmlschemas/ActivityExtension/v2">
        <Speed>3.9</Speed>
       </TPX>
      </Extensions>
     </Trackpoint>
     <Trackpoint>
      <Time>2026-08-08T11:14:26Z</Time>
      <Position>
       <LatitudeDegrees>5.2377990</LatitudeDegrees>
       <LongitudeDegrees>100.4385110</LongitudeDegrees>
      </Position>
      <AltitudeMeters>5.9</AltitudeMeters>
      <DistanceMeters>1682.1</DistanceMeters>
      <HeartRateBpm>
       <Value>165</Value>
      </HeartRateBpm>
      <Extensions>
       <TPX xmlns="http://www.garmin.com/xmlschemas/ActivityExtension/v2">
        <Speed>3.6</Speed>
       </TPX>
      </Extensions>
     </Trackpoint>
     <Trackpoint>
      <Time>2026-08-08T11:14:27Z</Time>
      <Position>
       <LatitudeDegrees>5.2378070</LatitudeDegrees>
       <LongitudeDegrees>100.4385370</LongitudeDegrees>
      </Position>
      <AltitudeMeters>5.9</AltitudeMeters>
      <DistanceMeters>1685.1</DistanceMeters>
      <HeartRateBpm>
       <Value>165</Value>
      </HeartRateBpm>
      <Extensions>
       <TPX xmlns="http://www.garmin.com/xmlschemas/ActivityExtension/v2">
        <Speed>3.4</Speed>
       </TPX>
      </Extensions>
     </Trackpoint>
     <Trackpoint>
      <Time>2026-08-08T11:14:28Z</Time>
      <Position>
       <LatitudeDegrees>5.2378100</LatitudeDegrees>
       <LongitudeDegrees>100.4385600</LongitudeDegrees>
      </Position>
      <AltitudeMeters>5.9</AltitudeMeters>
      <DistanceMeters>1687.7</DistanceMeters>
      <HeartRateBpm>
       <Value>165</Value>
      </HeartRateBpm>
      <Extensions>
       <TPX xmlns="http://www.garmin.com/xmlschemas/ActivityExtension/v2">
        <Speed>3.0</Speed>
       </TPX>
      </Extensions>
     </Trackpoint>
     <Trackpoint>
      <Time>2026-08-08T11:14:29Z</Time>
      <Position>
       <LatitudeDegrees>5.2378110</LatitudeDegrees>
       <LongitudeDegrees>100.4385880</LongitudeDegrees>
      </Position>
      <AltitudeMeters>5.9</AltitudeMeters>
      <DistanceMeters>1690.7</DistanceMeters>
      <HeartRateBpm>
       <Value>164</Value>
      </HeartRateBpm>
      <Extensions>
       <TPX xmlns="http://www.garmin.com/xmlschemas/ActivityExtension/v2">
        <Speed>2.9</Speed>
       </TPX>
      </Extensions>
     </Trackpoint>
     <Trackpoint>
      <Time>2026-08-08T11:14:30Z</Time>
      <Position>
       <LatitudeDegrees>5.2378100</LatitudeDegrees>
       <LongitudeDegrees>100.4386220</LongitudeDegrees>
      </Position>
      <AltitudeMeters>5.9</AltitudeMeters>
      <DistanceMeters>1694.5</DistanceMeters>
      <HeartRateBpm>
       <Value>164</Value>
      </HeartRateBpm>
      <Extensions>
       <TPX xmlns="http://www.garmin.com/xmlschemas/ActivityExtension/v2">
        <Speed>3.1</Speed>
       </TPX>
      </Extensions>
     </Trackpoint>
     <Trackpoint>
      <Time>2026-08-08T11:14:31Z</Time>
      <Position>
       <LatitudeDegrees>5.2377960</LatitudeDegrees>
       <LongitudeDegrees>100.4386600</LongitudeDegrees>
      </Position>
      <AltitudeMeters>5.9</AltitudeMeters>
      <DistanceMeters>1698.9</DistanceMeters>
      <HeartRateBpm>
       <Value>164</Value>
      </HeartRateBpm>
      <Extensions>
       <TPX xmlns="http://www.garmin.com/xmlschemas/ActivityExtension/v2">
        <Speed>3.4</Speed>
       </TPX>
      </Extensions>
     </Trackpoint>
     <Trackpoint>
      <Time>2026-08-08T11:14:32Z</Time>
      <Position>
       <LatitudeDegrees>5.2377840</LatitudeDegrees>
       <LongitudeDegrees>100.4386950</LongitudeDegrees>
      </Position>
      <AltitudeMeters>5.9</AltitudeMeters>
      <DistanceMeters>1703.1</DistanceMeters>
      <HeartRateBpm>
       <Value>164</Value>
      </HeartRateBpm>
      <Extensions>
       <TPX xmlns="http://www.garmin.com/xmlschemas/ActivityExtension/v2">
        <Speed>3.6</Speed>
       </TPX>
      </Extensions>
     </Trackpoint>
     <Trackpoint>
      <Time>2026-08-08T11:14:33Z</Time>
      <Position>
       <LatitudeDegrees>5.2377690</LatitudeDegrees>
       <LongitudeDegrees>100.4387280</LongitudeDegrees>
      </Position>
      <AltitudeMeters>5.9</AltitudeMeters>
      <DistanceMeters>1707.1</DistanceMeters>
      <HeartRateBpm>
       <Value>165</Value>
      </HeartRateBpm>
      <Extensions>
       <TPX xmlns="http://www.garmin.com/xmlschemas/ActivityExtension/v2">
        <Speed>3.9</Speed>
       </TPX>
      </Extensions>
     </Trackpoint>
     <Trackpoint>
      <Time>2026-08-08T11:14:34Z</Time>
      <Position>
       <LatitudeDegrees>5.2377500</LatitudeDegrees>
       <LongitudeDegrees>100.4387600</LongitudeDegrees>
      </Position>
      <AltitudeMeters>5.9</AltitudeMeters>
      <DistanceMeters>1711.2</DistanceMeters>
      <HeartRateBpm>
       <Value>165</Value>
      </HeartRateBpm>
      <Extensions>
       <TPX xmlns="http://www.garmin.com/xmlschemas/ActivityExtension/v2">
        <Speed>4.1</Speed>
       </TPX>
      </Extensions>
     </Trackpoint>
     <Trackpoint>
      <Time>2026-08-08T11:14:35Z</Time>
      <Position>
       <LatitudeDegrees>5.2377290</LatitudeDegrees>
       <LongitudeDegrees>100.4387910</LongitudeDegrees>
      </Position>
      <AltitudeMeters>5.9</AltitudeMeters>
      <DistanceMeters>1715.4</DistanceMeters>
      <HeartRateBpm>
       <Value>165</Value>
      </HeartRateBpm>
      <Extensions>
       <TPX xmlns="http://www.garmin.com/xmlschemas/ActivityExtension/v2">
        <Speed>4.2</Speed>
       </TPX>
      </Extensions>
     </Trackpoint>
     <Trackpoint>
      <Time>2026-08-08T11:14:36Z</Time>
      <Position>
       <LatitudeDegrees>5.2377050</LatitudeDegrees>
       <LongitudeDegrees>100.4388160</LongitudeDegrees>
      </Position>
      <AltitudeMeters>5.9</AltitudeMeters>
      <DistanceMeters>1719.2</DistanceMeters>
      <HeartRateBpm>
       <Value>164</Value>
      </HeartRateBpm>
      <Extensions>
       <TPX xmlns="http://www.garmin.com/xmlschemas/ActivityExtension/v2">
        <Speed>4.1</Speed>
       </TPX>
      </Extensions>
     </Trackpoint>
     <Trackpoint>
      <Time>2026-08-08T11:14:37Z</Time>
      <Position>
       <LatitudeDegrees>5.2376800</LatitudeDegrees>
       <LongitudeDegrees>100.4388350</LongitudeDegrees>
      </Position>
      <AltitudeMeters>5.9</AltitudeMeters>
      <DistanceMeters>1722.7</DistanceMeters>
      <HeartRateBpm>
       <Value>164</Value>
      </HeartRateBpm>
      <Extensions>
       <TPX xmlns="http://www.garmin.com/xmlschemas/ActivityExtension/v2">
        <Speed>3.9</Speed>
       </TPX>
      </Extensions>
     </Trackpoint>
     <Trackpoint>
      <Time>2026-08-08T11:14:38Z</Time>
      <Position>
       <LatitudeDegrees>5.2376480</LatitudeDegrees>
       <LongitudeDegrees>100.4388570</LongitudeDegrees>
      </Position>
      <AltitudeMeters>5.9</AltitudeMeters>
      <DistanceMeters>1727.0</DistanceMeters>
      <HeartRateBpm>
       <Value>164</Value>
      </HeartRateBpm>
      <Extensions>
       <TPX xmlns="http://www.garmin.com/xmlschemas/ActivityExtension/v2">
        <Speed>4.0</Speed>
       </TPX>
      </Extensions>
     </Trackpoint>
     <Trackpoint>
      <Time>2026-08-08T11:14:39Z</Time>
      <Position>
       <LatitudeDegrees>5.2376170</LatitudeDegrees>
       <LongitudeDegrees>100.4388730</LongitudeDegrees>
      </Position>
      <AltitudeMeters>5.9</AltitudeMeters>
      <DistanceMeters>1730.9</DistanceMeters>
      <HeartRateBpm>
       <Value>164</Value>
      </HeartRateBpm>
      <Extensions>
       <TPX xmlns="http://www.garmin.com/xmlschemas/ActivityExtension/v2">
        <Speed>3.9</Speed>
       </TPX>
      </Extensions>
     </Trackpoint>
     <Trackpoint>
      <Time>2026-08-08T11:14:40Z</Time>
      <Position>
       <LatitudeDegrees>5.2375870</LatitudeDegrees>
       <LongitudeDegrees>100.4388880</LongitudeDegrees>
      </Position>
      <AltitudeMeters>5.9</AltitudeMeters>
      <DistanceMeters>1734.7</DistanceMeters>
      <HeartRateBpm>
       <Value>164</Value>
      </HeartRateBpm>
      <Extensions>
       <TPX xmlns="http://www.garmin.com/xmlschemas/ActivityExtension/v2">
        <Speed>3.9</Speed>
       </TPX>
      </Extensions>
     </Trackpoint>
     <Trackpoint>
      <Time>2026-08-08T11:14:41Z</Time>
      <Position>
       <LatitudeDegrees>5.2375560</LatitudeDegrees>
       <LongitudeDegrees>100.4389020</LongitudeDegrees>
      </Position>
      <AltitudeMeters>5.9</AltitudeMeters>
      <DistanceMeters>1738.4</DistanceMeters>
      <HeartRateBpm>
       <Value>164</Value>
      </HeartRateBpm>
      <Extensions>
       <TPX xmlns="http://www.garmin.com/xmlschemas/ActivityExtension/v2">
        <Speed>3.8</Speed>
       </TPX>
      </Extensions>
     </Trackpoint>
     <Trackpoint>
      <Time>2026-08-08T11:14:42Z</Time>
      <Position>
       <LatitudeDegrees>5.2375230</LatitudeDegrees>
       <LongitudeDegrees>100.4389130</LongitudeDegrees>
      </Position>
      <AltitudeMeters>5.9</AltitudeMeters>
      <DistanceMeters>1742.3</DistanceMeters>
      <HeartRateBpm>
       <Value>165</Value>
      </HeartRateBpm>
      <Extensions>
       <TPX xmlns="http://www.garmin.com/xmlschemas/ActivityExtension/v2">
        <Speed>3.9</Speed>
       </TPX>
      </Extensions>
     </Trackpoint>
     <Trackpoint>
      <Time>2026-08-08T11:14:43Z</Time>
      <Position>
       <LatitudeDegrees>5.2374900</LatitudeDegrees>
       <LongitudeDegrees>100.4389240</LongitudeDegrees>
      </Position>
      <AltitudeMeters>5.9</AltitudeMeters>
      <DistanceMeters>1746.1</DistanceMeters>
      <HeartRateBpm>
       <Value>165</Value>
      </HeartRateBpm>
      <Extensions>
       <TPX xmlns="http://www.garmin.com/xmlschemas/ActivityExtension/v2">
        <Speed>3.8</Speed>
       </TPX>
      </Extensions>
     </Trackpoint>
     <Trackpoint>
      <Time>2026-08-08T11:14:44Z</Time>
      <Position>
       <LatitudeDegrees>5.2374580</LatitudeDegrees>
       <LongitudeDegrees>100.4389360</LongitudeDegrees>
      </Position>
      <AltitudeMeters>5.9</AltitudeMeters>
      <DistanceMeters>1749.9</DistanceMeters>
      <HeartRateBpm>
       <Value>165</Value>
      </HeartRateBpm>
      <Extensions>
       <TPX xmlns="http://www.garmin.com/xmlschemas/ActivityExtension/v2">
        <Speed>3.8</Speed>
       </TPX>
      </Extensions>
     </Trackpoint>
     <Trackpoint>
      <Time>2026-08-08T11:14:45Z</Time>
      <Position>
       <LatitudeDegrees>5.2374310</LatitudeDegrees>
       <LongitudeDegrees>100.4389470</LongitudeDegrees>
      </Position>
      <AltitudeMeters>5.9</AltitudeMeters>
      <DistanceMeters>1753.2</DistanceMeters>
      <HeartRateBpm>
       <Value>165</Value>
      </HeartRateBpm>
      <Extensions>
       <TPX xmlns="http://www.garmin.com/xmlschemas/ActivityExtension/v2">
        <Speed>3.7</Speed>
       </TPX>
      </Extensions>
     </Trackpoint>
     <Trackpoint>
      <Time>2026-08-08T11:14:46Z</Time>
      <Position>
       <LatitudeDegrees>5.2374000</LatitudeDegrees>
       <LongitudeDegrees>100.4389610</LongitudeDegrees>
      </Position>
      <AltitudeMeters>5.9</AltitudeMeters>
      <DistanceMeters>1756.9</DistanceMeters>
      <HeartRateBpm>
       <Value>165</Value>
      </HeartRateBpm>
      <Extensions>
       <TPX xmlns="http://www.garmin.com/xmlschemas/ActivityExtension/v2">
        <Speed>3.7</Speed>
       </TPX>
      </Extensions>
     </Trackpoint>
     <Trackpoint>
      <Time>2026-08-08T11:14:47Z</Time>
      <Position>
       <LatitudeDegrees>5.2373660</LatitudeDegrees>
       <LongitudeDegrees>100.4389690</LongitudeDegrees>
      </Position>
      <AltitudeMeters>5.9</AltitudeMeters>
      <DistanceMeters>1760.8</DistanceMeters>
      <HeartRateBpm>
       <Value>165</Value>
      </HeartRateBpm>
      <Extensions>
       <TPX xmlns="http://www.garmin.com/xmlschemas/ActivityExtension/v2">
        <Speed>3.7</Speed>
       </TPX>
      </Extensions>
     </Trackpoint>
     <Trackpoint>
      <Time>2026-08-08T11:14:48Z</Time>
      <Position>
       <LatitudeDegrees>5.2373350</LatitudeDegrees>
       <LongitudeDegrees>100.4389720</LongitudeDegrees>
      </Position>
      <AltitudeMeters>5.9</AltitudeMeters>
      <DistanceMeters>1764.3</DistanceMeters>
      <HeartRateBpm>
       <Value>165</Value>
      </HeartRateBpm>
      <Extensions>
       <TPX xmlns="http://www.garmin.com/xmlschemas/ActivityExtension/v2">
        <Speed>3.6</Speed>
       </TPX>
      </Extensions>
     </Trackpoint>
     <Trackpoint>
      <Time>2026-08-08T11:14:49Z</Time>
      <Position>
       <LatitudeDegrees>5.2373030</LatitudeDegrees>
       <LongitudeDegrees>100.4389750</LongitudeDegrees>
      </Position>
      <AltitudeMeters>5.9</AltitudeMeters>
      <DistanceMeters>1767.8</DistanceMeters>
      <HeartRateBpm>
       <Value>165</Value>
      </HeartRateBpm>
      <Extensions>
       <TPX xmlns="http://www.garmin.com/xmlschemas/ActivityExtension/v2">
        <Speed>3.6</Speed>
       </TPX>
      </Extensions>
     </Trackpoint>
     <Trackpoint>
      <Time>2026-08-08T11:14:50Z</Time>
      <Position>
       <LatitudeDegrees>5.2372720</LatitudeDegrees>
       <LongitudeDegrees>100.4389760</LongitudeDegrees>
      </Position>
      <AltitudeMeters>5.9</AltitudeMeters>
      <DistanceMeters>1771.3</DistanceMeters>
      <HeartRateBpm>
       <Value>166</Value>
      </HeartRateBpm>
      <Extensions>
       <TPX xmlns="http://www.garmin.com/xmlschemas/ActivityExtension/v2">
        <Speed>3.6</Speed>
       </TPX>
      </Extensions>
     </Trackpoint>
     <Trackpoint>
      <Time>2026-08-08T11:14:51Z</Time>
      <Position>
       <LatitudeDegrees>5.2372370</LatitudeDegrees>
       <LongitudeDegrees>100.4389740</LongitudeDegrees>
      </Position>
      <AltitudeMeters>5.9</AltitudeMeters>
      <DistanceMeters>1775.2</DistanceMeters>
      <HeartRateBpm>
       <Value>166</Value>
      </HeartRateBpm>
      <Extensions>
       <TPX xmlns="http://www.garmin.com/xmlschemas/ActivityExtension/v2">
        <Speed>3.7</Speed>
       </TPX>
      </Extensions>
     </Trackpoint>
     <Trackpoint>
      <Time>2026-08-08T11:14:52Z</Time>
      <Position>
       <LatitudeDegrees>5.2372010</LatitudeDegrees>
       <LongitudeDegrees>100.4389790</LongitudeDegrees>
      </Position>
      <AltitudeMeters>5.9</AltitudeMeters>
      <DistanceMeters>1779.3</DistanceMeters>
      <HeartRateBpm>
       <Value>165</Value>
      </HeartRateBpm>
      <Extensions>
       <TPX xmlns="http://www.garmin.com/xmlschemas/ActivityExtension/v2">
        <Speed>3.7</Speed>
       </TPX>
      </Extensions>
     </Trackpoint>
     <Trackpoint>
      <Time>2026-08-08T11:14:53Z</Time>
      <Position>
       <LatitudeDegrees>5.2371660</LatitudeDegrees>
       <LongitudeDegrees>100.4389860</LongitudeDegrees>
      </Position>
      <AltitudeMeters>5.9</AltitudeMeters>
      <DistanceMeters>1783.2</DistanceMeters>
      <HeartRateBpm>
       <Value>165</Value>
      </HeartRateBpm>
      <Extensions>
       <TPX xmlns="http://www.garmin.com/xmlschemas/ActivityExtension/v2">
        <Speed>3.8</Speed>
       </TPX>
      </Extensions>
     </Trackpoint>
     <Trackpoint>
      <Time>2026-08-08T11:14:54Z</Time>
      <Position>
       <LatitudeDegrees>5.2371340</LatitudeDegrees>
       <LongitudeDegrees>100.4389930</LongitudeDegrees>
      </Position>
      <AltitudeMeters>5.9</AltitudeMeters>
      <DistanceMeters>1786.8</DistanceMeters>
      <HeartRateBpm>
       <Value>165</Value>
      </HeartRateBpm>
      <Extensions>
       <TPX xmlns="http://www.garmin.com/xmlschemas/ActivityExtension/v2">
        <Speed>3.8</Speed>
       </TPX>
      </Extensions>
     </Trackpoint>
     <Trackpoint>
      <Time>2026-08-08T11:14:55Z</Time>
      <Position>
       <LatitudeDegrees>5.2371020</LatitudeDegrees>
       <LongitudeDegrees>100.4390000</LongitudeDegrees>
      </Position>
      <AltitudeMeters>5.9</AltitudeMeters>
      <DistanceMeters>1790.5</DistanceMeters>
      <HeartRateBpm>
       <Value>165</Value>
      </HeartRateBpm>
      <Extensions>
       <TPX xmlns="http://www.garmin.com/xmlschemas/ActivityExtension/v2">
        <Speed>3.8</Speed>
       </TPX>
      </Extensions>
     </Trackpoint>
     <Trackpoint>
      <Time>2026-08-08T11:14:56Z</Time>
      <Position>
       <LatitudeDegrees>5.2370690</LatitudeDegrees>
       <LongitudeDegrees>100.4390070</LongitudeDegrees>
      </Position>
      <AltitudeMeters>5.8</AltitudeMeters>
      <DistanceMeters>1794.2</DistanceMeters>
      <HeartRateBpm>
       <Value>164</Value>
      </HeartRateBpm>
      <Extensions>
       <TPX xmlns="http://www.garmin.com/xmlschemas/ActivityExtension/v2">
        <Speed>3.8</Speed>
       </TPX>
      </Extensions>
     </Trackpoint>
     <Trackpoint>
      <Time>2026-08-08T11:14:57Z</Time>
      <Position>
       <LatitudeDegrees>5.2370370</LatitudeDegrees>
       <LongitudeDegrees>100.4390130</LongitudeDegrees>
      </Position>
      <AltitudeMeters>5.8</AltitudeMeters>
      <DistanceMeters>1797.9</DistanceMeters>
      <HeartRateBpm>
       <Value>165</Value>
      </HeartRateBpm>
      <Extensions>
       <TPX xmlns="http://www.garmin.com/xmlschemas/ActivityExtension/v2">
        <Speed>3.7</Speed>
       </TPX>
      </Extensions>
     </Trackpoint>
     <Trackpoint>
      <Time>2026-08-08T11:14:58Z</Time>
      <Position>
       <LatitudeDegrees>5.2370060</LatitudeDegrees>
       <LongitudeDegrees>100.4390170</LongitudeDegrees>
      </Position>
      <AltitudeMeters>5.8</AltitudeMeters>
      <DistanceMeters>1801.4</DistanceMeters>
      <HeartRateBpm>
       <Value>165</Value>
      </HeartRateBpm>
      <Extensions>
       <TPX xmlns="http://www.garmin.com/xmlschemas/ActivityExtension/v2">
        <Speed>3.6</Speed>
       </TPX>
      </Extensions>
     </Trackpoint>
     <Trackpoint>
      <Time>2026-08-08T11:14:59Z</Time>
      <Position>
       <LatitudeDegrees>5.2369700</LatitudeDegrees>
       <LongitudeDegrees>100.4390220</LongitudeDegrees>
      </Position>
      <AltitudeMeters>5.8</AltitudeMeters>
      <DistanceMeters>1805.4</DistanceMeters>
      <HeartRateBpm>
       <Value>165</Value>
      </HeartRateBpm>
      <Extensions>
       <TPX xmlns="http://www.garmin.com/xmlschemas/ActivityExtension/v2">
        <Speed>3.7</Speed>
       </TPX>
      </Extensions>
     </Trackpoint>
     <Trackpoint>
      <Time>2026-08-08T11:15:00Z</Time>
      <Position>
       <LatitudeDegrees>5.2369370</LatitudeDegrees>
       <LongitudeDegrees>100.4390340</LongitudeDegrees>
      </Position>
      <AltitudeMeters>5.8</AltitudeMeters>
      <DistanceMeters>1809.2</DistanceMeters>
      <HeartRateBpm>
       <Value>165</Value>
      </HeartRateBpm>
      <Extensions>
       <TPX xmlns="http://www.garmin.com/xmlschemas/ActivityExtension/v2">
        <Speed>3.7</Speed>
       </TPX>
      </Extensions>
     </Trackpoint>
     <Trackpoint>
      <Time>2026-08-08T11:15:01Z</Time>
      <Position>
       <LatitudeDegrees>5.2369050</LatitudeDegrees>
       <LongitudeDegrees>100.4390520</LongitudeDegrees>
      </Position>
      <AltitudeMeters>5.8</AltitudeMeters>
      <DistanceMeters>1813.4</DistanceMeters>
      <HeartRateBpm>
       <Value>165</Value>
      </HeartRateBpm>
      <Extensions>
       <TPX xmlns="http://www.garmin.com/xmlschemas/ActivityExtension/v2">
        <Speed>3.8</Speed>
       </TPX>
      </Extensions>
     </Trackpoint>
     <Trackpoint>
      <Time>2026-08-08T11:15:02Z</Time>
      <Position>
       <LatitudeDegrees>5.2368790</LatitudeDegrees>
       <LongitudeDegrees>100.4390740</LongitudeDegrees>
      </Position>
      <AltitudeMeters>5.8</AltitudeMeters>
      <DistanceMeters>1817.2</DistanceMeters>
      <HeartRateBpm>
       <Value>165</Value>
      </HeartRateBpm>
      <Extensions>
       <TPX xmlns="http://www.garmin.com/xmlschemas/ActivityExtension/v2">
        <Speed>3.9</Speed>
       </TPX>
      </Extensions>
     </Trackpoint>
     <Trackpoint>
      <Time>2026-08-08T11:15:03Z</Time>
      <Position>
       <LatitudeDegrees>5.2368460</LatitudeDegrees>
       <LongitudeDegrees>100.4390880</LongitudeDegrees>
      </Position>
      <AltitudeMeters>5.8</AltitudeMeters>
      <DistanceMeters>1821.2</DistanceMeters>
      <HeartRateBpm>
       <Value>165</Value>
      </HeartRateBpm>
      <Extensions>
       <TPX xmlns="http://www.garmin.com/xmlschemas/ActivityExtension/v2">
        <Speed>4.0</Speed>
       </TPX>
      </Extensions>
     </Trackpoint>
     <Trackpoint>
      <Time>2026-08-08T11:15:04Z</Time>
      <Position>
       <LatitudeDegrees>5.2368140</LatitudeDegrees>
       <LongitudeDegrees>100.4390980</LongitudeDegrees>
      </Position>
      <AltitudeMeters>5.7</AltitudeMeters>
      <DistanceMeters>1824.8</DistanceMeters>
      <HeartRateBpm>
       <Value>165</Value>
      </HeartRateBpm>
      <Extensions>
       <TPX xmlns="http://www.garmin.com/xmlschemas/ActivityExtension/v2">
        <Speed>3.9</Speed>
       </TPX>
      </Extensions>
     </Trackpoint>
     <Trackpoint>
      <Time>2026-08-08T11:15:05Z</Time>
      <Position>
       <LatitudeDegrees>5.2367810</LatitudeDegrees>
       <LongitudeDegrees>100.4390980</LongitudeDegrees>
      </Position>
      <AltitudeMeters>5.7</AltitudeMeters>
      <DistanceMeters>1828.5</DistanceMeters>
      <HeartRateBpm>
       <Value>165</Value>
      </HeartRateBpm>
      <Extensions>
       <TPX xmlns="http://www.garmin.com/xmlschemas/ActivityExtension/v2">
        <Speed>3.9</Speed>
       </TPX>
      </Extensions>
     </Trackpoint>
     <Trackpoint>
      <Time>2026-08-08T11:15:06Z</Time>
      <Position>
       <LatitudeDegrees>5.2367510</LatitudeDegrees>
       <LongitudeDegrees>100.4390970</LongitudeDegrees>
      </Position>
      <AltitudeMeters>5.7</AltitudeMeters>
      <DistanceMeters>1831.8</DistanceMeters>
      <HeartRateBpm>
       <Value>165</Value>
      </HeartRateBpm>
      <Extensions>
       <TPX xmlns="http://www.garmin.com/xmlschemas/ActivityExtension/v2">
        <Speed>3.7</Speed>
       </TPX>
      </Extensions>
     </Trackpoint>
     <Trackpoint>
      <Time>2026-08-08T11:15:07Z</Time>
      <Position>
       <LatitudeDegrees>5.2367240</LatitudeDegrees>
       <LongitudeDegrees>100.4390980</LongitudeDegrees>
      </Position>
      <AltitudeMeters>5.7</AltitudeMeters>
      <DistanceMeters>1834.8</DistanceMeters>
      <HeartRateBpm>
       <Value>165</Value>
      </HeartRateBpm>
      <Extensions>
       <TPX xmlns="http://www.garmin.com/xmlschemas/ActivityExtension/v2">
        <Speed>3.5</Speed>
       </TPX>
      </Extensions>
     </Trackpoint>
     <Trackpoint>
      <Time>2026-08-08T11:15:08Z</Time>
      <Position>
       <LatitudeDegrees>5.2366970</LatitudeDegrees>
       <LongitudeDegrees>100.4391000</LongitudeDegrees>
      </Position>
      <AltitudeMeters>5.7</AltitudeMeters>
      <DistanceMeters>1837.8</DistanceMeters>
      <HeartRateBpm>
       <Value>164</Value>
      </HeartRateBpm>
      <Extensions>
       <TPX xmlns="http://www.garmin.com/xmlschemas/ActivityExtension/v2">
        <Speed>3.3</Speed>
       </TPX>
      </Extensions>
     </Trackpoint>
     <Trackpoint>
      <Time>2026-08-08T11:15:09Z</Time>
      <Position>
       <LatitudeDegrees>5.2366700</LatitudeDegrees>
       <LongitudeDegrees>100.4391030</LongitudeDegrees>
      </Position>
      <AltitudeMeters>5.7</AltitudeMeters>
      <DistanceMeters>1840.8</DistanceMeters>
      <HeartRateBpm>
       <Value>165</Value>
      </HeartRateBpm>
      <Extensions>
       <TPX xmlns="http://www.garmin.com/xmlschemas/ActivityExtension/v2">
        <Speed>3.2</Speed>
       </TPX>
      </Extensions>
     </Trackpoint>
     <Trackpoint>
      <Time>2026-08-08T11:15:10Z</Time>
      <Position>
       <LatitudeDegrees>5.2366450</LatitudeDegrees>
       <LongitudeDegrees>100.4391090</LongitudeDegrees>
      </Position>
      <AltitudeMeters>5.7</AltitudeMeters>
      <DistanceMeters>1843.7</DistanceMeters>
      <HeartRateBpm>
       <Value>166</Value>
      </HeartRateBpm>
      <Extensions>
       <TPX xmlns="http://www.garmin.com/xmlschemas/ActivityExtension/v2">
        <Speed>3.0</Speed>
       </TPX>
      </Extensions>
     </Trackpoint>
     <Trackpoint>
      <Time>2026-08-08T11:15:11Z</Time>
      <Position>
       <LatitudeDegrees>5.2366220</LatitudeDegrees>
       <LongitudeDegrees>100.4391140</LongitudeDegrees>
      </Position>
      <AltitudeMeters>5.7</AltitudeMeters>
      <DistanceMeters>1846.3</DistanceMeters>
      <HeartRateBpm>
       <Value>166</Value>
      </HeartRateBpm>
      <Extensions>
       <TPX xmlns="http://www.garmin.com/xmlschemas/ActivityExtension/v2">
        <Speed>2.9</Speed>
       </TPX>
      </Extensions>
     </Trackpoint>
     <Trackpoint>
      <Time>2026-08-08T11:15:12Z</Time>
      <Position>
       <LatitudeDegrees>5.2365960</LatitudeDegrees>
       <LongitudeDegrees>100.4391180</LongitudeDegrees>
      </Position>
      <AltitudeMeters>5.6</AltitudeMeters>
      <DistanceMeters>1849.3</DistanceMeters>
      <HeartRateBpm>
       <Value>166</Value>
      </HeartRateBpm>
      <Extensions>
       <TPX xmlns="http://www.garmin.com/xmlschemas/ActivityExtension/v2">
        <Speed>2.9</Speed>
       </TPX>
      </Extensions>
     </Trackpoint>
     <Trackpoint>
      <Time>2026-08-08T11:15:13Z</Time>
      <Position>
       <LatitudeDegrees>5.2365660</LatitudeDegrees>
       <LongitudeDegrees>100.4391230</LongitudeDegrees>
      </Position>
      <AltitudeMeters>5.6</AltitudeMeters>
      <DistanceMeters>1852.7</DistanceMeters>
      <HeartRateBpm>
       <Value>166</Value>
      </HeartRateBpm>
      <Extensions>
       <TPX xmlns="http://www.garmin.com/xmlschemas/ActivityExtension/v2">
        <Speed>3.0</Speed>
       </TPX>
      </Extensions>
     </Trackpoint>
     <Trackpoint>
      <Time>2026-08-08T11:15:14Z</Time>
      <Position>
       <LatitudeDegrees>5.2365370</LatitudeDegrees>
       <LongitudeDegrees>100.4391330</LongitudeDegrees>
      </Position>
      <AltitudeMeters>5.6</AltitudeMeters>
      <DistanceMeters>1856.0</DistanceMeters>
      <HeartRateBpm>
       <Value>166</Value>
      </HeartRateBpm>
      <Extensions>
       <TPX xmlns="http://www.garmin.com/xmlschemas/ActivityExtension/v2">
        <Speed>3.0</Speed>
       </TPX>
      </Extensions>
     </Trackpoint>
     <Trackpoint>
      <Time>2026-08-08T11:15:15Z</Time>
      <Position>
       <LatitudeDegrees>5.2365040</LatitudeDegrees>
       <LongitudeDegrees>100.4391490</LongitudeDegrees>
      </Position>
      <AltitudeMeters>5.6</AltitudeMeters>
      <DistanceMeters>1860.1</DistanceMeters>
      <HeartRateBpm>
       <Value>166</Value>
      </HeartRateBpm>
      <Extensions>
       <TPX xmlns="http://www.garmin.com/xmlschemas/ActivityExtension/v2">
        <Speed>3.3</Speed>
       </TPX>
      </Extensions>
     </Trackpoint>
     <Trackpoint>
      <Time>2026-08-08T11:15:16Z</Time>
      <Position>
       <LatitudeDegrees>5.2364680</LatitudeDegrees>
       <LongitudeDegrees>100.4391670</LongitudeDegrees>
      </Position>
      <AltitudeMeters>5.6</AltitudeMeters>
      <DistanceMeters>1864.6</DistanceMeters>
      <HeartRateBpm>
       <Value>166</Value>
      </HeartRateBpm>
      <Extensions>
       <TPX xmlns="http://www.garmin.com/xmlschemas/ActivityExtension/v2">
        <Speed>3.7</Speed>
       </TPX>
      </Extensions>
     </Trackpoint>
     <Trackpoint>
      <Time>2026-08-08T11:15:17Z</Time>
      <Position>
       <LatitudeDegrees>5.2364350</LatitudeDegrees>
       <LongitudeDegrees>100.4391860</LongitudeDegrees>
      </Position>
      <AltitudeMeters>5.6</AltitudeMeters>
      <DistanceMeters>1868.9</DistanceMeters>
      <HeartRateBpm>
       <Value>166</Value>
      </HeartRateBpm>
      <Extensions>
       <TPX xmlns="http://www.garmin.com/xmlschemas/ActivityExtension/v2">
        <Speed>3.9</Speed>
       </TPX>
      </Extensions>
     </Trackpoint>
     <Trackpoint>
      <Time>2026-08-08T11:15:18Z</Time>
      <Position>
       <LatitudeDegrees>5.2363970</LatitudeDegrees>
       <LongitudeDegrees>100.4392060</LongitudeDegrees>
      </Position>
      <AltitudeMeters>5.5</AltitudeMeters>
      <DistanceMeters>1873.7</DistanceMeters>
      <HeartRateBpm>
       <Value>166</Value>
      </HeartRateBpm>
      <Extensions>
       <TPX xmlns="http://www.garmin.com/xmlschemas/ActivityExtension/v2">
        <Speed>4.2</Speed>
       </TPX>
      </Extensions>
     </Trackpoint>
     <Trackpoint>
      <Time>2026-08-08T11:15:19Z</Time>
      <Position>
       <LatitudeDegrees>5.2363600</LatitudeDegrees>
       <LongitudeDegrees>100.4392230</LongitudeDegrees>
      </Position>
      <AltitudeMeters>5.5</AltitudeMeters>
      <DistanceMeters>1878.1</DistanceMeters>
      <HeartRateBpm>
       <Value>166</Value>
      </HeartRateBpm>
      <Extensions>
       <TPX xmlns="http://www.garmin.com/xmlschemas/ActivityExtension/v2">
        <Speed>4.4</Speed>
       </TPX>
      </Extensions>
     </Trackpoint>
     <Trackpoint>
      <Time>2026-08-08T11:15:20Z</Time>
      <Position>
       <LatitudeDegrees>5.2363240</LatitudeDegrees>
       <LongitudeDegrees>100.4392350</LongitudeDegrees>
      </Position>
      <AltitudeMeters>5.5</AltitudeMeters>
      <DistanceMeters>1882.4</DistanceMeters>
      <HeartRateBpm>
       <Value>166</Value>
      </HeartRateBpm>
      <Extensions>
       <TPX xmlns="http://www.garmin.com/xmlschemas/ActivityExtension/v2">
        <Speed>4.5</Speed>
       </TPX>
      </Extensions>
     </Trackpoint>
     <Trackpoint>
      <Time>2026-08-08T11:15:21Z</Time>
      <Position>
       <LatitudeDegrees>5.2362860</LatitudeDegrees>
       <LongitudeDegrees>100.4392420</LongitudeDegrees>
      </Position>
      <AltitudeMeters>5.5</AltitudeMeters>
      <DistanceMeters>1886.6</DistanceMeters>
      <HeartRateBpm>
       <Value>166</Value>
      </HeartRateBpm>
      <Extensions>
       <TPX xmlns="http://www.garmin.com/xmlschemas/ActivityExtension/v2">
        <Speed>4.4</Speed>
       </TPX>
      </Extensions>
     </Trackpoint>
     <Trackpoint>
      <Time>2026-08-08T11:15:22Z</Time>
      <Position>
       <LatitudeDegrees>5.2362500</LatitudeDegrees>
       <LongitudeDegrees>100.4392460</LongitudeDegrees>
      </Position>
      <AltitudeMeters>5.5</AltitudeMeters>
      <DistanceMeters>1890.7</DistanceMeters>
      <HeartRateBpm>
       <Value>166</Value>
      </HeartRateBpm>
      <Extensions>
       <TPX xmlns="http://www.garmin.com/xmlschemas/ActivityExtension/v2">
        <Speed>4.4</Speed>
       </TPX>
      </Extensions>
     </Trackpoint>
     <Trackpoint>
      <Time>2026-08-08T11:15:23Z</Time>
      <Position>
       <LatitudeDegrees>5.2362140</LatitudeDegrees>
       <LongitudeDegrees>100.4392490</LongitudeDegrees>
      </Position>
      <AltitudeMeters>5.4</AltitudeMeters>
      <DistanceMeters>1894.7</DistanceMeters>
      <HeartRateBpm>
       <Value>166</Value>
      </HeartRateBpm>
      <Extensions>
       <TPX xmlns="http://www.garmin.com/xmlschemas/ActivityExtension/v2">
        <Speed>4.2</Speed>
       </TPX>
      </Extensions>
     </Trackpoint>
     <Trackpoint>
      <Time>2026-08-08T11:15:24Z</Time>
      <Position>
       <LatitudeDegrees>5.2361760</LatitudeDegrees>
       <LongitudeDegrees>100.4392490</LongitudeDegrees>
      </Position>
      <AltitudeMeters>5.4</AltitudeMeters>
      <DistanceMeters>1898.9</DistanceMeters>
      <HeartRateBpm>
       <Value>166</Value>
      </HeartRateBpm>
      <Extensions>
       <TPX xmlns="http://www.garmin.com/xmlschemas/ActivityExtension/v2">
        <Speed>4.2</Speed>
       </TPX>
      </Extensions>
     </Trackpoint>
     <Trackpoint>
      <Time>2026-08-08T11:15:25Z</Time>
      <Position>
       <LatitudeDegrees>5.2361440</LatitudeDegrees>
       <LongitudeDegrees>100.4392420</LongitudeDegrees>
      </Position>
      <AltitudeMeters>5.4</AltitudeMeters>
      <DistanceMeters>1902.5</DistanceMeters>
      <HeartRateBpm>
       <Value>166</Value>
      </HeartRateBpm>
      <Extensions>
       <TPX xmlns="http://www.garmin.com/xmlschemas/ActivityExtension/v2">
        <Speed>4.0</Speed>
       </TPX>
      </Extensions>
     </Trackpoint>
     <Trackpoint>
      <Time>2026-08-08T11:15:26Z</Time>
      <Position>
       <LatitudeDegrees>5.2361160</LatitudeDegrees>
       <LongitudeDegrees>100.4392330</LongitudeDegrees>
      </Position>
      <AltitudeMeters>5.4</AltitudeMeters>
      <DistanceMeters>1905.8</DistanceMeters>
      <HeartRateBpm>
       <Value>167</Value>
      </HeartRateBpm>
      <Extensions>
       <TPX xmlns="http://www.garmin.com/xmlschemas/ActivityExtension/v2">
        <Speed>3.8</Speed>
       </TPX>
      </Extensions>
     </Trackpoint>
     <Trackpoint>
      <Time>2026-08-08T11:15:27Z</Time>
      <Position>
       <LatitudeDegrees>5.2360770</LatitudeDegrees>
       <LongitudeDegrees>100.4392200</LongitudeDegrees>
      </Position>
      <AltitudeMeters>5.4</AltitudeMeters>
      <DistanceMeters>1910.4</DistanceMeters>
      <HeartRateBpm>
       <Value>167</Value>
      </HeartRateBpm>
      <Extensions>
       <TPX xmlns="http://www.garmin.com/xmlschemas/ActivityExtension/v2">
        <Speed>3.9</Speed>
       </TPX>
      </Extensions>
     </Trackpoint>
     <Trackpoint>
      <Time>2026-08-08T11:15:28Z</Time>
      <Position>
       <LatitudeDegrees>5.2360500</LatitudeDegrees>
       <LongitudeDegrees>100.4392100</LongitudeDegrees>
      </Position>
      <AltitudeMeters>5.3</AltitudeMeters>
      <DistanceMeters>1913.6</DistanceMeters>
      <HeartRateBpm>
       <Value>167</Value>
      </HeartRateBpm>
      <Extensions>
       <TPX xmlns="http://www.garmin.com/xmlschemas/ActivityExtension/v2">
        <Speed>3.8</Speed>
       </TPX>
      </Extensions>
     </Trackpoint>
     <Trackpoint>
      <Time>2026-08-08T11:15:29Z</Time>
      <Position>
       <LatitudeDegrees>5.2360190</LatitudeDegrees>
       <LongitudeDegrees>100.4391990</LongitudeDegrees>
      </Position>
      <AltitudeMeters>5.3</AltitudeMeters>
      <DistanceMeters>1917.3</DistanceMeters>
      <HeartRateBpm>
       <Value>167</Value>
      </HeartRateBpm>
      <Extensions>
       <TPX xmlns="http://www.garmin.com/xmlschemas/ActivityExtension/v2">
        <Speed>3.7</Speed>
       </TPX>
      </Extensions>
     </Trackpoint>
     <Trackpoint>
      <Time>2026-08-08T11:15:30Z</Time>
      <Position>
       <LatitudeDegrees>5.2359850</LatitudeDegrees>
       <LongitudeDegrees>100.4391840</LongitudeDegrees>
      </Position>
      <AltitudeMeters>5.3</AltitudeMeters>
      <DistanceMeters>1921.4</DistanceMeters>
      <HeartRateBpm>
       <Value>167</Value>
      </HeartRateBpm>
      <Extensions>
       <TPX xmlns="http://www.garmin.com/xmlschemas/ActivityExtension/v2">
        <Speed>3.8</Speed>
       </TPX>
      </Extensions>
     </Trackpoint>
     <Trackpoint>
      <Time>2026-08-08T11:15:31Z</Time>
      <Position>
       <LatitudeDegrees>5.2359530</LatitudeDegrees>
       <LongitudeDegrees>100.4391710</LongitudeDegrees>
      </Position>
      <AltitudeMeters>5.3</AltitudeMeters>
      <DistanceMeters>1925.2</DistanceMeters>
      <HeartRateBpm>
       <Value>167</Value>
      </HeartRateBpm>
      <Extensions>
       <TPX xmlns="http://www.garmin.com/xmlschemas/ActivityExtension/v2">
        <Speed>3.9</Speed>
       </TPX>
      </Extensions>
     </Trackpoint>
     <Trackpoint>
      <Time>2026-08-08T11:15:32Z</Time>
      <Position>
       <LatitudeDegrees>5.2359240</LatitudeDegrees>
       <LongitudeDegrees>100.4391600</LongitudeDegrees>
      </Position>
      <AltitudeMeters>5.3</AltitudeMeters>
      <DistanceMeters>1928.7</DistanceMeters>
      <HeartRateBpm>
       <Value>167</Value>
      </HeartRateBpm>
      <Extensions>
       <TPX xmlns="http://www.garmin.com/xmlschemas/ActivityExtension/v2">
        <Speed>3.7</Speed>
       </TPX>
      </Extensions>
     </Trackpoint>
     <Trackpoint>
      <Time>2026-08-08T11:15:33Z</Time>
      <Position>
       <LatitudeDegrees>5.2359010</LatitudeDegrees>
       <LongitudeDegrees>100.4391500</LongitudeDegrees>
      </Position>
      <AltitudeMeters>5.3</AltitudeMeters>
      <DistanceMeters>1931.4</DistanceMeters>
      <HeartRateBpm>
       <Value>167</Value>
      </HeartRateBpm>
      <Extensions>
       <TPX xmlns="http://www.garmin.com/xmlschemas/ActivityExtension/v2">
        <Speed>3.6</Speed>
       </TPX>
      </Extensions>
     </Trackpoint>
     <Trackpoint>
      <Time>2026-08-08T11:15:34Z</Time>
      <Position>
       <LatitudeDegrees>5.2358750</LatitudeDegrees>
       <LongitudeDegrees>100.4391440</LongitudeDegrees>
      </Position>
      <AltitudeMeters>5.3</AltitudeMeters>
      <DistanceMeters>1934.3</DistanceMeters>
      <HeartRateBpm>
       <Value>167</Value>
      </HeartRateBpm>
      <Extensions>
       <TPX xmlns="http://www.garmin.com/xmlschemas/ActivityExtension/v2">
        <Speed>3.4</Speed>
       </TPX>
      </Extensions>
     </Trackpoint>
     <Trackpoint>
      <Time>2026-08-08T11:15:35Z</Time>
      <Position>
       <LatitudeDegrees>5.2358480</LatitudeDegrees>
       <LongitudeDegrees>100.4391420</LongitudeDegrees>
      </Position>
      <AltitudeMeters>5.3</AltitudeMeters>
      <DistanceMeters>1937.4</DistanceMeters>
      <HeartRateBpm>
       <Value>167</Value>
      </HeartRateBpm>
      <Extensions>
       <TPX xmlns="http://www.garmin.com/xmlschemas/ActivityExtension/v2">
        <Speed>3.2</Speed>
       </TPX>
      </Extensions>
     </Trackpoint>
     <Trackpoint>
      <Time>2026-08-08T11:15:36Z</Time>
      <Position>
       <LatitudeDegrees>5.2358190</LatitudeDegrees>
       <LongitudeDegrees>100.4391450</LongitudeDegrees>
      </Position>
      <AltitudeMeters>5.3</AltitudeMeters>
      <DistanceMeters>1940.7</DistanceMeters>
      <HeartRateBpm>
       <Value>167</Value>
      </HeartRateBpm>
      <Extensions>
       <TPX xmlns="http://www.garmin.com/xmlschemas/ActivityExtension/v2">
        <Speed>3.1</Speed>
       </TPX>
      </Extensions>
     </Trackpoint>
     <Trackpoint>
      <Time>2026-08-08T11:15:37Z</Time>
      <Position>
       <LatitudeDegrees>5.2357870</LatitudeDegrees>
       <LongitudeDegrees>100.4391520</LongitudeDegrees>
      </Position>
      <AltitudeMeters>5.2</AltitudeMeters>
      <DistanceMeters>1944.3</DistanceMeters>
      <HeartRateBpm>
       <Value>167</Value>
      </HeartRateBpm>
      <Extensions>
       <TPX xmlns="http://www.garmin.com/xmlschemas/ActivityExtension/v2">
        <Speed>3.1</Speed>
       </TPX>
      </Extensions>
     </Trackpoint>
     <Trackpoint>
      <Time>2026-08-08T11:15:38Z</Time>
      <Position>
       <LatitudeDegrees>5.2357550</LatitudeDegrees>
       <LongitudeDegrees>100.4391630</LongitudeDegrees>
      </Position>
      <AltitudeMeters>5.2</AltitudeMeters>
      <DistanceMeters>1948.1</DistanceMeters>
      <HeartRateBpm>
       <Value>167</Value>
      </HeartRateBpm>
      <Extensions>
       <TPX xmlns="http://www.garmin.com/xmlschemas/ActivityExtension/v2">
        <Speed>3.3</Speed>
       </TPX>
      </Extensions>
     </Trackpoint>
     <Trackpoint>
      <Time>2026-08-08T11:15:39Z</Time>
      <Position>
       <LatitudeDegrees>5.2357320</LatitudeDegrees>
       <LongitudeDegrees>100.4391750</LongitudeDegrees>
      </Position>
      <AltitudeMeters>5.2</AltitudeMeters>
      <DistanceMeters>1951.0</DistanceMeters>
      <HeartRateBpm>
       <Value>167</Value>
      </HeartRateBpm>
      <Extensions>
       <TPX xmlns="http://www.garmin.com/xmlschemas/ActivityExtension/v2">
        <Speed>3.3</Speed>
       </TPX>
      </Extensions>
     </Trackpoint>
     <Trackpoint>
      <Time>2026-08-08T11:15:40Z</Time>
      <Position>
       <LatitudeDegrees>5.2357010</LatitudeDegrees>
       <LongitudeDegrees>100.4391990</LongitudeDegrees>
      </Position>
      <AltitudeMeters>5.2</AltitudeMeters>
      <DistanceMeters>1955.3</DistanceMeters>
      <HeartRateBpm>
       <Value>167</Value>
      </HeartRateBpm>
      <Extensions>
       <TPX xmlns="http://www.garmin.com/xmlschemas/ActivityExtension/v2">
        <Speed>3.6</Speed>
       </TPX>
      </Extensions>
     </Trackpoint>
     <Trackpoint>
      <Time>2026-08-08T11:15:41Z</Time>
      <Position>
       <LatitudeDegrees>5.2356820</LatitudeDegrees>
       <LongitudeDegrees>100.4392200</LongitudeDegrees>
      </Position>
      <AltitudeMeters>5.2</AltitudeMeters>
      <DistanceMeters>1958.4</DistanceMeters>
      <HeartRateBpm>
       <Value>167</Value>
      </HeartRateBpm>
      <Extensions>
       <TPX xmlns="http://www.garmin.com/xmlschemas/ActivityExtension/v2">
        <Speed>3.5</Speed>
       </TPX>
      </Extensions>
     </Trackpoint>
     <Trackpoint>
      <Time>2026-08-08T11:15:42Z</Time>
      <Position>
       <LatitudeDegrees>5.2356550</LatitudeDegrees>
       <LongitudeDegrees>100.4392450</LongitudeDegrees>
      </Position>
      <AltitudeMeters>5.2</AltitudeMeters>
      <DistanceMeters>1962.5</DistanceMeters>
      <HeartRateBpm>
       <Value>168</Value>
      </HeartRateBpm>
      <Extensions>
       <TPX xmlns="http://www.garmin.com/xmlschemas/ActivityExtension/v2">
        <Speed>3.6</Speed>
       </TPX>
      </Extensions>
     </Trackpoint>
     <Trackpoint>
      <Time>2026-08-08T11:15:43Z</Time>
      <Position>
       <LatitudeDegrees>5.2356280</LatitudeDegrees>
       <LongitudeDegrees>100.4392800</LongitudeDegrees>
      </Position>
      <AltitudeMeters>5.2</AltitudeMeters>
      <DistanceMeters>1967.4</DistanceMeters>
      <HeartRateBpm>
       <Value>168</Value>
      </HeartRateBpm>
      <Extensions>
       <TPX xmlns="http://www.garmin.com/xmlschemas/ActivityExtension/v2">
        <Speed>3.9</Speed>
       </TPX>
      </Extensions>
     </Trackpoint>
     <Trackpoint>
      <Time>2026-08-08T11:15:44Z</Time>
      <Position>
       <LatitudeDegrees>5.2356060</LatitudeDegrees>
       <LongitudeDegrees>100.4393130</LongitudeDegrees>
      </Position>
      <AltitudeMeters>5.1</AltitudeMeters>
      <DistanceMeters>1971.8</DistanceMeters>
      <HeartRateBpm>
       <Value>167</Value>
      </HeartRateBpm>
      <Extensions>
       <TPX xmlns="http://www.garmin.com/xmlschemas/ActivityExtension/v2">
        <Speed>4.2</Speed>
       </TPX>
      </Extensions>
     </Trackpoint>
     <Trackpoint>
      <Time>2026-08-08T11:15:45Z</Time>
      <Position>
       <LatitudeDegrees>5.2355850</LatitudeDegrees>
       <LongitudeDegrees>100.4393420</LongitudeDegrees>
      </Position>
      <AltitudeMeters>5.1</AltitudeMeters>
      <DistanceMeters>1975.8</DistanceMeters>
      <HeartRateBpm>
       <Value>167</Value>
      </HeartRateBpm>
      <Extensions>
       <TPX xmlns="http://www.garmin.com/xmlschemas/ActivityExtension/v2">
        <Speed>4.1</Speed>
       </TPX>
      </Extensions>
     </Trackpoint>
     <Trackpoint>
      <Time>2026-08-08T11:15:46Z</Time>
      <Position>
       <LatitudeDegrees>5.2355560</LatitudeDegrees>
       <LongitudeDegrees>100.4393730</LongitudeDegrees>
      </Position>
      <AltitudeMeters>5.1</AltitudeMeters>
      <DistanceMeters>1980.5</DistanceMeters>
      <HeartRateBpm>
       <Value>167</Value>
      </HeartRateBpm>
      <Extensions>
       <TPX xmlns="http://www.garmin.com/xmlschemas/ActivityExtension/v2">
        <Speed>4.4</Speed>
       </TPX>
      </Extensions>
     </Trackpoint>
     <Trackpoint>
      <Time>2026-08-08T11:15:47Z</Time>
      <Position>
       <LatitudeDegrees>5.2355280</LatitudeDegrees>
       <LongitudeDegrees>100.4394010</LongitudeDegrees>
      </Position>
      <AltitudeMeters>5.1</AltitudeMeters>
      <DistanceMeters>1984.9</DistanceMeters>
      <HeartRateBpm>
       <Value>167</Value>
      </HeartRateBpm>
      <Extensions>
       <TPX xmlns="http://www.garmin.com/xmlschemas/ActivityExtension/v2">
        <Speed>4.5</Speed>
       </TPX>
      </Extensions>
     </Trackpoint>
     <Trackpoint>
      <Time>2026-08-08T11:15:48Z</Time>
      <Position>
       <LatitudeDegrees>5.2355040</LatitudeDegrees>
       <LongitudeDegrees>100.4394240</LongitudeDegrees>
      </Position>
      <AltitudeMeters>5.1</AltitudeMeters>
      <DistanceMeters>1988.6</DistanceMeters>
      <HeartRateBpm>
       <Value>167</Value>
      </HeartRateBpm>
      <Extensions>
       <TPX xmlns="http://www.garmin.com/xmlschemas/ActivityExtension/v2">
        <Speed>4.2</Speed>
       </TPX>
      </Extensions>
     </Trackpoint>
     <Trackpoint>
      <Time>2026-08-08T11:15:49Z</Time>
      <Position>
       <LatitudeDegrees>5.2354750</LatitudeDegrees>
       <LongitudeDegrees>100.4394510</LongitudeDegrees>
      </Position>
      <AltitudeMeters>5.1</AltitudeMeters>
      <DistanceMeters>1993.0</DistanceMeters>
      <HeartRateBpm>
       <Value>167</Value>
      </HeartRateBpm>
      <Extensions>
       <TPX xmlns="http://www.garmin.com/xmlschemas/ActivityExtension/v2">
        <Speed>4.2</Speed>
       </TPX>
      </Extensions>
     </Trackpoint>
     <Trackpoint>
      <Time>2026-08-08T11:15:50Z</Time>
      <Position>
       <LatitudeDegrees>5.2354440</LatitudeDegrees>
       <LongitudeDegrees>100.4394700</LongitudeDegrees>
      </Position>
      <AltitudeMeters>5.1</AltitudeMeters>
      <DistanceMeters>1997.0</DistanceMeters>
      <HeartRateBpm>
       <Value>166</Value>
      </HeartRateBpm>
      <Extensions>
       <TPX xmlns="http://www.garmin.com/xmlschemas/ActivityExtension/v2">
        <Speed>4.2</Speed>
       </TPX>
      </Extensions>
     </Trackpoint>
     <Trackpoint>
      <Time>2026-08-08T11:15:51Z</Time>
      <Position>
       <LatitudeDegrees>5.2354200</LatitudeDegrees>
       <LongitudeDegrees>100.4394940</LongitudeDegrees>
      </Position>
      <AltitudeMeters>5.1</AltitudeMeters>
      <DistanceMeters>2000.7</DistanceMeters>
      <HeartRateBpm>
       <Value>167</Value>
      </HeartRateBpm>
      <Extensions>
       <TPX xmlns="http://www.garmin.com/xmlschemas/ActivityExtension/v2">
        <Speed>4.0</Speed>
       </TPX>
      </Extensions>
     </Trackpoint>
     <Trackpoint>
      <Time>2026-08-08T11:15:52Z</Time>
      <Position>
       <LatitudeDegrees>5.2353900</LatitudeDegrees>
       <LongitudeDegrees>100.4395120</LongitudeDegrees>
      </Position>
      <AltitudeMeters>5.1</AltitudeMeters>
      <DistanceMeters>2004.6</DistanceMeters>
      <HeartRateBpm>
       <Value>167</Value>
      </HeartRateBpm>
      <Extensions>
       <TPX xmlns="http://www.garmin.com/xmlschemas/ActivityExtension/v2">
        <Speed>3.9</Speed>
       </TPX>
      </Extensions>
     </Trackpoint>
     <Trackpoint>
      <Time>2026-08-08T11:15:53Z</Time>
      <Position>
       <LatitudeDegrees>5.2353530</LatitudeDegrees>
       <LongitudeDegrees>100.4395180</LongitudeDegrees>
      </Position>
      <AltitudeMeters>5.1</AltitudeMeters>
      <DistanceMeters>2008.9</DistanceMeters>
      <HeartRateBpm>
       <Value>167</Value>
      </HeartRateBpm>
      <Extensions>
       <TPX xmlns="http://www.garmin.com/xmlschemas/ActivityExtension/v2">
        <Speed>4.1</Speed>
       </TPX>
      </Extensions>
     </Trackpoint>
     <Trackpoint>
      <Time>2026-08-08T11:15:54Z</Time>
      <Position>
       <LatitudeDegrees>5.2353180</LatitudeDegrees>
       <LongitudeDegrees>100.4395120</LongitudeDegrees>
      </Position>
      <AltitudeMeters>5.1</AltitudeMeters>
      <DistanceMeters>2012.8</DistanceMeters>
      <HeartRateBpm>
       <Value>169</Value>
      </HeartRateBpm>
      <Extensions>
       <TPX xmlns="http://www.garmin.com/xmlschemas/ActivityExtension/v2">
        <Speed>4.0</Speed>
       </TPX>
      </Extensions>
     </Trackpoint>
     <Trackpoint>
      <Time>2026-08-08T11:15:55Z</Time>
      <Position>
       <LatitudeDegrees>5.2352870</LatitudeDegrees>
       <LongitudeDegrees>100.4395130</LongitudeDegrees>
      </Position>
      <AltitudeMeters>5.1</AltitudeMeters>
      <DistanceMeters>2016.2</DistanceMeters>
      <HeartRateBpm>
       <Value>168</Value>
      </HeartRateBpm>
      <Extensions>
       <TPX xmlns="http://www.garmin.com/xmlschemas/ActivityExtension/v2">
        <Speed>3.8</Speed>
       </TPX>
      </Extensions>
     </Trackpoint>
     <Trackpoint>
      <Time>2026-08-08T11:15:56Z</Time>
      <Position>
       <LatitudeDegrees>5.2352570</LatitudeDegrees>
       <LongitudeDegrees>100.4395190</LongitudeDegrees>
      </Position>
      <AltitudeMeters>5.1</AltitudeMeters>
      <DistanceMeters>2019.6</DistanceMeters>
      <HeartRateBpm>
       <Value>168</Value>
      </HeartRateBpm>
      <Extensions>
       <TPX xmlns="http://www.garmin.com/xmlschemas/ActivityExtension/v2">
        <Speed>3.8</Speed>
       </TPX>
      </Extensions>
     </Trackpoint>
     <Trackpoint>
      <Time>2026-08-08T11:15:57Z</Time>
      <Position>
       <LatitudeDegrees>5.2352310</LatitudeDegrees>
       <LongitudeDegrees>100.4395240</LongitudeDegrees>
      </Position>
      <AltitudeMeters>5.1</AltitudeMeters>
      <DistanceMeters>2022.5</DistanceMeters>
      <HeartRateBpm>
       <Value>168</Value>
      </HeartRateBpm>
      <Extensions>
       <TPX xmlns="http://www.garmin.com/xmlschemas/ActivityExtension/v2">
        <Speed>3.6</Speed>
       </TPX>
      </Extensions>
     </Trackpoint>
     <Trackpoint>
      <Time>2026-08-08T11:15:58Z</Time>
      <Position>
       <LatitudeDegrees>5.2352070</LatitudeDegrees>
       <LongitudeDegrees>100.4395300</LongitudeDegrees>
      </Position>
      <AltitudeMeters>5.1</AltitudeMeters>
      <DistanceMeters>2025.3</DistanceMeters>
      <HeartRateBpm>
       <Value>167</Value>
      </HeartRateBpm>
      <Extensions>
       <TPX xmlns="http://www.garmin.com/xmlschemas/ActivityExtension/v2">
        <Speed>3.3</Speed>
       </TPX>
      </Extensions>
     </Trackpoint>
     <Trackpoint>
      <Time>2026-08-08T11:15:59Z</Time>
      <Position>
       <LatitudeDegrees>5.2351820</LatitudeDegrees>
       <LongitudeDegrees>100.4395380</LongitudeDegrees>
      </Position>
      <AltitudeMeters>5.1</AltitudeMeters>
      <DistanceMeters>2028.2</DistanceMeters>
      <HeartRateBpm>
       <Value>167</Value>
      </HeartRateBpm>
      <Extensions>
       <TPX xmlns="http://www.garmin.com/xmlschemas/ActivityExtension/v2">
        <Speed>3.1</Speed>
       </TPX>
      </Extensions>
     </Trackpoint>
     <Trackpoint>
      <Time>2026-08-08T11:16:00Z</Time>
      <Position>
       <LatitudeDegrees>5.2351580</LatitudeDegrees>
       <LongitudeDegrees>100.4395460</LongitudeDegrees>
      </Position>
      <AltitudeMeters>5.1</AltitudeMeters>
      <DistanceMeters>2031.0</DistanceMeters>
      <HeartRateBpm>
       <Value>167</Value>
      </HeartRateBpm>
      <Extensions>
       <TPX xmlns="http://www.garmin.com/xmlschemas/ActivityExtension/v2">
        <Speed>3.0</Speed>
       </TPX>
      </Extensions>
     </Trackpoint>
     <Trackpoint>
      <Time>2026-08-08T11:16:01Z</Time>
      <Position>
       <LatitudeDegrees>5.2351370</LatitudeDegrees>
       <LongitudeDegrees>100.4395530</LongitudeDegrees>
      </Position>
      <AltitudeMeters>5.1</AltitudeMeters>
      <DistanceMeters>2033.5</DistanceMeters>
      <HeartRateBpm>
       <Value>167</Value>
      </HeartRateBpm>
      <Extensions>
       <TPX xmlns="http://www.garmin.com/xmlschemas/ActivityExtension/v2">
        <Speed>2.8</Speed>
       </TPX>
      </Extensions>
     </Trackpoint>
     <Trackpoint>
      <Time>2026-08-08T11:16:02Z</Time>
      <Position>
       <LatitudeDegrees>5.2351150</LatitudeDegrees>
       <LongitudeDegrees>100.4395560</LongitudeDegrees>
      </Position>
      <AltitudeMeters>5.1</AltitudeMeters>
      <DistanceMeters>2036.0</DistanceMeters>
      <HeartRateBpm>
       <Value>167</Value>
      </HeartRateBpm>
      <Extensions>
       <TPX xmlns="http://www.garmin.com/xmlschemas/ActivityExtension/v2">
        <Speed>2.7</Speed>
       </TPX>
      </Extensions>
     </Trackpoint>
     <Trackpoint>
      <Time>2026-08-08T11:16:03Z</Time>
      <Position>
       <LatitudeDegrees>5.2350950</LatitudeDegrees>
       <LongitudeDegrees>100.4395580</LongitudeDegrees>
      </Position>
      <AltitudeMeters>5.1</AltitudeMeters>
      <DistanceMeters>2038.2</DistanceMeters>
      <HeartRateBpm>
       <Value>167</Value>
      </HeartRateBpm>
      <Extensions>
       <TPX xmlns="http://www.garmin.com/xmlschemas/ActivityExtension/v2">
        <Speed>2.6</Speed>
       </TPX>
      </Extensions>
     </Trackpoint>
     <Trackpoint>
      <Time>2026-08-08T11:16:04Z</Time>
      <Position>
       <LatitudeDegrees>5.2350750</LatitudeDegrees>
       <LongitudeDegrees>100.4395600</LongitudeDegrees>
      </Position>
      <AltitudeMeters>5.1</AltitudeMeters>
      <DistanceMeters>2040.4</DistanceMeters>
      <HeartRateBpm>
       <Value>166</Value>
      </HeartRateBpm>
      <Extensions>
       <TPX xmlns="http://www.garmin.com/xmlschemas/ActivityExtension/v2">
        <Speed>2.4</Speed>
       </TPX>
      </Extensions>
     </Trackpoint>
     <Trackpoint>
      <Time>2026-08-08T11:16:05Z</Time>
      <Position>
       <LatitudeDegrees>5.2350540</LatitudeDegrees>
       <LongitudeDegrees>100.4395590</LongitudeDegrees>
      </Position>
      <AltitudeMeters>5.1</AltitudeMeters>
      <DistanceMeters>2042.8</DistanceMeters>
      <HeartRateBpm>
       <Value>166</Value>
      </HeartRateBpm>
      <Extensions>
       <TPX xmlns="http://www.garmin.com/xmlschemas/ActivityExtension/v2">
        <Speed>2.4</Speed>
       </TPX>
      </Extensions>
     </Trackpoint>
     <Trackpoint>
      <Time>2026-08-08T11:16:06Z</Time>
      <Position>
       <LatitudeDegrees>5.2350320</LatitudeDegrees>
       <LongitudeDegrees>100.4395650</LongitudeDegrees>
      </Position>
      <AltitudeMeters>5.1</AltitudeMeters>
      <DistanceMeters>2045.3</DistanceMeters>
      <HeartRateBpm>
       <Value>166</Value>
      </HeartRateBpm>
      <Extensions>
       <TPX xmlns="http://www.garmin.com/xmlschemas/ActivityExtension/v2">
        <Speed>2.4</Speed>
       </TPX>
      </Extensions>
     </Trackpoint>
     <Trackpoint>
      <Time>2026-08-08T11:16:07Z</Time>
      <Position>
       <LatitudeDegrees>5.2350060</LatitudeDegrees>
       <LongitudeDegrees>100.4395690</LongitudeDegrees>
      </Position>
      <AltitudeMeters>5.1</AltitudeMeters>
      <DistanceMeters>2048.2</DistanceMeters>
      <HeartRateBpm>
       <Value>165</Value>
      </HeartRateBpm>
      <Extensions>
       <TPX xmlns="http://www.garmin.com/xmlschemas/ActivityExtension/v2">
        <Speed>2.4</Speed>
       </TPX>
      </Extensions>
     </Trackpoint>
     <Trackpoint>
      <Time>2026-08-08T11:16:08Z</Time>
      <Position>
       <LatitudeDegrees>5.2349810</LatitudeDegrees>
       <LongitudeDegrees>100.4395650</LongitudeDegrees>
      </Position>
      <AltitudeMeters>5.1</AltitudeMeters>
      <DistanceMeters>2050.9</DistanceMeters>
      <HeartRateBpm>
       <Value>165</Value>
      </HeartRateBpm>
      <Extensions>
       <TPX xmlns="http://www.garmin.com/xmlschemas/ActivityExtension/v2">
        <Speed>2.5</Speed>
       </TPX>
      </Extensions>
     </Trackpoint>
     <Trackpoint>
      <Time>2026-08-08T11:16:09Z</Time>
      <Position>
       <LatitudeDegrees>5.2349490</LatitudeDegrees>
       <LongitudeDegrees>100.4395790</LongitudeDegrees>
      </Position>
      <AltitudeMeters>5.1</AltitudeMeters>
      <DistanceMeters>2054.8</DistanceMeters>
      <HeartRateBpm>
       <Value>165</Value>
      </HeartRateBpm>
      <Extensions>
       <TPX xmlns="http://www.garmin.com/xmlschemas/ActivityExtension/v2">
        <Speed>2.9</Speed>
       </TPX>
      </Extensions>
     </Trackpoint>
     <Trackpoint>
      <Time>2026-08-08T11:16:10Z</Time>
      <Position>
       <LatitudeDegrees>5.2349190</LatitudeDegrees>
       <LongitudeDegrees>100.4395900</LongitudeDegrees>
      </Position>
      <AltitudeMeters>5.1</AltitudeMeters>
      <DistanceMeters>2058.3</DistanceMeters>
      <HeartRateBpm>
       <Value>164</Value>
      </HeartRateBpm>
      <Extensions>
       <TPX xmlns="http://www.garmin.com/xmlschemas/ActivityExtension/v2">
        <Speed>3.1</Speed>
       </TPX>
      </Extensions>
     </Trackpoint>
     <Trackpoint>
      <Time>2026-08-08T11:16:11Z</Time>
      <Position>
       <LatitudeDegrees>5.2348920</LatitudeDegrees>
       <LongitudeDegrees>100.4396000</LongitudeDegrees>
      </Position>
      <AltitudeMeters>5.1</AltitudeMeters>
      <DistanceMeters>2061.5</DistanceMeters>
      <HeartRateBpm>
       <Value>164</Value>
      </HeartRateBpm>
      <Extensions>
       <TPX xmlns="http://www.garmin.com/xmlschemas/ActivityExtension/v2">
        <Speed>3.2</Speed>
       </TPX>
      </Extensions>
     </Trackpoint>
     <Trackpoint>
      <Time>2026-08-08T11:16:12Z</Time>
      <Position>
       <LatitudeDegrees>5.2348710</LatitudeDegrees>
       <LongitudeDegrees>100.4396070</LongitudeDegrees>
      </Position>
      <AltitudeMeters>5.1</AltitudeMeters>
      <DistanceMeters>2064.0</DistanceMeters>
      <HeartRateBpm>
       <Value>164</Value>
      </HeartRateBpm>
      <Extensions>
       <TPX xmlns="http://www.garmin.com/xmlschemas/ActivityExtension/v2">
        <Speed>3.2</Speed>
       </TPX>
      </Extensions>
     </Trackpoint>
     <Trackpoint>
      <Time>2026-08-08T11:16:13Z</Time>
      <Position>
       <LatitudeDegrees>5.2348480</LatitudeDegrees>
       <LongitudeDegrees>100.4396110</LongitudeDegrees>
      </Position>
      <AltitudeMeters>5.1</AltitudeMeters>
      <DistanceMeters>2066.6</DistanceMeters>
      <HeartRateBpm>
       <Value>166</Value>
      </HeartRateBpm>
      <Extensions>
       <TPX xmlns="http://www.garmin.com/xmlschemas/ActivityExtension/v2">
        <Speed>3.1</Speed>
       </TPX>
      </Extensions>
     </Trackpoint>
     <Trackpoint>
      <Time>2026-08-08T11:16:14Z</Time>
      <Position>
       <LatitudeDegrees>5.2348300</LatitudeDegrees>
       <LongitudeDegrees>100.4396150</LongitudeDegrees>
      </Position>
      <AltitudeMeters>5.1</AltitudeMeters>
      <DistanceMeters>2068.6</DistanceMeters>
      <HeartRateBpm>
       <Value>166</Value>
      </HeartRateBpm>
      <Extensions>
       <TPX xmlns="http://www.garmin.com/xmlschemas/ActivityExtension/v2">
        <Speed>2.8</Speed>
       </TPX>
      </Extensions>
     </Trackpoint>
     <Trackpoint>
      <Time>2026-08-08T11:16:15Z</Time>
      <Position>
       <LatitudeDegrees>5.2348120</LatitudeDegrees>
       <LongitudeDegrees>100.4396210</LongitudeDegrees>
      </Position>
      <AltitudeMeters>5.1</AltitudeMeters>
      <DistanceMeters>2070.7</DistanceMeters>
      <HeartRateBpm>
       <Value>165</Value>
      </HeartRateBpm>
      <Extensions>
       <TPX xmlns="http://www.garmin.com/xmlschemas/ActivityExtension/v2">
        <Speed>2.5</Speed>
       </TPX>
      </Extensions>
     </Trackpoint>
     <Trackpoint>
      <Time>2026-08-08T11:16:16Z</Time>
      <Position>
       <LatitudeDegrees>5.2347930</LatitudeDegrees>
       <LongitudeDegrees>100.4396280</LongitudeDegrees>
      </Position>
      <AltitudeMeters>5.1</AltitudeMeters>
      <DistanceMeters>2072.9</DistanceMeters>
      <HeartRateBpm>
       <Value>164</Value>
      </HeartRateBpm>
      <Extensions>
       <TPX xmlns="http://www.garmin.com/xmlschemas/ActivityExtension/v2">
        <Speed>2.3</Speed>
       </TPX>
      </Extensions>
     </Trackpoint>
     <Trackpoint>
      <Time>2026-08-08T11:16:17Z</Time>
      <Position>
       <LatitudeDegrees>5.2347720</LatitudeDegrees>
       <LongitudeDegrees>100.4396350</LongitudeDegrees>
      </Position>
      <AltitudeMeters>5.1</AltitudeMeters>
      <DistanceMeters>2075.4</DistanceMeters>
      <HeartRateBpm>
       <Value>163</Value>
      </HeartRateBpm>
      <Extensions>
       <TPX xmlns="http://www.garmin.com/xmlschemas/ActivityExtension/v2">
        <Speed>2.3</Speed>
       </TPX>
      </Extensions>
     </Trackpoint>
     <Trackpoint>
      <Time>2026-08-08T11:16:18Z</Time>
      <Position>
       <LatitudeDegrees>5.2347500</LatitudeDegrees>
       <LongitudeDegrees>100.4396420</LongitudeDegrees>
      </Position>
      <AltitudeMeters>5.1</AltitudeMeters>
      <DistanceMeters>2078.0</DistanceMeters>
      <HeartRateBpm>
       <Value>162</Value>
      </HeartRateBpm>
      <Extensions>
       <TPX xmlns="http://www.garmin.com/xmlschemas/ActivityExtension/v2">
        <Speed>2.3</Speed>
       </TPX>
      </Extensions>
     </Trackpoint>
     <Trackpoint>
      <Time>2026-08-08T11:16:19Z</Time>
      <Position>
       <LatitudeDegrees>5.2347270</LatitudeDegrees>
       <LongitudeDegrees>100.4396490</LongitudeDegrees>
      </Position>
      <AltitudeMeters>5.1</AltitudeMeters>
      <DistanceMeters>2080.7</DistanceMeters>
      <HeartRateBpm>
       <Value>160</Value>
      </HeartRateBpm>
      <Extensions>
       <TPX xmlns="http://www.garmin.com/xmlschemas/ActivityExtension/v2">
        <Speed>2.4</Speed>
       </TPX>
      </Extensions>
     </Trackpoint>
     <Trackpoint>
      <Time>2026-08-08T11:16:20Z</Time>
      <Position>
       <LatitudeDegrees>5.2347060</LatitudeDegrees>
       <LongitudeDegrees>100.4396540</LongitudeDegrees>
      </Position>
      <AltitudeMeters>5.1</AltitudeMeters>
      <DistanceMeters>2083.1</DistanceMeters>
      <HeartRateBpm>
       <Value>160</Value>
      </HeartRateBpm>
      <Extensions>
       <TPX xmlns="http://www.garmin.com/xmlschemas/ActivityExtension/v2">
        <Speed>2.5</Speed>
       </TPX>
      </Extensions>
     </Trackpoint>
     <Trackpoint>
      <Time>2026-08-08T11:16:21Z</Time>
      <Position>
       <LatitudeDegrees>5.2346830</LatitudeDegrees>
       <LongitudeDegrees>100.4396580</LongitudeDegrees>
      </Position>
      <AltitudeMeters>5.1</AltitudeMeters>
      <DistanceMeters>2085.7</DistanceMeters>
      <HeartRateBpm>
       <Value>160</Value>
      </HeartRateBpm>
      <Extensions>
       <TPX xmlns="http://www.garmin.com/xmlschemas/ActivityExtension/v2">
        <Speed>2.6</Speed>
       </TPX>
      </Extensions>
     </Trackpoint>
     <Trackpoint>
      <Time>2026-08-08T11:16:22Z</Time>
      <Position>
       <LatitudeDegrees>5.2346600</LatitudeDegrees>
       <LongitudeDegrees>100.4396550</LongitudeDegrees>
      </Position>
      <AltitudeMeters>5.1</AltitudeMeters>
      <DistanceMeters>2088.3</DistanceMeters>
      <HeartRateBpm>
       <Value>160</Value>
      </HeartRateBpm>
      <Extensions>
       <TPX xmlns="http://www.garmin.com/xmlschemas/ActivityExtension/v2">
        <Speed>2.6</Speed>
       </TPX>
      </Extensions>
     </Trackpoint>
     <Trackpoint>
      <Time>2026-08-08T11:16:23Z</Time>
      <Position>
       <LatitudeDegrees>5.2346380</LatitudeDegrees>
       <LongitudeDegrees>100.4396530</LongitudeDegrees>
      </Position>
      <AltitudeMeters>5.1</AltitudeMeters>
      <DistanceMeters>2090.7</DistanceMeters>
      <HeartRateBpm>
       <Value>161</Value>
      </HeartRateBpm>
      <Extensions>
       <TPX xmlns="http://www.garmin.com/xmlschemas/ActivityExtension/v2">
        <Speed>2.5</Speed>
       </TPX>
      </Extensions>
     </Trackpoint>
     <Trackpoint>
      <Time>2026-08-08T11:16:24Z</Time>
      <Position>
       <LatitudeDegrees>5.2346160</LatitudeDegrees>
       <LongitudeDegrees>100.4396490</LongitudeDegrees>
      </Position>
      <AltitudeMeters>5.1</AltitudeMeters>
      <DistanceMeters>2093.2</DistanceMeters>
      <HeartRateBpm>
       <Value>161</Value>
      </HeartRateBpm>
      <Extensions>
       <TPX xmlns="http://www.garmin.com/xmlschemas/ActivityExtension/v2">
        <Speed>2.5</Speed>
       </TPX>
      </Extensions>
     </Trackpoint>
     <Trackpoint>
      <Time>2026-08-08T11:16:25Z</Time>
      <Position>
       <LatitudeDegrees>5.2345940</LatitudeDegrees>
       <LongitudeDegrees>100.4396450</LongitudeDegrees>
      </Position>
      <AltitudeMeters>5.1</AltitudeMeters>
      <DistanceMeters>2095.7</DistanceMeters>
      <HeartRateBpm>
       <Value>161</Value>
      </HeartRateBpm>
      <Extensions>
       <TPX xmlns="http://www.garmin.com/xmlschemas/ActivityExtension/v2">
        <Speed>2.5</Speed>
       </TPX>
      </Extensions>
     </Trackpoint>
     <Trackpoint>
      <Time>2026-08-08T11:16:26Z</Time>
      <Position>
       <LatitudeDegrees>5.2345740</LatitudeDegrees>
       <LongitudeDegrees>100.4396380</LongitudeDegrees>
      </Position>
      <AltitudeMeters>5.1</AltitudeMeters>
      <DistanceMeters>2098.1</DistanceMeters>
      <HeartRateBpm>
       <Value>161</Value>
      </HeartRateBpm>
      <Extensions>
       <TPX xmlns="http://www.garmin.com/xmlschemas/ActivityExtension/v2">
        <Speed>2.5</Speed>
       </TPX>
      </Extensions>
     </Trackpoint>
     <Trackpoint>
      <Time>2026-08-08T11:16:27Z</Time>
      <Position>
       <LatitudeDegrees>5.2345510</LatitudeDegrees>
       <LongitudeDegrees>100.4396270</LongitudeDegrees>
      </Position>
      <AltitudeMeters>5.1</AltitudeMeters>
      <DistanceMeters>2100.9</DistanceMeters>
      <HeartRateBpm>
       <Value>163</Value>
      </HeartRateBpm>
      <Extensions>
       <TPX xmlns="http://www.garmin.com/xmlschemas/ActivityExtension/v2">
        <Speed>2.5</Speed>
       </TPX>
      </Extensions>
     </Trackpoint>
     <Trackpoint>
      <Time>2026-08-08T11:16:28Z</Time>
      <Position>
       <LatitudeDegrees>5.2345340</LatitudeDegrees>
       <LongitudeDegrees>100.4396090</LongitudeDegrees>
      </Position>
      <AltitudeMeters>5.1</AltitudeMeters>
      <DistanceMeters>2103.6</DistanceMeters>
      <HeartRateBpm>
       <Value>165</Value>
      </HeartRateBpm>
      <Extensions>
       <TPX xmlns="http://www.garmin.com/xmlschemas/ActivityExtension/v2">
        <Speed>2.6</Speed>
       </TPX>
      </Extensions>
     </Trackpoint>
     <Trackpoint>
      <Time>2026-08-08T11:16:29Z</Time>
      <Position>
       <LatitudeDegrees>5.2345190</LatitudeDegrees>
       <LongitudeDegrees>100.4395890</LongitudeDegrees>
      </Position>
      <AltitudeMeters>5.1</AltitudeMeters>
      <DistanceMeters>2106.4</DistanceMeters>
      <HeartRateBpm>
       <Value>165</Value>
      </HeartRateBpm>
      <Extensions>
       <TPX xmlns="http://www.garmin.com/xmlschemas/ActivityExtension/v2">
        <Speed>2.6</Speed>
       </TPX>
      </Extensions>
     </Trackpoint>
     <Trackpoint>
      <Time>2026-08-08T11:16:30Z</Time>
      <Position>
       <LatitudeDegrees>5.2345050</LatitudeDegrees>
       <LongitudeDegrees>100.4395670</LongitudeDegrees>
      </Position>
      <AltitudeMeters>5.1</AltitudeMeters>
      <DistanceMeters>2109.3</DistanceMeters>
      <HeartRateBpm>
       <Value>166</Value>
      </HeartRateBpm>
      <Extensions>
       <TPX xmlns="http://www.garmin.com/xmlschemas/ActivityExtension/v2">
        <Speed>2.7</Speed>
       </TPX>
      </Extensions>
     </Trackpoint>
     <Trackpoint>
      <Time>2026-08-08T11:16:31Z</Time>
      <Position>
       <LatitudeDegrees>5.2344920</LatitudeDegrees>
       <LongitudeDegrees>100.4395480</LongitudeDegrees>
      </Position>
      <AltitudeMeters>5.1</AltitudeMeters>
      <DistanceMeters>2111.9</DistanceMeters>
      <HeartRateBpm>
       <Value>166</Value>
      </HeartRateBpm>
      <Extensions>
       <TPX xmlns="http://www.garmin.com/xmlschemas/ActivityExtension/v2">
        <Speed>2.8</Speed>
       </TPX>
      </Extensions>
     </Trackpoint>
     <Trackpoint>
      <Time>2026-08-08T11:16:32Z</Time>
      <Position>
       <LatitudeDegrees>5.2344780</LatitudeDegrees>
       <LongitudeDegrees>100.4395210</LongitudeDegrees>
      </Position>
      <AltitudeMeters>5.1</AltitudeMeters>
      <DistanceMeters>2115.2</DistanceMeters>
      <HeartRateBpm>
       <Value>166</Value>
      </HeartRateBpm>
      <Extensions>
       <TPX xmlns="http://www.garmin.com/xmlschemas/ActivityExtension/v2">
        <Speed>2.9</Speed>
       </TPX>
      </Extensions>
     </Trackpoint>
     <Trackpoint>
      <Time>2026-08-08T11:16:33Z</Time>
      <Position>
       <LatitudeDegrees>5.2344660</LatitudeDegrees>
       <LongitudeDegrees>100.4394980</LongitudeDegrees>
      </Position>
      <AltitudeMeters>5.1</AltitudeMeters>
      <DistanceMeters>2118.1</DistanceMeters>
      <HeartRateBpm>
       <Value>166</Value>
      </HeartRateBpm>
      <Extensions>
       <TPX xmlns="http://www.garmin.com/xmlschemas/ActivityExtension/v2">
        <Speed>2.9</Speed>
       </TPX>
      </Extensions>
     </Trackpoint>
     <Trackpoint>
      <Time>2026-08-08T11:16:34Z</Time>
      <Position>
       <LatitudeDegrees>5.2344560</LatitudeDegrees>
       <LongitudeDegrees>100.4394760</LongitudeDegrees>
      </Position>
      <AltitudeMeters>5.1</AltitudeMeters>
      <DistanceMeters>2120.8</DistanceMeters>
      <HeartRateBpm>
       <Value>167</Value>
      </HeartRateBpm>
      <Extensions>
       <TPX xmlns="http://www.garmin.com/xmlschemas/ActivityExtension/v2">
        <Speed>2.9</Speed>
       </TPX>
      </Extensions>
     </Trackpoint>
     <Trackpoint>
      <Time>2026-08-08T11:16:35Z</Time>
      <Position>
       <LatitudeDegrees>5.2344450</LatitudeDegrees>
       <LongitudeDegrees>100.4394520</LongitudeDegrees>
      </Position>
      <AltitudeMeters>5.2</AltitudeMeters>
      <DistanceMeters>2123.7</DistanceMeters>
      <HeartRateBpm>
       <Value>168</Value>
      </HeartRateBpm>
      <Extensions>
       <TPX xmlns="http://www.garmin.com/xmlschemas/ActivityExtension/v2">
        <Speed>2.9</Speed>
       </TPX>
      </Extensions>
     </Trackpoint>
     <Trackpoint>
      <Time>2026-08-08T11:16:36Z</Time>
      <Position>
       <LatitudeDegrees>5.2344340</LatitudeDegrees>
       <LongitudeDegrees>100.4394290</LongitudeDegrees>
      </Position>
      <AltitudeMeters>5.2</AltitudeMeters>
      <DistanceMeters>2126.6</DistanceMeters>
      <HeartRateBpm>
       <Value>166</Value>
      </HeartRateBpm>
      <Extensions>
       <TPX xmlns="http://www.garmin.com/xmlschemas/ActivityExtension/v2">
        <Speed>2.9</Speed>
       </TPX>
      </Extensions>
     </Trackpoint>
     <Trackpoint>
      <Time>2026-08-08T11:16:37Z</Time>
      <Position>
       <LatitudeDegrees>5.2344260</LatitudeDegrees>
       <LongitudeDegrees>100.4394040</LongitudeDegrees>
      </Position>
      <AltitudeMeters>5.2</AltitudeMeters>
      <DistanceMeters>2129.5</DistanceMeters>
      <HeartRateBpm>
       <Value>166</Value>
      </HeartRateBpm>
      <Extensions>
       <TPX xmlns="http://www.garmin.com/xmlschemas/ActivityExtension/v2">
        <Speed>2.9</Speed>
       </TPX>
      </Extensions>
     </Trackpoint>
     <Trackpoint>
      <Time>2026-08-08T11:16:38Z</Time>
      <Position>
       <LatitudeDegrees>5.2344230</LatitudeDegrees>
       <LongitudeDegrees>100.4393790</LongitudeDegrees>
      </Position>
      <AltitudeMeters>5.2</AltitudeMeters>
      <DistanceMeters>2132.3</DistanceMeters>
      <HeartRateBpm>
       <Value>166</Value>
      </HeartRateBpm>
      <Extensions>
       <TPX xmlns="http://www.garmin.com/xmlschemas/ActivityExtension/v2">
        <Speed>2.8</Speed>
       </TPX>
      </Extensions>
     </Trackpoint>
     <Trackpoint>
      <Time>2026-08-08T11:16:39Z</Time>
      <Position>
       <LatitudeDegrees>5.2344200</LatitudeDegrees>
       <LongitudeDegrees>100.4393540</LongitudeDegrees>
      </Position>
      <AltitudeMeters>5.2</AltitudeMeters>
      <DistanceMeters>2135.0</DistanceMeters>
      <HeartRateBpm>
       <Value>167</Value>
      </HeartRateBpm>
      <Extensions>
       <TPX xmlns="http://www.garmin.com/xmlschemas/ActivityExtension/v2">
        <Speed>2.8</Speed>
       </TPX>
      </Extensions>
     </Trackpoint>
     <Trackpoint>
      <Time>2026-08-08T11:16:40Z</Time>
      <Position>
       <LatitudeDegrees>5.2344140</LatitudeDegrees>
       <LongitudeDegrees>100.4393310</LongitudeDegrees>
      </Position>
      <AltitudeMeters>5.2</AltitudeMeters>
      <DistanceMeters>2137.6</DistanceMeters>
      <HeartRateBpm>
       <Value>166</Value>
      </HeartRateBpm>
      <Extensions>
       <TPX xmlns="http://www.garmin.com/xmlschemas/ActivityExtension/v2">
        <Speed>2.8</Speed>
       </TPX>
      </Extensions>
     </Trackpoint>
     <Trackpoint>
      <Time>2026-08-08T11:16:41Z</Time>
      <Position>
       <LatitudeDegrees>5.2344110</LatitudeDegrees>
       <LongitudeDegrees>100.4393090</LongitudeDegrees>
      </Position>
      <AltitudeMeters>5.2</AltitudeMeters>
      <DistanceMeters>2140.1</DistanceMeters>
      <HeartRateBpm>
       <Value>165</Value>
      </HeartRateBpm>
      <Extensions>
       <TPX xmlns="http://www.garmin.com/xmlschemas/ActivityExtension/v2">
        <Speed>2.7</Speed>
       </TPX>
      </Extensions>
     </Trackpoint>
     <Trackpoint>
      <Time>2026-08-08T11:16:42Z</Time>
      <Position>
       <LatitudeDegrees>5.2344080</LatitudeDegrees>
       <LongitudeDegrees>100.4392890</LongitudeDegrees>
      </Position>
      <AltitudeMeters>5.2</AltitudeMeters>
      <DistanceMeters>2142.3</DistanceMeters>
      <HeartRateBpm>
       <Value>166</Value>
      </HeartRateBpm>
      <Extensions>
       <TPX xmlns="http://www.garmin.com/xmlschemas/ActivityExtension/v2">
        <Speed>2.6</Speed>
       </TPX>
      </Extensions>
     </Trackpoint>
     <Trackpoint>
      <Time>2026-08-08T11:16:43Z</Time>
      <Position>
       <LatitudeDegrees>5.2344040</LatitudeDegrees>
       <LongitudeDegrees>100.4392690</LongitudeDegrees>
      </Position>
      <AltitudeMeters>5.2</AltitudeMeters>
      <DistanceMeters>2144.6</DistanceMeters>
      <HeartRateBpm>
       <Value>166</Value>
      </HeartRateBpm>
      <Extensions>
       <TPX xmlns="http://www.garmin.com/xmlschemas/ActivityExtension/v2">
        <Speed>2.5</Speed>
       </TPX>
      </Extensions>
     </Trackpoint>
     <Trackpoint>
      <Time>2026-08-08T11:16:44Z</Time>
      <Position>
       <LatitudeDegrees>5.2344000</LatitudeDegrees>
       <LongitudeDegrees>100.4392470</LongitudeDegrees>
      </Position>
      <AltitudeMeters>5.2</AltitudeMeters>
      <DistanceMeters>2147.1</DistanceMeters>
      <HeartRateBpm>
       <Value>166</Value>
      </HeartRateBpm>
      <Extensions>
       <TPX xmlns="http://www.garmin.com/xmlschemas/ActivityExtension/v2">
        <Speed>2.4</Speed>
       </TPX>
      </Extensions>
     </Trackpoint>
     <Trackpoint>
      <Time>2026-08-08T11:16:45Z</Time>
      <Position>
       <LatitudeDegrees>5.2343970</LatitudeDegrees>
       <LongitudeDegrees>100.4392210</LongitudeDegrees>
      </Position>
      <AltitudeMeters>5.2</AltitudeMeters>
      <DistanceMeters>2149.9</DistanceMeters>
      <HeartRateBpm>
       <Value>166</Value>
      </HeartRateBpm>
      <Extensions>
       <TPX xmlns="http://www.garmin.com/xmlschemas/ActivityExtension/v2">
        <Speed>2.5</Speed>
       </TPX>
      </Extensions>
     </Trackpoint>
     <Trackpoint>
      <Time>2026-08-08T11:16:46Z</Time>
      <Position>
       <LatitudeDegrees>5.2343920</LatitudeDegrees>
       <LongitudeDegrees>100.4391920</LongitudeDegrees>
      </Position>
      <AltitudeMeters>5.2</AltitudeMeters>
      <DistanceMeters>2153.1</DistanceMeters>
      <HeartRateBpm>
       <Value>165</Value>
      </HeartRateBpm>
      <Extensions>
       <TPX xmlns="http://www.garmin.com/xmlschemas/ActivityExtension/v2">
        <Speed>2.6</Speed>
       </TPX>
      </Extensions>
     </Trackpoint>
     <Trackpoint>
      <Time>2026-08-08T11:16:47Z</Time>
      <Position>
       <LatitudeDegrees>5.2343850</LatitudeDegrees>
       <LongitudeDegrees>100.4391680</LongitudeDegrees>
      </Position>
      <AltitudeMeters>5.2</AltitudeMeters>
      <DistanceMeters>2155.7</DistanceMeters>
      <HeartRateBpm>
       <Value>165</Value>
      </HeartRateBpm>
      <Extensions>
       <TPX xmlns="http://www.garmin.com/xmlschemas/ActivityExtension/v2">
        <Speed>2.7</Speed>
       </TPX>
      </Extensions>
     </Trackpoint>
     <Trackpoint>
      <Time>2026-08-08T11:16:48Z</Time>
      <Position>
       <LatitudeDegrees>5.2343730</LatitudeDegrees>
       <LongitudeDegrees>100.4391610</LongitudeDegrees>
      </Position>
      <AltitudeMeters>5.2</AltitudeMeters>
      <DistanceMeters>2157.2</DistanceMeters>
      <HeartRateBpm>
       <Value>164</Value>
      </HeartRateBpm>
      <Extensions>
       <TPX xmlns="http://www.garmin.com/xmlschemas/ActivityExtension/v2">
        <Speed>2.5</Speed>
       </TPX>
      </Extensions>
     </Trackpoint>
     <Trackpoint>
      <Time>2026-08-08T11:16:49Z</Time>
      <Position>
       <LatitudeDegrees>5.2343670</LatitudeDegrees>
       <LongitudeDegrees>100.4391530</LongitudeDegrees>
      </Position>
      <AltitudeMeters>5.2</AltitudeMeters>
      <DistanceMeters>2158.3</DistanceMeters>
      <HeartRateBpm>
       <Value>162</Value>
      </HeartRateBpm>
      <Extensions>
       <TPX xmlns="http://www.garmin.com/xmlschemas/ActivityExtension/v2">
        <Speed>2.2</Speed>
       </TPX>
      </Extensions>
     </Trackpoint>
     <Trackpoint>
      <Time>2026-08-08T11:16:50Z</Time>
      <Position>
       <LatitudeDegrees>5.2343580</LatitudeDegrees>
       <LongitudeDegrees>100.4391220</LongitudeDegrees>
      </Position>
      <AltitudeMeters>5.2</AltitudeMeters>
      <DistanceMeters>2161.9</DistanceMeters>
      <HeartRateBpm>
       <Value>161</Value>
      </HeartRateBpm>
      <Extensions>
       <TPX xmlns="http://www.garmin.com/xmlschemas/ActivityExtension/v2">
        <Speed>2.4</Speed>
       </TPX>
      </Extensions>
     </Trackpoint>
     <Trackpoint>
      <Time>2026-08-08T11:16:51Z</Time>
      <Position>
       <LatitudeDegrees>5.2343490</LatitudeDegrees>
       <LongitudeDegrees>100.4390910</LongitudeDegrees>
      </Position>
      <AltitudeMeters>5.3</AltitudeMeters>
      <DistanceMeters>2165.4</DistanceMeters>
      <HeartRateBpm>
       <Value>161</Value>
      </HeartRateBpm>
      <Extensions>
       <TPX xmlns="http://www.garmin.com/xmlschemas/ActivityExtension/v2">
        <Speed>2.5</Speed>
       </TPX>
      </Extensions>
     </Trackpoint>
     <Trackpoint>
      <Time>2026-08-08T11:16:52Z</Time>
      <Position>
       <LatitudeDegrees>5.2343460</LatitudeDegrees>
       <LongitudeDegrees>100.4390640</LongitudeDegrees>
      </Position>
      <AltitudeMeters>5.3</AltitudeMeters>
      <DistanceMeters>2168.5</DistanceMeters>
      <HeartRateBpm>
       <Value>161</Value>
      </HeartRateBpm>
      <Extensions>
       <TPX xmlns="http://www.garmin.com/xmlschemas/ActivityExtension/v2">
        <Speed>2.6</Speed>
       </TPX>
      </Extensions>
     </Trackpoint>
     <Trackpoint>
      <Time>2026-08-08T11:16:53Z</Time>
      <Position>
       <LatitudeDegrees>5.2343450</LatitudeDegrees>
       <LongitudeDegrees>100.4390290</LongitudeDegrees>
      </Position>
      <AltitudeMeters>5.3</AltitudeMeters>
      <DistanceMeters>2172.3</DistanceMeters>
      <HeartRateBpm>
       <Value>161</Value>
      </HeartRateBpm>
      <Extensions>
       <TPX xmlns="http://www.garmin.com/xmlschemas/ActivityExtension/v2">
        <Speed>3.0</Speed>
       </TPX>
      </Extensions>
     </Trackpoint>
     <Trackpoint>
      <Time>2026-08-08T11:16:54Z</Time>
      <Position>
       <LatitudeDegrees>5.2343410</LatitudeDegrees>
       <LongitudeDegrees>100.4390020</LongitudeDegrees>
      </Position>
      <AltitudeMeters>5.3</AltitudeMeters>
      <DistanceMeters>2175.3</DistanceMeters>
      <HeartRateBpm>
       <Value>160</Value>
      </HeartRateBpm>
      <Extensions>
       <TPX xmlns="http://www.garmin.com/xmlschemas/ActivityExtension/v2">
        <Speed>3.4</Speed>
       </TPX>
      </Extensions>
     </Trackpoint>
     <Trackpoint>
      <Time>2026-08-08T11:16:55Z</Time>
      <Position>
       <LatitudeDegrees>5.2343350</LatitudeDegrees>
       <LongitudeDegrees>100.4389780</LongitudeDegrees>
      </Position>
      <AltitudeMeters>5.3</AltitudeMeters>
      <DistanceMeters>2178.0</DistanceMeters>
      <HeartRateBpm>
       <Value>160</Value>
      </HeartRateBpm>
      <Extensions>
       <TPX xmlns="http://www.garmin.com/xmlschemas/ActivityExtension/v2">
        <Speed>3.2</Speed>
       </TPX>
      </Extensions>
     </Trackpoint>
     <Trackpoint>
      <Time>2026-08-08T11:16:56Z</Time>
      <Position>
       <LatitudeDegrees>5.2343310</LatitudeDegrees>
       <LongitudeDegrees>100.4389570</LongitudeDegrees>
      </Position>
      <AltitudeMeters>5.3</AltitudeMeters>
      <DistanceMeters>2180.4</DistanceMeters>
      <HeartRateBpm>
       <Value>160</Value>
      </HeartRateBpm>
      <Extensions>
       <TPX xmlns="http://www.garmin.com/xmlschemas/ActivityExtension/v2">
        <Speed>3.0</Speed>
       </TPX>
      </Extensions>
     </Trackpoint>
     <Trackpoint>
      <Time>2026-08-08T11:16:57Z</Time>
      <Position>
       <LatitudeDegrees>5.2343270</LatitudeDegrees>
       <LongitudeDegrees>100.4389350</LongitudeDegrees>
      </Position>
      <AltitudeMeters>5.3</AltitudeMeters>
      <DistanceMeters>2182.9</DistanceMeters>
      <HeartRateBpm>
       <Value>160</Value>
      </HeartRateBpm>
      <Extensions>
       <TPX xmlns="http://www.garmin.com/xmlschemas/ActivityExtension/v2">
        <Speed>2.9</Speed>
       </TPX>
      </Extensions>
     </Trackpoint>
     <Trackpoint>
      <Time>2026-08-08T11:16:58Z</Time>
      <Position>
       <LatitudeDegrees>5.2343240</LatitudeDegrees>
       <LongitudeDegrees>100.4389140</LongitudeDegrees>
      </Position>
      <AltitudeMeters>5.3</AltitudeMeters>
      <DistanceMeters>2185.3</DistanceMeters>
      <HeartRateBpm>
       <Value>160</Value>
      </HeartRateBpm>
      <Extensions>
       <TPX xmlns="http://www.garmin.com/xmlschemas/ActivityExtension/v2">
        <Speed>2.6</Speed>
       </TPX>
      </Extensions>
     </Trackpoint>
     <Trackpoint>
      <Time>2026-08-08T11:16:59Z</Time>
      <Position>
       <LatitudeDegrees>5.2343220</LatitudeDegrees>
       <LongitudeDegrees>100.4388890</LongitudeDegrees>
      </Position>
      <AltitudeMeters>5.3</AltitudeMeters>
      <DistanceMeters>2188.1</DistanceMeters>
      <HeartRateBpm>
       <Value>160</Value>
      </HeartRateBpm>
      <Extensions>
       <TPX xmlns="http://www.garmin.com/xmlschemas/ActivityExtension/v2">
        <Speed>2.6</Speed>
       </TPX>
      </Extensions>
     </Trackpoint>
     <Trackpoint>
      <Time>2026-08-08T11:17:00Z</Time>
      <Position>
       <LatitudeDegrees>5.2343200</LatitudeDegrees>
       <LongitudeDegrees>100.4388670</LongitudeDegrees>
      </Position>
      <AltitudeMeters>5.3</AltitudeMeters>
      <DistanceMeters>2190.5</DistanceMeters>
      <HeartRateBpm>
       <Value>161</Value>
      </HeartRateBpm>
      <Extensions>
       <TPX xmlns="http://www.garmin.com/xmlschemas/ActivityExtension/v2">
        <Speed>2.5</Speed>
       </TPX>
      </Extensions>
     </Trackpoint>
     <Trackpoint>
      <Time>2026-08-08T11:17:01Z</Time>
      <Position>
       <LatitudeDegrees>5.2343110</LatitudeDegrees>
       <LongitudeDegrees>100.4388430</LongitudeDegrees>
      </Position>
      <AltitudeMeters>5.3</AltitudeMeters>
      <DistanceMeters>2193.3</DistanceMeters>
      <HeartRateBpm>
       <Value>161</Value>
      </HeartRateBpm>
      <Extensions>
       <TPX xmlns="http://www.garmin.com/xmlschemas/ActivityExtension/v2">
        <Speed>2.6</Speed>
       </TPX>
      </Extensions>
     </Trackpoint>
     <Trackpoint>
      <Time>2026-08-08T11:17:02Z</Time>
      <Position>
       <LatitudeDegrees>5.2343040</LatitudeDegrees>
       <LongitudeDegrees>100.4388190</LongitudeDegrees>
      </Position>
      <AltitudeMeters>5.3</AltitudeMeters>
      <DistanceMeters>2196.1</DistanceMeters>
      <HeartRateBpm>
       <Value>161</Value>
      </HeartRateBpm>
      <Extensions>
       <TPX xmlns="http://www.garmin.com/xmlschemas/ActivityExtension/v2">
        <Speed>2.6</Speed>
       </TPX>
      </Extensions>
     </Trackpoint>
     <Trackpoint>
      <Time>2026-08-08T11:17:03Z</Time>
      <Position>
       <LatitudeDegrees>5.2342970</LatitudeDegrees>
       <LongitudeDegrees>100.4387960</LongitudeDegrees>
      </Position>
      <AltitudeMeters>5.3</AltitudeMeters>
      <DistanceMeters>2198.8</DistanceMeters>
      <HeartRateBpm>
       <Value>161</Value>
      </HeartRateBpm>
      <Extensions>
       <TPX xmlns="http://www.garmin.com/xmlschemas/ActivityExtension/v2">
        <Speed>2.7</Speed>
       </TPX>
      </Extensions>
     </Trackpoint>
     <Trackpoint>
      <Time>2026-08-08T11:17:04Z</Time>
      <Position>
       <LatitudeDegrees>5.2342910</LatitudeDegrees>
       <LongitudeDegrees>100.4387750</LongitudeDegrees>
      </Position>
      <AltitudeMeters>5.3</AltitudeMeters>
      <DistanceMeters>2201.2</DistanceMeters>
      <HeartRateBpm>
       <Value>161</Value>
      </HeartRateBpm>
      <Extensions>
       <TPX xmlns="http://www.garmin.com/xmlschemas/ActivityExtension/v2">
        <Speed>2.6</Speed>
       </TPX>
      </Extensions>
     </Trackpoint>
     <Trackpoint>
      <Time>2026-08-08T11:17:05Z</Time>
      <Position>
       <LatitudeDegrees>5.2342840</LatitudeDegrees>
       <LongitudeDegrees>100.4387530</LongitudeDegrees>
      </Position>
      <AltitudeMeters>5.3</AltitudeMeters>
      <DistanceMeters>2203.7</DistanceMeters>
      <HeartRateBpm>
       <Value>160</Value>
      </HeartRateBpm>
      <Extensions>
       <TPX xmlns="http://www.garmin.com/xmlschemas/ActivityExtension/v2">
        <Speed>2.6</Speed>
       </TPX>
      </Extensions>
     </Trackpoint>
     <Trackpoint>
      <Time>2026-08-08T11:17:06Z</Time>
      <Position>
       <LatitudeDegrees>5.2342730</LatitudeDegrees>
       <LongitudeDegrees>100.4387330</LongitudeDegrees>
      </Position>
      <AltitudeMeters>5.3</AltitudeMeters>
      <DistanceMeters>2206.2</DistanceMeters>
      <HeartRateBpm>
       <Value>160</Value>
      </HeartRateBpm>
      <Extensions>
       <TPX xmlns="http://www.garmin.com/xmlschemas/ActivityExtension/v2">
        <Speed>2.6</Speed>
       </TPX>
      </Extensions>
     </Trackpoint>
     <Trackpoint>
      <Time>2026-08-08T11:17:07Z</Time>
      <Position>
       <LatitudeDegrees>5.2342600</LatitudeDegrees>
       <LongitudeDegrees>100.4387150</LongitudeDegrees>
      </Position>
      <AltitudeMeters>5.3</AltitudeMeters>
      <DistanceMeters>2208.7</DistanceMeters>
      <HeartRateBpm>
       <Value>160</Value>
      </HeartRateBpm>
      <Extensions>
       <TPX xmlns="http://www.garmin.com/xmlschemas/ActivityExtension/v2">
        <Speed>2.5</Speed>
       </TPX>
      </Extensions>
     </Trackpoint>
     <Trackpoint>
      <Time>2026-08-08T11:17:08Z</Time>
      <Position>
       <LatitudeDegrees>5.2342490</LatitudeDegrees>
       <LongitudeDegrees>100.4386940</LongitudeDegrees>
      </Position>
      <AltitudeMeters>5.2</AltitudeMeters>
      <DistanceMeters>2211.3</DistanceMeters>
      <HeartRateBpm>
       <Value>160</Value>
      </HeartRateBpm>
      <Extensions>
       <TPX xmlns="http://www.garmin.com/xmlschemas/ActivityExtension/v2">
        <Speed>2.5</Speed>
       </TPX>
      </Extensions>
     </Trackpoint>
     <Trackpoint>
      <Time>2026-08-08T11:17:09Z</Time>
      <Position>
       <LatitudeDegrees>5.2342430</LatitudeDegrees>
       <LongitudeDegrees>100.4386720</LongitudeDegrees>
      </Position>
      <AltitudeMeters>5.2</AltitudeMeters>
      <DistanceMeters>2213.8</DistanceMeters>
      <HeartRateBpm>
       <Value>160</Value>
      </HeartRateBpm>
      <Extensions>
       <TPX xmlns="http://www.garmin.com/xmlschemas/ActivityExtension/v2">
        <Speed>2.5</Speed>
       </TPX>
      </Extensions>
     </Trackpoint>
     <Trackpoint>
      <Time>2026-08-08T11:17:10Z</Time>
      <Position>
       <LatitudeDegrees>5.2342360</LatitudeDegrees>
       <LongitudeDegrees>100.4386500</LongitudeDegrees>
      </Position>
      <AltitudeMeters>5.2</AltitudeMeters>
      <DistanceMeters>2216.4</DistanceMeters>
      <HeartRateBpm>
       <Value>160</Value>
      </HeartRateBpm>
      <Extensions>
       <TPX xmlns="http://www.garmin.com/xmlschemas/ActivityExtension/v2">
        <Speed>2.5</Speed>
       </TPX>
      </Extensions>
     </Trackpoint>
     <Trackpoint>
      <Time>2026-08-08T11:17:11Z</Time>
      <Position>
       <LatitudeDegrees>5.2342310</LatitudeDegrees>
       <LongitudeDegrees>100.4386260</LongitudeDegrees>
      </Position>
      <AltitudeMeters>5.2</AltitudeMeters>
      <DistanceMeters>2219.1</DistanceMeters>
      <HeartRateBpm>
       <Value>161</Value>
      </HeartRateBpm>
      <Extensions>
       <TPX xmlns="http://www.garmin.com/xmlschemas/ActivityExtension/v2">
        <Speed>2.6</Speed>
       </TPX>
      </Extensions>
     </Trackpoint>
     <Trackpoint>
      <Time>2026-08-08T11:17:12Z</Time>
      <Position>
       <LatitudeDegrees>5.2342290</LatitudeDegrees>
       <LongitudeDegrees>100.4386000</LongitudeDegrees>
      </Position>
      <AltitudeMeters>5.2</AltitudeMeters>
      <DistanceMeters>2222.0</DistanceMeters>
      <HeartRateBpm>
       <Value>160</Value>
      </HeartRateBpm>
      <Extensions>
       <TPX xmlns="http://www.garmin.com/xmlschemas/ActivityExtension/v2">
        <Speed>2.7</Speed>
       </TPX>
      </Extensions>
     </Trackpoint>
     <Trackpoint>
      <Time>2026-08-08T11:17:13Z</Time>
      <Position>
       <LatitudeDegrees>5.2342230</LatitudeDegrees>
       <LongitudeDegrees>100.4385780</LongitudeDegrees>
      </Position>
      <AltitudeMeters>5.2</AltitudeMeters>
      <DistanceMeters>2224.5</DistanceMeters>
      <HeartRateBpm>
       <Value>160</Value>
      </HeartRateBpm>
      <Extensions>
       <TPX xmlns="http://www.garmin.com/xmlschemas/ActivityExtension/v2">
        <Speed>2.6</Speed>
       </TPX>
      </Extensions>
     </Trackpoint>
     <Trackpoint>
      <Time>2026-08-08T11:17:14Z</Time>
      <Position>
       <LatitudeDegrees>5.2342220</LatitudeDegrees>
       <LongitudeDegrees>100.4385490</LongitudeDegrees>
      </Position>
      <AltitudeMeters>5.2</AltitudeMeters>
      <DistanceMeters>2227.7</DistanceMeters>
      <HeartRateBpm>
       <Value>160</Value>
      </HeartRateBpm>
      <Extensions>
       <TPX xmlns="http://www.garmin.com/xmlschemas/ActivityExtension/v2">
        <Speed>2.8</Speed>
       </TPX>
      </Extensions>
     </Trackpoint>
     <Trackpoint>
      <Time>2026-08-08T11:17:15Z</Time>
      <Position>
       <LatitudeDegrees>5.2342210</LatitudeDegrees>
       <LongitudeDegrees>100.4385210</LongitudeDegrees>
      </Position>
      <AltitudeMeters>5.2</AltitudeMeters>
      <DistanceMeters>2230.7</DistanceMeters>
      <HeartRateBpm>
       <Value>159</Value>
      </HeartRateBpm>
      <Extensions>
       <TPX xmlns="http://www.garmin.com/xmlschemas/ActivityExtension/v2">
        <Speed>2.9</Speed>
       </TPX>
      </Extensions>
     </Trackpoint>
     <Trackpoint>
      <Time>2026-08-08T11:17:16Z</Time>
      <Position>
       <LatitudeDegrees>5.2342200</LatitudeDegrees>
       <LongitudeDegrees>100.4384940</LongitudeDegrees>
      </Position>
      <AltitudeMeters>5.2</AltitudeMeters>
      <DistanceMeters>2233.8</DistanceMeters>
      <HeartRateBpm>
       <Value>159</Value>
      </HeartRateBpm>
      <Extensions>
       <TPX xmlns="http://www.garmin.com/xmlschemas/ActivityExtension/v2">
        <Speed>2.9</Speed>
       </TPX>
      </Extensions>
     </Trackpoint>
     <Trackpoint>
      <Time>2026-08-08T11:17:17Z</Time>
      <Position>
       <LatitudeDegrees>5.2342180</LatitudeDegrees>
       <LongitudeDegrees>100.4384700</LongitudeDegrees>
      </Position>
      <AltitudeMeters>5.2</AltitudeMeters>
      <DistanceMeters>2236.5</DistanceMeters>
      <HeartRateBpm>
       <Value>158</Value>
      </HeartRateBpm>
      <Extensions>
       <TPX xmlns="http://www.garmin.com/xmlschemas/ActivityExtension/v2">
        <Speed>2.9</Speed>
       </TPX>
      </Extensions>
     </Trackpoint>
     <Trackpoint>
      <Time>2026-08-08T11:17:18Z</Time>
      <Position>
       <LatitudeDegrees>5.2342170</LatitudeDegrees>
       <LongitudeDegrees>100.4384410</LongitudeDegrees>
      </Position>
      <AltitudeMeters>5.3</AltitudeMeters>
      <DistanceMeters>2239.7</DistanceMeters>
      <HeartRateBpm>
       <Value>159</Value>
      </HeartRateBpm>
      <Extensions>
       <TPX xmlns="http://www.garmin.com/xmlschemas/ActivityExtension/v2">
        <Speed>3.0</Speed>
       </TPX>
      </Extensions>
     </Trackpoint>
     <Trackpoint>
      <Time>2026-08-08T11:17:19Z</Time>
      <Position>
       <LatitudeDegrees>5.2342170</LatitudeDegrees>
       <LongitudeDegrees>100.4384170</LongitudeDegrees>
      </Position>
      <AltitudeMeters>5.3</AltitudeMeters>
      <DistanceMeters>2242.3</DistanceMeters>
      <HeartRateBpm>
       <Value>159</Value>
      </HeartRateBpm>
      <Extensions>
       <TPX xmlns="http://www.garmin.com/xmlschemas/ActivityExtension/v2">
        <Speed>2.9</Speed>
       </TPX>
      </Extensions>
     </Trackpoint>
     <Trackpoint>
      <Time>2026-08-08T11:17:20Z</Time>
      <Position>
       <LatitudeDegrees>5.2342050</LatitudeDegrees>
       <LongitudeDegrees>100.4383970</LongitudeDegrees>
      </Position>
      <AltitudeMeters>5.3</AltitudeMeters>
      <DistanceMeters>2244.8</DistanceMeters>
      <HeartRateBpm>
       <Value>159</Value>
      </HeartRateBpm>
      <Extensions>
       <TPX xmlns="http://www.garmin.com/xmlschemas/ActivityExtension/v2">
        <Speed>2.8</Speed>
       </TPX>
      </Extensions>
     </Trackpoint>
     <Trackpoint>
      <Time>2026-08-08T11:17:21Z</Time>
      <Position>
       <LatitudeDegrees>5.2341880</LatitudeDegrees>
       <LongitudeDegrees>100.4383800</LongitudeDegrees>
      </Position>
      <AltitudeMeters>5.3</AltitudeMeters>
      <DistanceMeters>2247.4</DistanceMeters>
      <HeartRateBpm>
       <Value>159</Value>
      </HeartRateBpm>
      <Extensions>
       <TPX xmlns="http://www.garmin.com/xmlschemas/ActivityExtension/v2">
        <Speed>2.7</Speed>
       </TPX>
      </Extensions>
     </Trackpoint>
     <Trackpoint>
      <Time>2026-08-08T11:17:22Z</Time>
      <Position>
       <LatitudeDegrees>5.2341720</LatitudeDegrees>
       <LongitudeDegrees>100.4383550</LongitudeDegrees>
      </Position>
      <AltitudeMeters>5.3</AltitudeMeters>
      <DistanceMeters>2250.6</DistanceMeters>
      <HeartRateBpm>
       <Value>159</Value>
      </HeartRateBpm>
      <Extensions>
       <TPX xmlns="http://www.garmin.com/xmlschemas/ActivityExtension/v2">
        <Speed>2.8</Speed>
       </TPX>
      </Extensions>
     </Trackpoint>
     <Trackpoint>
      <Time>2026-08-08T11:17:23Z</Time>
      <Position>
       <LatitudeDegrees>5.2341630</LatitudeDegrees>
       <LongitudeDegrees>100.4383310</LongitudeDegrees>
      </Position>
      <AltitudeMeters>5.3</AltitudeMeters>
      <DistanceMeters>2253.5</DistanceMeters>
      <HeartRateBpm>
       <Value>158</Value>
      </HeartRateBpm>
      <Extensions>
       <TPX xmlns="http://www.garmin.com/xmlschemas/ActivityExtension/v2">
        <Speed>2.8</Speed>
       </TPX>
      </Extensions>
     </Trackpoint>
     <Trackpoint>
      <Time>2026-08-08T11:17:24Z</Time>
      <Position>
       <LatitudeDegrees>5.2341560</LatitudeDegrees>
       <LongitudeDegrees>100.4383070</LongitudeDegrees>
      </Position>
      <AltitudeMeters>5.3</AltitudeMeters>
      <DistanceMeters>2256.3</DistanceMeters>
      <HeartRateBpm>
       <Value>157</Value>
      </HeartRateBpm>
      <Extensions>
       <TPX xmlns="http://www.garmin.com/xmlschemas/ActivityExtension/v2">
        <Speed>2.8</Speed>
       </TPX>
      </Extensions>
     </Trackpoint>
     <Trackpoint>
      <Time>2026-08-08T11:17:25Z</Time>
      <Position>
       <LatitudeDegrees>5.2341500</LatitudeDegrees>
       <LongitudeDegrees>100.4382830</LongitudeDegrees>
      </Position>
      <AltitudeMeters>5.3</AltitudeMeters>
      <DistanceMeters>2259.0</DistanceMeters>
      <HeartRateBpm>
       <Value>157</Value>
      </HeartRateBpm>
      <Extensions>
       <TPX xmlns="http://www.garmin.com/xmlschemas/ActivityExtension/v2">
        <Speed>2.8</Speed>
       </TPX>
      </Extensions>
     </Trackpoint>
     <Trackpoint>
      <Time>2026-08-08T11:17:26Z</Time>
      <Position>
       <LatitudeDegrees>5.2341420</LatitudeDegrees>
       <LongitudeDegrees>100.4382620</LongitudeDegrees>
      </Position>
      <AltitudeMeters>5.3</AltitudeMeters>
      <DistanceMeters>2261.5</DistanceMeters>
      <HeartRateBpm>
       <Value>157</Value>
      </HeartRateBpm>
      <Extensions>
       <TPX xmlns="http://www.garmin.com/xmlschemas/ActivityExtension/v2">
        <Speed>2.8</Speed>
       </TPX>
      </Extensions>
     </Trackpoint>
     <Trackpoint>
      <Time>2026-08-08T11:17:27Z</Time>
      <Position>
       <LatitudeDegrees>5.2341420</LatitudeDegrees>
       <LongitudeDegrees>100.4382340</LongitudeDegrees>
      </Position>
      <AltitudeMeters>5.3</AltitudeMeters>
      <DistanceMeters>2264.5</DistanceMeters>
      <HeartRateBpm>
       <Value>157</Value>
      </HeartRateBpm>
      <Extensions>
       <TPX xmlns="http://www.garmin.com/xmlschemas/ActivityExtension/v2">
        <Speed>2.8</Speed>
       </TPX>
      </Extensions>
     </Trackpoint>
     <Trackpoint>
      <Time>2026-08-08T11:17:28Z</Time>
      <Position>
       <LatitudeDegrees>5.2341390</LatitudeDegrees>
       <LongitudeDegrees>100.4382090</LongitudeDegrees>
      </Position>
      <AltitudeMeters>5.3</AltitudeMeters>
      <DistanceMeters>2267.3</DistanceMeters>
      <HeartRateBpm>
       <Value>157</Value>
      </HeartRateBpm>
      <Extensions>
       <TPX xmlns="http://www.garmin.com/xmlschemas/ActivityExtension/v2">
        <Speed>2.8</Speed>
       </TPX>
      </Extensions>
     </Trackpoint>
     <Trackpoint>
      <Time>2026-08-08T11:17:29Z</Time>
      <Position>
       <LatitudeDegrees>5.2341350</LatitudeDegrees>
       <LongitudeDegrees>100.4381840</LongitudeDegrees>
      </Position>
      <AltitudeMeters>5.3</AltitudeMeters>
      <DistanceMeters>2270.1</DistanceMeters>
      <HeartRateBpm>
       <Value>158</Value>
      </HeartRateBpm>
      <Extensions>
       <TPX xmlns="http://www.garmin.com/xmlschemas/ActivityExtension/v2">
        <Speed>2.8</Speed>
       </TPX>
      </Extensions>
     </Trackpoint>
     <Trackpoint>
      <Time>2026-08-08T11:17:30Z</Time>
      <Position>
       <LatitudeDegrees>5.2341300</LatitudeDegrees>
       <LongitudeDegrees>100.4381610</LongitudeDegrees>
      </Position>
      <AltitudeMeters>5.3</AltitudeMeters>
      <DistanceMeters>2272.7</DistanceMeters>
      <HeartRateBpm>
       <Value>158</Value>
      </HeartRateBpm>
      <Extensions>
       <TPX xmlns="http://www.garmin.com/xmlschemas/ActivityExtension/v2">
        <Speed>2.7</Speed>
       </TPX>
      </Extensions>
     </Trackpoint>
     <Trackpoint>
      <Time>2026-08-08T11:17:31Z</Time>
      <Position>
       <LatitudeDegrees>5.2341230</LatitudeDegrees>
       <LongitudeDegrees>100.4381380</LongitudeDegrees>
      </Position>
      <AltitudeMeters>5.3</AltitudeMeters>
      <DistanceMeters>2275.4</DistanceMeters>
      <HeartRateBpm>
       <Value>159</Value>
      </HeartRateBpm>
      <Extensions>
       <TPX xmlns="http://www.garmin.com/xmlschemas/ActivityExtension/v2">
        <Speed>2.8</Speed>
       </TPX>
      </Extensions>
     </Trackpoint>
     <Trackpoint>
      <Time>2026-08-08T11:17:32Z</Time>
      <Position>
       <LatitudeDegrees>5.2341240</LatitudeDegrees>
       <LongitudeDegrees>100.4381320</LongitudeDegrees>
      </Position>
      <AltitudeMeters>5.3</AltitudeMeters>
      <DistanceMeters>2275.4</DistanceMeters>
      <HeartRateBpm>
       <Value>159</Value>
      </HeartRateBpm>
      <Extensions>
       <TPX xmlns="http://www.garmin.com/xmlschemas/ActivityExtension/v2">
        <Speed>2.2</Speed>
       </TPX>
      </Extensions>
     </Trackpoint>
     <Trackpoint>
      <Time>2026-08-08T11:17:33Z</Time>
      <Position>
       <LatitudeDegrees>5.2341180</LatitudeDegrees>
       <LongitudeDegrees>100.4381040</LongitudeDegrees>
      </Position>
      <AltitudeMeters>5.3</AltitudeMeters>
      <DistanceMeters>2279.2</DistanceMeters>
      <HeartRateBpm>
       <Value>158</Value>
      </HeartRateBpm>
      <Extensions>
       <TPX xmlns="http://www.garmin.com/xmlschemas/ActivityExtension/v2">
        <Speed>2.4</Speed>
       </TPX>
      </Extensions>
     </Trackpoint>
     <Trackpoint>
      <Time>2026-08-08T11:17:34Z</Time>
      <Position>
       <LatitudeDegrees>5.2341060</LatitudeDegrees>
       <LongitudeDegrees>100.4380750</LongitudeDegrees>
      </Position>
      <AltitudeMeters>5.3</AltitudeMeters>
      <DistanceMeters>2282.7</DistanceMeters>
      <HeartRateBpm>
       <Value>158</Value>
      </HeartRateBpm>
      <Extensions>
       <TPX xmlns="http://www.garmin.com/xmlschemas/ActivityExtension/v2">
        <Speed>2.5</Speed>
       </TPX>
      </Extensions>
     </Trackpoint>
     <Trackpoint>
      <Time>2026-08-08T11:17:35Z</Time>
      <Position>
       <LatitudeDegrees>5.2340930</LatitudeDegrees>
       <LongitudeDegrees>100.4380510</LongitudeDegrees>
      </Position>
      <AltitudeMeters>5.3</AltitudeMeters>
      <DistanceMeters>2285.7</DistanceMeters>
      <HeartRateBpm>
       <Value>158</Value>
      </HeartRateBpm>
      <Extensions>
       <TPX xmlns="http://www.garmin.com/xmlschemas/ActivityExtension/v2">
        <Speed>2.6</Speed>
       </TPX>
      </Extensions>
     </Trackpoint>
     <Trackpoint>
      <Time>2026-08-08T11:17:36Z</Time>
      <Position>
       <LatitudeDegrees>5.2340810</LatitudeDegrees>
       <LongitudeDegrees>100.4380290</LongitudeDegrees>
      </Position>
      <AltitudeMeters>5.3</AltitudeMeters>
      <DistanceMeters>2288.5</DistanceMeters>
      <HeartRateBpm>
       <Value>158</Value>
      </HeartRateBpm>
      <Extensions>
       <TPX xmlns="http://www.garmin.com/xmlschemas/ActivityExtension/v2">
        <Speed>2.6</Speed>
       </TPX>
      </Extensions>
     </Trackpoint>
     <Trackpoint>
      <Time>2026-08-08T11:17:37Z</Time>
      <Position>
       <LatitudeDegrees>5.2340720</LatitudeDegrees>
       <LongitudeDegrees>100.4380070</LongitudeDegrees>
      </Position>
      <AltitudeMeters>5.3</AltitudeMeters>
      <DistanceMeters>2291.1</DistanceMeters>
      <HeartRateBpm>
       <Value>159</Value>
      </HeartRateBpm>
      <Extensions>
       <TPX xmlns="http://www.garmin.com/xmlschemas/ActivityExtension/v2">
        <Speed>3.1</Speed>
       </TPX>
      </Extensions>
     </Trackpoint>
     <Trackpoint>
      <Time>2026-08-08T11:17:38Z</Time>
      <Position>
       <LatitudeDegrees>5.2340680</LatitudeDegrees>
       <LongitudeDegrees>100.4379830</LongitudeDegrees>
      </Position>
      <AltitudeMeters>5.3</AltitudeMeters>
      <DistanceMeters>2293.8</DistanceMeters>
      <HeartRateBpm>
       <Value>159</Value>
      </HeartRateBpm>
      <Extensions>
       <TPX xmlns="http://www.garmin.com/xmlschemas/ActivityExtension/v2">
        <Speed>2.9</Speed>
       </TPX>
      </Extensions>
     </Trackpoint>
     <Trackpoint>
      <Time>2026-08-08T11:17:39Z</Time>
      <Position>
       <LatitudeDegrees>5.2340660</LatitudeDegrees>
       <LongitudeDegrees>100.4379580</LongitudeDegrees>
      </Position>
      <AltitudeMeters>5.3</AltitudeMeters>
      <DistanceMeters>2296.6</DistanceMeters>
      <HeartRateBpm>
       <Value>159</Value>
      </HeartRateBpm>
      <Extensions>
       <TPX xmlns="http://www.garmin.com/xmlschemas/ActivityExtension/v2">
        <Speed>2.8</Speed>
       </TPX>
      </Extensions>
     </Trackpoint>
     <Trackpoint>
      <Time>2026-08-08T11:17:40Z</Time>
      <Position>
       <LatitudeDegrees>5.2340630</LatitudeDegrees>
       <LongitudeDegrees>100.4379350</LongitudeDegrees>
      </Position>
      <AltitudeMeters>5.3</AltitudeMeters>
      <DistanceMeters>2299.2</DistanceMeters>
      <HeartRateBpm>
       <Value>158</Value>
      </HeartRateBpm>
      <Extensions>
       <TPX xmlns="http://www.garmin.com/xmlschemas/ActivityExtension/v2">
        <Speed>2.7</Speed>
       </TPX>
      </Extensions>
     </Trackpoint>
     <Trackpoint>
      <Time>2026-08-08T11:17:41Z</Time>
      <Position>
       <LatitudeDegrees>5.2340580</LatitudeDegrees>
       <LongitudeDegrees>100.4379080</LongitudeDegrees>
      </Position>
      <AltitudeMeters>5.3</AltitudeMeters>
      <DistanceMeters>2302.2</DistanceMeters>
      <HeartRateBpm>
       <Value>157</Value>
      </HeartRateBpm>
      <Extensions>
       <TPX xmlns="http://www.garmin.com/xmlschemas/ActivityExtension/v2">
        <Speed>2.7</Speed>
       </TPX>
      </Extensions>
     </Trackpoint>
     <Trackpoint>
      <Time>2026-08-08T11:17:42Z</Time>
      <Position>
       <LatitudeDegrees>5.2340510</LatitudeDegrees>
       <LongitudeDegrees>100.4378870</LongitudeDegrees>
      </Position>
      <AltitudeMeters>5.3</AltitudeMeters>
      <DistanceMeters>2304.7</DistanceMeters>
      <HeartRateBpm>
       <Value>157</Value>
      </HeartRateBpm>
      <Extensions>
       <TPX xmlns="http://www.garmin.com/xmlschemas/ActivityExtension/v2">
        <Speed>2.7</Speed>
       </TPX>
      </Extensions>
     </Trackpoint>
     <Trackpoint>
      <Time>2026-08-08T11:17:43Z</Time>
      <Position>
       <LatitudeDegrees>5.2340430</LatitudeDegrees>
       <LongitudeDegrees>100.4378650</LongitudeDegrees>
      </Position>
      <AltitudeMeters>5.3</AltitudeMeters>
      <DistanceMeters>2307.3</DistanceMeters>
      <HeartRateBpm>
       <Value>157</Value>
      </HeartRateBpm>
      <Extensions>
       <TPX xmlns="http://www.garmin.com/xmlschemas/ActivityExtension/v2">
        <Speed>2.7</Speed>
       </TPX>
      </Extensions>
     </Trackpoint>
     <Trackpoint>
      <Time>2026-08-08T11:17:44Z</Time>
      <Position>
       <LatitudeDegrees>5.2340380</LatitudeDegrees>
       <LongitudeDegrees>100.4378410</LongitudeDegrees>
      </Position>
      <AltitudeMeters>5.3</AltitudeMeters>
      <DistanceMeters>2310.0</DistanceMeters>
      <HeartRateBpm>
       <Value>157</Value>
      </HeartRateBpm>
      <Extensions>
       <TPX xmlns="http://www.garmin.com/xmlschemas/ActivityExtension/v2">
        <Speed>2.7</Speed>
       </TPX>
      </Extensions>
     </Trackpoint>
     <Trackpoint>
      <Time>2026-08-08T11:17:45Z</Time>
      <Position>
       <LatitudeDegrees>5.2340340</LatitudeDegrees>
       <LongitudeDegrees>100.4378190</LongitudeDegrees>
      </Position>
      <AltitudeMeters>5.3</AltitudeMeters>
      <DistanceMeters>2312.5</DistanceMeters>
      <HeartRateBpm>
       <Value>158</Value>
      </HeartRateBpm>
      <Extensions>
       <TPX xmlns="http://www.garmin.com/xmlschemas/ActivityExtension/v2">
        <Speed>2.7</Speed>
       </TPX>
      </Extensions>
     </Trackpoint>
     <Trackpoint>
      <Time>2026-08-08T11:17:46Z</Time>
      <Position>
       <LatitudeDegrees>5.2340290</LatitudeDegrees>
       <LongitudeDegrees>100.4377950</LongitudeDegrees>
      </Position>
      <AltitudeMeters>5.3</AltitudeMeters>
      <DistanceMeters>2315.2</DistanceMeters>
      <HeartRateBpm>
       <Value>158</Value>
      </HeartRateBpm>
      <Extensions>
       <TPX xmlns="http://www.garmin.com/xmlschemas/ActivityExtension/v2">
        <Speed>2.6</Speed>
       </TPX>
      </Extensions>
     </Trackpoint>
     <Trackpoint>
      <Time>2026-08-08T11:17:47Z</Time>
      <Position>
       <LatitudeDegrees>5.2340250</LatitudeDegrees>
       <LongitudeDegrees>100.4377690</LongitudeDegrees>
      </Position>
      <AltitudeMeters>5.3</AltitudeMeters>
      <DistanceMeters>2318.0</DistanceMeters>
      <HeartRateBpm>
       <Value>157</Value>
      </HeartRateBpm>
      <Extensions>
       <TPX xmlns="http://www.garmin.com/xmlschemas/ActivityExtension/v2">
        <Speed>2.7</Speed>
       </TPX>
      </Extensions>
     </Trackpoint>
     <Trackpoint>
      <Time>2026-08-08T11:17:48Z</Time>
      <Position>
       <LatitudeDegrees>5.2340210</LatitudeDegrees>
       <LongitudeDegrees>100.4377430</LongitudeDegrees>
      </Position>
      <AltitudeMeters>5.3</AltitudeMeters>
      <DistanceMeters>2321.0</DistanceMeters>
      <HeartRateBpm>
       <Value>157</Value>
      </HeartRateBpm>
      <Extensions>
       <TPX xmlns="http://www.garmin.com/xmlschemas/ActivityExtension/v2">
        <Speed>2.7</Speed>
       </TPX>
      </Extensions>
     </Trackpoint>
     <Trackpoint>
      <Time>2026-08-08T11:17:49Z</Time>
      <Position>
       <LatitudeDegrees>5.2340180</LatitudeDegrees>
       <LongitudeDegrees>100.4377170</LongitudeDegrees>
      </Position>
      <AltitudeMeters>5.4</AltitudeMeters>
      <DistanceMeters>2323.9</DistanceMeters>
      <HeartRateBpm>
       <Value>157</Value>
      </HeartRateBpm>
      <Extensions>
       <TPX xmlns="http://www.garmin.com/xmlschemas/ActivityExtension/v2">
        <Speed>2.8</Speed>
       </TPX>
      </Extensions>
     </Trackpoint>
     <Trackpoint>
      <Time>2026-08-08T11:17:50Z</Time>
      <Position>
       <LatitudeDegrees>5.2340150</LatitudeDegrees>
       <LongitudeDegrees>100.4376930</LongitudeDegrees>
      </Position>
      <AltitudeMeters>5.4</AltitudeMeters>
      <DistanceMeters>2326.6</DistanceMeters>
      <HeartRateBpm>
       <Value>157</Value>
      </HeartRateBpm>
      <Extensions>
       <TPX xmlns="http://www.garmin.com/xmlschemas/ActivityExtension/v2">
        <Speed>2.8</Speed>
       </TPX>
      </Extensions>
     </Trackpoint>
     <Trackpoint>
      <Time>2026-08-08T11:17:51Z</Time>
      <Position>
       <LatitudeDegrees>5.2340120</LatitudeDegrees>
       <LongitudeDegrees>100.4376700</LongitudeDegrees>
      </Position>
      <AltitudeMeters>5.4</AltitudeMeters>
      <DistanceMeters>2329.1</DistanceMeters>
      <HeartRateBpm>
       <Value>157</Value>
      </HeartRateBpm>
      <Extensions>
       <TPX xmlns="http://www.garmin.com/xmlschemas/ActivityExtension/v2">
        <Speed>2.8</Speed>
       </TPX>
      </Extensions>
     </Trackpoint>
     <Trackpoint>
      <Time>2026-08-08T11:17:52Z</Time>
      <Position>
       <LatitudeDegrees>5.2340090</LatitudeDegrees>
       <LongitudeDegrees>100.4376600</LongitudeDegrees>
      </Position>
      <AltitudeMeters>5.4</AltitudeMeters>
      <DistanceMeters>2330.3</DistanceMeters>
      <HeartRateBpm>
       <Value>156</Value>
      </HeartRateBpm>
      <Extensions>
       <TPX xmlns="http://www.garmin.com/xmlschemas/ActivityExtension/v2">
        <Speed>2.5</Speed>
       </TPX>
      </Extensions>
     </Trackpoint>
     <Trackpoint>
      <Time>2026-08-08T11:17:53Z</Time>
      <Position>
       <LatitudeDegrees>5.2340050</LatitudeDegrees>
       <LongitudeDegrees>100.4376480</LongitudeDegrees>
      </Position>
      <AltitudeMeters>5.4</AltitudeMeters>
      <DistanceMeters>2331.7</DistanceMeters>
      <HeartRateBpm>
       <Value>156</Value>
      </HeartRateBpm>
      <Extensions>
       <TPX xmlns="http://www.garmin.com/xmlschemas/ActivityExtension/v2">
        <Speed>2.1</Speed>
       </TPX>
      </Extensions>
     </Trackpoint>
     <Trackpoint>
      <Time>2026-08-08T11:17:54Z</Time>
      <Position>
       <LatitudeDegrees>5.2339990</LatitudeDegrees>
       <LongitudeDegrees>100.4376260</LongitudeDegrees>
      </Position>
      <AltitudeMeters>5.4</AltitudeMeters>
      <DistanceMeters>2334.2</DistanceMeters>
      <HeartRateBpm>
       <Value>156</Value>
      </HeartRateBpm>
      <Extensions>
       <TPX xmlns="http://www.garmin.com/xmlschemas/ActivityExtension/v2">
        <Speed>2.1</Speed>
       </TPX>
      </Extensions>
     </Trackpoint>
     <Trackpoint>
      <Time>2026-08-08T11:17:55Z</Time>
      <Position>
       <LatitudeDegrees>5.2339810</LatitudeDegrees>
       <LongitudeDegrees>100.4375830</LongitudeDegrees>
      </Position>
      <AltitudeMeters>5.4</AltitudeMeters>
      <DistanceMeters>2339.3</DistanceMeters>
      <HeartRateBpm>
       <Value>156</Value>
      </HeartRateBpm>
      <Extensions>
       <TPX xmlns="http://www.garmin.com/xmlschemas/ActivityExtension/v2">
        <Speed>2.5</Speed>
       </TPX>
      </Extensions>
     </Trackpoint>
     <Trackpoint>
      <Time>2026-08-08T11:17:56Z</Time>
      <Position>
       <LatitudeDegrees>5.2339730</LatitudeDegrees>
       <LongitudeDegrees>100.4375570</LongitudeDegrees>
      </Position>
      <AltitudeMeters>5.4</AltitudeMeters>
      <DistanceMeters>2342.4</DistanceMeters>
      <HeartRateBpm>
       <Value>156</Value>
      </HeartRateBpm>
      <Extensions>
       <TPX xmlns="http://www.garmin.com/xmlschemas/ActivityExtension/v2">
        <Speed>2.7</Speed>
       </TPX>
      </Extensions>
     </Trackpoint>
     <Trackpoint>
      <Time>2026-08-08T11:17:57Z</Time>
      <Position>
       <LatitudeDegrees>5.2339660</LatitudeDegrees>
       <LongitudeDegrees>100.4375330</LongitudeDegrees>
      </Position>
      <AltitudeMeters>5.4</AltitudeMeters>
      <DistanceMeters>2345.2</DistanceMeters>
      <HeartRateBpm>
       <Value>157</Value>
      </HeartRateBpm>
      <Extensions>
       <TPX xmlns="http://www.garmin.com/xmlschemas/ActivityExtension/v2">
        <Speed>3.0</Speed>
       </TPX>
      </Extensions>
     </Trackpoint>
     <Trackpoint>
      <Time>2026-08-08T11:17:58Z</Time>
      <Position>
       <LatitudeDegrees>5.2339610</LatitudeDegrees>
       <LongitudeDegrees>100.4375080</LongitudeDegrees>
      </Position>
      <AltitudeMeters>5.4</AltitudeMeters>
      <DistanceMeters>2348.0</DistanceMeters>
      <HeartRateBpm>
       <Value>156</Value>
      </HeartRateBpm>
      <Extensions>
       <TPX xmlns="http://www.garmin.com/xmlschemas/ActivityExtension/v2">
        <Speed>3.3</Speed>
       </TPX>
      </Extensions>
     </Trackpoint>
     <Trackpoint>
      <Time>2026-08-08T11:17:59Z</Time>
      <Position>
       <LatitudeDegrees>5.2339580</LatitudeDegrees>
       <LongitudeDegrees>100.4374830</LongitudeDegrees>
      </Position>
      <AltitudeMeters>5.4</AltitudeMeters>
      <DistanceMeters>2350.8</DistanceMeters>
      <HeartRateBpm>
       <Value>157</Value>
      </HeartRateBpm>
      <Extensions>
       <TPX xmlns="http://www.garmin.com/xmlschemas/ActivityExtension/v2">
        <Speed>3.3</Speed>
       </TPX>
      </Extensions>
     </Trackpoint>
     <Trackpoint>
      <Time>2026-08-08T11:18:00Z</Time>
      <Position>
       <LatitudeDegrees>5.2339570</LatitudeDegrees>
       <LongitudeDegrees>100.4374590</LongitudeDegrees>
      </Position>
      <AltitudeMeters>5.4</AltitudeMeters>
      <DistanceMeters>2353.4</DistanceMeters>
      <HeartRateBpm>
       <Value>157</Value>
      </HeartRateBpm>
      <Extensions>
       <TPX xmlns="http://www.garmin.com/xmlschemas/ActivityExtension/v2">
        <Speed>2.8</Speed>
       </TPX>
      </Extensions>
     </Trackpoint>
     <Trackpoint>
      <Time>2026-08-08T11:18:01Z</Time>
      <Position>
       <LatitudeDegrees>5.2339530</LatitudeDegrees>
       <LongitudeDegrees>100.4374340</LongitudeDegrees>
      </Position>
      <AltitudeMeters>5.4</AltitudeMeters>
      <DistanceMeters>2356.2</DistanceMeters>
      <HeartRateBpm>
       <Value>157</Value>
      </HeartRateBpm>
      <Extensions>
       <TPX xmlns="http://www.garmin.com/xmlschemas/ActivityExtension/v2">
        <Speed>2.8</Speed>
       </TPX>
      </Extensions>
     </Trackpoint>
     <Trackpoint>
      <Time>2026-08-08T11:18:02Z</Time>
      <Position>
       <LatitudeDegrees>5.2339490</LatitudeDegrees>
       <LongitudeDegrees>100.4374160</LongitudeDegrees>
      </Position>
      <AltitudeMeters>5.4</AltitudeMeters>
      <DistanceMeters>2358.2</DistanceMeters>
      <HeartRateBpm>
       <Value>157</Value>
      </HeartRateBpm>
      <Extensions>
       <TPX xmlns="http://www.garmin.com/xmlschemas/ActivityExtension/v2">
        <Speed>2.6</Speed>
       </TPX>
      </Extensions>
     </Trackpoint>
     <Trackpoint>
      <Time>2026-08-08T11:18:03Z</Time>
      <Position>
       <LatitudeDegrees>5.2339470</LatitudeDegrees>
       <LongitudeDegrees>100.4373970</LongitudeDegrees>
      </Position>
      <AltitudeMeters>5.4</AltitudeMeters>
      <DistanceMeters>2360.3</DistanceMeters>
      <HeartRateBpm>
       <Value>158</Value>
      </HeartRateBpm>
      <Extensions>
       <TPX xmlns="http://www.garmin.com/xmlschemas/ActivityExtension/v2">
        <Speed>2.5</Speed>
       </TPX>
      </Extensions>
     </Trackpoint>
     <Trackpoint>
      <Time>2026-08-08T11:18:04Z</Time>
      <Position>
       <LatitudeDegrees>5.2339430</LatitudeDegrees>
       <LongitudeDegrees>100.4373780</LongitudeDegrees>
      </Position>
      <AltitudeMeters>5.4</AltitudeMeters>
      <DistanceMeters>2362.5</DistanceMeters>
      <HeartRateBpm>
       <Value>157</Value>
      </HeartRateBpm>
      <Extensions>
       <TPX xmlns="http://www.garmin.com/xmlschemas/ActivityExtension/v2">
        <Speed>2.3</Speed>
       </TPX>
      </Extensions>
     </Trackpoint>
     <Trackpoint>
      <Time>2026-08-08T11:18:05Z</Time>
      <Position>
       <LatitudeDegrees>5.2339380</LatitudeDegrees>
       <LongitudeDegrees>100.4373590</LongitudeDegrees>
      </Position>
      <AltitudeMeters>5.4</AltitudeMeters>
      <DistanceMeters>2364.7</DistanceMeters>
      <HeartRateBpm>
       <Value>156</Value>
      </HeartRateBpm>
      <Extensions>
       <TPX xmlns="http://www.garmin.com/xmlschemas/ActivityExtension/v2">
        <Speed>2.3</Speed>
       </TPX>
      </Extensions>
     </Trackpoint>
     <Trackpoint>
      <Time>2026-08-08T11:18:06Z</Time>
      <Position>
       <LatitudeDegrees>5.2339340</LatitudeDegrees>
       <LongitudeDegrees>100.4373380</LongitudeDegrees>
      </Position>
      <AltitudeMeters>5.4</AltitudeMeters>
      <DistanceMeters>2367.1</DistanceMeters>
      <HeartRateBpm>
       <Value>155</Value>
      </HeartRateBpm>
      <Extensions>
       <TPX xmlns="http://www.garmin.com/xmlschemas/ActivityExtension/v2">
        <Speed>2.2</Speed>
       </TPX>
      </Extensions>
     </Trackpoint>
     <Trackpoint>
      <Time>2026-08-08T11:18:07Z</Time>
      <Position>
       <LatitudeDegrees>5.2339330</LatitudeDegrees>
       <LongitudeDegrees>100.4373150</LongitudeDegrees>
      </Position>
      <AltitudeMeters>5.4</AltitudeMeters>
      <DistanceMeters>2369.6</DistanceMeters>
      <HeartRateBpm>
       <Value>155</Value>
      </HeartRateBpm>
      <Extensions>
       <TPX xmlns="http://www.garmin.com/xmlschemas/ActivityExtension/v2">
        <Speed>2.3</Speed>
       </TPX>
      </Extensions>
     </Trackpoint>
     <Trackpoint>
      <Time>2026-08-08T11:18:08Z</Time>
      <Position>
       <LatitudeDegrees>5.2339320</LatitudeDegrees>
       <LongitudeDegrees>100.4372900</LongitudeDegrees>
      </Position>
      <AltitudeMeters>5.4</AltitudeMeters>
      <DistanceMeters>2372.3</DistanceMeters>
      <HeartRateBpm>
       <Value>155</Value>
      </HeartRateBpm>
      <Extensions>
       <TPX xmlns="http://www.garmin.com/xmlschemas/ActivityExtension/v2">
        <Speed>2.4</Speed>
       </TPX>
      </Extensions>
     </Trackpoint>
     <Trackpoint>
      <Time>2026-08-08T11:18:09Z</Time>
      <Position>
       <LatitudeDegrees>5.2339250</LatitudeDegrees>
       <LongitudeDegrees>100.4372630</LongitudeDegrees>
      </Position>
      <AltitudeMeters>5.4</AltitudeMeters>
      <DistanceMeters>2375.4</DistanceMeters>
      <HeartRateBpm>
       <Value>155</Value>
      </HeartRateBpm>
      <Extensions>
       <TPX xmlns="http://www.garmin.com/xmlschemas/ActivityExtension/v2">
        <Speed>2.6</Speed>
       </TPX>
      </Extensions>
     </Trackpoint>
     <Trackpoint>
      <Time>2026-08-08T11:18:10Z</Time>
      <Position>
       <LatitudeDegrees>5.2339210</LatitudeDegrees>
       <LongitudeDegrees>100.4372380</LongitudeDegrees>
      </Position>
      <AltitudeMeters>5.4</AltitudeMeters>
      <DistanceMeters>2378.2</DistanceMeters>
      <HeartRateBpm>
       <Value>155</Value>
      </HeartRateBpm>
      <Extensions>
       <TPX xmlns="http://www.garmin.com/xmlschemas/ActivityExtension/v2">
        <Speed>2.7</Speed>
       </TPX>
      </Extensions>
     </Trackpoint>
     <Trackpoint>
      <Time>2026-08-08T11:18:11Z</Time>
      <Position>
       <LatitudeDegrees>5.2339130</LatitudeDegrees>
       <LongitudeDegrees>100.4372080</LongitudeDegrees>
      </Position>
      <AltitudeMeters>5.4</AltitudeMeters>
      <DistanceMeters>2381.7</DistanceMeters>
      <HeartRateBpm>
       <Value>156</Value>
      </HeartRateBpm>
      <Extensions>
       <TPX xmlns="http://www.garmin.com/xmlschemas/ActivityExtension/v2">
        <Speed>2.9</Speed>
       </TPX>
      </Extensions>
     </Trackpoint>
     <Trackpoint>
      <Time>2026-08-08T11:18:12Z</Time>
      <Position>
       <LatitudeDegrees>5.2339090</LatitudeDegrees>
       <LongitudeDegrees>100.4371810</LongitudeDegrees>
      </Position>
      <AltitudeMeters>5.4</AltitudeMeters>
      <DistanceMeters>2384.7</DistanceMeters>
      <HeartRateBpm>
       <Value>156</Value>
      </HeartRateBpm>
      <Extensions>
       <TPX xmlns="http://www.garmin.com/xmlschemas/ActivityExtension/v2">
        <Speed>3.0</Speed>
       </TPX>
      </Extensions>
     </Trackpoint>
     <Trackpoint>
      <Time>2026-08-08T11:18:13Z</Time>
      <Position>
       <LatitudeDegrees>5.2338990</LatitudeDegrees>
       <LongitudeDegrees>100.4371580</LongitudeDegrees>
      </Position>
      <AltitudeMeters>5.4</AltitudeMeters>
      <DistanceMeters>2387.4</DistanceMeters>
      <HeartRateBpm>
       <Value>155</Value>
      </HeartRateBpm>
      <Extensions>
       <TPX xmlns="http://www.garmin.com/xmlschemas/ActivityExtension/v2">
        <Speed>3.0</Speed>
       </TPX>
      </Extensions>
     </Trackpoint>
     <Trackpoint>
      <Time>2026-08-08T11:18:14Z</Time>
      <Position>
       <LatitudeDegrees>5.2338870</LatitudeDegrees>
       <LongitudeDegrees>100.4371340</LongitudeDegrees>
      </Position>
      <AltitudeMeters>5.4</AltitudeMeters>
      <DistanceMeters>2390.3</DistanceMeters>
      <HeartRateBpm>
       <Value>155</Value>
      </HeartRateBpm>
      <Extensions>
       <TPX xmlns="http://www.garmin.com/xmlschemas/ActivityExtension/v2">
        <Speed>3.0</Speed>
       </TPX>
      </Extensions>
     </Trackpoint>
     <Trackpoint>
      <Time>2026-08-08T11:18:15Z</Time>
      <Position>
       <LatitudeDegrees>5.2338830</LatitudeDegrees>
       <LongitudeDegrees>100.4371100</LongitudeDegrees>
      </Position>
      <AltitudeMeters>5.4</AltitudeMeters>
      <DistanceMeters>2393.0</DistanceMeters>
      <HeartRateBpm>
       <Value>154</Value>
      </HeartRateBpm>
      <Extensions>
       <TPX xmlns="http://www.garmin.com/xmlschemas/ActivityExtension/v2">
        <Speed>3.0</Speed>
       </TPX>
      </Extensions>
     </Trackpoint>
     <Trackpoint>
      <Time>2026-08-08T11:18:16Z</Time>
      <Position>
       <LatitudeDegrees>5.2338820</LatitudeDegrees>
       <LongitudeDegrees>100.4370850</LongitudeDegrees>
      </Position>
      <AltitudeMeters>5.4</AltitudeMeters>
      <DistanceMeters>2395.8</DistanceMeters>
      <HeartRateBpm>
       <Value>154</Value>
      </HeartRateBpm>
      <Extensions>
       <TPX xmlns="http://www.garmin.com/xmlschemas/ActivityExtension/v2">
        <Speed>2.8</Speed>
       </TPX>
      </Extensions>
     </Trackpoint>
     <Trackpoint>
      <Time>2026-08-08T11:18:17Z</Time>
      <Position>
       <LatitudeDegrees>5.2338800</LatitudeDegrees>
       <LongitudeDegrees>100.4370620</LongitudeDegrees>
      </Position>
      <AltitudeMeters>5.4</AltitudeMeters>
      <DistanceMeters>2398.3</DistanceMeters>
      <HeartRateBpm>
       <Value>154</Value>
      </HeartRateBpm>
      <Extensions>
       <TPX xmlns="http://www.garmin.com/xmlschemas/ActivityExtension/v2">
        <Speed>2.7</Speed>
       </TPX>
      </Extensions>
     </Trackpoint>
     <Trackpoint>
      <Time>2026-08-08T11:18:18Z</Time>
      <Position>
       <LatitudeDegrees>5.2338740</LatitudeDegrees>
       <LongitudeDegrees>100.4370380</LongitudeDegrees>
      </Position>
      <AltitudeMeters>5.4</AltitudeMeters>
      <DistanceMeters>2401.1</DistanceMeters>
      <HeartRateBpm>
       <Value>155</Value>
      </HeartRateBpm>
      <Extensions>
       <TPX xmlns="http://www.garmin.com/xmlschemas/ActivityExtension/v2">
        <Speed>2.7</Speed>
       </TPX>
      </Extensions>
     </Trackpoint>
     <Trackpoint>
      <Time>2026-08-08T11:18:19Z</Time>
      <Position>
       <LatitudeDegrees>5.2338680</LatitudeDegrees>
       <LongitudeDegrees>100.4370130</LongitudeDegrees>
      </Position>
      <AltitudeMeters>5.4</AltitudeMeters>
      <DistanceMeters>2403.9</DistanceMeters>
      <HeartRateBpm>
       <Value>153</Value>
      </HeartRateBpm>
      <Extensions>
       <TPX xmlns="http://www.garmin.com/xmlschemas/ActivityExtension/v2">
        <Speed>2.7</Speed>
       </TPX>
      </Extensions>
     </Trackpoint>
     <Trackpoint>
      <Time>2026-08-08T11:18:20Z</Time>
      <Position>
       <LatitudeDegrees>5.2338610</LatitudeDegrees>
       <LongitudeDegrees>100.4369910</LongitudeDegrees>
      </Position>
      <AltitudeMeters>5.4</AltitudeMeters>
      <DistanceMeters>2406.4</DistanceMeters>
      <HeartRateBpm>
       <Value>153</Value>
      </HeartRateBpm>
      <Extensions>
       <TPX xmlns="http://www.garmin.com/xmlschemas/ActivityExtension/v2">
        <Speed>2.7</Speed>
       </TPX>
      </Extensions>
     </Trackpoint>
     <Trackpoint>
      <Time>2026-08-08T11:18:21Z</Time>
      <Position>
       <LatitudeDegrees>5.2338560</LatitudeDegrees>
       <LongitudeDegrees>100.4369700</LongitudeDegrees>
      </Position>
      <AltitudeMeters>5.4</AltitudeMeters>
      <DistanceMeters>2408.8</DistanceMeters>
      <HeartRateBpm>
       <Value>154</Value>
      </HeartRateBpm>
      <Extensions>
       <TPX xmlns="http://www.garmin.com/xmlschemas/ActivityExtension/v2">
        <Speed>2.6</Speed>
       </TPX>
      </Extensions>
     </Trackpoint>
     <Trackpoint>
      <Time>2026-08-08T11:18:22Z</Time>
      <Position>
       <LatitudeDegrees>5.2338480</LatitudeDegrees>
       <LongitudeDegrees>100.4369480</LongitudeDegrees>
      </Position>
      <AltitudeMeters>5.4</AltitudeMeters>
      <DistanceMeters>2411.4</DistanceMeters>
      <HeartRateBpm>
       <Value>154</Value>
      </HeartRateBpm>
      <Extensions>
       <TPX xmlns="http://www.garmin.com/xmlschemas/ActivityExtension/v2">
        <Speed>2.6</Speed>
       </TPX>
      </Extensions>
     </Trackpoint>
     <Trackpoint>
      <Time>2026-08-08T11:18:23Z</Time>
      <Position>
       <LatitudeDegrees>5.2338410</LatitudeDegrees>
       <LongitudeDegrees>100.4369220</LongitudeDegrees>
      </Position>
      <AltitudeMeters>5.4</AltitudeMeters>
      <DistanceMeters>2414.4</DistanceMeters>
      <HeartRateBpm>
       <Value>153</Value>
      </HeartRateBpm>
      <Extensions>
       <TPX xmlns="http://www.garmin.com/xmlschemas/ActivityExtension/v2">
        <Speed>2.7</Speed>
       </TPX>
      </Extensions>
     </Trackpoint>
     <Trackpoint>
      <Time>2026-08-08T11:18:24Z</Time>
      <Position>
       <LatitudeDegrees>5.2338360</LatitudeDegrees>
       <LongitudeDegrees>100.4368970</LongitudeDegrees>
      </Position>
      <AltitudeMeters>5.4</AltitudeMeters>
      <DistanceMeters>2417.2</DistanceMeters>
      <HeartRateBpm>
       <Value>153</Value>
      </HeartRateBpm>
      <Extensions>
       <TPX xmlns="http://www.garmin.com/xmlschemas/ActivityExtension/v2">
        <Speed>2.7</Speed>
       </TPX>
      </Extensions>
     </Trackpoint>
     <Trackpoint>
      <Time>2026-08-08T11:18:25Z</Time>
      <Position>
       <LatitudeDegrees>5.2338370</LatitudeDegrees>
       <LongitudeDegrees>100.4368750</LongitudeDegrees>
      </Position>
      <AltitudeMeters>5.4</AltitudeMeters>
      <DistanceMeters>2419.7</DistanceMeters>
      <HeartRateBpm>
       <Value>153</Value>
      </HeartRateBpm>
      <Extensions>
       <TPX xmlns="http://www.garmin.com/xmlschemas/ActivityExtension/v2">
        <Speed>2.7</Speed>
       </TPX>
      </Extensions>
     </Trackpoint>
     <Trackpoint>
      <Time>2026-08-08T11:18:26Z</Time>
      <Position>
       <LatitudeDegrees>5.2338510</LatitudeDegrees>
       <LongitudeDegrees>100.4368580</LongitudeDegrees>
      </Position>
      <AltitudeMeters>5.4</AltitudeMeters>
      <DistanceMeters>2421.3</DistanceMeters>
      <HeartRateBpm>
       <Value>153</Value>
      </HeartRateBpm>
      <Extensions>
       <TPX xmlns="http://www.garmin.com/xmlschemas/ActivityExtension/v2">
        <Speed>2.5</Speed>
       </TPX>
      </Extensions>
     </Trackpoint>
     <Trackpoint>
      <Time>2026-08-08T11:18:27Z</Time>
      <Position>
       <LatitudeDegrees>5.2338520</LatitudeDegrees>
       <LongitudeDegrees>100.4368660</LongitudeDegrees>
      </Position>
      <AltitudeMeters>5.4</AltitudeMeters>
      <DistanceMeters>2421.9</DistanceMeters>
      <HeartRateBpm>
       <Value>154</Value>
      </HeartRateBpm>
      <Extensions>
       <TPX xmlns="http://www.garmin.com/xmlschemas/ActivityExtension/v2">
        <Speed>2.1</Speed>
       </TPX>
      </Extensions>
     </Trackpoint>
     <Trackpoint>
      <Time>2026-08-08T11:18:28Z</Time>
      <Position>
       <LatitudeDegrees>5.2338540</LatitudeDegrees>
       <LongitudeDegrees>100.4368410</LongitudeDegrees>
      </Position>
      <AltitudeMeters>5.5</AltitudeMeters>
      <DistanceMeters>2423.8</DistanceMeters>
      <HeartRateBpm>
       <Value>154</Value>
      </HeartRateBpm>
      <Extensions>
       <TPX xmlns="http://www.garmin.com/xmlschemas/ActivityExtension/v2">
        <Speed>1.9</Speed>
       </TPX>
      </Extensions>
     </Trackpoint>
     <Trackpoint>
      <Time>2026-08-08T11:18:29Z</Time>
      <Position>
       <LatitudeDegrees>5.2338490</LatitudeDegrees>
       <LongitudeDegrees>100.4368110</LongitudeDegrees>
      </Position>
      <AltitudeMeters>5.5</AltitudeMeters>
      <DistanceMeters>2427.2</DistanceMeters>
      <HeartRateBpm>
       <Value>153</Value>
      </HeartRateBpm>
      <Extensions>
       <TPX xmlns="http://www.garmin.com/xmlschemas/ActivityExtension/v2">
        <Speed>2.0</Speed>
       </TPX>
      </Extensions>
     </Trackpoint>
     <Trackpoint>
      <Time>2026-08-08T11:18:30Z</Time>
      <Position>
       <LatitudeDegrees>5.2338400</LatitudeDegrees>
       <LongitudeDegrees>100.4367810</LongitudeDegrees>
      </Position>
      <AltitudeMeters>5.5</AltitudeMeters>
      <DistanceMeters>2430.7</DistanceMeters>
      <HeartRateBpm>
       <Value>153</Value>
      </HeartRateBpm>
      <Extensions>
       <TPX xmlns="http://www.garmin.com/xmlschemas/ActivityExtension/v2">
        <Speed>2.2</Speed>
       </TPX>
      </Extensions>
     </Trackpoint>
     <Trackpoint>
      <Time>2026-08-08T11:18:31Z</Time>
      <Position>
       <LatitudeDegrees>5.2338320</LatitudeDegrees>
       <LongitudeDegrees>100.4367550</LongitudeDegrees>
      </Position>
      <AltitudeMeters>5.5</AltitudeMeters>
      <DistanceMeters>2433.7</DistanceMeters>
      <HeartRateBpm>
       <Value>154</Value>
      </HeartRateBpm>
      <Extensions>
       <TPX xmlns="http://www.garmin.com/xmlschemas/ActivityExtension/v2">
        <Speed>2.5</Speed>
       </TPX>
      </Extensions>
     </Trackpoint>
     <Trackpoint>
      <Time>2026-08-08T11:18:32Z</Time>
      <Position>
       <LatitudeDegrees>5.2338180</LatitudeDegrees>
       <LongitudeDegrees>100.4367240</LongitudeDegrees>
      </Position>
      <AltitudeMeters>5.5</AltitudeMeters>
      <DistanceMeters>2437.4</DistanceMeters>
      <HeartRateBpm>
       <Value>155</Value>
      </HeartRateBpm>
      <Extensions>
       <TPX xmlns="http://www.garmin.com/xmlschemas/ActivityExtension/v2">
        <Speed>3.1</Speed>
       </TPX>
      </Extensions>
     </Trackpoint>
     <Trackpoint>
      <Time>2026-08-08T11:18:33Z</Time>
      <Position>
       <LatitudeDegrees>5.2338030</LatitudeDegrees>
       <LongitudeDegrees>100.4367000</LongitudeDegrees>
      </Position>
      <AltitudeMeters>5.5</AltitudeMeters>
      <DistanceMeters>2440.6</DistanceMeters>
      <HeartRateBpm>
       <Value>154</Value>
      </HeartRateBpm>
      <Extensions>
       <TPX xmlns="http://www.garmin.com/xmlschemas/ActivityExtension/v2">
        <Speed>3.4</Speed>
       </TPX>
      </Extensions>
     </Trackpoint>
     <Trackpoint>
      <Time>2026-08-08T11:18:34Z</Time>
      <Position>
       <LatitudeDegrees>5.2337900</LatitudeDegrees>
       <LongitudeDegrees>100.4366760</LongitudeDegrees>
      </Position>
      <AltitudeMeters>5.5</AltitudeMeters>
      <DistanceMeters>2443.6</DistanceMeters>
      <HeartRateBpm>
       <Value>154</Value>
      </HeartRateBpm>
      <Extensions>
       <TPX xmlns="http://www.garmin.com/xmlschemas/ActivityExtension/v2">
        <Speed>3.3</Speed>
       </TPX>
      </Extensions>
     </Trackpoint>
     <Trackpoint>
      <Time>2026-08-08T11:18:35Z</Time>
      <Position>
       <LatitudeDegrees>5.2337820</LatitudeDegrees>
       <LongitudeDegrees>100.4366530</LongitudeDegrees>
      </Position>
      <AltitudeMeters>5.5</AltitudeMeters>
      <DistanceMeters>2446.3</DistanceMeters>
      <HeartRateBpm>
       <Value>154</Value>
      </HeartRateBpm>
      <Extensions>
       <TPX xmlns="http://www.garmin.com/xmlschemas/ActivityExtension/v2">
        <Speed>3.1</Speed>
       </TPX>
      </Extensions>
     </Trackpoint>
     <Trackpoint>
      <Time>2026-08-08T11:18:36Z</Time>
      <Position>
       <LatitudeDegrees>5.2337740</LatitudeDegrees>
       <LongitudeDegrees>100.4366310</LongitudeDegrees>
      </Position>
      <AltitudeMeters>5.5</AltitudeMeters>
      <DistanceMeters>2448.9</DistanceMeters>
      <HeartRateBpm>
       <Value>154</Value>
      </HeartRateBpm>
      <Extensions>
       <TPX xmlns="http://www.garmin.com/xmlschemas/ActivityExtension/v2">
        <Speed>3.0</Speed>
       </TPX>
      </Extensions>
     </Trackpoint>
     <Trackpoint>
      <Time>2026-08-08T11:18:37Z</Time>
      <Position>
       <LatitudeDegrees>5.2337690</LatitudeDegrees>
       <LongitudeDegrees>100.4366100</LongitudeDegrees>
      </Position>
      <AltitudeMeters>5.5</AltitudeMeters>
      <DistanceMeters>2451.3</DistanceMeters>
      <HeartRateBpm>
       <Value>155</Value>
      </HeartRateBpm>
      <Extensions>
       <TPX xmlns="http://www.garmin.com/xmlschemas/ActivityExtension/v2">
        <Speed>2.8</Speed>
       </TPX>
      </Extensions>
     </Trackpoint>
     <Trackpoint>
      <Time>2026-08-08T11:18:38Z</Time>
      <Position>
       <LatitudeDegrees>5.2337670</LatitudeDegrees>
       <LongitudeDegrees>100.4365880</LongitudeDegrees>
      </Position>
      <AltitudeMeters>5.5</AltitudeMeters>
      <DistanceMeters>2453.7</DistanceMeters>
      <HeartRateBpm>
       <Value>154</Value>
      </HeartRateBpm>
      <Extensions>
       <TPX xmlns="http://www.garmin.com/xmlschemas/ActivityExtension/v2">
        <Speed>2.6</Speed>
       </TPX>
      </Extensions>
     </Trackpoint>
     <Trackpoint>
      <Time>2026-08-08T11:18:39Z</Time>
      <Position>
       <LatitudeDegrees>5.2337570</LatitudeDegrees>
       <LongitudeDegrees>100.4365690</LongitudeDegrees>
      </Position>
      <AltitudeMeters>5.5</AltitudeMeters>
      <DistanceMeters>2456.0</DistanceMeters>
      <HeartRateBpm>
       <Value>154</Value>
      </HeartRateBpm>
      <Extensions>
       <TPX xmlns="http://www.garmin.com/xmlschemas/ActivityExtension/v2">
        <Speed>2.5</Speed>
       </TPX>
      </Extensions>
     </Trackpoint>
     <Trackpoint>
      <Time>2026-08-08T11:18:40Z</Time>
      <Position>
       <LatitudeDegrees>5.2337470</LatitudeDegrees>
       <LongitudeDegrees>100.4365500</LongitudeDegrees>
      </Position>
      <AltitudeMeters>5.5</AltitudeMeters>
      <DistanceMeters>2458.4</DistanceMeters>
      <HeartRateBpm>
       <Value>154</Value>
      </HeartRateBpm>
      <Extensions>
       <TPX xmlns="http://www.garmin.com/xmlschemas/ActivityExtension/v2">
        <Speed>2.4</Speed>
       </TPX>
      </Extensions>
     </Trackpoint>
     <Trackpoint>
      <Time>2026-08-08T11:18:41Z</Time>
      <Position>
       <LatitudeDegrees>5.2337370</LatitudeDegrees>
       <LongitudeDegrees>100.4365310</LongitudeDegrees>
      </Position>
      <AltitudeMeters>5.5</AltitudeMeters>
      <DistanceMeters>2460.7</DistanceMeters>
      <HeartRateBpm>
       <Value>155</Value>
      </HeartRateBpm>
      <Extensions>
       <TPX xmlns="http://www.garmin.com/xmlschemas/ActivityExtension/v2">
        <Speed>2.4</Speed>
       </TPX>
      </Extensions>
     </Trackpoint>
     <Trackpoint>
      <Time>2026-08-08T11:18:42Z</Time>
      <Position>
       <LatitudeDegrees>5.2337280</LatitudeDegrees>
       <LongitudeDegrees>100.4365100</LongitudeDegrees>
      </Position>
      <AltitudeMeters>5.5</AltitudeMeters>
      <DistanceMeters>2463.2</DistanceMeters>
      <HeartRateBpm>
       <Value>155</Value>
      </HeartRateBpm>
      <Extensions>
       <TPX xmlns="http://www.garmin.com/xmlschemas/ActivityExtension/v2">
        <Speed>2.4</Speed>
       </TPX>
      </Extensions>
     </Trackpoint>
     <Trackpoint>
      <Time>2026-08-08T11:18:43Z</Time>
      <Position>
       <LatitudeDegrees>5.2337190</LatitudeDegrees>
       <LongitudeDegrees>100.4364880</LongitudeDegrees>
      </Position>
      <AltitudeMeters>5.5</AltitudeMeters>
      <DistanceMeters>2465.9</DistanceMeters>
      <HeartRateBpm>
       <Value>155</Value>
      </HeartRateBpm>
      <Extensions>
       <TPX xmlns="http://www.garmin.com/xmlschemas/ActivityExtension/v2">
        <Speed>2.4</Speed>
       </TPX>
      </Extensions>
     </Trackpoint>
     <Trackpoint>
      <Time>2026-08-08T11:18:44Z</Time>
      <Position>
       <LatitudeDegrees>5.2337100</LatitudeDegrees>
       <LongitudeDegrees>100.4364660</LongitudeDegrees>
      </Position>
      <AltitudeMeters>5.5</AltitudeMeters>
      <DistanceMeters>2468.5</DistanceMeters>
      <HeartRateBpm>
       <Value>154</Value>
      </HeartRateBpm>
      <Extensions>
       <TPX xmlns="http://www.garmin.com/xmlschemas/ActivityExtension/v2">
        <Speed>2.5</Speed>
       </TPX>
      </Extensions>
     </Trackpoint>
     <Trackpoint>
      <Time>2026-08-08T11:18:45Z</Time>
      <Position>
       <LatitudeDegrees>5.2337020</LatitudeDegrees>
       <LongitudeDegrees>100.4364450</LongitudeDegrees>
      </Position>
      <AltitudeMeters>5.5</AltitudeMeters>
      <DistanceMeters>2471.0</DistanceMeters>
      <HeartRateBpm>
       <Value>154</Value>
      </HeartRateBpm>
      <Extensions>
       <TPX xmlns="http://www.garmin.com/xmlschemas/ActivityExtension/v2">
        <Speed>2.5</Speed>
       </TPX>
      </Extensions>
     </Trackpoint>
     <Trackpoint>
      <Time>2026-08-08T11:18:46Z</Time>
      <Position>
       <LatitudeDegrees>5.2336950</LatitudeDegrees>
       <LongitudeDegrees>100.4364200</LongitudeDegrees>
      </Position>
      <AltitudeMeters>5.5</AltitudeMeters>
      <DistanceMeters>2473.9</DistanceMeters>
      <HeartRateBpm>
       <Value>154</Value>
      </HeartRateBpm>
      <Extensions>
       <TPX xmlns="http://www.garmin.com/xmlschemas/ActivityExtension/v2">
        <Speed>2.6</Speed>
       </TPX>
      </Extensions>
     </Trackpoint>
     <Trackpoint>
      <Time>2026-08-08T11:18:47Z</Time>
      <Position>
       <LatitudeDegrees>5.2336920</LatitudeDegrees>
       <LongitudeDegrees>100.4363960</LongitudeDegrees>
      </Position>
      <AltitudeMeters>5.5</AltitudeMeters>
      <DistanceMeters>2476.6</DistanceMeters>
      <HeartRateBpm>
       <Value>155</Value>
      </HeartRateBpm>
      <Extensions>
       <TPX xmlns="http://www.garmin.com/xmlschemas/ActivityExtension/v2">
        <Speed>2.7</Speed>
       </TPX>
      </Extensions>
     </Trackpoint>
     <Trackpoint>
      <Time>2026-08-08T11:18:48Z</Time>
      <Position>
       <LatitudeDegrees>5.2336930</LatitudeDegrees>
       <LongitudeDegrees>100.4363740</LongitudeDegrees>
      </Position>
      <AltitudeMeters>5.5</AltitudeMeters>
      <DistanceMeters>2479.0</DistanceMeters>
      <HeartRateBpm>
       <Value>155</Value>
      </HeartRateBpm>
      <Extensions>
       <TPX xmlns="http://www.garmin.com/xmlschemas/ActivityExtension/v2">
        <Speed>2.6</Speed>
       </TPX>
      </Extensions>
     </Trackpoint>
     <Trackpoint>
      <Time>2026-08-08T11:18:49Z</Time>
      <Position>
       <LatitudeDegrees>5.2336920</LatitudeDegrees>
       <LongitudeDegrees>100.4363510</LongitudeDegrees>
      </Position>
      <AltitudeMeters>5.5</AltitudeMeters>
      <DistanceMeters>2481.6</DistanceMeters>
      <HeartRateBpm>
       <Value>154</Value>
      </HeartRateBpm>
      <Extensions>
       <TPX xmlns="http://www.garmin.com/xmlschemas/ActivityExtension/v2">
        <Speed>2.6</Speed>
       </TPX>
      </Extensions>
     </Trackpoint>
     <Trackpoint>
      <Time>2026-08-08T11:18:50Z</Time>
      <Position>
       <LatitudeDegrees>5.2336940</LatitudeDegrees>
       <LongitudeDegrees>100.4363290</LongitudeDegrees>
      </Position>
      <AltitudeMeters>5.5</AltitudeMeters>
      <DistanceMeters>2484.0</DistanceMeters>
      <HeartRateBpm>
       <Value>154</Value>
      </HeartRateBpm>
      <Extensions>
       <TPX xmlns="http://www.garmin.com/xmlschemas/ActivityExtension/v2">
        <Speed>2.6</Speed>
       </TPX>
      </Extensions>
     </Trackpoint>
     <Trackpoint>
      <Time>2026-08-08T11:18:51Z</Time>
      <Position>
       <LatitudeDegrees>5.2336950</LatitudeDegrees>
       <LongitudeDegrees>100.4363060</LongitudeDegrees>
      </Position>
      <AltitudeMeters>5.5</AltitudeMeters>
      <DistanceMeters>2486.5</DistanceMeters>
      <HeartRateBpm>
       <Value>155</Value>
      </HeartRateBpm>
      <Extensions>
       <TPX xmlns="http://www.garmin.com/xmlschemas/ActivityExtension/v2">
        <Speed>2.5</Speed>
       </TPX>
      </Extensions>
     </Trackpoint>
     <Trackpoint>
      <Time>2026-08-08T11:18:52Z</Time>
      <Position>
       <LatitudeDegrees>5.2336940</LatitudeDegrees>
       <LongitudeDegrees>100.4362820</LongitudeDegrees>
      </Position>
      <AltitudeMeters>5.5</AltitudeMeters>
      <DistanceMeters>2489.2</DistanceMeters>
      <HeartRateBpm>
       <Value>155</Value>
      </HeartRateBpm>
      <Extensions>
       <TPX xmlns="http://www.garmin.com/xmlschemas/ActivityExtension/v2">
        <Speed>2.5</Speed>
       </TPX>
      </Extensions>
     </Trackpoint>
     <Trackpoint>
      <Time>2026-08-08T11:18:53Z</Time>
      <Position>
       <LatitudeDegrees>5.2336870</LatitudeDegrees>
       <LongitudeDegrees>100.4362620</LongitudeDegrees>
      </Position>
      <AltitudeMeters>5.5</AltitudeMeters>
      <DistanceMeters>2491.6</DistanceMeters>
      <HeartRateBpm>
       <Value>155</Value>
      </HeartRateBpm>
      <Extensions>
       <TPX xmlns="http://www.garmin.com/xmlschemas/ActivityExtension/v2">
        <Speed>2.5</Speed>
       </TPX>
      </Extensions>
     </Trackpoint>
     <Trackpoint>
      <Time>2026-08-08T11:18:54Z</Time>
      <Position>
       <LatitudeDegrees>5.2336770</LatitudeDegrees>
       <LongitudeDegrees>100.4362370</LongitudeDegrees>
      </Position>
      <AltitudeMeters>5.5</AltitudeMeters>
      <DistanceMeters>2494.5</DistanceMeters>
      <HeartRateBpm>
       <Value>156</Value>
      </HeartRateBpm>
      <Extensions>
       <TPX xmlns="http://www.garmin.com/xmlschemas/ActivityExtension/v2">
        <Speed>2.6</Speed>
       </TPX>
      </Extensions>
     </Trackpoint>
     <Trackpoint>
      <Time>2026-08-08T11:18:55Z</Time>
      <Position>
       <LatitudeDegrees>5.2336640</LatitudeDegrees>
       <LongitudeDegrees>100.4362150</LongitudeDegrees>
      </Position>
      <AltitudeMeters>5.5</AltitudeMeters>
      <DistanceMeters>2497.3</DistanceMeters>
      <HeartRateBpm>
       <Value>155</Value>
      </HeartRateBpm>
      <Extensions>
       <TPX xmlns="http://www.garmin.com/xmlschemas/ActivityExtension/v2">
        <Speed>2.7</Speed>
       </TPX>
      </Extensions>
     </Trackpoint>
     <Trackpoint>
      <Time>2026-08-08T11:18:56Z</Time>
      <Position>
       <LatitudeDegrees>5.2336540</LatitudeDegrees>
       <LongitudeDegrees>100.4361980</LongitudeDegrees>
      </Position>
      <AltitudeMeters>5.5</AltitudeMeters>
      <DistanceMeters>2497.3</DistanceMeters>
      <HeartRateBpm>
       <Value>155</Value>
      </HeartRateBpm>
      <Extensions>
       <TPX xmlns="http://www.garmin.com/xmlschemas/ActivityExtension/v2">
        <Speed>2.2</Speed>
       </TPX>
      </Extensions>
     </Trackpoint>
     <Trackpoint>
      <Time>2026-08-08T11:18:57Z</Time>
      <Position>
       <LatitudeDegrees>5.2336460</LatitudeDegrees>
       <LongitudeDegrees>100.4361840</LongitudeDegrees>
      </Position>
      <AltitudeMeters>5.5</AltitudeMeters>
      <DistanceMeters>2501.3</DistanceMeters>
      <HeartRateBpm>
       <Value>155</Value>
      </HeartRateBpm>
      <Extensions>
       <TPX xmlns="http://www.garmin.com/xmlschemas/ActivityExtension/v2">
        <Speed>2.4</Speed>
       </TPX>
      </Extensions>
     </Trackpoint>
     <Trackpoint>
      <Time>2026-08-08T11:18:58Z</Time>
      <Position>
       <LatitudeDegrees>5.2336420</LatitudeDegrees>
       <LongitudeDegrees>100.4361710</LongitudeDegrees>
      </Position>
      <AltitudeMeters>5.5</AltitudeMeters>
      <DistanceMeters>2501.3</DistanceMeters>
      <HeartRateBpm>
       <Value>156</Value>
      </HeartRateBpm>
      <Extensions>
       <TPX xmlns="http://www.garmin.com/xmlschemas/ActivityExtension/v2">
        <Speed>1.9</Speed>
       </TPX>
      </Extensions>
     </Trackpoint>
     <Trackpoint>
      <Time>2026-08-08T11:18:59Z</Time>
      <Position>
       <LatitudeDegrees>5.2336370</LatitudeDegrees>
       <LongitudeDegrees>100.4361550</LongitudeDegrees>
      </Position>
      <AltitudeMeters>5.5</AltitudeMeters>
      <DistanceMeters>2504.7</DistanceMeters>
      <HeartRateBpm>
       <Value>156</Value>
      </HeartRateBpm>
      <Extensions>
       <TPX xmlns="http://www.garmin.com/xmlschemas/ActivityExtension/v2">
        <Speed>2.0</Speed>
       </TPX>
      </Extensions>
     </Trackpoint>
     <Trackpoint>
      <Time>2026-08-08T11:19:00Z</Time>
      <Position>
       <LatitudeDegrees>5.2336340</LatitudeDegrees>
       <LongitudeDegrees>100.4361370</LongitudeDegrees>
      </Position>
      <AltitudeMeters>5.5</AltitudeMeters>
      <DistanceMeters>2506.7</DistanceMeters>
      <HeartRateBpm>
       <Value>155</Value>
      </HeartRateBpm>
      <Extensions>
       <TPX xmlns="http://www.garmin.com/xmlschemas/ActivityExtension/v2">
        <Speed>1.9</Speed>
       </TPX>
      </Extensions>
     </Trackpoint>
     <Trackpoint>
      <Time>2026-08-08T11:19:01Z</Time>
      <Position>
       <LatitudeDegrees>5.2336290</LatitudeDegrees>
       <LongitudeDegrees>100.4361130</LongitudeDegrees>
      </Position>
      <AltitudeMeters>5.5</AltitudeMeters>
      <DistanceMeters>2509.4</DistanceMeters>
      <HeartRateBpm>
       <Value>155</Value>
      </HeartRateBpm>
      <Extensions>
       <TPX xmlns="http://www.garmin.com/xmlschemas/ActivityExtension/v2">
        <Speed>2.4</Speed>
       </TPX>
      </Extensions>
     </Trackpoint>
     <Trackpoint>
      <Time>2026-08-08T11:19:02Z</Time>
      <Position>
       <LatitudeDegrees>5.2336260</LatitudeDegrees>
       <LongitudeDegrees>100.4360910</LongitudeDegrees>
      </Position>
      <AltitudeMeters>5.5</AltitudeMeters>
      <DistanceMeters>2511.8</DistanceMeters>
      <HeartRateBpm>
       <Value>155</Value>
      </HeartRateBpm>
      <Extensions>
       <TPX xmlns="http://www.garmin.com/xmlschemas/ActivityExtension/v2">
        <Speed>2.1</Speed>
       </TPX>
      </Extensions>
     </Trackpoint>
     <Trackpoint>
      <Time>2026-08-08T11:19:03Z</Time>
      <Position>
       <LatitudeDegrees>5.2336210</LatitudeDegrees>
       <LongitudeDegrees>100.4360650</LongitudeDegrees>
      </Position>
      <AltitudeMeters>5.5</AltitudeMeters>
      <DistanceMeters>2514.7</DistanceMeters>
      <HeartRateBpm>
       <Value>155</Value>
      </HeartRateBpm>
      <Extensions>
       <TPX xmlns="http://www.garmin.com/xmlschemas/ActivityExtension/v2">
        <Speed>2.7</Speed>
       </TPX>
      </Extensions>
     </Trackpoint>
     <Trackpoint>
      <Time>2026-08-08T11:19:04Z</Time>
      <Position>
       <LatitudeDegrees>5.2336160</LatitudeDegrees>
       <LongitudeDegrees>100.4360420</LongitudeDegrees>
      </Position>
      <AltitudeMeters>5.5</AltitudeMeters>
      <DistanceMeters>2517.4</DistanceMeters>
      <HeartRateBpm>
       <Value>155</Value>
      </HeartRateBpm>
      <Extensions>
       <TPX xmlns="http://www.garmin.com/xmlschemas/ActivityExtension/v2">
        <Speed>2.5</Speed>
       </TPX>
      </Extensions>
     </Trackpoint>
     <Trackpoint>
      <Time>2026-08-08T11:19:05Z</Time>
      <Position>
       <LatitudeDegrees>5.2336080</LatitudeDegrees>
       <LongitudeDegrees>100.4360120</LongitudeDegrees>
      </Position>
      <AltitudeMeters>5.5</AltitudeMeters>
      <DistanceMeters>2520.9</DistanceMeters>
      <HeartRateBpm>
       <Value>155</Value>
      </HeartRateBpm>
      <Extensions>
       <TPX xmlns="http://www.garmin.com/xmlschemas/ActivityExtension/v2">
        <Speed>2.8</Speed>
       </TPX>
      </Extensions>
     </Trackpoint>
     <Trackpoint>
      <Time>2026-08-08T11:19:06Z</Time>
      <Position>
       <LatitudeDegrees>5.2336010</LatitudeDegrees>
       <LongitudeDegrees>100.4359840</LongitudeDegrees>
      </Position>
      <AltitudeMeters>5.5</AltitudeMeters>
      <DistanceMeters>2524.0</DistanceMeters>
      <HeartRateBpm>
       <Value>155</Value>
      </HeartRateBpm>
      <Extensions>
       <TPX xmlns="http://www.garmin.com/xmlschemas/ActivityExtension/v2">
        <Speed>2.9</Speed>
       </TPX>
      </Extensions>
     </Trackpoint>
     <Trackpoint>
      <Time>2026-08-08T11:19:07Z</Time>
      <Position>
       <LatitudeDegrees>5.2335950</LatitudeDegrees>
       <LongitudeDegrees>100.4359560</LongitudeDegrees>
      </Position>
      <AltitudeMeters>5.5</AltitudeMeters>
      <DistanceMeters>2527.2</DistanceMeters>
      <HeartRateBpm>
       <Value>155</Value>
      </HeartRateBpm>
      <Extensions>
       <TPX xmlns="http://www.garmin.com/xmlschemas/ActivityExtension/v2">
        <Speed>3.1</Speed>
       </TPX>
      </Extensions>
     </Trackpoint>
     <Trackpoint>
      <Time>2026-08-08T11:19:08Z</Time>
      <Position>
       <LatitudeDegrees>5.2335910</LatitudeDegrees>
       <LongitudeDegrees>100.4359310</LongitudeDegrees>
      </Position>
      <AltitudeMeters>5.5</AltitudeMeters>
      <DistanceMeters>2530.0</DistanceMeters>
      <HeartRateBpm>
       <Value>155</Value>
      </HeartRateBpm>
      <Extensions>
       <TPX xmlns="http://www.garmin.com/xmlschemas/ActivityExtension/v2">
        <Speed>3.1</Speed>
       </TPX>
      </Extensions>
     </Trackpoint>
     <Trackpoint>
      <Time>2026-08-08T11:19:09Z</Time>
      <Position>
       <LatitudeDegrees>5.2335960</LatitudeDegrees>
       <LongitudeDegrees>100.4359050</LongitudeDegrees>
      </Position>
      <AltitudeMeters>5.5</AltitudeMeters>
      <DistanceMeters>2532.9</DistanceMeters>
      <HeartRateBpm>
       <Value>155</Value>
      </HeartRateBpm>
      <Extensions>
       <TPX xmlns="http://www.garmin.com/xmlschemas/ActivityExtension/v2">
        <Speed>3.1</Speed>
       </TPX>
      </Extensions>
     </Trackpoint>
     <Trackpoint>
      <Time>2026-08-08T11:19:10Z</Time>
      <Position>
       <LatitudeDegrees>5.2335970</LatitudeDegrees>
       <LongitudeDegrees>100.4358800</LongitudeDegrees>
      </Position>
      <AltitudeMeters>5.5</AltitudeMeters>
      <DistanceMeters>2535.7</DistanceMeters>
      <HeartRateBpm>
       <Value>155</Value>
      </HeartRateBpm>
      <Extensions>
       <TPX xmlns="http://www.garmin.com/xmlschemas/ActivityExtension/v2">
        <Speed>3.0</Speed>
       </TPX>
      </Extensions>
     </Trackpoint>
     <Trackpoint>
      <Time>2026-08-08T11:19:11Z</Time>
      <Position>
       <LatitudeDegrees>5.2335960</LatitudeDegrees>
       <LongitudeDegrees>100.4358550</LongitudeDegrees>
      </Position>
      <AltitudeMeters>5.5</AltitudeMeters>
      <DistanceMeters>2538.4</DistanceMeters>
      <HeartRateBpm>
       <Value>155</Value>
      </HeartRateBpm>
      <Extensions>
       <TPX xmlns="http://www.garmin.com/xmlschemas/ActivityExtension/v2">
        <Speed>2.9</Speed>
       </TPX>
      </Extensions>
     </Trackpoint>
     <Trackpoint>
      <Time>2026-08-08T11:19:12Z</Time>
      <Position>
       <LatitudeDegrees>5.2335870</LatitudeDegrees>
       <LongitudeDegrees>100.4358290</LongitudeDegrees>
      </Position>
      <AltitudeMeters>5.5</AltitudeMeters>
      <DistanceMeters>2541.4</DistanceMeters>
      <HeartRateBpm>
       <Value>155</Value>
      </HeartRateBpm>
      <Extensions>
       <TPX xmlns="http://www.garmin.com/xmlschemas/ActivityExtension/v2">
        <Speed>2.8</Speed>
       </TPX>
      </Extensions>
     </Trackpoint>
     <Trackpoint>
      <Time>2026-08-08T11:19:13Z</Time>
      <Position>
       <LatitudeDegrees>5.2335740</LatitudeDegrees>
       <LongitudeDegrees>100.4358070</LongitudeDegrees>
      </Position>
      <AltitudeMeters>5.5</AltitudeMeters>
      <DistanceMeters>2544.2</DistanceMeters>
      <HeartRateBpm>
       <Value>155</Value>
      </HeartRateBpm>
      <Extensions>
       <TPX xmlns="http://www.garmin.com/xmlschemas/ActivityExtension/v2">
        <Speed>2.8</Speed>
       </TPX>
      </Extensions>
     </Trackpoint>
     <Trackpoint>
      <Time>2026-08-08T11:19:14Z</Time>
      <Position>
       <LatitudeDegrees>5.2335670</LatitudeDegrees>
       <LongitudeDegrees>100.4357850</LongitudeDegrees>
      </Position>
      <AltitudeMeters>5.5</AltitudeMeters>
      <DistanceMeters>2546.8</DistanceMeters>
      <HeartRateBpm>
       <Value>155</Value>
      </HeartRateBpm>
      <Extensions>
       <TPX xmlns="http://www.garmin.com/xmlschemas/ActivityExtension/v2">
        <Speed>2.8</Speed>
       </TPX>
      </Extensions>
     </Trackpoint>
     <Trackpoint>
      <Time>2026-08-08T11:19:15Z</Time>
      <Position>
       <LatitudeDegrees>5.2335550</LatitudeDegrees>
       <LongitudeDegrees>100.4357660</LongitudeDegrees>
      </Position>
      <AltitudeMeters>5.5</AltitudeMeters>
      <DistanceMeters>2549.3</DistanceMeters>
      <HeartRateBpm>
       <Value>155</Value>
      </HeartRateBpm>
      <Extensions>
       <TPX xmlns="http://www.garmin.com/xmlschemas/ActivityExtension/v2">
        <Speed>2.7</Speed>
       </TPX>
      </Extensions>
     </Trackpoint>
     <Trackpoint>
      <Time>2026-08-08T11:19:16Z</Time>
      <Position>
       <LatitudeDegrees>5.2335470</LatitudeDegrees>
       <LongitudeDegrees>100.4357440</LongitudeDegrees>
      </Position>
      <AltitudeMeters>5.5</AltitudeMeters>
      <DistanceMeters>2551.9</DistanceMeters>
      <HeartRateBpm>
       <Value>154</Value>
      </HeartRateBpm>
      <Extensions>
       <TPX xmlns="http://www.garmin.com/xmlschemas/ActivityExtension/v2">
        <Speed>2.7</Speed>
       </TPX>
      </Extensions>
     </Trackpoint>
     <Trackpoint>
      <Time>2026-08-08T11:19:17Z</Time>
      <Position>
       <LatitudeDegrees>5.2335430</LatitudeDegrees>
       <LongitudeDegrees>100.4357180</LongitudeDegrees>
      </Position>
      <AltitudeMeters>5.5</AltitudeMeters>
      <DistanceMeters>2554.8</DistanceMeters>
      <HeartRateBpm>
       <Value>154</Value>
      </HeartRateBpm>
      <Extensions>
       <TPX xmlns="http://www.garmin.com/xmlschemas/ActivityExtension/v2">
        <Speed>2.7</Speed>
       </TPX>
      </Extensions>
     </Trackpoint>
     <Trackpoint>
      <Time>2026-08-08T11:19:18Z</Time>
      <Position>
       <LatitudeDegrees>5.2335360</LatitudeDegrees>
       <LongitudeDegrees>100.4356950</LongitudeDegrees>
      </Position>
      <AltitudeMeters>5.6</AltitudeMeters>
      <DistanceMeters>2557.4</DistanceMeters>
      <HeartRateBpm>
       <Value>154</Value>
      </HeartRateBpm>
      <Extensions>
       <TPX xmlns="http://www.garmin.com/xmlschemas/ActivityExtension/v2">
        <Speed>2.6</Speed>
       </TPX>
      </Extensions>
     </Trackpoint>
     <Trackpoint>
      <Time>2026-08-08T11:19:19Z</Time>
      <Position>
       <LatitudeDegrees>5.2335310</LatitudeDegrees>
       <LongitudeDegrees>100.4356720</LongitudeDegrees>
      </Position>
      <AltitudeMeters>5.6</AltitudeMeters>
      <DistanceMeters>2560.0</DistanceMeters>
      <HeartRateBpm>
       <Value>154</Value>
      </HeartRateBpm>
      <Extensions>
       <TPX xmlns="http://www.garmin.com/xmlschemas/ActivityExtension/v2">
        <Speed>2.6</Speed>
       </TPX>
      </Extensions>
     </Trackpoint>
     <Trackpoint>
      <Time>2026-08-08T11:19:20Z</Time>
      <Position>
       <LatitudeDegrees>5.2335190</LatitudeDegrees>
       <LongitudeDegrees>100.4356500</LongitudeDegrees>
      </Position>
      <AltitudeMeters>5.6</AltitudeMeters>
      <DistanceMeters>2562.7</DistanceMeters>
      <HeartRateBpm>
       <Value>154</Value>
      </HeartRateBpm>
      <Extensions>
       <TPX xmlns="http://www.garmin.com/xmlschemas/ActivityExtension/v2">
        <Speed>2.7</Speed>
       </TPX>
      </Extensions>
     </Trackpoint>
     <Trackpoint>
      <Time>2026-08-08T11:19:21Z</Time>
      <Position>
       <LatitudeDegrees>5.2335060</LatitudeDegrees>
       <LongitudeDegrees>100.4356300</LongitudeDegrees>
      </Position>
      <AltitudeMeters>5.6</AltitudeMeters>
      <DistanceMeters>2565.3</DistanceMeters>
      <HeartRateBpm>
       <Value>154</Value>
      </HeartRateBpm>
      <Extensions>
       <TPX xmlns="http://www.garmin.com/xmlschemas/ActivityExtension/v2">
        <Speed>2.7</Speed>
       </TPX>
      </Extensions>
     </Trackpoint>
     <Trackpoint>
      <Time>2026-08-08T11:19:22Z</Time>
      <Position>
       <LatitudeDegrees>5.2334890</LatitudeDegrees>
       <LongitudeDegrees>100.4356050</LongitudeDegrees>
      </Position>
      <AltitudeMeters>5.6</AltitudeMeters>
      <DistanceMeters>2568.7</DistanceMeters>
      <HeartRateBpm>
       <Value>154</Value>
      </HeartRateBpm>
      <Extensions>
       <TPX xmlns="http://www.garmin.com/xmlschemas/ActivityExtension/v2">
        <Speed>2.8</Speed>
       </TPX>
      </Extensions>
     </Trackpoint>
     <Trackpoint>
      <Time>2026-08-08T11:19:23Z</Time>
      <Position>
       <LatitudeDegrees>5.2334810</LatitudeDegrees>
       <LongitudeDegrees>100.4355850</LongitudeDegrees>
      </Position>
      <AltitudeMeters>5.6</AltitudeMeters>
      <DistanceMeters>2571.1</DistanceMeters>
      <HeartRateBpm>
       <Value>154</Value>
      </HeartRateBpm>
      <Extensions>
       <TPX xmlns="http://www.garmin.com/xmlschemas/ActivityExtension/v2">
        <Speed>2.7</Speed>
       </TPX>
      </Extensions>
     </Trackpoint>
     <Trackpoint>
      <Time>2026-08-08T11:19:24Z</Time>
      <Position>
       <LatitudeDegrees>5.2334730</LatitudeDegrees>
       <LongitudeDegrees>100.4355660</LongitudeDegrees>
      </Position>
      <AltitudeMeters>5.6</AltitudeMeters>
      <DistanceMeters>2573.4</DistanceMeters>
      <HeartRateBpm>
       <Value>154</Value>
      </HeartRateBpm>
      <Extensions>
       <TPX xmlns="http://www.garmin.com/xmlschemas/ActivityExtension/v2">
        <Speed>2.7</Speed>
       </TPX>
      </Extensions>
     </Trackpoint>
     <Trackpoint>
      <Time>2026-08-08T11:19:25Z</Time>
      <Position>
       <LatitudeDegrees>5.2334700</LatitudeDegrees>
       <LongitudeDegrees>100.4355370</LongitudeDegrees>
      </Position>
      <AltitudeMeters>5.6</AltitudeMeters>
      <DistanceMeters>2576.6</DistanceMeters>
      <HeartRateBpm>
       <Value>153</Value>
      </HeartRateBpm>
      <Extensions>
       <TPX xmlns="http://www.garmin.com/xmlschemas/ActivityExtension/v2">
        <Speed>2.8</Speed>
       </TPX>
      </Extensions>
     </Trackpoint>
     <Trackpoint>
      <Time>2026-08-08T11:19:26Z</Time>
      <Position>
       <LatitudeDegrees>5.2334710</LatitudeDegrees>
       <LongitudeDegrees>100.4355110</LongitudeDegrees>
      </Position>
      <AltitudeMeters>5.6</AltitudeMeters>
      <DistanceMeters>2579.5</DistanceMeters>
      <HeartRateBpm>
       <Value>153</Value>
      </HeartRateBpm>
      <Extensions>
       <TPX xmlns="http://www.garmin.com/xmlschemas/ActivityExtension/v2">
        <Speed>2.8</Speed>
       </TPX>
      </Extensions>
     </Trackpoint>
     <Trackpoint>
      <Time>2026-08-08T11:19:27Z</Time>
      <Position>
       <LatitudeDegrees>5.2334750</LatitudeDegrees>
       <LongitudeDegrees>100.4354830</LongitudeDegrees>
      </Position>
      <AltitudeMeters>5.6</AltitudeMeters>
      <DistanceMeters>2582.6</DistanceMeters>
      <HeartRateBpm>
       <Value>153</Value>
      </HeartRateBpm>
      <Extensions>
       <TPX xmlns="http://www.garmin.com/xmlschemas/ActivityExtension/v2">
        <Speed>2.8</Speed>
       </TPX>
      </Extensions>
     </Trackpoint>
     <Trackpoint>
      <Time>2026-08-08T11:19:28Z</Time>
      <Position>
       <LatitudeDegrees>5.2334770</LatitudeDegrees>
       <LongitudeDegrees>100.4354540</LongitudeDegrees>
      </Position>
      <AltitudeMeters>5.6</AltitudeMeters>
      <DistanceMeters>2585.9</DistanceMeters>
      <HeartRateBpm>
       <Value>153</Value>
      </HeartRateBpm>
      <Extensions>
       <TPX xmlns="http://www.garmin.com/xmlschemas/ActivityExtension/v2">
        <Speed>3.0</Speed>
       </TPX>
      </Extensions>
     </Trackpoint>
     <Trackpoint>
      <Time>2026-08-08T11:19:29Z</Time>
      <Position>
       <LatitudeDegrees>5.2334760</LatitudeDegrees>
       <LongitudeDegrees>100.4354280</LongitudeDegrees>
      </Position>
      <AltitudeMeters>5.6</AltitudeMeters>
      <DistanceMeters>2588.7</DistanceMeters>
      <HeartRateBpm>
       <Value>153</Value>
      </HeartRateBpm>
      <Extensions>
       <TPX xmlns="http://www.garmin.com/xmlschemas/ActivityExtension/v2">
        <Speed>3.1</Speed>
       </TPX>
      </Extensions>
     </Trackpoint>
     <Trackpoint>
      <Time>2026-08-08T11:19:30Z</Time>
      <Position>
       <LatitudeDegrees>5.2334790</LatitudeDegrees>
       <LongitudeDegrees>100.4354020</LongitudeDegrees>
      </Position>
      <AltitudeMeters>5.6</AltitudeMeters>
      <DistanceMeters>2591.6</DistanceMeters>
      <HeartRateBpm>
       <Value>154</Value>
      </HeartRateBpm>
      <Extensions>
       <TPX xmlns="http://www.garmin.com/xmlschemas/ActivityExtension/v2">
        <Speed>3.0</Speed>
       </TPX>
      </Extensions>
     </Trackpoint>
     <Trackpoint>
      <Time>2026-08-08T11:19:31Z</Time>
      <Position>
       <LatitudeDegrees>5.2334800</LatitudeDegrees>
       <LongitudeDegrees>100.4353760</LongitudeDegrees>
      </Position>
      <AltitudeMeters>5.6</AltitudeMeters>
      <DistanceMeters>2594.4</DistanceMeters>
      <HeartRateBpm>
       <Value>154</Value>
      </HeartRateBpm>
      <Extensions>
       <TPX xmlns="http://www.garmin.com/xmlschemas/ActivityExtension/v2">
        <Speed>3.0</Speed>
       </TPX>
      </Extensions>
     </Trackpoint>
     <Trackpoint>
      <Time>2026-08-08T11:19:32Z</Time>
      <Position>
       <LatitudeDegrees>5.2334760</LatitudeDegrees>
       <LongitudeDegrees>100.4353530</LongitudeDegrees>
      </Position>
      <AltitudeMeters>5.6</AltitudeMeters>
      <DistanceMeters>2597.0</DistanceMeters>
      <HeartRateBpm>
       <Value>154</Value>
      </HeartRateBpm>
      <Extensions>
       <TPX xmlns="http://www.garmin.com/xmlschemas/ActivityExtension/v2">
        <Speed>2.9</Speed>
       </TPX>
      </Extensions>
     </Trackpoint>
     <Trackpoint>
      <Time>2026-08-08T11:19:33Z</Time>
      <Position>
       <LatitudeDegrees>5.2334670</LatitudeDegrees>
       <LongitudeDegrees>100.4353330</LongitudeDegrees>
      </Position>
      <AltitudeMeters>5.6</AltitudeMeters>
      <DistanceMeters>2599.4</DistanceMeters>
      <HeartRateBpm>
       <Value>154</Value>
      </HeartRateBpm>
      <Extensions>
       <TPX xmlns="http://www.garmin.com/xmlschemas/ActivityExtension/v2">
        <Speed>2.7</Speed>
       </TPX>
      </Extensions>
     </Trackpoint>
     <Trackpoint>
      <Time>2026-08-08T11:19:34Z</Time>
      <Position>
       <LatitudeDegrees>5.2334600</LatitudeDegrees>
       <LongitudeDegrees>100.4353130</LongitudeDegrees>
      </Position>
      <AltitudeMeters>5.6</AltitudeMeters>
      <DistanceMeters>2601.8</DistanceMeters>
      <HeartRateBpm>
       <Value>153</Value>
      </HeartRateBpm>
      <Extensions>
       <TPX xmlns="http://www.garmin.com/xmlschemas/ActivityExtension/v2">
        <Speed>2.6</Speed>
       </TPX>
      </Extensions>
     </Trackpoint>
     <Trackpoint>
      <Time>2026-08-08T11:19:35Z</Time>
      <Position>
       <LatitudeDegrees>5.2334530</LatitudeDegrees>
       <LongitudeDegrees>100.4352920</LongitudeDegrees>
      </Position>
      <AltitudeMeters>5.6</AltitudeMeters>
      <DistanceMeters>2604.3</DistanceMeters>
      <HeartRateBpm>
       <Value>153</Value>
      </HeartRateBpm>
      <Extensions>
       <TPX xmlns="http://www.garmin.com/xmlschemas/ActivityExtension/v2">
        <Speed>2.5</Speed>
       </TPX>
      </Extensions>
     </Trackpoint>
     <Trackpoint>
      <Time>2026-08-08T11:19:36Z</Time>
      <Position>
       <LatitudeDegrees>5.2334480</LatitudeDegrees>
       <LongitudeDegrees>100.4352720</LongitudeDegrees>
      </Position>
      <AltitudeMeters>5.6</AltitudeMeters>
      <DistanceMeters>2606.6</DistanceMeters>
      <HeartRateBpm>
       <Value>154</Value>
      </HeartRateBpm>
      <Extensions>
       <TPX xmlns="http://www.garmin.com/xmlschemas/ActivityExtension/v2">
        <Speed>2.4</Speed>
       </TPX>
      </Extensions>
     </Trackpoint>
     <Trackpoint>
      <Time>2026-08-08T11:19:37Z</Time>
      <Position>
       <LatitudeDegrees>5.2334440</LatitudeDegrees>
       <LongitudeDegrees>100.4352500</LongitudeDegrees>
      </Position>
      <AltitudeMeters>5.6</AltitudeMeters>
      <DistanceMeters>2609.1</DistanceMeters>
      <HeartRateBpm>
       <Value>154</Value>
      </HeartRateBpm>
      <Extensions>
       <TPX xmlns="http://www.garmin.com/xmlschemas/ActivityExtension/v2">
        <Speed>2.4</Speed>
       </TPX>
      </Extensions>
     </Trackpoint>
     <Trackpoint>
      <Time>2026-08-08T11:19:38Z</Time>
      <Position>
       <LatitudeDegrees>5.2334390</LatitudeDegrees>
       <LongitudeDegrees>100.4352290</LongitudeDegrees>
      </Position>
      <AltitudeMeters>5.6</AltitudeMeters>
      <DistanceMeters>2611.5</DistanceMeters>
      <HeartRateBpm>
       <Value>154</Value>
      </HeartRateBpm>
      <Extensions>
       <TPX xmlns="http://www.garmin.com/xmlschemas/ActivityExtension/v2">
        <Speed>2.4</Speed>
       </TPX>
      </Extensions>
     </Trackpoint>
     <Trackpoint>
      <Time>2026-08-08T11:19:39Z</Time>
      <Position>
       <LatitudeDegrees>5.2334340</LatitudeDegrees>
       <LongitudeDegrees>100.4352060</LongitudeDegrees>
      </Position>
      <AltitudeMeters>5.6</AltitudeMeters>
      <DistanceMeters>2614.1</DistanceMeters>
      <HeartRateBpm>
       <Value>153</Value>
      </HeartRateBpm>
      <Extensions>
       <TPX xmlns="http://www.garmin.com/xmlschemas/ActivityExtension/v2">
        <Speed>2.5</Speed>
       </TPX>
      </Extensions>
     </Trackpoint>
     <Trackpoint>
      <Time>2026-08-08T11:19:40Z</Time>
      <Position>
       <LatitudeDegrees>5.2334290</LatitudeDegrees>
       <LongitudeDegrees>100.4351840</LongitudeDegrees>
      </Position>
      <AltitudeMeters>5.6</AltitudeMeters>
      <DistanceMeters>2616.5</DistanceMeters>
      <HeartRateBpm>
       <Value>153</Value>
      </HeartRateBpm>
      <Extensions>
       <TPX xmlns="http://www.garmin.com/xmlschemas/ActivityExtension/v2">
        <Speed>2.4</Speed>
       </TPX>
      </Extensions>
     </Trackpoint>
     <Trackpoint>
      <Time>2026-08-08T11:19:41Z</Time>
      <Position>
       <LatitudeDegrees>5.2334230</LatitudeDegrees>
       <LongitudeDegrees>100.4351620</LongitudeDegrees>
      </Position>
      <AltitudeMeters>5.6</AltitudeMeters>
      <DistanceMeters>2619.0</DistanceMeters>
      <HeartRateBpm>
       <Value>153</Value>
      </HeartRateBpm>
      <Extensions>
       <TPX xmlns="http://www.garmin.com/xmlschemas/ActivityExtension/v2">
        <Speed>2.5</Speed>
       </TPX>
      </Extensions>
     </Trackpoint>
     <Trackpoint>
      <Time>2026-08-08T11:19:42Z</Time>
      <Position>
       <LatitudeDegrees>5.2334160</LatitudeDegrees>
       <LongitudeDegrees>100.4351350</LongitudeDegrees>
      </Position>
      <AltitudeMeters>5.6</AltitudeMeters>
      <DistanceMeters>2622.1</DistanceMeters>
      <HeartRateBpm>
       <Value>153</Value>
      </HeartRateBpm>
      <Extensions>
       <TPX xmlns="http://www.garmin.com/xmlschemas/ActivityExtension/v2">
        <Speed>2.6</Speed>
       </TPX>
      </Extensions>
     </Trackpoint>
     <Trackpoint>
      <Time>2026-08-08T11:19:43Z</Time>
      <Position>
       <LatitudeDegrees>5.2334130</LatitudeDegrees>
       <LongitudeDegrees>100.4351150</LongitudeDegrees>
      </Position>
      <AltitudeMeters>5.6</AltitudeMeters>
      <DistanceMeters>2624.3</DistanceMeters>
      <HeartRateBpm>
       <Value>154</Value>
      </HeartRateBpm>
      <Extensions>
       <TPX xmlns="http://www.garmin.com/xmlschemas/ActivityExtension/v2">
        <Speed>2.6</Speed>
       </TPX>
      </Extensions>
     </Trackpoint>
     <Trackpoint>
      <Time>2026-08-08T11:19:44Z</Time>
      <Position>
       <LatitudeDegrees>5.2334090</LatitudeDegrees>
       <LongitudeDegrees>100.4350920</LongitudeDegrees>
      </Position>
      <AltitudeMeters>5.6</AltitudeMeters>
      <DistanceMeters>2626.9</DistanceMeters>
      <HeartRateBpm>
       <Value>154</Value>
      </HeartRateBpm>
      <Extensions>
       <TPX xmlns="http://www.garmin.com/xmlschemas/ActivityExtension/v2">
        <Speed>2.6</Speed>
       </TPX>
      </Extensions>
     </Trackpoint>
     <Trackpoint>
      <Time>2026-08-08T11:19:45Z</Time>
      <Position>
       <LatitudeDegrees>5.2334020</LatitudeDegrees>
       <LongitudeDegrees>100.4350690</LongitudeDegrees>
      </Position>
      <AltitudeMeters>5.6</AltitudeMeters>
      <DistanceMeters>2629.6</DistanceMeters>
      <HeartRateBpm>
       <Value>153</Value>
      </HeartRateBpm>
      <Extensions>
       <TPX xmlns="http://www.garmin.com/xmlschemas/ActivityExtension/v2">
        <Speed>2.6</Speed>
       </TPX>
      </Extensions>
     </Trackpoint>
     <Trackpoint>
      <Time>2026-08-08T11:19:46Z</Time>
      <Position>
       <LatitudeDegrees>5.2333960</LatitudeDegrees>
       <LongitudeDegrees>100.4350460</LongitudeDegrees>
      </Position>
      <AltitudeMeters>5.6</AltitudeMeters>
      <DistanceMeters>2632.3</DistanceMeters>
      <HeartRateBpm>
       <Value>153</Value>
      </HeartRateBpm>
      <Extensions>
       <TPX xmlns="http://www.garmin.com/xmlschemas/ActivityExtension/v2">
        <Speed>2.7</Speed>
       </TPX>
      </Extensions>
     </Trackpoint>
     <Trackpoint>
      <Time>2026-08-08T11:19:47Z</Time>
      <Position>
       <LatitudeDegrees>5.2333900</LatitudeDegrees>
       <LongitudeDegrees>100.4350250</LongitudeDegrees>
      </Position>
      <AltitudeMeters>5.6</AltitudeMeters>
      <DistanceMeters>2634.7</DistanceMeters>
      <HeartRateBpm>
       <Value>153</Value>
      </HeartRateBpm>
      <Extensions>
       <TPX xmlns="http://www.garmin.com/xmlschemas/ActivityExtension/v2">
        <Speed>2.5</Speed>
       </TPX>
      </Extensions>
     </Trackpoint>
     <Trackpoint>
      <Time>2026-08-08T11:19:48Z</Time>
      <Position>
       <LatitudeDegrees>5.2333850</LatitudeDegrees>
       <LongitudeDegrees>100.4350010</LongitudeDegrees>
      </Position>
      <AltitudeMeters>5.6</AltitudeMeters>
      <DistanceMeters>2637.4</DistanceMeters>
      <HeartRateBpm>
       <Value>153</Value>
      </HeartRateBpm>
      <Extensions>
       <TPX xmlns="http://www.garmin.com/xmlschemas/ActivityExtension/v2">
        <Speed>2.6</Speed>
       </TPX>
      </Extensions>
     </Trackpoint>
     <Trackpoint>
      <Time>2026-08-08T11:19:49Z</Time>
      <Position>
       <LatitudeDegrees>5.2333830</LatitudeDegrees>
       <LongitudeDegrees>100.4349770</LongitudeDegrees>
      </Position>
      <AltitudeMeters>5.6</AltitudeMeters>
      <DistanceMeters>2640.1</DistanceMeters>
      <HeartRateBpm>
       <Value>153</Value>
      </HeartRateBpm>
      <Extensions>
       <TPX xmlns="http://www.garmin.com/xmlschemas/ActivityExtension/v2">
        <Speed>2.6</Speed>
       </TPX>
      </Extensions>
     </Trackpoint>
     <Trackpoint>
      <Time>2026-08-08T11:19:50Z</Time>
      <Position>
       <LatitudeDegrees>5.2333830</LatitudeDegrees>
       <LongitudeDegrees>100.4349530</LongitudeDegrees>
      </Position>
      <AltitudeMeters>5.6</AltitudeMeters>
      <DistanceMeters>2642.7</DistanceMeters>
      <HeartRateBpm>
       <Value>153</Value>
      </HeartRateBpm>
      <Extensions>
       <TPX xmlns="http://www.garmin.com/xmlschemas/ActivityExtension/v2">
        <Speed>2.6</Speed>
       </TPX>
      </Extensions>
     </Trackpoint>
     <Trackpoint>
      <Time>2026-08-08T11:19:51Z</Time>
      <Position>
       <LatitudeDegrees>5.2333860</LatitudeDegrees>
       <LongitudeDegrees>100.4349290</LongitudeDegrees>
      </Position>
      <AltitudeMeters>5.6</AltitudeMeters>
      <DistanceMeters>2645.4</DistanceMeters>
      <HeartRateBpm>
       <Value>152</Value>
      </HeartRateBpm>
      <Extensions>
       <TPX xmlns="http://www.garmin.com/xmlschemas/ActivityExtension/v2">
        <Speed>2.6</Speed>
       </TPX>
      </Extensions>
     </Trackpoint>
     <Trackpoint>
      <Time>2026-08-08T11:19:52Z</Time>
      <Position>
       <LatitudeDegrees>5.2333890</LatitudeDegrees>
       <LongitudeDegrees>100.4349080</LongitudeDegrees>
      </Position>
      <AltitudeMeters>5.6</AltitudeMeters>
      <DistanceMeters>2647.7</DistanceMeters>
      <HeartRateBpm>
       <Value>153</Value>
      </HeartRateBpm>
      <Extensions>
       <TPX xmlns="http://www.garmin.com/xmlschemas/ActivityExtension/v2">
        <Speed>2.6</Speed>
       </TPX>
      </Extensions>
     </Trackpoint>
     <Trackpoint>
      <Time>2026-08-08T11:19:53Z</Time>
      <Position>
       <LatitudeDegrees>5.2333920</LatitudeDegrees>
       <LongitudeDegrees>100.4348840</LongitudeDegrees>
      </Position>
      <AltitudeMeters>5.6</AltitudeMeters>
      <DistanceMeters>2650.4</DistanceMeters>
      <HeartRateBpm>
       <Value>153</Value>
      </HeartRateBpm>
      <Extensions>
       <TPX xmlns="http://www.garmin.com/xmlschemas/ActivityExtension/v2">
        <Speed>2.6</Speed>
       </TPX>
      </Extensions>
     </Trackpoint>
     <Trackpoint>
      <Time>2026-08-08T11:19:54Z</Time>
      <Position>
       <LatitudeDegrees>5.2334000</LatitudeDegrees>
       <LongitudeDegrees>100.4348640</LongitudeDegrees>
      </Position>
      <AltitudeMeters>5.6</AltitudeMeters>
      <DistanceMeters>2652.8</DistanceMeters>
      <HeartRateBpm>
       <Value>153</Value>
      </HeartRateBpm>
      <Extensions>
       <TPX xmlns="http://www.garmin.com/xmlschemas/ActivityExtension/v2">
        <Speed>2.5</Speed>
       </TPX>
      </Extensions>
     </Trackpoint>
     <Trackpoint>
      <Time>2026-08-08T11:19:55Z</Time>
      <Position>
       <LatitudeDegrees>5.2334090</LatitudeDegrees>
       <LongitudeDegrees>100.4348440</LongitudeDegrees>
      </Position>
      <AltitudeMeters>5.6</AltitudeMeters>
      <DistanceMeters>2655.2</DistanceMeters>
      <HeartRateBpm>
       <Value>153</Value>
      </HeartRateBpm>
      <Extensions>
       <TPX xmlns="http://www.garmin.com/xmlschemas/ActivityExtension/v2">
        <Speed>2.5</Speed>
       </TPX>
      </Extensions>
     </Trackpoint>
     <Trackpoint>
      <Time>2026-08-08T11:19:56Z</Time>
      <Position>
       <LatitudeDegrees>5.2334190</LatitudeDegrees>
       <LongitudeDegrees>100.4348260</LongitudeDegrees>
      </Position>
      <AltitudeMeters>5.6</AltitudeMeters>
      <DistanceMeters>2657.4</DistanceMeters>
      <HeartRateBpm>
       <Value>153</Value>
      </HeartRateBpm>
      <Extensions>
       <TPX xmlns="http://www.garmin.com/xmlschemas/ActivityExtension/v2">
        <Speed>2.4</Speed>
       </TPX>
      </Extensions>
     </Trackpoint>
     <Trackpoint>
      <Time>2026-08-08T11:19:57Z</Time>
      <Position>
       <LatitudeDegrees>5.2334280</LatitudeDegrees>
       <LongitudeDegrees>100.4348080</LongitudeDegrees>
      </Position>
      <AltitudeMeters>5.6</AltitudeMeters>
      <DistanceMeters>2659.6</DistanceMeters>
      <HeartRateBpm>
       <Value>154</Value>
      </HeartRateBpm>
      <Extensions>
       <TPX xmlns="http://www.garmin.com/xmlschemas/ActivityExtension/v2">
        <Speed>2.4</Speed>
       </TPX>
      </Extensions>
     </Trackpoint>
     <Trackpoint>
      <Time>2026-08-08T11:19:58Z</Time>
      <Position>
       <LatitudeDegrees>5.2334390</LatitudeDegrees>
       <LongitudeDegrees>100.4347890</LongitudeDegrees>
      </Position>
      <AltitudeMeters>5.7</AltitudeMeters>
      <DistanceMeters>2662.1</DistanceMeters>
      <HeartRateBpm>
       <Value>153</Value>
      </HeartRateBpm>
      <Extensions>
       <TPX xmlns="http://www.garmin.com/xmlschemas/ActivityExtension/v2">
        <Speed>2.3</Speed>
       </TPX>
      </Extensions>
     </Trackpoint>
     <Trackpoint>
      <Time>2026-08-08T11:19:59Z</Time>
      <Position>
       <LatitudeDegrees>5.2334500</LatitudeDegrees>
       <LongitudeDegrees>100.4347710</LongitudeDegrees>
      </Position>
      <AltitudeMeters>5.7</AltitudeMeters>
      <DistanceMeters>2664.4</DistanceMeters>
      <HeartRateBpm>
       <Value>154</Value>
      </HeartRateBpm>
      <Extensions>
       <TPX xmlns="http://www.garmin.com/xmlschemas/ActivityExtension/v2">
        <Speed>2.3</Speed>
       </TPX>
      </Extensions>
     </Trackpoint>
     <Trackpoint>
      <Time>2026-08-08T11:20:00Z</Time>
      <Position>
       <LatitudeDegrees>5.2334640</LatitudeDegrees>
       <LongitudeDegrees>100.4347470</LongitudeDegrees>
      </Position>
      <AltitudeMeters>5.7</AltitudeMeters>
      <DistanceMeters>2667.5</DistanceMeters>
      <HeartRateBpm>
       <Value>154</Value>
      </HeartRateBpm>
      <Extensions>
       <TPX xmlns="http://www.garmin.com/xmlschemas/ActivityExtension/v2">
        <Speed>2.5</Speed>
       </TPX>
      </Extensions>
     </Trackpoint>
     <Trackpoint>
      <Time>2026-08-08T11:20:01Z</Time>
      <Position>
       <LatitudeDegrees>5.2334770</LatitudeDegrees>
       <LongitudeDegrees>100.4347270</LongitudeDegrees>
      </Position>
      <AltitudeMeters>5.7</AltitudeMeters>
      <DistanceMeters>2670.2</DistanceMeters>
      <HeartRateBpm>
       <Value>153</Value>
      </HeartRateBpm>
      <Extensions>
       <TPX xmlns="http://www.garmin.com/xmlschemas/ActivityExtension/v2">
        <Speed>2.6</Speed>
       </TPX>
      </Extensions>
     </Trackpoint>
     <Trackpoint>
      <Time>2026-08-08T11:20:02Z</Time>
      <Position>
       <LatitudeDegrees>5.2334930</LatitudeDegrees>
       <LongitudeDegrees>100.4347060</LongitudeDegrees>
      </Position>
      <AltitudeMeters>5.7</AltitudeMeters>
      <DistanceMeters>2673.2</DistanceMeters>
      <HeartRateBpm>
       <Value>153</Value>
      </HeartRateBpm>
      <Extensions>
       <TPX xmlns="http://www.garmin.com/xmlschemas/ActivityExtension/v2">
        <Speed>2.7</Speed>
       </TPX>
      </Extensions>
     </Trackpoint>
     <Trackpoint>
      <Time>2026-08-08T11:20:03Z</Time>
      <Position>
       <LatitudeDegrees>5.2335060</LatitudeDegrees>
       <LongitudeDegrees>100.4346910</LongitudeDegrees>
      </Position>
      <AltitudeMeters>5.7</AltitudeMeters>
      <DistanceMeters>2675.4</DistanceMeters>
      <HeartRateBpm>
       <Value>153</Value>
      </HeartRateBpm>
      <Extensions>
       <TPX xmlns="http://www.garmin.com/xmlschemas/ActivityExtension/v2">
        <Speed>2.7</Speed>
       </TPX>
      </Extensions>
     </Trackpoint>
     <Trackpoint>
      <Time>2026-08-08T11:20:04Z</Time>
      <Position>
       <LatitudeDegrees>5.2335210</LatitudeDegrees>
       <LongitudeDegrees>100.4346760</LongitudeDegrees>
      </Position>
      <AltitudeMeters>5.7</AltitudeMeters>
      <DistanceMeters>2677.7</DistanceMeters>
      <HeartRateBpm>
       <Value>153</Value>
      </HeartRateBpm>
      <Extensions>
       <TPX xmlns="http://www.garmin.com/xmlschemas/ActivityExtension/v2">
        <Speed>2.7</Speed>
       </TPX>
      </Extensions>
     </Trackpoint>
     <Trackpoint>
      <Time>2026-08-08T11:20:05Z</Time>
      <Position>
       <LatitudeDegrees>5.2335390</LatitudeDegrees>
       <LongitudeDegrees>100.4346610</LongitudeDegrees>
      </Position>
      <AltitudeMeters>5.7</AltitudeMeters>
      <DistanceMeters>2680.3</DistanceMeters>
      <HeartRateBpm>
       <Value>153</Value>
      </HeartRateBpm>
      <Extensions>
       <TPX xmlns="http://www.garmin.com/xmlschemas/ActivityExtension/v2">
        <Speed>2.6</Speed>
       </TPX>
      </Extensions>
     </Trackpoint>
     <Trackpoint>
      <Time>2026-08-08T11:20:06Z</Time>
      <Position>
       <LatitudeDegrees>5.2335570</LatitudeDegrees>
       <LongitudeDegrees>100.4346470</LongitudeDegrees>
      </Position>
      <AltitudeMeters>5.7</AltitudeMeters>
      <DistanceMeters>2682.9</DistanceMeters>
      <HeartRateBpm>
       <Value>153</Value>
      </HeartRateBpm>
      <Extensions>
       <TPX xmlns="http://www.garmin.com/xmlschemas/ActivityExtension/v2">
        <Speed>2.5</Speed>
       </TPX>
      </Extensions>
     </Trackpoint>
     <Trackpoint>
      <Time>2026-08-08T11:20:07Z</Time>
      <Position>
       <LatitudeDegrees>5.2335780</LatitudeDegrees>
       <LongitudeDegrees>100.4346330</LongitudeDegrees>
      </Position>
      <AltitudeMeters>5.7</AltitudeMeters>
      <DistanceMeters>2685.7</DistanceMeters>
      <HeartRateBpm>
       <Value>153</Value>
      </HeartRateBpm>
      <Extensions>
       <TPX xmlns="http://www.garmin.com/xmlschemas/ActivityExtension/v2">
        <Speed>2.5</Speed>
       </TPX>
      </Extensions>
     </Trackpoint>
     <Trackpoint>
      <Time>2026-08-08T11:20:08Z</Time>
      <Position>
       <LatitudeDegrees>5.2335990</LatitudeDegrees>
       <LongitudeDegrees>100.4346190</LongitudeDegrees>
      </Position>
      <AltitudeMeters>5.7</AltitudeMeters>
      <DistanceMeters>2688.4</DistanceMeters>
      <HeartRateBpm>
       <Value>153</Value>
      </HeartRateBpm>
      <Extensions>
       <TPX xmlns="http://www.garmin.com/xmlschemas/ActivityExtension/v2">
        <Speed>2.6</Speed>
       </TPX>
      </Extensions>
     </Trackpoint>
     <Trackpoint>
      <Time>2026-08-08T11:20:09Z</Time>
      <Position>
       <LatitudeDegrees>5.2336230</LatitudeDegrees>
       <LongitudeDegrees>100.4346090</LongitudeDegrees>
      </Position>
      <AltitudeMeters>5.7</AltitudeMeters>
      <DistanceMeters>2691.3</DistanceMeters>
      <HeartRateBpm>
       <Value>153</Value>
      </HeartRateBpm>
      <Extensions>
       <TPX xmlns="http://www.garmin.com/xmlschemas/ActivityExtension/v2">
        <Speed>2.7</Speed>
       </TPX>
      </Extensions>
     </Trackpoint>
     <Trackpoint>
      <Time>2026-08-08T11:20:10Z</Time>
      <Position>
       <LatitudeDegrees>5.2336470</LatitudeDegrees>
       <LongitudeDegrees>100.4346030</LongitudeDegrees>
      </Position>
      <AltitudeMeters>5.7</AltitudeMeters>
      <DistanceMeters>2694.0</DistanceMeters>
      <HeartRateBpm>
       <Value>153</Value>
      </HeartRateBpm>
      <Extensions>
       <TPX xmlns="http://www.garmin.com/xmlschemas/ActivityExtension/v2">
        <Speed>2.7</Speed>
       </TPX>
      </Extensions>
     </Trackpoint>
     <Trackpoint>
      <Time>2026-08-08T11:20:11Z</Time>
      <Position>
       <LatitudeDegrees>5.2336710</LatitudeDegrees>
       <LongitudeDegrees>100.4346010</LongitudeDegrees>
      </Position>
      <AltitudeMeters>5.7</AltitudeMeters>
      <DistanceMeters>2696.7</DistanceMeters>
      <HeartRateBpm>
       <Value>153</Value>
      </HeartRateBpm>
      <Extensions>
       <TPX xmlns="http://www.garmin.com/xmlschemas/ActivityExtension/v2">
        <Speed>2.8</Speed>
       </TPX>
      </Extensions>
     </Trackpoint>
     <Trackpoint>
      <Time>2026-08-08T11:20:12Z</Time>
      <Position>
       <LatitudeDegrees>5.2336950</LatitudeDegrees>
       <LongitudeDegrees>100.4345960</LongitudeDegrees>
      </Position>
      <AltitudeMeters>5.7</AltitudeMeters>
      <DistanceMeters>2699.4</DistanceMeters>
      <HeartRateBpm>
       <Value>153</Value>
      </HeartRateBpm>
      <Extensions>
       <TPX xmlns="http://www.garmin.com/xmlschemas/ActivityExtension/v2">
        <Speed>2.8</Speed>
       </TPX>
      </Extensions>
     </Trackpoint>
     <Trackpoint>
      <Time>2026-08-08T11:20:13Z</Time>
      <Position>
       <LatitudeDegrees>5.2337170</LatitudeDegrees>
       <LongitudeDegrees>100.4345880</LongitudeDegrees>
      </Position>
      <AltitudeMeters>5.7</AltitudeMeters>
      <DistanceMeters>2702.0</DistanceMeters>
      <HeartRateBpm>
       <Value>154</Value>
      </HeartRateBpm>
      <Extensions>
       <TPX xmlns="http://www.garmin.com/xmlschemas/ActivityExtension/v2">
        <Speed>2.7</Speed>
       </TPX>
      </Extensions>
     </Trackpoint>
     <Trackpoint>
      <Time>2026-08-08T11:20:14Z</Time>
      <Position>
       <LatitudeDegrees>5.2337370</LatitudeDegrees>
       <LongitudeDegrees>100.4345800</LongitudeDegrees>
      </Position>
      <AltitudeMeters>5.7</AltitudeMeters>
      <DistanceMeters>2704.4</DistanceMeters>
      <HeartRateBpm>
       <Value>153</Value>
      </HeartRateBpm>
      <Extensions>
       <TPX xmlns="http://www.garmin.com/xmlschemas/ActivityExtension/v2">
        <Speed>2.6</Speed>
       </TPX>
      </Extensions>
     </Trackpoint>
     <Trackpoint>
      <Time>2026-08-08T11:20:15Z</Time>
      <Position>
       <LatitudeDegrees>5.2337580</LatitudeDegrees>
       <LongitudeDegrees>100.4345720</LongitudeDegrees>
      </Position>
      <AltitudeMeters>5.7</AltitudeMeters>
      <DistanceMeters>2706.9</DistanceMeters>
      <HeartRateBpm>
       <Value>153</Value>
      </HeartRateBpm>
      <Extensions>
       <TPX xmlns="http://www.garmin.com/xmlschemas/ActivityExtension/v2">
        <Speed>2.6</Speed>
       </TPX>
      </Extensions>
     </Trackpoint>
     <Trackpoint>
      <Time>2026-08-08T11:20:16Z</Time>
      <Position>
       <LatitudeDegrees>5.2337780</LatitudeDegrees>
       <LongitudeDegrees>100.4345620</LongitudeDegrees>
      </Position>
      <AltitudeMeters>5.7</AltitudeMeters>
      <DistanceMeters>2709.4</DistanceMeters>
      <HeartRateBpm>
       <Value>153</Value>
      </HeartRateBpm>
      <Extensions>
       <TPX xmlns="http://www.garmin.com/xmlschemas/ActivityExtension/v2">
        <Speed>2.5</Speed>
       </TPX>
      </Extensions>
     </Trackpoint>
     <Trackpoint>
      <Time>2026-08-08T11:20:17Z</Time>
      <Position>
       <LatitudeDegrees>5.2337990</LatitudeDegrees>
       <LongitudeDegrees>100.4345530</LongitudeDegrees>
      </Position>
      <AltitudeMeters>5.6</AltitudeMeters>
      <DistanceMeters>2711.9</DistanceMeters>
      <HeartRateBpm>
       <Value>154</Value>
      </HeartRateBpm>
      <Extensions>
       <TPX xmlns="http://www.garmin.com/xmlschemas/ActivityExtension/v2">
        <Speed>2.5</Speed>
       </TPX>
      </Extensions>
     </Trackpoint>
     <Trackpoint>
      <Time>2026-08-08T11:20:18Z</Time>
      <Position>
       <LatitudeDegrees>5.2338220</LatitudeDegrees>
       <LongitudeDegrees>100.4345470</LongitudeDegrees>
      </Position>
      <AltitudeMeters>5.6</AltitudeMeters>
      <DistanceMeters>2714.5</DistanceMeters>
      <HeartRateBpm>
       <Value>154</Value>
      </HeartRateBpm>
      <Extensions>
       <TPX xmlns="http://www.garmin.com/xmlschemas/ActivityExtension/v2">
        <Speed>2.5</Speed>
       </TPX>
      </Extensions>
     </Trackpoint>
     <Trackpoint>
      <Time>2026-08-08T11:20:19Z</Time>
      <Position>
       <LatitudeDegrees>5.2338450</LatitudeDegrees>
       <LongitudeDegrees>100.4345430</LongitudeDegrees>
      </Position>
      <AltitudeMeters>5.6</AltitudeMeters>
      <DistanceMeters>2717.2</DistanceMeters>
      <HeartRateBpm>
       <Value>154</Value>
      </HeartRateBpm>
      <Extensions>
       <TPX xmlns="http://www.garmin.com/xmlschemas/ActivityExtension/v2">
        <Speed>2.6</Speed>
       </TPX>
      </Extensions>
     </Trackpoint>
     <Trackpoint>
      <Time>2026-08-08T11:20:20Z</Time>
      <Position>
       <LatitudeDegrees>5.2338680</LatitudeDegrees>
       <LongitudeDegrees>100.4345400</LongitudeDegrees>
      </Position>
      <AltitudeMeters>5.6</AltitudeMeters>
      <DistanceMeters>2719.8</DistanceMeters>
      <HeartRateBpm>
       <Value>154</Value>
      </HeartRateBpm>
      <Extensions>
       <TPX xmlns="http://www.garmin.com/xmlschemas/ActivityExtension/v2">
        <Speed>2.6</Speed>
       </TPX>
      </Extensions>
     </Trackpoint>
     <Trackpoint>
      <Time>2026-08-08T11:20:21Z</Time>
      <Position>
       <LatitudeDegrees>5.2338910</LatitudeDegrees>
       <LongitudeDegrees>100.4345350</LongitudeDegrees>
      </Position>
      <AltitudeMeters>5.6</AltitudeMeters>
      <DistanceMeters>2722.4</DistanceMeters>
      <HeartRateBpm>
       <Value>154</Value>
      </HeartRateBpm>
      <Extensions>
       <TPX xmlns="http://www.garmin.com/xmlschemas/ActivityExtension/v2">
        <Speed>2.6</Speed>
       </TPX>
      </Extensions>
     </Trackpoint>
     <Trackpoint>
      <Time>2026-08-08T11:20:22Z</Time>
      <Position>
       <LatitudeDegrees>5.2339280</LatitudeDegrees>
       <LongitudeDegrees>100.4345250</LongitudeDegrees>
      </Position>
      <AltitudeMeters>5.6</AltitudeMeters>
      <DistanceMeters>2726.6</DistanceMeters>
      <HeartRateBpm>
       <Value>155</Value>
      </HeartRateBpm>
      <Extensions>
       <TPX xmlns="http://www.garmin.com/xmlschemas/ActivityExtension/v2">
        <Speed>2.9</Speed>
       </TPX>
      </Extensions>
     </Trackpoint>
     <Trackpoint>
      <Time>2026-08-08T11:20:23Z</Time>
      <Position>
       <LatitudeDegrees>5.2339460</LatitudeDegrees>
       <LongitudeDegrees>100.4345210</LongitudeDegrees>
      </Position>
      <AltitudeMeters>5.6</AltitudeMeters>
      <DistanceMeters>2728.7</DistanceMeters>
      <HeartRateBpm>
       <Value>155</Value>
      </HeartRateBpm>
      <Extensions>
       <TPX xmlns="http://www.garmin.com/xmlschemas/ActivityExtension/v2">
        <Speed>2.8</Speed>
       </TPX>
      </Extensions>
     </Trackpoint>
     <Trackpoint>
      <Time>2026-08-08T11:20:24Z</Time>
      <Position>
       <LatitudeDegrees>5.2339690</LatitudeDegrees>
       <LongitudeDegrees>100.4345150</LongitudeDegrees>
      </Position>
      <AltitudeMeters>5.6</AltitudeMeters>
      <DistanceMeters>2731.3</DistanceMeters>
      <HeartRateBpm>
       <Value>155</Value>
      </HeartRateBpm>
      <Extensions>
       <TPX xmlns="http://www.garmin.com/xmlschemas/ActivityExtension/v2">
        <Speed>2.8</Speed>
       </TPX>
      </Extensions>
     </Trackpoint>
     <Trackpoint>
      <Time>2026-08-08T11:20:25Z</Time>
      <Position>
       <LatitudeDegrees>5.2339930</LatitudeDegrees>
       <LongitudeDegrees>100.4345090</LongitudeDegrees>
      </Position>
      <AltitudeMeters>5.6</AltitudeMeters>
      <DistanceMeters>2734.1</DistanceMeters>
      <HeartRateBpm>
       <Value>155</Value>
      </HeartRateBpm>
      <Extensions>
       <TPX xmlns="http://www.garmin.com/xmlschemas/ActivityExtension/v2">
        <Speed>2.9</Speed>
       </TPX>
      </Extensions>
     </Trackpoint>
     <Trackpoint>
      <Time>2026-08-08T11:20:26Z</Time>
      <Position>
       <LatitudeDegrees>5.2340150</LatitudeDegrees>
       <LongitudeDegrees>100.4345030</LongitudeDegrees>
      </Position>
      <AltitudeMeters>5.6</AltitudeMeters>
      <DistanceMeters>2736.6</DistanceMeters>
      <HeartRateBpm>
       <Value>155</Value>
      </HeartRateBpm>
      <Extensions>
       <TPX xmlns="http://www.garmin.com/xmlschemas/ActivityExtension/v2">
        <Speed>2.8</Speed>
       </TPX>
      </Extensions>
     </Trackpoint>
     <Trackpoint>
      <Time>2026-08-08T11:20:27Z</Time>
      <Position>
       <LatitudeDegrees>5.2340370</LatitudeDegrees>
       <LongitudeDegrees>100.4344980</LongitudeDegrees>
      </Position>
      <AltitudeMeters>5.6</AltitudeMeters>
      <DistanceMeters>2739.1</DistanceMeters>
      <HeartRateBpm>
       <Value>155</Value>
      </HeartRateBpm>
      <Extensions>
       <TPX xmlns="http://www.garmin.com/xmlschemas/ActivityExtension/v2">
        <Speed>2.5</Speed>
       </TPX>
      </Extensions>
     </Trackpoint>
     <Trackpoint>
      <Time>2026-08-08T11:20:28Z</Time>
      <Position>
       <LatitudeDegrees>5.2340580</LatitudeDegrees>
       <LongitudeDegrees>100.4344930</LongitudeDegrees>
      </Position>
      <AltitudeMeters>5.6</AltitudeMeters>
      <DistanceMeters>2741.5</DistanceMeters>
      <HeartRateBpm>
       <Value>155</Value>
      </HeartRateBpm>
      <Extensions>
       <TPX xmlns="http://www.garmin.com/xmlschemas/ActivityExtension/v2">
        <Speed>2.6</Speed>
       </TPX>
      </Extensions>
     </Trackpoint>
     <Trackpoint>
      <Time>2026-08-08T11:20:29Z</Time>
      <Position>
       <LatitudeDegrees>5.2340780</LatitudeDegrees>
       <LongitudeDegrees>100.4344870</LongitudeDegrees>
      </Position>
      <AltitudeMeters>5.6</AltitudeMeters>
      <DistanceMeters>2743.9</DistanceMeters>
      <HeartRateBpm>
       <Value>154</Value>
      </HeartRateBpm>
      <Extensions>
       <TPX xmlns="http://www.garmin.com/xmlschemas/ActivityExtension/v2">
        <Speed>2.5</Speed>
       </TPX>
      </Extensions>
     </Trackpoint>
     <Trackpoint>
      <Time>2026-08-08T11:20:30Z</Time>
      <Position>
       <LatitudeDegrees>5.2341020</LatitudeDegrees>
       <LongitudeDegrees>100.4344830</LongitudeDegrees>
      </Position>
      <AltitudeMeters>5.6</AltitudeMeters>
      <DistanceMeters>2746.6</DistanceMeters>
      <HeartRateBpm>
       <Value>154</Value>
      </HeartRateBpm>
      <Extensions>
       <TPX xmlns="http://www.garmin.com/xmlschemas/ActivityExtension/v2">
        <Speed>2.5</Speed>
       </TPX>
      </Extensions>
     </Trackpoint>
     <Trackpoint>
      <Time>2026-08-08T11:20:31Z</Time>
      <Position>
       <LatitudeDegrees>5.2341220</LatitudeDegrees>
       <LongitudeDegrees>100.4344790</LongitudeDegrees>
      </Position>
      <AltitudeMeters>5.6</AltitudeMeters>
      <DistanceMeters>2748.8</DistanceMeters>
      <HeartRateBpm>
       <Value>154</Value>
      </HeartRateBpm>
      <Extensions>
       <TPX xmlns="http://www.garmin.com/xmlschemas/ActivityExtension/v2">
        <Speed>2.4</Speed>
       </TPX>
      </Extensions>
     </Trackpoint>
     <Trackpoint>
      <Time>2026-08-08T11:20:32Z</Time>
      <Position>
       <LatitudeDegrees>5.2341420</LatitudeDegrees>
       <LongitudeDegrees>100.4344790</LongitudeDegrees>
      </Position>
      <AltitudeMeters>5.6</AltitudeMeters>
      <DistanceMeters>2751.0</DistanceMeters>
      <HeartRateBpm>
       <Value>154</Value>
      </HeartRateBpm>
      <Extensions>
       <TPX xmlns="http://www.garmin.com/xmlschemas/ActivityExtension/v2">
        <Speed>2.4</Speed>
       </TPX>
      </Extensions>
     </Trackpoint>
     <Trackpoint>
      <Time>2026-08-08T11:20:33Z</Time>
      <Position>
       <LatitudeDegrees>5.2341650</LatitudeDegrees>
       <LongitudeDegrees>100.4344770</LongitudeDegrees>
      </Position>
      <AltitudeMeters>5.6</AltitudeMeters>
      <DistanceMeters>2753.6</DistanceMeters>
      <HeartRateBpm>
       <Value>154</Value>
      </HeartRateBpm>
      <Extensions>
       <TPX xmlns="http://www.garmin.com/xmlschemas/ActivityExtension/v2">
        <Speed>2.4</Speed>
       </TPX>
      </Extensions>
     </Trackpoint>
     <Trackpoint>
      <Time>2026-08-08T11:20:34Z</Time>
      <Position>
       <LatitudeDegrees>5.2341880</LatitudeDegrees>
       <LongitudeDegrees>100.4344760</LongitudeDegrees>
      </Position>
      <AltitudeMeters>5.6</AltitudeMeters>
      <DistanceMeters>2756.2</DistanceMeters>
      <HeartRateBpm>
       <Value>154</Value>
      </HeartRateBpm>
      <Extensions>
       <TPX xmlns="http://www.garmin.com/xmlschemas/ActivityExtension/v2">
        <Speed>2.5</Speed>
       </TPX>
      </Extensions>
     </Trackpoint>
     <Trackpoint>
      <Time>2026-08-08T11:20:35Z</Time>
      <Position>
       <LatitudeDegrees>5.2342120</LatitudeDegrees>
       <LongitudeDegrees>100.4344720</LongitudeDegrees>
      </Position>
      <AltitudeMeters>5.6</AltitudeMeters>
      <DistanceMeters>2758.9</DistanceMeters>
      <HeartRateBpm>
       <Value>154</Value>
      </HeartRateBpm>
      <Extensions>
       <TPX xmlns="http://www.garmin.com/xmlschemas/ActivityExtension/v2">
        <Speed>2.5</Speed>
       </TPX>
      </Extensions>
     </Trackpoint>
     <Trackpoint>
      <Time>2026-08-08T11:20:36Z</Time>
      <Position>
       <LatitudeDegrees>5.2342350</LatitudeDegrees>
       <LongitudeDegrees>100.4344720</LongitudeDegrees>
      </Position>
      <AltitudeMeters>5.6</AltitudeMeters>
      <DistanceMeters>2761.4</DistanceMeters>
      <HeartRateBpm>
       <Value>154</Value>
      </HeartRateBpm>
      <Extensions>
       <TPX xmlns="http://www.garmin.com/xmlschemas/ActivityExtension/v2">
        <Speed>2.5</Speed>
       </TPX>
      </Extensions>
     </Trackpoint>
     <Trackpoint>
      <Time>2026-08-08T11:20:37Z</Time>
      <Position>
       <LatitudeDegrees>5.2342590</LatitudeDegrees>
       <LongitudeDegrees>100.4344710</LongitudeDegrees>
      </Position>
      <AltitudeMeters>5.6</AltitudeMeters>
      <DistanceMeters>2764.1</DistanceMeters>
      <HeartRateBpm>
       <Value>154</Value>
      </HeartRateBpm>
      <Extensions>
       <TPX xmlns="http://www.garmin.com/xmlschemas/ActivityExtension/v2">
        <Speed>2.6</Speed>
       </TPX>
      </Extensions>
     </Trackpoint>
     <Trackpoint>
      <Time>2026-08-08T11:20:38Z</Time>
      <Position>
       <LatitudeDegrees>5.2342790</LatitudeDegrees>
       <LongitudeDegrees>100.4344710</LongitudeDegrees>
      </Position>
      <AltitudeMeters>5.7</AltitudeMeters>
      <DistanceMeters>2766.3</DistanceMeters>
      <HeartRateBpm>
       <Value>154</Value>
      </HeartRateBpm>
      <Extensions>
       <TPX xmlns="http://www.garmin.com/xmlschemas/ActivityExtension/v2">
        <Speed>2.5</Speed>
       </TPX>
      </Extensions>
     </Trackpoint>
     <Trackpoint>
      <Time>2026-08-08T11:20:39Z</Time>
      <Position>
       <LatitudeDegrees>5.2342980</LatitudeDegrees>
       <LongitudeDegrees>100.4344700</LongitudeDegrees>
      </Position>
      <AltitudeMeters>5.7</AltitudeMeters>
      <DistanceMeters>2768.4</DistanceMeters>
      <HeartRateBpm>
       <Value>154</Value>
      </HeartRateBpm>
      <Extensions>
       <TPX xmlns="http://www.garmin.com/xmlschemas/ActivityExtension/v2">
        <Speed>2.4</Speed>
       </TPX>
      </Extensions>
     </Trackpoint>
     <Trackpoint>
      <Time>2026-08-08T11:20:40Z</Time>
      <Position>
       <LatitudeDegrees>5.2343190</LatitudeDegrees>
       <LongitudeDegrees>100.4344630</LongitudeDegrees>
      </Position>
      <AltitudeMeters>5.7</AltitudeMeters>
      <DistanceMeters>2770.8</DistanceMeters>
      <HeartRateBpm>
       <Value>154</Value>
      </HeartRateBpm>
      <Extensions>
       <TPX xmlns="http://www.garmin.com/xmlschemas/ActivityExtension/v2">
        <Speed>2.4</Speed>
       </TPX>
      </Extensions>
     </Trackpoint>
     <Trackpoint>
      <Time>2026-08-08T11:20:41Z</Time>
      <Position>
       <LatitudeDegrees>5.2343400</LatitudeDegrees>
       <LongitudeDegrees>100.4344530</LongitudeDegrees>
      </Position>
      <AltitudeMeters>5.7</AltitudeMeters>
      <DistanceMeters>2773.4</DistanceMeters>
      <HeartRateBpm>
       <Value>154</Value>
      </HeartRateBpm>
      <Extensions>
       <TPX xmlns="http://www.garmin.com/xmlschemas/ActivityExtension/v2">
        <Speed>2.4</Speed>
       </TPX>
      </Extensions>
     </Trackpoint>
     <Trackpoint>
      <Time>2026-08-08T11:20:42Z</Time>
      <Position>
       <LatitudeDegrees>5.2343710</LatitudeDegrees>
       <LongitudeDegrees>100.4344370</LongitudeDegrees>
      </Position>
      <AltitudeMeters>5.7</AltitudeMeters>
      <DistanceMeters>2777.3</DistanceMeters>
      <HeartRateBpm>
       <Value>154</Value>
      </HeartRateBpm>
      <Extensions>
       <TPX xmlns="http://www.garmin.com/xmlschemas/ActivityExtension/v2">
        <Speed>2.6</Speed>
       </TPX>
      </Extensions>
     </Trackpoint>
     <Trackpoint>
      <Time>2026-08-08T11:20:43Z</Time>
      <Position>
       <LatitudeDegrees>5.2343860</LatitudeDegrees>
       <LongitudeDegrees>100.4344310</LongitudeDegrees>
      </Position>
      <AltitudeMeters>5.7</AltitudeMeters>
      <DistanceMeters>2779.1</DistanceMeters>
      <HeartRateBpm>
       <Value>154</Value>
      </HeartRateBpm>
      <Extensions>
       <TPX xmlns="http://www.garmin.com/xmlschemas/ActivityExtension/v2">
        <Speed>2.6</Speed>
       </TPX>
      </Extensions>
     </Trackpoint>
     <Trackpoint>
      <Time>2026-08-08T11:20:44Z</Time>
      <Position>
       <LatitudeDegrees>5.2344100</LatitudeDegrees>
       <LongitudeDegrees>100.4344210</LongitudeDegrees>
      </Position>
      <AltitudeMeters>5.7</AltitudeMeters>
      <DistanceMeters>2781.9</DistanceMeters>
      <HeartRateBpm>
       <Value>154</Value>
      </HeartRateBpm>
      <Extensions>
       <TPX xmlns="http://www.garmin.com/xmlschemas/ActivityExtension/v2">
        <Speed>2.7</Speed>
       </TPX>
      </Extensions>
     </Trackpoint>
     <Trackpoint>
      <Time>2026-08-08T11:20:45Z</Time>
      <Position>
       <LatitudeDegrees>5.2344330</LatitudeDegrees>
       <LongitudeDegrees>100.4344110</LongitudeDegrees>
      </Position>
      <AltitudeMeters>5.7</AltitudeMeters>
      <DistanceMeters>2784.7</DistanceMeters>
      <HeartRateBpm>
       <Value>154</Value>
      </HeartRateBpm>
      <Extensions>
       <TPX xmlns="http://www.garmin.com/xmlschemas/ActivityExtension/v2">
        <Speed>2.8</Speed>
       </TPX>
      </Extensions>
     </Trackpoint>
     <Trackpoint>
      <Time>2026-08-08T11:20:46Z</Time>
      <Position>
       <LatitudeDegrees>5.2344540</LatitudeDegrees>
       <LongitudeDegrees>100.4344030</LongitudeDegrees>
      </Position>
      <AltitudeMeters>5.7</AltitudeMeters>
      <DistanceMeters>2787.2</DistanceMeters>
      <HeartRateBpm>
       <Value>155</Value>
      </HeartRateBpm>
      <Extensions>
       <TPX xmlns="http://www.garmin.com/xmlschemas/ActivityExtension/v2">
        <Speed>2.8</Speed>
       </TPX>
      </Extensions>
     </Trackpoint>
     <Trackpoint>
      <Time>2026-08-08T11:20:47Z</Time>
      <Position>
       <LatitudeDegrees>5.2344720</LatitudeDegrees>
       <LongitudeDegrees>100.4343860</LongitudeDegrees>
      </Position>
      <AltitudeMeters>5.6</AltitudeMeters>
      <DistanceMeters>2789.9</DistanceMeters>
      <HeartRateBpm>
       <Value>154</Value>
      </HeartRateBpm>
      <Extensions>
       <TPX xmlns="http://www.garmin.com/xmlschemas/ActivityExtension/v2">
        <Speed>2.5</Speed>
       </TPX>
      </Extensions>
     </Trackpoint>
     <Trackpoint>
      <Time>2026-08-08T11:20:48Z</Time>
      <Position>
       <LatitudeDegrees>5.2344900</LatitudeDegrees>
       <LongitudeDegrees>100.4343730</LongitudeDegrees>
      </Position>
      <AltitudeMeters>5.6</AltitudeMeters>
      <DistanceMeters>2792.4</DistanceMeters>
      <HeartRateBpm>
       <Value>154</Value>
      </HeartRateBpm>
      <Extensions>
       <TPX xmlns="http://www.garmin.com/xmlschemas/ActivityExtension/v2">
        <Speed>2.7</Speed>
       </TPX>
      </Extensions>
     </Trackpoint>
     <Trackpoint>
      <Time>2026-08-08T11:20:49Z</Time>
      <Position>
       <LatitudeDegrees>5.2345100</LatitudeDegrees>
       <LongitudeDegrees>100.4343640</LongitudeDegrees>
      </Position>
      <AltitudeMeters>5.6</AltitudeMeters>
      <DistanceMeters>2794.8</DistanceMeters>
      <HeartRateBpm>
       <Value>154</Value>
      </HeartRateBpm>
      <Extensions>
       <TPX xmlns="http://www.garmin.com/xmlschemas/ActivityExtension/v2">
        <Speed>2.6</Speed>
       </TPX>
      </Extensions>
     </Trackpoint>
     <Trackpoint>
      <Time>2026-08-08T11:20:50Z</Time>
      <Position>
       <LatitudeDegrees>5.2345310</LatitudeDegrees>
       <LongitudeDegrees>100.4343580</LongitudeDegrees>
      </Position>
      <AltitudeMeters>5.6</AltitudeMeters>
      <DistanceMeters>2797.2</DistanceMeters>
      <HeartRateBpm>
       <Value>154</Value>
      </HeartRateBpm>
      <Extensions>
       <TPX xmlns="http://www.garmin.com/xmlschemas/ActivityExtension/v2">
        <Speed>2.5</Speed>
       </TPX>
      </Extensions>
     </Trackpoint>
     <Trackpoint>
      <Time>2026-08-08T11:20:51Z</Time>
      <Position>
       <LatitudeDegrees>5.2345540</LatitudeDegrees>
       <LongitudeDegrees>100.4343520</LongitudeDegrees>
      </Position>
      <AltitudeMeters>5.6</AltitudeMeters>
      <DistanceMeters>2799.9</DistanceMeters>
      <HeartRateBpm>
       <Value>155</Value>
      </HeartRateBpm>
      <Extensions>
       <TPX xmlns="http://www.garmin.com/xmlschemas/ActivityExtension/v2">
        <Speed>2.5</Speed>
       </TPX>
      </Extensions>
     </Trackpoint>
     <Trackpoint>
      <Time>2026-08-08T11:20:52Z</Time>
      <Position>
       <LatitudeDegrees>5.2345770</LatitudeDegrees>
       <LongitudeDegrees>100.4343470</LongitudeDegrees>
      </Position>
      <AltitudeMeters>5.6</AltitudeMeters>
      <DistanceMeters>2802.5</DistanceMeters>
      <HeartRateBpm>
       <Value>155</Value>
      </HeartRateBpm>
      <Extensions>
       <TPX xmlns="http://www.garmin.com/xmlschemas/ActivityExtension/v2">
        <Speed>2.5</Speed>
       </TPX>
      </Extensions>
     </Trackpoint>
     <Trackpoint>
      <Time>2026-08-08T11:20:53Z</Time>
      <Position>
       <LatitudeDegrees>5.2346000</LatitudeDegrees>
       <LongitudeDegrees>100.4343410</LongitudeDegrees>
      </Position>
      <AltitudeMeters>5.6</AltitudeMeters>
      <DistanceMeters>2805.1</DistanceMeters>
      <HeartRateBpm>
       <Value>155</Value>
      </HeartRateBpm>
      <Extensions>
       <TPX xmlns="http://www.garmin.com/xmlschemas/ActivityExtension/v2">
        <Speed>2.5</Speed>
       </TPX>
      </Extensions>
     </Trackpoint>
     <Trackpoint>
      <Time>2026-08-08T11:20:54Z</Time>
      <Position>
       <LatitudeDegrees>5.2346240</LatitudeDegrees>
       <LongitudeDegrees>100.4343340</LongitudeDegrees>
      </Position>
      <AltitudeMeters>5.6</AltitudeMeters>
      <DistanceMeters>2807.9</DistanceMeters>
      <HeartRateBpm>
       <Value>156</Value>
      </HeartRateBpm>
      <Extensions>
       <TPX xmlns="http://www.garmin.com/xmlschemas/ActivityExtension/v2">
        <Speed>2.6</Speed>
       </TPX>
      </Extensions>
     </Trackpoint>
     <Trackpoint>
      <Time>2026-08-08T11:20:55Z</Time>
      <Position>
       <LatitudeDegrees>5.2346520</LatitudeDegrees>
       <LongitudeDegrees>100.4343340</LongitudeDegrees>
      </Position>
      <AltitudeMeters>5.6</AltitudeMeters>
      <DistanceMeters>2811.1</DistanceMeters>
      <HeartRateBpm>
       <Value>156</Value>
      </HeartRateBpm>
      <Extensions>
       <TPX xmlns="http://www.garmin.com/xmlschemas/ActivityExtension/v2">
        <Speed>2.8</Speed>
       </TPX>
      </Extensions>
     </Trackpoint>
     <Trackpoint>
      <Time>2026-08-08T11:20:56Z</Time>
      <Position>
       <LatitudeDegrees>5.2346770</LatitudeDegrees>
       <LongitudeDegrees>100.4343300</LongitudeDegrees>
      </Position>
      <AltitudeMeters>5.6</AltitudeMeters>
      <DistanceMeters>2813.9</DistanceMeters>
      <HeartRateBpm>
       <Value>156</Value>
      </HeartRateBpm>
      <Extensions>
       <TPX xmlns="http://www.garmin.com/xmlschemas/ActivityExtension/v2">
        <Speed>2.8</Speed>
       </TPX>
      </Extensions>
     </Trackpoint>
     <Trackpoint>
      <Time>2026-08-08T11:20:57Z</Time>
      <Position>
       <LatitudeDegrees>5.2347050</LatitudeDegrees>
       <LongitudeDegrees>100.4343270</LongitudeDegrees>
      </Position>
      <AltitudeMeters>5.6</AltitudeMeters>
      <DistanceMeters>2817.0</DistanceMeters>
      <HeartRateBpm>
       <Value>155</Value>
      </HeartRateBpm>
      <Extensions>
       <TPX xmlns="http://www.garmin.com/xmlschemas/ActivityExtension/v2">
        <Speed>2.9</Speed>
       </TPX>
      </Extensions>
     </Trackpoint>
     <Trackpoint>
      <Time>2026-08-08T11:20:58Z</Time>
      <Position>
       <LatitudeDegrees>5.2347310</LatitudeDegrees>
       <LongitudeDegrees>100.4343250</LongitudeDegrees>
      </Position>
      <AltitudeMeters>5.6</AltitudeMeters>
      <DistanceMeters>2819.9</DistanceMeters>
      <HeartRateBpm>
       <Value>155</Value>
      </HeartRateBpm>
      <Extensions>
       <TPX xmlns="http://www.garmin.com/xmlschemas/ActivityExtension/v2">
        <Speed>2.9</Speed>
       </TPX>
      </Extensions>
     </Trackpoint>
     <Trackpoint>
      <Time>2026-08-08T11:20:59Z</Time>
      <Position>
       <LatitudeDegrees>5.2347550</LatitudeDegrees>
       <LongitudeDegrees>100.4343190</LongitudeDegrees>
      </Position>
      <AltitudeMeters>5.6</AltitudeMeters>
      <DistanceMeters>2822.6</DistanceMeters>
      <HeartRateBpm>
       <Value>155</Value>
      </HeartRateBpm>
      <Extensions>
       <TPX xmlns="http://www.garmin.com/xmlschemas/ActivityExtension/v2">
        <Speed>2.9</Speed>
       </TPX>
      </Extensions>
     </Trackpoint>
     <Trackpoint>
      <Time>2026-08-08T11:21:00Z</Time>
      <Position>
       <LatitudeDegrees>5.2347790</LatitudeDegrees>
       <LongitudeDegrees>100.4343160</LongitudeDegrees>
      </Position>
      <AltitudeMeters>5.6</AltitudeMeters>
      <DistanceMeters>2825.3</DistanceMeters>
      <HeartRateBpm>
       <Value>155</Value>
      </HeartRateBpm>
      <Extensions>
       <TPX xmlns="http://www.garmin.com/xmlschemas/ActivityExtension/v2">
        <Speed>2.8</Speed>
       </TPX>
      </Extensions>
     </Trackpoint>
     <Trackpoint>
      <Time>2026-08-08T11:21:01Z</Time>
      <Position>
       <LatitudeDegrees>5.2348020</LatitudeDegrees>
       <LongitudeDegrees>100.4343110</LongitudeDegrees>
      </Position>
      <AltitudeMeters>5.6</AltitudeMeters>
      <DistanceMeters>2827.9</DistanceMeters>
      <HeartRateBpm>
       <Value>156</Value>
      </HeartRateBpm>
      <Extensions>
       <TPX xmlns="http://www.garmin.com/xmlschemas/ActivityExtension/v2">
        <Speed>2.8</Speed>
       </TPX>
      </Extensions>
     </Trackpoint>
     <Trackpoint>
      <Time>2026-08-08T11:21:02Z</Time>
      <Position>
       <LatitudeDegrees>5.2348250</LatitudeDegrees>
       <LongitudeDegrees>100.4343050</LongitudeDegrees>
      </Position>
      <AltitudeMeters>5.6</AltitudeMeters>
      <DistanceMeters>2830.6</DistanceMeters>
      <HeartRateBpm>
       <Value>155</Value>
      </HeartRateBpm>
      <Extensions>
       <TPX xmlns="http://www.garmin.com/xmlschemas/ActivityExtension/v2">
        <Speed>2.7</Speed>
       </TPX>
      </Extensions>
     </Trackpoint>
     <Trackpoint>
      <Time>2026-08-08T11:21:03Z</Time>
      <Position>
       <LatitudeDegrees>5.2348500</LatitudeDegrees>
       <LongitudeDegrees>100.4342940</LongitudeDegrees>
      </Position>
      <AltitudeMeters>5.6</AltitudeMeters>
      <DistanceMeters>2833.6</DistanceMeters>
      <HeartRateBpm>
       <Value>154</Value>
      </HeartRateBpm>
      <Extensions>
       <TPX xmlns="http://www.garmin.com/xmlschemas/ActivityExtension/v2">
        <Speed>2.7</Speed>
       </TPX>
      </Extensions>
     </Trackpoint>
     <Trackpoint>
      <Time>2026-08-08T11:21:04Z</Time>
      <Position>
       <LatitudeDegrees>5.2348720</LatitudeDegrees>
       <LongitudeDegrees>100.4342840</LongitudeDegrees>
      </Position>
      <AltitudeMeters>5.6</AltitudeMeters>
      <DistanceMeters>2836.3</DistanceMeters>
      <HeartRateBpm>
       <Value>155</Value>
      </HeartRateBpm>
      <Extensions>
       <TPX xmlns="http://www.garmin.com/xmlschemas/ActivityExtension/v2">
        <Speed>2.7</Speed>
       </TPX>
      </Extensions>
     </Trackpoint>
     <Trackpoint>
      <Time>2026-08-08T11:21:05Z</Time>
      <Position>
       <LatitudeDegrees>5.2348950</LatitudeDegrees>
       <LongitudeDegrees>100.4342750</LongitudeDegrees>
      </Position>
      <AltitudeMeters>5.6</AltitudeMeters>
      <DistanceMeters>2839.0</DistanceMeters>
      <HeartRateBpm>
       <Value>155</Value>
      </HeartRateBpm>
      <Extensions>
       <TPX xmlns="http://www.garmin.com/xmlschemas/ActivityExtension/v2">
        <Speed>2.7</Speed>
       </TPX>
      </Extensions>
     </Trackpoint>
     <Trackpoint>
      <Time>2026-08-08T11:21:06Z</Time>
      <Position>
       <LatitudeDegrees>5.2349190</LatitudeDegrees>
       <LongitudeDegrees>100.4342670</LongitudeDegrees>
      </Position>
      <AltitudeMeters>5.6</AltitudeMeters>
      <DistanceMeters>2841.8</DistanceMeters>
      <HeartRateBpm>
       <Value>155</Value>
      </HeartRateBpm>
      <Extensions>
       <TPX xmlns="http://www.garmin.com/xmlschemas/ActivityExtension/v2">
        <Speed>2.8</Speed>
       </TPX>
      </Extensions>
     </Trackpoint>
     <Trackpoint>
      <Time>2026-08-08T11:21:07Z</Time>
      <Position>
       <LatitudeDegrees>5.2349440</LatitudeDegrees>
       <LongitudeDegrees>100.4342630</LongitudeDegrees>
      </Position>
      <AltitudeMeters>5.6</AltitudeMeters>
      <DistanceMeters>2844.6</DistanceMeters>
      <HeartRateBpm>
       <Value>156</Value>
      </HeartRateBpm>
      <Extensions>
       <TPX xmlns="http://www.garmin.com/xmlschemas/ActivityExtension/v2">
        <Speed>2.8</Speed>
       </TPX>
      </Extensions>
     </Trackpoint>
     <Trackpoint>
      <Time>2026-08-08T11:21:08Z</Time>
      <Position>
       <LatitudeDegrees>5.2349670</LatitudeDegrees>
       <LongitudeDegrees>100.4342610</LongitudeDegrees>
      </Position>
      <AltitudeMeters>5.6</AltitudeMeters>
      <DistanceMeters>2847.1</DistanceMeters>
      <HeartRateBpm>
       <Value>155</Value>
      </HeartRateBpm>
      <Extensions>
       <TPX xmlns="http://www.garmin.com/xmlschemas/ActivityExtension/v2">
        <Speed>2.7</Speed>
       </TPX>
      </Extensions>
     </Trackpoint>
     <Trackpoint>
      <Time>2026-08-08T11:21:09Z</Time>
      <Position>
       <LatitudeDegrees>5.2349890</LatitudeDegrees>
       <LongitudeDegrees>100.4342570</LongitudeDegrees>
      </Position>
      <AltitudeMeters>5.6</AltitudeMeters>
      <DistanceMeters>2849.6</DistanceMeters>
      <HeartRateBpm>
       <Value>155</Value>
      </HeartRateBpm>
      <Extensions>
       <TPX xmlns="http://www.garmin.com/xmlschemas/ActivityExtension/v2">
        <Speed>2.7</Speed>
       </TPX>
      </Extensions>
     </Trackpoint>
     <Trackpoint>
      <Time>2026-08-08T11:21:10Z</Time>
      <Position>
       <LatitudeDegrees>5.2350130</LatitudeDegrees>
       <LongitudeDegrees>100.4342520</LongitudeDegrees>
      </Position>
      <AltitudeMeters>5.6</AltitudeMeters>
      <DistanceMeters>2852.3</DistanceMeters>
      <HeartRateBpm>
       <Value>155</Value>
      </HeartRateBpm>
      <Extensions>
       <TPX xmlns="http://www.garmin.com/xmlschemas/ActivityExtension/v2">
        <Speed>2.7</Speed>
       </TPX>
      </Extensions>
     </Trackpoint>
     <Trackpoint>
      <Time>2026-08-08T11:21:11Z</Time>
      <Position>
       <LatitudeDegrees>5.2350350</LatitudeDegrees>
       <LongitudeDegrees>100.4342460</LongitudeDegrees>
      </Position>
      <AltitudeMeters>5.6</AltitudeMeters>
      <DistanceMeters>2854.9</DistanceMeters>
      <HeartRateBpm>
       <Value>155</Value>
      </HeartRateBpm>
      <Extensions>
       <TPX xmlns="http://www.garmin.com/xmlschemas/ActivityExtension/v2">
        <Speed>2.6</Speed>
       </TPX>
      </Extensions>
     </Trackpoint>
     <Trackpoint>
      <Time>2026-08-08T11:21:12Z</Time>
      <Position>
       <LatitudeDegrees>5.2350550</LatitudeDegrees>
       <LongitudeDegrees>100.4342390</LongitudeDegrees>
      </Position>
      <AltitudeMeters>5.6</AltitudeMeters>
      <DistanceMeters>2857.3</DistanceMeters>
      <HeartRateBpm>
       <Value>155</Value>
      </HeartRateBpm>
      <Extensions>
       <TPX xmlns="http://www.garmin.com/xmlschemas/ActivityExtension/v2">
        <Speed>2.5</Speed>
       </TPX>
      </Extensions>
     </Trackpoint>
     <Trackpoint>
      <Time>2026-08-08T11:21:13Z</Time>
      <Position>
       <LatitudeDegrees>5.2350770</LatitudeDegrees>
       <LongitudeDegrees>100.4342330</LongitudeDegrees>
      </Position>
      <AltitudeMeters>5.6</AltitudeMeters>
      <DistanceMeters>2859.8</DistanceMeters>
      <HeartRateBpm>
       <Value>156</Value>
      </HeartRateBpm>
      <Extensions>
       <TPX xmlns="http://www.garmin.com/xmlschemas/ActivityExtension/v2">
        <Speed>2.5</Speed>
       </TPX>
      </Extensions>
     </Trackpoint>
     <Trackpoint>
      <Time>2026-08-08T11:21:14Z</Time>
      <Position>
       <LatitudeDegrees>5.2350980</LatitudeDegrees>
       <LongitudeDegrees>100.4342290</LongitudeDegrees>
      </Position>
      <AltitudeMeters>5.6</AltitudeMeters>
      <DistanceMeters>2862.2</DistanceMeters>
      <HeartRateBpm>
       <Value>156</Value>
      </HeartRateBpm>
      <Extensions>
       <TPX xmlns="http://www.garmin.com/xmlschemas/ActivityExtension/v2">
        <Speed>2.5</Speed>
       </TPX>
      </Extensions>
     </Trackpoint>
     <Trackpoint>
      <Time>2026-08-08T11:21:15Z</Time>
      <Position>
       <LatitudeDegrees>5.2351200</LatitudeDegrees>
       <LongitudeDegrees>100.4342220</LongitudeDegrees>
      </Position>
      <AltitudeMeters>5.6</AltitudeMeters>
      <DistanceMeters>2864.7</DistanceMeters>
      <HeartRateBpm>
       <Value>155</Value>
      </HeartRateBpm>
      <Extensions>
       <TPX xmlns="http://www.garmin.com/xmlschemas/ActivityExtension/v2">
        <Speed>2.5</Speed>
       </TPX>
      </Extensions>
     </Trackpoint>
     <Trackpoint>
      <Time>2026-08-08T11:21:16Z</Time>
      <Position>
       <LatitudeDegrees>5.2351420</LatitudeDegrees>
       <LongitudeDegrees>100.4342200</LongitudeDegrees>
      </Position>
      <AltitudeMeters>5.6</AltitudeMeters>
      <DistanceMeters>2867.2</DistanceMeters>
      <HeartRateBpm>
       <Value>155</Value>
      </HeartRateBpm>
      <Extensions>
       <TPX xmlns="http://www.garmin.com/xmlschemas/ActivityExtension/v2">
        <Speed>2.5</Speed>
       </TPX>
      </Extensions>
     </Trackpoint>
     <Trackpoint>
      <Time>2026-08-08T11:21:17Z</Time>
      <Position>
       <LatitudeDegrees>5.2351630</LatitudeDegrees>
       <LongitudeDegrees>100.4342180</LongitudeDegrees>
      </Position>
      <AltitudeMeters>5.6</AltitudeMeters>
      <DistanceMeters>2869.5</DistanceMeters>
      <HeartRateBpm>
       <Value>156</Value>
      </HeartRateBpm>
      <Extensions>
       <TPX xmlns="http://www.garmin.com/xmlschemas/ActivityExtension/v2">
        <Speed>2.4</Speed>
       </TPX>
      </Extensions>
     </Trackpoint>
     <Trackpoint>
      <Time>2026-08-08T11:21:18Z</Time>
      <Position>
       <LatitudeDegrees>5.2351830</LatitudeDegrees>
       <LongitudeDegrees>100.4342190</LongitudeDegrees>
      </Position>
      <AltitudeMeters>5.6</AltitudeMeters>
      <DistanceMeters>2871.8</DistanceMeters>
      <HeartRateBpm>
       <Value>156</Value>
      </HeartRateBpm>
      <Extensions>
       <TPX xmlns="http://www.garmin.com/xmlschemas/ActivityExtension/v2">
        <Speed>2.4</Speed>
       </TPX>
      </Extensions>
     </Trackpoint>
     <Trackpoint>
      <Time>2026-08-08T11:21:19Z</Time>
      <Position>
       <LatitudeDegrees>5.2352030</LatitudeDegrees>
       <LongitudeDegrees>100.4342130</LongitudeDegrees>
      </Position>
      <AltitudeMeters>5.6</AltitudeMeters>
      <DistanceMeters>2874.1</DistanceMeters>
      <HeartRateBpm>
       <Value>156</Value>
      </HeartRateBpm>
      <Extensions>
       <TPX xmlns="http://www.garmin.com/xmlschemas/ActivityExtension/v2">
        <Speed>2.4</Speed>
       </TPX>
      </Extensions>
     </Trackpoint>
     <Trackpoint>
      <Time>2026-08-08T11:21:20Z</Time>
      <Position>
       <LatitudeDegrees>5.2352240</LatitudeDegrees>
       <LongitudeDegrees>100.4342020</LongitudeDegrees>
      </Position>
      <AltitudeMeters>5.6</AltitudeMeters>
      <DistanceMeters>2876.7</DistanceMeters>
      <HeartRateBpm>
       <Value>156</Value>
      </HeartRateBpm>
      <Extensions>
       <TPX xmlns="http://www.garmin.com/xmlschemas/ActivityExtension/v2">
        <Speed>2.4</Speed>
       </TPX>
      </Extensions>
     </Trackpoint>
     <Trackpoint>
      <Time>2026-08-08T11:21:21Z</Time>
      <Position>
       <LatitudeDegrees>5.2352440</LatitudeDegrees>
       <LongitudeDegrees>100.4341930</LongitudeDegrees>
      </Position>
      <AltitudeMeters>5.6</AltitudeMeters>
      <DistanceMeters>2879.1</DistanceMeters>
      <HeartRateBpm>
       <Value>156</Value>
      </HeartRateBpm>
      <Extensions>
       <TPX xmlns="http://www.garmin.com/xmlschemas/ActivityExtension/v2">
        <Speed>2.4</Speed>
       </TPX>
      </Extensions>
     </Trackpoint>
     <Trackpoint>
      <Time>2026-08-08T11:21:22Z</Time>
      <Position>
       <LatitudeDegrees>5.2352670</LatitudeDegrees>
       <LongitudeDegrees>100.4341810</LongitudeDegrees>
      </Position>
      <AltitudeMeters>5.6</AltitudeMeters>
      <DistanceMeters>2882.0</DistanceMeters>
      <HeartRateBpm>
       <Value>156</Value>
      </HeartRateBpm>
      <Extensions>
       <TPX xmlns="http://www.garmin.com/xmlschemas/ActivityExtension/v2">
        <Speed>2.5</Speed>
       </TPX>
      </Extensions>
     </Trackpoint>
     <Trackpoint>
      <Time>2026-08-08T11:21:23Z</Time>
      <Position>
       <LatitudeDegrees>5.2352940</LatitudeDegrees>
       <LongitudeDegrees>100.4341740</LongitudeDegrees>
      </Position>
      <AltitudeMeters>5.6</AltitudeMeters>
      <DistanceMeters>2885.1</DistanceMeters>
      <HeartRateBpm>
       <Value>157</Value>
      </HeartRateBpm>
      <Extensions>
       <TPX xmlns="http://www.garmin.com/xmlschemas/ActivityExtension/v2">
        <Speed>2.7</Speed>
       </TPX>
      </Extensions>
     </Trackpoint>
     <Trackpoint>
      <Time>2026-08-08T11:21:24Z</Time>
      <Position>
       <LatitudeDegrees>5.2353140</LatitudeDegrees>
       <LongitudeDegrees>100.4341690</LongitudeDegrees>
      </Position>
      <AltitudeMeters>5.6</AltitudeMeters>
      <DistanceMeters>2887.3</DistanceMeters>
      <HeartRateBpm>
       <Value>156</Value>
      </HeartRateBpm>
      <Extensions>
       <TPX xmlns="http://www.garmin.com/xmlschemas/ActivityExtension/v2">
        <Speed>2.6</Speed>
       </TPX>
      </Extensions>
     </Trackpoint>
     <Trackpoint>
      <Time>2026-08-08T11:21:25Z</Time>
      <Position>
       <LatitudeDegrees>5.2353360</LatitudeDegrees>
       <LongitudeDegrees>100.4341610</LongitudeDegrees>
      </Position>
      <AltitudeMeters>5.6</AltitudeMeters>
      <DistanceMeters>2889.9</DistanceMeters>
      <HeartRateBpm>
       <Value>155</Value>
      </HeartRateBpm>
      <Extensions>
       <TPX xmlns="http://www.garmin.com/xmlschemas/ActivityExtension/v2">
        <Speed>2.6</Speed>
       </TPX>
      </Extensions>
     </Trackpoint>
     <Trackpoint>
      <Time>2026-08-08T11:21:26Z</Time>
      <Position>
       <LatitudeDegrees>5.2353570</LatitudeDegrees>
       <LongitudeDegrees>100.4341500</LongitudeDegrees>
      </Position>
      <AltitudeMeters>5.6</AltitudeMeters>
      <DistanceMeters>2892.5</DistanceMeters>
      <HeartRateBpm>
       <Value>155</Value>
      </HeartRateBpm>
      <Extensions>
       <TPX xmlns="http://www.garmin.com/xmlschemas/ActivityExtension/v2">
        <Speed>2.7</Speed>
       </TPX>
      </Extensions>
     </Trackpoint>
     <Trackpoint>
      <Time>2026-08-08T11:21:27Z</Time>
      <Position>
       <LatitudeDegrees>5.2353790</LatitudeDegrees>
       <LongitudeDegrees>100.4341460</LongitudeDegrees>
      </Position>
      <AltitudeMeters>5.6</AltitudeMeters>
      <DistanceMeters>2894.9</DistanceMeters>
      <HeartRateBpm>
       <Value>156</Value>
      </HeartRateBpm>
      <Extensions>
       <TPX xmlns="http://www.garmin.com/xmlschemas/ActivityExtension/v2">
        <Speed>2.6</Speed>
       </TPX>
      </Extensions>
     </Trackpoint>
     <Trackpoint>
      <Time>2026-08-08T11:21:28Z</Time>
      <Position>
       <LatitudeDegrees>5.2354020</LatitudeDegrees>
       <LongitudeDegrees>100.4341420</LongitudeDegrees>
      </Position>
      <AltitudeMeters>5.6</AltitudeMeters>
      <DistanceMeters>2897.5</DistanceMeters>
      <HeartRateBpm>
       <Value>155</Value>
      </HeartRateBpm>
      <Extensions>
       <TPX xmlns="http://www.garmin.com/xmlschemas/ActivityExtension/v2">
        <Speed>2.5</Speed>
       </TPX>
      </Extensions>
     </Trackpoint>
     <Trackpoint>
      <Time>2026-08-08T11:21:29Z</Time>
      <Position>
       <LatitudeDegrees>5.2354260</LatitudeDegrees>
       <LongitudeDegrees>100.4341370</LongitudeDegrees>
      </Position>
      <AltitudeMeters>5.6</AltitudeMeters>
      <DistanceMeters>2900.3</DistanceMeters>
      <HeartRateBpm>
       <Value>155</Value>
      </HeartRateBpm>
      <Extensions>
       <TPX xmlns="http://www.garmin.com/xmlschemas/ActivityExtension/v2">
        <Speed>2.6</Speed>
       </TPX>
      </Extensions>
     </Trackpoint>
     <Trackpoint>
      <Time>2026-08-08T11:21:30Z</Time>
      <Position>
       <LatitudeDegrees>5.2354500</LatitudeDegrees>
       <LongitudeDegrees>100.4341330</LongitudeDegrees>
      </Position>
      <AltitudeMeters>5.6</AltitudeMeters>
      <DistanceMeters>2903.0</DistanceMeters>
      <HeartRateBpm>
       <Value>155</Value>
      </HeartRateBpm>
      <Extensions>
       <TPX xmlns="http://www.garmin.com/xmlschemas/ActivityExtension/v2">
        <Speed>2.6</Speed>
       </TPX>
      </Extensions>
     </Trackpoint>
     <Trackpoint>
      <Time>2026-08-08T11:21:31Z</Time>
      <Position>
       <LatitudeDegrees>5.2354740</LatitudeDegrees>
       <LongitudeDegrees>100.4341280</LongitudeDegrees>
      </Position>
      <AltitudeMeters>5.6</AltitudeMeters>
      <DistanceMeters>2905.8</DistanceMeters>
      <HeartRateBpm>
       <Value>155</Value>
      </HeartRateBpm>
      <Extensions>
       <TPX xmlns="http://www.garmin.com/xmlschemas/ActivityExtension/v2">
        <Speed>2.7</Speed>
       </TPX>
      </Extensions>
     </Trackpoint>
     <Trackpoint>
      <Time>2026-08-08T11:21:32Z</Time>
      <Position>
       <LatitudeDegrees>5.2354970</LatitudeDegrees>
       <LongitudeDegrees>100.4341230</LongitudeDegrees>
      </Position>
      <AltitudeMeters>5.6</AltitudeMeters>
      <DistanceMeters>2908.4</DistanceMeters>
      <HeartRateBpm>
       <Value>155</Value>
      </HeartRateBpm>
      <Extensions>
       <TPX xmlns="http://www.garmin.com/xmlschemas/ActivityExtension/v2">
        <Speed>2.7</Speed>
       </TPX>
      </Extensions>
     </Trackpoint>
     <Trackpoint>
      <Time>2026-08-08T11:21:33Z</Time>
      <Position>
       <LatitudeDegrees>5.2355190</LatitudeDegrees>
       <LongitudeDegrees>100.4341170</LongitudeDegrees>
      </Position>
      <AltitudeMeters>5.6</AltitudeMeters>
      <DistanceMeters>2910.9</DistanceMeters>
      <HeartRateBpm>
       <Value>156</Value>
      </HeartRateBpm>
      <Extensions>
       <TPX xmlns="http://www.garmin.com/xmlschemas/ActivityExtension/v2">
        <Speed>2.7</Speed>
       </TPX>
      </Extensions>
     </Trackpoint>
     <Trackpoint>
      <Time>2026-08-08T11:21:34Z</Time>
      <Position>
       <LatitudeDegrees>5.2355410</LatitudeDegrees>
       <LongitudeDegrees>100.4341110</LongitudeDegrees>
      </Position>
      <AltitudeMeters>5.6</AltitudeMeters>
      <DistanceMeters>2913.4</DistanceMeters>
      <HeartRateBpm>
       <Value>156</Value>
      </HeartRateBpm>
      <Extensions>
       <TPX xmlns="http://www.garmin.com/xmlschemas/ActivityExtension/v2">
        <Speed>2.6</Speed>
       </TPX>
      </Extensions>
     </Trackpoint>
     <Trackpoint>
      <Time>2026-08-08T11:21:35Z</Time>
      <Position>
       <LatitudeDegrees>5.2355630</LatitudeDegrees>
       <LongitudeDegrees>100.4341080</LongitudeDegrees>
      </Position>
      <AltitudeMeters>5.6</AltitudeMeters>
      <DistanceMeters>2915.9</DistanceMeters>
      <HeartRateBpm>
       <Value>156</Value>
      </HeartRateBpm>
      <Extensions>
       <TPX xmlns="http://www.garmin.com/xmlschemas/ActivityExtension/v2">
        <Speed>2.6</Speed>
       </TPX>
      </Extensions>
     </Trackpoint>
     <Trackpoint>
      <Time>2026-08-08T11:21:36Z</Time>
      <Position>
       <LatitudeDegrees>5.2355820</LatitudeDegrees>
       <LongitudeDegrees>100.4341040</LongitudeDegrees>
      </Position>
      <AltitudeMeters>5.6</AltitudeMeters>
      <DistanceMeters>2918.0</DistanceMeters>
      <HeartRateBpm>
       <Value>156</Value>
      </HeartRateBpm>
      <Extensions>
       <TPX xmlns="http://www.garmin.com/xmlschemas/ActivityExtension/v2">
        <Speed>2.4</Speed>
       </TPX>
      </Extensions>
     </Trackpoint>
     <Trackpoint>
      <Time>2026-08-08T11:21:37Z</Time>
      <Position>
       <LatitudeDegrees>5.2356040</LatitudeDegrees>
       <LongitudeDegrees>100.4341020</LongitudeDegrees>
      </Position>
      <AltitudeMeters>5.6</AltitudeMeters>
      <DistanceMeters>2920.4</DistanceMeters>
      <HeartRateBpm>
       <Value>156</Value>
      </HeartRateBpm>
      <Extensions>
       <TPX xmlns="http://www.garmin.com/xmlschemas/ActivityExtension/v2">
        <Speed>2.4</Speed>
       </TPX>
      </Extensions>
     </Trackpoint>
     <Trackpoint>
      <Time>2026-08-08T11:21:38Z</Time>
      <Position>
       <LatitudeDegrees>5.2356210</LatitudeDegrees>
       <LongitudeDegrees>100.4340990</LongitudeDegrees>
      </Position>
      <AltitudeMeters>5.6</AltitudeMeters>
      <DistanceMeters>2922.4</DistanceMeters>
      <HeartRateBpm>
       <Value>156</Value>
      </HeartRateBpm>
      <Extensions>
       <TPX xmlns="http://www.garmin.com/xmlschemas/ActivityExtension/v2">
        <Speed>2.3</Speed>
       </TPX>
      </Extensions>
     </Trackpoint>
     <Trackpoint>
      <Time>2026-08-08T11:21:39Z</Time>
      <Position>
       <LatitudeDegrees>5.2356390</LatitudeDegrees>
       <LongitudeDegrees>100.4340960</LongitudeDegrees>
      </Position>
      <AltitudeMeters>5.6</AltitudeMeters>
      <DistanceMeters>2924.5</DistanceMeters>
      <HeartRateBpm>
       <Value>156</Value>
      </HeartRateBpm>
      <Extensions>
       <TPX xmlns="http://www.garmin.com/xmlschemas/ActivityExtension/v2">
        <Speed>2.2</Speed>
       </TPX>
      </Extensions>
     </Trackpoint>
     <Trackpoint>
      <Time>2026-08-08T11:21:40Z</Time>
      <Position>
       <LatitudeDegrees>5.2356630</LatitudeDegrees>
       <LongitudeDegrees>100.4340930</LongitudeDegrees>
      </Position>
      <AltitudeMeters>5.6</AltitudeMeters>
      <DistanceMeters>2927.1</DistanceMeters>
      <HeartRateBpm>
       <Value>155</Value>
      </HeartRateBpm>
      <Extensions>
       <TPX xmlns="http://www.garmin.com/xmlschemas/ActivityExtension/v2">
        <Speed>2.2</Speed>
       </TPX>
      </Extensions>
     </Trackpoint>
     <Trackpoint>
      <Time>2026-08-08T11:21:41Z</Time>
      <Position>
       <LatitudeDegrees>5.2356820</LatitudeDegrees>
       <LongitudeDegrees>100.4340870</LongitudeDegrees>
      </Position>
      <AltitudeMeters>5.6</AltitudeMeters>
      <DistanceMeters>2929.3</DistanceMeters>
      <HeartRateBpm>
       <Value>155</Value>
      </HeartRateBpm>
      <Extensions>
       <TPX xmlns="http://www.garmin.com/xmlschemas/ActivityExtension/v2">
        <Speed>2.3</Speed>
       </TPX>
      </Extensions>
     </Trackpoint>
     <Trackpoint>
      <Time>2026-08-08T11:21:42Z</Time>
      <Position>
       <LatitudeDegrees>5.2357050</LatitudeDegrees>
       <LongitudeDegrees>100.4340830</LongitudeDegrees>
      </Position>
      <AltitudeMeters>5.6</AltitudeMeters>
      <DistanceMeters>2931.9</DistanceMeters>
      <HeartRateBpm>
       <Value>156</Value>
      </HeartRateBpm>
      <Extensions>
       <TPX xmlns="http://www.garmin.com/xmlschemas/ActivityExtension/v2">
        <Speed>2.3</Speed>
       </TPX>
      </Extensions>
     </Trackpoint>
     <Trackpoint>
      <Time>2026-08-08T11:21:43Z</Time>
      <Position>
       <LatitudeDegrees>5.2357300</LatitudeDegrees>
       <LongitudeDegrees>100.4340770</LongitudeDegrees>
      </Position>
      <AltitudeMeters>5.6</AltitudeMeters>
      <DistanceMeters>2934.8</DistanceMeters>
      <HeartRateBpm>
       <Value>157</Value>
      </HeartRateBpm>
      <Extensions>
       <TPX xmlns="http://www.garmin.com/xmlschemas/ActivityExtension/v2">
        <Speed>2.5</Speed>
       </TPX>
      </Extensions>
     </Trackpoint>
     <Trackpoint>
      <Time>2026-08-08T11:21:44Z</Time>
      <Position>
       <LatitudeDegrees>5.2357530</LatitudeDegrees>
       <LongitudeDegrees>100.4340710</LongitudeDegrees>
      </Position>
      <AltitudeMeters>5.6</AltitudeMeters>
      <DistanceMeters>2937.4</DistanceMeters>
      <HeartRateBpm>
       <Value>156</Value>
      </HeartRateBpm>
      <Extensions>
       <TPX xmlns="http://www.garmin.com/xmlschemas/ActivityExtension/v2">
        <Speed>2.6</Speed>
       </TPX>
      </Extensions>
     </Trackpoint>
     <Trackpoint>
      <Time>2026-08-08T11:21:45Z</Time>
      <Position>
       <LatitudeDegrees>5.2357790</LatitudeDegrees>
       <LongitudeDegrees>100.4340650</LongitudeDegrees>
      </Position>
      <AltitudeMeters>5.6</AltitudeMeters>
      <DistanceMeters>2940.3</DistanceMeters>
      <HeartRateBpm>
       <Value>156</Value>
      </HeartRateBpm>
      <Extensions>
       <TPX xmlns="http://www.garmin.com/xmlschemas/ActivityExtension/v2">
        <Speed>2.6</Speed>
       </TPX>
      </Extensions>
     </Trackpoint>
     <Trackpoint>
      <Time>2026-08-08T11:21:46Z</Time>
      <Position>
       <LatitudeDegrees>5.2358020</LatitudeDegrees>
       <LongitudeDegrees>100.4340600</LongitudeDegrees>
      </Position>
      <AltitudeMeters>5.6</AltitudeMeters>
      <DistanceMeters>2942.9</DistanceMeters>
      <HeartRateBpm>
       <Value>156</Value>
      </HeartRateBpm>
      <Extensions>
       <TPX xmlns="http://www.garmin.com/xmlschemas/ActivityExtension/v2">
        <Speed>2.7</Speed>
       </TPX>
      </Extensions>
     </Trackpoint>
     <Trackpoint>
      <Time>2026-08-08T11:21:47Z</Time>
      <Position>
       <LatitudeDegrees>5.2358270</LatitudeDegrees>
       <LongitudeDegrees>100.4340550</LongitudeDegrees>
      </Position>
      <AltitudeMeters>5.6</AltitudeMeters>
      <DistanceMeters>2945.8</DistanceMeters>
      <HeartRateBpm>
       <Value>156</Value>
      </HeartRateBpm>
      <Extensions>
       <TPX xmlns="http://www.garmin.com/xmlschemas/ActivityExtension/v2">
        <Speed>2.8</Speed>
       </TPX>
      </Extensions>
     </Trackpoint>
     <Trackpoint>
      <Time>2026-08-08T11:21:48Z</Time>
      <Position>
       <LatitudeDegrees>5.2358500</LatitudeDegrees>
       <LongitudeDegrees>100.4340480</LongitudeDegrees>
      </Position>
      <AltitudeMeters>5.6</AltitudeMeters>
      <DistanceMeters>2948.5</DistanceMeters>
      <HeartRateBpm>
       <Value>156</Value>
      </HeartRateBpm>
      <Extensions>
       <TPX xmlns="http://www.garmin.com/xmlschemas/ActivityExtension/v2">
        <Speed>2.7</Speed>
       </TPX>
      </Extensions>
     </Trackpoint>
     <Trackpoint>
      <Time>2026-08-08T11:21:49Z</Time>
      <Position>
       <LatitudeDegrees>5.2358720</LatitudeDegrees>
       <LongitudeDegrees>100.4340420</LongitudeDegrees>
      </Position>
      <AltitudeMeters>5.6</AltitudeMeters>
      <DistanceMeters>2951.0</DistanceMeters>
      <HeartRateBpm>
       <Value>156</Value>
      </HeartRateBpm>
      <Extensions>
       <TPX xmlns="http://www.garmin.com/xmlschemas/ActivityExtension/v2">
        <Speed>2.7</Speed>
       </TPX>
      </Extensions>
     </Trackpoint>
     <Trackpoint>
      <Time>2026-08-08T11:21:50Z</Time>
      <Position>
       <LatitudeDegrees>5.2358950</LatitudeDegrees>
       <LongitudeDegrees>100.4340350</LongitudeDegrees>
      </Position>
      <AltitudeMeters>5.6</AltitudeMeters>
      <DistanceMeters>2953.7</DistanceMeters>
      <HeartRateBpm>
       <Value>155</Value>
      </HeartRateBpm>
      <Extensions>
       <TPX xmlns="http://www.garmin.com/xmlschemas/ActivityExtension/v2">
        <Speed>2.7</Speed>
       </TPX>
      </Extensions>
     </Trackpoint>
     <Trackpoint>
      <Time>2026-08-08T11:21:51Z</Time>
      <Position>
       <LatitudeDegrees>5.2359200</LatitudeDegrees>
       <LongitudeDegrees>100.4340280</LongitudeDegrees>
      </Position>
      <AltitudeMeters>5.6</AltitudeMeters>
      <DistanceMeters>2956.6</DistanceMeters>
      <HeartRateBpm>
       <Value>156</Value>
      </HeartRateBpm>
      <Extensions>
       <TPX xmlns="http://www.garmin.com/xmlschemas/ActivityExtension/v2">
        <Speed>2.7</Speed>
       </TPX>
      </Extensions>
     </Trackpoint>
     <Trackpoint>
      <Time>2026-08-08T11:21:52Z</Time>
      <Position>
       <LatitudeDegrees>5.2359440</LatitudeDegrees>
       <LongitudeDegrees>100.4340220</LongitudeDegrees>
      </Position>
      <AltitudeMeters>5.6</AltitudeMeters>
      <DistanceMeters>2959.4</DistanceMeters>
      <HeartRateBpm>
       <Value>156</Value>
      </HeartRateBpm>
      <Extensions>
       <TPX xmlns="http://www.garmin.com/xmlschemas/ActivityExtension/v2">
        <Speed>2.7</Speed>
       </TPX>
      </Extensions>
     </Trackpoint>
     <Trackpoint>
      <Time>2026-08-08T11:21:53Z</Time>
      <Position>
       <LatitudeDegrees>5.2359680</LatitudeDegrees>
       <LongitudeDegrees>100.4340160</LongitudeDegrees>
      </Position>
      <AltitudeMeters>5.6</AltitudeMeters>
      <DistanceMeters>2962.1</DistanceMeters>
      <HeartRateBpm>
       <Value>156</Value>
      </HeartRateBpm>
      <Extensions>
       <TPX xmlns="http://www.garmin.com/xmlschemas/ActivityExtension/v2">
        <Speed>2.7</Speed>
       </TPX>
      </Extensions>
     </Trackpoint>
     <Trackpoint>
      <Time>2026-08-08T11:21:54Z</Time>
      <Position>
       <LatitudeDegrees>5.2359930</LatitudeDegrees>
       <LongitudeDegrees>100.4340130</LongitudeDegrees>
      </Position>
      <AltitudeMeters>5.6</AltitudeMeters>
      <DistanceMeters>2964.9</DistanceMeters>
      <HeartRateBpm>
       <Value>156</Value>
      </HeartRateBpm>
      <Extensions>
       <TPX xmlns="http://www.garmin.com/xmlschemas/ActivityExtension/v2">
        <Speed>2.8</Speed>
       </TPX>
      </Extensions>
     </Trackpoint>
     <Trackpoint>
      <Time>2026-08-08T11:21:55Z</Time>
      <Position>
       <LatitudeDegrees>5.2360190</LatitudeDegrees>
       <LongitudeDegrees>100.4340080</LongitudeDegrees>
      </Position>
      <AltitudeMeters>5.6</AltitudeMeters>
      <DistanceMeters>2967.8</DistanceMeters>
      <HeartRateBpm>
       <Value>155</Value>
      </HeartRateBpm>
      <Extensions>
       <TPX xmlns="http://www.garmin.com/xmlschemas/ActivityExtension/v2">
        <Speed>2.8</Speed>
       </TPX>
      </Extensions>
     </Trackpoint>
     <Trackpoint>
      <Time>2026-08-08T11:21:56Z</Time>
      <Position>
       <LatitudeDegrees>5.2360440</LatitudeDegrees>
       <LongitudeDegrees>100.4340020</LongitudeDegrees>
      </Position>
      <AltitudeMeters>5.6</AltitudeMeters>
      <DistanceMeters>2970.7</DistanceMeters>
      <HeartRateBpm>
       <Value>154</Value>
      </HeartRateBpm>
      <Extensions>
       <TPX xmlns="http://www.garmin.com/xmlschemas/ActivityExtension/v2">
        <Speed>2.8</Speed>
       </TPX>
      </Extensions>
     </Trackpoint>
     <Trackpoint>
      <Time>2026-08-08T11:21:57Z</Time>
      <Position>
       <LatitudeDegrees>5.2360700</LatitudeDegrees>
       <LongitudeDegrees>100.4339940</LongitudeDegrees>
      </Position>
      <AltitudeMeters>5.6</AltitudeMeters>
      <DistanceMeters>2973.7</DistanceMeters>
      <HeartRateBpm>
       <Value>154</Value>
      </HeartRateBpm>
      <Extensions>
       <TPX xmlns="http://www.garmin.com/xmlschemas/ActivityExtension/v2">
        <Speed>2.9</Speed>
       </TPX>
      </Extensions>
     </Trackpoint>
     <Trackpoint>
      <Time>2026-08-08T11:21:58Z</Time>
      <Position>
       <LatitudeDegrees>5.2360960</LatitudeDegrees>
       <LongitudeDegrees>100.4339870</LongitudeDegrees>
      </Position>
      <AltitudeMeters>5.6</AltitudeMeters>
      <DistanceMeters>2976.7</DistanceMeters>
      <HeartRateBpm>
       <Value>155</Value>
      </HeartRateBpm>
      <Extensions>
       <TPX xmlns="http://www.garmin.com/xmlschemas/ActivityExtension/v2">
        <Speed>2.9</Speed>
       </TPX>
      </Extensions>
     </Trackpoint>
     <Trackpoint>
      <Time>2026-08-08T11:21:59Z</Time>
      <Position>
       <LatitudeDegrees>5.2361220</LatitudeDegrees>
       <LongitudeDegrees>100.4339790</LongitudeDegrees>
      </Position>
      <AltitudeMeters>5.6</AltitudeMeters>
      <DistanceMeters>2979.8</DistanceMeters>
      <HeartRateBpm>
       <Value>156</Value>
      </HeartRateBpm>
      <Extensions>
       <TPX xmlns="http://www.garmin.com/xmlschemas/ActivityExtension/v2">
        <Speed>3.0</Speed>
       </TPX>
      </Extensions>
     </Trackpoint>
     <Trackpoint>
      <Time>2026-08-08T11:22:00Z</Time>
      <Position>
       <LatitudeDegrees>5.2361470</LatitudeDegrees>
       <LongitudeDegrees>100.4339710</LongitudeDegrees>
      </Position>
      <AltitudeMeters>5.6</AltitudeMeters>
      <DistanceMeters>2982.7</DistanceMeters>
      <HeartRateBpm>
       <Value>156</Value>
      </HeartRateBpm>
      <Extensions>
       <TPX xmlns="http://www.garmin.com/xmlschemas/ActivityExtension/v2">
        <Speed>3.0</Speed>
       </TPX>
      </Extensions>
     </Trackpoint>
     <Trackpoint>
      <Time>2026-08-08T11:22:01Z</Time>
      <Position>
       <LatitudeDegrees>5.2361710</LatitudeDegrees>
       <LongitudeDegrees>100.4339650</LongitudeDegrees>
      </Position>
      <AltitudeMeters>5.6</AltitudeMeters>
      <DistanceMeters>2985.4</DistanceMeters>
      <HeartRateBpm>
       <Value>156</Value>
      </HeartRateBpm>
      <Extensions>
       <TPX xmlns="http://www.garmin.com/xmlschemas/ActivityExtension/v2">
        <Speed>2.9</Speed>
       </TPX>
      </Extensions>
     </Trackpoint>
     <Trackpoint>
      <Time>2026-08-08T11:22:02Z</Time>
      <Position>
       <LatitudeDegrees>5.2361950</LatitudeDegrees>
       <LongitudeDegrees>100.4339600</LongitudeDegrees>
      </Position>
      <AltitudeMeters>5.6</AltitudeMeters>
      <DistanceMeters>2988.1</DistanceMeters>
      <HeartRateBpm>
       <Value>156</Value>
      </HeartRateBpm>
      <Extensions>
       <TPX xmlns="http://www.garmin.com/xmlschemas/ActivityExtension/v2">
        <Speed>2.9</Speed>
       </TPX>
      </Extensions>
     </Trackpoint>
     <Trackpoint>
      <Time>2026-08-08T11:22:03Z</Time>
      <Position>
       <LatitudeDegrees>5.2362170</LatitudeDegrees>
       <LongitudeDegrees>100.4339560</LongitudeDegrees>
      </Position>
      <AltitudeMeters>5.6</AltitudeMeters>
      <DistanceMeters>2990.6</DistanceMeters>
      <HeartRateBpm>
       <Value>156</Value>
      </HeartRateBpm>
      <Extensions>
       <TPX xmlns="http://www.garmin.com/xmlschemas/ActivityExtension/v2">
        <Speed>2.8</Speed>
       </TPX>
      </Extensions>
     </Trackpoint>
     <Trackpoint>
      <Time>2026-08-08T11:22:04Z</Time>
      <Position>
       <LatitudeDegrees>5.2362360</LatitudeDegrees>
       <LongitudeDegrees>100.4339560</LongitudeDegrees>
      </Position>
      <AltitudeMeters>5.6</AltitudeMeters>
      <DistanceMeters>2992.7</DistanceMeters>
      <HeartRateBpm>
       <Value>155</Value>
      </HeartRateBpm>
      <Extensions>
       <TPX xmlns="http://www.garmin.com/xmlschemas/ActivityExtension/v2">
        <Speed>2.6</Speed>
       </TPX>
      </Extensions>
     </Trackpoint>
     <Trackpoint>
      <Time>2026-08-08T11:22:05Z</Time>
      <Position>
       <LatitudeDegrees>5.2362590</LatitudeDegrees>
       <LongitudeDegrees>100.4339510</LongitudeDegrees>
      </Position>
      <AltitudeMeters>5.6</AltitudeMeters>
      <DistanceMeters>2995.3</DistanceMeters>
      <HeartRateBpm>
       <Value>155</Value>
      </HeartRateBpm>
      <Extensions>
       <TPX xmlns="http://www.garmin.com/xmlschemas/ActivityExtension/v2">
        <Speed>2.5</Speed>
       </TPX>
      </Extensions>
     </Trackpoint>
     <Trackpoint>
      <Time>2026-08-08T11:22:06Z</Time>
      <Position>
       <LatitudeDegrees>5.2362760</LatitudeDegrees>
       <LongitudeDegrees>100.4339470</LongitudeDegrees>
      </Position>
      <AltitudeMeters>5.6</AltitudeMeters>
      <DistanceMeters>2995.3</DistanceMeters>
      <HeartRateBpm>
       <Value>156</Value>
      </HeartRateBpm>
      <Extensions>
       <TPX xmlns="http://www.garmin.com/xmlschemas/ActivityExtension/v2">
        <Speed>2.0</Speed>
       </TPX>
      </Extensions>
     </Trackpoint>
     <Trackpoint>
      <Time>2026-08-08T11:22:07Z</Time>
      <Position>
       <LatitudeDegrees>5.2362870</LatitudeDegrees>
       <LongitudeDegrees>100.4339460</LongitudeDegrees>
      </Position>
      <AltitudeMeters>5.6</AltitudeMeters>
      <DistanceMeters>2998.5</DistanceMeters>
      <HeartRateBpm>
       <Value>156</Value>
      </HeartRateBpm>
      <Extensions>
       <TPX xmlns="http://www.garmin.com/xmlschemas/ActivityExtension/v2">
        <Speed>2.1</Speed>
       </TPX>
      </Extensions>
     </Trackpoint>
     <Trackpoint>
      <Time>2026-08-08T11:22:08Z</Time>
      <Position>
       <LatitudeDegrees>5.2363000</LatitudeDegrees>
       <LongitudeDegrees>100.4339430</LongitudeDegrees>
      </Position>
      <AltitudeMeters>5.6</AltitudeMeters>
      <DistanceMeters>2998.5</DistanceMeters>
      <HeartRateBpm>
       <Value>156</Value>
      </HeartRateBpm>
      <Extensions>
       <TPX xmlns="http://www.garmin.com/xmlschemas/ActivityExtension/v2">
        <Speed>1.6</Speed>
       </TPX>
      </Extensions>
     </Trackpoint>
     <Trackpoint>
      <Time>2026-08-08T11:22:09Z</Time>
      <Position>
       <LatitudeDegrees>5.2363150</LatitudeDegrees>
       <LongitudeDegrees>100.4339390</LongitudeDegrees>
      </Position>
      <AltitudeMeters>5.6</AltitudeMeters>
      <DistanceMeters>3001.7</DistanceMeters>
      <HeartRateBpm>
       <Value>156</Value>
      </HeartRateBpm>
      <Extensions>
       <TPX xmlns="http://www.garmin.com/xmlschemas/ActivityExtension/v2">
        <Speed>1.8</Speed>
       </TPX>
      </Extensions>
     </Trackpoint>
     <Trackpoint>
      <Time>2026-08-08T11:22:10Z</Time>
      <Position>
       <LatitudeDegrees>5.2363420</LatitudeDegrees>
       <LongitudeDegrees>100.4339350</LongitudeDegrees>
      </Position>
      <AltitudeMeters>5.6</AltitudeMeters>
      <DistanceMeters>3004.8</DistanceMeters>
      <HeartRateBpm>
       <Value>156</Value>
      </HeartRateBpm>
      <Extensions>
       <TPX xmlns="http://www.garmin.com/xmlschemas/ActivityExtension/v2">
        <Speed>1.9</Speed>
       </TPX>
      </Extensions>
     </Trackpoint>
     <Trackpoint>
      <Time>2026-08-08T11:22:11Z</Time>
      <Position>
       <LatitudeDegrees>5.2363760</LatitudeDegrees>
       <LongitudeDegrees>100.4339290</LongitudeDegrees>
      </Position>
      <AltitudeMeters>5.6</AltitudeMeters>
      <DistanceMeters>3008.5</DistanceMeters>
      <HeartRateBpm>
       <Value>156</Value>
      </HeartRateBpm>
      <Extensions>
       <TPX xmlns="http://www.garmin.com/xmlschemas/ActivityExtension/v2">
        <Speed>2.6</Speed>
       </TPX>
      </Extensions>
     </Trackpoint>
     <Trackpoint>
      <Time>2026-08-08T11:22:12Z</Time>
      <Position>
       <LatitudeDegrees>5.2364110</LatitudeDegrees>
       <LongitudeDegrees>100.4339260</LongitudeDegrees>
      </Position>
      <AltitudeMeters>5.6</AltitudeMeters>
      <DistanceMeters>3012.5</DistanceMeters>
      <HeartRateBpm>
       <Value>157</Value>
      </HeartRateBpm>
      <Extensions>
       <TPX xmlns="http://www.garmin.com/xmlschemas/ActivityExtension/v2">
        <Speed>2.8</Speed>
       </TPX>
      </Extensions>
     </Trackpoint>
     <Trackpoint>
      <Time>2026-08-08T11:22:13Z</Time>
      <Position>
       <LatitudeDegrees>5.2364440</LatitudeDegrees>
       <LongitudeDegrees>100.4339260</LongitudeDegrees>
      </Position>
      <AltitudeMeters>5.6</AltitudeMeters>
      <DistanceMeters>3016.2</DistanceMeters>
      <HeartRateBpm>
       <Value>158</Value>
      </HeartRateBpm>
      <Extensions>
       <TPX xmlns="http://www.garmin.com/xmlschemas/ActivityExtension/v2">
        <Speed>3.5</Speed>
       </TPX>
      </Extensions>
     </Trackpoint>
     <Trackpoint>
      <Time>2026-08-08T11:22:14Z</Time>
      <Position>
       <LatitudeDegrees>5.2364790</LatitudeDegrees>
       <LongitudeDegrees>100.4339330</LongitudeDegrees>
      </Position>
      <AltitudeMeters>5.6</AltitudeMeters>
      <DistanceMeters>3020.1</DistanceMeters>
      <HeartRateBpm>
       <Value>158</Value>
      </HeartRateBpm>
      <Extensions>
       <TPX xmlns="http://www.garmin.com/xmlschemas/ActivityExtension/v2">
        <Speed>3.7</Speed>
       </TPX>
      </Extensions>
     </Trackpoint>
     <Trackpoint>
      <Time>2026-08-08T11:22:15Z</Time>
      <Position>
       <LatitudeDegrees>5.2365140</LatitudeDegrees>
       <LongitudeDegrees>100.4339450</LongitudeDegrees>
      </Position>
      <AltitudeMeters>5.6</AltitudeMeters>
      <DistanceMeters>3024.2</DistanceMeters>
      <HeartRateBpm>
       <Value>158</Value>
      </HeartRateBpm>
      <Extensions>
       <TPX xmlns="http://www.garmin.com/xmlschemas/ActivityExtension/v2">
        <Speed>3.9</Speed>
       </TPX>
      </Extensions>
     </Trackpoint>
     <Trackpoint>
      <Time>2026-08-08T11:22:16Z</Time>
      <Position>
       <LatitudeDegrees>5.2365470</LatitudeDegrees>
       <LongitudeDegrees>100.4339600</LongitudeDegrees>
      </Position>
      <AltitudeMeters>5.6</AltitudeMeters>
      <DistanceMeters>3028.2</DistanceMeters>
      <HeartRateBpm>
       <Value>158</Value>
      </HeartRateBpm>
      <Extensions>
       <TPX xmlns="http://www.garmin.com/xmlschemas/ActivityExtension/v2">
        <Speed>3.9</Speed>
       </TPX>
      </Extensions>
     </Trackpoint>
     <Trackpoint>
      <Time>2026-08-08T11:22:17Z</Time>
      <Position>
       <LatitudeDegrees>5.2365790</LatitudeDegrees>
       <LongitudeDegrees>100.4339770</LongitudeDegrees>
      </Position>
      <AltitudeMeters>5.6</AltitudeMeters>
      <DistanceMeters>3032.2</DistanceMeters>
      <HeartRateBpm>
       <Value>158</Value>
      </HeartRateBpm>
      <Extensions>
       <TPX xmlns="http://www.garmin.com/xmlschemas/ActivityExtension/v2">
        <Speed>3.9</Speed>
       </TPX>
      </Extensions>
     </Trackpoint>
     <Trackpoint>
      <Time>2026-08-08T11:22:18Z</Time>
      <Position>
       <LatitudeDegrees>5.2366090</LatitudeDegrees>
       <LongitudeDegrees>100.4339950</LongitudeDegrees>
      </Position>
      <AltitudeMeters>5.6</AltitudeMeters>
      <DistanceMeters>3036.2</DistanceMeters>
      <HeartRateBpm>
       <Value>158</Value>
      </HeartRateBpm>
      <Extensions>
       <TPX xmlns="http://www.garmin.com/xmlschemas/ActivityExtension/v2">
        <Speed>4.0</Speed>
       </TPX>
      </Extensions>
     </Trackpoint>
     <Trackpoint>
      <Time>2026-08-08T11:22:19Z</Time>
      <Position>
       <LatitudeDegrees>5.2366370</LatitudeDegrees>
       <LongitudeDegrees>100.4340170</LongitudeDegrees>
      </Position>
      <AltitudeMeters>5.6</AltitudeMeters>
      <DistanceMeters>3040.1</DistanceMeters>
      <HeartRateBpm>
       <Value>158</Value>
      </HeartRateBpm>
      <Extensions>
       <TPX xmlns="http://www.garmin.com/xmlschemas/ActivityExtension/v2">
        <Speed>4.0</Speed>
       </TPX>
      </Extensions>
     </Trackpoint>
     <Trackpoint>
      <Time>2026-08-08T11:22:20Z</Time>
      <Position>
       <LatitudeDegrees>5.2366450</LatitudeDegrees>
       <LongitudeDegrees>100.4340160</LongitudeDegrees>
      </Position>
      <AltitudeMeters>5.7</AltitudeMeters>
      <DistanceMeters>3040.1</DistanceMeters>
      <HeartRateBpm>
       <Value>158</Value>
      </HeartRateBpm>
      <Extensions>
       <TPX xmlns="http://www.garmin.com/xmlschemas/ActivityExtension/v2">
        <Speed>3.2</Speed>
       </TPX>
      </Extensions>
     </Trackpoint>
     <Trackpoint>
      <Time>2026-08-08T11:22:21Z</Time>
      <Position>
       <LatitudeDegrees>5.2366570</LatitudeDegrees>
       <LongitudeDegrees>100.4340460</LongitudeDegrees>
      </Position>
      <AltitudeMeters>5.7</AltitudeMeters>
      <DistanceMeters>3044.0</DistanceMeters>
      <HeartRateBpm>
       <Value>159</Value>
      </HeartRateBpm>
      <Extensions>
       <TPX xmlns="http://www.garmin.com/xmlschemas/ActivityExtension/v2">
        <Speed>3.2</Speed>
       </TPX>
      </Extensions>
     </Trackpoint>
     <Trackpoint>
      <Time>2026-08-08T11:22:22Z</Time>
      <Position>
       <LatitudeDegrees>5.2366650</LatitudeDegrees>
       <LongitudeDegrees>100.4340810</LongitudeDegrees>
      </Position>
      <AltitudeMeters>5.7</AltitudeMeters>
      <DistanceMeters>3047.9</DistanceMeters>
      <HeartRateBpm>
       <Value>159</Value>
      </HeartRateBpm>
      <Extensions>
       <TPX xmlns="http://www.garmin.com/xmlschemas/ActivityExtension/v2">
        <Speed>3.1</Speed>
       </TPX>
      </Extensions>
     </Trackpoint>
     <Trackpoint>
      <Time>2026-08-08T11:22:23Z</Time>
      <Position>
       <LatitudeDegrees>5.2366690</LatitudeDegrees>
       <LongitudeDegrees>100.4341250</LongitudeDegrees>
      </Position>
      <AltitudeMeters>5.7</AltitudeMeters>
      <DistanceMeters>3052.8</DistanceMeters>
      <HeartRateBpm>
       <Value>159</Value>
      </HeartRateBpm>
      <Extensions>
       <TPX xmlns="http://www.garmin.com/xmlschemas/ActivityExtension/v2">
        <Speed>3.3</Speed>
       </TPX>
      </Extensions>
     </Trackpoint>
     <Trackpoint>
      <Time>2026-08-08T11:22:24Z</Time>
      <Position>
       <LatitudeDegrees>5.2366820</LatitudeDegrees>
       <LongitudeDegrees>100.4341550</LongitudeDegrees>
      </Position>
      <AltitudeMeters>5.7</AltitudeMeters>
      <DistanceMeters>3056.5</DistanceMeters>
      <HeartRateBpm>
       <Value>159</Value>
      </HeartRateBpm>
      <Extensions>
       <TPX xmlns="http://www.garmin.com/xmlschemas/ActivityExtension/v2">
        <Speed>3.3</Speed>
       </TPX>
      </Extensions>
     </Trackpoint>
     <Trackpoint>
      <Time>2026-08-08T11:22:25Z</Time>
      <Position>
       <LatitudeDegrees>5.2366930</LatitudeDegrees>
       <LongitudeDegrees>100.4341870</LongitudeDegrees>
      </Position>
      <AltitudeMeters>5.7</AltitudeMeters>
      <DistanceMeters>3060.2</DistanceMeters>
      <HeartRateBpm>
       <Value>159</Value>
      </HeartRateBpm>
      <Extensions>
       <TPX xmlns="http://www.garmin.com/xmlschemas/ActivityExtension/v2">
        <Speed>4.0</Speed>
       </TPX>
      </Extensions>
     </Trackpoint>
     <Trackpoint>
      <Time>2026-08-08T11:22:26Z</Time>
      <Position>
       <LatitudeDegrees>5.2367040</LatitudeDegrees>
       <LongitudeDegrees>100.4342220</LongitudeDegrees>
      </Position>
      <AltitudeMeters>5.7</AltitudeMeters>
      <DistanceMeters>3064.3</DistanceMeters>
      <HeartRateBpm>
       <Value>159</Value>
      </HeartRateBpm>
      <Extensions>
       <TPX xmlns="http://www.garmin.com/xmlschemas/ActivityExtension/v2">
        <Speed>4.1</Speed>
       </TPX>
      </Extensions>
     </Trackpoint>
     <Trackpoint>
      <Time>2026-08-08T11:22:27Z</Time>
      <Position>
       <LatitudeDegrees>5.2367140</LatitudeDegrees>
       <LongitudeDegrees>100.4342550</LongitudeDegrees>
      </Position>
      <AltitudeMeters>5.7</AltitudeMeters>
      <DistanceMeters>3068.1</DistanceMeters>
      <HeartRateBpm>
       <Value>159</Value>
      </HeartRateBpm>
      <Extensions>
       <TPX xmlns="http://www.garmin.com/xmlschemas/ActivityExtension/v2">
        <Speed>4.0</Speed>
       </TPX>
      </Extensions>
     </Trackpoint>
     <Trackpoint>
      <Time>2026-08-08T11:22:28Z</Time>
      <Position>
       <LatitudeDegrees>5.2367290</LatitudeDegrees>
       <LongitudeDegrees>100.4342910</LongitudeDegrees>
      </Position>
      <AltitudeMeters>5.7</AltitudeMeters>
      <DistanceMeters>3072.4</DistanceMeters>
      <HeartRateBpm>
       <Value>159</Value>
      </HeartRateBpm>
      <Extensions>
       <TPX xmlns="http://www.garmin.com/xmlschemas/ActivityExtension/v2">
        <Speed>3.9</Speed>
       </TPX>
      </Extensions>
     </Trackpoint>
     <Trackpoint>
      <Time>2026-08-08T11:22:29Z</Time>
      <Position>
       <LatitudeDegrees>5.2367410</LatitudeDegrees>
       <LongitudeDegrees>100.4343170</LongitudeDegrees>
      </Position>
      <AltitudeMeters>5.7</AltitudeMeters>
      <DistanceMeters>3075.6</DistanceMeters>
      <HeartRateBpm>
       <Value>159</Value>
      </HeartRateBpm>
      <Extensions>
       <TPX xmlns="http://www.garmin.com/xmlschemas/ActivityExtension/v2">
        <Speed>3.8</Speed>
       </TPX>
      </Extensions>
     </Trackpoint>
     <Trackpoint>
      <Time>2026-08-08T11:22:30Z</Time>
      <Position>
       <LatitudeDegrees>5.2367500</LatitudeDegrees>
       <LongitudeDegrees>100.4343500</LongitudeDegrees>
      </Position>
      <AltitudeMeters>5.7</AltitudeMeters>
      <DistanceMeters>3079.4</DistanceMeters>
      <HeartRateBpm>
       <Value>159</Value>
      </HeartRateBpm>
      <Extensions>
       <TPX xmlns="http://www.garmin.com/xmlschemas/ActivityExtension/v2">
        <Speed>3.8</Speed>
       </TPX>
      </Extensions>
     </Trackpoint>
     <Trackpoint>
      <Time>2026-08-08T11:22:31Z</Time>
      <Position>
       <LatitudeDegrees>5.2367600</LatitudeDegrees>
       <LongitudeDegrees>100.4343840</LongitudeDegrees>
      </Position>
      <AltitudeMeters>5.7</AltitudeMeters>
      <DistanceMeters>3083.3</DistanceMeters>
      <HeartRateBpm>
       <Value>160</Value>
      </HeartRateBpm>
      <Extensions>
       <TPX xmlns="http://www.garmin.com/xmlschemas/ActivityExtension/v2">
        <Speed>3.8</Speed>
       </TPX>
      </Extensions>
     </Trackpoint>
     <Trackpoint>
      <Time>2026-08-08T11:22:32Z</Time>
      <Position>
       <LatitudeDegrees>5.2367730</LatitudeDegrees>
       <LongitudeDegrees>100.4344120</LongitudeDegrees>
      </Position>
      <AltitudeMeters>5.7</AltitudeMeters>
      <DistanceMeters>3086.7</DistanceMeters>
      <HeartRateBpm>
       <Value>160</Value>
      </HeartRateBpm>
      <Extensions>
       <TPX xmlns="http://www.garmin.com/xmlschemas/ActivityExtension/v2">
        <Speed>3.7</Speed>
       </TPX>
      </Extensions>
     </Trackpoint>
     <Trackpoint>
      <Time>2026-08-08T11:22:33Z</Time>
      <Position>
       <LatitudeDegrees>5.2367790</LatitudeDegrees>
       <LongitudeDegrees>100.4344420</LongitudeDegrees>
      </Position>
      <AltitudeMeters>5.7</AltitudeMeters>
      <DistanceMeters>3090.1</DistanceMeters>
      <HeartRateBpm>
       <Value>160</Value>
      </HeartRateBpm>
      <Extensions>
       <TPX xmlns="http://www.garmin.com/xmlschemas/ActivityExtension/v2">
        <Speed>3.5</Speed>
       </TPX>
      </Extensions>
     </Trackpoint>
     <Trackpoint>
      <Time>2026-08-08T11:22:34Z</Time>
      <Position>
       <LatitudeDegrees>5.2367770</LatitudeDegrees>
       <LongitudeDegrees>100.4344750</LongitudeDegrees>
      </Position>
      <AltitudeMeters>5.7</AltitudeMeters>
      <DistanceMeters>3093.8</DistanceMeters>
      <HeartRateBpm>
       <Value>160</Value>
      </HeartRateBpm>
      <Extensions>
       <TPX xmlns="http://www.garmin.com/xmlschemas/ActivityExtension/v2">
        <Speed>3.6</Speed>
       </TPX>
      </Extensions>
     </Trackpoint>
     <Trackpoint>
      <Time>2026-08-08T11:22:35Z</Time>
      <Position>
       <LatitudeDegrees>5.2367800</LatitudeDegrees>
       <LongitudeDegrees>100.4345060</LongitudeDegrees>
      </Position>
      <AltitudeMeters>5.7</AltitudeMeters>
      <DistanceMeters>3097.2</DistanceMeters>
      <HeartRateBpm>
       <Value>161</Value>
      </HeartRateBpm>
      <Extensions>
       <TPX xmlns="http://www.garmin.com/xmlschemas/ActivityExtension/v2">
        <Speed>3.6</Speed>
       </TPX>
      </Extensions>
     </Trackpoint>
     <Trackpoint>
      <Time>2026-08-08T11:22:36Z</Time>
      <Position>
       <LatitudeDegrees>5.2367830</LatitudeDegrees>
       <LongitudeDegrees>100.4345390</LongitudeDegrees>
      </Position>
      <AltitudeMeters>5.7</AltitudeMeters>
      <DistanceMeters>3100.8</DistanceMeters>
      <HeartRateBpm>
       <Value>161</Value>
      </HeartRateBpm>
      <Extensions>
       <TPX xmlns="http://www.garmin.com/xmlschemas/ActivityExtension/v2">
        <Speed>3.5</Speed>
       </TPX>
      </Extensions>
     </Trackpoint>
     <Trackpoint>
      <Time>2026-08-08T11:22:37Z</Time>
      <Position>
       <LatitudeDegrees>5.2367890</LatitudeDegrees>
       <LongitudeDegrees>100.4345710</LongitudeDegrees>
      </Position>
      <AltitudeMeters>5.7</AltitudeMeters>
      <DistanceMeters>3104.4</DistanceMeters>
      <HeartRateBpm>
       <Value>161</Value>
      </HeartRateBpm>
      <Extensions>
       <TPX xmlns="http://www.garmin.com/xmlschemas/ActivityExtension/v2">
        <Speed>3.5</Speed>
       </TPX>
      </Extensions>
     </Trackpoint>
     <Trackpoint>
      <Time>2026-08-08T11:22:38Z</Time>
      <Position>
       <LatitudeDegrees>5.2367970</LatitudeDegrees>
       <LongitudeDegrees>100.4346030</LongitudeDegrees>
      </Position>
      <AltitudeMeters>5.7</AltitudeMeters>
      <DistanceMeters>3108.1</DistanceMeters>
      <HeartRateBpm>
       <Value>161</Value>
      </HeartRateBpm>
      <Extensions>
       <TPX xmlns="http://www.garmin.com/xmlschemas/ActivityExtension/v2">
        <Speed>3.6</Speed>
       </TPX>
      </Extensions>
     </Trackpoint>
     <Trackpoint>
      <Time>2026-08-08T11:22:39Z</Time>
      <Position>
       <LatitudeDegrees>5.2368040</LatitudeDegrees>
       <LongitudeDegrees>100.4346310</LongitudeDegrees>
      </Position>
      <AltitudeMeters>5.7</AltitudeMeters>
      <DistanceMeters>3111.4</DistanceMeters>
      <HeartRateBpm>
       <Value>161</Value>
      </HeartRateBpm>
      <Extensions>
       <TPX xmlns="http://www.garmin.com/xmlschemas/ActivityExtension/v2">
        <Speed>3.5</Speed>
       </TPX>
      </Extensions>
     </Trackpoint>
     <Trackpoint>
      <Time>2026-08-08T11:22:40Z</Time>
      <Position>
       <LatitudeDegrees>5.2368170</LatitudeDegrees>
       <LongitudeDegrees>100.4346650</LongitudeDegrees>
      </Position>
      <AltitudeMeters>5.7</AltitudeMeters>
      <DistanceMeters>3115.3</DistanceMeters>
      <HeartRateBpm>
       <Value>161</Value>
      </HeartRateBpm>
      <Extensions>
       <TPX xmlns="http://www.garmin.com/xmlschemas/ActivityExtension/v2">
        <Speed>3.6</Speed>
       </TPX>
      </Extensions>
     </Trackpoint>
     <Trackpoint>
      <Time>2026-08-08T11:23:13Z</Time>
      <Position>
       <LatitudeDegrees>5.2370870</LatitudeDegrees>
       <LongitudeDegrees>100.4357150</LongitudeDegrees>
      </Position>
      <AltitudeMeters>5.7</AltitudeMeters>
      <DistanceMeters>3115.3</DistanceMeters>
      <HeartRateBpm>
       <Value>161</Value>
      </HeartRateBpm>
      <Extensions>
       <TPX xmlns="http://www.garmin.com/xmlschemas/ActivityExtension/v2">
        <Speed>0.1</Speed>
       </TPX>
      </Extensions>
     </Trackpoint>
     <Trackpoint>
      <Time>2026-08-08T11:23:14Z</Time>
      <Position>
       <LatitudeDegrees>5.2371010</LatitudeDegrees>
       <LongitudeDegrees>100.4357440</LongitudeDegrees>
      </Position>
      <AltitudeMeters>5.7</AltitudeMeters>
      <DistanceMeters>3118.9</DistanceMeters>
      <HeartRateBpm>
       <Value>164</Value>
      </HeartRateBpm>
      <Extensions>
       <TPX xmlns="http://www.garmin.com/xmlschemas/ActivityExtension/v2">
        <Speed>0.1</Speed>
       </TPX>
      </Extensions>
     </Trackpoint>
     <Trackpoint>
      <Time>2026-08-08T11:23:15Z</Time>
      <Position>
       <LatitudeDegrees>5.2371090</LatitudeDegrees>
       <LongitudeDegrees>100.4357750</LongitudeDegrees>
      </Position>
      <AltitudeMeters>5.7</AltitudeMeters>
      <DistanceMeters>3122.5</DistanceMeters>
      <HeartRateBpm>
       <Value>164</Value>
      </HeartRateBpm>
      <Extensions>
       <TPX xmlns="http://www.garmin.com/xmlschemas/ActivityExtension/v2">
        <Speed>0.2</Speed>
       </TPX>
      </Extensions>
     </Trackpoint>
     <Trackpoint>
      <Time>2026-08-08T11:23:16Z</Time>
      <Position>
       <LatitudeDegrees>5.2371160</LatitudeDegrees>
       <LongitudeDegrees>100.4358020</LongitudeDegrees>
      </Position>
      <AltitudeMeters>5.7</AltitudeMeters>
      <DistanceMeters>3125.5</DistanceMeters>
      <HeartRateBpm>
       <Value>165</Value>
      </HeartRateBpm>
      <Extensions>
       <TPX xmlns="http://www.garmin.com/xmlschemas/ActivityExtension/v2">
        <Speed>0.3</Speed>
       </TPX>
      </Extensions>
     </Trackpoint>
     <Trackpoint>
      <Time>2026-08-08T11:23:17Z</Time>
      <Position>
       <LatitudeDegrees>5.2371220</LatitudeDegrees>
       <LongitudeDegrees>100.4358360</LongitudeDegrees>
      </Position>
      <AltitudeMeters>5.7</AltitudeMeters>
      <DistanceMeters>3129.3</DistanceMeters>
      <HeartRateBpm>
       <Value>165</Value>
      </HeartRateBpm>
      <Extensions>
       <TPX xmlns="http://www.garmin.com/xmlschemas/ActivityExtension/v2">
        <Speed>0.4</Speed>
       </TPX>
      </Extensions>
     </Trackpoint>
     <Trackpoint>
      <Time>2026-08-08T11:23:18Z</Time>
      <Position>
       <LatitudeDegrees>5.2371270</LatitudeDegrees>
       <LongitudeDegrees>100.4358660</LongitudeDegrees>
      </Position>
      <AltitudeMeters>5.7</AltitudeMeters>
      <DistanceMeters>3132.7</DistanceMeters>
      <HeartRateBpm>
       <Value>165</Value>
      </HeartRateBpm>
      <Extensions>
       <TPX xmlns="http://www.garmin.com/xmlschemas/ActivityExtension/v2">
        <Speed>0.4</Speed>
       </TPX>
      </Extensions>
     </Trackpoint>
     <Trackpoint>
      <Time>2026-08-08T11:23:19Z</Time>
      <Position>
       <LatitudeDegrees>5.2371310</LatitudeDegrees>
       <LongitudeDegrees>100.4358930</LongitudeDegrees>
      </Position>
      <AltitudeMeters>5.7</AltitudeMeters>
      <DistanceMeters>3135.8</DistanceMeters>
      <HeartRateBpm>
       <Value>164</Value>
      </HeartRateBpm>
      <Extensions>
       <TPX xmlns="http://www.garmin.com/xmlschemas/ActivityExtension/v2">
        <Speed>3.4</Speed>
       </TPX>
      </Extensions>
     </Trackpoint>
     <Trackpoint>
      <Time>2026-08-08T11:23:20Z</Time>
      <Position>
       <LatitudeDegrees>5.2371310</LatitudeDegrees>
       <LongitudeDegrees>100.4359290</LongitudeDegrees>
      </Position>
      <AltitudeMeters>5.7</AltitudeMeters>
      <DistanceMeters>3139.8</DistanceMeters>
      <HeartRateBpm>
       <Value>164</Value>
      </HeartRateBpm>
      <Extensions>
       <TPX xmlns="http://www.garmin.com/xmlschemas/ActivityExtension/v2">
        <Speed>3.5</Speed>
       </TPX>
      </Extensions>
     </Trackpoint>
     <Trackpoint>
      <Time>2026-08-08T11:23:21Z</Time>
      <Position>
       <LatitudeDegrees>5.2371320</LatitudeDegrees>
       <LongitudeDegrees>100.4359560</LongitudeDegrees>
      </Position>
      <AltitudeMeters>5.7</AltitudeMeters>
      <DistanceMeters>3142.8</DistanceMeters>
      <HeartRateBpm>
       <Value>164</Value>
      </HeartRateBpm>
      <Extensions>
       <TPX xmlns="http://www.garmin.com/xmlschemas/ActivityExtension/v2">
        <Speed>3.5</Speed>
       </TPX>
      </Extensions>
     </Trackpoint>
     <Trackpoint>
      <Time>2026-08-08T11:23:22Z</Time>
      <Position>
       <LatitudeDegrees>5.2371360</LatitudeDegrees>
       <LongitudeDegrees>100.4359910</LongitudeDegrees>
      </Position>
      <AltitudeMeters>5.7</AltitudeMeters>
      <DistanceMeters>3146.6</DistanceMeters>
      <HeartRateBpm>
       <Value>164</Value>
      </HeartRateBpm>
      <Extensions>
       <TPX xmlns="http://www.garmin.com/xmlschemas/ActivityExtension/v2">
        <Speed>3.5</Speed>
       </TPX>
      </Extensions>
     </Trackpoint>
     <Trackpoint>
      <Time>2026-08-08T11:23:23Z</Time>
      <Position>
       <LatitudeDegrees>5.2371410</LatitudeDegrees>
       <LongitudeDegrees>100.4360270</LongitudeDegrees>
      </Position>
      <AltitudeMeters>5.7</AltitudeMeters>
      <DistanceMeters>3150.6</DistanceMeters>
      <HeartRateBpm>
       <Value>164</Value>
      </HeartRateBpm>
      <Extensions>
       <TPX xmlns="http://www.garmin.com/xmlschemas/ActivityExtension/v2">
        <Speed>3.6</Speed>
       </TPX>
      </Extensions>
     </Trackpoint>
     <Trackpoint>
      <Time>2026-08-08T11:23:24Z</Time>
      <Position>
       <LatitudeDegrees>5.2371470</LatitudeDegrees>
       <LongitudeDegrees>100.4360760</LongitudeDegrees>
      </Position>
      <AltitudeMeters>5.7</AltitudeMeters>
      <DistanceMeters>3156.1</DistanceMeters>
      <HeartRateBpm>
       <Value>164</Value>
      </HeartRateBpm>
      <Extensions>
       <TPX xmlns="http://www.garmin.com/xmlschemas/ActivityExtension/v2">
        <Speed>4.1</Speed>
       </TPX>
      </Extensions>
     </Trackpoint>
     <Trackpoint>
      <Time>2026-08-08T11:23:25Z</Time>
      <Position>
       <LatitudeDegrees>5.2371510</LatitudeDegrees>
       <LongitudeDegrees>100.4361030</LongitudeDegrees>
      </Position>
      <AltitudeMeters>5.7</AltitudeMeters>
      <DistanceMeters>3159.2</DistanceMeters>
      <HeartRateBpm>
       <Value>164</Value>
      </HeartRateBpm>
      <Extensions>
       <TPX xmlns="http://www.garmin.com/xmlschemas/ActivityExtension/v2">
        <Speed>3.9</Speed>
       </TPX>
      </Extensions>
     </Trackpoint>
     <Trackpoint>
      <Time>2026-08-08T11:23:26Z</Time>
      <Position>
       <LatitudeDegrees>5.2371570</LatitudeDegrees>
       <LongitudeDegrees>100.4361350</LongitudeDegrees>
      </Position>
      <AltitudeMeters>5.7</AltitudeMeters>
      <DistanceMeters>3162.8</DistanceMeters>
      <HeartRateBpm>
       <Value>165</Value>
      </HeartRateBpm>
      <Extensions>
       <TPX xmlns="http://www.garmin.com/xmlschemas/ActivityExtension/v2">
        <Speed>4.0</Speed>
       </TPX>
      </Extensions>
     </Trackpoint>
     <Trackpoint>
      <Time>2026-08-08T11:23:27Z</Time>
      <Position>
       <LatitudeDegrees>5.2371650</LatitudeDegrees>
       <LongitudeDegrees>100.4361690</LongitudeDegrees>
      </Position>
      <AltitudeMeters>5.7</AltitudeMeters>
      <DistanceMeters>3166.7</DistanceMeters>
      <HeartRateBpm>
       <Value>165</Value>
      </HeartRateBpm>
      <Extensions>
       <TPX xmlns="http://www.garmin.com/xmlschemas/ActivityExtension/v2">
        <Speed>4.0</Speed>
       </TPX>
      </Extensions>
     </Trackpoint>
     <Trackpoint>
      <Time>2026-08-08T11:23:28Z</Time>
      <Position>
       <LatitudeDegrees>5.2371760</LatitudeDegrees>
       <LongitudeDegrees>100.4362010</LongitudeDegrees>
      </Position>
      <AltitudeMeters>5.7</AltitudeMeters>
      <DistanceMeters>3170.4</DistanceMeters>
      <HeartRateBpm>
       <Value>165</Value>
      </HeartRateBpm>
      <Extensions>
       <TPX xmlns="http://www.garmin.com/xmlschemas/ActivityExtension/v2">
        <Speed>4.0</Speed>
       </TPX>
      </Extensions>
     </Trackpoint>
     <Trackpoint>
      <Time>2026-08-08T11:23:29Z</Time>
      <Position>
       <LatitudeDegrees>5.2371900</LatitudeDegrees>
       <LongitudeDegrees>100.4362340</LongitudeDegrees>
      </Position>
      <AltitudeMeters>5.7</AltitudeMeters>
      <DistanceMeters>3174.4</DistanceMeters>
      <HeartRateBpm>
       <Value>165</Value>
      </HeartRateBpm>
      <Extensions>
       <TPX xmlns="http://www.garmin.com/xmlschemas/ActivityExtension/v2">
        <Speed>3.7</Speed>
       </TPX>
      </Extensions>
     </Trackpoint>
     <Trackpoint>
      <Time>2026-08-08T11:23:30Z</Time>
      <Position>
       <LatitudeDegrees>5.2372040</LatitudeDegrees>
       <LongitudeDegrees>100.4362680</LongitudeDegrees>
      </Position>
      <AltitudeMeters>5.7</AltitudeMeters>
      <DistanceMeters>3178.4</DistanceMeters>
      <HeartRateBpm>
       <Value>165</Value>
      </HeartRateBpm>
      <Extensions>
       <TPX xmlns="http://www.garmin.com/xmlschemas/ActivityExtension/v2">
        <Speed>3.8</Speed>
       </TPX>
      </Extensions>
     </Trackpoint>
     <Trackpoint>
      <Time>2026-08-08T11:23:31Z</Time>
      <Position>
       <LatitudeDegrees>5.2372190</LatitudeDegrees>
       <LongitudeDegrees>100.4362990</LongitudeDegrees>
      </Position>
      <AltitudeMeters>5.7</AltitudeMeters>
      <DistanceMeters>3182.3</DistanceMeters>
      <HeartRateBpm>
       <Value>165</Value>
      </HeartRateBpm>
      <Extensions>
       <TPX xmlns="http://www.garmin.com/xmlschemas/ActivityExtension/v2">
        <Speed>3.9</Speed>
       </TPX>
      </Extensions>
     </Trackpoint>
     <Trackpoint>
      <Time>2026-08-08T11:23:32Z</Time>
      <Position>
       <LatitudeDegrees>5.2372340</LatitudeDegrees>
       <LongitudeDegrees>100.4363340</LongitudeDegrees>
      </Position>
      <AltitudeMeters>5.7</AltitudeMeters>
      <DistanceMeters>3186.5</DistanceMeters>
      <HeartRateBpm>
       <Value>164</Value>
      </HeartRateBpm>
      <Extensions>
       <TPX xmlns="http://www.garmin.com/xmlschemas/ActivityExtension/v2">
        <Speed>4.0</Speed>
       </TPX>
      </Extensions>
     </Trackpoint>
     <Trackpoint>
      <Time>2026-08-08T11:23:33Z</Time>
      <Position>
       <LatitudeDegrees>5.2372480</LatitudeDegrees>
       <LongitudeDegrees>100.4363660</LongitudeDegrees>
      </Position>
      <AltitudeMeters>5.7</AltitudeMeters>
      <DistanceMeters>3190.4</DistanceMeters>
      <HeartRateBpm>
       <Value>164</Value>
      </HeartRateBpm>
      <Extensions>
       <TPX xmlns="http://www.garmin.com/xmlschemas/ActivityExtension/v2">
        <Speed>4.0</Speed>
       </TPX>
      </Extensions>
     </Trackpoint>
     <Trackpoint>
      <Time>2026-08-08T11:23:34Z</Time>
      <Position>
       <LatitudeDegrees>5.2372570</LatitudeDegrees>
       <LongitudeDegrees>100.4363980</LongitudeDegrees>
      </Position>
      <AltitudeMeters>5.7</AltitudeMeters>
      <DistanceMeters>3194.1</DistanceMeters>
      <HeartRateBpm>
       <Value>165</Value>
      </HeartRateBpm>
      <Extensions>
       <TPX xmlns="http://www.garmin.com/xmlschemas/ActivityExtension/v2">
        <Speed>3.9</Speed>
       </TPX>
      </Extensions>
     </Trackpoint>
     <Trackpoint>
      <Time>2026-08-08T11:23:35Z</Time>
      <Position>
       <LatitudeDegrees>5.2372650</LatitudeDegrees>
       <LongitudeDegrees>100.4364300</LongitudeDegrees>
      </Position>
      <AltitudeMeters>5.7</AltitudeMeters>
      <DistanceMeters>3197.7</DistanceMeters>
      <HeartRateBpm>
       <Value>165</Value>
      </HeartRateBpm>
      <Extensions>
       <TPX xmlns="http://www.garmin.com/xmlschemas/ActivityExtension/v2">
        <Speed>3.9</Speed>
       </TPX>
      </Extensions>
     </Trackpoint>
     <Trackpoint>
      <Time>2026-08-08T11:23:36Z</Time>
      <Position>
       <LatitudeDegrees>5.2372780</LatitudeDegrees>
       <LongitudeDegrees>100.4364630</LongitudeDegrees>
      </Position>
      <AltitudeMeters>5.7</AltitudeMeters>
      <DistanceMeters>3201.6</DistanceMeters>
      <HeartRateBpm>
       <Value>165</Value>
      </HeartRateBpm>
      <Extensions>
       <TPX xmlns="http://www.garmin.com/xmlschemas/ActivityExtension/v2">
        <Speed>3.9</Speed>
       </TPX>
      </Extensions>
     </Trackpoint>
     <Trackpoint>
      <Time>2026-08-08T11:23:37Z</Time>
      <Position>
       <LatitudeDegrees>5.2372910</LatitudeDegrees>
       <LongitudeDegrees>100.4364960</LongitudeDegrees>
      </Position>
      <AltitudeMeters>5.7</AltitudeMeters>
      <DistanceMeters>3205.5</DistanceMeters>
      <HeartRateBpm>
       <Value>165</Value>
      </HeartRateBpm>
      <Extensions>
       <TPX xmlns="http://www.garmin.com/xmlschemas/ActivityExtension/v2">
        <Speed>3.8</Speed>
       </TPX>
      </Extensions>
     </Trackpoint>
     <Trackpoint>
      <Time>2026-08-08T11:23:38Z</Time>
      <Position>
       <LatitudeDegrees>5.2373020</LatitudeDegrees>
       <LongitudeDegrees>100.4365280</LongitudeDegrees>
      </Position>
      <AltitudeMeters>5.7</AltitudeMeters>
      <DistanceMeters>3209.3</DistanceMeters>
      <HeartRateBpm>
       <Value>164</Value>
      </HeartRateBpm>
      <Extensions>
       <TPX xmlns="http://www.garmin.com/xmlschemas/ActivityExtension/v2">
        <Speed>3.8</Speed>
       </TPX>
      </Extensions>
     </Trackpoint>
     <Trackpoint>
      <Time>2026-08-08T11:23:39Z</Time>
      <Position>
       <LatitudeDegrees>5.2373110</LatitudeDegrees>
       <LongitudeDegrees>100.4365600</LongitudeDegrees>
      </Position>
      <AltitudeMeters>5.7</AltitudeMeters>
      <DistanceMeters>3212.9</DistanceMeters>
      <HeartRateBpm>
       <Value>164</Value>
      </HeartRateBpm>
      <Extensions>
       <TPX xmlns="http://www.garmin.com/xmlschemas/ActivityExtension/v2">
        <Speed>3.8</Speed>
       </TPX>
      </Extensions>
     </Trackpoint>
     <Trackpoint>
      <Time>2026-08-08T11:23:40Z</Time>
      <Position>
       <LatitudeDegrees>5.2373220</LatitudeDegrees>
       <LongitudeDegrees>100.4365910</LongitudeDegrees>
      </Position>
      <AltitudeMeters>5.7</AltitudeMeters>
      <DistanceMeters>3216.6</DistanceMeters>
      <HeartRateBpm>
       <Value>165</Value>
      </HeartRateBpm>
      <Extensions>
       <TPX xmlns="http://www.garmin.com/xmlschemas/ActivityExtension/v2">
        <Speed>3.8</Speed>
       </TPX>
      </Extensions>
     </Trackpoint>
     <Trackpoint>
      <Time>2026-08-08T11:23:41Z</Time>
      <Position>
       <LatitudeDegrees>5.2373320</LatitudeDegrees>
       <LongitudeDegrees>100.4366220</LongitudeDegrees>
      </Position>
      <AltitudeMeters>5.7</AltitudeMeters>
      <DistanceMeters>3220.3</DistanceMeters>
      <HeartRateBpm>
       <Value>165</Value>
      </HeartRateBpm>
      <Extensions>
       <TPX xmlns="http://www.garmin.com/xmlschemas/ActivityExtension/v2">
        <Speed>3.7</Speed>
       </TPX>
      </Extensions>
     </Trackpoint>
     <Trackpoint>
      <Time>2026-08-08T11:23:42Z</Time>
      <Position>
       <LatitudeDegrees>5.2373410</LatitudeDegrees>
       <LongitudeDegrees>100.4366530</LongitudeDegrees>
      </Position>
      <AltitudeMeters>5.7</AltitudeMeters>
      <DistanceMeters>3223.8</DistanceMeters>
      <HeartRateBpm>
       <Value>166</Value>
      </HeartRateBpm>
      <Extensions>
       <TPX xmlns="http://www.garmin.com/xmlschemas/ActivityExtension/v2">
        <Speed>3.7</Speed>
       </TPX>
      </Extensions>
     </Trackpoint>
     <Trackpoint>
      <Time>2026-08-08T11:23:43Z</Time>
      <Position>
       <LatitudeDegrees>5.2373460</LatitudeDegrees>
       <LongitudeDegrees>100.4366800</LongitudeDegrees>
      </Position>
      <AltitudeMeters>5.7</AltitudeMeters>
      <DistanceMeters>3226.8</DistanceMeters>
      <HeartRateBpm>
       <Value>165</Value>
      </HeartRateBpm>
      <Extensions>
       <TPX xmlns="http://www.garmin.com/xmlschemas/ActivityExtension/v2">
        <Speed>3.5</Speed>
       </TPX>
      </Extensions>
     </Trackpoint>
     <Trackpoint>
      <Time>2026-08-08T11:23:44Z</Time>
      <Position>
       <LatitudeDegrees>5.2373540</LatitudeDegrees>
       <LongitudeDegrees>100.4367210</LongitudeDegrees>
      </Position>
      <AltitudeMeters>5.8</AltitudeMeters>
      <DistanceMeters>3231.5</DistanceMeters>
      <HeartRateBpm>
       <Value>165</Value>
      </HeartRateBpm>
      <Extensions>
       <TPX xmlns="http://www.garmin.com/xmlschemas/ActivityExtension/v2">
        <Speed>3.7</Speed>
       </TPX>
      </Extensions>
     </Trackpoint>
     <Trackpoint>
      <Time>2026-08-08T11:23:45Z</Time>
      <Position>
       <LatitudeDegrees>5.2373570</LatitudeDegrees>
       <LongitudeDegrees>100.4367420</LongitudeDegrees>
      </Position>
      <AltitudeMeters>5.8</AltitudeMeters>
      <DistanceMeters>3233.8</DistanceMeters>
      <HeartRateBpm>
       <Value>165</Value>
      </HeartRateBpm>
      <Extensions>
       <TPX xmlns="http://www.garmin.com/xmlschemas/ActivityExtension/v2">
        <Speed>3.4</Speed>
       </TPX>
      </Extensions>
     </Trackpoint>
     <Trackpoint>
      <Time>2026-08-08T11:23:46Z</Time>
      <Position>
       <LatitudeDegrees>5.2373660</LatitudeDegrees>
       <LongitudeDegrees>100.4367720</LongitudeDegrees>
      </Position>
      <AltitudeMeters>5.8</AltitudeMeters>
      <DistanceMeters>3237.3</DistanceMeters>
      <HeartRateBpm>
       <Value>165</Value>
      </HeartRateBpm>
      <Extensions>
       <TPX xmlns="http://www.garmin.com/xmlschemas/ActivityExtension/v2">
        <Speed>3.4</Speed>
       </TPX>
      </Extensions>
     </Trackpoint>
     <Trackpoint>
      <Time>2026-08-08T11:23:47Z</Time>
      <Position>
       <LatitudeDegrees>5.2373740</LatitudeDegrees>
       <LongitudeDegrees>100.4368040</LongitudeDegrees>
      </Position>
      <AltitudeMeters>5.8</AltitudeMeters>
      <DistanceMeters>3240.9</DistanceMeters>
      <HeartRateBpm>
       <Value>166</Value>
      </HeartRateBpm>
      <Extensions>
       <TPX xmlns="http://www.garmin.com/xmlschemas/ActivityExtension/v2">
        <Speed>3.4</Speed>
       </TPX>
      </Extensions>
     </Trackpoint>
     <Trackpoint>
      <Time>2026-08-08T11:23:48Z</Time>
      <Position>
       <LatitudeDegrees>5.2373830</LatitudeDegrees>
       <LongitudeDegrees>100.4368350</LongitudeDegrees>
      </Position>
      <AltitudeMeters>5.8</AltitudeMeters>
      <DistanceMeters>3244.5</DistanceMeters>
      <HeartRateBpm>
       <Value>166</Value>
      </HeartRateBpm>
      <Extensions>
       <TPX xmlns="http://www.garmin.com/xmlschemas/ActivityExtension/v2">
        <Speed>3.5</Speed>
       </TPX>
      </Extensions>
     </Trackpoint>
     <Trackpoint>
      <Time>2026-08-08T11:23:49Z</Time>
      <Position>
       <LatitudeDegrees>5.2373950</LatitudeDegrees>
       <LongitudeDegrees>100.4368660</LongitudeDegrees>
      </Position>
      <AltitudeMeters>5.8</AltitudeMeters>
      <DistanceMeters>3248.1</DistanceMeters>
      <HeartRateBpm>
       <Value>166</Value>
      </HeartRateBpm>
      <Extensions>
       <TPX xmlns="http://www.garmin.com/xmlschemas/ActivityExtension/v2">
        <Speed>3.3</Speed>
       </TPX>
      </Extensions>
     </Trackpoint>
     <Trackpoint>
      <Time>2026-08-08T11:23:50Z</Time>
      <Position>
       <LatitudeDegrees>5.2374070</LatitudeDegrees>
       <LongitudeDegrees>100.4368970</LongitudeDegrees>
      </Position>
      <AltitudeMeters>5.8</AltitudeMeters>
      <DistanceMeters>3251.8</DistanceMeters>
      <HeartRateBpm>
       <Value>165</Value>
      </HeartRateBpm>
      <Extensions>
       <TPX xmlns="http://www.garmin.com/xmlschemas/ActivityExtension/v2">
        <Speed>3.6</Speed>
       </TPX>
      </Extensions>
     </Trackpoint>
     <Trackpoint>
      <Time>2026-08-08T11:23:51Z</Time>
      <Position>
       <LatitudeDegrees>5.2374160</LatitudeDegrees>
       <LongitudeDegrees>100.4369290</LongitudeDegrees>
      </Position>
      <AltitudeMeters>5.8</AltitudeMeters>
      <DistanceMeters>3255.5</DistanceMeters>
      <HeartRateBpm>
       <Value>166</Value>
      </HeartRateBpm>
      <Extensions>
       <TPX xmlns="http://www.garmin.com/xmlschemas/ActivityExtension/v2">
        <Speed>3.6</Speed>
       </TPX>
      </Extensions>
     </Trackpoint>
     <Trackpoint>
      <Time>2026-08-08T11:23:52Z</Time>
      <Position>
       <LatitudeDegrees>5.2374220</LatitudeDegrees>
       <LongitudeDegrees>100.4369620</LongitudeDegrees>
      </Position>
      <AltitudeMeters>5.8</AltitudeMeters>
      <DistanceMeters>3259.2</DistanceMeters>
      <HeartRateBpm>
       <Value>166</Value>
      </HeartRateBpm>
      <Extensions>
       <TPX xmlns="http://www.garmin.com/xmlschemas/ActivityExtension/v2">
        <Speed>3.7</Speed>
       </TPX>
      </Extensions>
     </Trackpoint>
     <Trackpoint>
      <Time>2026-08-08T11:23:53Z</Time>
      <Position>
       <LatitudeDegrees>5.2374270</LatitudeDegrees>
       <LongitudeDegrees>100.4369950</LongitudeDegrees>
      </Position>
      <AltitudeMeters>5.8</AltitudeMeters>
      <DistanceMeters>3262.9</DistanceMeters>
      <HeartRateBpm>
       <Value>166</Value>
      </HeartRateBpm>
      <Extensions>
       <TPX xmlns="http://www.garmin.com/xmlschemas/ActivityExtension/v2">
        <Speed>3.7</Speed>
       </TPX>
      </Extensions>
     </Trackpoint>
     <Trackpoint>
      <Time>2026-08-08T11:23:54Z</Time>
      <Position>
       <LatitudeDegrees>5.2374360</LatitudeDegrees>
       <LongitudeDegrees>100.4370290</LongitudeDegrees>
      </Position>
      <AltitudeMeters>5.8</AltitudeMeters>
      <DistanceMeters>3266.8</DistanceMeters>
      <HeartRateBpm>
       <Value>166</Value>
      </HeartRateBpm>
      <Extensions>
       <TPX xmlns="http://www.garmin.com/xmlschemas/ActivityExtension/v2">
        <Speed>3.7</Speed>
       </TPX>
      </Extensions>
     </Trackpoint>
     <Trackpoint>
      <Time>2026-08-08T11:23:55Z</Time>
      <Position>
       <LatitudeDegrees>5.2374440</LatitudeDegrees>
       <LongitudeDegrees>100.4370580</LongitudeDegrees>
      </Position>
      <AltitudeMeters>5.8</AltitudeMeters>
      <DistanceMeters>3270.1</DistanceMeters>
      <HeartRateBpm>
       <Value>167</Value>
      </HeartRateBpm>
      <Extensions>
       <TPX xmlns="http://www.garmin.com/xmlschemas/ActivityExtension/v2">
        <Speed>3.7</Speed>
       </TPX>
      </Extensions>
     </Trackpoint>
     <Trackpoint>
      <Time>2026-08-08T11:23:56Z</Time>
      <Position>
       <LatitudeDegrees>5.2374530</LatitudeDegrees>
       <LongitudeDegrees>100.4370950</LongitudeDegrees>
      </Position>
      <AltitudeMeters>5.8</AltitudeMeters>
      <DistanceMeters>3274.4</DistanceMeters>
      <HeartRateBpm>
       <Value>167</Value>
      </HeartRateBpm>
      <Extensions>
       <TPX xmlns="http://www.garmin.com/xmlschemas/ActivityExtension/v2">
        <Speed>3.8</Speed>
       </TPX>
      </Extensions>
     </Trackpoint>
     <Trackpoint>
      <Time>2026-08-08T11:23:57Z</Time>
      <Position>
       <LatitudeDegrees>5.2374620</LatitudeDegrees>
       <LongitudeDegrees>100.4371260</LongitudeDegrees>
      </Position>
      <AltitudeMeters>5.8</AltitudeMeters>
      <DistanceMeters>3278.0</DistanceMeters>
      <HeartRateBpm>
       <Value>167</Value>
      </HeartRateBpm>
      <Extensions>
       <TPX xmlns="http://www.garmin.com/xmlschemas/ActivityExtension/v2">
        <Speed>3.8</Speed>
       </TPX>
      </Extensions>
     </Trackpoint>
     <Trackpoint>
      <Time>2026-08-08T11:23:58Z</Time>
      <Position>
       <LatitudeDegrees>5.2374770</LatitudeDegrees>
       <LongitudeDegrees>100.4371590</LongitudeDegrees>
      </Position>
      <AltitudeMeters>5.9</AltitudeMeters>
      <DistanceMeters>3281.9</DistanceMeters>
      <HeartRateBpm>
       <Value>166</Value>
      </HeartRateBpm>
      <Extensions>
       <TPX xmlns="http://www.garmin.com/xmlschemas/ActivityExtension/v2">
        <Speed>3.8</Speed>
       </TPX>
      </Extensions>
     </Trackpoint>
     <Trackpoint>
      <Time>2026-08-08T11:23:59Z</Time>
      <Position>
       <LatitudeDegrees>5.2374920</LatitudeDegrees>
       <LongitudeDegrees>100.4371880</LongitudeDegrees>
      </Position>
      <AltitudeMeters>5.9</AltitudeMeters>
      <DistanceMeters>3285.6</DistanceMeters>
      <HeartRateBpm>
       <Value>165</Value>
      </HeartRateBpm>
      <Extensions>
       <TPX xmlns="http://www.garmin.com/xmlschemas/ActivityExtension/v2">
        <Speed>3.8</Speed>
       </TPX>
      </Extensions>
     </Trackpoint>
     <Trackpoint>
      <Time>2026-08-08T11:24:00Z</Time>
      <Position>
       <LatitudeDegrees>5.2375090</LatitudeDegrees>
       <LongitudeDegrees>100.4372180</LongitudeDegrees>
      </Position>
      <AltitudeMeters>5.9</AltitudeMeters>
      <DistanceMeters>3289.4</DistanceMeters>
      <HeartRateBpm>
       <Value>165</Value>
      </HeartRateBpm>
      <Extensions>
       <TPX xmlns="http://www.garmin.com/xmlschemas/ActivityExtension/v2">
        <Speed>3.9</Speed>
       </TPX>
      </Extensions>
     </Trackpoint>
     <Trackpoint>
      <Time>2026-08-08T11:24:01Z</Time>
      <Position>
       <LatitudeDegrees>5.2375280</LatitudeDegrees>
       <LongitudeDegrees>100.4372480</LongitudeDegrees>
      </Position>
      <AltitudeMeters>5.9</AltitudeMeters>
      <DistanceMeters>3293.4</DistanceMeters>
      <HeartRateBpm>
       <Value>166</Value>
      </HeartRateBpm>
      <Extensions>
       <TPX xmlns="http://www.garmin.com/xmlschemas/ActivityExtension/v2">
        <Speed>3.8</Speed>
       </TPX>
      </Extensions>
     </Trackpoint>
     <Trackpoint>
      <Time>2026-08-08T11:24:02Z</Time>
      <Position>
       <LatitudeDegrees>5.2375390</LatitudeDegrees>
       <LongitudeDegrees>100.4372780</LongitudeDegrees>
      </Position>
      <AltitudeMeters>5.9</AltitudeMeters>
      <DistanceMeters>3296.9</DistanceMeters>
      <HeartRateBpm>
       <Value>166</Value>
      </HeartRateBpm>
      <Extensions>
       <TPX xmlns="http://www.garmin.com/xmlschemas/ActivityExtension/v2">
        <Speed>3.8</Speed>
       </TPX>
      </Extensions>
     </Trackpoint>
     <Trackpoint>
      <Time>2026-08-08T11:24:03Z</Time>
      <Position>
       <LatitudeDegrees>5.2375490</LatitudeDegrees>
       <LongitudeDegrees>100.4373100</LongitudeDegrees>
      </Position>
      <AltitudeMeters>5.9</AltitudeMeters>
      <DistanceMeters>3300.6</DistanceMeters>
      <HeartRateBpm>
       <Value>166</Value>
      </HeartRateBpm>
      <Extensions>
       <TPX xmlns="http://www.garmin.com/xmlschemas/ActivityExtension/v2">
        <Speed>3.7</Speed>
       </TPX>
      </Extensions>
     </Trackpoint>
     <Trackpoint>
      <Time>2026-08-08T11:24:04Z</Time>
      <Position>
       <LatitudeDegrees>5.2375660</LatitudeDegrees>
       <LongitudeDegrees>100.4373350</LongitudeDegrees>
      </Position>
      <AltitudeMeters>5.9</AltitudeMeters>
      <DistanceMeters>3304.0</DistanceMeters>
      <HeartRateBpm>
       <Value>166</Value>
      </HeartRateBpm>
      <Extensions>
       <TPX xmlns="http://www.garmin.com/xmlschemas/ActivityExtension/v2">
        <Speed>3.7</Speed>
       </TPX>
      </Extensions>
     </Trackpoint>
     <Trackpoint>
      <Time>2026-08-08T11:24:05Z</Time>
      <Position>
       <LatitudeDegrees>5.2375760</LatitudeDegrees>
       <LongitudeDegrees>100.4373490</LongitudeDegrees>
      </Position>
      <AltitudeMeters>5.9</AltitudeMeters>
      <DistanceMeters>3305.9</DistanceMeters>
      <HeartRateBpm>
       <Value>166</Value>
      </HeartRateBpm>
      <Extensions>
       <TPX xmlns="http://www.garmin.com/xmlschemas/ActivityExtension/v2">
        <Speed>3.3</Speed>
       </TPX>
      </Extensions>
     </Trackpoint>
     <Trackpoint>
      <Time>2026-08-08T11:24:06Z</Time>
      <Position>
       <LatitudeDegrees>5.2375820</LatitudeDegrees>
       <LongitudeDegrees>100.4373820</LongitudeDegrees>
      </Position>
      <AltitudeMeters>5.9</AltitudeMeters>
      <DistanceMeters>3309.5</DistanceMeters>
      <HeartRateBpm>
       <Value>167</Value>
      </HeartRateBpm>
      <Extensions>
       <TPX xmlns="http://www.garmin.com/xmlschemas/ActivityExtension/v2">
        <Speed>3.2</Speed>
       </TPX>
      </Extensions>
     </Trackpoint>
     <Trackpoint>
      <Time>2026-08-08T11:24:07Z</Time>
      <Position>
       <LatitudeDegrees>5.2375880</LatitudeDegrees>
       <LongitudeDegrees>100.4374220</LongitudeDegrees>
      </Position>
      <AltitudeMeters>5.9</AltitudeMeters>
      <DistanceMeters>3314.0</DistanceMeters>
      <HeartRateBpm>
       <Value>166</Value>
      </HeartRateBpm>
      <Extensions>
       <TPX xmlns="http://www.garmin.com/xmlschemas/ActivityExtension/v2">
        <Speed>3.4</Speed>
       </TPX>
      </Extensions>
     </Trackpoint>
     <Trackpoint>
      <Time>2026-08-08T11:24:08Z</Time>
      <Position>
       <LatitudeDegrees>5.2375950</LatitudeDegrees>
       <LongitudeDegrees>100.4374600</LongitudeDegrees>
      </Position>
      <AltitudeMeters>5.9</AltitudeMeters>
      <DistanceMeters>3318.2</DistanceMeters>
      <HeartRateBpm>
       <Value>166</Value>
      </HeartRateBpm>
      <Extensions>
       <TPX xmlns="http://www.garmin.com/xmlschemas/ActivityExtension/v2">
        <Speed>3.5</Speed>
       </TPX>
      </Extensions>
     </Trackpoint>
     <Trackpoint>
      <Time>2026-08-08T11:24:09Z</Time>
      <Position>
       <LatitudeDegrees>5.2376030</LatitudeDegrees>
       <LongitudeDegrees>100.4374920</LongitudeDegrees>
      </Position>
      <AltitudeMeters>5.9</AltitudeMeters>
      <DistanceMeters>3321.9</DistanceMeters>
      <HeartRateBpm>
       <Value>166</Value>
      </HeartRateBpm>
      <Extensions>
       <TPX xmlns="http://www.garmin.com/xmlschemas/ActivityExtension/v2">
        <Speed>3.6</Speed>
       </TPX>
      </Extensions>
     </Trackpoint>
     <Trackpoint>
      <Time>2026-08-08T11:24:10Z</Time>
      <Position>
       <LatitudeDegrees>5.2376140</LatitudeDegrees>
       <LongitudeDegrees>100.4375260</LongitudeDegrees>
      </Position>
      <AltitudeMeters>5.9</AltitudeMeters>
      <DistanceMeters>3325.8</DistanceMeters>
      <HeartRateBpm>
       <Value>165</Value>
      </HeartRateBpm>
      <Extensions>
       <TPX xmlns="http://www.garmin.com/xmlschemas/ActivityExtension/v2">
        <Speed>4.0</Speed>
       </TPX>
      </Extensions>
     </Trackpoint>
     <Trackpoint>
      <Time>2026-08-08T11:24:11Z</Time>
      <Position>
       <LatitudeDegrees>5.2376250</LatitudeDegrees>
       <LongitudeDegrees>100.4375610</LongitudeDegrees>
      </Position>
      <AltitudeMeters>5.9</AltitudeMeters>
      <DistanceMeters>3329.9</DistanceMeters>
      <HeartRateBpm>
       <Value>165</Value>
      </HeartRateBpm>
      <Extensions>
       <TPX xmlns="http://www.garmin.com/xmlschemas/ActivityExtension/v2">
        <Speed>4.1</Speed>
       </TPX>
      </Extensions>
     </Trackpoint>
     <Trackpoint>
      <Time>2026-08-08T11:24:12Z</Time>
      <Position>
       <LatitudeDegrees>5.2376340</LatitudeDegrees>
       <LongitudeDegrees>100.4375970</LongitudeDegrees>
      </Position>
      <AltitudeMeters>5.9</AltitudeMeters>
      <DistanceMeters>3334.0</DistanceMeters>
      <HeartRateBpm>
       <Value>166</Value>
      </HeartRateBpm>
      <Extensions>
       <TPX xmlns="http://www.garmin.com/xmlschemas/ActivityExtension/v2">
        <Speed>4.0</Speed>
       </TPX>
      </Extensions>
     </Trackpoint>
     <Trackpoint>
      <Time>2026-08-08T11:24:13Z</Time>
      <Position>
       <LatitudeDegrees>5.2376430</LatitudeDegrees>
       <LongitudeDegrees>100.4376300</LongitudeDegrees>
      </Position>
      <AltitudeMeters>5.9</AltitudeMeters>
      <DistanceMeters>3337.8</DistanceMeters>
      <HeartRateBpm>
       <Value>166</Value>
      </HeartRateBpm>
      <Extensions>
       <TPX xmlns="http://www.garmin.com/xmlschemas/ActivityExtension/v2">
        <Speed>3.9</Speed>
       </TPX>
      </Extensions>
     </Trackpoint>
     <Trackpoint>
      <Time>2026-08-08T11:24:14Z</Time>
      <Position>
       <LatitudeDegrees>5.2376520</LatitudeDegrees>
       <LongitudeDegrees>100.4376620</LongitudeDegrees>
      </Position>
      <AltitudeMeters>5.9</AltitudeMeters>
      <DistanceMeters>3341.6</DistanceMeters>
      <HeartRateBpm>
       <Value>166</Value>
      </HeartRateBpm>
      <Extensions>
       <TPX xmlns="http://www.garmin.com/xmlschemas/ActivityExtension/v2">
        <Speed>3.9</Speed>
       </TPX>
      </Extensions>
     </Trackpoint>
     <Trackpoint>
      <Time>2026-08-08T11:24:15Z</Time>
      <Position>
       <LatitudeDegrees>5.2376600</LatitudeDegrees>
       <LongitudeDegrees>100.4376940</LongitudeDegrees>
      </Position>
      <AltitudeMeters>5.9</AltitudeMeters>
      <DistanceMeters>3345.1</DistanceMeters>
      <HeartRateBpm>
       <Value>165</Value>
      </HeartRateBpm>
      <Extensions>
       <TPX xmlns="http://www.garmin.com/xmlschemas/ActivityExtension/v2">
        <Speed>3.9</Speed>
       </TPX>
      </Extensions>
     </Trackpoint>
     <Trackpoint>
      <Time>2026-08-08T11:24:16Z</Time>
      <Position>
       <LatitudeDegrees>5.2376690</LatitudeDegrees>
       <LongitudeDegrees>100.4377260</LongitudeDegrees>
      </Position>
      <AltitudeMeters>5.9</AltitudeMeters>
      <DistanceMeters>3348.9</DistanceMeters>
      <HeartRateBpm>
       <Value>165</Value>
      </HeartRateBpm>
      <Extensions>
       <TPX xmlns="http://www.garmin.com/xmlschemas/ActivityExtension/v2">
        <Speed>3.8</Speed>
       </TPX>
      </Extensions>
     </Trackpoint>
     <Trackpoint>
      <Time>2026-08-08T11:24:17Z</Time>
      <Position>
       <LatitudeDegrees>5.2376790</LatitudeDegrees>
       <LongitudeDegrees>100.4377610</LongitudeDegrees>
      </Position>
      <AltitudeMeters>5.9</AltitudeMeters>
      <DistanceMeters>3352.9</DistanceMeters>
      <HeartRateBpm>
       <Value>165</Value>
      </HeartRateBpm>
      <Extensions>
       <TPX xmlns="http://www.garmin.com/xmlschemas/ActivityExtension/v2">
        <Speed>3.8</Speed>
       </TPX>
      </Extensions>
     </Trackpoint>
     <Trackpoint>
      <Time>2026-08-08T11:24:18Z</Time>
      <Position>
       <LatitudeDegrees>5.2376870</LatitudeDegrees>
       <LongitudeDegrees>100.4377950</LongitudeDegrees>
      </Position>
      <AltitudeMeters>5.9</AltitudeMeters>
      <DistanceMeters>3356.7</DistanceMeters>
      <HeartRateBpm>
       <Value>166</Value>
      </HeartRateBpm>
      <Extensions>
       <TPX xmlns="http://www.garmin.com/xmlschemas/ActivityExtension/v2">
        <Speed>3.8</Speed>
       </TPX>
      </Extensions>
     </Trackpoint>
     <Trackpoint>
      <Time>2026-08-08T11:24:19Z</Time>
      <Position>
       <LatitudeDegrees>5.2376950</LatitudeDegrees>
       <LongitudeDegrees>100.4378250</LongitudeDegrees>
      </Position>
      <AltitudeMeters>5.9</AltitudeMeters>
      <DistanceMeters>3360.2</DistanceMeters>
      <HeartRateBpm>
       <Value>167</Value>
      </HeartRateBpm>
      <Extensions>
       <TPX xmlns="http://www.garmin.com/xmlschemas/ActivityExtension/v2">
        <Speed>3.7</Speed>
       </TPX>
      </Extensions>
     </Trackpoint>
     <Trackpoint>
      <Time>2026-08-08T11:24:20Z</Time>
      <Position>
       <LatitudeDegrees>5.2377050</LatitudeDegrees>
       <LongitudeDegrees>100.4378520</LongitudeDegrees>
      </Position>
      <AltitudeMeters>5.9</AltitudeMeters>
      <DistanceMeters>3363.3</DistanceMeters>
      <HeartRateBpm>
       <Value>167</Value>
      </HeartRateBpm>
      <Extensions>
       <TPX xmlns="http://www.garmin.com/xmlschemas/ActivityExtension/v2">
        <Speed>3.6</Speed>
       </TPX>
      </Extensions>
     </Trackpoint>
     <Trackpoint>
      <Time>2026-08-08T11:24:21Z</Time>
      <Position>
       <LatitudeDegrees>5.2377200</LatitudeDegrees>
       <LongitudeDegrees>100.4378730</LongitudeDegrees>
      </Position>
      <AltitudeMeters>5.9</AltitudeMeters>
      <DistanceMeters>3366.2</DistanceMeters>
      <HeartRateBpm>
       <Value>167</Value>
      </HeartRateBpm>
      <Extensions>
       <TPX xmlns="http://www.garmin.com/xmlschemas/ActivityExtension/v2">
        <Speed>3.5</Speed>
       </TPX>
      </Extensions>
     </Trackpoint>
     <Trackpoint>
      <Time>2026-08-08T11:24:22Z</Time>
      <Position>
       <LatitudeDegrees>5.2377340</LatitudeDegrees>
       <LongitudeDegrees>100.4378970</LongitudeDegrees>
      </Position>
      <AltitudeMeters>5.9</AltitudeMeters>
      <DistanceMeters>3369.3</DistanceMeters>
      <HeartRateBpm>
       <Value>166</Value>
      </HeartRateBpm>
      <Extensions>
       <TPX xmlns="http://www.garmin.com/xmlschemas/ActivityExtension/v2">
        <Speed>3.3</Speed>
       </TPX>
      </Extensions>
     </Trackpoint>
     <Trackpoint>
      <Time>2026-08-08T11:24:23Z</Time>
      <Position>
       <LatitudeDegrees>5.2377430</LatitudeDegrees>
       <LongitudeDegrees>100.4379230</LongitudeDegrees>
      </Position>
      <AltitudeMeters>5.9</AltitudeMeters>
      <DistanceMeters>3372.3</DistanceMeters>
      <HeartRateBpm>
       <Value>167</Value>
      </HeartRateBpm>
      <Extensions>
       <TPX xmlns="http://www.garmin.com/xmlschemas/ActivityExtension/v2">
        <Speed>3.1</Speed>
       </TPX>
      </Extensions>
     </Trackpoint>
     <Trackpoint>
      <Time>2026-08-08T11:24:24Z</Time>
      <Position>
       <LatitudeDegrees>5.2377410</LatitudeDegrees>
       <LongitudeDegrees>100.4379520</LongitudeDegrees>
      </Position>
      <AltitudeMeters>5.9</AltitudeMeters>
      <DistanceMeters>3375.5</DistanceMeters>
      <HeartRateBpm>
       <Value>167</Value>
      </HeartRateBpm>
      <Extensions>
       <TPX xmlns="http://www.garmin.com/xmlschemas/ActivityExtension/v2">
        <Speed>3.1</Speed>
       </TPX>
      </Extensions>
     </Trackpoint>
     <Trackpoint>
      <Time>2026-08-08T11:24:25Z</Time>
      <Position>
       <LatitudeDegrees>5.2377380</LatitudeDegrees>
       <LongitudeDegrees>100.4379840</LongitudeDegrees>
      </Position>
      <AltitudeMeters>5.9</AltitudeMeters>
      <DistanceMeters>3379.0</DistanceMeters>
      <HeartRateBpm>
       <Value>167</Value>
      </HeartRateBpm>
      <Extensions>
       <TPX xmlns="http://www.garmin.com/xmlschemas/ActivityExtension/v2">
        <Speed>3.1</Speed>
       </TPX>
      </Extensions>
     </Trackpoint>
     <Trackpoint>
      <Time>2026-08-08T11:24:26Z</Time>
      <Position>
       <LatitudeDegrees>5.2377400</LatitudeDegrees>
       <LongitudeDegrees>100.4380170</LongitudeDegrees>
      </Position>
      <AltitudeMeters>5.9</AltitudeMeters>
      <DistanceMeters>3382.7</DistanceMeters>
      <HeartRateBpm>
       <Value>168</Value>
      </HeartRateBpm>
      <Extensions>
       <TPX xmlns="http://www.garmin.com/xmlschemas/ActivityExtension/v2">
        <Speed>3.3</Speed>
       </TPX>
      </Extensions>
     </Trackpoint>
     <Trackpoint>
      <Time>2026-08-08T11:24:27Z</Time>
      <Position>
       <LatitudeDegrees>5.2377440</LatitudeDegrees>
       <LongitudeDegrees>100.4380530</LongitudeDegrees>
      </Position>
      <AltitudeMeters>5.9</AltitudeMeters>
      <DistanceMeters>3386.7</DistanceMeters>
      <HeartRateBpm>
       <Value>168</Value>
      </HeartRateBpm>
      <Extensions>
       <TPX xmlns="http://www.garmin.com/xmlschemas/ActivityExtension/v2">
        <Speed>3.5</Speed>
       </TPX>
      </Extensions>
     </Trackpoint>
     <Trackpoint>
      <Time>2026-08-08T11:24:28Z</Time>
      <Position>
       <LatitudeDegrees>5.2377450</LatitudeDegrees>
       <LongitudeDegrees>100.4380890</LongitudeDegrees>
      </Position>
      <AltitudeMeters>5.9</AltitudeMeters>
      <DistanceMeters>3390.7</DistanceMeters>
      <HeartRateBpm>
       <Value>168</Value>
      </HeartRateBpm>
      <Extensions>
       <TPX xmlns="http://www.garmin.com/xmlschemas/ActivityExtension/v2">
        <Speed>3.7</Speed>
       </TPX>
      </Extensions>
     </Trackpoint>
     <Trackpoint>
      <Time>2026-08-08T11:24:29Z</Time>
      <Position>
       <LatitudeDegrees>5.2377450</LatitudeDegrees>
       <LongitudeDegrees>100.4381140</LongitudeDegrees>
      </Position>
      <AltitudeMeters>5.9</AltitudeMeters>
      <DistanceMeters>3393.5</DistanceMeters>
      <HeartRateBpm>
       <Value>168</Value>
      </HeartRateBpm>
      <Extensions>
       <TPX xmlns="http://www.garmin.com/xmlschemas/ActivityExtension/v2">
        <Speed>3.6</Speed>
       </TPX>
      </Extensions>
     </Trackpoint>
     <Trackpoint>
      <Time>2026-08-08T11:24:30Z</Time>
      <Position>
       <LatitudeDegrees>5.2377530</LatitudeDegrees>
       <LongitudeDegrees>100.4381540</LongitudeDegrees>
      </Position>
      <AltitudeMeters>5.9</AltitudeMeters>
      <DistanceMeters>3398.0</DistanceMeters>
      <HeartRateBpm>
       <Value>168</Value>
      </HeartRateBpm>
      <Extensions>
       <TPX xmlns="http://www.garmin.com/xmlschemas/ActivityExtension/v2">
        <Speed>3.8</Speed>
       </TPX>
      </Extensions>
     </Trackpoint>
     <Trackpoint>
      <Time>2026-08-08T11:24:31Z</Time>
      <Position>
       <LatitudeDegrees>5.2377620</LatitudeDegrees>
       <LongitudeDegrees>100.4381970</LongitudeDegrees>
      </Position>
      <AltitudeMeters>5.9</AltitudeMeters>
      <DistanceMeters>3402.8</DistanceMeters>
      <HeartRateBpm>
       <Value>168</Value>
      </HeartRateBpm>
      <Extensions>
       <TPX xmlns="http://www.garmin.com/xmlschemas/ActivityExtension/v2">
        <Speed>4.0</Speed>
       </TPX>
      </Extensions>
     </Trackpoint>
     <Trackpoint>
      <Time>2026-08-08T11:24:32Z</Time>
      <Position>
       <LatitudeDegrees>5.2377690</LatitudeDegrees>
       <LongitudeDegrees>100.4382370</LongitudeDegrees>
      </Position>
      <AltitudeMeters>5.9</AltitudeMeters>
      <DistanceMeters>3407.3</DistanceMeters>
      <HeartRateBpm>
       <Value>168</Value>
      </HeartRateBpm>
      <Extensions>
       <TPX xmlns="http://www.garmin.com/xmlschemas/ActivityExtension/v2">
        <Speed>4.1</Speed>
       </TPX>
      </Extensions>
     </Trackpoint>
     <Trackpoint>
      <Time>2026-08-08T11:24:33Z</Time>
      <Position>
       <LatitudeDegrees>5.2377770</LatitudeDegrees>
       <LongitudeDegrees>100.4382770</LongitudeDegrees>
      </Position>
      <AltitudeMeters>5.9</AltitudeMeters>
      <DistanceMeters>3411.8</DistanceMeters>
      <HeartRateBpm>
       <Value>168</Value>
      </HeartRateBpm>
      <Extensions>
       <TPX xmlns="http://www.garmin.com/xmlschemas/ActivityExtension/v2">
        <Speed>4.2</Speed>
       </TPX>
      </Extensions>
     </Trackpoint>
     <Trackpoint>
      <Time>2026-08-08T11:24:34Z</Time>
      <Position>
       <LatitudeDegrees>5.2377840</LatitudeDegrees>
       <LongitudeDegrees>100.4383140</LongitudeDegrees>
      </Position>
      <AltitudeMeters>5.9</AltitudeMeters>
      <DistanceMeters>3416.0</DistanceMeters>
      <HeartRateBpm>
       <Value>168</Value>
      </HeartRateBpm>
      <Extensions>
       <TPX xmlns="http://www.garmin.com/xmlschemas/ActivityExtension/v2">
        <Speed>4.5</Speed>
       </TPX>
      </Extensions>
     </Trackpoint>
     <Trackpoint>
      <Time>2026-08-08T11:24:35Z</Time>
      <Position>
       <LatitudeDegrees>5.2377890</LatitudeDegrees>
       <LongitudeDegrees>100.4383500</LongitudeDegrees>
      </Position>
      <AltitudeMeters>5.9</AltitudeMeters>
      <DistanceMeters>3420.1</DistanceMeters>
      <HeartRateBpm>
       <Value>168</Value>
      </HeartRateBpm>
      <Extensions>
       <TPX xmlns="http://www.garmin.com/xmlschemas/ActivityExtension/v2">
        <Speed>4.4</Speed>
       </TPX>
      </Extensions>
     </Trackpoint>
     <Trackpoint>
      <Time>2026-08-08T11:24:36Z</Time>
      <Position>
       <LatitudeDegrees>5.2377930</LatitudeDegrees>
       <LongitudeDegrees>100.4383870</LongitudeDegrees>
      </Position>
      <AltitudeMeters>5.9</AltitudeMeters>
      <DistanceMeters>3424.1</DistanceMeters>
      <HeartRateBpm>
       <Value>168</Value>
      </HeartRateBpm>
      <Extensions>
       <TPX xmlns="http://www.garmin.com/xmlschemas/ActivityExtension/v2">
        <Speed>4.3</Speed>
       </TPX>
      </Extensions>
     </Trackpoint>
     <Trackpoint>
      <Time>2026-08-08T11:24:37Z</Time>
      <Position>
       <LatitudeDegrees>5.2377990</LatitudeDegrees>
       <LongitudeDegrees>100.4384200</LongitudeDegrees>
      </Position>
      <AltitudeMeters>5.9</AltitudeMeters>
      <DistanceMeters>3427.8</DistanceMeters>
      <HeartRateBpm>
       <Value>168</Value>
      </HeartRateBpm>
      <Extensions>
       <TPX xmlns="http://www.garmin.com/xmlschemas/ActivityExtension/v2">
        <Speed>4.1</Speed>
       </TPX>
      </Extensions>
     </Trackpoint>
     <Trackpoint>
      <Time>2026-08-08T11:24:38Z</Time>
      <Position>
       <LatitudeDegrees>5.2378080</LatitudeDegrees>
       <LongitudeDegrees>100.4384530</LongitudeDegrees>
      </Position>
      <AltitudeMeters>5.9</AltitudeMeters>
      <DistanceMeters>3431.7</DistanceMeters>
      <HeartRateBpm>
       <Value>168</Value>
      </HeartRateBpm>
      <Extensions>
       <TPX xmlns="http://www.garmin.com/xmlschemas/ActivityExtension/v2">
        <Speed>4.0</Speed>
       </TPX>
      </Extensions>
     </Trackpoint>
     <Trackpoint>
      <Time>2026-08-08T11:24:39Z</Time>
      <Position>
       <LatitudeDegrees>5.2378190</LatitudeDegrees>
       <LongitudeDegrees>100.4384870</LongitudeDegrees>
      </Position>
      <AltitudeMeters>5.9</AltitudeMeters>
      <DistanceMeters>3435.6</DistanceMeters>
      <HeartRateBpm>
       <Value>169</Value>
      </HeartRateBpm>
      <Extensions>
       <TPX xmlns="http://www.garmin.com/xmlschemas/ActivityExtension/v2">
        <Speed>3.9</Speed>
       </TPX>
      </Extensions>
     </Trackpoint>
     <Trackpoint>
      <Time>2026-08-08T11:24:40Z</Time>
      <Position>
       <LatitudeDegrees>5.2378350</LatitudeDegrees>
       <LongitudeDegrees>100.4385150</LongitudeDegrees>
      </Position>
      <AltitudeMeters>5.9</AltitudeMeters>
      <DistanceMeters>3439.2</DistanceMeters>
      <HeartRateBpm>
       <Value>169</Value>
      </HeartRateBpm>
      <Extensions>
       <TPX xmlns="http://www.garmin.com/xmlschemas/ActivityExtension/v2">
        <Speed>3.8</Speed>
       </TPX>
      </Extensions>
     </Trackpoint>
     <Trackpoint>
      <Time>2026-08-08T11:24:41Z</Time>
      <Position>
       <LatitudeDegrees>5.2378500</LatitudeDegrees>
       <LongitudeDegrees>100.4385420</LongitudeDegrees>
      </Position>
      <AltitudeMeters>5.9</AltitudeMeters>
      <DistanceMeters>3442.6</DistanceMeters>
      <HeartRateBpm>
       <Value>168</Value>
      </HeartRateBpm>
      <Extensions>
       <TPX xmlns="http://www.garmin.com/xmlschemas/ActivityExtension/v2">
        <Speed>3.7</Speed>
       </TPX>
      </Extensions>
     </Trackpoint>
     <Trackpoint>
      <Time>2026-08-08T11:24:42Z</Time>
      <Position>
       <LatitudeDegrees>5.2378560</LatitudeDegrees>
       <LongitudeDegrees>100.4385790</LongitudeDegrees>
      </Position>
      <AltitudeMeters>5.9</AltitudeMeters>
      <DistanceMeters>3446.8</DistanceMeters>
      <HeartRateBpm>
       <Value>167</Value>
      </HeartRateBpm>
      <Extensions>
       <TPX xmlns="http://www.garmin.com/xmlschemas/ActivityExtension/v2">
        <Speed>3.8</Speed>
       </TPX>
      </Extensions>
     </Trackpoint>
     <Trackpoint>
      <Time>2026-08-08T11:24:43Z</Time>
      <Position>
       <LatitudeDegrees>5.2378570</LatitudeDegrees>
       <LongitudeDegrees>100.4386200</LongitudeDegrees>
      </Position>
      <AltitudeMeters>5.9</AltitudeMeters>
      <DistanceMeters>3451.3</DistanceMeters>
      <HeartRateBpm>
       <Value>167</Value>
      </HeartRateBpm>
      <Extensions>
       <TPX xmlns="http://www.garmin.com/xmlschemas/ActivityExtension/v2">
        <Speed>3.9</Speed>
       </TPX>
      </Extensions>
     </Trackpoint>
     <Trackpoint>
      <Time>2026-08-08T11:24:44Z</Time>
      <Position>
       <LatitudeDegrees>5.2378440</LatitudeDegrees>
       <LongitudeDegrees>100.4386660</LongitudeDegrees>
      </Position>
      <AltitudeMeters>5.9</AltitudeMeters>
      <DistanceMeters>3456.5</DistanceMeters>
      <HeartRateBpm>
       <Value>166</Value>
      </HeartRateBpm>
      <Extensions>
       <TPX xmlns="http://www.garmin.com/xmlschemas/ActivityExtension/v2">
        <Speed>4.2</Speed>
       </TPX>
      </Extensions>
     </Trackpoint>
     <Trackpoint>
      <Time>2026-08-08T11:24:45Z</Time>
      <Position>
       <LatitudeDegrees>5.2378330</LatitudeDegrees>
       <LongitudeDegrees>100.4387040</LongitudeDegrees>
      </Position>
      <AltitudeMeters>5.9</AltitudeMeters>
      <DistanceMeters>3461.0</DistanceMeters>
      <HeartRateBpm>
       <Value>166</Value>
      </HeartRateBpm>
      <Extensions>
       <TPX xmlns="http://www.garmin.com/xmlschemas/ActivityExtension/v2">
        <Speed>4.4</Speed>
       </TPX>
      </Extensions>
     </Trackpoint>
     <Trackpoint>
      <Time>2026-08-08T11:24:46Z</Time>
      <Position>
       <LatitudeDegrees>5.2378250</LatitudeDegrees>
       <LongitudeDegrees>100.4387340</LongitudeDegrees>
      </Position>
      <AltitudeMeters>5.9</AltitudeMeters>
      <DistanceMeters>3464.4</DistanceMeters>
      <HeartRateBpm>
       <Value>167</Value>
      </HeartRateBpm>
      <Extensions>
       <TPX xmlns="http://www.garmin.com/xmlschemas/ActivityExtension/v2">
        <Speed>4.4</Speed>
       </TPX>
      </Extensions>
     </Trackpoint>
     <Trackpoint>
      <Time>2026-08-08T11:24:47Z</Time>
      <Position>
       <LatitudeDegrees>5.2378060</LatitudeDegrees>
       <LongitudeDegrees>100.4387630</LongitudeDegrees>
      </Position>
      <AltitudeMeters>5.9</AltitudeMeters>
      <DistanceMeters>3468.2</DistanceMeters>
      <HeartRateBpm>
       <Value>167</Value>
      </HeartRateBpm>
      <Extensions>
       <TPX xmlns="http://www.garmin.com/xmlschemas/ActivityExtension/v2">
        <Speed>4.3</Speed>
       </TPX>
      </Extensions>
     </Trackpoint>
     <Trackpoint>
      <Time>2026-08-08T11:24:48Z</Time>
      <Position>
       <LatitudeDegrees>5.2377850</LatitudeDegrees>
       <LongitudeDegrees>100.4387890</LongitudeDegrees>
      </Position>
      <AltitudeMeters>5.9</AltitudeMeters>
      <DistanceMeters>3471.9</DistanceMeters>
      <HeartRateBpm>
       <Value>167</Value>
      </HeartRateBpm>
      <Extensions>
       <TPX xmlns="http://www.garmin.com/xmlschemas/ActivityExtension/v2">
        <Speed>4.1</Speed>
       </TPX>
      </Extensions>
     </Trackpoint>
     <Trackpoint>
      <Time>2026-08-08T11:24:49Z</Time>
      <Position>
       <LatitudeDegrees>5.2377590</LatitudeDegrees>
       <LongitudeDegrees>100.4388120</LongitudeDegrees>
      </Position>
      <AltitudeMeters>5.9</AltitudeMeters>
      <DistanceMeters>3475.8</DistanceMeters>
      <HeartRateBpm>
       <Value>167</Value>
      </HeartRateBpm>
      <Extensions>
       <TPX xmlns="http://www.garmin.com/xmlschemas/ActivityExtension/v2">
        <Speed>3.9</Speed>
       </TPX>
      </Extensions>
     </Trackpoint>
     <Trackpoint>
      <Time>2026-08-08T11:24:50Z</Time>
      <Position>
       <LatitudeDegrees>5.2377270</LatitudeDegrees>
       <LongitudeDegrees>100.4388320</LongitudeDegrees>
      </Position>
      <AltitudeMeters>5.9</AltitudeMeters>
      <DistanceMeters>3480.0</DistanceMeters>
      <HeartRateBpm>
       <Value>167</Value>
      </HeartRateBpm>
      <Extensions>
       <TPX xmlns="http://www.garmin.com/xmlschemas/ActivityExtension/v2">
        <Speed>3.8</Speed>
       </TPX>
      </Extensions>
     </Trackpoint>
     <Trackpoint>
      <Time>2026-08-08T11:24:51Z</Time>
      <Position>
       <LatitudeDegrees>5.2376920</LatitudeDegrees>
       <LongitudeDegrees>100.4388470</LongitudeDegrees>
      </Position>
      <AltitudeMeters>5.9</AltitudeMeters>
      <DistanceMeters>3484.2</DistanceMeters>
      <HeartRateBpm>
       <Value>167</Value>
      </HeartRateBpm>
      <Extensions>
       <TPX xmlns="http://www.garmin.com/xmlschemas/ActivityExtension/v2">
        <Speed>4.0</Speed>
       </TPX>
      </Extensions>
     </Trackpoint>
     <Trackpoint>
      <Time>2026-08-08T11:24:52Z</Time>
      <Position>
       <LatitudeDegrees>5.2376590</LatitudeDegrees>
       <LongitudeDegrees>100.4388580</LongitudeDegrees>
      </Position>
      <AltitudeMeters>5.9</AltitudeMeters>
      <DistanceMeters>3488.1</DistanceMeters>
      <HeartRateBpm>
       <Value>167</Value>
      </HeartRateBpm>
      <Extensions>
       <TPX xmlns="http://www.garmin.com/xmlschemas/ActivityExtension/v2">
        <Speed>4.0</Speed>
       </TPX>
      </Extensions>
     </Trackpoint>
     <Trackpoint>
      <Time>2026-08-08T11:24:53Z</Time>
      <Position>
       <LatitudeDegrees>5.2376260</LatitudeDegrees>
       <LongitudeDegrees>100.4388680</LongitudeDegrees>
      </Position>
      <AltitudeMeters>5.9</AltitudeMeters>
      <DistanceMeters>3491.9</DistanceMeters>
      <HeartRateBpm>
       <Value>168</Value>
      </HeartRateBpm>
      <Extensions>
       <TPX xmlns="http://www.garmin.com/xmlschemas/ActivityExtension/v2">
        <Speed>4.0</Speed>
       </TPX>
      </Extensions>
     </Trackpoint>
     <Trackpoint>
      <Time>2026-08-08T11:24:54Z</Time>
      <Position>
       <LatitudeDegrees>5.2375940</LatitudeDegrees>
       <LongitudeDegrees>100.4388790</LongitudeDegrees>
      </Position>
      <AltitudeMeters>5.9</AltitudeMeters>
      <DistanceMeters>3495.7</DistanceMeters>
      <HeartRateBpm>
       <Value>168</Value>
      </HeartRateBpm>
      <Extensions>
       <TPX xmlns="http://www.garmin.com/xmlschemas/ActivityExtension/v2">
        <Speed>4.0</Speed>
       </TPX>
      </Extensions>
     </Trackpoint>
     <Trackpoint>
      <Time>2026-08-08T11:24:55Z</Time>
      <Position>
       <LatitudeDegrees>5.2375610</LatitudeDegrees>
       <LongitudeDegrees>100.4388870</LongitudeDegrees>
      </Position>
      <AltitudeMeters>5.9</AltitudeMeters>
      <DistanceMeters>3499.4</DistanceMeters>
      <HeartRateBpm>
       <Value>168</Value>
      </HeartRateBpm>
      <Extensions>
       <TPX xmlns="http://www.garmin.com/xmlschemas/ActivityExtension/v2">
        <Speed>3.9</Speed>
       </TPX>
      </Extensions>
     </Trackpoint>
     <Trackpoint>
      <Time>2026-08-08T11:24:56Z</Time>
      <Position>
       <LatitudeDegrees>5.2375290</LatitudeDegrees>
       <LongitudeDegrees>100.4388930</LongitudeDegrees>
      </Position>
      <AltitudeMeters>5.9</AltitudeMeters>
      <DistanceMeters>3503.1</DistanceMeters>
      <HeartRateBpm>
       <Value>168</Value>
      </HeartRateBpm>
      <Extensions>
       <TPX xmlns="http://www.garmin.com/xmlschemas/ActivityExtension/v2">
        <Speed>3.8</Speed>
       </TPX>
      </Extensions>
     </Trackpoint>
     <Trackpoint>
      <Time>2026-08-08T11:24:57Z</Time>
      <Position>
       <LatitudeDegrees>5.2374940</LatitudeDegrees>
       <LongitudeDegrees>100.4389070</LongitudeDegrees>
      </Position>
      <AltitudeMeters>5.9</AltitudeMeters>
      <DistanceMeters>3507.3</DistanceMeters>
      <HeartRateBpm>
       <Value>167</Value>
      </HeartRateBpm>
      <Extensions>
       <TPX xmlns="http://www.garmin.com/xmlschemas/ActivityExtension/v2">
        <Speed>3.8</Speed>
       </TPX>
      </Extensions>
     </Trackpoint>
     <Trackpoint>
      <Time>2026-08-08T11:24:58Z</Time>
      <Position>
       <LatitudeDegrees>5.2374580</LatitudeDegrees>
       <LongitudeDegrees>100.4389160</LongitudeDegrees>
      </Position>
      <AltitudeMeters>5.9</AltitudeMeters>
      <DistanceMeters>3511.4</DistanceMeters>
      <HeartRateBpm>
       <Value>167</Value>
      </HeartRateBpm>
      <Extensions>
       <TPX xmlns="http://www.garmin.com/xmlschemas/ActivityExtension/v2">
        <Speed>3.9</Speed>
       </TPX>
      </Extensions>
     </Trackpoint>
     <Trackpoint>
      <Time>2026-08-08T11:24:59Z</Time>
      <Position>
       <LatitudeDegrees>5.2374250</LatitudeDegrees>
       <LongitudeDegrees>100.4389210</LongitudeDegrees>
      </Position>
      <AltitudeMeters>5.9</AltitudeMeters>
      <DistanceMeters>3515.1</DistanceMeters>
      <HeartRateBpm>
       <Value>167</Value>
      </HeartRateBpm>
      <Extensions>
       <TPX xmlns="http://www.garmin.com/xmlschemas/ActivityExtension/v2">
        <Speed>3.9</Speed>
       </TPX>
      </Extensions>
     </Trackpoint>
     <Trackpoint>
      <Time>2026-08-08T11:25:00Z</Time>
      <Position>
       <LatitudeDegrees>5.2373950</LatitudeDegrees>
       <LongitudeDegrees>100.4389380</LongitudeDegrees>
      </Position>
      <AltitudeMeters>5.9</AltitudeMeters>
      <DistanceMeters>3519.0</DistanceMeters>
      <HeartRateBpm>
       <Value>167</Value>
      </HeartRateBpm>
      <Extensions>
       <TPX xmlns="http://www.garmin.com/xmlschemas/ActivityExtension/v2">
        <Speed>3.9</Speed>
       </TPX>
      </Extensions>
     </Trackpoint>
     <Trackpoint>
      <Time>2026-08-08T11:25:01Z</Time>
      <Position>
       <LatitudeDegrees>5.2373710</LatitudeDegrees>
       <LongitudeDegrees>100.4389620</LongitudeDegrees>
      </Position>
      <AltitudeMeters>5.9</AltitudeMeters>
      <DistanceMeters>3522.7</DistanceMeters>
      <HeartRateBpm>
       <Value>168</Value>
      </HeartRateBpm>
      <Extensions>
       <TPX xmlns="http://www.garmin.com/xmlschemas/ActivityExtension/v2">
        <Speed>3.9</Speed>
       </TPX>
      </Extensions>
     </Trackpoint>
     <Trackpoint>
      <Time>2026-08-08T11:25:02Z</Time>
      <Position>
       <LatitudeDegrees>5.2373480</LatitudeDegrees>
       <LongitudeDegrees>100.4389830</LongitudeDegrees>
      </Position>
      <AltitudeMeters>5.9</AltitudeMeters>
      <DistanceMeters>3526.2</DistanceMeters>
      <HeartRateBpm>
       <Value>167</Value>
      </HeartRateBpm>
      <Extensions>
       <TPX xmlns="http://www.garmin.com/xmlschemas/ActivityExtension/v2">
        <Speed>3.8</Speed>
       </TPX>
      </Extensions>
     </Trackpoint>
     <Trackpoint>
      <Time>2026-08-08T11:25:03Z</Time>
      <Position>
       <LatitudeDegrees>5.2373130</LatitudeDegrees>
       <LongitudeDegrees>100.4389910</LongitudeDegrees>
      </Position>
      <AltitudeMeters>5.9</AltitudeMeters>
      <DistanceMeters>3530.1</DistanceMeters>
      <HeartRateBpm>
       <Value>168</Value>
      </HeartRateBpm>
      <Extensions>
       <TPX xmlns="http://www.garmin.com/xmlschemas/ActivityExtension/v2">
        <Speed>3.7</Speed>
       </TPX>
      </Extensions>
     </Trackpoint>
     <Trackpoint>
      <Time>2026-08-08T11:25:04Z</Time>
      <Position>
       <LatitudeDegrees>5.2372790</LatitudeDegrees>
       <LongitudeDegrees>100.4389920</LongitudeDegrees>
      </Position>
      <AltitudeMeters>5.9</AltitudeMeters>
      <DistanceMeters>3534.0</DistanceMeters>
      <HeartRateBpm>
       <Value>168</Value>
      </HeartRateBpm>
      <Extensions>
       <TPX xmlns="http://www.garmin.com/xmlschemas/ActivityExtension/v2">
        <Speed>3.8</Speed>
       </TPX>
      </Extensions>
     </Trackpoint>
     <Trackpoint>
      <Time>2026-08-08T11:25:05Z</Time>
      <Position>
       <LatitudeDegrees>5.2372410</LatitudeDegrees>
       <LongitudeDegrees>100.4389950</LongitudeDegrees>
      </Position>
      <AltitudeMeters>5.9</AltitudeMeters>
      <DistanceMeters>3538.1</DistanceMeters>
      <HeartRateBpm>
       <Value>168</Value>
      </HeartRateBpm>
      <Extensions>
       <TPX xmlns="http://www.garmin.com/xmlschemas/ActivityExtension/v2">
        <Speed>3.8</Speed>
       </TPX>
      </Extensions>
     </Trackpoint>
     <Trackpoint>
      <Time>2026-08-08T11:25:06Z</Time>
      <Position>
       <LatitudeDegrees>5.2372080</LatitudeDegrees>
       <LongitudeDegrees>100.4389880</LongitudeDegrees>
      </Position>
      <AltitudeMeters>5.9</AltitudeMeters>
      <DistanceMeters>3541.9</DistanceMeters>
      <HeartRateBpm>
       <Value>169</Value>
      </HeartRateBpm>
      <Extensions>
       <TPX xmlns="http://www.garmin.com/xmlschemas/ActivityExtension/v2">
        <Speed>3.8</Speed>
       </TPX>
      </Extensions>
     </Trackpoint>
     <Trackpoint>
      <Time>2026-08-08T11:25:07Z</Time>
      <Position>
       <LatitudeDegrees>5.2371750</LatitudeDegrees>
       <LongitudeDegrees>100.4389930</LongitudeDegrees>
      </Position>
      <AltitudeMeters>5.9</AltitudeMeters>
      <DistanceMeters>3545.6</DistanceMeters>
      <HeartRateBpm>
       <Value>170</Value>
      </HeartRateBpm>
      <Extensions>
       <TPX xmlns="http://www.garmin.com/xmlschemas/ActivityExtension/v2">
        <Speed>3.9</Speed>
       </TPX>
      </Extensions>
     </Trackpoint>
     <Trackpoint>
      <Time>2026-08-08T11:25:08Z</Time>
      <Position>
       <LatitudeDegrees>5.2371400</LatitudeDegrees>
       <LongitudeDegrees>100.4389990</LongitudeDegrees>
      </Position>
      <AltitudeMeters>5.9</AltitudeMeters>
      <DistanceMeters>3549.6</DistanceMeters>
      <HeartRateBpm>
       <Value>170</Value>
      </HeartRateBpm>
      <Extensions>
       <TPX xmlns="http://www.garmin.com/xmlschemas/ActivityExtension/v2">
        <Speed>3.9</Speed>
       </TPX>
      </Extensions>
     </Trackpoint>
     <Trackpoint>
      <Time>2026-08-08T11:25:09Z</Time>
      <Position>
       <LatitudeDegrees>5.2371040</LatitudeDegrees>
       <LongitudeDegrees>100.4390040</LongitudeDegrees>
      </Position>
      <AltitudeMeters>5.9</AltitudeMeters>
      <DistanceMeters>3553.6</DistanceMeters>
      <HeartRateBpm>
       <Value>170</Value>
      </HeartRateBpm>
      <Extensions>
       <TPX xmlns="http://www.garmin.com/xmlschemas/ActivityExtension/v2">
        <Speed>3.9</Speed>
       </TPX>
      </Extensions>
     </Trackpoint>
     <Trackpoint>
      <Time>2026-08-08T11:25:10Z</Time>
      <Position>
       <LatitudeDegrees>5.2370740</LatitudeDegrees>
       <LongitudeDegrees>100.4390090</LongitudeDegrees>
      </Position>
      <AltitudeMeters>5.8</AltitudeMeters>
      <DistanceMeters>3557.1</DistanceMeters>
      <HeartRateBpm>
       <Value>170</Value>
      </HeartRateBpm>
      <Extensions>
       <TPX xmlns="http://www.garmin.com/xmlschemas/ActivityExtension/v2">
        <Speed>3.8</Speed>
       </TPX>
      </Extensions>
     </Trackpoint>
     <Trackpoint>
      <Time>2026-08-08T11:25:11Z</Time>
      <Position>
       <LatitudeDegrees>5.2370380</LatitudeDegrees>
       <LongitudeDegrees>100.4390130</LongitudeDegrees>
      </Position>
      <AltitudeMeters>5.8</AltitudeMeters>
      <DistanceMeters>3561.1</DistanceMeters>
      <HeartRateBpm>
       <Value>169</Value>
      </HeartRateBpm>
      <Extensions>
       <TPX xmlns="http://www.garmin.com/xmlschemas/ActivityExtension/v2">
        <Speed>3.8</Speed>
       </TPX>
      </Extensions>
     </Trackpoint>
     <Trackpoint>
      <Time>2026-08-08T11:25:12Z</Time>
      <Position>
       <LatitudeDegrees>5.2370000</LatitudeDegrees>
       <LongitudeDegrees>100.4390190</LongitudeDegrees>
      </Position>
      <AltitudeMeters>5.8</AltitudeMeters>
      <DistanceMeters>3565.3</DistanceMeters>
      <HeartRateBpm>
       <Value>169</Value>
      </HeartRateBpm>
      <Extensions>
       <TPX xmlns="http://www.garmin.com/xmlschemas/ActivityExtension/v2">
        <Speed>3.9</Speed>
       </TPX>
      </Extensions>
     </Trackpoint>
     <Trackpoint>
      <Time>2026-08-08T11:25:13Z</Time>
      <Position>
       <LatitudeDegrees>5.2369630</LatitudeDegrees>
       <LongitudeDegrees>100.4390300</LongitudeDegrees>
      </Position>
      <AltitudeMeters>5.8</AltitudeMeters>
      <DistanceMeters>3569.6</DistanceMeters>
      <HeartRateBpm>
       <Value>169</Value>
      </HeartRateBpm>
      <Extensions>
       <TPX xmlns="http://www.garmin.com/xmlschemas/ActivityExtension/v2">
        <Speed>4.0</Speed>
       </TPX>
      </Extensions>
     </Trackpoint>
     <Trackpoint>
      <Time>2026-08-08T11:25:14Z</Time>
      <Position>
       <LatitudeDegrees>5.2369320</LatitudeDegrees>
       <LongitudeDegrees>100.4390410</LongitudeDegrees>
      </Position>
      <AltitudeMeters>5.8</AltitudeMeters>
      <DistanceMeters>3573.3</DistanceMeters>
      <HeartRateBpm>
       <Value>169</Value>
      </HeartRateBpm>
      <Extensions>
       <TPX xmlns="http://www.garmin.com/xmlschemas/ActivityExtension/v2">
        <Speed>3.9</Speed>
       </TPX>
      </Extensions>
     </Trackpoint>
     <Trackpoint>
      <Time>2026-08-08T11:25:15Z</Time>
      <Position>
       <LatitudeDegrees>5.2368980</LatitudeDegrees>
       <LongitudeDegrees>100.4390560</LongitudeDegrees>
      </Position>
      <AltitudeMeters>5.8</AltitudeMeters>
      <DistanceMeters>3577.3</DistanceMeters>
      <HeartRateBpm>
       <Value>170</Value>
      </HeartRateBpm>
      <Extensions>
       <TPX xmlns="http://www.garmin.com/xmlschemas/ActivityExtension/v2">
        <Speed>4.0</Speed>
       </TPX>
      </Extensions>
     </Trackpoint>
     <Trackpoint>
      <Time>2026-08-08T11:25:16Z</Time>
      <Position>
       <LatitudeDegrees>5.2368640</LatitudeDegrees>
       <LongitudeDegrees>100.4390670</LongitudeDegrees>
      </Position>
      <AltitudeMeters>5.8</AltitudeMeters>
      <DistanceMeters>3581.4</DistanceMeters>
      <HeartRateBpm>
       <Value>170</Value>
      </HeartRateBpm>
      <Extensions>
       <TPX xmlns="http://www.garmin.com/xmlschemas/ActivityExtension/v2">
        <Speed>4.1</Speed>
       </TPX>
      </Extensions>
     </Trackpoint>
     <Trackpoint>
      <Time>2026-08-08T11:25:17Z</Time>
      <Position>
       <LatitudeDegrees>5.2368320</LatitudeDegrees>
       <LongitudeDegrees>100.4390760</LongitudeDegrees>
      </Position>
      <AltitudeMeters>5.8</AltitudeMeters>
      <DistanceMeters>3585.1</DistanceMeters>
      <HeartRateBpm>
       <Value>169</Value>
      </HeartRateBpm>
      <Extensions>
       <TPX xmlns="http://www.garmin.com/xmlschemas/ActivityExtension/v2">
        <Speed>4.0</Speed>
       </TPX>
      </Extensions>
     </Trackpoint>
     <Trackpoint>
      <Time>2026-08-08T11:25:18Z</Time>
      <Position>
       <LatitudeDegrees>5.2368010</LatitudeDegrees>
       <LongitudeDegrees>100.4390870</LongitudeDegrees>
      </Position>
      <AltitudeMeters>5.7</AltitudeMeters>
      <DistanceMeters>3588.7</DistanceMeters>
      <HeartRateBpm>
       <Value>169</Value>
      </HeartRateBpm>
      <Extensions>
       <TPX xmlns="http://www.garmin.com/xmlschemas/ActivityExtension/v2">
        <Speed>3.8</Speed>
       </TPX>
      </Extensions>
     </Trackpoint>
     <Trackpoint>
      <Time>2026-08-08T11:25:19Z</Time>
      <Position>
       <LatitudeDegrees>5.2367730</LatitudeDegrees>
       <LongitudeDegrees>100.4390970</LongitudeDegrees>
      </Position>
      <AltitudeMeters>5.7</AltitudeMeters>
      <DistanceMeters>3592.0</DistanceMeters>
      <HeartRateBpm>
       <Value>169</Value>
      </HeartRateBpm>
      <Extensions>
       <TPX xmlns="http://www.garmin.com/xmlschemas/ActivityExtension/v2">
        <Speed>3.7</Speed>
       </TPX>
      </Extensions>
     </Trackpoint>
     <Trackpoint>
      <Time>2026-08-08T11:25:20Z</Time>
      <Position>
       <LatitudeDegrees>5.2367450</LatitudeDegrees>
       <LongitudeDegrees>100.4391050</LongitudeDegrees>
      </Position>
      <AltitudeMeters>5.7</AltitudeMeters>
      <DistanceMeters>3595.3</DistanceMeters>
      <HeartRateBpm>
       <Value>168</Value>
      </HeartRateBpm>
      <Extensions>
       <TPX xmlns="http://www.garmin.com/xmlschemas/ActivityExtension/v2">
        <Speed>3.6</Speed>
       </TPX>
      </Extensions>
     </Trackpoint>
     <Trackpoint>
      <Time>2026-08-08T11:25:21Z</Time>
      <Position>
       <LatitudeDegrees>5.2367170</LatitudeDegrees>
       <LongitudeDegrees>100.4391130</LongitudeDegrees>
      </Position>
      <AltitudeMeters>5.7</AltitudeMeters>
      <DistanceMeters>3598.5</DistanceMeters>
      <HeartRateBpm>
       <Value>168</Value>
      </HeartRateBpm>
      <Extensions>
       <TPX xmlns="http://www.garmin.com/xmlschemas/ActivityExtension/v2">
        <Speed>3.4</Speed>
       </TPX>
      </Extensions>
     </Trackpoint>
     <Trackpoint>
      <Time>2026-08-08T11:25:22Z</Time>
      <Position>
       <LatitudeDegrees>5.2366890</LatitudeDegrees>
       <LongitudeDegrees>100.4391190</LongitudeDegrees>
      </Position>
      <AltitudeMeters>5.7</AltitudeMeters>
      <DistanceMeters>3601.6</DistanceMeters>
      <HeartRateBpm>
       <Value>169</Value>
      </HeartRateBpm>
      <Extensions>
       <TPX xmlns="http://www.garmin.com/xmlschemas/ActivityExtension/v2">
        <Speed>3.3</Speed>
       </TPX>
      </Extensions>
     </Trackpoint>
     <Trackpoint>
      <Time>2026-08-08T11:25:23Z</Time>
      <Position>
       <LatitudeDegrees>5.2366610</LatitudeDegrees>
       <LongitudeDegrees>100.4391250</LongitudeDegrees>
      </Position>
      <AltitudeMeters>5.7</AltitudeMeters>
      <DistanceMeters>3604.8</DistanceMeters>
      <HeartRateBpm>
       <Value>169</Value>
      </HeartRateBpm>
      <Extensions>
       <TPX xmlns="http://www.garmin.com/xmlschemas/ActivityExtension/v2">
        <Speed>3.2</Speed>
       </TPX>
      </Extensions>
     </Trackpoint>
     <Trackpoint>
      <Time>2026-08-08T11:25:24Z</Time>
      <Position>
       <LatitudeDegrees>5.2366350</LatitudeDegrees>
       <LongitudeDegrees>100.4391340</LongitudeDegrees>
      </Position>
      <AltitudeMeters>5.7</AltitudeMeters>
      <DistanceMeters>3607.9</DistanceMeters>
      <HeartRateBpm>
       <Value>169</Value>
      </HeartRateBpm>
      <Extensions>
       <TPX xmlns="http://www.garmin.com/xmlschemas/ActivityExtension/v2">
        <Speed>3.2</Speed>
       </TPX>
      </Extensions>
     </Trackpoint>
     <Trackpoint>
      <Time>2026-08-08T11:25:25Z</Time>
      <Position>
       <LatitudeDegrees>5.2365990</LatitudeDegrees>
       <LongitudeDegrees>100.4391500</LongitudeDegrees>
      </Position>
      <AltitudeMeters>5.6</AltitudeMeters>
      <DistanceMeters>3612.3</DistanceMeters>
      <HeartRateBpm>
       <Value>169</Value>
      </HeartRateBpm>
      <Extensions>
       <TPX xmlns="http://www.garmin.com/xmlschemas/ActivityExtension/v2">
        <Speed>3.4</Speed>
       </TPX>
      </Extensions>
     </Trackpoint>
     <Trackpoint>
      <Time>2026-08-08T11:25:26Z</Time>
      <Position>
       <LatitudeDegrees>5.2365830</LatitudeDegrees>
       <LongitudeDegrees>100.4391570</LongitudeDegrees>
      </Position>
      <AltitudeMeters>5.6</AltitudeMeters>
      <DistanceMeters>3614.2</DistanceMeters>
      <HeartRateBpm>
       <Value>169</Value>
      </HeartRateBpm>
      <Extensions>
       <TPX xmlns="http://www.garmin.com/xmlschemas/ActivityExtension/v2">
        <Speed>3.1</Speed>
       </TPX>
      </Extensions>
     </Trackpoint>
     <Trackpoint>
      <Time>2026-08-08T11:25:27Z</Time>
      <Position>
       <LatitudeDegrees>5.2365580</LatitudeDegrees>
       <LongitudeDegrees>100.4391630</LongitudeDegrees>
      </Position>
      <AltitudeMeters>5.6</AltitudeMeters>
      <DistanceMeters>3617.0</DistanceMeters>
      <HeartRateBpm>
       <Value>170</Value>
      </HeartRateBpm>
      <Extensions>
       <TPX xmlns="http://www.garmin.com/xmlschemas/ActivityExtension/v2">
        <Speed>3.1</Speed>
       </TPX>
      </Extensions>
     </Trackpoint>
     <Trackpoint>
      <Time>2026-08-08T11:25:28Z</Time>
      <Position>
       <LatitudeDegrees>5.2365320</LatitudeDegrees>
       <LongitudeDegrees>100.4391660</LongitudeDegrees>
      </Position>
      <AltitudeMeters>5.6</AltitudeMeters>
      <DistanceMeters>3619.9</DistanceMeters>
      <HeartRateBpm>
       <Value>169</Value>
      </HeartRateBpm>
      <Extensions>
       <TPX xmlns="http://www.garmin.com/xmlschemas/ActivityExtension/v2">
        <Speed>3.0</Speed>
       </TPX>
      </Extensions>
     </Trackpoint>
     <Trackpoint>
      <Time>2026-08-08T11:25:29Z</Time>
      <Position>
       <LatitudeDegrees>5.2365080</LatitudeDegrees>
       <LongitudeDegrees>100.4391670</LongitudeDegrees>
      </Position>
      <AltitudeMeters>5.6</AltitudeMeters>
      <DistanceMeters>3622.6</DistanceMeters>
      <HeartRateBpm>
       <Value>169</Value>
      </HeartRateBpm>
      <Extensions>
       <TPX xmlns="http://www.garmin.com/xmlschemas/ActivityExtension/v2">
        <Speed>2.9</Speed>
       </TPX>
      </Extensions>
     </Trackpoint>
     <Trackpoint>
      <Time>2026-08-08T11:25:30Z</Time>
      <Position>
       <LatitudeDegrees>5.2364790</LatitudeDegrees>
       <LongitudeDegrees>100.4391740</LongitudeDegrees>
      </Position>
      <AltitudeMeters>5.6</AltitudeMeters>
      <DistanceMeters>3625.9</DistanceMeters>
      <HeartRateBpm>
       <Value>169</Value>
      </HeartRateBpm>
      <Extensions>
       <TPX xmlns="http://www.garmin.com/xmlschemas/ActivityExtension/v2">
        <Speed>2.7</Speed>
       </TPX>
      </Extensions>
     </Trackpoint>
     <Trackpoint>
      <Time>2026-08-08T11:25:31Z</Time>
      <Position>
       <LatitudeDegrees>5.2364500</LatitudeDegrees>
       <LongitudeDegrees>100.4391850</LongitudeDegrees>
      </Position>
      <AltitudeMeters>5.6</AltitudeMeters>
      <DistanceMeters>3629.3</DistanceMeters>
      <HeartRateBpm>
       <Value>169</Value>
      </HeartRateBpm>
      <Extensions>
       <TPX xmlns="http://www.garmin.com/xmlschemas/ActivityExtension/v2">
        <Speed>3.0</Speed>
       </TPX>
      </Extensions>
     </Trackpoint>
     <Trackpoint>
      <Time>2026-08-08T11:25:32Z</Time>
      <Position>
       <LatitudeDegrees>5.2364150</LatitudeDegrees>
       <LongitudeDegrees>100.4391950</LongitudeDegrees>
      </Position>
      <AltitudeMeters>5.6</AltitudeMeters>
      <DistanceMeters>3633.4</DistanceMeters>
      <HeartRateBpm>
       <Value>170</Value>
      </HeartRateBpm>
      <Extensions>
       <TPX xmlns="http://www.garmin.com/xmlschemas/ActivityExtension/v2">
        <Speed>3.3</Speed>
       </TPX>
      </Extensions>
     </Trackpoint>
     <Trackpoint>
      <Time>2026-08-08T11:25:33Z</Time>
      <Position>
       <LatitudeDegrees>5.2363790</LatitudeDegrees>
       <LongitudeDegrees>100.4392040</LongitudeDegrees>
      </Position>
      <AltitudeMeters>5.5</AltitudeMeters>
      <DistanceMeters>3637.5</DistanceMeters>
      <HeartRateBpm>
       <Value>169</Value>
      </HeartRateBpm>
      <Extensions>
       <TPX xmlns="http://www.garmin.com/xmlschemas/ActivityExtension/v2">
        <Speed>3.5</Speed>
       </TPX>
      </Extensions>
     </Trackpoint>
     <Trackpoint>
      <Time>2026-08-08T11:25:34Z</Time>
      <Position>
       <LatitudeDegrees>5.2363430</LatitudeDegrees>
       <LongitudeDegrees>100.4392130</LongitudeDegrees>
      </Position>
      <AltitudeMeters>5.5</AltitudeMeters>
      <DistanceMeters>3641.6</DistanceMeters>
      <HeartRateBpm>
       <Value>170</Value>
      </HeartRateBpm>
      <Extensions>
       <TPX xmlns="http://www.garmin.com/xmlschemas/ActivityExtension/v2">
        <Speed>3.8</Speed>
       </TPX>
      </Extensions>
     </Trackpoint>
     <Trackpoint>
      <Time>2026-08-08T11:25:35Z</Time>
      <Position>
       <LatitudeDegrees>5.2363070</LatitudeDegrees>
       <LongitudeDegrees>100.4392210</LongitudeDegrees>
      </Position>
      <AltitudeMeters>5.5</AltitudeMeters>
      <DistanceMeters>3645.8</DistanceMeters>
      <HeartRateBpm>
       <Value>169</Value>
      </HeartRateBpm>
      <Extensions>
       <TPX xmlns="http://www.garmin.com/xmlschemas/ActivityExtension/v2">
        <Speed>4.0</Speed>
       </TPX>
      </Extensions>
     </Trackpoint>
     <Trackpoint>
      <Time>2026-08-08T11:25:36Z</Time>
      <Position>
       <LatitudeDegrees>5.2362690</LatitudeDegrees>
       <LongitudeDegrees>100.4392270</LongitudeDegrees>
      </Position>
      <AltitudeMeters>5.5</AltitudeMeters>
      <DistanceMeters>3650.1</DistanceMeters>
      <HeartRateBpm>
       <Value>169</Value>
      </HeartRateBpm>
      <Extensions>
       <TPX xmlns="http://www.garmin.com/xmlschemas/ActivityExtension/v2">
        <Speed>4.2</Speed>
       </TPX>
      </Extensions>
     </Trackpoint>
     <Trackpoint>
      <Time>2026-08-08T11:25:37Z</Time>
      <Position>
       <LatitudeDegrees>5.2362240</LatitudeDegrees>
       <LongitudeDegrees>100.4392370</LongitudeDegrees>
      </Position>
      <AltitudeMeters>5.4</AltitudeMeters>
      <DistanceMeters>3655.2</DistanceMeters>
      <HeartRateBpm>
       <Value>170</Value>
      </HeartRateBpm>
      <Extensions>
       <TPX xmlns="http://www.garmin.com/xmlschemas/ActivityExtension/v2">
        <Speed>4.4</Speed>
       </TPX>
      </Extensions>
     </Trackpoint>
     <Trackpoint>
      <Time>2026-08-08T11:25:38Z</Time>
      <Position>
       <LatitudeDegrees>5.2361900</LatitudeDegrees>
       <LongitudeDegrees>100.4392320</LongitudeDegrees>
      </Position>
      <AltitudeMeters>5.4</AltitudeMeters>
      <DistanceMeters>3659.0</DistanceMeters>
      <HeartRateBpm>
       <Value>170</Value>
      </HeartRateBpm>
      <Extensions>
       <TPX xmlns="http://www.garmin.com/xmlschemas/ActivityExtension/v2">
        <Speed>4.3</Speed>
       </TPX>
      </Extensions>
     </Trackpoint>
     <Trackpoint>
      <Time>2026-08-08T11:25:39Z</Time>
      <Position>
       <LatitudeDegrees>5.2361540</LatitudeDegrees>
       <LongitudeDegrees>100.4392290</LongitudeDegrees>
      </Position>
      <AltitudeMeters>5.4</AltitudeMeters>
      <DistanceMeters>3663.1</DistanceMeters>
      <HeartRateBpm>
       <Value>168</Value>
      </HeartRateBpm>
      <Extensions>
       <TPX xmlns="http://www.garmin.com/xmlschemas/ActivityExtension/v2">
        <Speed>4.3</Speed>
       </TPX>
      </Extensions>
     </Trackpoint>
     <Trackpoint>
      <Time>2026-08-08T11:25:40Z</Time>
      <Position>
       <LatitudeDegrees>5.2361200</LatitudeDegrees>
       <LongitudeDegrees>100.4392270</LongitudeDegrees>
      </Position>
      <AltitudeMeters>5.4</AltitudeMeters>
      <DistanceMeters>3666.8</DistanceMeters>
      <HeartRateBpm>
       <Value>168</Value>
      </HeartRateBpm>
      <Extensions>
       <TPX xmlns="http://www.garmin.com/xmlschemas/ActivityExtension/v2">
        <Speed>4.2</Speed>
       </TPX>
      </Extensions>
     </Trackpoint>
     <Trackpoint>
      <Time>2026-08-08T11:25:41Z</Time>
      <Position>
       <LatitudeDegrees>5.2360870</LatitudeDegrees>
       <LongitudeDegrees>100.4392260</LongitudeDegrees>
      </Position>
      <AltitudeMeters>5.4</AltitudeMeters>
      <DistanceMeters>3670.4</DistanceMeters>
      <HeartRateBpm>
       <Value>168</Value>
      </HeartRateBpm>
      <Extensions>
       <TPX xmlns="http://www.garmin.com/xmlschemas/ActivityExtension/v2">
        <Speed>4.1</Speed>
       </TPX>
      </Extensions>
     </Trackpoint>
     <Trackpoint>
      <Time>2026-08-08T11:25:42Z</Time>
      <Position>
       <LatitudeDegrees>5.2360550</LatitudeDegrees>
       <LongitudeDegrees>100.4392180</LongitudeDegrees>
      </Position>
      <AltitudeMeters>5.3</AltitudeMeters>
      <DistanceMeters>3674.1</DistanceMeters>
      <HeartRateBpm>
       <Value>168</Value>
      </HeartRateBpm>
      <Extensions>
       <TPX xmlns="http://www.garmin.com/xmlschemas/ActivityExtension/v2">
        <Speed>3.8</Speed>
       </TPX>
      </Extensions>
     </Trackpoint>
     <Trackpoint>
      <Time>2026-08-08T11:25:43Z</Time>
      <Position>
       <LatitudeDegrees>5.2360240</LatitudeDegrees>
       <LongitudeDegrees>100.4392050</LongitudeDegrees>
      </Position>
      <AltitudeMeters>5.3</AltitudeMeters>
      <DistanceMeters>3677.8</DistanceMeters>
      <HeartRateBpm>
       <Value>168</Value>
      </HeartRateBpm>
      <Extensions>
       <TPX xmlns="http://www.garmin.com/xmlschemas/ActivityExtension/v2">
        <Speed>3.8</Speed>
       </TPX>
      </Extensions>
     </Trackpoint>
     <Trackpoint>
      <Time>2026-08-08T11:25:44Z</Time>
      <Position>
       <LatitudeDegrees>5.2359970</LatitudeDegrees>
       <LongitudeDegrees>100.4391890</LongitudeDegrees>
      </Position>
      <AltitudeMeters>5.3</AltitudeMeters>
      <DistanceMeters>3681.3</DistanceMeters>
      <HeartRateBpm>
       <Value>168</Value>
      </HeartRateBpm>
      <Extensions>
       <TPX xmlns="http://www.garmin.com/xmlschemas/ActivityExtension/v2">
        <Speed>3.6</Speed>
       </TPX>
      </Extensions>
     </Trackpoint>
     <Trackpoint>
      <Time>2026-08-08T11:25:45Z</Time>
      <Position>
       <LatitudeDegrees>5.2359670</LatitudeDegrees>
       <LongitudeDegrees>100.4391730</LongitudeDegrees>
      </Position>
      <AltitudeMeters>5.3</AltitudeMeters>
      <DistanceMeters>3685.1</DistanceMeters>
      <HeartRateBpm>
       <Value>169</Value>
      </HeartRateBpm>
      <Extensions>
       <TPX xmlns="http://www.garmin.com/xmlschemas/ActivityExtension/v2">
        <Speed>3.7</Speed>
       </TPX>
      </Extensions>
     </Trackpoint>
     <Trackpoint>
      <Time>2026-08-08T11:25:46Z</Time>
      <Position>
       <LatitudeDegrees>5.2359350</LatitudeDegrees>
       <LongitudeDegrees>100.4391580</LongitudeDegrees>
      </Position>
      <AltitudeMeters>5.3</AltitudeMeters>
      <DistanceMeters>3689.1</DistanceMeters>
      <HeartRateBpm>
       <Value>169</Value>
      </HeartRateBpm>
      <Extensions>
       <TPX xmlns="http://www.garmin.com/xmlschemas/ActivityExtension/v2">
        <Speed>3.7</Speed>
       </TPX>
      </Extensions>
     </Trackpoint>
     <Trackpoint>
      <Time>2026-08-08T11:25:47Z</Time>
      <Position>
       <LatitudeDegrees>5.2359040</LatitudeDegrees>
       <LongitudeDegrees>100.4391460</LongitudeDegrees>
      </Position>
      <AltitudeMeters>5.3</AltitudeMeters>
      <DistanceMeters>3692.8</DistanceMeters>
      <HeartRateBpm>
       <Value>167</Value>
      </HeartRateBpm>
      <Extensions>
       <TPX xmlns="http://www.garmin.com/xmlschemas/ActivityExtension/v2">
        <Speed>3.7</Speed>
       </TPX>
      </Extensions>
     </Trackpoint>
     <Trackpoint>
      <Time>2026-08-08T11:25:48Z</Time>
      <Position>
       <LatitudeDegrees>5.2358750</LatitudeDegrees>
       <LongitudeDegrees>100.4391390</LongitudeDegrees>
      </Position>
      <AltitudeMeters>5.3</AltitudeMeters>
      <DistanceMeters>3696.0</DistanceMeters>
      <HeartRateBpm>
       <Value>168</Value>
      </HeartRateBpm>
      <Extensions>
       <TPX xmlns="http://www.garmin.com/xmlschemas/ActivityExtension/v2">
        <Speed>3.6</Speed>
       </TPX>
      </Extensions>
     </Trackpoint>
     <Trackpoint>
      <Time>2026-08-08T11:25:49Z</Time>
      <Position>
       <LatitudeDegrees>5.2358410</LatitudeDegrees>
       <LongitudeDegrees>100.4391340</LongitudeDegrees>
      </Position>
      <AltitudeMeters>5.3</AltitudeMeters>
      <DistanceMeters>3699.8</DistanceMeters>
      <HeartRateBpm>
       <Value>169</Value>
      </HeartRateBpm>
      <Extensions>
       <TPX xmlns="http://www.garmin.com/xmlschemas/ActivityExtension/v2">
        <Speed>3.7</Speed>
       </TPX>
      </Extensions>
     </Trackpoint>
     <Trackpoint>
      <Time>2026-08-08T11:25:50Z</Time>
      <Position>
       <LatitudeDegrees>5.2357970</LatitudeDegrees>
       <LongitudeDegrees>100.4391330</LongitudeDegrees>
      </Position>
      <AltitudeMeters>5.2</AltitudeMeters>
      <DistanceMeters>3704.8</DistanceMeters>
      <HeartRateBpm>
       <Value>170</Value>
      </HeartRateBpm>
      <Extensions>
       <TPX xmlns="http://www.garmin.com/xmlschemas/ActivityExtension/v2">
        <Speed>3.9</Speed>
       </TPX>
      </Extensions>
     </Trackpoint>
     <Trackpoint>
      <Time>2026-08-08T11:25:51Z</Time>
      <Position>
       <LatitudeDegrees>5.2357620</LatitudeDegrees>
       <LongitudeDegrees>100.4391420</LongitudeDegrees>
      </Position>
      <AltitudeMeters>5.2</AltitudeMeters>
      <DistanceMeters>3708.8</DistanceMeters>
      <HeartRateBpm>
       <Value>170</Value>
      </HeartRateBpm>
      <Extensions>
       <TPX xmlns="http://www.garmin.com/xmlschemas/ActivityExtension/v2">
        <Speed>3.9</Speed>
       </TPX>
      </Extensions>
     </Trackpoint>
     <Trackpoint>
      <Time>2026-08-08T11:25:52Z</Time>
      <Position>
       <LatitudeDegrees>5.2357300</LatitudeDegrees>
       <LongitudeDegrees>100.4391550</LongitudeDegrees>
      </Position>
      <AltitudeMeters>5.2</AltitudeMeters>
      <DistanceMeters>3712.7</DistanceMeters>
      <HeartRateBpm>
       <Value>169</Value>
      </HeartRateBpm>
      <Extensions>
       <TPX xmlns="http://www.garmin.com/xmlschemas/ActivityExtension/v2">
        <Speed>4.0</Speed>
       </TPX>
      </Extensions>
     </Trackpoint>
     <Trackpoint>
      <Time>2026-08-08T11:25:53Z</Time>
      <Position>
       <LatitudeDegrees>5.2357000</LatitudeDegrees>
       <LongitudeDegrees>100.4391770</LongitudeDegrees>
      </Position>
      <AltitudeMeters>5.2</AltitudeMeters>
      <DistanceMeters>3716.8</DistanceMeters>
      <HeartRateBpm>
       <Value>169</Value>
      </HeartRateBpm>
      <Extensions>
       <TPX xmlns="http://www.garmin.com/xmlschemas/ActivityExtension/v2">
        <Speed>4.2</Speed>
       </TPX>
      </Extensions>
     </Trackpoint>
     <Trackpoint>
      <Time>2026-08-08T11:25:54Z</Time>
      <Position>
       <LatitudeDegrees>5.2356730</LatitudeDegrees>
       <LongitudeDegrees>100.4392030</LongitudeDegrees>
      </Position>
      <AltitudeMeters>5.2</AltitudeMeters>
      <DistanceMeters>3720.9</DistanceMeters>
      <HeartRateBpm>
       <Value>169</Value>
      </HeartRateBpm>
      <Extensions>
       <TPX xmlns="http://www.garmin.com/xmlschemas/ActivityExtension/v2">
        <Speed>4.2</Speed>
       </TPX>
      </Extensions>
     </Trackpoint>
     <Trackpoint>
      <Time>2026-08-08T11:25:55Z</Time>
      <Position>
       <LatitudeDegrees>5.2356510</LatitudeDegrees>
       <LongitudeDegrees>100.4392260</LongitudeDegrees>
      </Position>
      <AltitudeMeters>5.2</AltitudeMeters>
      <DistanceMeters>3724.4</DistanceMeters>
      <HeartRateBpm>
       <Value>169</Value>
      </HeartRateBpm>
      <Extensions>
       <TPX xmlns="http://www.garmin.com/xmlschemas/ActivityExtension/v2">
        <Speed>3.9</Speed>
       </TPX>
      </Extensions>
     </Trackpoint>
     <Trackpoint>
      <Time>2026-08-08T11:25:56Z</Time>
      <Position>
       <LatitudeDegrees>5.2356300</LatitudeDegrees>
       <LongitudeDegrees>100.4392520</LongitudeDegrees>
      </Position>
      <AltitudeMeters>5.2</AltitudeMeters>
      <DistanceMeters>3728.2</DistanceMeters>
      <HeartRateBpm>
       <Value>169</Value>
      </HeartRateBpm>
      <Extensions>
       <TPX xmlns="http://www.garmin.com/xmlschemas/ActivityExtension/v2">
        <Speed>3.9</Speed>
       </TPX>
      </Extensions>
     </Trackpoint>
     <Trackpoint>
      <Time>2026-08-08T11:25:57Z</Time>
      <Position>
       <LatitudeDegrees>5.2356100</LatitudeDegrees>
       <LongitudeDegrees>100.4392800</LongitudeDegrees>
      </Position>
      <AltitudeMeters>5.1</AltitudeMeters>
      <DistanceMeters>3732.0</DistanceMeters>
      <HeartRateBpm>
       <Value>169</Value>
      </HeartRateBpm>
      <Extensions>
       <TPX xmlns="http://www.garmin.com/xmlschemas/ActivityExtension/v2">
        <Speed>3.9</Speed>
       </TPX>
      </Extensions>
     </Trackpoint>
     <Trackpoint>
      <Time>2026-08-08T11:25:58Z</Time>
      <Position>
       <LatitudeDegrees>5.2355910</LatitudeDegrees>
       <LongitudeDegrees>100.4393100</LongitudeDegrees>
      </Position>
      <AltitudeMeters>5.1</AltitudeMeters>
      <DistanceMeters>3736.0</DistanceMeters>
      <HeartRateBpm>
       <Value>170</Value>
      </HeartRateBpm>
      <Extensions>
       <TPX xmlns="http://www.garmin.com/xmlschemas/ActivityExtension/v2">
        <Speed>3.8</Speed>
       </TPX>
      </Extensions>
     </Trackpoint>
     <Trackpoint>
      <Time>2026-08-08T11:25:59Z</Time>
      <Position>
       <LatitudeDegrees>5.2355710</LatitudeDegrees>
       <LongitudeDegrees>100.4393410</LongitudeDegrees>
      </Position>
      <AltitudeMeters>5.1</AltitudeMeters>
      <DistanceMeters>3739.9</DistanceMeters>
      <HeartRateBpm>
       <Value>169</Value>
      </HeartRateBpm>
      <Extensions>
       <TPX xmlns="http://www.garmin.com/xmlschemas/ActivityExtension/v2">
        <Speed>3.8</Speed>
       </TPX>
      </Extensions>
     </Trackpoint>
     <Trackpoint>
      <Time>2026-08-08T11:26:00Z</Time>
      <Position>
       <LatitudeDegrees>5.2355570</LatitudeDegrees>
       <LongitudeDegrees>100.4393650</LongitudeDegrees>
      </Position>
      <AltitudeMeters>5.1</AltitudeMeters>
      <DistanceMeters>3743.1</DistanceMeters>
      <HeartRateBpm>
       <Value>169</Value>
      </HeartRateBpm>
      <Extensions>
       <TPX xmlns="http://www.garmin.com/xmlschemas/ActivityExtension/v2">
        <Speed>3.7</Speed>
       </TPX>
      </Extensions>
     </Trackpoint>
     <Trackpoint>
      <Time>2026-08-08T11:26:01Z</Time>
      <Position>
       <LatitudeDegrees>5.2355470</LatitudeDegrees>
       <LongitudeDegrees>100.4393830</LongitudeDegrees>
      </Position>
      <AltitudeMeters>5.1</AltitudeMeters>
      <DistanceMeters>3745.4</DistanceMeters>
      <HeartRateBpm>
       <Value>169</Value>
      </HeartRateBpm>
      <Extensions>
       <TPX xmlns="http://www.garmin.com/xmlschemas/ActivityExtension/v2">
        <Speed>3.4</Speed>
       </TPX>
      </Extensions>
     </Trackpoint>
     <Trackpoint>
      <Time>2026-08-08T11:26:02Z</Time>
      <Position>
       <LatitudeDegrees>5.2355220</LatitudeDegrees>
       <LongitudeDegrees>100.4394160</LongitudeDegrees>
      </Position>
      <AltitudeMeters>5.1</AltitudeMeters>
      <DistanceMeters>3750.0</DistanceMeters>
      <HeartRateBpm>
       <Value>169</Value>
      </HeartRateBpm>
      <Extensions>
       <TPX xmlns="http://www.garmin.com/xmlschemas/ActivityExtension/v2">
        <Speed>3.6</Speed>
       </TPX>
      </Extensions>
     </Trackpoint>
     <Trackpoint>
      <Time>2026-08-08T11:26:03Z</Time>
      <Position>
       <LatitudeDegrees>5.2354900</LatitudeDegrees>
       <LongitudeDegrees>100.4394390</LongitudeDegrees>
      </Position>
      <AltitudeMeters>5.1</AltitudeMeters>
      <DistanceMeters>3754.4</DistanceMeters>
      <HeartRateBpm>
       <Value>170</Value>
      </HeartRateBpm>
      <Extensions>
       <TPX xmlns="http://www.garmin.com/xmlschemas/ActivityExtension/v2">
        <Speed>3.7</Speed>
       </TPX>
      </Extensions>
     </Trackpoint>
     <Trackpoint>
      <Time>2026-08-08T11:26:04Z</Time>
      <Position>
       <LatitudeDegrees>5.2354610</LatitudeDegrees>
       <LongitudeDegrees>100.4394580</LongitudeDegrees>
      </Position>
      <AltitudeMeters>5.1</AltitudeMeters>
      <DistanceMeters>3758.1</DistanceMeters>
      <HeartRateBpm>
       <Value>170</Value>
      </HeartRateBpm>
      <Extensions>
       <TPX xmlns="http://www.garmin.com/xmlschemas/ActivityExtension/v2">
        <Speed>3.6</Speed>
       </TPX>
      </Extensions>
     </Trackpoint>
     <Trackpoint>
      <Time>2026-08-08T11:26:05Z</Time>
      <Position>
       <LatitudeDegrees>5.2354310</LatitudeDegrees>
       <LongitudeDegrees>100.4394770</LongitudeDegrees>
      </Position>
      <AltitudeMeters>5.1</AltitudeMeters>
      <DistanceMeters>3762.1</DistanceMeters>
      <HeartRateBpm>
       <Value>170</Value>
      </HeartRateBpm>
      <Extensions>
       <TPX xmlns="http://www.garmin.com/xmlschemas/ActivityExtension/v2">
        <Speed>3.8</Speed>
       </TPX>
      </Extensions>
     </Trackpoint>
     <Trackpoint>
      <Time>2026-08-08T11:26:06Z</Time>
      <Position>
       <LatitudeDegrees>5.2353990</LatitudeDegrees>
       <LongitudeDegrees>100.4394950</LongitudeDegrees>
      </Position>
      <AltitudeMeters>5.1</AltitudeMeters>
      <DistanceMeters>3766.2</DistanceMeters>
      <HeartRateBpm>
       <Value>170</Value>
      </HeartRateBpm>
      <Extensions>
       <TPX xmlns="http://www.garmin.com/xmlschemas/ActivityExtension/v2">
        <Speed>4.2</Speed>
       </TPX>
      </Extensions>
     </Trackpoint>
     <Trackpoint>
      <Time>2026-08-08T11:26:07Z</Time>
      <Position>
       <LatitudeDegrees>5.2353670</LatitudeDegrees>
       <LongitudeDegrees>100.4395110</LongitudeDegrees>
      </Position>
      <AltitudeMeters>5.1</AltitudeMeters>
      <DistanceMeters>3770.1</DistanceMeters>
      <HeartRateBpm>
       <Value>170</Value>
      </HeartRateBpm>
      <Extensions>
       <TPX xmlns="http://www.garmin.com/xmlschemas/ActivityExtension/v2">
        <Speed>4.0</Speed>
       </TPX>
      </Extensions>
     </Trackpoint>
     <Trackpoint>
      <Time>2026-08-08T11:26:08Z</Time>
      <Position>
       <LatitudeDegrees>5.2353370</LatitudeDegrees>
       <LongitudeDegrees>100.4395210</LongitudeDegrees>
      </Position>
      <AltitudeMeters>5.1</AltitudeMeters>
      <DistanceMeters>3773.7</DistanceMeters>
      <HeartRateBpm>
       <Value>170</Value>
      </HeartRateBpm>
      <Extensions>
       <TPX xmlns="http://www.garmin.com/xmlschemas/ActivityExtension/v2">
        <Speed>3.9</Speed>
       </TPX>
      </Extensions>
     </Trackpoint>
     <Trackpoint>
      <Time>2026-08-08T11:26:09Z</Time>
      <Position>
       <LatitudeDegrees>5.2353060</LatitudeDegrees>
       <LongitudeDegrees>100.4395260</LongitudeDegrees>
      </Position>
      <AltitudeMeters>5.1</AltitudeMeters>
      <DistanceMeters>3777.2</DistanceMeters>
      <HeartRateBpm>
       <Value>169</Value>
      </HeartRateBpm>
      <Extensions>
       <TPX xmlns="http://www.garmin.com/xmlschemas/ActivityExtension/v2">
        <Speed>3.8</Speed>
       </TPX>
      </Extensions>
     </Trackpoint>
     <Trackpoint>
      <Time>2026-08-08T11:26:10Z</Time>
      <Position>
       <LatitudeDegrees>5.2352740</LatitudeDegrees>
       <LongitudeDegrees>100.4395300</LongitudeDegrees>
      </Position>
      <AltitudeMeters>5.1</AltitudeMeters>
      <DistanceMeters>3780.8</DistanceMeters>
      <HeartRateBpm>
       <Value>168</Value>
      </HeartRateBpm>
      <Extensions>
       <TPX xmlns="http://www.garmin.com/xmlschemas/ActivityExtension/v2">
        <Speed>3.7</Speed>
       </TPX>
      </Extensions>
     </Trackpoint>
     <Trackpoint>
      <Time>2026-08-08T11:26:11Z</Time>
      <Position>
       <LatitudeDegrees>5.2352410</LatitudeDegrees>
       <LongitudeDegrees>100.4395360</LongitudeDegrees>
      </Position>
      <AltitudeMeters>5.1</AltitudeMeters>
      <DistanceMeters>3784.4</DistanceMeters>
      <HeartRateBpm>
       <Value>168</Value>
      </HeartRateBpm>
      <Extensions>
       <TPX xmlns="http://www.garmin.com/xmlschemas/ActivityExtension/v2">
        <Speed>3.6</Speed>
       </TPX>
      </Extensions>
     </Trackpoint>
     <Trackpoint>
      <Time>2026-08-08T11:26:12Z</Time>
      <Position>
       <LatitudeDegrees>5.2352110</LatitudeDegrees>
       <LongitudeDegrees>100.4395440</LongitudeDegrees>
      </Position>
      <AltitudeMeters>5.1</AltitudeMeters>
      <DistanceMeters>3787.9</DistanceMeters>
      <HeartRateBpm>
       <Value>169</Value>
      </HeartRateBpm>
      <Extensions>
       <TPX xmlns="http://www.garmin.com/xmlschemas/ActivityExtension/v2">
        <Speed>3.6</Speed>
       </TPX>
      </Extensions>
     </Trackpoint>
     <Trackpoint>
      <Time>2026-08-08T11:26:13Z</Time>
      <Position>
       <LatitudeDegrees>5.2351800</LatitudeDegrees>
       <LongitudeDegrees>100.4395470</LongitudeDegrees>
      </Position>
      <AltitudeMeters>5.1</AltitudeMeters>
      <DistanceMeters>3791.4</DistanceMeters>
      <HeartRateBpm>
       <Value>170</Value>
      </HeartRateBpm>
      <Extensions>
       <TPX xmlns="http://www.garmin.com/xmlschemas/ActivityExtension/v2">
        <Speed>3.5</Speed>
       </TPX>
      </Extensions>
     </Trackpoint>
     <Trackpoint>
      <Time>2026-08-08T11:26:14Z</Time>
      <Position>
       <LatitudeDegrees>5.2351440</LatitudeDegrees>
       <LongitudeDegrees>100.4395530</LongitudeDegrees>
      </Position>
      <AltitudeMeters>5.1</AltitudeMeters>
      <DistanceMeters>3795.4</DistanceMeters>
      <HeartRateBpm>
       <Value>170</Value>
      </HeartRateBpm>
      <Extensions>
       <TPX xmlns="http://www.garmin.com/xmlschemas/ActivityExtension/v2">
        <Speed>3.6</Speed>
       </TPX>
      </Extensions>
     </Trackpoint>
     <Trackpoint>
      <Time>2026-08-08T11:26:15Z</Time>
      <Position>
       <LatitudeDegrees>5.2351140</LatitudeDegrees>
       <LongitudeDegrees>100.4395600</LongitudeDegrees>
      </Position>
      <AltitudeMeters>5.1</AltitudeMeters>
      <DistanceMeters>3798.9</DistanceMeters>
      <HeartRateBpm>
       <Value>170</Value>
      </HeartRateBpm>
      <Extensions>
       <TPX xmlns="http://www.garmin.com/xmlschemas/ActivityExtension/v2">
        <Speed>3.6</Speed>
       </TPX>
      </Extensions>
     </Trackpoint>
     <Trackpoint>
      <Time>2026-08-08T11:26:16Z</Time>
      <Position>
       <LatitudeDegrees>5.2350830</LatitudeDegrees>
       <LongitudeDegrees>100.4395680</LongitudeDegrees>
      </Position>
      <AltitudeMeters>5.1</AltitudeMeters>
      <DistanceMeters>3802.5</DistanceMeters>
      <HeartRateBpm>
       <Value>169</Value>
      </HeartRateBpm>
      <Extensions>
       <TPX xmlns="http://www.garmin.com/xmlschemas/ActivityExtension/v2">
        <Speed>3.6</Speed>
       </TPX>
      </Extensions>
     </Trackpoint>
     <Trackpoint>
      <Time>2026-08-08T11:26:17Z</Time>
      <Position>
       <LatitudeDegrees>5.2350510</LatitudeDegrees>
       <LongitudeDegrees>100.4395770</LongitudeDegrees>
      </Position>
      <AltitudeMeters>5.1</AltitudeMeters>
      <DistanceMeters>3806.1</DistanceMeters>
      <HeartRateBpm>
       <Value>169</Value>
      </HeartRateBpm>
      <Extensions>
       <TPX xmlns="http://www.garmin.com/xmlschemas/ActivityExtension/v2">
        <Speed>3.6</Speed>
       </TPX>
      </Extensions>
     </Trackpoint>
     <Trackpoint>
      <Time>2026-08-08T11:26:18Z</Time>
      <Position>
       <LatitudeDegrees>5.2350060</LatitudeDegrees>
       <LongitudeDegrees>100.4395890</LongitudeDegrees>
      </Position>
      <AltitudeMeters>5.1</AltitudeMeters>
      <DistanceMeters>3811.3</DistanceMeters>
      <HeartRateBpm>
       <Value>169</Value>
      </HeartRateBpm>
      <Extensions>
       <TPX xmlns="http://www.garmin.com/xmlschemas/ActivityExtension/v2">
        <Speed>4.0</Speed>
       </TPX>
      </Extensions>
     </Trackpoint>
     <Trackpoint>
      <Time>2026-08-08T11:26:19Z</Time>
      <Position>
       <LatitudeDegrees>5.2349840</LatitudeDegrees>
       <LongitudeDegrees>100.4395940</LongitudeDegrees>
      </Position>
      <AltitudeMeters>5.1</AltitudeMeters>
      <DistanceMeters>3813.8</DistanceMeters>
      <HeartRateBpm>
       <Value>169</Value>
      </HeartRateBpm>
      <Extensions>
       <TPX xmlns="http://www.garmin.com/xmlschemas/ActivityExtension/v2">
        <Speed>3.7</Speed>
       </TPX>
      </Extensions>
     </Trackpoint>
     <Trackpoint>
      <Time>2026-08-08T11:26:20Z</Time>
      <Position>
       <LatitudeDegrees>5.2349500</LatitudeDegrees>
       <LongitudeDegrees>100.4396010</LongitudeDegrees>
      </Position>
      <AltitudeMeters>5.1</AltitudeMeters>
      <DistanceMeters>3817.6</DistanceMeters>
      <HeartRateBpm>
       <Value>169</Value>
      </HeartRateBpm>
      <Extensions>
       <TPX xmlns="http://www.garmin.com/xmlschemas/ActivityExtension/v2">
        <Speed>3.7</Speed>
       </TPX>
      </Extensions>
     </Trackpoint>
     <Trackpoint>
      <Time>2026-08-08T11:26:21Z</Time>
      <Position>
       <LatitudeDegrees>5.2349160</LatitudeDegrees>
       <LongitudeDegrees>100.4396040</LongitudeDegrees>
      </Position>
      <AltitudeMeters>5.1</AltitudeMeters>
      <DistanceMeters>3821.4</DistanceMeters>
      <HeartRateBpm>
       <Value>169</Value>
      </HeartRateBpm>
      <Extensions>
       <TPX xmlns="http://www.garmin.com/xmlschemas/ActivityExtension/v2">
        <Speed>3.8</Speed>
       </TPX>
      </Extensions>
     </Trackpoint>
     <Trackpoint>
      <Time>2026-08-08T11:26:22Z</Time>
      <Position>
       <LatitudeDegrees>5.2348850</LatitudeDegrees>
       <LongitudeDegrees>100.4396080</LongitudeDegrees>
      </Position>
      <AltitudeMeters>5.1</AltitudeMeters>
      <DistanceMeters>3825.0</DistanceMeters>
      <HeartRateBpm>
       <Value>170</Value>
      </HeartRateBpm>
      <Extensions>
       <TPX xmlns="http://www.garmin.com/xmlschemas/ActivityExtension/v2">
        <Speed>3.8</Speed>
       </TPX>
      </Extensions>
     </Trackpoint>
     <Trackpoint>
      <Time>2026-08-08T11:26:23Z</Time>
      <Position>
       <LatitudeDegrees>5.2348530</LatitudeDegrees>
       <LongitudeDegrees>100.4396130</LongitudeDegrees>
      </Position>
      <AltitudeMeters>5.1</AltitudeMeters>
      <DistanceMeters>3828.6</DistanceMeters>
      <HeartRateBpm>
       <Value>170</Value>
      </HeartRateBpm>
      <Extensions>
       <TPX xmlns="http://www.garmin.com/xmlschemas/ActivityExtension/v2">
        <Speed>3.5</Speed>
       </TPX>
      </Extensions>
     </Trackpoint>
     <Trackpoint>
      <Time>2026-08-08T11:26:24Z</Time>
      <Position>
       <LatitudeDegrees>5.2348220</LatitudeDegrees>
       <LongitudeDegrees>100.4396180</LongitudeDegrees>
      </Position>
      <AltitudeMeters>5.1</AltitudeMeters>
      <DistanceMeters>3832.0</DistanceMeters>
      <HeartRateBpm>
       <Value>169</Value>
      </HeartRateBpm>
      <Extensions>
       <TPX xmlns="http://www.garmin.com/xmlschemas/ActivityExtension/v2">
        <Speed>3.6</Speed>
       </TPX>
      </Extensions>
     </Trackpoint>
     <Trackpoint>
      <Time>2026-08-08T11:26:25Z</Time>
      <Position>
       <LatitudeDegrees>5.2347950</LatitudeDegrees>
       <LongitudeDegrees>100.4396230</LongitudeDegrees>
      </Position>
      <AltitudeMeters>5.1</AltitudeMeters>
      <DistanceMeters>3835.1</DistanceMeters>
      <HeartRateBpm>
       <Value>169</Value>
      </HeartRateBpm>
      <Extensions>
       <TPX xmlns="http://www.garmin.com/xmlschemas/ActivityExtension/v2">
        <Speed>3.5</Speed>
       </TPX>
      </Extensions>
     </Trackpoint>
     <Trackpoint>
      <Time>2026-08-08T11:26:26Z</Time>
      <Position>
       <LatitudeDegrees>5.2347640</LatitudeDegrees>
       <LongitudeDegrees>100.4396300</LongitudeDegrees>
      </Position>
      <AltitudeMeters>5.1</AltitudeMeters>
      <DistanceMeters>3838.7</DistanceMeters>
      <HeartRateBpm>
       <Value>169</Value>
      </HeartRateBpm>
      <Extensions>
       <TPX xmlns="http://www.garmin.com/xmlschemas/ActivityExtension/v2">
        <Speed>3.5</Speed>
       </TPX>
      </Extensions>
     </Trackpoint>
     <Trackpoint>
      <Time>2026-08-08T11:26:27Z</Time>
      <Position>
       <LatitudeDegrees>5.2347330</LatitudeDegrees>
       <LongitudeDegrees>100.4396390</LongitudeDegrees>
      </Position>
      <AltitudeMeters>5.1</AltitudeMeters>
      <DistanceMeters>3842.1</DistanceMeters>
      <HeartRateBpm>
       <Value>169</Value>
      </HeartRateBpm>
      <Extensions>
       <TPX xmlns="http://www.garmin.com/xmlschemas/ActivityExtension/v2">
        <Speed>3.4</Speed>
       </TPX>
      </Extensions>
     </Trackpoint>
     <Trackpoint>
      <Time>2026-08-08T11:26:28Z</Time>
      <Position>
       <LatitudeDegrees>5.2347050</LatitudeDegrees>
       <LongitudeDegrees>100.4396450</LongitudeDegrees>
      </Position>
      <AltitudeMeters>5.1</AltitudeMeters>
      <DistanceMeters>3845.4</DistanceMeters>
      <HeartRateBpm>
       <Value>169</Value>
      </HeartRateBpm>
      <Extensions>
       <TPX xmlns="http://www.garmin.com/xmlschemas/ActivityExtension/v2">
        <Speed>3.4</Speed>
       </TPX>
      </Extensions>
     </Trackpoint>
     <Trackpoint>
      <Time>2026-08-08T11:26:29Z</Time>
      <Position>
       <LatitudeDegrees>5.2346730</LatitudeDegrees>
       <LongitudeDegrees>100.4396480</LongitudeDegrees>
      </Position>
      <AltitudeMeters>5.1</AltitudeMeters>
      <DistanceMeters>3849.0</DistanceMeters>
      <HeartRateBpm>
       <Value>169</Value>
      </HeartRateBpm>
      <Extensions>
       <TPX xmlns="http://www.garmin.com/xmlschemas/ActivityExtension/v2">
        <Speed>3.4</Speed>
       </TPX>
      </Extensions>
     </Trackpoint>
     <Trackpoint>
      <Time>2026-08-08T11:26:30Z</Time>
      <Position>
       <LatitudeDegrees>5.2346420</LatitudeDegrees>
       <LongitudeDegrees>100.4396490</LongitudeDegrees>
      </Position>
      <AltitudeMeters>5.1</AltitudeMeters>
      <DistanceMeters>3852.5</DistanceMeters>
      <HeartRateBpm>
       <Value>169</Value>
      </HeartRateBpm>
      <Extensions>
       <TPX xmlns="http://www.garmin.com/xmlschemas/ActivityExtension/v2">
        <Speed>3.5</Speed>
       </TPX>
      </Extensions>
     </Trackpoint>
     <Trackpoint>
      <Time>2026-08-08T11:26:31Z</Time>
      <Position>
       <LatitudeDegrees>5.2346050</LatitudeDegrees>
       <LongitudeDegrees>100.4396490</LongitudeDegrees>
      </Position>
      <AltitudeMeters>5.1</AltitudeMeters>
      <DistanceMeters>3856.5</DistanceMeters>
      <HeartRateBpm>
       <Value>169</Value>
      </HeartRateBpm>
      <Extensions>
       <TPX xmlns="http://www.garmin.com/xmlschemas/ActivityExtension/v2">
        <Speed>3.6</Speed>
       </TPX>
      </Extensions>
     </Trackpoint>
     <Trackpoint>
      <Time>2026-08-08T11:26:32Z</Time>
      <Position>
       <LatitudeDegrees>5.2345820</LatitudeDegrees>
       <LongitudeDegrees>100.4396410</LongitudeDegrees>
      </Position>
      <AltitudeMeters>5.1</AltitudeMeters>
      <DistanceMeters>3859.2</DistanceMeters>
      <HeartRateBpm>
       <Value>170</Value>
      </HeartRateBpm>
      <Extensions>
       <TPX xmlns="http://www.garmin.com/xmlschemas/ActivityExtension/v2">
        <Speed>3.4</Speed>
       </TPX>
      </Extensions>
     </Trackpoint>
     <Trackpoint>
      <Time>2026-08-08T11:26:33Z</Time>
      <Position>
       <LatitudeDegrees>5.2345600</LatitudeDegrees>
       <LongitudeDegrees>100.4396280</LongitudeDegrees>
      </Position>
      <AltitudeMeters>5.1</AltitudeMeters>
      <DistanceMeters>3862.0</DistanceMeters>
      <HeartRateBpm>
       <Value>170</Value>
      </HeartRateBpm>
      <Extensions>
       <TPX xmlns="http://www.garmin.com/xmlschemas/ActivityExtension/v2">
        <Speed>3.3</Speed>
       </TPX>
      </Extensions>
     </Trackpoint>
     <Trackpoint>
      <Time>2026-08-08T11:26:34Z</Time>
      <Position>
       <LatitudeDegrees>5.2345410</LatitudeDegrees>
       <LongitudeDegrees>100.4396110</LongitudeDegrees>
      </Position>
      <AltitudeMeters>5.1</AltitudeMeters>
      <DistanceMeters>3864.9</DistanceMeters>
      <HeartRateBpm>
       <Value>171</Value>
      </HeartRateBpm>
      <Extensions>
       <TPX xmlns="http://www.garmin.com/xmlschemas/ActivityExtension/v2">
        <Speed>3.2</Speed>
       </TPX>
      </Extensions>
     </Trackpoint>
     <Trackpoint>
      <Time>2026-08-08T11:26:35Z</Time>
      <Position>
       <LatitudeDegrees>5.2345240</LatitudeDegrees>
       <LongitudeDegrees>100.4395910</LongitudeDegrees>
      </Position>
      <AltitudeMeters>5.1</AltitudeMeters>
      <DistanceMeters>3867.8</DistanceMeters>
      <HeartRateBpm>
       <Value>171</Value>
      </HeartRateBpm>
      <Extensions>
       <TPX xmlns="http://www.garmin.com/xmlschemas/ActivityExtension/v2">
        <Speed>3.1</Speed>
       </TPX>
      </Extensions>
     </Trackpoint>
     <Trackpoint>
      <Time>2026-08-08T11:26:36Z</Time>
      <Position>
       <LatitudeDegrees>5.2345070</LatitudeDegrees>
       <LongitudeDegrees>100.4395670</LongitudeDegrees>
      </Position>
      <AltitudeMeters>5.1</AltitudeMeters>
      <DistanceMeters>3871.0</DistanceMeters>
      <HeartRateBpm>
       <Value>170</Value>
      </HeartRateBpm>
      <Extensions>
       <TPX xmlns="http://www.garmin.com/xmlschemas/ActivityExtension/v2">
        <Speed>2.9</Speed>
       </TPX>
      </Extensions>
     </Trackpoint>
     <Trackpoint>
      <Time>2026-08-08T11:26:37Z</Time>
      <Position>
       <LatitudeDegrees>5.2344920</LatitudeDegrees>
       <LongitudeDegrees>100.4395390</LongitudeDegrees>
      </Position>
      <AltitudeMeters>5.1</AltitudeMeters>
      <DistanceMeters>3874.5</DistanceMeters>
      <HeartRateBpm>
       <Value>169</Value>
      </HeartRateBpm>
      <Extensions>
       <TPX xmlns="http://www.garmin.com/xmlschemas/ActivityExtension/v2">
        <Speed>3.1</Speed>
       </TPX>
      </Extensions>
     </Trackpoint>
     <Trackpoint>
      <Time>2026-08-08T11:26:38Z</Time>
      <Position>
       <LatitudeDegrees>5.2344790</LatitudeDegrees>
       <LongitudeDegrees>100.4395100</LongitudeDegrees>
      </Position>
      <AltitudeMeters>5.1</AltitudeMeters>
      <DistanceMeters>3878.1</DistanceMeters>
      <HeartRateBpm>
       <Value>169</Value>
      </HeartRateBpm>
      <Extensions>
       <TPX xmlns="http://www.garmin.com/xmlschemas/ActivityExtension/v2">
        <Speed>3.2</Speed>
       </TPX>
      </Extensions>
     </Trackpoint>
     <Trackpoint>
      <Time>2026-08-08T11:26:39Z</Time>
      <Position>
       <LatitudeDegrees>5.2344690</LatitudeDegrees>
       <LongitudeDegrees>100.4394800</LongitudeDegrees>
      </Position>
      <AltitudeMeters>5.1</AltitudeMeters>
      <DistanceMeters>3881.6</DistanceMeters>
      <HeartRateBpm>
       <Value>170</Value>
      </HeartRateBpm>
      <Extensions>
       <TPX xmlns="http://www.garmin.com/xmlschemas/ActivityExtension/v2">
        <Speed>3.3</Speed>
       </TPX>
      </Extensions>
     </Trackpoint>
     <Trackpoint>
      <Time>2026-08-08T11:26:40Z</Time>
      <Position>
       <LatitudeDegrees>5.2344610</LatitudeDegrees>
       <LongitudeDegrees>100.4394490</LongitudeDegrees>
      </Position>
      <AltitudeMeters>5.2</AltitudeMeters>
      <DistanceMeters>3885.1</DistanceMeters>
      <HeartRateBpm>
       <Value>169</Value>
      </HeartRateBpm>
      <Extensions>
       <TPX xmlns="http://www.garmin.com/xmlschemas/ActivityExtension/v2">
        <Speed>3.5</Speed>
       </TPX>
      </Extensions>
     </Trackpoint>
     <Trackpoint>
      <Time>2026-08-08T11:26:41Z</Time>
      <Position>
       <LatitudeDegrees>5.2344450</LatitudeDegrees>
       <LongitudeDegrees>100.4394150</LongitudeDegrees>
      </Position>
      <AltitudeMeters>5.2</AltitudeMeters>
      <DistanceMeters>3889.3</DistanceMeters>
      <HeartRateBpm>
       <Value>170</Value>
      </HeartRateBpm>
      <Extensions>
       <TPX xmlns="http://www.garmin.com/xmlschemas/ActivityExtension/v2">
        <Speed>3.7</Speed>
       </TPX>
      </Extensions>
     </Trackpoint>
     <Trackpoint>
      <Time>2026-08-08T11:26:42Z</Time>
      <Position>
       <LatitudeDegrees>5.2344300</LatitudeDegrees>
       <LongitudeDegrees>100.4393810</LongitudeDegrees>
      </Position>
      <AltitudeMeters>5.2</AltitudeMeters>
      <DistanceMeters>3893.4</DistanceMeters>
      <HeartRateBpm>
       <Value>170</Value>
      </HeartRateBpm>
      <Extensions>
       <TPX xmlns="http://www.garmin.com/xmlschemas/ActivityExtension/v2">
        <Speed>3.8</Speed>
       </TPX>
      </Extensions>
     </Trackpoint>
     <Trackpoint>
      <Time>2026-08-08T11:26:43Z</Time>
      <Position>
       <LatitudeDegrees>5.2344110</LatitudeDegrees>
       <LongitudeDegrees>100.4393400</LongitudeDegrees>
      </Position>
      <AltitudeMeters>5.2</AltitudeMeters>
      <DistanceMeters>3898.3</DistanceMeters>
      <HeartRateBpm>
       <Value>170</Value>
      </HeartRateBpm>
      <Extensions>
       <TPX xmlns="http://www.garmin.com/xmlschemas/ActivityExtension/v2">
        <Speed>4.0</Speed>
       </TPX>
      </Extensions>
     </Trackpoint>
     <Trackpoint>
      <Time>2026-08-08T11:26:44Z</Time>
      <Position>
       <LatitudeDegrees>5.2343940</LatitudeDegrees>
       <LongitudeDegrees>100.4392990</LongitudeDegrees>
      </Position>
      <AltitudeMeters>5.2</AltitudeMeters>
      <DistanceMeters>3903.4</DistanceMeters>
      <HeartRateBpm>
       <Value>170</Value>
      </HeartRateBpm>
      <Extensions>
       <TPX xmlns="http://www.garmin.com/xmlschemas/ActivityExtension/v2">
        <Speed>4.4</Speed>
       </TPX>
      </Extensions>
     </Trackpoint>
     <Trackpoint>
      <Time>2026-08-08T11:26:45Z</Time>
      <Position>
       <LatitudeDegrees>5.2343850</LatitudeDegrees>
       <LongitudeDegrees>100.4392610</LongitudeDegrees>
      </Position>
      <AltitudeMeters>5.2</AltitudeMeters>
      <DistanceMeters>3907.6</DistanceMeters>
      <HeartRateBpm>
       <Value>169</Value>
      </HeartRateBpm>
      <Extensions>
       <TPX xmlns="http://www.garmin.com/xmlschemas/ActivityExtension/v2">
        <Speed>4.5</Speed>
       </TPX>
      </Extensions>
     </Trackpoint>
     <Trackpoint>
      <Time>2026-08-08T11:26:46Z</Time>
      <Position>
       <LatitudeDegrees>5.2343800</LatitudeDegrees>
       <LongitudeDegrees>100.4392250</LongitudeDegrees>
      </Position>
      <AltitudeMeters>5.2</AltitudeMeters>
      <DistanceMeters>3911.6</DistanceMeters>
      <HeartRateBpm>
       <Value>169</Value>
      </HeartRateBpm>
      <Extensions>
       <TPX xmlns="http://www.garmin.com/xmlschemas/ActivityExtension/v2">
        <Speed>4.5</Speed>
       </TPX>
      </Extensions>
     </Trackpoint>
     <Trackpoint>
      <Time>2026-08-08T11:26:47Z</Time>
      <Position>
       <LatitudeDegrees>5.2343750</LatitudeDegrees>
       <LongitudeDegrees>100.4391960</LongitudeDegrees>
      </Position>
      <AltitudeMeters>5.2</AltitudeMeters>
      <DistanceMeters>3914.9</DistanceMeters>
      <HeartRateBpm>
       <Value>169</Value>
      </HeartRateBpm>
      <Extensions>
       <TPX xmlns="http://www.garmin.com/xmlschemas/ActivityExtension/v2">
        <Speed>4.3</Speed>
       </TPX>
      </Extensions>
     </Trackpoint>
     <Trackpoint>
      <Time>2026-08-08T11:26:48Z</Time>
      <Position>
       <LatitudeDegrees>5.2343730</LatitudeDegrees>
       <LongitudeDegrees>100.4391650</LongitudeDegrees>
      </Position>
      <AltitudeMeters>5.2</AltitudeMeters>
      <DistanceMeters>3918.4</DistanceMeters>
      <HeartRateBpm>
       <Value>169</Value>
      </HeartRateBpm>
      <Extensions>
       <TPX xmlns="http://www.garmin.com/xmlschemas/ActivityExtension/v2">
        <Speed>4.0</Speed>
       </TPX>
      </Extensions>
     </Trackpoint>
     <Trackpoint>
      <Time>2026-08-08T11:26:49Z</Time>
      <Position>
       <LatitudeDegrees>5.2343730</LatitudeDegrees>
       <LongitudeDegrees>100.4391520</LongitudeDegrees>
      </Position>
      <AltitudeMeters>5.2</AltitudeMeters>
      <DistanceMeters>3919.8</DistanceMeters>
      <HeartRateBpm>
       <Value>168</Value>
      </HeartRateBpm>
      <Extensions>
       <TPX xmlns="http://www.garmin.com/xmlschemas/ActivityExtension/v2">
        <Speed>3.3</Speed>
       </TPX>
      </Extensions>
     </Trackpoint>
     <Trackpoint>
      <Time>2026-08-08T11:26:50Z</Time>
      <Position>
       <LatitudeDegrees>5.2343630</LatitudeDegrees>
       <LongitudeDegrees>100.4391160</LongitudeDegrees>
      </Position>
      <AltitudeMeters>5.2</AltitudeMeters>
      <DistanceMeters>3923.9</DistanceMeters>
      <HeartRateBpm>
       <Value>168</Value>
      </HeartRateBpm>
      <Extensions>
       <TPX xmlns="http://www.garmin.com/xmlschemas/ActivityExtension/v2">
        <Speed>3.3</Speed>
       </TPX>
      </Extensions>
     </Trackpoint>
     <Trackpoint>
      <Time>2026-08-08T11:26:51Z</Time>
      <Position>
       <LatitudeDegrees>5.2343500</LatitudeDegrees>
       <LongitudeDegrees>100.4390700</LongitudeDegrees>
      </Position>
      <AltitudeMeters>5.3</AltitudeMeters>
      <DistanceMeters>3929.2</DistanceMeters>
      <HeartRateBpm>
       <Value>167</Value>
      </HeartRateBpm>
      <Extensions>
       <TPX xmlns="http://www.garmin.com/xmlschemas/ActivityExtension/v2">
        <Speed>3.5</Speed>
       </TPX>
      </Extensions>
     </Trackpoint>
     <Trackpoint>
      <Time>2026-08-08T11:26:52Z</Time>
      <Position>
       <LatitudeDegrees>5.2343410</LatitudeDegrees>
       <LongitudeDegrees>100.4390430</LongitudeDegrees>
      </Position>
      <AltitudeMeters>5.3</AltitudeMeters>
      <DistanceMeters>3932.3</DistanceMeters>
      <HeartRateBpm>
       <Value>168</Value>
      </HeartRateBpm>
      <Extensions>
       <TPX xmlns="http://www.garmin.com/xmlschemas/ActivityExtension/v2">
        <Speed>3.5</Speed>
       </TPX>
      </Extensions>
     </Trackpoint>
     <Trackpoint>
      <Time>2026-08-08T11:26:53Z</Time>
      <Position>
       <LatitudeDegrees>5.2343320</LatitudeDegrees>
       <LongitudeDegrees>100.4390090</LongitudeDegrees>
      </Position>
      <AltitudeMeters>5.3</AltitudeMeters>
      <DistanceMeters>3936.3</DistanceMeters>
      <HeartRateBpm>
       <Value>168</Value>
      </HeartRateBpm>
      <Extensions>
       <TPX xmlns="http://www.garmin.com/xmlschemas/ActivityExtension/v2">
        <Speed>3.6</Speed>
       </TPX>
      </Extensions>
     </Trackpoint>
     <Trackpoint>
      <Time>2026-08-08T11:26:54Z</Time>
      <Position>
       <LatitudeDegrees>5.2343290</LatitudeDegrees>
       <LongitudeDegrees>100.4389770</LongitudeDegrees>
      </Position>
      <AltitudeMeters>5.3</AltitudeMeters>
      <DistanceMeters>3939.8</DistanceMeters>
      <HeartRateBpm>
       <Value>169</Value>
      </HeartRateBpm>
      <Extensions>
       <TPX xmlns="http://www.garmin.com/xmlschemas/ActivityExtension/v2">
        <Speed>4.0</Speed>
       </TPX>
      </Extensions>
     </Trackpoint>
     <Trackpoint>
      <Time>2026-08-08T11:26:55Z</Time>
      <Position>
       <LatitudeDegrees>5.2343240</LatitudeDegrees>
       <LongitudeDegrees>100.4389430</LongitudeDegrees>
      </Position>
      <AltitudeMeters>5.3</AltitudeMeters>
      <DistanceMeters>3943.6</DistanceMeters>
      <HeartRateBpm>
       <Value>169</Value>
      </HeartRateBpm>
      <Extensions>
       <TPX xmlns="http://www.garmin.com/xmlschemas/ActivityExtension/v2">
        <Speed>3.9</Speed>
       </TPX>
      </Extensions>
     </Trackpoint>
     <Trackpoint>
      <Time>2026-08-08T11:26:56Z</Time>
      <Position>
       <LatitudeDegrees>5.2343170</LatitudeDegrees>
       <LongitudeDegrees>100.4389130</LongitudeDegrees>
      </Position>
      <AltitudeMeters>5.3</AltitudeMeters>
      <DistanceMeters>3947.1</DistanceMeters>
      <HeartRateBpm>
       <Value>169</Value>
      </HeartRateBpm>
      <Extensions>
       <TPX xmlns="http://www.garmin.com/xmlschemas/ActivityExtension/v2">
        <Speed>3.6</Speed>
       </TPX>
      </Extensions>
     </Trackpoint>
     <Trackpoint>
      <Time>2026-08-08T11:26:57Z</Time>
      <Position>
       <LatitudeDegrees>5.2343090</LatitudeDegrees>
       <LongitudeDegrees>100.4388830</LongitudeDegrees>
      </Position>
      <AltitudeMeters>5.3</AltitudeMeters>
      <DistanceMeters>3950.5</DistanceMeters>
      <HeartRateBpm>
       <Value>169</Value>
      </HeartRateBpm>
      <Extensions>
       <TPX xmlns="http://www.garmin.com/xmlschemas/ActivityExtension/v2">
        <Speed>3.6</Speed>
       </TPX>
      </Extensions>
     </Trackpoint>
     <Trackpoint>
      <Time>2026-08-08T11:26:58Z</Time>
      <Position>
       <LatitudeDegrees>5.2343040</LatitudeDegrees>
       <LongitudeDegrees>100.4388520</LongitudeDegrees>
      </Position>
      <AltitudeMeters>5.3</AltitudeMeters>
      <DistanceMeters>3953.9</DistanceMeters>
      <HeartRateBpm>
       <Value>169</Value>
      </HeartRateBpm>
      <Extensions>
       <TPX xmlns="http://www.garmin.com/xmlschemas/ActivityExtension/v2">
        <Speed>3.5</Speed>
       </TPX>
      </Extensions>
     </Trackpoint>
     <Trackpoint>
      <Time>2026-08-08T11:26:59Z</Time>
      <Position>
       <LatitudeDegrees>5.2343010</LatitudeDegrees>
       <LongitudeDegrees>100.4388210</LongitudeDegrees>
      </Position>
      <AltitudeMeters>5.3</AltitudeMeters>
      <DistanceMeters>3957.4</DistanceMeters>
      <HeartRateBpm>
       <Value>169</Value>
      </HeartRateBpm>
      <Extensions>
       <TPX xmlns="http://www.garmin.com/xmlschemas/ActivityExtension/v2">
        <Speed>3.5</Speed>
       </TPX>
      </Extensions>
     </Trackpoint>
     <Trackpoint>
      <Time>2026-08-08T11:27:00Z</Time>
      <Position>
       <LatitudeDegrees>5.2342980</LatitudeDegrees>
       <LongitudeDegrees>100.4387920</LongitudeDegrees>
      </Position>
      <AltitudeMeters>5.3</AltitudeMeters>
      <DistanceMeters>3960.6</DistanceMeters>
      <HeartRateBpm>
       <Value>169</Value>
      </HeartRateBpm>
      <Extensions>
       <TPX xmlns="http://www.garmin.com/xmlschemas/ActivityExtension/v2">
        <Speed>3.4</Speed>
       </TPX>
      </Extensions>
     </Trackpoint>
     <Trackpoint>
      <Time>2026-08-08T11:27:01Z</Time>
      <Position>
       <LatitudeDegrees>5.2342900</LatitudeDegrees>
       <LongitudeDegrees>100.4387660</LongitudeDegrees>
      </Position>
      <AltitudeMeters>5.3</AltitudeMeters>
      <DistanceMeters>3963.6</DistanceMeters>
      <HeartRateBpm>
       <Value>168</Value>
      </HeartRateBpm>
      <Extensions>
       <TPX xmlns="http://www.garmin.com/xmlschemas/ActivityExtension/v2">
        <Speed>3.3</Speed>
       </TPX>
      </Extensions>
     </Trackpoint>
     <Trackpoint>
      <Time>2026-08-08T11:27:02Z</Time>
      <Position>
       <LatitudeDegrees>5.2342820</LatitudeDegrees>
       <LongitudeDegrees>100.4387390</LongitudeDegrees>
      </Position>
      <AltitudeMeters>5.3</AltitudeMeters>
      <DistanceMeters>3966.7</DistanceMeters>
      <HeartRateBpm>
       <Value>168</Value>
      </HeartRateBpm>
      <Extensions>
       <TPX xmlns="http://www.garmin.com/xmlschemas/ActivityExtension/v2">
        <Speed>3.2</Speed>
       </TPX>
      </Extensions>
     </Trackpoint>
     <Trackpoint>
      <Time>2026-08-08T11:27:03Z</Time>
      <Position>
       <LatitudeDegrees>5.2342700</LatitudeDegrees>
       <LongitudeDegrees>100.4387110</LongitudeDegrees>
      </Position>
      <AltitudeMeters>5.3</AltitudeMeters>
      <DistanceMeters>3970.1</DistanceMeters>
      <HeartRateBpm>
       <Value>168</Value>
      </HeartRateBpm>
      <Extensions>
       <TPX xmlns="http://www.garmin.com/xmlschemas/ActivityExtension/v2">
        <Speed>3.2</Speed>
       </TPX>
      </Extensions>
     </Trackpoint>
     <Trackpoint>
      <Time>2026-08-08T11:27:04Z</Time>
      <Position>
       <LatitudeDegrees>5.2342610</LatitudeDegrees>
       <LongitudeDegrees>100.4386840</LongitudeDegrees>
      </Position>
      <AltitudeMeters>5.2</AltitudeMeters>
      <DistanceMeters>3973.3</DistanceMeters>
      <HeartRateBpm>
       <Value>168</Value>
      </HeartRateBpm>
      <Extensions>
       <TPX xmlns="http://www.garmin.com/xmlschemas/ActivityExtension/v2">
        <Speed>3.2</Speed>
       </TPX>
      </Extensions>
     </Trackpoint>
     <Trackpoint>
      <Time>2026-08-08T11:27:05Z</Time>
      <Position>
       <LatitudeDegrees>5.2342550</LatitudeDegrees>
       <LongitudeDegrees>100.4386540</LongitudeDegrees>
      </Position>
      <AltitudeMeters>5.2</AltitudeMeters>
      <DistanceMeters>3976.7</DistanceMeters>
      <HeartRateBpm>
       <Value>168</Value>
      </HeartRateBpm>
      <Extensions>
       <TPX xmlns="http://www.garmin.com/xmlschemas/ActivityExtension/v2">
        <Speed>3.2</Speed>
       </TPX>
      </Extensions>
     </Trackpoint>
     <Trackpoint>
      <Time>2026-08-08T11:27:06Z</Time>
      <Position>
       <LatitudeDegrees>5.2342490</LatitudeDegrees>
       <LongitudeDegrees>100.4386230</LongitudeDegrees>
      </Position>
      <AltitudeMeters>5.2</AltitudeMeters>
      <DistanceMeters>3980.1</DistanceMeters>
      <HeartRateBpm>
       <Value>168</Value>
      </HeartRateBpm>
      <Extensions>
       <TPX xmlns="http://www.garmin.com/xmlschemas/ActivityExtension/v2">
        <Speed>3.3</Speed>
       </TPX>
      </Extensions>
     </Trackpoint>
     <Trackpoint>
      <Time>2026-08-08T11:27:07Z</Time>
      <Position>
       <LatitudeDegrees>5.2342440</LatitudeDegrees>
       <LongitudeDegrees>100.4385920</LongitudeDegrees>
      </Position>
      <AltitudeMeters>5.2</AltitudeMeters>
      <DistanceMeters>3983.7</DistanceMeters>
      <HeartRateBpm>
       <Value>166</Value>
      </HeartRateBpm>
      <Extensions>
       <TPX xmlns="http://www.garmin.com/xmlschemas/ActivityExtension/v2">
        <Speed>3.4</Speed>
       </TPX>
      </Extensions>
     </Trackpoint>
     <Trackpoint>
      <Time>2026-08-08T11:27:08Z</Time>
      <Position>
       <LatitudeDegrees>5.2342400</LatitudeDegrees>
       <LongitudeDegrees>100.4385640</LongitudeDegrees>
      </Position>
      <AltitudeMeters>5.2</AltitudeMeters>
      <DistanceMeters>3986.8</DistanceMeters>
      <HeartRateBpm>
       <Value>166</Value>
      </HeartRateBpm>
      <Extensions>
       <TPX xmlns="http://www.garmin.com/xmlschemas/ActivityExtension/v2">
        <Speed>3.3</Speed>
       </TPX>
      </Extensions>
     </Trackpoint>
     <Trackpoint>
      <Time>2026-08-08T11:27:09Z</Time>
      <Position>
       <LatitudeDegrees>5.2342320</LatitudeDegrees>
       <LongitudeDegrees>100.4385280</LongitudeDegrees>
      </Position>
      <AltitudeMeters>5.2</AltitudeMeters>
      <DistanceMeters>3990.9</DistanceMeters>
      <HeartRateBpm>
       <Value>167</Value>
      </HeartRateBpm>
      <Extensions>
       <TPX xmlns="http://www.garmin.com/xmlschemas/ActivityExtension/v2">
        <Speed>3.5</Speed>
       </TPX>
      </Extensions>
     </Trackpoint>
     <Trackpoint>
      <Time>2026-08-08T11:27:10Z</Time>
      <Position>
       <LatitudeDegrees>5.2342190</LatitudeDegrees>
       <LongitudeDegrees>100.4384950</LongitudeDegrees>
      </Position>
      <AltitudeMeters>5.2</AltitudeMeters>
      <DistanceMeters>3994.7</DistanceMeters>
      <HeartRateBpm>
       <Value>169</Value>
      </HeartRateBpm>
      <Extensions>
       <TPX xmlns="http://www.garmin.com/xmlschemas/ActivityExtension/v2">
        <Speed>3.6</Speed>
       </TPX>
      </Extensions>
     </Trackpoint>
     <Trackpoint>
      <Time>2026-08-08T11:27:11Z</Time>
      <Position>
       <LatitudeDegrees>5.2342040</LatitudeDegrees>
       <LongitudeDegrees>100.4384480</LongitudeDegrees>
      </Position>
      <AltitudeMeters>5.3</AltitudeMeters>
      <DistanceMeters>4000.2</DistanceMeters>
      <HeartRateBpm>
       <Value>170</Value>
      </HeartRateBpm>
      <Extensions>
       <TPX xmlns="http://www.garmin.com/xmlschemas/ActivityExtension/v2">
        <Speed>4.0</Speed>
       </TPX>
      </Extensions>
     </Trackpoint>
     <Trackpoint>
      <Time>2026-08-08T11:27:12Z</Time>
      <Position>
       <LatitudeDegrees>5.2341970</LatitudeDegrees>
       <LongitudeDegrees>100.4384300</LongitudeDegrees>
      </Position>
      <AltitudeMeters>5.3</AltitudeMeters>
      <DistanceMeters>4002.4</DistanceMeters>
      <HeartRateBpm>
       <Value>171</Value>
      </HeartRateBpm>
      <Extensions>
       <TPX xmlns="http://www.garmin.com/xmlschemas/ActivityExtension/v2">
        <Speed>3.7</Speed>
       </TPX>
      </Extensions>
     </Trackpoint>
     <Trackpoint>
      <Time>2026-08-08T11:27:13Z</Time>
      <Position>
       <LatitudeDegrees>5.2341870</LatitudeDegrees>
       <LongitudeDegrees>100.4384070</LongitudeDegrees>
      </Position>
      <AltitudeMeters>5.3</AltitudeMeters>
      <DistanceMeters>4005.2</DistanceMeters>
      <HeartRateBpm>
       <Value>171</Value>
      </HeartRateBpm>
      <Extensions>
       <TPX xmlns="http://www.garmin.com/xmlschemas/ActivityExtension/v2">
        <Speed>3.7</Speed>
       </TPX>
      </Extensions>
     </Trackpoint>
     <Trackpoint>
      <Time>2026-08-08T11:27:14Z</Time>
      <Position>
       <LatitudeDegrees>5.2341800</LatitudeDegrees>
       <LongitudeDegrees>100.4383860</LongitudeDegrees>
      </Position>
      <AltitudeMeters>5.3</AltitudeMeters>
      <DistanceMeters>4007.6</DistanceMeters>
      <HeartRateBpm>
       <Value>171</Value>
      </HeartRateBpm>
      <Extensions>
       <TPX xmlns="http://www.garmin.com/xmlschemas/ActivityExtension/v2">
        <Speed>3.3</Speed>
       </TPX>
      </Extensions>
     </Trackpoint>
     <Trackpoint>
      <Time>2026-08-08T11:27:15Z</Time>
      <Position>
       <LatitudeDegrees>5.2341830</LatitudeDegrees>
       <LongitudeDegrees>100.4383660</LongitudeDegrees>
      </Position>
      <AltitudeMeters>5.3</AltitudeMeters>
      <DistanceMeters>4009.8</DistanceMeters>
      <HeartRateBpm>
       <Value>171</Value>
      </HeartRateBpm>
      <Extensions>
       <TPX xmlns="http://www.garmin.com/xmlschemas/ActivityExtension/v2">
        <Speed>3.0</Speed>
       </TPX>
      </Extensions>
     </Trackpoint>
     <Trackpoint>
      <Time>2026-08-08T11:27:16Z</Time>
      <Position>
       <LatitudeDegrees>5.2341900</LatitudeDegrees>
       <LongitudeDegrees>100.4383470</LongitudeDegrees>
      </Position>
      <AltitudeMeters>5.3</AltitudeMeters>
      <DistanceMeters>4009.8</DistanceMeters>
      <HeartRateBpm>
       <Value>170</Value>
      </HeartRateBpm>
      <Extensions>
       <TPX xmlns="http://www.garmin.com/xmlschemas/ActivityExtension/v2">
        <Speed>1.9</Speed>
       </TPX>
      </Extensions>
     </Trackpoint>
     <Trackpoint>
      <Time>2026-08-08T11:27:17Z</Time>
      <Position>
       <LatitudeDegrees>5.2341880</LatitudeDegrees>
       <LongitudeDegrees>100.4383350</LongitudeDegrees>
      </Position>
      <AltitudeMeters>5.3</AltitudeMeters>
      <DistanceMeters>4013.3</DistanceMeters>
      <HeartRateBpm>
       <Value>170</Value>
      </HeartRateBpm>
      <Extensions>
       <TPX xmlns="http://www.garmin.com/xmlschemas/ActivityExtension/v2">
        <Speed>2.2</Speed>
       </TPX>
      </Extensions>
     </Trackpoint>
     <Trackpoint>
      <Time>2026-08-08T11:27:18Z</Time>
      <Position>
       <LatitudeDegrees>5.2341830</LatitudeDegrees>
       <LongitudeDegrees>100.4383180</LongitudeDegrees>
      </Position>
      <AltitudeMeters>5.3</AltitudeMeters>
      <DistanceMeters>4015.2</DistanceMeters>
      <HeartRateBpm>
       <Value>170</Value>
      </HeartRateBpm>
      <Extensions>
       <TPX xmlns="http://www.garmin.com/xmlschemas/ActivityExtension/v2">
        <Speed>2.0</Speed>
       </TPX>
      </Extensions>
     </Trackpoint>
     <Trackpoint>
      <Time>2026-08-08T11:27:19Z</Time>
      <Position>
       <LatitudeDegrees>5.2341740</LatitudeDegrees>
       <LongitudeDegrees>100.4382950</LongitudeDegrees>
      </Position>
      <AltitudeMeters>5.3</AltitudeMeters>
      <DistanceMeters>4017.9</DistanceMeters>
      <HeartRateBpm>
       <Value>171</Value>
      </HeartRateBpm>
      <Extensions>
       <TPX xmlns="http://www.garmin.com/xmlschemas/ActivityExtension/v2">
        <Speed>2.1</Speed>
       </TPX>
      </Extensions>
     </Trackpoint>
     <Trackpoint>
      <Time>2026-08-08T11:27:20Z</Time>
      <Position>
       <LatitudeDegrees>5.2341680</LatitudeDegrees>
       <LongitudeDegrees>100.4382690</LongitudeDegrees>
      </Position>
      <AltitudeMeters>5.3</AltitudeMeters>
      <DistanceMeters>4020.8</DistanceMeters>
      <HeartRateBpm>
       <Value>170</Value>
      </HeartRateBpm>
      <Extensions>
       <TPX xmlns="http://www.garmin.com/xmlschemas/ActivityExtension/v2">
        <Speed>2.2</Speed>
       </TPX>
      </Extensions>
     </Trackpoint>
     <Trackpoint>
      <Time>2026-08-08T11:27:21Z</Time>
      <Position>
       <LatitudeDegrees>5.2341510</LatitudeDegrees>
       <LongitudeDegrees>100.4382390</LongitudeDegrees>
      </Position>
      <AltitudeMeters>5.3</AltitudeMeters>
      <DistanceMeters>4024.6</DistanceMeters>
      <HeartRateBpm>
       <Value>168</Value>
      </HeartRateBpm>
      <Extensions>
       <TPX xmlns="http://www.garmin.com/xmlschemas/ActivityExtension/v2">
        <Speed>3.0</Speed>
       </TPX>
      </Extensions>
     </Trackpoint>
     <Trackpoint>
      <Time>2026-08-08T11:27:22Z</Time>
      <Position>
       <LatitudeDegrees>5.2341390</LatitudeDegrees>
       <LongitudeDegrees>100.4382180</LongitudeDegrees>
      </Position>
      <AltitudeMeters>5.3</AltitudeMeters>
      <DistanceMeters>4024.6</DistanceMeters>
      <HeartRateBpm>
       <Value>168</Value>
      </HeartRateBpm>
      <Extensions>
       <TPX xmlns="http://www.garmin.com/xmlschemas/ActivityExtension/v2">
        <Speed>2.3</Speed>
       </TPX>
      </Extensions>
     </Trackpoint>
     <Trackpoint>
      <Time>2026-08-08T11:27:23Z</Time>
      <Position>
       <LatitudeDegrees>5.2341330</LatitudeDegrees>
       <LongitudeDegrees>100.4381960</LongitudeDegrees>
      </Position>
      <AltitudeMeters>5.3</AltitudeMeters>
      <DistanceMeters>4028.2</DistanceMeters>
      <HeartRateBpm>
       <Value>167</Value>
      </HeartRateBpm>
      <Extensions>
       <TPX xmlns="http://www.garmin.com/xmlschemas/ActivityExtension/v2">
        <Speed>2.6</Speed>
       </TPX>
      </Extensions>
     </Trackpoint>
     <Trackpoint>
      <Time>2026-08-08T11:27:24Z</Time>
      <Position>
       <LatitudeDegrees>5.2341220</LatitudeDegrees>
       <LongitudeDegrees>100.4381570</LongitudeDegrees>
      </Position>
      <AltitudeMeters>5.3</AltitudeMeters>
      <DistanceMeters>4034.5</DistanceMeters>
      <HeartRateBpm>
       <Value>167</Value>
      </HeartRateBpm>
      <Extensions>
       <TPX xmlns="http://www.garmin.com/xmlschemas/ActivityExtension/v2">
        <Speed>3.3</Speed>
       </TPX>
      </Extensions>
     </Trackpoint>
     <Trackpoint>
      <Time>2026-08-08T11:27:25Z</Time>
      <Position>
       <LatitudeDegrees>5.2341140</LatitudeDegrees>
       <LongitudeDegrees>100.4381180</LongitudeDegrees>
      </Position>
      <AltitudeMeters>5.3</AltitudeMeters>
      <DistanceMeters>4039.0</DistanceMeters>
      <HeartRateBpm>
       <Value>166</Value>
      </HeartRateBpm>
      <Extensions>
       <TPX xmlns="http://www.garmin.com/xmlschemas/ActivityExtension/v2">
        <Speed>3.6</Speed>
       </TPX>
      </Extensions>
     </Trackpoint>
     <Trackpoint>
      <Time>2026-08-08T11:27:26Z</Time>
      <Position>
       <LatitudeDegrees>5.2341060</LatitudeDegrees>
       <LongitudeDegrees>100.4380860</LongitudeDegrees>
      </Position>
      <AltitudeMeters>5.3</AltitudeMeters>
      <DistanceMeters>4042.6</DistanceMeters>
      <HeartRateBpm>
       <Value>165</Value>
      </HeartRateBpm>
      <Extensions>
       <TPX xmlns="http://www.garmin.com/xmlschemas/ActivityExtension/v2">
        <Speed>3.6</Speed>
       </TPX>
      </Extensions>
     </Trackpoint>
     <Trackpoint>
      <Time>2026-08-08T11:27:27Z</Time>
      <Position>
       <LatitudeDegrees>5.2340970</LatitudeDegrees>
       <LongitudeDegrees>100.4380560</LongitudeDegrees>
      </Position>
      <AltitudeMeters>5.3</AltitudeMeters>
      <DistanceMeters>4046.1</DistanceMeters>
      <HeartRateBpm>
       <Value>165</Value>
      </HeartRateBpm>
      <Extensions>
       <TPX xmlns="http://www.garmin.com/xmlschemas/ActivityExtension/v2">
        <Speed>4.3</Speed>
       </TPX>
      </Extensions>
     </Trackpoint>
     <Trackpoint>
      <Time>2026-08-08T11:27:28Z</Time>
      <Position>
       <LatitudeDegrees>5.2340880</LatitudeDegrees>
       <LongitudeDegrees>100.4380270</LongitudeDegrees>
      </Position>
      <AltitudeMeters>5.3</AltitudeMeters>
      <DistanceMeters>4049.4</DistanceMeters>
      <HeartRateBpm>
       <Value>165</Value>
      </HeartRateBpm>
      <Extensions>
       <TPX xmlns="http://www.garmin.com/xmlschemas/ActivityExtension/v2">
        <Speed>4.2</Speed>
       </TPX>
      </Extensions>
     </Trackpoint>
     <Trackpoint>
      <Time>2026-08-08T11:27:29Z</Time>
      <Position>
       <LatitudeDegrees>5.2340780</LatitudeDegrees>
       <LongitudeDegrees>100.4380030</LongitudeDegrees>
      </Position>
      <AltitudeMeters>5.3</AltitudeMeters>
      <DistanceMeters>4052.3</DistanceMeters>
      <HeartRateBpm>
       <Value>165</Value>
      </HeartRateBpm>
      <Extensions>
       <TPX xmlns="http://www.garmin.com/xmlschemas/ActivityExtension/v2">
        <Speed>3.6</Speed>
       </TPX>
      </Extensions>
     </Trackpoint>
     <Trackpoint>
      <Time>2026-08-08T11:27:30Z</Time>
      <Position>
       <LatitudeDegrees>5.2340690</LatitudeDegrees>
       <LongitudeDegrees>100.4379790</LongitudeDegrees>
      </Position>
      <AltitudeMeters>5.3</AltitudeMeters>
      <DistanceMeters>4055.2</DistanceMeters>
      <HeartRateBpm>
       <Value>165</Value>
      </HeartRateBpm>
      <Extensions>
       <TPX xmlns="http://www.garmin.com/xmlschemas/ActivityExtension/v2">
        <Speed>3.2</Speed>
       </TPX>
      </Extensions>
     </Trackpoint>
     <Trackpoint>
      <Time>2026-08-08T11:27:31Z</Time>
      <Position>
       <LatitudeDegrees>5.2340580</LatitudeDegrees>
       <LongitudeDegrees>100.4379450</LongitudeDegrees>
      </Position>
      <AltitudeMeters>5.3</AltitudeMeters>
      <DistanceMeters>4059.1</DistanceMeters>
      <HeartRateBpm>
       <Value>166</Value>
      </HeartRateBpm>
      <Extensions>
       <TPX xmlns="http://www.garmin.com/xmlschemas/ActivityExtension/v2">
        <Speed>3.3</Speed>
       </TPX>
      </Extensions>
     </Trackpoint>
     <Trackpoint>
      <Time>2026-08-08T11:27:32Z</Time>
      <Position>
       <LatitudeDegrees>5.2340550</LatitudeDegrees>
       <LongitudeDegrees>100.4379350</LongitudeDegrees>
      </Position>
      <AltitudeMeters>5.3</AltitudeMeters>
      <DistanceMeters>4059.1</DistanceMeters>
      <HeartRateBpm>
       <Value>167</Value>
      </HeartRateBpm>
      <Extensions>
       <TPX xmlns="http://www.garmin.com/xmlschemas/ActivityExtension/v2">
        <Speed>2.6</Speed>
       </TPX>
      </Extensions>
     </Trackpoint>
     <Trackpoint>
      <Time>2026-08-08T11:27:33Z</Time>
      <Position>
       <LatitudeDegrees>5.2340520</LatitudeDegrees>
       <LongitudeDegrees>100.4379140</LongitudeDegrees>
      </Position>
      <AltitudeMeters>5.3</AltitudeMeters>
      <DistanceMeters>4062.6</DistanceMeters>
      <HeartRateBpm>
       <Value>167</Value>
      </HeartRateBpm>
      <Extensions>
       <TPX xmlns="http://www.garmin.com/xmlschemas/ActivityExtension/v2">
        <Speed>2.6</Speed>
       </TPX>
      </Extensions>
     </Trackpoint>
     <Trackpoint>
      <Time>2026-08-08T11:27:34Z</Time>
      <Position>
       <LatitudeDegrees>5.2340500</LatitudeDegrees>
       <LongitudeDegrees>100.4378930</LongitudeDegrees>
      </Position>
      <AltitudeMeters>5.3</AltitudeMeters>
      <DistanceMeters>4064.9</DistanceMeters>
      <HeartRateBpm>
       <Value>166</Value>
      </HeartRateBpm>
      <Extensions>
       <TPX xmlns="http://www.garmin.com/xmlschemas/ActivityExtension/v2">
        <Speed>2.5</Speed>
       </TPX>
      </Extensions>
     </Trackpoint>
     <Trackpoint>
      <Time>2026-08-08T11:27:35Z</Time>
      <Position>
       <LatitudeDegrees>5.2340520</LatitudeDegrees>
       <LongitudeDegrees>100.4378740</LongitudeDegrees>
      </Position>
      <AltitudeMeters>5.3</AltitudeMeters>
      <DistanceMeters>4067.0</DistanceMeters>
      <HeartRateBpm>
       <Value>166</Value>
      </HeartRateBpm>
      <Extensions>
       <TPX xmlns="http://www.garmin.com/xmlschemas/ActivityExtension/v2">
        <Speed>2.4</Speed>
       </TPX>
      </Extensions>
     </Trackpoint>
     <Trackpoint>
      <Time>2026-08-08T11:27:36Z</Time>
      <Position>
       <LatitudeDegrees>5.2340500</LatitudeDegrees>
       <LongitudeDegrees>100.4378550</LongitudeDegrees>
      </Position>
      <AltitudeMeters>5.3</AltitudeMeters>
      <DistanceMeters>4069.2</DistanceMeters>
      <HeartRateBpm>
       <Value>166</Value>
      </HeartRateBpm>
      <Extensions>
       <TPX xmlns="http://www.garmin.com/xmlschemas/ActivityExtension/v2">
        <Speed>2.0</Speed>
       </TPX>
      </Extensions>
     </Trackpoint>
     <Trackpoint>
      <Time>2026-08-08T11:27:37Z</Time>
      <Position>
       <LatitudeDegrees>5.2340460</LatitudeDegrees>
       <LongitudeDegrees>100.4378330</LongitudeDegrees>
      </Position>
      <AltitudeMeters>5.3</AltitudeMeters>
      <DistanceMeters>4071.7</DistanceMeters>
      <HeartRateBpm>
       <Value>165</Value>
      </HeartRateBpm>
      <Extensions>
       <TPX xmlns="http://www.garmin.com/xmlschemas/ActivityExtension/v2">
        <Speed>2.5</Speed>
       </TPX>
      </Extensions>
     </Trackpoint>
     <Trackpoint>
      <Time>2026-08-08T11:27:38Z</Time>
      <Position>
       <LatitudeDegrees>5.2340400</LatitudeDegrees>
       <LongitudeDegrees>100.4378120</LongitudeDegrees>
      </Position>
      <AltitudeMeters>5.3</AltitudeMeters>
      <DistanceMeters>4074.1</DistanceMeters>
      <HeartRateBpm>
       <Value>165</Value>
      </HeartRateBpm>
      <Extensions>
       <TPX xmlns="http://www.garmin.com/xmlschemas/ActivityExtension/v2">
        <Speed>2.3</Speed>
       </TPX>
      </Extensions>
     </Trackpoint>
     <Trackpoint>
      <Time>2026-08-08T11:27:39Z</Time>
      <Position>
       <LatitudeDegrees>5.2340340</LatitudeDegrees>
       <LongitudeDegrees>100.4377880</LongitudeDegrees>
      </Position>
      <AltitudeMeters>5.3</AltitudeMeters>
      <DistanceMeters>4076.9</DistanceMeters>
      <HeartRateBpm>
       <Value>165</Value>
      </HeartRateBpm>
      <Extensions>
       <TPX xmlns="http://www.garmin.com/xmlschemas/ActivityExtension/v2">
        <Speed>2.4</Speed>
       </TPX>
      </Extensions>
     </Trackpoint>
     <Trackpoint>
      <Time>2026-08-08T11:27:40Z</Time>
      <Position>
       <LatitudeDegrees>5.2340260</LatitudeDegrees>
       <LongitudeDegrees>100.4377680</LongitudeDegrees>
      </Position>
      <AltitudeMeters>5.3</AltitudeMeters>
      <DistanceMeters>4079.2</DistanceMeters>
      <HeartRateBpm>
       <Value>169</Value>
      </HeartRateBpm>
      <Extensions>
       <TPX xmlns="http://www.garmin.com/xmlschemas/ActivityExtension/v2">
        <Speed>2.4</Speed>
       </TPX>
      </Extensions>
     </Trackpoint>
     <Trackpoint>
      <Time>2026-08-08T11:27:41Z</Time>
      <Position>
       <LatitudeDegrees>5.2340170</LatitudeDegrees>
       <LongitudeDegrees>100.4377450</LongitudeDegrees>
      </Position>
      <AltitudeMeters>5.3</AltitudeMeters>
      <DistanceMeters>4081.9</DistanceMeters>
      <HeartRateBpm>
       <Value>168</Value>
      </HeartRateBpm>
      <Extensions>
       <TPX xmlns="http://www.garmin.com/xmlschemas/ActivityExtension/v2">
        <Speed>2.5</Speed>
       </TPX>
      </Extensions>
     </Trackpoint>
     <Trackpoint>
      <Time>2026-08-08T11:27:42Z</Time>
      <Position>
       <LatitudeDegrees>5.2340100</LatitudeDegrees>
       <LongitudeDegrees>100.4377230</LongitudeDegrees>
      </Position>
      <AltitudeMeters>5.3</AltitudeMeters>
      <DistanceMeters>4084.4</DistanceMeters>
      <HeartRateBpm>
       <Value>166</Value>
      </HeartRateBpm>
      <Extensions>
       <TPX xmlns="http://www.garmin.com/xmlschemas/ActivityExtension/v2">
        <Speed>2.5</Speed>
       </TPX>
      </Extensions>
     </Trackpoint>
     <Trackpoint>
      <Time>2026-08-08T11:27:43Z</Time>
      <Position>
       <LatitudeDegrees>5.2340110</LatitudeDegrees>
       <LongitudeDegrees>100.4376980</LongitudeDegrees>
      </Position>
      <AltitudeMeters>5.4</AltitudeMeters>
      <DistanceMeters>4087.1</DistanceMeters>
      <HeartRateBpm>
       <Value>164</Value>
      </HeartRateBpm>
      <Extensions>
       <TPX xmlns="http://www.garmin.com/xmlschemas/ActivityExtension/v2">
        <Speed>2.6</Speed>
       </TPX>
      </Extensions>
     </Trackpoint>
     <Trackpoint>
      <Time>2026-08-08T11:27:44Z</Time>
      <Position>
       <LatitudeDegrees>5.2340120</LatitudeDegrees>
       <LongitudeDegrees>100.4376760</LongitudeDegrees>
      </Position>
      <AltitudeMeters>5.4</AltitudeMeters>
      <DistanceMeters>4089.6</DistanceMeters>
      <HeartRateBpm>
       <Value>163</Value>
      </HeartRateBpm>
      <Extensions>
       <TPX xmlns="http://www.garmin.com/xmlschemas/ActivityExtension/v2">
        <Speed>2.5</Speed>
       </TPX>
      </Extensions>
     </Trackpoint>
     <Trackpoint>
      <Time>2026-08-08T11:27:45Z</Time>
      <Position>
       <LatitudeDegrees>5.2340120</LatitudeDegrees>
       <LongitudeDegrees>100.4376530</LongitudeDegrees>
      </Position>
      <AltitudeMeters>5.4</AltitudeMeters>
      <DistanceMeters>4092.2</DistanceMeters>
      <HeartRateBpm>
       <Value>162</Value>
      </HeartRateBpm>
      <Extensions>
       <TPX xmlns="http://www.garmin.com/xmlschemas/ActivityExtension/v2">
        <Speed>2.6</Speed>
       </TPX>
      </Extensions>
     </Trackpoint>
     <Trackpoint>
      <Time>2026-08-08T11:27:46Z</Time>
      <Position>
       <LatitudeDegrees>5.2340100</LatitudeDegrees>
       <LongitudeDegrees>100.4376310</LongitudeDegrees>
      </Position>
      <AltitudeMeters>5.4</AltitudeMeters>
      <DistanceMeters>4094.6</DistanceMeters>
      <HeartRateBpm>
       <Value>162</Value>
      </HeartRateBpm>
      <Extensions>
       <TPX xmlns="http://www.garmin.com/xmlschemas/ActivityExtension/v2">
        <Speed>2.5</Speed>
       </TPX>
      </Extensions>
     </Trackpoint>
     <Trackpoint>
      <Time>2026-08-08T11:27:47Z</Time>
      <Position>
       <LatitudeDegrees>5.2340080</LatitudeDegrees>
       <LongitudeDegrees>100.4376070</LongitudeDegrees>
      </Position>
      <AltitudeMeters>5.4</AltitudeMeters>
      <DistanceMeters>4097.2</DistanceMeters>
      <HeartRateBpm>
       <Value>161</Value>
      </HeartRateBpm>
      <Extensions>
       <TPX xmlns="http://www.garmin.com/xmlschemas/ActivityExtension/v2">
        <Speed>2.6</Speed>
       </TPX>
      </Extensions>
     </Trackpoint>
     <Trackpoint>
      <Time>2026-08-08T11:27:48Z</Time>
      <Position>
       <LatitudeDegrees>5.2340030</LatitudeDegrees>
       <LongitudeDegrees>100.4375860</LongitudeDegrees>
      </Position>
      <AltitudeMeters>5.4</AltitudeMeters>
      <DistanceMeters>4099.6</DistanceMeters>
      <HeartRateBpm>
       <Value>161</Value>
      </HeartRateBpm>
      <Extensions>
       <TPX xmlns="http://www.garmin.com/xmlschemas/ActivityExtension/v2">
        <Speed>2.5</Speed>
       </TPX>
      </Extensions>
     </Trackpoint>
     <Trackpoint>
      <Time>2026-08-08T11:27:49Z</Time>
      <Position>
       <LatitudeDegrees>5.2339950</LatitudeDegrees>
       <LongitudeDegrees>100.4375660</LongitudeDegrees>
      </Position>
      <AltitudeMeters>5.4</AltitudeMeters>
      <DistanceMeters>4102.0</DistanceMeters>
      <HeartRateBpm>
       <Value>162</Value>
      </HeartRateBpm>
      <Extensions>
       <TPX xmlns="http://www.garmin.com/xmlschemas/ActivityExtension/v2">
        <Speed>2.5</Speed>
       </TPX>
      </Extensions>
     </Trackpoint>
     <Trackpoint>
      <Time>2026-08-08T11:27:50Z</Time>
      <Position>
       <LatitudeDegrees>5.2339890</LatitudeDegrees>
       <LongitudeDegrees>100.4375440</LongitudeDegrees>
      </Position>
      <AltitudeMeters>5.4</AltitudeMeters>
      <DistanceMeters>4104.5</DistanceMeters>
      <HeartRateBpm>
       <Value>162</Value>
      </HeartRateBpm>
      <Extensions>
       <TPX xmlns="http://www.garmin.com/xmlschemas/ActivityExtension/v2">
        <Speed>2.5</Speed>
       </TPX>
      </Extensions>
     </Trackpoint>
     <Trackpoint>
      <Time>2026-08-08T11:27:51Z</Time>
      <Position>
       <LatitudeDegrees>5.2339760</LatitudeDegrees>
       <LongitudeDegrees>100.4375170</LongitudeDegrees>
      </Position>
      <AltitudeMeters>5.4</AltitudeMeters>
      <DistanceMeters>4107.9</DistanceMeters>
      <HeartRateBpm>
       <Value>162</Value>
      </HeartRateBpm>
      <Extensions>
       <TPX xmlns="http://www.garmin.com/xmlschemas/ActivityExtension/v2">
        <Speed>2.7</Speed>
       </TPX>
      </Extensions>
     </Trackpoint>
     <Trackpoint>
      <Time>2026-08-08T11:27:52Z</Time>
      <Position>
       <LatitudeDegrees>5.2339710</LatitudeDegrees>
       <LongitudeDegrees>100.4375040</LongitudeDegrees>
      </Position>
      <AltitudeMeters>5.4</AltitudeMeters>
      <DistanceMeters>4107.9</DistanceMeters>
      <HeartRateBpm>
       <Value>159</Value>
      </HeartRateBpm>
      <Extensions>
       <TPX xmlns="http://www.garmin.com/xmlschemas/ActivityExtension/v2">
        <Speed>2.1</Speed>
       </TPX>
      </Extensions>
     </Trackpoint>
     <Trackpoint>
      <Time>2026-08-08T11:27:53Z</Time>
      <Position>
       <LatitudeDegrees>5.2339650</LatitudeDegrees>
       <LongitudeDegrees>100.4374830</LongitudeDegrees>
      </Position>
      <AltitudeMeters>5.4</AltitudeMeters>
      <DistanceMeters>4111.9</DistanceMeters>
      <HeartRateBpm>
       <Value>159</Value>
      </HeartRateBpm>
      <Extensions>
       <TPX xmlns="http://www.garmin.com/xmlschemas/ActivityExtension/v2">
        <Speed>2.5</Speed>
       </TPX>
      </Extensions>
     </Trackpoint>
     <Trackpoint>
      <Time>2026-08-08T11:27:54Z</Time>
      <Position>
       <LatitudeDegrees>5.2339640</LatitudeDegrees>
       <LongitudeDegrees>100.4374610</LongitudeDegrees>
      </Position>
      <AltitudeMeters>5.4</AltitudeMeters>
      <DistanceMeters>4114.3</DistanceMeters>
      <HeartRateBpm>
       <Value>155</Value>
      </HeartRateBpm>
      <Extensions>
       <TPX xmlns="http://www.garmin.com/xmlschemas/ActivityExtension/v2">
        <Speed>2.5</Speed>
       </TPX>
      </Extensions>
     </Trackpoint>
     <Trackpoint>
      <Time>2026-08-08T11:27:55Z</Time>
      <Position>
       <LatitudeDegrees>5.2339630</LatitudeDegrees>
       <LongitudeDegrees>100.4374390</LongitudeDegrees>
      </Position>
      <AltitudeMeters>5.4</AltitudeMeters>
      <DistanceMeters>4116.7</DistanceMeters>
      <HeartRateBpm>
       <Value>155</Value>
      </HeartRateBpm>
      <Extensions>
       <TPX xmlns="http://www.garmin.com/xmlschemas/ActivityExtension/v2">
        <Speed>2.4</Speed>
       </TPX>
      </Extensions>
     </Trackpoint>
     <Trackpoint>
      <Time>2026-08-08T11:27:56Z</Time>
      <Position>
       <LatitudeDegrees>5.2339600</LatitudeDegrees>
       <LongitudeDegrees>100.4374200</LongitudeDegrees>
      </Position>
      <AltitudeMeters>5.4</AltitudeMeters>
      <DistanceMeters>4116.7</DistanceMeters>
      <HeartRateBpm>
       <Value>155</Value>
      </HeartRateBpm>
      <Extensions>
       <TPX xmlns="http://www.garmin.com/xmlschemas/ActivityExtension/v2">
        <Speed>1.8</Speed>
       </TPX>
      </Extensions>
     </Trackpoint>
     <Trackpoint>
      <Time>2026-08-08T11:27:57Z</Time>
      <Position>
       <LatitudeDegrees>5.2339590</LatitudeDegrees>
       <LongitudeDegrees>100.4374050</LongitudeDegrees>
      </Position>
      <AltitudeMeters>5.4</AltitudeMeters>
      <DistanceMeters>4120.5</DistanceMeters>
      <HeartRateBpm>
       <Value>157</Value>
      </HeartRateBpm>
      <Extensions>
       <TPX xmlns="http://www.garmin.com/xmlschemas/ActivityExtension/v2">
        <Speed>2.5</Speed>
       </TPX>
      </Extensions>
     </Trackpoint>
     <Trackpoint>
      <Time>2026-08-08T11:27:58Z</Time>
      <Position>
       <LatitudeDegrees>5.2339590</LatitudeDegrees>
       <LongitudeDegrees>100.4373890</LongitudeDegrees>
      </Position>
      <AltitudeMeters>5.4</AltitudeMeters>
      <DistanceMeters>4120.5</DistanceMeters>
      <HeartRateBpm>
       <Value>158</Value>
      </HeartRateBpm>
      <Extensions>
       <TPX xmlns="http://www.garmin.com/xmlschemas/ActivityExtension/v2">
        <Speed>1.7</Speed>
       </TPX>
      </Extensions>
     </Trackpoint>
     <Trackpoint>
      <Time>2026-08-08T11:27:59Z</Time>
      <Position>
       <LatitudeDegrees>5.2339560</LatitudeDegrees>
       <LongitudeDegrees>100.4373700</LongitudeDegrees>
      </Position>
      <AltitudeMeters>5.4</AltitudeMeters>
      <DistanceMeters>4124.4</DistanceMeters>
      <HeartRateBpm>
       <Value>158</Value>
      </HeartRateBpm>
      <Extensions>
       <TPX xmlns="http://www.garmin.com/xmlschemas/ActivityExtension/v2">
        <Speed>2.0</Speed>
       </TPX>
      </Extensions>
     </Trackpoint>
     <Trackpoint>
      <Time>2026-08-08T11:28:00Z</Time>
      <Position>
       <LatitudeDegrees>5.2339480</LatitudeDegrees>
       <LongitudeDegrees>100.4373530</LongitudeDegrees>
      </Position>
      <AltitudeMeters>5.4</AltitudeMeters>
      <DistanceMeters>4126.5</DistanceMeters>
      <HeartRateBpm>
       <Value>158</Value>
      </HeartRateBpm>
      <Extensions>
       <TPX xmlns="http://www.garmin.com/xmlschemas/ActivityExtension/v2">
        <Speed>2.0</Speed>
       </TPX>
      </Extensions>
     </Trackpoint>
     <Trackpoint>
      <Time>2026-08-08T11:28:01Z</Time>
      <Position>
       <LatitudeDegrees>5.2339380</LatitudeDegrees>
       <LongitudeDegrees>100.4373340</LongitudeDegrees>
      </Position>
      <AltitudeMeters>5.4</AltitudeMeters>
      <DistanceMeters>4128.9</DistanceMeters>
      <HeartRateBpm>
       <Value>157</Value>
      </HeartRateBpm>
      <Extensions>
       <TPX xmlns="http://www.garmin.com/xmlschemas/ActivityExtension/v2">
        <Speed>2.4</Speed>
       </TPX>
      </Extensions>
     </Trackpoint>
     <Trackpoint>
      <Time>2026-08-08T11:28:02Z</Time>
      <Position>
       <LatitudeDegrees>5.2339310</LatitudeDegrees>
       <LongitudeDegrees>100.4373220</LongitudeDegrees>
      </Position>
      <AltitudeMeters>5.4</AltitudeMeters>
      <DistanceMeters>4128.9</DistanceMeters>
      <HeartRateBpm>
       <Value>157</Value>
      </HeartRateBpm>
      <Extensions>
       <TPX xmlns="http://www.garmin.com/xmlschemas/ActivityExtension/v2">
        <Speed>1.7</Speed>
       </TPX>
      </Extensions>
     </Trackpoint>
     <Trackpoint>
      <Time>2026-08-08T11:28:03Z</Time>
      <Position>
       <LatitudeDegrees>5.2339270</LatitudeDegrees>
       <LongitudeDegrees>100.4373080</LongitudeDegrees>
      </Position>
      <AltitudeMeters>5.4</AltitudeMeters>
      <DistanceMeters>4132.0</DistanceMeters>
      <HeartRateBpm>
       <Value>158</Value>
      </HeartRateBpm>
      <Extensions>
       <TPX xmlns="http://www.garmin.com/xmlschemas/ActivityExtension/v2">
        <Speed>2.3</Speed>
       </TPX>
      </Extensions>
     </Trackpoint>
     <Trackpoint>
      <Time>2026-08-08T11:28:04Z</Time>
      <Position>
       <LatitudeDegrees>5.2339220</LatitudeDegrees>
       <LongitudeDegrees>100.4372900</LongitudeDegrees>
      </Position>
      <AltitudeMeters>5.4</AltitudeMeters>
      <DistanceMeters>4132.0</DistanceMeters>
      <HeartRateBpm>
       <Value>158</Value>
      </HeartRateBpm>
      <Extensions>
       <TPX xmlns="http://www.garmin.com/xmlschemas/ActivityExtension/v2">
        <Speed>1.5</Speed>
       </TPX>
      </Extensions>
     </Trackpoint>
     <Trackpoint>
      <Time>2026-08-08T11:28:05Z</Time>
      <Position>
       <LatitudeDegrees>5.2339180</LatitudeDegrees>
       <LongitudeDegrees>100.4372730</LongitudeDegrees>
      </Position>
      <AltitudeMeters>5.4</AltitudeMeters>
      <DistanceMeters>4136.0</DistanceMeters>
      <HeartRateBpm>
       <Value>159</Value>
      </HeartRateBpm>
      <Extensions>
       <TPX xmlns="http://www.garmin.com/xmlschemas/ActivityExtension/v2">
        <Speed>1.9</Speed>
       </TPX>
      </Extensions>
     </Trackpoint>
     <Trackpoint>
      <Time>2026-08-08T11:28:06Z</Time>
      <Position>
       <LatitudeDegrees>5.2339120</LatitudeDegrees>
       <LongitudeDegrees>100.4372540</LongitudeDegrees>
      </Position>
      <AltitudeMeters>5.4</AltitudeMeters>
      <DistanceMeters>4138.2</DistanceMeters>
      <HeartRateBpm>
       <Value>161</Value>
      </HeartRateBpm>
      <Extensions>
       <TPX xmlns="http://www.garmin.com/xmlschemas/ActivityExtension/v2">
        <Speed>1.9</Speed>
       </TPX>
      </Extensions>
     </Trackpoint>
     <Trackpoint>
      <Time>2026-08-08T11:28:07Z</Time>
      <Position>
       <LatitudeDegrees>5.2339040</LatitudeDegrees>
       <LongitudeDegrees>100.4372350</LongitudeDegrees>
      </Position>
      <AltitudeMeters>5.4</AltitudeMeters>
      <DistanceMeters>4140.5</DistanceMeters>
      <HeartRateBpm>
       <Value>162</Value>
      </HeartRateBpm>
      <Extensions>
       <TPX xmlns="http://www.garmin.com/xmlschemas/ActivityExtension/v2">
        <Speed>2.3</Speed>
       </TPX>
      </Extensions>
     </Trackpoint>
     <Trackpoint>
      <Time>2026-08-08T11:28:08Z</Time>
      <Position>
       <LatitudeDegrees>5.2338960</LatitudeDegrees>
       <LongitudeDegrees>100.4372160</LongitudeDegrees>
      </Position>
      <AltitudeMeters>5.4</AltitudeMeters>
      <DistanceMeters>4142.8</DistanceMeters>
      <HeartRateBpm>
       <Value>163</Value>
      </HeartRateBpm>
      <Extensions>
       <TPX xmlns="http://www.garmin.com/xmlschemas/ActivityExtension/v2">
        <Speed>2.2</Speed>
       </TPX>
      </Extensions>
     </Trackpoint>
     <Trackpoint>
      <Time>2026-08-08T11:28:09Z</Time>
      <Position>
       <LatitudeDegrees>5.2338880</LatitudeDegrees>
       <LongitudeDegrees>100.4371960</LongitudeDegrees>
      </Position>
      <AltitudeMeters>5.4</AltitudeMeters>
      <DistanceMeters>4145.1</DistanceMeters>
      <HeartRateBpm>
       <Value>162</Value>
      </HeartRateBpm>
      <Extensions>
       <TPX xmlns="http://www.garmin.com/xmlschemas/ActivityExtension/v2">
        <Speed>2.6</Speed>
       </TPX>
      </Extensions>
     </Trackpoint>
     <Trackpoint>
      <Time>2026-08-08T11:28:10Z</Time>
      <Position>
       <LatitudeDegrees>5.2338830</LatitudeDegrees>
       <LongitudeDegrees>100.4371780</LongitudeDegrees>
      </Position>
      <AltitudeMeters>5.4</AltitudeMeters>
      <DistanceMeters>4147.2</DistanceMeters>
      <HeartRateBpm>
       <Value>161</Value>
      </HeartRateBpm>
      <Extensions>
       <TPX xmlns="http://www.garmin.com/xmlschemas/ActivityExtension/v2">
        <Speed>2.2</Speed>
       </TPX>
      </Extensions>
     </Trackpoint>
     <Trackpoint>
      <Time>2026-08-08T11:28:11Z</Time>
      <Position>
       <LatitudeDegrees>5.2338780</LatitudeDegrees>
       <LongitudeDegrees>100.4371580</LongitudeDegrees>
      </Position>
      <AltitudeMeters>5.4</AltitudeMeters>
      <DistanceMeters>4149.5</DistanceMeters>
      <HeartRateBpm>
       <Value>161</Value>
      </HeartRateBpm>
      <Extensions>
       <TPX xmlns="http://www.garmin.com/xmlschemas/ActivityExtension/v2">
        <Speed>2.3</Speed>
       </TPX>
      </Extensions>
     </Trackpoint>
     <Trackpoint>
      <Time>2026-08-08T11:28:12Z</Time>
      <Position>
       <LatitudeDegrees>5.2338700</LatitudeDegrees>
       <LongitudeDegrees>100.4371370</LongitudeDegrees>
      </Position>
      <AltitudeMeters>5.4</AltitudeMeters>
      <DistanceMeters>4152.0</DistanceMeters>
      <HeartRateBpm>
       <Value>161</Value>
      </HeartRateBpm>
      <Extensions>
       <TPX xmlns="http://www.garmin.com/xmlschemas/ActivityExtension/v2">
        <Speed>2.3</Speed>
       </TPX>
      </Extensions>
     </Trackpoint>
     <Trackpoint>
      <Time>2026-08-08T11:28:13Z</Time>
      <Position>
       <LatitudeDegrees>5.2338640</LatitudeDegrees>
       <LongitudeDegrees>100.4371170</LongitudeDegrees>
      </Position>
      <AltitudeMeters>5.4</AltitudeMeters>
      <DistanceMeters>4154.3</DistanceMeters>
      <HeartRateBpm>
       <Value>161</Value>
      </HeartRateBpm>
      <Extensions>
       <TPX xmlns="http://www.garmin.com/xmlschemas/ActivityExtension/v2">
        <Speed>2.3</Speed>
       </TPX>
      </Extensions>
     </Trackpoint>
     <Trackpoint>
      <Time>2026-08-08T11:28:14Z</Time>
      <Position>
       <LatitudeDegrees>5.2338580</LatitudeDegrees>
       <LongitudeDegrees>100.4370950</LongitudeDegrees>
      </Position>
      <AltitudeMeters>5.4</AltitudeMeters>
      <DistanceMeters>4156.8</DistanceMeters>
      <HeartRateBpm>
       <Value>161</Value>
      </HeartRateBpm>
      <Extensions>
       <TPX xmlns="http://www.garmin.com/xmlschemas/ActivityExtension/v2">
        <Speed>2.3</Speed>
       </TPX>
      </Extensions>
     </Trackpoint>
     <Trackpoint>
      <Time>2026-08-08T11:28:15Z</Time>
      <Position>
       <LatitudeDegrees>5.2338550</LatitudeDegrees>
       <LongitudeDegrees>100.4370740</LongitudeDegrees>
      </Position>
      <AltitudeMeters>5.4</AltitudeMeters>
      <DistanceMeters>4159.1</DistanceMeters>
      <HeartRateBpm>
       <Value>161</Value>
      </HeartRateBpm>
      <Extensions>
       <TPX xmlns="http://www.garmin.com/xmlschemas/ActivityExtension/v2">
        <Speed>2.4</Speed>
       </TPX>
      </Extensions>
     </Trackpoint>
     <Trackpoint>
      <Time>2026-08-08T11:28:16Z</Time>
      <Position>
       <LatitudeDegrees>5.2338540</LatitudeDegrees>
       <LongitudeDegrees>100.4370520</LongitudeDegrees>
      </Position>
      <AltitudeMeters>5.4</AltitudeMeters>
      <DistanceMeters>4161.5</DistanceMeters>
      <HeartRateBpm>
       <Value>161</Value>
      </HeartRateBpm>
      <Extensions>
       <TPX xmlns="http://www.garmin.com/xmlschemas/ActivityExtension/v2">
        <Speed>2.4</Speed>
       </TPX>
      </Extensions>
     </Trackpoint>
     <Trackpoint>
      <Time>2026-08-08T11:28:17Z</Time>
      <Position>
       <LatitudeDegrees>5.2338530</LatitudeDegrees>
       <LongitudeDegrees>100.4370290</LongitudeDegrees>
      </Position>
      <AltitudeMeters>5.4</AltitudeMeters>
      <DistanceMeters>4164.1</DistanceMeters>
      <HeartRateBpm>
       <Value>161</Value>
      </HeartRateBpm>
      <Extensions>
       <TPX xmlns="http://www.garmin.com/xmlschemas/ActivityExtension/v2">
        <Speed>2.4</Speed>
       </TPX>
      </Extensions>
     </Trackpoint>
     <Trackpoint>
      <Time>2026-08-08T11:28:18Z</Time>
      <Position>
       <LatitudeDegrees>5.2338520</LatitudeDegrees>
       <LongitudeDegrees>100.4370070</LongitudeDegrees>
      </Position>
      <AltitudeMeters>5.4</AltitudeMeters>
      <DistanceMeters>4166.6</DistanceMeters>
      <HeartRateBpm>
       <Value>161</Value>
      </HeartRateBpm>
      <Extensions>
       <TPX xmlns="http://www.garmin.com/xmlschemas/ActivityExtension/v2">
        <Speed>2.5</Speed>
       </TPX>
      </Extensions>
     </Trackpoint>
     <Trackpoint>
      <Time>2026-08-08T11:28:19Z</Time>
      <Position>
       <LatitudeDegrees>5.2338510</LatitudeDegrees>
       <LongitudeDegrees>100.4369860</LongitudeDegrees>
      </Position>
      <AltitudeMeters>5.4</AltitudeMeters>
      <DistanceMeters>4168.9</DistanceMeters>
      <HeartRateBpm>
       <Value>161</Value>
      </HeartRateBpm>
      <Extensions>
       <TPX xmlns="http://www.garmin.com/xmlschemas/ActivityExtension/v2">
        <Speed>2.4</Speed>
       </TPX>
      </Extensions>
     </Trackpoint>
     <Trackpoint>
      <Time>2026-08-08T11:28:20Z</Time>
      <Position>
       <LatitudeDegrees>5.2338510</LatitudeDegrees>
       <LongitudeDegrees>100.4369640</LongitudeDegrees>
      </Position>
      <AltitudeMeters>5.4</AltitudeMeters>
      <DistanceMeters>4171.4</DistanceMeters>
      <HeartRateBpm>
       <Value>161</Value>
      </HeartRateBpm>
      <Extensions>
       <TPX xmlns="http://www.garmin.com/xmlschemas/ActivityExtension/v2">
        <Speed>2.5</Speed>
       </TPX>
      </Extensions>
     </Trackpoint>
     <Trackpoint>
      <Time>2026-08-08T11:28:21Z</Time>
      <Position>
       <LatitudeDegrees>5.2338490</LatitudeDegrees>
       <LongitudeDegrees>100.4369440</LongitudeDegrees>
      </Position>
      <AltitudeMeters>5.4</AltitudeMeters>
      <DistanceMeters>4173.6</DistanceMeters>
      <HeartRateBpm>
       <Value>160</Value>
      </HeartRateBpm>
      <Extensions>
       <TPX xmlns="http://www.garmin.com/xmlschemas/ActivityExtension/v2">
        <Speed>2.4</Speed>
       </TPX>
      </Extensions>
     </Trackpoint>
     <Trackpoint>
      <Time>2026-08-08T11:28:22Z</Time>
      <Position>
       <LatitudeDegrees>5.2338440</LatitudeDegrees>
       <LongitudeDegrees>100.4369240</LongitudeDegrees>
      </Position>
      <AltitudeMeters>5.4</AltitudeMeters>
      <DistanceMeters>4175.8</DistanceMeters>
      <HeartRateBpm>
       <Value>160</Value>
      </HeartRateBpm>
      <Extensions>
       <TPX xmlns="http://www.garmin.com/xmlschemas/ActivityExtension/v2">
        <Speed>2.3</Speed>
       </TPX>
      </Extensions>
     </Trackpoint>
     <Trackpoint>
      <Time>2026-08-08T11:28:23Z</Time>
      <Position>
       <LatitudeDegrees>5.2338390</LatitudeDegrees>
       <LongitudeDegrees>100.4369030</LongitudeDegrees>
      </Position>
      <AltitudeMeters>5.4</AltitudeMeters>
      <DistanceMeters>4178.2</DistanceMeters>
      <HeartRateBpm>
       <Value>160</Value>
      </HeartRateBpm>
      <Extensions>
       <TPX xmlns="http://www.garmin.com/xmlschemas/ActivityExtension/v2">
        <Speed>2.3</Speed>
       </TPX>
      </Extensions>
     </Trackpoint>
     <Trackpoint>
      <Time>2026-08-08T11:28:24Z</Time>
      <Position>
       <LatitudeDegrees>5.2338360</LatitudeDegrees>
       <LongitudeDegrees>100.4368810</LongitudeDegrees>
      </Position>
      <AltitudeMeters>5.4</AltitudeMeters>
      <DistanceMeters>4180.6</DistanceMeters>
      <HeartRateBpm>
       <Value>159</Value>
      </HeartRateBpm>
      <Extensions>
       <TPX xmlns="http://www.garmin.com/xmlschemas/ActivityExtension/v2">
        <Speed>2.3</Speed>
       </TPX>
      </Extensions>
     </Trackpoint>
     <Trackpoint>
      <Time>2026-08-08T11:28:25Z</Time>
      <Position>
       <LatitudeDegrees>5.2338400</LatitudeDegrees>
       <LongitudeDegrees>100.4368590</LongitudeDegrees>
      </Position>
      <AltitudeMeters>5.4</AltitudeMeters>
      <DistanceMeters>4183.0</DistanceMeters>
      <HeartRateBpm>
       <Value>159</Value>
      </HeartRateBpm>
      <Extensions>
       <TPX xmlns="http://www.garmin.com/xmlschemas/ActivityExtension/v2">
        <Speed>2.3</Speed>
       </TPX>
      </Extensions>
     </Trackpoint>
     <Trackpoint>
      <Time>2026-08-08T11:28:26Z</Time>
      <Position>
       <LatitudeDegrees>5.2338460</LatitudeDegrees>
       <LongitudeDegrees>100.4368380</LongitudeDegrees>
      </Position>
      <AltitudeMeters>5.5</AltitudeMeters>
      <DistanceMeters>4185.5</DistanceMeters>
      <HeartRateBpm>
       <Value>158</Value>
      </HeartRateBpm>
      <Extensions>
       <TPX xmlns="http://www.garmin.com/xmlschemas/ActivityExtension/v2">
        <Speed>2.4</Speed>
       </TPX>
      </Extensions>
     </Trackpoint>
     <Trackpoint>
      <Time>2026-08-08T11:28:27Z</Time>
      <Position>
       <LatitudeDegrees>5.2338500</LatitudeDegrees>
       <LongitudeDegrees>100.4368200</LongitudeDegrees>
      </Position>
      <AltitudeMeters>5.5</AltitudeMeters>
      <DistanceMeters>4187.6</DistanceMeters>
      <HeartRateBpm>
       <Value>157</Value>
      </HeartRateBpm>
      <Extensions>
       <TPX xmlns="http://www.garmin.com/xmlschemas/ActivityExtension/v2">
        <Speed>2.4</Speed>
       </TPX>
      </Extensions>
     </Trackpoint>
     <Trackpoint>
      <Time>2026-08-08T11:28:28Z</Time>
      <Position>
       <LatitudeDegrees>5.2338440</LatitudeDegrees>
       <LongitudeDegrees>100.4367980</LongitudeDegrees>
      </Position>
      <AltitudeMeters>5.5</AltitudeMeters>
      <DistanceMeters>4190.1</DistanceMeters>
      <HeartRateBpm>
       <Value>157</Value>
      </HeartRateBpm>
      <Extensions>
       <TPX xmlns="http://www.garmin.com/xmlschemas/ActivityExtension/v2">
        <Speed>2.4</Speed>
       </TPX>
      </Extensions>
     </Trackpoint>
     <Trackpoint>
      <Time>2026-08-08T11:28:29Z</Time>
      <Position>
       <LatitudeDegrees>5.2338360</LatitudeDegrees>
       <LongitudeDegrees>100.4367780</LongitudeDegrees>
      </Position>
      <AltitudeMeters>5.5</AltitudeMeters>
      <DistanceMeters>4192.5</DistanceMeters>
      <HeartRateBpm>
       <Value>157</Value>
      </HeartRateBpm>
      <Extensions>
       <TPX xmlns="http://www.garmin.com/xmlschemas/ActivityExtension/v2">
        <Speed>2.4</Speed>
       </TPX>
      </Extensions>
     </Trackpoint>
     <Trackpoint>
      <Time>2026-08-08T11:28:30Z</Time>
      <Position>
       <LatitudeDegrees>5.2338260</LatitudeDegrees>
       <LongitudeDegrees>100.4367610</LongitudeDegrees>
      </Position>
      <AltitudeMeters>5.5</AltitudeMeters>
      <DistanceMeters>4194.7</DistanceMeters>
      <HeartRateBpm>
       <Value>156</Value>
      </HeartRateBpm>
      <Extensions>
       <TPX xmlns="http://www.garmin.com/xmlschemas/ActivityExtension/v2">
        <Speed>2.3</Speed>
       </TPX>
      </Extensions>
     </Trackpoint>
     <Trackpoint>
      <Time>2026-08-08T11:28:31Z</Time>
      <Position>
       <LatitudeDegrees>5.2338150</LatitudeDegrees>
       <LongitudeDegrees>100.4367400</LongitudeDegrees>
      </Position>
      <AltitudeMeters>5.5</AltitudeMeters>
      <DistanceMeters>4197.3</DistanceMeters>
      <HeartRateBpm>
       <Value>156</Value>
      </HeartRateBpm>
      <Extensions>
       <TPX xmlns="http://www.garmin.com/xmlschemas/ActivityExtension/v2">
        <Speed>2.4</Speed>
       </TPX>
      </Extensions>
     </Trackpoint>
     <Trackpoint>
      <Time>2026-08-08T11:28:32Z</Time>
      <Position>
       <LatitudeDegrees>5.2338040</LatitudeDegrees>
       <LongitudeDegrees>100.4367170</LongitudeDegrees>
      </Position>
      <AltitudeMeters>5.5</AltitudeMeters>
      <DistanceMeters>4200.0</DistanceMeters>
      <HeartRateBpm>
       <Value>156</Value>
      </HeartRateBpm>
      <Extensions>
       <TPX xmlns="http://www.garmin.com/xmlschemas/ActivityExtension/v2">
        <Speed>2.5</Speed>
       </TPX>
      </Extensions>
     </Trackpoint>
     <Trackpoint>
      <Time>2026-08-08T11:28:33Z</Time>
      <Position>
       <LatitudeDegrees>5.2338020</LatitudeDegrees>
       <LongitudeDegrees>100.4366960</LongitudeDegrees>
      </Position>
      <AltitudeMeters>5.5</AltitudeMeters>
      <DistanceMeters>4202.3</DistanceMeters>
      <HeartRateBpm>
       <Value>155</Value>
      </HeartRateBpm>
      <Extensions>
       <TPX xmlns="http://www.garmin.com/xmlschemas/ActivityExtension/v2">
        <Speed>2.4</Speed>
       </TPX>
      </Extensions>
     </Trackpoint>
     <Trackpoint>
      <Time>2026-08-08T11:28:34Z</Time>
      <Position>
       <LatitudeDegrees>5.2338030</LatitudeDegrees>
       <LongitudeDegrees>100.4366740</LongitudeDegrees>
      </Position>
      <AltitudeMeters>5.5</AltitudeMeters>
      <DistanceMeters>4204.7</DistanceMeters>
      <HeartRateBpm>
       <Value>156</Value>
      </HeartRateBpm>
      <Extensions>
       <TPX xmlns="http://www.garmin.com/xmlschemas/ActivityExtension/v2">
        <Speed>2.4</Speed>
       </TPX>
      </Extensions>
     </Trackpoint>
     <Trackpoint>
      <Time>2026-08-08T11:28:35Z</Time>
      <Position>
       <LatitudeDegrees>5.2338020</LatitudeDegrees>
       <LongitudeDegrees>100.4366510</LongitudeDegrees>
      </Position>
      <AltitudeMeters>5.5</AltitudeMeters>
      <DistanceMeters>4207.3</DistanceMeters>
      <HeartRateBpm>
       <Value>156</Value>
      </HeartRateBpm>
      <Extensions>
       <TPX xmlns="http://www.garmin.com/xmlschemas/ActivityExtension/v2">
        <Speed>2.5</Speed>
       </TPX>
      </Extensions>
     </Trackpoint>
     <Trackpoint>
      <Time>2026-08-08T11:28:36Z</Time>
      <Position>
       <LatitudeDegrees>5.2337940</LatitudeDegrees>
       <LongitudeDegrees>100.4366300</LongitudeDegrees>
      </Position>
      <AltitudeMeters>5.5</AltitudeMeters>
      <DistanceMeters>4209.8</DistanceMeters>
      <HeartRateBpm>
       <Value>157</Value>
      </HeartRateBpm>
      <Extensions>
       <TPX xmlns="http://www.garmin.com/xmlschemas/ActivityExtension/v2">
        <Speed>2.5</Speed>
       </TPX>
      </Extensions>
     </Trackpoint>
     <Trackpoint>
      <Time>2026-08-08T11:28:37Z</Time>
      <Position>
       <LatitudeDegrees>5.2337860</LatitudeDegrees>
       <LongitudeDegrees>100.4366090</LongitudeDegrees>
      </Position>
      <AltitudeMeters>5.5</AltitudeMeters>
      <DistanceMeters>4212.3</DistanceMeters>
      <HeartRateBpm>
       <Value>156</Value>
      </HeartRateBpm>
      <Extensions>
       <TPX xmlns="http://www.garmin.com/xmlschemas/ActivityExtension/v2">
        <Speed>2.5</Speed>
       </TPX>
      </Extensions>
     </Trackpoint>
     <Trackpoint>
      <Time>2026-08-08T11:28:38Z</Time>
      <Position>
       <LatitudeDegrees>5.2337770</LatitudeDegrees>
       <LongitudeDegrees>100.4365890</LongitudeDegrees>
      </Position>
      <AltitudeMeters>5.5</AltitudeMeters>
      <DistanceMeters>4214.7</DistanceMeters>
      <HeartRateBpm>
       <Value>157</Value>
      </HeartRateBpm>
      <Extensions>
       <TPX xmlns="http://www.garmin.com/xmlschemas/ActivityExtension/v2">
        <Speed>2.5</Speed>
       </TPX>
      </Extensions>
     </Trackpoint>
     <Trackpoint>
      <Time>2026-08-08T11:28:39Z</Time>
      <Position>
       <LatitudeDegrees>5.2337740</LatitudeDegrees>
       <LongitudeDegrees>100.4365680</LongitudeDegrees>
      </Position>
      <AltitudeMeters>5.5</AltitudeMeters>
      <DistanceMeters>4217.1</DistanceMeters>
      <HeartRateBpm>
       <Value>157</Value>
      </HeartRateBpm>
      <Extensions>
       <TPX xmlns="http://www.garmin.com/xmlschemas/ActivityExtension/v2">
        <Speed>2.5</Speed>
       </TPX>
      </Extensions>
     </Trackpoint>
     <Trackpoint>
      <Time>2026-08-08T11:28:40Z</Time>
      <Position>
       <LatitudeDegrees>5.2337710</LatitudeDegrees>
       <LongitudeDegrees>100.4365470</LongitudeDegrees>
      </Position>
      <AltitudeMeters>5.5</AltitudeMeters>
      <DistanceMeters>4219.4</DistanceMeters>
      <HeartRateBpm>
       <Value>157</Value>
      </HeartRateBpm>
      <Extensions>
       <TPX xmlns="http://www.garmin.com/xmlschemas/ActivityExtension/v2">
        <Speed>2.4</Speed>
       </TPX>
      </Extensions>
     </Trackpoint>
     <Trackpoint>
      <Time>2026-08-08T11:28:41Z</Time>
      <Position>
       <LatitudeDegrees>5.2337660</LatitudeDegrees>
       <LongitudeDegrees>100.4365270</LongitudeDegrees>
      </Position>
      <AltitudeMeters>5.5</AltitudeMeters>
      <DistanceMeters>4221.7</DistanceMeters>
      <HeartRateBpm>
       <Value>158</Value>
      </HeartRateBpm>
      <Extensions>
       <TPX xmlns="http://www.garmin.com/xmlschemas/ActivityExtension/v2">
        <Speed>2.4</Speed>
       </TPX>
      </Extensions>
     </Trackpoint>
     <Trackpoint>
      <Time>2026-08-08T11:28:42Z</Time>
      <Position>
       <LatitudeDegrees>5.2337630</LatitudeDegrees>
       <LongitudeDegrees>100.4365040</LongitudeDegrees>
      </Position>
      <AltitudeMeters>5.5</AltitudeMeters>
      <DistanceMeters>4224.3</DistanceMeters>
      <HeartRateBpm>
       <Value>158</Value>
      </HeartRateBpm>
      <Extensions>
       <TPX xmlns="http://www.garmin.com/xmlschemas/ActivityExtension/v2">
        <Speed>2.4</Speed>
       </TPX>
      </Extensions>
     </Trackpoint>
     <Trackpoint>
      <Time>2026-08-08T11:28:43Z</Time>
      <Position>
       <LatitudeDegrees>5.2337590</LatitudeDegrees>
       <LongitudeDegrees>100.4364830</LongitudeDegrees>
      </Position>
      <AltitudeMeters>5.5</AltitudeMeters>
      <DistanceMeters>4226.6</DistanceMeters>
      <HeartRateBpm>
       <Value>159</Value>
      </HeartRateBpm>
      <Extensions>
       <TPX xmlns="http://www.garmin.com/xmlschemas/ActivityExtension/v2">
        <Speed>2.4</Speed>
       </TPX>
      </Extensions>
     </Trackpoint>
     <Trackpoint>
      <Time>2026-08-08T11:28:44Z</Time>
      <Position>
       <LatitudeDegrees>5.2337540</LatitudeDegrees>
       <LongitudeDegrees>100.4364640</LongitudeDegrees>
      </Position>
      <AltitudeMeters>5.5</AltitudeMeters>
      <DistanceMeters>4228.8</DistanceMeters>
      <HeartRateBpm>
       <Value>158</Value>
      </HeartRateBpm>
      <Extensions>
       <TPX xmlns="http://www.garmin.com/xmlschemas/ActivityExtension/v2">
        <Speed>2.3</Speed>
       </TPX>
      </Extensions>
     </Trackpoint>
     <Trackpoint>
      <Time>2026-08-08T11:28:45Z</Time>
      <Position>
       <LatitudeDegrees>5.2337520</LatitudeDegrees>
       <LongitudeDegrees>100.4364440</LongitudeDegrees>
      </Position>
      <AltitudeMeters>5.5</AltitudeMeters>
      <DistanceMeters>4231.0</DistanceMeters>
      <HeartRateBpm>
       <Value>158</Value>
      </HeartRateBpm>
      <Extensions>
       <TPX xmlns="http://www.garmin.com/xmlschemas/ActivityExtension/v2">
        <Speed>2.3</Speed>
       </TPX>
      </Extensions>
     </Trackpoint>
     <Trackpoint>
      <Time>2026-08-08T11:28:46Z</Time>
      <Position>
       <LatitudeDegrees>5.2337480</LatitudeDegrees>
       <LongitudeDegrees>100.4364240</LongitudeDegrees>
      </Position>
      <AltitudeMeters>5.5</AltitudeMeters>
      <DistanceMeters>4233.3</DistanceMeters>
      <HeartRateBpm>
       <Value>158</Value>
      </HeartRateBpm>
      <Extensions>
       <TPX xmlns="http://www.garmin.com/xmlschemas/ActivityExtension/v2">
        <Speed>2.3</Speed>
       </TPX>
      </Extensions>
     </Trackpoint>
     <Trackpoint>
      <Time>2026-08-08T11:28:47Z</Time>
      <Position>
       <LatitudeDegrees>5.2337450</LatitudeDegrees>
       <LongitudeDegrees>100.4364030</LongitudeDegrees>
      </Position>
      <AltitudeMeters>5.5</AltitudeMeters>
      <DistanceMeters>4235.6</DistanceMeters>
      <HeartRateBpm>
       <Value>158</Value>
      </HeartRateBpm>
      <Extensions>
       <TPX xmlns="http://www.garmin.com/xmlschemas/ActivityExtension/v2">
        <Speed>2.3</Speed>
       </TPX>
      </Extensions>
     </Trackpoint>
     <Trackpoint>
      <Time>2026-08-08T11:28:48Z</Time>
      <Position>
       <LatitudeDegrees>5.2337410</LatitudeDegrees>
       <LongitudeDegrees>100.4363830</LongitudeDegrees>
      </Position>
      <AltitudeMeters>5.5</AltitudeMeters>
      <DistanceMeters>4237.9</DistanceMeters>
      <HeartRateBpm>
       <Value>156</Value>
      </HeartRateBpm>
      <Extensions>
       <TPX xmlns="http://www.garmin.com/xmlschemas/ActivityExtension/v2">
        <Speed>2.3</Speed>
       </TPX>
      </Extensions>
     </Trackpoint>
     <Trackpoint>
      <Time>2026-08-08T11:28:49Z</Time>
      <Position>
       <LatitudeDegrees>5.2337370</LatitudeDegrees>
       <LongitudeDegrees>100.4363640</LongitudeDegrees>
      </Position>
      <AltitudeMeters>5.5</AltitudeMeters>
      <DistanceMeters>4240.0</DistanceMeters>
      <HeartRateBpm>
       <Value>156</Value>
      </HeartRateBpm>
      <Extensions>
       <TPX xmlns="http://www.garmin.com/xmlschemas/ActivityExtension/v2">
        <Speed>2.2</Speed>
       </TPX>
      </Extensions>
     </Trackpoint>
     <Trackpoint>
      <Time>2026-08-08T11:28:50Z</Time>
      <Position>
       <LatitudeDegrees>5.2337330</LatitudeDegrees>
       <LongitudeDegrees>100.4363430</LongitudeDegrees>
      </Position>
      <AltitudeMeters>5.5</AltitudeMeters>
      <DistanceMeters>4242.4</DistanceMeters>
      <HeartRateBpm>
       <Value>156</Value>
      </HeartRateBpm>
      <Extensions>
       <TPX xmlns="http://www.garmin.com/xmlschemas/ActivityExtension/v2">
        <Speed>2.3</Speed>
       </TPX>
      </Extensions>
     </Trackpoint>
     <Trackpoint>
      <Time>2026-08-08T11:28:51Z</Time>
      <Position>
       <LatitudeDegrees>5.2337280</LatitudeDegrees>
       <LongitudeDegrees>100.4363220</LongitudeDegrees>
      </Position>
      <AltitudeMeters>5.5</AltitudeMeters>
      <DistanceMeters>4244.8</DistanceMeters>
      <HeartRateBpm>
       <Value>154</Value>
      </HeartRateBpm>
      <Extensions>
       <TPX xmlns="http://www.garmin.com/xmlschemas/ActivityExtension/v2">
        <Speed>2.3</Speed>
       </TPX>
      </Extensions>
     </Trackpoint>
     <Trackpoint>
      <Time>2026-08-08T11:28:52Z</Time>
      <Position>
       <LatitudeDegrees>5.2337220</LatitudeDegrees>
       <LongitudeDegrees>100.4362920</LongitudeDegrees>
      </Position>
      <AltitudeMeters>5.5</AltitudeMeters>
      <DistanceMeters>4248.2</DistanceMeters>
      <HeartRateBpm>
       <Value>154</Value>
      </HeartRateBpm>
      <Extensions>
       <TPX xmlns="http://www.garmin.com/xmlschemas/ActivityExtension/v2">
        <Speed>2.5</Speed>
       </TPX>
      </Extensions>
     </Trackpoint>
     <Trackpoint>
      <Time>2026-08-08T11:28:53Z</Time>
      <Position>
       <LatitudeDegrees>5.2337210</LatitudeDegrees>
       <LongitudeDegrees>100.4362790</LongitudeDegrees>
      </Position>
      <AltitudeMeters>5.5</AltitudeMeters>
      <DistanceMeters>4248.2</DistanceMeters>
      <HeartRateBpm>
       <Value>157</Value>
      </HeartRateBpm>
      <Extensions>
       <TPX xmlns="http://www.garmin.com/xmlschemas/ActivityExtension/v2">
        <Speed>2.1</Speed>
       </TPX>
      </Extensions>
     </Trackpoint>
     <Trackpoint>
      <Time>2026-08-08T11:28:54Z</Time>
      <Position>
       <LatitudeDegrees>5.2337190</LatitudeDegrees>
       <LongitudeDegrees>100.4362590</LongitudeDegrees>
      </Position>
      <AltitudeMeters>5.5</AltitudeMeters>
      <DistanceMeters>4251.8</DistanceMeters>
      <HeartRateBpm>
       <Value>159</Value>
      </HeartRateBpm>
      <Extensions>
       <TPX xmlns="http://www.garmin.com/xmlschemas/ActivityExtension/v2">
        <Speed>2.4</Speed>
       </TPX>
      </Extensions>
     </Trackpoint>
     <Trackpoint>
      <Time>2026-08-08T11:28:55Z</Time>
      <Position>
       <LatitudeDegrees>5.2337160</LatitudeDegrees>
       <LongitudeDegrees>100.4362390</LongitudeDegrees>
      </Position>
      <AltitudeMeters>5.5</AltitudeMeters>
      <DistanceMeters>4254.0</DistanceMeters>
      <HeartRateBpm>
       <Value>159</Value>
      </HeartRateBpm>
      <Extensions>
       <TPX xmlns="http://www.garmin.com/xmlschemas/ActivityExtension/v2">
        <Speed>2.3</Speed>
       </TPX>
      </Extensions>
     </Trackpoint>
     <Trackpoint>
      <Time>2026-08-08T11:28:56Z</Time>
      <Position>
       <LatitudeDegrees>5.2337120</LatitudeDegrees>
       <LongitudeDegrees>100.4362170</LongitudeDegrees>
      </Position>
      <AltitudeMeters>5.5</AltitudeMeters>
      <DistanceMeters>4256.5</DistanceMeters>
      <HeartRateBpm>
       <Value>158</Value>
      </HeartRateBpm>
      <Extensions>
       <TPX xmlns="http://www.garmin.com/xmlschemas/ActivityExtension/v2">
        <Speed>2.3</Speed>
       </TPX>
      </Extensions>
     </Trackpoint>
     <Trackpoint>
      <Time>2026-08-08T11:28:57Z</Time>
      <Position>
       <LatitudeDegrees>5.2337110</LatitudeDegrees>
       <LongitudeDegrees>100.4361960</LongitudeDegrees>
      </Position>
      <AltitudeMeters>5.5</AltitudeMeters>
      <DistanceMeters>4258.9</DistanceMeters>
      <HeartRateBpm>
       <Value>157</Value>
      </HeartRateBpm>
      <Extensions>
       <TPX xmlns="http://www.garmin.com/xmlschemas/ActivityExtension/v2">
        <Speed>2.1</Speed>
       </TPX>
      </Extensions>
     </Trackpoint>
     <Trackpoint>
      <Time>2026-08-08T11:28:58Z</Time>
      <Position>
       <LatitudeDegrees>5.2337060</LatitudeDegrees>
       <LongitudeDegrees>100.4361750</LongitudeDegrees>
      </Position>
      <AltitudeMeters>5.5</AltitudeMeters>
      <DistanceMeters>4261.3</DistanceMeters>
      <HeartRateBpm>
       <Value>156</Value>
      </HeartRateBpm>
      <Extensions>
       <TPX xmlns="http://www.garmin.com/xmlschemas/ActivityExtension/v2">
        <Speed>2.6</Speed>
       </TPX>
      </Extensions>
     </Trackpoint>
     <Trackpoint>
      <Time>2026-08-08T11:28:59Z</Time>
      <Position>
       <LatitudeDegrees>5.2337000</LatitudeDegrees>
       <LongitudeDegrees>100.4361550</LongitudeDegrees>
      </Position>
      <AltitudeMeters>5.5</AltitudeMeters>
      <DistanceMeters>4263.6</DistanceMeters>
      <HeartRateBpm>
       <Value>156</Value>
      </HeartRateBpm>
      <Extensions>
       <TPX xmlns="http://www.garmin.com/xmlschemas/ActivityExtension/v2">
        <Speed>2.4</Speed>
       </TPX>
      </Extensions>
     </Trackpoint>
     <Trackpoint>
      <Time>2026-08-08T11:29:00Z</Time>
      <Position>
       <LatitudeDegrees>5.2336950</LatitudeDegrees>
       <LongitudeDegrees>100.4361340</LongitudeDegrees>
      </Position>
      <AltitudeMeters>5.5</AltitudeMeters>
      <DistanceMeters>4265.9</DistanceMeters>
      <HeartRateBpm>
       <Value>156</Value>
      </HeartRateBpm>
      <Extensions>
       <TPX xmlns="http://www.garmin.com/xmlschemas/ActivityExtension/v2">
        <Speed>2.4</Speed>
       </TPX>
      </Extensions>
     </Trackpoint>
     <Trackpoint>
      <Time>2026-08-08T11:29:01Z</Time>
      <Position>
       <LatitudeDegrees>5.2336890</LatitudeDegrees>
       <LongitudeDegrees>100.4361120</LongitudeDegrees>
      </Position>
      <AltitudeMeters>5.5</AltitudeMeters>
      <DistanceMeters>4268.5</DistanceMeters>
      <HeartRateBpm>
       <Value>156</Value>
      </HeartRateBpm>
      <Extensions>
       <TPX xmlns="http://www.garmin.com/xmlschemas/ActivityExtension/v2">
        <Speed>2.4</Speed>
       </TPX>
      </Extensions>
     </Trackpoint>
     <Trackpoint>
      <Time>2026-08-08T11:29:02Z</Time>
      <Position>
       <LatitudeDegrees>5.2336820</LatitudeDegrees>
       <LongitudeDegrees>100.4360900</LongitudeDegrees>
      </Position>
      <AltitudeMeters>5.5</AltitudeMeters>
      <DistanceMeters>4271.1</DistanceMeters>
      <HeartRateBpm>
       <Value>156</Value>
      </HeartRateBpm>
      <Extensions>
       <TPX xmlns="http://www.garmin.com/xmlschemas/ActivityExtension/v2">
        <Speed>2.4</Speed>
       </TPX>
      </Extensions>
     </Trackpoint>
     <Trackpoint>
      <Time>2026-08-08T11:29:03Z</Time>
      <Position>
       <LatitudeDegrees>5.2336770</LatitudeDegrees>
       <LongitudeDegrees>100.4360660</LongitudeDegrees>
      </Position>
      <AltitudeMeters>5.5</AltitudeMeters>
      <DistanceMeters>4273.7</DistanceMeters>
      <HeartRateBpm>
       <Value>157</Value>
      </HeartRateBpm>
      <Extensions>
       <TPX xmlns="http://www.garmin.com/xmlschemas/ActivityExtension/v2">
        <Speed>2.5</Speed>
       </TPX>
      </Extensions>
     </Trackpoint>
     <Trackpoint>
      <Time>2026-08-08T11:29:04Z</Time>
      <Position>
       <LatitudeDegrees>5.2336680</LatitudeDegrees>
       <LongitudeDegrees>100.4360450</LongitudeDegrees>
      </Position>
      <AltitudeMeters>5.5</AltitudeMeters>
      <DistanceMeters>4276.2</DistanceMeters>
      <HeartRateBpm>
       <Value>158</Value>
      </HeartRateBpm>
      <Extensions>
       <TPX xmlns="http://www.garmin.com/xmlschemas/ActivityExtension/v2">
        <Speed>2.5</Speed>
       </TPX>
      </Extensions>
     </Trackpoint>
     <Trackpoint>
      <Time>2026-08-08T11:29:05Z</Time>
      <Position>
       <LatitudeDegrees>5.2336600</LatitudeDegrees>
       <LongitudeDegrees>100.4360240</LongitudeDegrees>
      </Position>
      <AltitudeMeters>5.5</AltitudeMeters>
      <DistanceMeters>4278.7</DistanceMeters>
      <HeartRateBpm>
       <Value>159</Value>
      </HeartRateBpm>
      <Extensions>
       <TPX xmlns="http://www.garmin.com/xmlschemas/ActivityExtension/v2">
        <Speed>2.6</Speed>
       </TPX>
      </Extensions>
     </Trackpoint>
     <Trackpoint>
      <Time>2026-08-08T11:29:06Z</Time>
      <Position>
       <LatitudeDegrees>5.2336530</LatitudeDegrees>
       <LongitudeDegrees>100.4360050</LongitudeDegrees>
      </Position>
      <AltitudeMeters>5.5</AltitudeMeters>
      <DistanceMeters>4281.0</DistanceMeters>
      <HeartRateBpm>
       <Value>159</Value>
      </HeartRateBpm>
      <Extensions>
       <TPX xmlns="http://www.garmin.com/xmlschemas/ActivityExtension/v2">
        <Speed>2.5</Speed>
       </TPX>
      </Extensions>
     </Trackpoint>
     <Trackpoint>
      <Time>2026-08-08T11:29:07Z</Time>
      <Position>
       <LatitudeDegrees>5.2336480</LatitudeDegrees>
       <LongitudeDegrees>100.4359810</LongitudeDegrees>
      </Position>
      <AltitudeMeters>5.5</AltitudeMeters>
      <DistanceMeters>4283.7</DistanceMeters>
      <HeartRateBpm>
       <Value>158</Value>
      </HeartRateBpm>
      <Extensions>
       <TPX xmlns="http://www.garmin.com/xmlschemas/ActivityExtension/v2">
        <Speed>2.5</Speed>
       </TPX>
      </Extensions>
     </Trackpoint>
     <Trackpoint>
      <Time>2026-08-08T11:29:08Z</Time>
      <Position>
       <LatitudeDegrees>5.2336440</LatitudeDegrees>
       <LongitudeDegrees>100.4359590</LongitudeDegrees>
      </Position>
      <AltitudeMeters>5.5</AltitudeMeters>
      <DistanceMeters>4286.2</DistanceMeters>
      <HeartRateBpm>
       <Value>157</Value>
      </HeartRateBpm>
      <Extensions>
       <TPX xmlns="http://www.garmin.com/xmlschemas/ActivityExtension/v2">
        <Speed>2.5</Speed>
       </TPX>
      </Extensions>
     </Trackpoint>
     <Trackpoint>
      <Time>2026-08-08T11:29:09Z</Time>
      <Position>
       <LatitudeDegrees>5.2336400</LatitudeDegrees>
       <LongitudeDegrees>100.4359370</LongitudeDegrees>
      </Position>
      <AltitudeMeters>5.5</AltitudeMeters>
      <DistanceMeters>4288.6</DistanceMeters>
      <HeartRateBpm>
       <Value>156</Value>
      </HeartRateBpm>
      <Extensions>
       <TPX xmlns="http://www.garmin.com/xmlschemas/ActivityExtension/v2">
        <Speed>2.5</Speed>
       </TPX>
      </Extensions>
     </Trackpoint>
     <Trackpoint>
      <Time>2026-08-08T11:29:10Z</Time>
      <Position>
       <LatitudeDegrees>5.2336350</LatitudeDegrees>
       <LongitudeDegrees>100.4359140</LongitudeDegrees>
      </Position>
      <AltitudeMeters>5.5</AltitudeMeters>
      <DistanceMeters>4291.2</DistanceMeters>
      <HeartRateBpm>
       <Value>155</Value>
      </HeartRateBpm>
      <Extensions>
       <TPX xmlns="http://www.garmin.com/xmlschemas/ActivityExtension/v2">
        <Speed>2.5</Speed>
       </TPX>
      </Extensions>
     </Trackpoint>
     <Trackpoint>
      <Time>2026-08-08T11:29:11Z</Time>
      <Position>
       <LatitudeDegrees>5.2336330</LatitudeDegrees>
       <LongitudeDegrees>100.4358930</LongitudeDegrees>
      </Position>
      <AltitudeMeters>5.5</AltitudeMeters>
      <DistanceMeters>4293.6</DistanceMeters>
      <HeartRateBpm>
       <Value>155</Value>
      </HeartRateBpm>
      <Extensions>
       <TPX xmlns="http://www.garmin.com/xmlschemas/ActivityExtension/v2">
        <Speed>2.5</Speed>
       </TPX>
      </Extensions>
     </Trackpoint>
     <Trackpoint>
      <Time>2026-08-08T11:29:12Z</Time>
      <Position>
       <LatitudeDegrees>5.2336270</LatitudeDegrees>
       <LongitudeDegrees>100.4358650</LongitudeDegrees>
      </Position>
      <AltitudeMeters>5.5</AltitudeMeters>
      <DistanceMeters>4296.8</DistanceMeters>
      <HeartRateBpm>
       <Value>155</Value>
      </HeartRateBpm>
      <Extensions>
       <TPX xmlns="http://www.garmin.com/xmlschemas/ActivityExtension/v2">
        <Speed>2.6</Speed>
       </TPX>
      </Extensions>
     </Trackpoint>
     <Trackpoint>
      <Time>2026-08-08T11:29:13Z</Time>
      <Position>
       <LatitudeDegrees>5.2336250</LatitudeDegrees>
       <LongitudeDegrees>100.4358510</LongitudeDegrees>
      </Position>
      <AltitudeMeters>5.5</AltitudeMeters>
      <DistanceMeters>4296.8</DistanceMeters>
      <HeartRateBpm>
       <Value>156</Value>
      </HeartRateBpm>
      <Extensions>
       <TPX xmlns="http://www.garmin.com/xmlschemas/ActivityExtension/v2">
        <Speed>2.1</Speed>
       </TPX>
      </Extensions>
     </Trackpoint>
     <Trackpoint>
      <Time>2026-08-08T11:29:14Z</Time>
      <Position>
       <LatitudeDegrees>5.2336200</LatitudeDegrees>
       <LongitudeDegrees>100.4358300</LongitudeDegrees>
      </Position>
      <AltitudeMeters>5.5</AltitudeMeters>
      <DistanceMeters>4300.7</DistanceMeters>
      <HeartRateBpm>
       <Value>155</Value>
      </HeartRateBpm>
      <Extensions>
       <TPX xmlns="http://www.garmin.com/xmlschemas/ActivityExtension/v2">
        <Speed>2.4</Speed>
       </TPX>
      </Extensions>
     </Trackpoint>
     <Trackpoint>
      <Time>2026-08-08T11:29:15Z</Time>
      <Position>
       <LatitudeDegrees>5.2336140</LatitudeDegrees>
       <LongitudeDegrees>100.4358090</LongitudeDegrees>
      </Position>
      <AltitudeMeters>5.5</AltitudeMeters>
      <DistanceMeters>4303.1</DistanceMeters>
      <HeartRateBpm>
       <Value>155</Value>
      </HeartRateBpm>
      <Extensions>
       <TPX xmlns="http://www.garmin.com/xmlschemas/ActivityExtension/v2">
        <Speed>2.4</Speed>
       </TPX>
      </Extensions>
     </Trackpoint>
     <Trackpoint>
      <Time>2026-08-08T11:29:16Z</Time>
      <Position>
       <LatitudeDegrees>5.2336080</LatitudeDegrees>
       <LongitudeDegrees>100.4357870</LongitudeDegrees>
      </Position>
      <AltitudeMeters>5.5</AltitudeMeters>
      <DistanceMeters>4305.7</DistanceMeters>
      <HeartRateBpm>
       <Value>156</Value>
      </HeartRateBpm>
      <Extensions>
       <TPX xmlns="http://www.garmin.com/xmlschemas/ActivityExtension/v2">
        <Speed>2.4</Speed>
       </TPX>
      </Extensions>
     </Trackpoint>
     <Trackpoint>
      <Time>2026-08-08T11:29:17Z</Time>
      <Position>
       <LatitudeDegrees>5.2336030</LatitudeDegrees>
       <LongitudeDegrees>100.4357660</LongitudeDegrees>
      </Position>
      <AltitudeMeters>5.5</AltitudeMeters>
      <DistanceMeters>4308.1</DistanceMeters>
      <HeartRateBpm>
       <Value>157</Value>
      </HeartRateBpm>
      <Extensions>
       <TPX xmlns="http://www.garmin.com/xmlschemas/ActivityExtension/v2">
        <Speed>2.3</Speed>
       </TPX>
      </Extensions>
     </Trackpoint>
     <Trackpoint>
      <Time>2026-08-08T11:29:18Z</Time>
      <Position>
       <LatitudeDegrees>5.2335960</LatitudeDegrees>
       <LongitudeDegrees>100.4357440</LongitudeDegrees>
      </Position>
      <AltitudeMeters>5.5</AltitudeMeters>
      <DistanceMeters>4310.6</DistanceMeters>
      <HeartRateBpm>
       <Value>157</Value>
      </HeartRateBpm>
      <Extensions>
       <TPX xmlns="http://www.garmin.com/xmlschemas/ActivityExtension/v2">
        <Speed>2.8</Speed>
       </TPX>
      </Extensions>
     </Trackpoint>
     <Trackpoint>
      <Time>2026-08-08T11:29:19Z</Time>
      <Position>
       <LatitudeDegrees>5.2335890</LatitudeDegrees>
       <LongitudeDegrees>100.4357240</LongitudeDegrees>
      </Position>
      <AltitudeMeters>5.5</AltitudeMeters>
      <DistanceMeters>4312.9</DistanceMeters>
      <HeartRateBpm>
       <Value>157</Value>
      </HeartRateBpm>
      <Extensions>
       <TPX xmlns="http://www.garmin.com/xmlschemas/ActivityExtension/v2">
        <Speed>2.4</Speed>
       </TPX>
      </Extensions>
     </Trackpoint>
     <Trackpoint>
      <Time>2026-08-08T11:29:20Z</Time>
      <Position>
       <LatitudeDegrees>5.2335820</LatitudeDegrees>
       <LongitudeDegrees>100.4357030</LongitudeDegrees>
      </Position>
      <AltitudeMeters>5.5</AltitudeMeters>
      <DistanceMeters>4315.4</DistanceMeters>
      <HeartRateBpm>
       <Value>157</Value>
      </HeartRateBpm>
      <Extensions>
       <TPX xmlns="http://www.garmin.com/xmlschemas/ActivityExtension/v2">
        <Speed>2.5</Speed>
       </TPX>
      </Extensions>
     </Trackpoint>
     <Trackpoint>
      <Time>2026-08-08T11:29:21Z</Time>
      <Position>
       <LatitudeDegrees>5.2335770</LatitudeDegrees>
       <LongitudeDegrees>100.4356810</LongitudeDegrees>
      </Position>
      <AltitudeMeters>5.6</AltitudeMeters>
      <DistanceMeters>4317.9</DistanceMeters>
      <HeartRateBpm>
       <Value>156</Value>
      </HeartRateBpm>
      <Extensions>
       <TPX xmlns="http://www.garmin.com/xmlschemas/ActivityExtension/v2">
        <Speed>2.4</Speed>
       </TPX>
      </Extensions>
     </Trackpoint>
     <Trackpoint>
      <Time>2026-08-08T11:29:22Z</Time>
      <Position>
       <LatitudeDegrees>5.2335740</LatitudeDegrees>
       <LongitudeDegrees>100.4356600</LongitudeDegrees>
      </Position>
      <AltitudeMeters>5.6</AltitudeMeters>
      <DistanceMeters>4320.3</DistanceMeters>
      <HeartRateBpm>
       <Value>157</Value>
      </HeartRateBpm>
      <Extensions>
       <TPX xmlns="http://www.garmin.com/xmlschemas/ActivityExtension/v2">
        <Speed>2.4</Speed>
       </TPX>
      </Extensions>
     </Trackpoint>
     <Trackpoint>
      <Time>2026-08-08T11:29:23Z</Time>
      <Position>
       <LatitudeDegrees>5.2335680</LatitudeDegrees>
       <LongitudeDegrees>100.4356400</LongitudeDegrees>
      </Position>
      <AltitudeMeters>5.6</AltitudeMeters>
      <DistanceMeters>4322.6</DistanceMeters>
      <HeartRateBpm>
       <Value>156</Value>
      </HeartRateBpm>
      <Extensions>
       <TPX xmlns="http://www.garmin.com/xmlschemas/ActivityExtension/v2">
        <Speed>2.4</Speed>
       </TPX>
      </Extensions>
     </Trackpoint>
     <Trackpoint>
      <Time>2026-08-08T11:29:24Z</Time>
      <Position>
       <LatitudeDegrees>5.2335640</LatitudeDegrees>
       <LongitudeDegrees>100.4356170</LongitudeDegrees>
      </Position>
      <AltitudeMeters>5.6</AltitudeMeters>
      <DistanceMeters>4325.2</DistanceMeters>
      <HeartRateBpm>
       <Value>156</Value>
      </HeartRateBpm>
      <Extensions>
       <TPX xmlns="http://www.garmin.com/xmlschemas/ActivityExtension/v2">
        <Speed>2.4</Speed>
       </TPX>
      </Extensions>
     </Trackpoint>
     <Trackpoint>
      <Time>2026-08-08T11:29:25Z</Time>
      <Position>
       <LatitudeDegrees>5.2335620</LatitudeDegrees>
       <LongitudeDegrees>100.4356000</LongitudeDegrees>
      </Position>
      <AltitudeMeters>5.6</AltitudeMeters>
      <DistanceMeters>4325.2</DistanceMeters>
      <HeartRateBpm>
       <Value>156</Value>
      </HeartRateBpm>
      <Extensions>
       <TPX xmlns="http://www.garmin.com/xmlschemas/ActivityExtension/v2">
        <Speed>2.0</Speed>
       </TPX>
      </Extensions>
     </Trackpoint>
     <Trackpoint>
      <Time>2026-08-08T11:29:26Z</Time>
      <Position>
       <LatitudeDegrees>5.2335600</LatitudeDegrees>
       <LongitudeDegrees>100.4355820</LongitudeDegrees>
      </Position>
      <AltitudeMeters>5.6</AltitudeMeters>
      <DistanceMeters>4329.0</DistanceMeters>
      <HeartRateBpm>
       <Value>156</Value>
      </HeartRateBpm>
      <Extensions>
       <TPX xmlns="http://www.garmin.com/xmlschemas/ActivityExtension/v2">
        <Speed>2.2</Speed>
       </TPX>
      </Extensions>
     </Trackpoint>
     <Trackpoint>
      <Time>2026-08-08T11:29:27Z</Time>
      <Position>
       <LatitudeDegrees>5.2335570</LatitudeDegrees>
       <LongitudeDegrees>100.4355630</LongitudeDegrees>
      </Position>
      <AltitudeMeters>5.6</AltitudeMeters>
      <DistanceMeters>4331.1</DistanceMeters>
      <HeartRateBpm>
       <Value>157</Value>
      </HeartRateBpm>
      <Extensions>
       <TPX xmlns="http://www.garmin.com/xmlschemas/ActivityExtension/v2">
        <Speed>2.2</Speed>
       </TPX>
      </Extensions>
     </Trackpoint>
     <Trackpoint>
      <Time>2026-08-08T11:29:28Z</Time>
      <Position>
       <LatitudeDegrees>5.2335530</LatitudeDegrees>
       <LongitudeDegrees>100.4355440</LongitudeDegrees>
      </Position>
      <AltitudeMeters>5.6</AltitudeMeters>
      <DistanceMeters>4333.3</DistanceMeters>
      <HeartRateBpm>
       <Value>157</Value>
      </HeartRateBpm>
      <Extensions>
       <TPX xmlns="http://www.garmin.com/xmlschemas/ActivityExtension/v2">
        <Speed>2.1</Speed>
       </TPX>
      </Extensions>
     </Trackpoint>
     <Trackpoint>
      <Time>2026-08-08T11:29:29Z</Time>
      <Position>
       <LatitudeDegrees>5.2335500</LatitudeDegrees>
       <LongitudeDegrees>100.4355240</LongitudeDegrees>
      </Position>
      <AltitudeMeters>5.6</AltitudeMeters>
      <DistanceMeters>4335.5</DistanceMeters>
      <HeartRateBpm>
       <Value>158</Value>
      </HeartRateBpm>
      <Extensions>
       <TPX xmlns="http://www.garmin.com/xmlschemas/ActivityExtension/v2">
        <Speed>2.1</Speed>
       </TPX>
      </Extensions>
     </Trackpoint>
     <Trackpoint>
      <Time>2026-08-08T11:29:30Z</Time>
      <Position>
       <LatitudeDegrees>5.2335440</LatitudeDegrees>
       <LongitudeDegrees>100.4355040</LongitudeDegrees>
      </Position>
      <AltitudeMeters>5.6</AltitudeMeters>
      <DistanceMeters>4337.8</DistanceMeters>
      <HeartRateBpm>
       <Value>157</Value>
      </HeartRateBpm>
      <Extensions>
       <TPX xmlns="http://www.garmin.com/xmlschemas/ActivityExtension/v2">
        <Speed>2.5</Speed>
       </TPX>
      </Extensions>
     </Trackpoint>
     <Trackpoint>
      <Time>2026-08-08T11:29:31Z</Time>
      <Position>
       <LatitudeDegrees>5.2335390</LatitudeDegrees>
       <LongitudeDegrees>100.4354830</LongitudeDegrees>
      </Position>
      <AltitudeMeters>5.6</AltitudeMeters>
      <DistanceMeters>4340.2</DistanceMeters>
      <HeartRateBpm>
       <Value>156</Value>
      </HeartRateBpm>
      <Extensions>
       <TPX xmlns="http://www.garmin.com/xmlschemas/ActivityExtension/v2">
        <Speed>2.2</Speed>
       </TPX>
      </Extensions>
     </Trackpoint>
     <Trackpoint>
      <Time>2026-08-08T11:29:32Z</Time>
      <Position>
       <LatitudeDegrees>5.2335330</LatitudeDegrees>
       <LongitudeDegrees>100.4354540</LongitudeDegrees>
      </Position>
      <AltitudeMeters>5.6</AltitudeMeters>
      <DistanceMeters>4343.6</DistanceMeters>
      <HeartRateBpm>
       <Value>156</Value>
      </HeartRateBpm>
      <Extensions>
       <TPX xmlns="http://www.garmin.com/xmlschemas/ActivityExtension/v2">
        <Speed>2.5</Speed>
       </TPX>
      </Extensions>
     </Trackpoint>
     <Trackpoint>
      <Time>2026-08-08T11:29:33Z</Time>
      <Position>
       <LatitudeDegrees>5.2335300</LatitudeDegrees>
       <LongitudeDegrees>100.4354370</LongitudeDegrees>
      </Position>
      <AltitudeMeters>5.6</AltitudeMeters>
      <DistanceMeters>4345.5</DistanceMeters>
      <HeartRateBpm>
       <Value>156</Value>
      </HeartRateBpm>
      <Extensions>
       <TPX xmlns="http://www.garmin.com/xmlschemas/ActivityExtension/v2">
        <Speed>2.4</Speed>
       </TPX>
      </Extensions>
     </Trackpoint>
     <Trackpoint>
      <Time>2026-08-08T11:29:34Z</Time>
      <Position>
       <LatitudeDegrees>5.2335230</LatitudeDegrees>
       <LongitudeDegrees>100.4354150</LongitudeDegrees>
      </Position>
      <AltitudeMeters>5.6</AltitudeMeters>
      <DistanceMeters>4348.0</DistanceMeters>
      <HeartRateBpm>
       <Value>156</Value>
      </HeartRateBpm>
      <Extensions>
       <TPX xmlns="http://www.garmin.com/xmlschemas/ActivityExtension/v2">
        <Speed>2.5</Speed>
       </TPX>
      </Extensions>
     </Trackpoint>
     <Trackpoint>
      <Time>2026-08-08T11:29:35Z</Time>
      <Position>
       <LatitudeDegrees>5.2335150</LatitudeDegrees>
       <LongitudeDegrees>100.4353910</LongitudeDegrees>
      </Position>
      <AltitudeMeters>5.6</AltitudeMeters>
      <DistanceMeters>4350.8</DistanceMeters>
      <HeartRateBpm>
       <Value>156</Value>
      </HeartRateBpm>
      <Extensions>
       <TPX xmlns="http://www.garmin.com/xmlschemas/ActivityExtension/v2">
        <Speed>2.6</Speed>
       </TPX>
      </Extensions>
     </Trackpoint>
     <Trackpoint>
      <Time>2026-08-08T11:29:36Z</Time>
      <Position>
       <LatitudeDegrees>5.2335110</LatitudeDegrees>
       <LongitudeDegrees>100.4353680</LongitudeDegrees>
      </Position>
      <AltitudeMeters>5.6</AltitudeMeters>
      <DistanceMeters>4353.4</DistanceMeters>
      <HeartRateBpm>
       <Value>155</Value>
      </HeartRateBpm>
      <Extensions>
       <TPX xmlns="http://www.garmin.com/xmlschemas/ActivityExtension/v2">
        <Speed>2.6</Speed>
       </TPX>
      </Extensions>
     </Trackpoint>
     <Trackpoint>
      <Time>2026-08-08T11:29:37Z</Time>
      <Position>
       <LatitudeDegrees>5.2335060</LatitudeDegrees>
       <LongitudeDegrees>100.4353420</LongitudeDegrees>
      </Position>
      <AltitudeMeters>5.6</AltitudeMeters>
      <DistanceMeters>4356.3</DistanceMeters>
      <HeartRateBpm>
       <Value>155</Value>
      </HeartRateBpm>
      <Extensions>
       <TPX xmlns="http://www.garmin.com/xmlschemas/ActivityExtension/v2">
        <Speed>2.5</Speed>
       </TPX>
      </Extensions>
     </Trackpoint>
     <Trackpoint>
      <Time>2026-08-08T11:29:38Z</Time>
      <Position>
       <LatitudeDegrees>5.2335060</LatitudeDegrees>
       <LongitudeDegrees>100.4353180</LongitudeDegrees>
      </Position>
      <AltitudeMeters>5.6</AltitudeMeters>
      <DistanceMeters>4358.9</DistanceMeters>
      <HeartRateBpm>
       <Value>155</Value>
      </HeartRateBpm>
      <Extensions>
       <TPX xmlns="http://www.garmin.com/xmlschemas/ActivityExtension/v2">
        <Speed>2.7</Speed>
       </TPX>
      </Extensions>
     </Trackpoint>
     <Trackpoint>
      <Time>2026-08-08T11:29:39Z</Time>
      <Position>
       <LatitudeDegrees>5.2334950</LatitudeDegrees>
       <LongitudeDegrees>100.4352950</LongitudeDegrees>
      </Position>
      <AltitudeMeters>5.6</AltitudeMeters>
      <DistanceMeters>4361.7</DistanceMeters>
      <HeartRateBpm>
       <Value>155</Value>
      </HeartRateBpm>
      <Extensions>
       <TPX xmlns="http://www.garmin.com/xmlschemas/ActivityExtension/v2">
        <Speed>2.8</Speed>
       </TPX>
      </Extensions>
     </Trackpoint>
     <Trackpoint>
      <Time>2026-08-08T11:29:40Z</Time>
      <Position>
       <LatitudeDegrees>5.2334790</LatitudeDegrees>
       <LongitudeDegrees>100.4352740</LongitudeDegrees>
      </Position>
      <AltitudeMeters>5.6</AltitudeMeters>
      <DistanceMeters>4364.7</DistanceMeters>
      <HeartRateBpm>
       <Value>155</Value>
      </HeartRateBpm>
      <Extensions>
       <TPX xmlns="http://www.garmin.com/xmlschemas/ActivityExtension/v2">
        <Speed>2.8</Speed>
       </TPX>
      </Extensions>
     </Trackpoint>
     <Trackpoint>
      <Time>2026-08-08T11:29:41Z</Time>
      <Position>
       <LatitudeDegrees>5.2334690</LatitudeDegrees>
       <LongitudeDegrees>100.4352500</LongitudeDegrees>
      </Position>
      <AltitudeMeters>5.6</AltitudeMeters>
      <DistanceMeters>4367.6</DistanceMeters>
      <HeartRateBpm>
       <Value>157</Value>
      </HeartRateBpm>
      <Extensions>
       <TPX xmlns="http://www.garmin.com/xmlschemas/ActivityExtension/v2">
        <Speed>2.8</Speed>
       </TPX>
      </Extensions>
     </Trackpoint>
     <Trackpoint>
      <Time>2026-08-08T11:29:42Z</Time>
      <Position>
       <LatitudeDegrees>5.2334620</LatitudeDegrees>
       <LongitudeDegrees>100.4352270</LongitudeDegrees>
      </Position>
      <AltitudeMeters>5.6</AltitudeMeters>
      <DistanceMeters>4370.2</DistanceMeters>
      <HeartRateBpm>
       <Value>156</Value>
      </HeartRateBpm>
      <Extensions>
       <TPX xmlns="http://www.garmin.com/xmlschemas/ActivityExtension/v2">
        <Speed>2.8</Speed>
       </TPX>
      </Extensions>
     </Trackpoint>
     <Trackpoint>
      <Time>2026-08-08T11:29:43Z</Time>
      <Position>
       <LatitudeDegrees>5.2334530</LatitudeDegrees>
       <LongitudeDegrees>100.4352050</LongitudeDegrees>
      </Position>
      <AltitudeMeters>5.6</AltitudeMeters>
      <DistanceMeters>4372.8</DistanceMeters>
      <HeartRateBpm>
       <Value>156</Value>
      </HeartRateBpm>
      <Extensions>
       <TPX xmlns="http://www.garmin.com/xmlschemas/ActivityExtension/v2">
        <Speed>2.8</Speed>
       </TPX>
      </Extensions>
     </Trackpoint>
     <Trackpoint>
      <Time>2026-08-08T11:29:44Z</Time>
      <Position>
       <LatitudeDegrees>5.2334420</LatitudeDegrees>
       <LongitudeDegrees>100.4351840</LongitudeDegrees>
      </Position>
      <AltitudeMeters>5.6</AltitudeMeters>
      <DistanceMeters>4375.4</DistanceMeters>
      <HeartRateBpm>
       <Value>156</Value>
      </HeartRateBpm>
      <Extensions>
       <TPX xmlns="http://www.garmin.com/xmlschemas/ActivityExtension/v2">
        <Speed>2.7</Speed>
       </TPX>
      </Extensions>
     </Trackpoint>
     <Trackpoint>
      <Time>2026-08-08T11:29:45Z</Time>
      <Position>
       <LatitudeDegrees>5.2334320</LatitudeDegrees>
       <LongitudeDegrees>100.4351630</LongitudeDegrees>
      </Position>
      <AltitudeMeters>5.6</AltitudeMeters>
      <DistanceMeters>4378.0</DistanceMeters>
      <HeartRateBpm>
       <Value>156</Value>
      </HeartRateBpm>
      <Extensions>
       <TPX xmlns="http://www.garmin.com/xmlschemas/ActivityExtension/v2">
        <Speed>2.7</Speed>
       </TPX>
      </Extensions>
     </Trackpoint>
     <Trackpoint>
      <Time>2026-08-08T11:29:46Z</Time>
      <Position>
       <LatitudeDegrees>5.2334230</LatitudeDegrees>
       <LongitudeDegrees>100.4351420</LongitudeDegrees>
      </Position>
      <AltitudeMeters>5.6</AltitudeMeters>
      <DistanceMeters>4380.6</DistanceMeters>
      <HeartRateBpm>
       <Value>155</Value>
      </HeartRateBpm>
      <Extensions>
       <TPX xmlns="http://www.garmin.com/xmlschemas/ActivityExtension/v2">
        <Speed>2.6</Speed>
       </TPX>
      </Extensions>
     </Trackpoint>
     <Trackpoint>
      <Time>2026-08-08T11:29:47Z</Time>
      <Position>
       <LatitudeDegrees>5.2334140</LatitudeDegrees>
       <LongitudeDegrees>100.4351220</LongitudeDegrees>
      </Position>
      <AltitudeMeters>5.6</AltitudeMeters>
      <DistanceMeters>4383.0</DistanceMeters>
      <HeartRateBpm>
       <Value>156</Value>
      </HeartRateBpm>
      <Extensions>
       <TPX xmlns="http://www.garmin.com/xmlschemas/ActivityExtension/v2">
        <Speed>2.6</Speed>
       </TPX>
      </Extensions>
     </Trackpoint>
     <Trackpoint>
      <Time>2026-08-08T11:29:48Z</Time>
      <Position>
       <LatitudeDegrees>5.2334060</LatitudeDegrees>
       <LongitudeDegrees>100.4350990</LongitudeDegrees>
      </Position>
      <AltitudeMeters>5.6</AltitudeMeters>
      <DistanceMeters>4385.6</DistanceMeters>
      <HeartRateBpm>
       <Value>156</Value>
      </HeartRateBpm>
      <Extensions>
       <TPX xmlns="http://www.garmin.com/xmlschemas/ActivityExtension/v2">
        <Speed>2.6</Speed>
       </TPX>
      </Extensions>
     </Trackpoint>
     <Trackpoint>
      <Time>2026-08-08T11:29:49Z</Time>
      <Position>
       <LatitudeDegrees>5.2333990</LatitudeDegrees>
       <LongitudeDegrees>100.4350780</LongitudeDegrees>
      </Position>
      <AltitudeMeters>5.6</AltitudeMeters>
      <DistanceMeters>4388.1</DistanceMeters>
      <HeartRateBpm>
       <Value>156</Value>
      </HeartRateBpm>
      <Extensions>
       <TPX xmlns="http://www.garmin.com/xmlschemas/ActivityExtension/v2">
        <Speed>2.5</Speed>
       </TPX>
      </Extensions>
     </Trackpoint>
     <Trackpoint>
      <Time>2026-08-08T11:29:50Z</Time>
      <Position>
       <LatitudeDegrees>5.2333930</LatitudeDegrees>
       <LongitudeDegrees>100.4350560</LongitudeDegrees>
      </Position>
      <AltitudeMeters>5.6</AltitudeMeters>
      <DistanceMeters>4390.7</DistanceMeters>
      <HeartRateBpm>
       <Value>156</Value>
      </HeartRateBpm>
      <Extensions>
       <TPX xmlns="http://www.garmin.com/xmlschemas/ActivityExtension/v2">
        <Speed>2.5</Speed>
       </TPX>
      </Extensions>
     </Trackpoint>
     <Trackpoint>
      <Time>2026-08-08T11:29:51Z</Time>
      <Position>
       <LatitudeDegrees>5.2333890</LatitudeDegrees>
       <LongitudeDegrees>100.4350340</LongitudeDegrees>
      </Position>
      <AltitudeMeters>5.6</AltitudeMeters>
      <DistanceMeters>4393.2</DistanceMeters>
      <HeartRateBpm>
       <Value>155</Value>
      </HeartRateBpm>
      <Extensions>
       <TPX xmlns="http://www.garmin.com/xmlschemas/ActivityExtension/v2">
        <Speed>2.5</Speed>
       </TPX>
      </Extensions>
     </Trackpoint>
     <Trackpoint>
      <Time>2026-08-08T11:29:52Z</Time>
      <Position>
       <LatitudeDegrees>5.2333850</LatitudeDegrees>
       <LongitudeDegrees>100.4350130</LongitudeDegrees>
      </Position>
      <AltitudeMeters>5.6</AltitudeMeters>
      <DistanceMeters>4395.5</DistanceMeters>
      <HeartRateBpm>
       <Value>155</Value>
      </HeartRateBpm>
      <Extensions>
       <TPX xmlns="http://www.garmin.com/xmlschemas/ActivityExtension/v2">
        <Speed>2.5</Speed>
       </TPX>
      </Extensions>
     </Trackpoint>
     <Trackpoint>
      <Time>2026-08-08T11:29:53Z</Time>
      <Position>
       <LatitudeDegrees>5.2333820</LatitudeDegrees>
       <LongitudeDegrees>100.4349880</LongitudeDegrees>
      </Position>
      <AltitudeMeters>5.6</AltitudeMeters>
      <DistanceMeters>4398.3</DistanceMeters>
      <HeartRateBpm>
       <Value>155</Value>
      </HeartRateBpm>
      <Extensions>
       <TPX xmlns="http://www.garmin.com/xmlschemas/ActivityExtension/v2">
        <Speed>2.5</Speed>
       </TPX>
      </Extensions>
     </Trackpoint>
     <Trackpoint>
      <Time>2026-08-08T11:29:54Z</Time>
      <Position>
       <LatitudeDegrees>5.2333820</LatitudeDegrees>
       <LongitudeDegrees>100.4349650</LongitudeDegrees>
      </Position>
      <AltitudeMeters>5.6</AltitudeMeters>
      <DistanceMeters>4400.8</DistanceMeters>
      <HeartRateBpm>
       <Value>155</Value>
      </HeartRateBpm>
      <Extensions>
       <TPX xmlns="http://www.garmin.com/xmlschemas/ActivityExtension/v2">
        <Speed>2.5</Speed>
       </TPX>
      </Extensions>
     </Trackpoint>
     <Trackpoint>
      <Time>2026-08-08T11:29:55Z</Time>
      <Position>
       <LatitudeDegrees>5.2333900</LatitudeDegrees>
       <LongitudeDegrees>100.4349420</LongitudeDegrees>
      </Position>
      <AltitudeMeters>5.6</AltitudeMeters>
      <DistanceMeters>4403.5</DistanceMeters>
      <HeartRateBpm>
       <Value>155</Value>
      </HeartRateBpm>
      <Extensions>
       <TPX xmlns="http://www.garmin.com/xmlschemas/ActivityExtension/v2">
        <Speed>2.6</Speed>
       </TPX>
      </Extensions>
     </Trackpoint>
     <Trackpoint>
      <Time>2026-08-08T11:29:56Z</Time>
      <Position>
       <LatitudeDegrees>5.2333960</LatitudeDegrees>
       <LongitudeDegrees>100.4349210</LongitudeDegrees>
      </Position>
      <AltitudeMeters>5.6</AltitudeMeters>
      <DistanceMeters>4405.9</DistanceMeters>
      <HeartRateBpm>
       <Value>154</Value>
      </HeartRateBpm>
      <Extensions>
       <TPX xmlns="http://www.garmin.com/xmlschemas/ActivityExtension/v2">
        <Speed>2.5</Speed>
       </TPX>
      </Extensions>
     </Trackpoint>
     <Trackpoint>
      <Time>2026-08-08T11:29:57Z</Time>
      <Position>
       <LatitudeDegrees>5.2334110</LatitudeDegrees>
       <LongitudeDegrees>100.4348990</LongitudeDegrees>
      </Position>
      <AltitudeMeters>5.6</AltitudeMeters>
      <DistanceMeters>4408.8</DistanceMeters>
      <HeartRateBpm>
       <Value>154</Value>
      </HeartRateBpm>
      <Extensions>
       <TPX xmlns="http://www.garmin.com/xmlschemas/ActivityExtension/v2">
        <Speed>2.7</Speed>
       </TPX>
      </Extensions>
     </Trackpoint>
     <Trackpoint>
      <Time>2026-08-08T11:29:58Z</Time>
      <Position>
       <LatitudeDegrees>5.2334260</LatitudeDegrees>
       <LongitudeDegrees>100.4348790</LongitudeDegrees>
      </Position>
      <AltitudeMeters>5.6</AltitudeMeters>
      <DistanceMeters>4411.6</DistanceMeters>
      <HeartRateBpm>
       <Value>154</Value>
      </HeartRateBpm>
      <Extensions>
       <TPX xmlns="http://www.garmin.com/xmlschemas/ActivityExtension/v2">
        <Speed>2.7</Speed>
       </TPX>
      </Extensions>
     </Trackpoint>
     <Trackpoint>
      <Time>2026-08-08T11:29:59Z</Time>
      <Position>
       <LatitudeDegrees>5.2334430</LatitudeDegrees>
       <LongitudeDegrees>100.4348610</LongitudeDegrees>
      </Position>
      <AltitudeMeters>5.6</AltitudeMeters>
      <DistanceMeters>4414.4</DistanceMeters>
      <HeartRateBpm>
       <Value>154</Value>
      </HeartRateBpm>
      <Extensions>
       <TPX xmlns="http://www.garmin.com/xmlschemas/ActivityExtension/v2">
        <Speed>2.7</Speed>
       </TPX>
      </Extensions>
     </Trackpoint>
     <Trackpoint>
      <Time>2026-08-08T11:30:00Z</Time>
      <Position>
       <LatitudeDegrees>5.2334560</LatitudeDegrees>
       <LongitudeDegrees>100.4348450</LongitudeDegrees>
      </Position>
      <AltitudeMeters>5.6</AltitudeMeters>
      <DistanceMeters>4416.7</DistanceMeters>
      <HeartRateBpm>
       <Value>154</Value>
      </HeartRateBpm>
      <Extensions>
       <TPX xmlns="http://www.garmin.com/xmlschemas/ActivityExtension/v2">
        <Speed>2.6</Speed>
       </TPX>
      </Extensions>
     </Trackpoint>
     <Trackpoint>
      <Time>2026-08-08T11:30:01Z</Time>
      <Position>
       <LatitudeDegrees>5.2334700</LatitudeDegrees>
       <LongitudeDegrees>100.4348230</LongitudeDegrees>
      </Position>
      <AltitudeMeters>5.6</AltitudeMeters>
      <DistanceMeters>4419.6</DistanceMeters>
      <HeartRateBpm>
       <Value>155</Value>
      </HeartRateBpm>
      <Extensions>
       <TPX xmlns="http://www.garmin.com/xmlschemas/ActivityExtension/v2">
        <Speed>2.7</Speed>
       </TPX>
      </Extensions>
     </Trackpoint>
     <Trackpoint>
      <Time>2026-08-08T11:30:02Z</Time>
      <Position>
       <LatitudeDegrees>5.2334820</LatitudeDegrees>
       <LongitudeDegrees>100.4348020</LongitudeDegrees>
      </Position>
      <AltitudeMeters>5.7</AltitudeMeters>
      <DistanceMeters>4422.3</DistanceMeters>
      <HeartRateBpm>
       <Value>155</Value>
      </HeartRateBpm>
      <Extensions>
       <TPX xmlns="http://www.garmin.com/xmlschemas/ActivityExtension/v2">
        <Speed>2.7</Speed>
       </TPX>
      </Extensions>
     </Trackpoint>
     <Trackpoint>
      <Time>2026-08-08T11:30:03Z</Time>
      <Position>
       <LatitudeDegrees>5.2334940</LatitudeDegrees>
       <LongitudeDegrees>100.4347810</LongitudeDegrees>
      </Position>
      <AltitudeMeters>5.7</AltitudeMeters>
      <DistanceMeters>4425.0</DistanceMeters>
      <HeartRateBpm>
       <Value>154</Value>
      </HeartRateBpm>
      <Extensions>
       <TPX xmlns="http://www.garmin.com/xmlschemas/ActivityExtension/v2">
        <Speed>2.7</Speed>
       </TPX>
      </Extensions>
     </Trackpoint>
     <Trackpoint>
      <Time>2026-08-08T11:30:04Z</Time>
      <Position>
       <LatitudeDegrees>5.2335060</LatitudeDegrees>
       <LongitudeDegrees>100.4347620</LongitudeDegrees>
      </Position>
      <AltitudeMeters>5.7</AltitudeMeters>
      <DistanceMeters>4427.5</DistanceMeters>
      <HeartRateBpm>
       <Value>154</Value>
      </HeartRateBpm>
      <Extensions>
       <TPX xmlns="http://www.garmin.com/xmlschemas/ActivityExtension/v2">
        <Speed>2.6</Speed>
       </TPX>
      </Extensions>
     </Trackpoint>
     <Trackpoint>
      <Time>2026-08-08T11:30:05Z</Time>
      <Position>
       <LatitudeDegrees>5.2335220</LatitudeDegrees>
       <LongitudeDegrees>100.4347470</LongitudeDegrees>
      </Position>
      <AltitudeMeters>5.7</AltitudeMeters>
      <DistanceMeters>4429.9</DistanceMeters>
      <HeartRateBpm>
       <Value>154</Value>
      </HeartRateBpm>
      <Extensions>
       <TPX xmlns="http://www.garmin.com/xmlschemas/ActivityExtension/v2">
        <Speed>2.6</Speed>
       </TPX>
      </Extensions>
     </Trackpoint>
     <Trackpoint>
      <Time>2026-08-08T11:30:06Z</Time>
      <Position>
       <LatitudeDegrees>5.2335380</LatitudeDegrees>
       <LongitudeDegrees>100.4347300</LongitudeDegrees>
      </Position>
      <AltitudeMeters>5.7</AltitudeMeters>
      <DistanceMeters>4432.4</DistanceMeters>
      <HeartRateBpm>
       <Value>154</Value>
      </HeartRateBpm>
      <Extensions>
       <TPX xmlns="http://www.garmin.com/xmlschemas/ActivityExtension/v2">
        <Speed>2.6</Speed>
       </TPX>
      </Extensions>
     </Trackpoint>
     <Trackpoint>
      <Time>2026-08-08T11:30:07Z</Time>
      <Position>
       <LatitudeDegrees>5.2335490</LatitudeDegrees>
       <LongitudeDegrees>100.4347130</LongitudeDegrees>
      </Position>
      <AltitudeMeters>5.7</AltitudeMeters>
      <DistanceMeters>4434.7</DistanceMeters>
      <HeartRateBpm>
       <Value>156</Value>
      </HeartRateBpm>
      <Extensions>
       <TPX xmlns="http://www.garmin.com/xmlschemas/ActivityExtension/v2">
        <Speed>2.5</Speed>
       </TPX>
      </Extensions>
     </Trackpoint>
     <Trackpoint>
      <Time>2026-08-08T11:30:08Z</Time>
      <Position>
       <LatitudeDegrees>5.2335600</LatitudeDegrees>
       <LongitudeDegrees>100.4346950</LongitudeDegrees>
      </Position>
      <AltitudeMeters>5.7</AltitudeMeters>
      <DistanceMeters>4437.0</DistanceMeters>
      <HeartRateBpm>
       <Value>157</Value>
      </HeartRateBpm>
      <Extensions>
       <TPX xmlns="http://www.garmin.com/xmlschemas/ActivityExtension/v2">
        <Speed>2.4</Speed>
       </TPX>
      </Extensions>
     </Trackpoint>
     <Trackpoint>
      <Time>2026-08-08T11:30:09Z</Time>
      <Position>
       <LatitudeDegrees>5.2335720</LatitudeDegrees>
       <LongitudeDegrees>100.4346740</LongitudeDegrees>
      </Position>
      <AltitudeMeters>5.7</AltitudeMeters>
      <DistanceMeters>4439.7</DistanceMeters>
      <HeartRateBpm>
       <Value>157</Value>
      </HeartRateBpm>
      <Extensions>
       <TPX xmlns="http://www.garmin.com/xmlschemas/ActivityExtension/v2">
        <Speed>2.4</Speed>
       </TPX>
      </Extensions>
     </Trackpoint>
     <Trackpoint>
      <Time>2026-08-08T11:30:10Z</Time>
      <Position>
       <LatitudeDegrees>5.2335830</LatitudeDegrees>
       <LongitudeDegrees>100.4346540</LongitudeDegrees>
      </Position>
      <AltitudeMeters>5.7</AltitudeMeters>
      <DistanceMeters>4442.3</DistanceMeters>
      <HeartRateBpm>
       <Value>158</Value>
      </HeartRateBpm>
      <Extensions>
       <TPX xmlns="http://www.garmin.com/xmlschemas/ActivityExtension/v2">
        <Speed>2.5</Speed>
       </TPX>
      </Extensions>
     </Trackpoint>
     <Trackpoint>
      <Time>2026-08-08T11:30:11Z</Time>
      <Position>
       <LatitudeDegrees>5.2335950</LatitudeDegrees>
       <LongitudeDegrees>100.4346340</LongitudeDegrees>
      </Position>
      <AltitudeMeters>5.7</AltitudeMeters>
      <DistanceMeters>4444.8</DistanceMeters>
      <HeartRateBpm>
       <Value>157</Value>
      </HeartRateBpm>
      <Extensions>
       <TPX xmlns="http://www.garmin.com/xmlschemas/ActivityExtension/v2">
        <Speed>2.5</Speed>
       </TPX>
      </Extensions>
     </Trackpoint>
     <Trackpoint>
      <Time>2026-08-08T11:30:12Z</Time>
      <Position>
       <LatitudeDegrees>5.2336060</LatitudeDegrees>
       <LongitudeDegrees>100.4346140</LongitudeDegrees>
      </Position>
      <AltitudeMeters>5.7</AltitudeMeters>
      <DistanceMeters>4447.3</DistanceMeters>
      <HeartRateBpm>
       <Value>157</Value>
      </HeartRateBpm>
      <Extensions>
       <TPX xmlns="http://www.garmin.com/xmlschemas/ActivityExtension/v2">
        <Speed>2.5</Speed>
       </TPX>
      </Extensions>
     </Trackpoint>
     <Trackpoint>
      <Time>2026-08-08T11:30:13Z</Time>
      <Position>
       <LatitudeDegrees>5.2336220</LatitudeDegrees>
       <LongitudeDegrees>100.4345990</LongitudeDegrees>
      </Position>
      <AltitudeMeters>5.7</AltitudeMeters>
      <DistanceMeters>4449.7</DistanceMeters>
      <HeartRateBpm>
       <Value>157</Value>
      </HeartRateBpm>
      <Extensions>
       <TPX xmlns="http://www.garmin.com/xmlschemas/ActivityExtension/v2">
        <Speed>2.5</Speed>
       </TPX>
      </Extensions>
     </Trackpoint>
     <Trackpoint>
      <Time>2026-08-08T11:30:14Z</Time>
      <Position>
       <LatitudeDegrees>5.2336450</LatitudeDegrees>
       <LongitudeDegrees>100.4345900</LongitudeDegrees>
      </Position>
      <AltitudeMeters>5.7</AltitudeMeters>
      <DistanceMeters>4452.4</DistanceMeters>
      <HeartRateBpm>
       <Value>157</Value>
      </HeartRateBpm>
      <Extensions>
       <TPX xmlns="http://www.garmin.com/xmlschemas/ActivityExtension/v2">
        <Speed>2.5</Speed>
       </TPX>
      </Extensions>
     </Trackpoint>
     <Trackpoint>
      <Time>2026-08-08T11:30:15Z</Time>
      <Position>
       <LatitudeDegrees>5.2336690</LatitudeDegrees>
       <LongitudeDegrees>100.4345870</LongitudeDegrees>
      </Position>
      <AltitudeMeters>5.7</AltitudeMeters>
      <DistanceMeters>4455.1</DistanceMeters>
      <HeartRateBpm>
       <Value>157</Value>
      </HeartRateBpm>
      <Extensions>
       <TPX xmlns="http://www.garmin.com/xmlschemas/ActivityExtension/v2">
        <Speed>2.6</Speed>
       </TPX>
      </Extensions>
     </Trackpoint>
     <Trackpoint>
      <Time>2026-08-08T11:30:16Z</Time>
      <Position>
       <LatitudeDegrees>5.2336930</LatitudeDegrees>
       <LongitudeDegrees>100.4345850</LongitudeDegrees>
      </Position>
      <AltitudeMeters>5.7</AltitudeMeters>
      <DistanceMeters>4457.8</DistanceMeters>
      <HeartRateBpm>
       <Value>157</Value>
      </HeartRateBpm>
      <Extensions>
       <TPX xmlns="http://www.garmin.com/xmlschemas/ActivityExtension/v2">
        <Speed>2.6</Speed>
       </TPX>
      </Extensions>
     </Trackpoint>
     <Trackpoint>
      <Time>2026-08-08T11:30:17Z</Time>
      <Position>
       <LatitudeDegrees>5.2337160</LatitudeDegrees>
       <LongitudeDegrees>100.4345810</LongitudeDegrees>
      </Position>
      <AltitudeMeters>5.7</AltitudeMeters>
      <DistanceMeters>4460.4</DistanceMeters>
      <HeartRateBpm>
       <Value>156</Value>
      </HeartRateBpm>
      <Extensions>
       <TPX xmlns="http://www.garmin.com/xmlschemas/ActivityExtension/v2">
        <Speed>2.6</Speed>
       </TPX>
      </Extensions>
     </Trackpoint>
     <Trackpoint>
      <Time>2026-08-08T11:30:18Z</Time>
      <Position>
       <LatitudeDegrees>5.2337370</LatitudeDegrees>
       <LongitudeDegrees>100.4345770</LongitudeDegrees>
      </Position>
      <AltitudeMeters>5.7</AltitudeMeters>
      <DistanceMeters>4462.8</DistanceMeters>
      <HeartRateBpm>
       <Value>156</Value>
      </HeartRateBpm>
      <Extensions>
       <TPX xmlns="http://www.garmin.com/xmlschemas/ActivityExtension/v2">
        <Speed>2.6</Speed>
       </TPX>
      </Extensions>
     </Trackpoint>
     <Trackpoint>
      <Time>2026-08-08T11:30:19Z</Time>
      <Position>
       <LatitudeDegrees>5.2337600</LatitudeDegrees>
       <LongitudeDegrees>100.4345730</LongitudeDegrees>
      </Position>
      <AltitudeMeters>5.7</AltitudeMeters>
      <DistanceMeters>4465.4</DistanceMeters>
      <HeartRateBpm>
       <Value>156</Value>
      </HeartRateBpm>
      <Extensions>
       <TPX xmlns="http://www.garmin.com/xmlschemas/ActivityExtension/v2">
        <Speed>2.6</Speed>
       </TPX>
      </Extensions>
     </Trackpoint>
     <Trackpoint>
      <Time>2026-08-08T11:30:20Z</Time>
      <Position>
       <LatitudeDegrees>5.2337830</LatitudeDegrees>
       <LongitudeDegrees>100.4345690</LongitudeDegrees>
      </Position>
      <AltitudeMeters>5.7</AltitudeMeters>
      <DistanceMeters>4467.9</DistanceMeters>
      <HeartRateBpm>
       <Value>156</Value>
      </HeartRateBpm>
      <Extensions>
       <TPX xmlns="http://www.garmin.com/xmlschemas/ActivityExtension/v2">
        <Speed>2.6</Speed>
       </TPX>
      </Extensions>
     </Trackpoint>
     <Trackpoint>
      <Time>2026-08-08T11:30:21Z</Time>
      <Position>
       <LatitudeDegrees>5.2338050</LatitudeDegrees>
       <LongitudeDegrees>100.4345640</LongitudeDegrees>
      </Position>
      <AltitudeMeters>5.6</AltitudeMeters>
      <DistanceMeters>4470.4</DistanceMeters>
      <HeartRateBpm>
       <Value>155</Value>
      </HeartRateBpm>
      <Extensions>
       <TPX xmlns="http://www.garmin.com/xmlschemas/ActivityExtension/v2">
        <Speed>2.5</Speed>
       </TPX>
      </Extensions>
     </Trackpoint>
     <Trackpoint>
      <Time>2026-08-08T11:30:22Z</Time>
      <Position>
       <LatitudeDegrees>5.2338240</LatitudeDegrees>
       <LongitudeDegrees>100.4345600</LongitudeDegrees>
      </Position>
      <AltitudeMeters>5.6</AltitudeMeters>
      <DistanceMeters>4472.6</DistanceMeters>
      <HeartRateBpm>
       <Value>157</Value>
      </HeartRateBpm>
      <Extensions>
       <TPX xmlns="http://www.garmin.com/xmlschemas/ActivityExtension/v2">
        <Speed>2.4</Speed>
       </TPX>
      </Extensions>
     </Trackpoint>
     <Trackpoint>
      <Time>2026-08-08T11:30:23Z</Time>
      <Position>
       <LatitudeDegrees>5.2338450</LatitudeDegrees>
       <LongitudeDegrees>100.4345570</LongitudeDegrees>
      </Position>
      <AltitudeMeters>5.6</AltitudeMeters>
      <DistanceMeters>4475.0</DistanceMeters>
      <HeartRateBpm>
       <Value>157</Value>
      </HeartRateBpm>
      <Extensions>
       <TPX xmlns="http://www.garmin.com/xmlschemas/ActivityExtension/v2">
        <Speed>2.4</Speed>
       </TPX>
      </Extensions>
     </Trackpoint>
     <Trackpoint>
      <Time>2026-08-08T11:30:24Z</Time>
      <Position>
       <LatitudeDegrees>5.2338650</LatitudeDegrees>
       <LongitudeDegrees>100.4345530</LongitudeDegrees>
      </Position>
      <AltitudeMeters>5.6</AltitudeMeters>
      <DistanceMeters>4477.3</DistanceMeters>
      <HeartRateBpm>
       <Value>156</Value>
      </HeartRateBpm>
      <Extensions>
       <TPX xmlns="http://www.garmin.com/xmlschemas/ActivityExtension/v2">
        <Speed>2.4</Speed>
       </TPX>
      </Extensions>
     </Trackpoint>
     <Trackpoint>
      <Time>2026-08-08T11:30:25Z</Time>
      <Position>
       <LatitudeDegrees>5.2338850</LatitudeDegrees>
       <LongitudeDegrees>100.4345490</LongitudeDegrees>
      </Position>
      <AltitudeMeters>5.6</AltitudeMeters>
      <DistanceMeters>4479.5</DistanceMeters>
      <HeartRateBpm>
       <Value>155</Value>
      </HeartRateBpm>
      <Extensions>
       <TPX xmlns="http://www.garmin.com/xmlschemas/ActivityExtension/v2">
        <Speed>2.3</Speed>
       </TPX>
      </Extensions>
     </Trackpoint>
     <Trackpoint>
      <Time>2026-08-08T11:30:26Z</Time>
      <Position>
       <LatitudeDegrees>5.2339030</LatitudeDegrees>
       <LongitudeDegrees>100.4345460</LongitudeDegrees>
      </Position>
      <AltitudeMeters>5.6</AltitudeMeters>
      <DistanceMeters>4481.5</DistanceMeters>
      <HeartRateBpm>
       <Value>156</Value>
      </HeartRateBpm>
      <Extensions>
       <TPX xmlns="http://www.garmin.com/xmlschemas/ActivityExtension/v2">
        <Speed>2.2</Speed>
       </TPX>
      </Extensions>
     </Trackpoint>
     <Trackpoint>
      <Time>2026-08-08T11:30:27Z</Time>
      <Position>
       <LatitudeDegrees>5.2339220</LatitudeDegrees>
       <LongitudeDegrees>100.4345420</LongitudeDegrees>
      </Position>
      <AltitudeMeters>5.6</AltitudeMeters>
      <DistanceMeters>4483.7</DistanceMeters>
      <HeartRateBpm>
       <Value>156</Value>
      </HeartRateBpm>
      <Extensions>
       <TPX xmlns="http://www.garmin.com/xmlschemas/ActivityExtension/v2">
        <Speed>2.2</Speed>
       </TPX>
      </Extensions>
     </Trackpoint>
     <Trackpoint>
      <Time>2026-08-08T11:30:28Z</Time>
      <Position>
       <LatitudeDegrees>5.2339420</LatitudeDegrees>
       <LongitudeDegrees>100.4345370</LongitudeDegrees>
      </Position>
      <AltitudeMeters>5.6</AltitudeMeters>
      <DistanceMeters>4486.0</DistanceMeters>
      <HeartRateBpm>
       <Value>155</Value>
      </HeartRateBpm>
      <Extensions>
       <TPX xmlns="http://www.garmin.com/xmlschemas/ActivityExtension/v2">
        <Speed>2.2</Speed>
       </TPX>
      </Extensions>
     </Trackpoint>
     <Trackpoint>
      <Time>2026-08-08T11:30:29Z</Time>
      <Position>
       <LatitudeDegrees>5.2339630</LatitudeDegrees>
       <LongitudeDegrees>100.4345320</LongitudeDegrees>
      </Position>
      <AltitudeMeters>5.6</AltitudeMeters>
      <DistanceMeters>4488.4</DistanceMeters>
      <HeartRateBpm>
       <Value>155</Value>
      </HeartRateBpm>
      <Extensions>
       <TPX xmlns="http://www.garmin.com/xmlschemas/ActivityExtension/v2">
        <Speed>2.2</Speed>
       </TPX>
      </Extensions>
     </Trackpoint>
     <Trackpoint>
      <Time>2026-08-08T11:30:30Z</Time>
      <Position>
       <LatitudeDegrees>5.2339810</LatitudeDegrees>
       <LongitudeDegrees>100.4345240</LongitudeDegrees>
      </Position>
      <AltitudeMeters>5.6</AltitudeMeters>
      <DistanceMeters>4490.5</DistanceMeters>
      <HeartRateBpm>
       <Value>156</Value>
      </HeartRateBpm>
      <Extensions>
       <TPX xmlns="http://www.garmin.com/xmlschemas/ActivityExtension/v2">
        <Speed>2.2</Speed>
       </TPX>
      </Extensions>
     </Trackpoint>
     <Trackpoint>
      <Time>2026-08-08T11:30:31Z</Time>
      <Position>
       <LatitudeDegrees>5.2339920</LatitudeDegrees>
       <LongitudeDegrees>100.4345090</LongitudeDegrees>
      </Position>
      <AltitudeMeters>5.6</AltitudeMeters>
      <DistanceMeters>4490.5</DistanceMeters>
      <HeartRateBpm>
       <Value>155</Value>
      </HeartRateBpm>
      <Extensions>
       <TPX xmlns="http://www.garmin.com/xmlschemas/ActivityExtension/v2">
        <Speed>1.8</Speed>
       </TPX>
      </Extensions>
     </Trackpoint>
     <Trackpoint>
      <Time>2026-08-08T11:30:32Z</Time>
      <Position>
       <LatitudeDegrees>5.2339990</LatitudeDegrees>
       <LongitudeDegrees>100.4344930</LongitudeDegrees>
      </Position>
      <AltitudeMeters>5.6</AltitudeMeters>
      <DistanceMeters>4494.5</DistanceMeters>
      <HeartRateBpm>
       <Value>155</Value>
      </HeartRateBpm>
      <Extensions>
       <TPX xmlns="http://www.garmin.com/xmlschemas/ActivityExtension/v2">
        <Speed>2.2</Speed>
       </TPX>
      </Extensions>
     </Trackpoint>
     <Trackpoint>
      <Time>2026-08-08T11:30:33Z</Time>
      <Position>
       <LatitudeDegrees>5.2340110</LatitudeDegrees>
       <LongitudeDegrees>100.4344790</LongitudeDegrees>
      </Position>
      <AltitudeMeters>5.6</AltitudeMeters>
      <DistanceMeters>4496.5</DistanceMeters>
      <HeartRateBpm>
       <Value>155</Value>
      </HeartRateBpm>
      <Extensions>
       <TPX xmlns="http://www.garmin.com/xmlschemas/ActivityExtension/v2">
        <Speed>2.1</Speed>
       </TPX>
      </Extensions>
     </Trackpoint>
     <Trackpoint>
      <Time>2026-08-08T11:30:34Z</Time>
      <Position>
       <LatitudeDegrees>5.2340310</LatitudeDegrees>
       <LongitudeDegrees>100.4344680</LongitudeDegrees>
      </Position>
      <AltitudeMeters>5.6</AltitudeMeters>
      <DistanceMeters>4499.0</DistanceMeters>
      <HeartRateBpm>
       <Value>155</Value>
      </HeartRateBpm>
      <Extensions>
       <TPX xmlns="http://www.garmin.com/xmlschemas/ActivityExtension/v2">
        <Speed>2.1</Speed>
       </TPX>
      </Extensions>
     </Trackpoint>
     <Trackpoint>
      <Time>2026-08-08T11:30:35Z</Time>
      <Position>
       <LatitudeDegrees>5.2340580</LatitudeDegrees>
       <LongitudeDegrees>100.4344590</LongitudeDegrees>
      </Position>
      <AltitudeMeters>5.6</AltitudeMeters>
      <DistanceMeters>4502.2</DistanceMeters>
      <HeartRateBpm>
       <Value>155</Value>
      </HeartRateBpm>
      <Extensions>
       <TPX xmlns="http://www.garmin.com/xmlschemas/ActivityExtension/v2">
        <Speed>2.3</Speed>
       </TPX>
      </Extensions>
     </Trackpoint>
     <Trackpoint>
      <Time>2026-08-08T11:30:36Z</Time>
      <Position>
       <LatitudeDegrees>5.2340830</LatitudeDegrees>
       <LongitudeDegrees>100.4344560</LongitudeDegrees>
      </Position>
      <AltitudeMeters>5.6</AltitudeMeters>
      <DistanceMeters>4505.0</DistanceMeters>
      <HeartRateBpm>
       <Value>154</Value>
      </HeartRateBpm>
      <Extensions>
       <TPX xmlns="http://www.garmin.com/xmlschemas/ActivityExtension/v2">
        <Speed>2.9</Speed>
       </TPX>
      </Extensions>
     </Trackpoint>
     <Trackpoint>
      <Time>2026-08-08T11:30:37Z</Time>
      <Position>
       <LatitudeDegrees>5.2341080</LatitudeDegrees>
       <LongitudeDegrees>100.4344530</LongitudeDegrees>
      </Position>
      <AltitudeMeters>5.6</AltitudeMeters>
      <DistanceMeters>4507.8</DistanceMeters>
      <HeartRateBpm>
       <Value>154</Value>
      </HeartRateBpm>
      <Extensions>
       <TPX xmlns="http://www.garmin.com/xmlschemas/ActivityExtension/v2">
        <Speed>2.7</Speed>
       </TPX>
      </Extensions>
     </Trackpoint>
     <Trackpoint>
      <Time>2026-08-08T11:30:38Z</Time>
      <Position>
       <LatitudeDegrees>5.2341340</LatitudeDegrees>
       <LongitudeDegrees>100.4344510</LongitudeDegrees>
      </Position>
      <AltitudeMeters>5.6</AltitudeMeters>
      <DistanceMeters>4510.7</DistanceMeters>
      <HeartRateBpm>
       <Value>155</Value>
      </HeartRateBpm>
      <Extensions>
       <TPX xmlns="http://www.garmin.com/xmlschemas/ActivityExtension/v2">
        <Speed>2.8</Speed>
       </TPX>
      </Extensions>
     </Trackpoint>
     <Trackpoint>
      <Time>2026-08-08T11:30:39Z</Time>
      <Position>
       <LatitudeDegrees>5.2341580</LatitudeDegrees>
       <LongitudeDegrees>100.4344520</LongitudeDegrees>
      </Position>
      <AltitudeMeters>5.6</AltitudeMeters>
      <DistanceMeters>4513.4</DistanceMeters>
      <HeartRateBpm>
       <Value>156</Value>
      </HeartRateBpm>
      <Extensions>
       <TPX xmlns="http://www.garmin.com/xmlschemas/ActivityExtension/v2">
        <Speed>2.9</Speed>
       </TPX>
      </Extensions>
     </Trackpoint>
     <Trackpoint>
      <Time>2026-08-08T11:30:40Z</Time>
      <Position>
       <LatitudeDegrees>5.2341840</LatitudeDegrees>
       <LongitudeDegrees>100.4344530</LongitudeDegrees>
      </Position>
      <AltitudeMeters>5.6</AltitudeMeters>
      <DistanceMeters>4516.2</DistanceMeters>
      <HeartRateBpm>
       <Value>158</Value>
      </HeartRateBpm>
      <Extensions>
       <TPX xmlns="http://www.garmin.com/xmlschemas/ActivityExtension/v2">
        <Speed>2.8</Speed>
       </TPX>
      </Extensions>
     </Trackpoint>
     <Trackpoint>
      <Time>2026-08-08T11:30:41Z</Time>
      <Position>
       <LatitudeDegrees>5.2342090</LatitudeDegrees>
       <LongitudeDegrees>100.4344490</LongitudeDegrees>
      </Position>
      <AltitudeMeters>5.6</AltitudeMeters>
      <DistanceMeters>4519.0</DistanceMeters>
      <HeartRateBpm>
       <Value>159</Value>
      </HeartRateBpm>
      <Extensions>
       <TPX xmlns="http://www.garmin.com/xmlschemas/ActivityExtension/v2">
        <Speed>2.8</Speed>
       </TPX>
      </Extensions>
     </Trackpoint>
     <Trackpoint>
      <Time>2026-08-08T11:30:42Z</Time>
      <Position>
       <LatitudeDegrees>5.2342310</LatitudeDegrees>
       <LongitudeDegrees>100.4344510</LongitudeDegrees>
      </Position>
      <AltitudeMeters>5.6</AltitudeMeters>
      <DistanceMeters>4521.5</DistanceMeters>
      <HeartRateBpm>
       <Value>159</Value>
      </HeartRateBpm>
      <Extensions>
       <TPX xmlns="http://www.garmin.com/xmlschemas/ActivityExtension/v2">
        <Speed>2.7</Speed>
       </TPX>
      </Extensions>
     </Trackpoint>
     <Trackpoint>
      <Time>2026-08-08T11:30:43Z</Time>
      <Position>
       <LatitudeDegrees>5.2342530</LatitudeDegrees>
       <LongitudeDegrees>100.4344500</LongitudeDegrees>
      </Position>
      <AltitudeMeters>5.6</AltitudeMeters>
      <DistanceMeters>4523.9</DistanceMeters>
      <HeartRateBpm>
       <Value>159</Value>
      </HeartRateBpm>
      <Extensions>
       <TPX xmlns="http://www.garmin.com/xmlschemas/ActivityExtension/v2">
        <Speed>2.6</Speed>
       </TPX>
      </Extensions>
     </Trackpoint>
     <Trackpoint>
      <Time>2026-08-08T11:30:44Z</Time>
      <Position>
       <LatitudeDegrees>5.2342760</LatitudeDegrees>
       <LongitudeDegrees>100.4344510</LongitudeDegrees>
      </Position>
      <AltitudeMeters>5.7</AltitudeMeters>
      <DistanceMeters>4526.4</DistanceMeters>
      <HeartRateBpm>
       <Value>158</Value>
      </HeartRateBpm>
      <Extensions>
       <TPX xmlns="http://www.garmin.com/xmlschemas/ActivityExtension/v2">
        <Speed>2.6</Speed>
       </TPX>
      </Extensions>
     </Trackpoint>
     <Trackpoint>
      <Time>2026-08-08T11:30:45Z</Time>
      <Position>
       <LatitudeDegrees>5.2343000</LatitudeDegrees>
       <LongitudeDegrees>100.4344520</LongitudeDegrees>
      </Position>
      <AltitudeMeters>5.7</AltitudeMeters>
      <DistanceMeters>4529.1</DistanceMeters>
      <HeartRateBpm>
       <Value>155</Value>
      </HeartRateBpm>
      <Extensions>
       <TPX xmlns="http://www.garmin.com/xmlschemas/ActivityExtension/v2">
        <Speed>2.6</Speed>
       </TPX>
      </Extensions>
     </Trackpoint>
     <Trackpoint>
      <Time>2026-08-08T11:30:46Z</Time>
      <Position>
       <LatitudeDegrees>5.2343190</LatitudeDegrees>
       <LongitudeDegrees>100.4344510</LongitudeDegrees>
      </Position>
      <AltitudeMeters>5.7</AltitudeMeters>
      <DistanceMeters>4531.2</DistanceMeters>
      <HeartRateBpm>
       <Value>153</Value>
      </HeartRateBpm>
      <Extensions>
       <TPX xmlns="http://www.garmin.com/xmlschemas/ActivityExtension/v2">
        <Speed>2.4</Speed>
       </TPX>
      </Extensions>
     </Trackpoint>
     <Trackpoint>
      <Time>2026-08-08T11:30:47Z</Time>
      <Position>
       <LatitudeDegrees>5.2343390</LatitudeDegrees>
       <LongitudeDegrees>100.4344490</LongitudeDegrees>
      </Position>
      <AltitudeMeters>5.7</AltitudeMeters>
      <DistanceMeters>4533.5</DistanceMeters>
      <HeartRateBpm>
       <Value>153</Value>
      </HeartRateBpm>
      <Extensions>
       <TPX xmlns="http://www.garmin.com/xmlschemas/ActivityExtension/v2">
        <Speed>2.4</Speed>
       </TPX>
      </Extensions>
     </Trackpoint>
     <Trackpoint>
      <Time>2026-08-08T11:30:48Z</Time>
      <Position>
       <LatitudeDegrees>5.2343590</LatitudeDegrees>
       <LongitudeDegrees>100.4344440</LongitudeDegrees>
      </Position>
      <AltitudeMeters>5.7</AltitudeMeters>
      <DistanceMeters>4535.8</DistanceMeters>
      <HeartRateBpm>
       <Value>153</Value>
      </HeartRateBpm>
      <Extensions>
       <TPX xmlns="http://www.garmin.com/xmlschemas/ActivityExtension/v2">
        <Speed>2.4</Speed>
       </TPX>
      </Extensions>
     </Trackpoint>
     <Trackpoint>
      <Time>2026-08-08T11:30:49Z</Time>
      <Position>
       <LatitudeDegrees>5.2343790</LatitudeDegrees>
       <LongitudeDegrees>100.4344360</LongitudeDegrees>
      </Position>
      <AltitudeMeters>5.7</AltitudeMeters>
      <DistanceMeters>4538.1</DistanceMeters>
      <HeartRateBpm>
       <Value>153</Value>
      </HeartRateBpm>
      <Extensions>
       <TPX xmlns="http://www.garmin.com/xmlschemas/ActivityExtension/v2">
        <Speed>2.3</Speed>
       </TPX>
      </Extensions>
     </Trackpoint>
     <Trackpoint>
      <Time>2026-08-08T11:30:50Z</Time>
      <Position>
       <LatitudeDegrees>5.2344000</LatitudeDegrees>
       <LongitudeDegrees>100.4344330</LongitudeDegrees>
      </Position>
      <AltitudeMeters>5.7</AltitudeMeters>
      <DistanceMeters>4540.5</DistanceMeters>
      <HeartRateBpm>
       <Value>153</Value>
      </HeartRateBpm>
      <Extensions>
       <TPX xmlns="http://www.garmin.com/xmlschemas/ActivityExtension/v2">
        <Speed>2.3</Speed>
       </TPX>
      </Extensions>
     </Trackpoint>
     <Trackpoint>
      <Time>2026-08-08T11:30:51Z</Time>
      <Position>
       <LatitudeDegrees>5.2344200</LatitudeDegrees>
       <LongitudeDegrees>100.4344290</LongitudeDegrees>
      </Position>
      <AltitudeMeters>5.7</AltitudeMeters>
      <DistanceMeters>4542.8</DistanceMeters>
      <HeartRateBpm>
       <Value>153</Value>
      </HeartRateBpm>
      <Extensions>
       <TPX xmlns="http://www.garmin.com/xmlschemas/ActivityExtension/v2">
        <Speed>2.3</Speed>
       </TPX>
      </Extensions>
     </Trackpoint>
     <Trackpoint>
      <Time>2026-08-08T11:30:52Z</Time>
      <Position>
       <LatitudeDegrees>5.2344410</LatitudeDegrees>
       <LongitudeDegrees>100.4344240</LongitudeDegrees>
      </Position>
      <AltitudeMeters>5.7</AltitudeMeters>
      <DistanceMeters>4545.2</DistanceMeters>
      <HeartRateBpm>
       <Value>153</Value>
      </HeartRateBpm>
      <Extensions>
       <TPX xmlns="http://www.garmin.com/xmlschemas/ActivityExtension/v2">
        <Speed>2.3</Speed>
       </TPX>
      </Extensions>
     </Trackpoint>
     <Trackpoint>
      <Time>2026-08-08T11:30:53Z</Time>
      <Position>
       <LatitudeDegrees>5.2344670</LatitudeDegrees>
       <LongitudeDegrees>100.4344170</LongitudeDegrees>
      </Position>
      <AltitudeMeters>5.6</AltitudeMeters>
      <DistanceMeters>4548.1</DistanceMeters>
      <HeartRateBpm>
       <Value>153</Value>
      </HeartRateBpm>
      <Extensions>
       <TPX xmlns="http://www.garmin.com/xmlschemas/ActivityExtension/v2">
        <Speed>2.5</Speed>
       </TPX>
      </Extensions>
     </Trackpoint>
     <Trackpoint>
      <Time>2026-08-08T11:30:54Z</Time>
      <Position>
       <LatitudeDegrees>5.2344850</LatitudeDegrees>
       <LongitudeDegrees>100.4344120</LongitudeDegrees>
      </Position>
      <AltitudeMeters>5.6</AltitudeMeters>
      <DistanceMeters>4550.2</DistanceMeters>
      <HeartRateBpm>
       <Value>153</Value>
      </HeartRateBpm>
      <Extensions>
       <TPX xmlns="http://www.garmin.com/xmlschemas/ActivityExtension/v2">
        <Speed>2.4</Speed>
       </TPX>
      </Extensions>
     </Trackpoint>
     <Trackpoint>
      <Time>2026-08-08T11:30:55Z</Time>
      <Position>
       <LatitudeDegrees>5.2345050</LatitudeDegrees>
       <LongitudeDegrees>100.4344060</LongitudeDegrees>
      </Position>
      <AltitudeMeters>5.6</AltitudeMeters>
      <DistanceMeters>4552.6</DistanceMeters>
      <HeartRateBpm>
       <Value>153</Value>
      </HeartRateBpm>
      <Extensions>
       <TPX xmlns="http://www.garmin.com/xmlschemas/ActivityExtension/v2">
        <Speed>2.4</Speed>
       </TPX>
      </Extensions>
     </Trackpoint>
     <Trackpoint>
      <Time>2026-08-08T11:30:56Z</Time>
      <Position>
       <LatitudeDegrees>5.2345270</LatitudeDegrees>
       <LongitudeDegrees>100.4343970</LongitudeDegrees>
      </Position>
      <AltitudeMeters>5.6</AltitudeMeters>
      <DistanceMeters>4555.2</DistanceMeters>
      <HeartRateBpm>
       <Value>154</Value>
      </HeartRateBpm>
      <Extensions>
       <TPX xmlns="http://www.garmin.com/xmlschemas/ActivityExtension/v2">
        <Speed>2.5</Speed>
       </TPX>
      </Extensions>
     </Trackpoint>
     <Trackpoint>
      <Time>2026-08-08T11:30:57Z</Time>
      <Position>
       <LatitudeDegrees>5.2345460</LatitudeDegrees>
       <LongitudeDegrees>100.4343900</LongitudeDegrees>
      </Position>
      <AltitudeMeters>5.6</AltitudeMeters>
      <DistanceMeters>4557.4</DistanceMeters>
      <HeartRateBpm>
       <Value>154</Value>
      </HeartRateBpm>
      <Extensions>
       <TPX xmlns="http://www.garmin.com/xmlschemas/ActivityExtension/v2">
        <Speed>2.4</Speed>
       </TPX>
      </Extensions>
     </Trackpoint>
     <Trackpoint>
      <Time>2026-08-08T11:30:58Z</Time>
      <Position>
       <LatitudeDegrees>5.2345630</LatitudeDegrees>
       <LongitudeDegrees>100.4343790</LongitudeDegrees>
      </Position>
      <AltitudeMeters>5.6</AltitudeMeters>
      <DistanceMeters>4559.7</DistanceMeters>
      <HeartRateBpm>
       <Value>156</Value>
      </HeartRateBpm>
      <Extensions>
       <TPX xmlns="http://www.garmin.com/xmlschemas/ActivityExtension/v2">
        <Speed>2.3</Speed>
       </TPX>
      </Extensions>
     </Trackpoint>
     <Trackpoint>
      <Time>2026-08-08T11:30:59Z</Time>
      <Position>
       <LatitudeDegrees>5.2345780</LatitudeDegrees>
       <LongitudeDegrees>100.4343670</LongitudeDegrees>
      </Position>
      <AltitudeMeters>5.6</AltitudeMeters>
      <DistanceMeters>4561.8</DistanceMeters>
      <HeartRateBpm>
       <Value>155</Value>
      </HeartRateBpm>
      <Extensions>
       <TPX xmlns="http://www.garmin.com/xmlschemas/ActivityExtension/v2">
        <Speed>2.3</Speed>
       </TPX>
      </Extensions>
     </Trackpoint>
     <Trackpoint>
      <Time>2026-08-08T11:31:00Z</Time>
      <Position>
       <LatitudeDegrees>5.2345980</LatitudeDegrees>
       <LongitudeDegrees>100.4343690</LongitudeDegrees>
      </Position>
      <AltitudeMeters>5.6</AltitudeMeters>
      <DistanceMeters>4564.1</DistanceMeters>
      <HeartRateBpm>
       <Value>156</Value>
      </HeartRateBpm>
      <Extensions>
       <TPX xmlns="http://www.garmin.com/xmlschemas/ActivityExtension/v2">
        <Speed>2.3</Speed>
       </TPX>
      </Extensions>
     </Trackpoint>
     <Trackpoint>
      <Time>2026-08-08T11:31:01Z</Time>
      <Position>
       <LatitudeDegrees>5.2346170</LatitudeDegrees>
       <LongitudeDegrees>100.4343730</LongitudeDegrees>
      </Position>
      <AltitudeMeters>5.6</AltitudeMeters>
      <DistanceMeters>4566.3</DistanceMeters>
      <HeartRateBpm>
       <Value>156</Value>
      </HeartRateBpm>
      <Extensions>
       <TPX xmlns="http://www.garmin.com/xmlschemas/ActivityExtension/v2">
        <Speed>2.2</Speed>
       </TPX>
      </Extensions>
     </Trackpoint>
     <Trackpoint>
      <Time>2026-08-08T11:31:02Z</Time>
      <Position>
       <LatitudeDegrees>5.2346380</LatitudeDegrees>
       <LongitudeDegrees>100.4343760</LongitudeDegrees>
      </Position>
      <AltitudeMeters>5.6</AltitudeMeters>
      <DistanceMeters>4568.6</DistanceMeters>
      <HeartRateBpm>
       <Value>155</Value>
      </HeartRateBpm>
      <Extensions>
       <TPX xmlns="http://www.garmin.com/xmlschemas/ActivityExtension/v2">
        <Speed>2.2</Speed>
       </TPX>
      </Extensions>
     </Trackpoint>
     <Trackpoint>
      <Time>2026-08-08T11:31:03Z</Time>
      <Position>
       <LatitudeDegrees>5.2346580</LatitudeDegrees>
       <LongitudeDegrees>100.4343850</LongitudeDegrees>
      </Position>
      <AltitudeMeters>5.6</AltitudeMeters>
      <DistanceMeters>4571.0</DistanceMeters>
      <HeartRateBpm>
       <Value>155</Value>
      </HeartRateBpm>
      <Extensions>
       <TPX xmlns="http://www.garmin.com/xmlschemas/ActivityExtension/v2">
        <Speed>2.3</Speed>
       </TPX>
      </Extensions>
     </Trackpoint>
     <Trackpoint>
      <Time>2026-08-08T11:31:04Z</Time>
      <Position>
       <LatitudeDegrees>5.2346830</LatitudeDegrees>
       <LongitudeDegrees>100.4343930</LongitudeDegrees>
      </Position>
      <AltitudeMeters>5.6</AltitudeMeters>
      <DistanceMeters>4573.9</DistanceMeters>
      <HeartRateBpm>
       <Value>154</Value>
      </HeartRateBpm>
      <Extensions>
       <TPX xmlns="http://www.garmin.com/xmlschemas/ActivityExtension/v2">
        <Speed>2.4</Speed>
       </TPX>
      </Extensions>
     </Trackpoint>
     <Trackpoint>
      <Time>2026-08-08T11:31:05Z</Time>
      <Position>
       <LatitudeDegrees>5.2347020</LatitudeDegrees>
       <LongitudeDegrees>100.4343930</LongitudeDegrees>
      </Position>
      <AltitudeMeters>5.6</AltitudeMeters>
      <DistanceMeters>4576.0</DistanceMeters>
      <HeartRateBpm>
       <Value>154</Value>
      </HeartRateBpm>
      <Extensions>
       <TPX xmlns="http://www.garmin.com/xmlschemas/ActivityExtension/v2">
        <Speed>2.4</Speed>
       </TPX>
      </Extensions>
     </Trackpoint>
     <Trackpoint>
      <Time>2026-08-08T11:31:06Z</Time>
      <Position>
       <LatitudeDegrees>5.2347240</LatitudeDegrees>
       <LongitudeDegrees>100.4343910</LongitudeDegrees>
      </Position>
      <AltitudeMeters>5.6</AltitudeMeters>
      <DistanceMeters>4578.4</DistanceMeters>
      <HeartRateBpm>
       <Value>154</Value>
      </HeartRateBpm>
      <Extensions>
       <TPX xmlns="http://www.garmin.com/xmlschemas/ActivityExtension/v2">
        <Speed>2.4</Speed>
       </TPX>
      </Extensions>
     </Trackpoint>
     <Trackpoint>
      <Time>2026-08-08T11:31:07Z</Time>
      <Position>
       <LatitudeDegrees>5.2347460</LatitudeDegrees>
       <LongitudeDegrees>100.4343880</LongitudeDegrees>
      </Position>
      <AltitudeMeters>5.6</AltitudeMeters>
      <DistanceMeters>4580.9</DistanceMeters>
      <HeartRateBpm>
       <Value>154</Value>
      </HeartRateBpm>
      <Extensions>
       <TPX xmlns="http://www.garmin.com/xmlschemas/ActivityExtension/v2">
        <Speed>2.5</Speed>
       </TPX>
      </Extensions>
     </Trackpoint>
     <Trackpoint>
      <Time>2026-08-08T11:31:08Z</Time>
      <Position>
       <LatitudeDegrees>5.2347650</LatitudeDegrees>
       <LongitudeDegrees>100.4343730</LongitudeDegrees>
      </Position>
      <AltitudeMeters>5.6</AltitudeMeters>
      <DistanceMeters>4583.5</DistanceMeters>
      <HeartRateBpm>
       <Value>155</Value>
      </HeartRateBpm>
      <Extensions>
       <TPX xmlns="http://www.garmin.com/xmlschemas/ActivityExtension/v2">
        <Speed>2.5</Speed>
       </TPX>
      </Extensions>
     </Trackpoint>
     <Trackpoint>
      <Time>2026-08-08T11:31:09Z</Time>
      <Position>
       <LatitudeDegrees>5.2347840</LatitudeDegrees>
       <LongitudeDegrees>100.4343630</LongitudeDegrees>
      </Position>
      <AltitudeMeters>5.6</AltitudeMeters>
      <DistanceMeters>4585.9</DistanceMeters>
      <HeartRateBpm>
       <Value>154</Value>
      </HeartRateBpm>
      <Extensions>
       <TPX xmlns="http://www.garmin.com/xmlschemas/ActivityExtension/v2">
        <Speed>2.4</Speed>
       </TPX>
      </Extensions>
     </Trackpoint>
     <Trackpoint>
      <Time>2026-08-08T11:31:10Z</Time>
      <Position>
       <LatitudeDegrees>5.2348030</LatitudeDegrees>
       <LongitudeDegrees>100.4343560</LongitudeDegrees>
      </Position>
      <AltitudeMeters>5.6</AltitudeMeters>
      <DistanceMeters>4588.2</DistanceMeters>
      <HeartRateBpm>
       <Value>155</Value>
      </HeartRateBpm>
      <Extensions>
       <TPX xmlns="http://www.garmin.com/xmlschemas/ActivityExtension/v2">
        <Speed>2.4</Speed>
       </TPX>
      </Extensions>
     </Trackpoint>
     <Trackpoint>
      <Time>2026-08-08T11:31:11Z</Time>
      <Position>
       <LatitudeDegrees>5.2348220</LatitudeDegrees>
       <LongitudeDegrees>100.4343470</LongitudeDegrees>
      </Position>
      <AltitudeMeters>5.6</AltitudeMeters>
      <DistanceMeters>4590.5</DistanceMeters>
      <HeartRateBpm>
       <Value>156</Value>
      </HeartRateBpm>
      <Extensions>
       <TPX xmlns="http://www.garmin.com/xmlschemas/ActivityExtension/v2">
        <Speed>2.4</Speed>
       </TPX>
      </Extensions>
     </Trackpoint>
     <Trackpoint>
      <Time>2026-08-08T11:31:12Z</Time>
      <Position>
       <LatitudeDegrees>5.2348410</LatitudeDegrees>
       <LongitudeDegrees>100.4343370</LongitudeDegrees>
      </Position>
      <AltitudeMeters>5.6</AltitudeMeters>
      <DistanceMeters>4592.9</DistanceMeters>
      <HeartRateBpm>
       <Value>156</Value>
      </HeartRateBpm>
      <Extensions>
       <TPX xmlns="http://www.garmin.com/xmlschemas/ActivityExtension/v2">
        <Speed>2.4</Speed>
       </TPX>
      </Extensions>
     </Trackpoint>
     <Trackpoint>
      <Time>2026-08-08T11:31:13Z</Time>
      <Position>
       <LatitudeDegrees>5.2348720</LatitudeDegrees>
       <LongitudeDegrees>100.4343250</LongitudeDegrees>
      </Position>
      <AltitudeMeters>5.6</AltitudeMeters>
      <DistanceMeters>4596.6</DistanceMeters>
      <HeartRateBpm>
       <Value>156</Value>
      </HeartRateBpm>
      <Extensions>
       <TPX xmlns="http://www.garmin.com/xmlschemas/ActivityExtension/v2">
        <Speed>2.6</Speed>
       </TPX>
      </Extensions>
     </Trackpoint>
     <Trackpoint>
      <Time>2026-08-08T11:31:14Z</Time>
      <Position>
       <LatitudeDegrees>5.2348860</LatitudeDegrees>
       <LongitudeDegrees>100.4343200</LongitudeDegrees>
      </Position>
      <AltitudeMeters>5.6</AltitudeMeters>
      <DistanceMeters>4596.6</DistanceMeters>
      <HeartRateBpm>
       <Value>156</Value>
      </HeartRateBpm>
      <Extensions>
       <TPX xmlns="http://www.garmin.com/xmlschemas/ActivityExtension/v2">
        <Speed>2.1</Speed>
       </TPX>
      </Extensions>
     </Trackpoint>
     <Trackpoint>
      <Time>2026-08-08T11:31:15Z</Time>
      <Position>
       <LatitudeDegrees>5.2349070</LatitudeDegrees>
       <LongitudeDegrees>100.4343130</LongitudeDegrees>
      </Position>
      <AltitudeMeters>5.6</AltitudeMeters>
      <DistanceMeters>4600.6</DistanceMeters>
      <HeartRateBpm>
       <Value>155</Value>
      </HeartRateBpm>
      <Extensions>
       <TPX xmlns="http://www.garmin.com/xmlschemas/ActivityExtension/v2">
        <Speed>2.5</Speed>
       </TPX>
      </Extensions>
     </Trackpoint>
     <Trackpoint>
      <Time>2026-08-08T11:31:16Z</Time>
      <Position>
       <LatitudeDegrees>5.2349310</LatitudeDegrees>
       <LongitudeDegrees>100.4343030</LongitudeDegrees>
      </Position>
      <AltitudeMeters>5.6</AltitudeMeters>
      <DistanceMeters>4603.5</DistanceMeters>
      <HeartRateBpm>
       <Value>154</Value>
      </HeartRateBpm>
      <Extensions>
       <TPX xmlns="http://www.garmin.com/xmlschemas/ActivityExtension/v2">
        <Speed>2.6</Speed>
       </TPX>
      </Extensions>
     </Trackpoint>
     <Trackpoint>
      <Time>2026-08-08T11:31:17Z</Time>
      <Position>
       <LatitudeDegrees>5.2349550</LatitudeDegrees>
       <LongitudeDegrees>100.4342980</LongitudeDegrees>
      </Position>
      <AltitudeMeters>5.6</AltitudeMeters>
      <DistanceMeters>4606.3</DistanceMeters>
      <HeartRateBpm>
       <Value>154</Value>
      </HeartRateBpm>
      <Extensions>
       <TPX xmlns="http://www.garmin.com/xmlschemas/ActivityExtension/v2">
        <Speed>2.7</Speed>
       </TPX>
      </Extensions>
     </Trackpoint>
     <Trackpoint>
      <Time>2026-08-08T11:31:18Z</Time>
      <Position>
       <LatitudeDegrees>5.2349800</LatitudeDegrees>
       <LongitudeDegrees>100.4342940</LongitudeDegrees>
      </Position>
      <AltitudeMeters>5.6</AltitudeMeters>
      <DistanceMeters>4609.1</DistanceMeters>
      <HeartRateBpm>
       <Value>154</Value>
      </HeartRateBpm>
      <Extensions>
       <TPX xmlns="http://www.garmin.com/xmlschemas/ActivityExtension/v2">
        <Speed>2.5</Speed>
       </TPX>
      </Extensions>
     </Trackpoint>
     <Trackpoint>
      <Time>2026-08-08T11:31:19Z</Time>
      <Position>
       <LatitudeDegrees>5.2350040</LatitudeDegrees>
       <LongitudeDegrees>100.4342910</LongitudeDegrees>
      </Position>
      <AltitudeMeters>5.6</AltitudeMeters>
      <DistanceMeters>4611.8</DistanceMeters>
      <HeartRateBpm>
       <Value>154</Value>
      </HeartRateBpm>
      <Extensions>
       <TPX xmlns="http://www.garmin.com/xmlschemas/ActivityExtension/v2">
        <Speed>3.0</Speed>
       </TPX>
      </Extensions>
     </Trackpoint>
     <Trackpoint>
      <Time>2026-08-08T11:31:20Z</Time>
      <Position>
       <LatitudeDegrees>5.2350260</LatitudeDegrees>
       <LongitudeDegrees>100.4342860</LongitudeDegrees>
      </Position>
      <AltitudeMeters>5.6</AltitudeMeters>
      <DistanceMeters>4614.3</DistanceMeters>
      <HeartRateBpm>
       <Value>154</Value>
      </HeartRateBpm>
      <Extensions>
       <TPX xmlns="http://www.garmin.com/xmlschemas/ActivityExtension/v2">
        <Speed>2.8</Speed>
       </TPX>
      </Extensions>
     </Trackpoint>
     <Trackpoint>
      <Time>2026-08-08T11:31:21Z</Time>
      <Position>
       <LatitudeDegrees>5.2350480</LatitudeDegrees>
       <LongitudeDegrees>100.4342810</LongitudeDegrees>
      </Position>
      <AltitudeMeters>5.6</AltitudeMeters>
      <DistanceMeters>4616.9</DistanceMeters>
      <HeartRateBpm>
       <Value>154</Value>
      </HeartRateBpm>
      <Extensions>
       <TPX xmlns="http://www.garmin.com/xmlschemas/ActivityExtension/v2">
        <Speed>2.7</Speed>
       </TPX>
      </Extensions>
     </Trackpoint>
     <Trackpoint>
      <Time>2026-08-08T11:31:22Z</Time>
      <Position>
       <LatitudeDegrees>5.2350690</LatitudeDegrees>
       <LongitudeDegrees>100.4342770</LongitudeDegrees>
      </Position>
      <AltitudeMeters>5.6</AltitudeMeters>
      <DistanceMeters>4619.2</DistanceMeters>
      <HeartRateBpm>
       <Value>154</Value>
      </HeartRateBpm>
      <Extensions>
       <TPX xmlns="http://www.garmin.com/xmlschemas/ActivityExtension/v2">
        <Speed>2.6</Speed>
       </TPX>
      </Extensions>
     </Trackpoint>
     <Trackpoint>
      <Time>2026-08-08T11:31:23Z</Time>
      <Position>
       <LatitudeDegrees>5.2350890</LatitudeDegrees>
       <LongitudeDegrees>100.4342710</LongitudeDegrees>
      </Position>
      <AltitudeMeters>5.6</AltitudeMeters>
      <DistanceMeters>4621.5</DistanceMeters>
      <HeartRateBpm>
       <Value>154</Value>
      </HeartRateBpm>
      <Extensions>
       <TPX xmlns="http://www.garmin.com/xmlschemas/ActivityExtension/v2">
        <Speed>2.5</Speed>
       </TPX>
      </Extensions>
     </Trackpoint>
     <Trackpoint>
      <Time>2026-08-08T11:31:24Z</Time>
      <Position>
       <LatitudeDegrees>5.2351090</LatitudeDegrees>
       <LongitudeDegrees>100.4342650</LongitudeDegrees>
      </Position>
      <AltitudeMeters>5.6</AltitudeMeters>
      <DistanceMeters>4623.8</DistanceMeters>
      <HeartRateBpm>
       <Value>154</Value>
      </HeartRateBpm>
      <Extensions>
       <TPX xmlns="http://www.garmin.com/xmlschemas/ActivityExtension/v2">
        <Speed>2.4</Speed>
       </TPX>
      </Extensions>
     </Trackpoint>
     <Trackpoint>
      <Time>2026-08-08T11:31:25Z</Time>
      <Position>
       <LatitudeDegrees>5.2351300</LatitudeDegrees>
       <LongitudeDegrees>100.4342590</LongitudeDegrees>
      </Position>
      <AltitudeMeters>5.6</AltitudeMeters>
      <DistanceMeters>4626.3</DistanceMeters>
      <HeartRateBpm>
       <Value>154</Value>
      </HeartRateBpm>
      <Extensions>
       <TPX xmlns="http://www.garmin.com/xmlschemas/ActivityExtension/v2">
        <Speed>2.4</Speed>
       </TPX>
      </Extensions>
     </Trackpoint>
     <Trackpoint>
      <Time>2026-08-08T11:31:26Z</Time>
      <Position>
       <LatitudeDegrees>5.2351530</LatitudeDegrees>
       <LongitudeDegrees>100.4342550</LongitudeDegrees>
      </Position>
      <AltitudeMeters>5.6</AltitudeMeters>
      <DistanceMeters>4628.8</DistanceMeters>
      <HeartRateBpm>
       <Value>154</Value>
      </HeartRateBpm>
      <Extensions>
       <TPX xmlns="http://www.garmin.com/xmlschemas/ActivityExtension/v2">
        <Speed>2.4</Speed>
       </TPX>
      </Extensions>
     </Trackpoint>
     <Trackpoint>
      <Time>2026-08-08T11:31:27Z</Time>
      <Position>
       <LatitudeDegrees>5.2351740</LatitudeDegrees>
       <LongitudeDegrees>100.4342490</LongitudeDegrees>
      </Position>
      <AltitudeMeters>5.6</AltitudeMeters>
      <DistanceMeters>4631.2</DistanceMeters>
      <HeartRateBpm>
       <Value>154</Value>
      </HeartRateBpm>
      <Extensions>
       <TPX xmlns="http://www.garmin.com/xmlschemas/ActivityExtension/v2">
        <Speed>2.4</Speed>
       </TPX>
      </Extensions>
     </Trackpoint>
     <Trackpoint>
      <Time>2026-08-08T11:31:28Z</Time>
      <Position>
       <LatitudeDegrees>5.2351960</LatitudeDegrees>
       <LongitudeDegrees>100.4342420</LongitudeDegrees>
      </Position>
      <AltitudeMeters>5.6</AltitudeMeters>
      <DistanceMeters>4633.8</DistanceMeters>
      <HeartRateBpm>
       <Value>154</Value>
      </HeartRateBpm>
      <Extensions>
       <TPX xmlns="http://www.garmin.com/xmlschemas/ActivityExtension/v2">
        <Speed>2.5</Speed>
       </TPX>
      </Extensions>
     </Trackpoint>
     <Trackpoint>
      <Time>2026-08-08T11:31:29Z</Time>
      <Position>
       <LatitudeDegrees>5.2352170</LatitudeDegrees>
       <LongitudeDegrees>100.4342340</LongitudeDegrees>
      </Position>
      <AltitudeMeters>5.6</AltitudeMeters>
      <DistanceMeters>4636.4</DistanceMeters>
      <HeartRateBpm>
       <Value>155</Value>
      </HeartRateBpm>
      <Extensions>
       <TPX xmlns="http://www.garmin.com/xmlschemas/ActivityExtension/v2">
        <Speed>2.5</Speed>
       </TPX>
      </Extensions>
     </Trackpoint>
     <Trackpoint>
      <Time>2026-08-08T11:31:30Z</Time>
      <Position>
       <LatitudeDegrees>5.2352410</LatitudeDegrees>
       <LongitudeDegrees>100.4342260</LongitudeDegrees>
      </Position>
      <AltitudeMeters>5.6</AltitudeMeters>
      <DistanceMeters>4639.2</DistanceMeters>
      <HeartRateBpm>
       <Value>156</Value>
      </HeartRateBpm>
      <Extensions>
       <TPX xmlns="http://www.garmin.com/xmlschemas/ActivityExtension/v2">
        <Speed>2.6</Speed>
       </TPX>
      </Extensions>
     </Trackpoint>
     <Trackpoint>
      <Time>2026-08-08T11:31:31Z</Time>
      <Position>
       <LatitudeDegrees>5.2352620</LatitudeDegrees>
       <LongitudeDegrees>100.4342220</LongitudeDegrees>
      </Position>
      <AltitudeMeters>5.6</AltitudeMeters>
      <DistanceMeters>4641.6</DistanceMeters>
      <HeartRateBpm>
       <Value>156</Value>
      </HeartRateBpm>
      <Extensions>
       <TPX xmlns="http://www.garmin.com/xmlschemas/ActivityExtension/v2">
        <Speed>2.6</Speed>
       </TPX>
      </Extensions>
     </Trackpoint>
     <Trackpoint>
      <Time>2026-08-08T11:31:32Z</Time>
      <Position>
       <LatitudeDegrees>5.2352830</LatitudeDegrees>
       <LongitudeDegrees>100.4342210</LongitudeDegrees>
      </Position>
      <AltitudeMeters>5.6</AltitudeMeters>
      <DistanceMeters>4643.9</DistanceMeters>
      <HeartRateBpm>
       <Value>155</Value>
      </HeartRateBpm>
      <Extensions>
       <TPX xmlns="http://www.garmin.com/xmlschemas/ActivityExtension/v2">
        <Speed>2.5</Speed>
       </TPX>
      </Extensions>
     </Trackpoint>
     <Trackpoint>
      <Time>2026-08-08T11:31:33Z</Time>
      <Position>
       <LatitudeDegrees>5.2353030</LatitudeDegrees>
       <LongitudeDegrees>100.4342160</LongitudeDegrees>
      </Position>
      <AltitudeMeters>5.6</AltitudeMeters>
      <DistanceMeters>4646.1</DistanceMeters>
      <HeartRateBpm>
       <Value>154</Value>
      </HeartRateBpm>
      <Extensions>
       <TPX xmlns="http://www.garmin.com/xmlschemas/ActivityExtension/v2">
        <Speed>2.5</Speed>
       </TPX>
      </Extensions>
     </Trackpoint>
     <Trackpoint>
      <Time>2026-08-08T11:31:34Z</Time>
      <Position>
       <LatitudeDegrees>5.2353200</LatitudeDegrees>
       <LongitudeDegrees>100.4342040</LongitudeDegrees>
      </Position>
      <AltitudeMeters>5.6</AltitudeMeters>
      <DistanceMeters>4648.4</DistanceMeters>
      <HeartRateBpm>
       <Value>154</Value>
      </HeartRateBpm>
      <Extensions>
       <TPX xmlns="http://www.garmin.com/xmlschemas/ActivityExtension/v2">
        <Speed>2.4</Speed>
       </TPX>
      </Extensions>
     </Trackpoint>
     <Trackpoint>
      <Time>2026-08-08T11:31:35Z</Time>
      <Position>
       <LatitudeDegrees>5.2353380</LatitudeDegrees>
       <LongitudeDegrees>100.4341950</LongitudeDegrees>
      </Position>
      <AltitudeMeters>5.6</AltitudeMeters>
      <DistanceMeters>4650.7</DistanceMeters>
      <HeartRateBpm>
       <Value>154</Value>
      </HeartRateBpm>
      <Extensions>
       <TPX xmlns="http://www.garmin.com/xmlschemas/ActivityExtension/v2">
        <Speed>2.3</Speed>
       </TPX>
      </Extensions>
     </Trackpoint>
     <Trackpoint>
      <Time>2026-08-08T11:31:36Z</Time>
      <Position>
       <LatitudeDegrees>5.2353570</LatitudeDegrees>
       <LongitudeDegrees>100.4341900</LongitudeDegrees>
      </Position>
      <AltitudeMeters>5.6</AltitudeMeters>
      <DistanceMeters>4652.8</DistanceMeters>
      <HeartRateBpm>
       <Value>154</Value>
      </HeartRateBpm>
      <Extensions>
       <TPX xmlns="http://www.garmin.com/xmlschemas/ActivityExtension/v2">
        <Speed>2.2</Speed>
       </TPX>
      </Extensions>
     </Trackpoint>
     <Trackpoint>
      <Time>2026-08-08T11:31:37Z</Time>
      <Position>
       <LatitudeDegrees>5.2353770</LatitudeDegrees>
       <LongitudeDegrees>100.4341840</LongitudeDegrees>
      </Position>
      <AltitudeMeters>5.6</AltitudeMeters>
      <DistanceMeters>4655.1</DistanceMeters>
      <HeartRateBpm>
       <Value>154</Value>
      </HeartRateBpm>
      <Extensions>
       <TPX xmlns="http://www.garmin.com/xmlschemas/ActivityExtension/v2">
        <Speed>2.2</Speed>
       </TPX>
      </Extensions>
     </Trackpoint>
     <Trackpoint>
      <Time>2026-08-08T11:31:38Z</Time>
      <Position>
       <LatitudeDegrees>5.2354000</LatitudeDegrees>
       <LongitudeDegrees>100.4341840</LongitudeDegrees>
      </Position>
      <AltitudeMeters>5.6</AltitudeMeters>
      <DistanceMeters>4657.7</DistanceMeters>
      <HeartRateBpm>
       <Value>153</Value>
      </HeartRateBpm>
      <Extensions>
       <TPX xmlns="http://www.garmin.com/xmlschemas/ActivityExtension/v2">
        <Speed>2.3</Speed>
       </TPX>
      </Extensions>
     </Trackpoint>
     <Trackpoint>
      <Time>2026-08-08T11:31:39Z</Time>
      <Position>
       <LatitudeDegrees>5.2354220</LatitudeDegrees>
       <LongitudeDegrees>100.4341840</LongitudeDegrees>
      </Position>
      <AltitudeMeters>5.6</AltitudeMeters>
      <DistanceMeters>4660.2</DistanceMeters>
      <HeartRateBpm>
       <Value>154</Value>
      </HeartRateBpm>
      <Extensions>
       <TPX xmlns="http://www.garmin.com/xmlschemas/ActivityExtension/v2">
        <Speed>2.4</Speed>
       </TPX>
      </Extensions>
     </Trackpoint>
     <Trackpoint>
      <Time>2026-08-08T11:31:40Z</Time>
      <Position>
       <LatitudeDegrees>5.2354460</LatitudeDegrees>
       <LongitudeDegrees>100.4341830</LongitudeDegrees>
      </Position>
      <AltitudeMeters>5.6</AltitudeMeters>
      <DistanceMeters>4662.9</DistanceMeters>
      <HeartRateBpm>
       <Value>153</Value>
      </HeartRateBpm>
      <Extensions>
       <TPX xmlns="http://www.garmin.com/xmlschemas/ActivityExtension/v2">
        <Speed>2.4</Speed>
       </TPX>
      </Extensions>
     </Trackpoint>
     <Trackpoint>
      <Time>2026-08-08T11:31:41Z</Time>
      <Position>
       <LatitudeDegrees>5.2354680</LatitudeDegrees>
       <LongitudeDegrees>100.4341820</LongitudeDegrees>
      </Position>
      <AltitudeMeters>5.6</AltitudeMeters>
      <DistanceMeters>4665.3</DistanceMeters>
      <HeartRateBpm>
       <Value>153</Value>
      </HeartRateBpm>
      <Extensions>
       <TPX xmlns="http://www.garmin.com/xmlschemas/ActivityExtension/v2">
        <Speed>2.5</Speed>
       </TPX>
      </Extensions>
     </Trackpoint>
     <Trackpoint>
      <Time>2026-08-08T11:31:42Z</Time>
      <Position>
       <LatitudeDegrees>5.2354920</LatitudeDegrees>
       <LongitudeDegrees>100.4341790</LongitudeDegrees>
      </Position>
      <AltitudeMeters>5.6</AltitudeMeters>
      <DistanceMeters>4668.0</DistanceMeters>
      <HeartRateBpm>
       <Value>154</Value>
      </HeartRateBpm>
      <Extensions>
       <TPX xmlns="http://www.garmin.com/xmlschemas/ActivityExtension/v2">
        <Speed>2.6</Speed>
       </TPX>
      </Extensions>
     </Trackpoint>
     <Trackpoint>
      <Time>2026-08-08T11:31:43Z</Time>
      <Position>
       <LatitudeDegrees>5.2355130</LatitudeDegrees>
       <LongitudeDegrees>100.4341730</LongitudeDegrees>
      </Position>
      <AltitudeMeters>5.6</AltitudeMeters>
      <DistanceMeters>4670.4</DistanceMeters>
      <HeartRateBpm>
       <Value>154</Value>
      </HeartRateBpm>
      <Extensions>
       <TPX xmlns="http://www.garmin.com/xmlschemas/ActivityExtension/v2">
        <Speed>2.5</Speed>
       </TPX>
      </Extensions>
     </Trackpoint>
     <Trackpoint>
      <Time>2026-08-08T11:31:44Z</Time>
      <Position>
       <LatitudeDegrees>5.2355360</LatitudeDegrees>
       <LongitudeDegrees>100.4341650</LongitudeDegrees>
      </Position>
      <AltitudeMeters>5.6</AltitudeMeters>
      <DistanceMeters>4673.1</DistanceMeters>
      <HeartRateBpm>
       <Value>154</Value>
      </HeartRateBpm>
      <Extensions>
       <TPX xmlns="http://www.garmin.com/xmlschemas/ActivityExtension/v2">
        <Speed>2.6</Speed>
       </TPX>
      </Extensions>
     </Trackpoint>
     <Trackpoint>
      <Time>2026-08-08T11:31:45Z</Time>
      <Position>
       <LatitudeDegrees>5.2355570</LatitudeDegrees>
       <LongitudeDegrees>100.4341530</LongitudeDegrees>
      </Position>
      <AltitudeMeters>5.6</AltitudeMeters>
      <DistanceMeters>4675.7</DistanceMeters>
      <HeartRateBpm>
       <Value>154</Value>
      </HeartRateBpm>
      <Extensions>
       <TPX xmlns="http://www.garmin.com/xmlschemas/ActivityExtension/v2">
        <Speed>2.6</Speed>
       </TPX>
      </Extensions>
     </Trackpoint>
     <Trackpoint>
      <Time>2026-08-08T11:31:46Z</Time>
      <Position>
       <LatitudeDegrees>5.2355750</LatitudeDegrees>
       <LongitudeDegrees>100.4341390</LongitudeDegrees>
      </Position>
      <AltitudeMeters>5.6</AltitudeMeters>
      <DistanceMeters>4678.2</DistanceMeters>
      <HeartRateBpm>
       <Value>154</Value>
      </HeartRateBpm>
      <Extensions>
       <TPX xmlns="http://www.garmin.com/xmlschemas/ActivityExtension/v2">
        <Speed>2.6</Speed>
       </TPX>
      </Extensions>
     </Trackpoint>
     <Trackpoint>
      <Time>2026-08-08T11:31:47Z</Time>
      <Position>
       <LatitudeDegrees>5.2355970</LatitudeDegrees>
       <LongitudeDegrees>100.4341320</LongitudeDegrees>
      </Position>
      <AltitudeMeters>5.6</AltitudeMeters>
      <DistanceMeters>4680.8</DistanceMeters>
      <HeartRateBpm>
       <Value>154</Value>
      </HeartRateBpm>
      <Extensions>
       <TPX xmlns="http://www.garmin.com/xmlschemas/ActivityExtension/v2">
        <Speed>2.6</Speed>
       </TPX>
      </Extensions>
     </Trackpoint>
     <Trackpoint>
      <Time>2026-08-08T11:31:48Z</Time>
      <Position>
       <LatitudeDegrees>5.2356200</LatitudeDegrees>
       <LongitudeDegrees>100.4341300</LongitudeDegrees>
      </Position>
      <AltitudeMeters>5.6</AltitudeMeters>
      <DistanceMeters>4683.3</DistanceMeters>
      <HeartRateBpm>
       <Value>154</Value>
      </HeartRateBpm>
      <Extensions>
       <TPX xmlns="http://www.garmin.com/xmlschemas/ActivityExtension/v2">
        <Speed>2.6</Speed>
       </TPX>
      </Extensions>
     </Trackpoint>
     <Trackpoint>
      <Time>2026-08-08T11:31:49Z</Time>
      <Position>
       <LatitudeDegrees>5.2356420</LatitudeDegrees>
       <LongitudeDegrees>100.4341260</LongitudeDegrees>
      </Position>
      <AltitudeMeters>5.6</AltitudeMeters>
      <DistanceMeters>4685.8</DistanceMeters>
      <HeartRateBpm>
       <Value>154</Value>
      </HeartRateBpm>
      <Extensions>
       <TPX xmlns="http://www.garmin.com/xmlschemas/ActivityExtension/v2">
        <Speed>2.5</Speed>
       </TPX>
      </Extensions>
     </Trackpoint>
     <Trackpoint>
      <Time>2026-08-08T11:31:50Z</Time>
      <Position>
       <LatitudeDegrees>5.2356680</LatitudeDegrees>
       <LongitudeDegrees>100.4341240</LongitudeDegrees>
      </Position>
      <AltitudeMeters>5.6</AltitudeMeters>
      <DistanceMeters>4688.7</DistanceMeters>
      <HeartRateBpm>
       <Value>154</Value>
      </HeartRateBpm>
      <Extensions>
       <TPX xmlns="http://www.garmin.com/xmlschemas/ActivityExtension/v2">
        <Speed>2.6</Speed>
       </TPX>
      </Extensions>
     </Trackpoint>
     <Trackpoint>
      <Time>2026-08-08T11:31:51Z</Time>
      <Position>
       <LatitudeDegrees>5.2356920</LatitudeDegrees>
       <LongitudeDegrees>100.4341220</LongitudeDegrees>
      </Position>
      <AltitudeMeters>5.6</AltitudeMeters>
      <DistanceMeters>4691.4</DistanceMeters>
      <HeartRateBpm>
       <Value>154</Value>
      </HeartRateBpm>
      <Extensions>
       <TPX xmlns="http://www.garmin.com/xmlschemas/ActivityExtension/v2">
        <Speed>2.6</Speed>
       </TPX>
      </Extensions>
     </Trackpoint>
     <Trackpoint>
      <Time>2026-08-08T11:31:52Z</Time>
      <Position>
       <LatitudeDegrees>5.2357160</LatitudeDegrees>
       <LongitudeDegrees>100.4341200</LongitudeDegrees>
      </Position>
      <AltitudeMeters>5.6</AltitudeMeters>
      <DistanceMeters>4694.1</DistanceMeters>
      <HeartRateBpm>
       <Value>154</Value>
      </HeartRateBpm>
      <Extensions>
       <TPX xmlns="http://www.garmin.com/xmlschemas/ActivityExtension/v2">
        <Speed>2.7</Speed>
       </TPX>
      </Extensions>
     </Trackpoint>
     <Trackpoint>
      <Time>2026-08-08T11:31:53Z</Time>
      <Position>
       <LatitudeDegrees>5.2357390</LatitudeDegrees>
       <LongitudeDegrees>100.4341160</LongitudeDegrees>
      </Position>
      <AltitudeMeters>5.6</AltitudeMeters>
      <DistanceMeters>4696.7</DistanceMeters>
      <HeartRateBpm>
       <Value>154</Value>
      </HeartRateBpm>
      <Extensions>
       <TPX xmlns="http://www.garmin.com/xmlschemas/ActivityExtension/v2">
        <Speed>2.7</Speed>
       </TPX>
      </Extensions>
     </Trackpoint>
     <Trackpoint>
      <Time>2026-08-08T11:31:54Z</Time>
      <Position>
       <LatitudeDegrees>5.2357630</LatitudeDegrees>
       <LongitudeDegrees>100.4341120</LongitudeDegrees>
      </Position>
      <AltitudeMeters>5.6</AltitudeMeters>
      <DistanceMeters>4699.4</DistanceMeters>
      <HeartRateBpm>
       <Value>154</Value>
      </HeartRateBpm>
      <Extensions>
       <TPX xmlns="http://www.garmin.com/xmlschemas/ActivityExtension/v2">
        <Speed>2.7</Speed>
       </TPX>
      </Extensions>
     </Trackpoint>
     <Trackpoint>
      <Time>2026-08-08T11:31:55Z</Time>
      <Position>
       <LatitudeDegrees>5.2357840</LatitudeDegrees>
       <LongitudeDegrees>100.4341060</LongitudeDegrees>
      </Position>
      <AltitudeMeters>5.6</AltitudeMeters>
      <DistanceMeters>4701.8</DistanceMeters>
      <HeartRateBpm>
       <Value>154</Value>
      </HeartRateBpm>
      <Extensions>
       <TPX xmlns="http://www.garmin.com/xmlschemas/ActivityExtension/v2">
        <Speed>2.6</Speed>
       </TPX>
      </Extensions>
     </Trackpoint>
     <Trackpoint>
      <Time>2026-08-08T11:31:56Z</Time>
      <Position>
       <LatitudeDegrees>5.2358060</LatitudeDegrees>
       <LongitudeDegrees>100.4341020</LongitudeDegrees>
      </Position>
      <AltitudeMeters>5.6</AltitudeMeters>
      <DistanceMeters>4704.3</DistanceMeters>
      <HeartRateBpm>
       <Value>154</Value>
      </HeartRateBpm>
      <Extensions>
       <TPX xmlns="http://www.garmin.com/xmlschemas/ActivityExtension/v2">
        <Speed>2.6</Speed>
       </TPX>
      </Extensions>
     </Trackpoint>
     <Trackpoint>
      <Time>2026-08-08T11:31:57Z</Time>
      <Position>
       <LatitudeDegrees>5.2358280</LatitudeDegrees>
       <LongitudeDegrees>100.4340970</LongitudeDegrees>
      </Position>
      <AltitudeMeters>5.6</AltitudeMeters>
      <DistanceMeters>4706.8</DistanceMeters>
      <HeartRateBpm>
       <Value>154</Value>
      </HeartRateBpm>
      <Extensions>
       <TPX xmlns="http://www.garmin.com/xmlschemas/ActivityExtension/v2">
        <Speed>2.5</Speed>
       </TPX>
      </Extensions>
     </Trackpoint>
     <Trackpoint>
      <Time>2026-08-08T11:31:58Z</Time>
      <Position>
       <LatitudeDegrees>5.2358510</LatitudeDegrees>
       <LongitudeDegrees>100.4340900</LongitudeDegrees>
      </Position>
      <AltitudeMeters>5.6</AltitudeMeters>
      <DistanceMeters>4709.4</DistanceMeters>
      <HeartRateBpm>
       <Value>154</Value>
      </HeartRateBpm>
      <Extensions>
       <TPX xmlns="http://www.garmin.com/xmlschemas/ActivityExtension/v2">
        <Speed>2.5</Speed>
       </TPX>
      </Extensions>
     </Trackpoint>
     <Trackpoint>
      <Time>2026-08-08T11:31:59Z</Time>
      <Position>
       <LatitudeDegrees>5.2358730</LatitudeDegrees>
       <LongitudeDegrees>100.4340840</LongitudeDegrees>
      </Position>
      <AltitudeMeters>5.6</AltitudeMeters>
      <DistanceMeters>4711.9</DistanceMeters>
      <HeartRateBpm>
       <Value>154</Value>
      </HeartRateBpm>
      <Extensions>
       <TPX xmlns="http://www.garmin.com/xmlschemas/ActivityExtension/v2">
        <Speed>2.5</Speed>
       </TPX>
      </Extensions>
     </Trackpoint>
     <Trackpoint>
      <Time>2026-08-08T11:32:00Z</Time>
      <Position>
       <LatitudeDegrees>5.2358950</LatitudeDegrees>
       <LongitudeDegrees>100.4340780</LongitudeDegrees>
      </Position>
      <AltitudeMeters>5.6</AltitudeMeters>
      <DistanceMeters>4714.5</DistanceMeters>
      <HeartRateBpm>
       <Value>155</Value>
      </HeartRateBpm>
      <Extensions>
       <TPX xmlns="http://www.garmin.com/xmlschemas/ActivityExtension/v2">
        <Speed>2.5</Speed>
       </TPX>
      </Extensions>
     </Trackpoint>
     <Trackpoint>
      <Time>2026-08-08T11:32:01Z</Time>
      <Position>
       <LatitudeDegrees>5.2359160</LatitudeDegrees>
       <LongitudeDegrees>100.4340700</LongitudeDegrees>
      </Position>
      <AltitudeMeters>5.6</AltitudeMeters>
      <DistanceMeters>4717.1</DistanceMeters>
      <HeartRateBpm>
       <Value>155</Value>
      </HeartRateBpm>
      <Extensions>
       <TPX xmlns="http://www.garmin.com/xmlschemas/ActivityExtension/v2">
        <Speed>2.6</Speed>
       </TPX>
      </Extensions>
     </Trackpoint>
     <Trackpoint>
      <Time>2026-08-08T11:32:02Z</Time>
      <Position>
       <LatitudeDegrees>5.2359360</LatitudeDegrees>
       <LongitudeDegrees>100.4340600</LongitudeDegrees>
      </Position>
      <AltitudeMeters>5.6</AltitudeMeters>
      <DistanceMeters>4719.6</DistanceMeters>
      <HeartRateBpm>
       <Value>155</Value>
      </HeartRateBpm>
      <Extensions>
       <TPX xmlns="http://www.garmin.com/xmlschemas/ActivityExtension/v2">
        <Speed>2.6</Speed>
       </TPX>
      </Extensions>
     </Trackpoint>
     <Trackpoint>
      <Time>2026-08-08T11:32:03Z</Time>
      <Position>
       <LatitudeDegrees>5.2359560</LatitudeDegrees>
       <LongitudeDegrees>100.4340560</LongitudeDegrees>
      </Position>
      <AltitudeMeters>5.6</AltitudeMeters>
      <DistanceMeters>4721.8</DistanceMeters>
      <HeartRateBpm>
       <Value>155</Value>
      </HeartRateBpm>
      <Extensions>
       <TPX xmlns="http://www.garmin.com/xmlschemas/ActivityExtension/v2">
        <Speed>2.5</Speed>
       </TPX>
      </Extensions>
     </Trackpoint>
     <Trackpoint>
      <Time>2026-08-08T11:32:04Z</Time>
      <Position>
       <LatitudeDegrees>5.2359800</LatitudeDegrees>
       <LongitudeDegrees>100.4340530</LongitudeDegrees>
      </Position>
      <AltitudeMeters>5.6</AltitudeMeters>
      <DistanceMeters>4724.5</DistanceMeters>
      <HeartRateBpm>
       <Value>155</Value>
      </HeartRateBpm>
      <Extensions>
       <TPX xmlns="http://www.garmin.com/xmlschemas/ActivityExtension/v2">
        <Speed>2.5</Speed>
       </TPX>
      </Extensions>
     </Trackpoint>
     <Trackpoint>
      <Time>2026-08-08T11:32:05Z</Time>
      <Position>
       <LatitudeDegrees>5.2360030</LatitudeDegrees>
       <LongitudeDegrees>100.4340540</LongitudeDegrees>
      </Position>
      <AltitudeMeters>5.6</AltitudeMeters>
      <DistanceMeters>4727.0</DistanceMeters>
      <HeartRateBpm>
       <Value>155</Value>
      </HeartRateBpm>
      <Extensions>
       <TPX xmlns="http://www.garmin.com/xmlschemas/ActivityExtension/v2">
        <Speed>2.5</Speed>
       </TPX>
      </Extensions>
     </Trackpoint>
     <Trackpoint>
      <Time>2026-08-08T11:32:06Z</Time>
      <Position>
       <LatitudeDegrees>5.2360260</LatitudeDegrees>
       <LongitudeDegrees>100.4340520</LongitudeDegrees>
      </Position>
      <AltitudeMeters>5.6</AltitudeMeters>
      <DistanceMeters>4729.5</DistanceMeters>
      <HeartRateBpm>
       <Value>155</Value>
      </HeartRateBpm>
      <Extensions>
       <TPX xmlns="http://www.garmin.com/xmlschemas/ActivityExtension/v2">
        <Speed>2.5</Speed>
       </TPX>
      </Extensions>
     </Trackpoint>
     <Trackpoint>
      <Time>2026-08-08T11:32:07Z</Time>
      <Position>
       <LatitudeDegrees>5.2360510</LatitudeDegrees>
       <LongitudeDegrees>100.4340500</LongitudeDegrees>
      </Position>
      <AltitudeMeters>5.6</AltitudeMeters>
      <DistanceMeters>4732.3</DistanceMeters>
      <HeartRateBpm>
       <Value>155</Value>
      </HeartRateBpm>
      <Extensions>
       <TPX xmlns="http://www.garmin.com/xmlschemas/ActivityExtension/v2">
        <Speed>2.5</Speed>
       </TPX>
      </Extensions>
     </Trackpoint>
     <Trackpoint>
      <Time>2026-08-08T11:32:08Z</Time>
      <Position>
       <LatitudeDegrees>5.2360740</LatitudeDegrees>
       <LongitudeDegrees>100.4340520</LongitudeDegrees>
      </Position>
      <AltitudeMeters>5.6</AltitudeMeters>
      <DistanceMeters>4734.9</DistanceMeters>
      <HeartRateBpm>
       <Value>155</Value>
      </HeartRateBpm>
      <Extensions>
       <TPX xmlns="http://www.garmin.com/xmlschemas/ActivityExtension/v2">
        <Speed>2.6</Speed>
       </TPX>
      </Extensions>
     </Trackpoint>
     <Trackpoint>
      <Time>2026-08-08T11:32:09Z</Time>
      <Position>
       <LatitudeDegrees>5.2361000</LatitudeDegrees>
       <LongitudeDegrees>100.4340500</LongitudeDegrees>
      </Position>
      <AltitudeMeters>5.6</AltitudeMeters>
      <DistanceMeters>4737.8</DistanceMeters>
      <HeartRateBpm>
       <Value>155</Value>
      </HeartRateBpm>
      <Extensions>
       <TPX xmlns="http://www.garmin.com/xmlschemas/ActivityExtension/v2">
        <Speed>2.7</Speed>
       </TPX>
      </Extensions>
     </Trackpoint>
     <Trackpoint>
      <Time>2026-08-08T11:32:10Z</Time>
      <Position>
       <LatitudeDegrees>5.2361260</LatitudeDegrees>
       <LongitudeDegrees>100.4340450</LongitudeDegrees>
      </Position>
      <AltitudeMeters>5.6</AltitudeMeters>
      <DistanceMeters>4740.7</DistanceMeters>
      <HeartRateBpm>
       <Value>155</Value>
      </HeartRateBpm>
      <Extensions>
       <TPX xmlns="http://www.garmin.com/xmlschemas/ActivityExtension/v2">
        <Speed>2.7</Speed>
       </TPX>
      </Extensions>
     </Trackpoint>
     <Trackpoint>
      <Time>2026-08-08T11:32:11Z</Time>
      <Position>
       <LatitudeDegrees>5.2361470</LatitudeDegrees>
       <LongitudeDegrees>100.4340350</LongitudeDegrees>
      </Position>
      <AltitudeMeters>5.6</AltitudeMeters>
      <DistanceMeters>4743.3</DistanceMeters>
      <HeartRateBpm>
       <Value>155</Value>
      </HeartRateBpm>
      <Extensions>
       <TPX xmlns="http://www.garmin.com/xmlschemas/ActivityExtension/v2">
        <Speed>2.8</Speed>
       </TPX>
      </Extensions>
     </Trackpoint>
     <Trackpoint>
      <Time>2026-08-08T11:32:12Z</Time>
      <Position>
       <LatitudeDegrees>5.2361700</LatitudeDegrees>
       <LongitudeDegrees>100.4340270</LongitudeDegrees>
      </Position>
      <AltitudeMeters>5.6</AltitudeMeters>
      <DistanceMeters>4746.0</DistanceMeters>
      <HeartRateBpm>
       <Value>156</Value>
      </HeartRateBpm>
      <Extensions>
       <TPX xmlns="http://www.garmin.com/xmlschemas/ActivityExtension/v2">
        <Speed>2.7</Speed>
       </TPX>
      </Extensions>
     </Trackpoint>
     <Trackpoint>
      <Time>2026-08-08T11:32:13Z</Time>
      <Position>
       <LatitudeDegrees>5.2361920</LatitudeDegrees>
       <LongitudeDegrees>100.4340180</LongitudeDegrees>
      </Position>
      <AltitudeMeters>5.6</AltitudeMeters>
      <DistanceMeters>4748.6</DistanceMeters>
      <HeartRateBpm>
       <Value>156</Value>
      </HeartRateBpm>
      <Extensions>
       <TPX xmlns="http://www.garmin.com/xmlschemas/ActivityExtension/v2">
        <Speed>2.7</Speed>
       </TPX>
      </Extensions>
     </Trackpoint>
     <Trackpoint>
      <Time>2026-08-08T11:32:14Z</Time>
      <Position>
       <LatitudeDegrees>5.2362090</LatitudeDegrees>
       <LongitudeDegrees>100.4340070</LongitudeDegrees>
      </Position>
      <AltitudeMeters>5.6</AltitudeMeters>
      <DistanceMeters>4750.8</DistanceMeters>
      <HeartRateBpm>
       <Value>155</Value>
      </HeartRateBpm>
      <Extensions>
       <TPX xmlns="http://www.garmin.com/xmlschemas/ActivityExtension/v2">
        <Speed>2.6</Speed>
       </TPX>
      </Extensions>
     </Trackpoint>
     <Trackpoint>
      <Time>2026-08-08T11:32:15Z</Time>
      <Position>
       <LatitudeDegrees>5.2362300</LatitudeDegrees>
       <LongitudeDegrees>100.4340040</LongitudeDegrees>
      </Position>
      <AltitudeMeters>5.6</AltitudeMeters>
      <DistanceMeters>4753.1</DistanceMeters>
      <HeartRateBpm>
       <Value>155</Value>
      </HeartRateBpm>
      <Extensions>
       <TPX xmlns="http://www.garmin.com/xmlschemas/ActivityExtension/v2">
        <Speed>2.5</Speed>
       </TPX>
      </Extensions>
     </Trackpoint>
     <Trackpoint>
      <Time>2026-08-08T11:32:16Z</Time>
      <Position>
       <LatitudeDegrees>5.2362510</LatitudeDegrees>
       <LongitudeDegrees>100.4340030</LongitudeDegrees>
      </Position>
      <AltitudeMeters>5.6</AltitudeMeters>
      <DistanceMeters>4755.4</DistanceMeters>
      <HeartRateBpm>
       <Value>155</Value>
      </HeartRateBpm>
      <Extensions>
       <TPX xmlns="http://www.garmin.com/xmlschemas/ActivityExtension/v2">
        <Speed>2.4</Speed>
       </TPX>
      </Extensions>
     </Trackpoint>
     <Trackpoint>
      <Time>2026-08-08T11:32:17Z</Time>
      <Position>
       <LatitudeDegrees>5.2362720</LatitudeDegrees>
       <LongitudeDegrees>100.4340050</LongitudeDegrees>
      </Position>
      <AltitudeMeters>5.6</AltitudeMeters>
      <DistanceMeters>4757.8</DistanceMeters>
      <HeartRateBpm>
       <Value>154</Value>
      </HeartRateBpm>
      <Extensions>
       <TPX xmlns="http://www.garmin.com/xmlschemas/ActivityExtension/v2">
        <Speed>2.4</Speed>
       </TPX>
      </Extensions>
     </Trackpoint>
     <Trackpoint>
      <Time>2026-08-08T11:32:18Z</Time>
      <Position>
       <LatitudeDegrees>5.2362960</LatitudeDegrees>
       <LongitudeDegrees>100.4339950</LongitudeDegrees>
      </Position>
      <AltitudeMeters>5.6</AltitudeMeters>
      <DistanceMeters>4760.7</DistanceMeters>
      <HeartRateBpm>
       <Value>154</Value>
      </HeartRateBpm>
      <Extensions>
       <TPX xmlns="http://www.garmin.com/xmlschemas/ActivityExtension/v2">
        <Speed>2.4</Speed>
       </TPX>
      </Extensions>
     </Trackpoint>
     <Trackpoint>
      <Time>2026-08-08T11:32:19Z</Time>
      <Position>
       <LatitudeDegrees>5.2363200</LatitudeDegrees>
       <LongitudeDegrees>100.4339870</LongitudeDegrees>
      </Position>
      <AltitudeMeters>5.6</AltitudeMeters>
      <DistanceMeters>4763.5</DistanceMeters>
      <HeartRateBpm>
       <Value>154</Value>
      </HeartRateBpm>
      <Extensions>
       <TPX xmlns="http://www.garmin.com/xmlschemas/ActivityExtension/v2">
        <Speed>2.5</Speed>
       </TPX>
      </Extensions>
     </Trackpoint>
     <Trackpoint>
      <Time>2026-08-08T11:32:20Z</Time>
      <Position>
       <LatitudeDegrees>5.2363420</LatitudeDegrees>
       <LongitudeDegrees>100.4339790</LongitudeDegrees>
      </Position>
      <AltitudeMeters>5.6</AltitudeMeters>
      <DistanceMeters>4766.1</DistanceMeters>
      <HeartRateBpm>
       <Value>154</Value>
      </HeartRateBpm>
      <Extensions>
       <TPX xmlns="http://www.garmin.com/xmlschemas/ActivityExtension/v2">
        <Speed>2.6</Speed>
       </TPX>
      </Extensions>
     </Trackpoint>
     <Trackpoint>
      <Time>2026-08-08T11:32:21Z</Time>
      <Position>
       <LatitudeDegrees>5.2363650</LatitudeDegrees>
       <LongitudeDegrees>100.4339730</LongitudeDegrees>
      </Position>
      <AltitudeMeters>5.6</AltitudeMeters>
      <DistanceMeters>4768.7</DistanceMeters>
      <HeartRateBpm>
       <Value>155</Value>
      </HeartRateBpm>
      <Extensions>
       <TPX xmlns="http://www.garmin.com/xmlschemas/ActivityExtension/v2">
        <Speed>2.7</Speed>
       </TPX>
      </Extensions>
     </Trackpoint>
     <Trackpoint>
      <Time>2026-08-08T11:32:22Z</Time>
      <Position>
       <LatitudeDegrees>5.2363880</LatitudeDegrees>
       <LongitudeDegrees>100.4339680</LongitudeDegrees>
      </Position>
      <AltitudeMeters>5.6</AltitudeMeters>
      <DistanceMeters>4771.3</DistanceMeters>
      <HeartRateBpm>
       <Value>155</Value>
      </HeartRateBpm>
      <Extensions>
       <TPX xmlns="http://www.garmin.com/xmlschemas/ActivityExtension/v2">
        <Speed>2.7</Speed>
       </TPX>
      </Extensions>
     </Trackpoint>
     <Trackpoint>
      <Time>2026-08-08T11:32:23Z</Time>
      <Position>
       <LatitudeDegrees>5.2364080</LatitudeDegrees>
       <LongitudeDegrees>100.4339650</LongitudeDegrees>
      </Position>
      <AltitudeMeters>5.6</AltitudeMeters>
      <DistanceMeters>4773.5</DistanceMeters>
      <HeartRateBpm>
       <Value>154</Value>
      </HeartRateBpm>
      <Extensions>
       <TPX xmlns="http://www.garmin.com/xmlschemas/ActivityExtension/v2">
        <Speed>2.6</Speed>
       </TPX>
      </Extensions>
     </Trackpoint>
     <Trackpoint>
      <Time>2026-08-08T11:32:24Z</Time>
      <Position>
       <LatitudeDegrees>5.2364320</LatitudeDegrees>
       <LongitudeDegrees>100.4339600</LongitudeDegrees>
      </Position>
      <AltitudeMeters>5.6</AltitudeMeters>
      <DistanceMeters>4776.3</DistanceMeters>
      <HeartRateBpm>
       <Value>154</Value>
      </HeartRateBpm>
      <Extensions>
       <TPX xmlns="http://www.garmin.com/xmlschemas/ActivityExtension/v2">
        <Speed>2.6</Speed>
       </TPX>
      </Extensions>
     </Trackpoint>
     <Trackpoint>
      <Time>2026-08-08T11:32:25Z</Time>
      <Position>
       <LatitudeDegrees>5.2364520</LatitudeDegrees>
       <LongitudeDegrees>100.4339560</LongitudeDegrees>
      </Position>
      <AltitudeMeters>5.6</AltitudeMeters>
      <DistanceMeters>4778.6</DistanceMeters>
      <HeartRateBpm>
       <Value>155</Value>
      </HeartRateBpm>
      <Extensions>
       <TPX xmlns="http://www.garmin.com/xmlschemas/ActivityExtension/v2">
        <Speed>2.5</Speed>
       </TPX>
      </Extensions>
     </Trackpoint>
     <Trackpoint>
      <Time>2026-08-08T11:32:26Z</Time>
      <Position>
       <LatitudeDegrees>5.2364770</LatitudeDegrees>
       <LongitudeDegrees>100.4339520</LongitudeDegrees>
      </Position>
      <AltitudeMeters>5.6</AltitudeMeters>
      <DistanceMeters>4781.4</DistanceMeters>
      <HeartRateBpm>
       <Value>155</Value>
      </HeartRateBpm>
      <Extensions>
       <TPX xmlns="http://www.garmin.com/xmlschemas/ActivityExtension/v2">
        <Speed>2.5</Speed>
       </TPX>
      </Extensions>
     </Trackpoint>
     <Trackpoint>
      <Time>2026-08-08T11:32:27Z</Time>
      <Position>
       <LatitudeDegrees>5.2365020</LatitudeDegrees>
       <LongitudeDegrees>100.4339550</LongitudeDegrees>
      </Position>
      <AltitudeMeters>5.6</AltitudeMeters>
      <DistanceMeters>4784.1</DistanceMeters>
      <HeartRateBpm>
       <Value>155</Value>
      </HeartRateBpm>
      <Extensions>
       <TPX xmlns="http://www.garmin.com/xmlschemas/ActivityExtension/v2">
        <Speed>2.6</Speed>
       </TPX>
      </Extensions>
     </Trackpoint>
     <Trackpoint>
      <Time>2026-08-08T11:32:28Z</Time>
      <Position>
       <LatitudeDegrees>5.2365230</LatitudeDegrees>
       <LongitudeDegrees>100.4339680</LongitudeDegrees>
      </Position>
      <AltitudeMeters>5.6</AltitudeMeters>
      <DistanceMeters>4786.8</DistanceMeters>
      <HeartRateBpm>
       <Value>156</Value>
      </HeartRateBpm>
      <Extensions>
       <TPX xmlns="http://www.garmin.com/xmlschemas/ActivityExtension/v2">
        <Speed>2.7</Speed>
       </TPX>
      </Extensions>
     </Trackpoint>
     <Trackpoint>
      <Time>2026-08-08T11:32:29Z</Time>
      <Position>
       <LatitudeDegrees>5.2365420</LatitudeDegrees>
       <LongitudeDegrees>100.4339830</LongitudeDegrees>
      </Position>
      <AltitudeMeters>5.6</AltitudeMeters>
      <DistanceMeters>4789.5</DistanceMeters>
      <HeartRateBpm>
       <Value>156</Value>
      </HeartRateBpm>
      <Extensions>
       <TPX xmlns="http://www.garmin.com/xmlschemas/ActivityExtension/v2">
        <Speed>2.6</Speed>
       </TPX>
      </Extensions>
     </Trackpoint>
     <Trackpoint>
      <Time>2026-08-08T11:32:30Z</Time>
      <Position>
       <LatitudeDegrees>5.2365590</LatitudeDegrees>
       <LongitudeDegrees>100.4339990</LongitudeDegrees>
      </Position>
      <AltitudeMeters>5.6</AltitudeMeters>
      <DistanceMeters>4792.1</DistanceMeters>
      <HeartRateBpm>
       <Value>156</Value>
      </HeartRateBpm>
      <Extensions>
       <TPX xmlns="http://www.garmin.com/xmlschemas/ActivityExtension/v2">
        <Speed>2.7</Speed>
       </TPX>
      </Extensions>
     </Trackpoint>
     <Trackpoint>
      <Time>2026-08-08T11:32:31Z</Time>
      <Position>
       <LatitudeDegrees>5.2365760</LatitudeDegrees>
       <LongitudeDegrees>100.4340130</LongitudeDegrees>
      </Position>
      <AltitudeMeters>5.6</AltitudeMeters>
      <DistanceMeters>4794.6</DistanceMeters>
      <HeartRateBpm>
       <Value>155</Value>
      </HeartRateBpm>
      <Extensions>
       <TPX xmlns="http://www.garmin.com/xmlschemas/ActivityExtension/v2">
        <Speed>2.6</Speed>
       </TPX>
      </Extensions>
     </Trackpoint>
     <Trackpoint>
      <Time>2026-08-08T11:32:32Z</Time>
      <Position>
       <LatitudeDegrees>5.2365930</LatitudeDegrees>
       <LongitudeDegrees>100.4340250</LongitudeDegrees>
      </Position>
      <AltitudeMeters>5.6</AltitudeMeters>
      <DistanceMeters>4796.9</DistanceMeters>
      <HeartRateBpm>
       <Value>154</Value>
      </HeartRateBpm>
      <Extensions>
       <TPX xmlns="http://www.garmin.com/xmlschemas/ActivityExtension/v2">
        <Speed>2.6</Speed>
       </TPX>
      </Extensions>
     </Trackpoint>
     <Trackpoint>
      <Time>2026-08-08T11:32:33Z</Time>
      <Position>
       <LatitudeDegrees>5.2366160</LatitudeDegrees>
       <LongitudeDegrees>100.4340320</LongitudeDegrees>
      </Position>
      <AltitudeMeters>5.6</AltitudeMeters>
      <DistanceMeters>4799.5</DistanceMeters>
      <HeartRateBpm>
       <Value>154</Value>
      </HeartRateBpm>
      <Extensions>
       <TPX xmlns="http://www.garmin.com/xmlschemas/ActivityExtension/v2">
        <Speed>2.5</Speed>
       </TPX>
      </Extensions>
     </Trackpoint>
     <Trackpoint>
      <Time>2026-08-08T11:32:34Z</Time>
      <Position>
       <LatitudeDegrees>5.2366360</LatitudeDegrees>
       <LongitudeDegrees>100.4340380</LongitudeDegrees>
      </Position>
      <AltitudeMeters>5.6</AltitudeMeters>
      <DistanceMeters>4801.7</DistanceMeters>
      <HeartRateBpm>
       <Value>155</Value>
      </HeartRateBpm>
      <Extensions>
       <TPX xmlns="http://www.garmin.com/xmlschemas/ActivityExtension/v2">
        <Speed>2.4</Speed>
       </TPX>
      </Extensions>
     </Trackpoint>
     <Trackpoint>
      <Time>2026-08-08T11:32:35Z</Time>
      <Position>
       <LatitudeDegrees>5.2366500</LatitudeDegrees>
       <LongitudeDegrees>100.4340540</LongitudeDegrees>
      </Position>
      <AltitudeMeters>5.7</AltitudeMeters>
      <DistanceMeters>4804.0</DistanceMeters>
      <HeartRateBpm>
       <Value>155</Value>
      </HeartRateBpm>
      <Extensions>
       <TPX xmlns="http://www.garmin.com/xmlschemas/ActivityExtension/v2">
        <Speed>2.4</Speed>
       </TPX>
      </Extensions>
     </Trackpoint>
     <Trackpoint>
      <Time>2026-08-08T11:32:36Z</Time>
      <Position>
       <LatitudeDegrees>5.2366590</LatitudeDegrees>
       <LongitudeDegrees>100.4340730</LongitudeDegrees>
      </Position>
      <AltitudeMeters>5.7</AltitudeMeters>
      <DistanceMeters>4806.3</DistanceMeters>
      <HeartRateBpm>
       <Value>155</Value>
      </HeartRateBpm>
      <Extensions>
       <TPX xmlns="http://www.garmin.com/xmlschemas/ActivityExtension/v2">
        <Speed>2.3</Speed>
       </TPX>
      </Extensions>
     </Trackpoint>
     <Trackpoint>
      <Time>2026-08-08T11:32:37Z</Time>
      <Position>
       <LatitudeDegrees>5.2366600</LatitudeDegrees>
       <LongitudeDegrees>100.4340920</LongitudeDegrees>
      </Position>
      <AltitudeMeters>5.7</AltitudeMeters>
      <DistanceMeters>4808.4</DistanceMeters>
      <HeartRateBpm>
       <Value>156</Value>
      </HeartRateBpm>
      <Extensions>
       <TPX xmlns="http://www.garmin.com/xmlschemas/ActivityExtension/v2">
        <Speed>2.3</Speed>
       </TPX>
      </Extensions>
     </Trackpoint>
     <Trackpoint>
      <Time>2026-08-08T11:32:38Z</Time>
      <Position>
       <LatitudeDegrees>5.2366640</LatitudeDegrees>
       <LongitudeDegrees>100.4341040</LongitudeDegrees>
      </Position>
      <AltitudeMeters>5.7</AltitudeMeters>
      <DistanceMeters>4809.8</DistanceMeters>
      <HeartRateBpm>
       <Value>155</Value>
      </HeartRateBpm>
      <Extensions>
       <TPX xmlns="http://www.garmin.com/xmlschemas/ActivityExtension/v2">
        <Speed>2.1</Speed>
       </TPX>
      </Extensions>
     </Trackpoint>
     <Trackpoint>
      <Time>2026-08-08T11:32:39Z</Time>
      <Position>
       <LatitudeDegrees>5.2366730</LatitudeDegrees>
       <LongitudeDegrees>100.4341150</LongitudeDegrees>
      </Position>
      <AltitudeMeters>5.7</AltitudeMeters>
      <DistanceMeters>4811.3</DistanceMeters>
      <HeartRateBpm>
       <Value>155</Value>
      </HeartRateBpm>
      <Extensions>
       <TPX xmlns="http://www.garmin.com/xmlschemas/ActivityExtension/v2">
        <Speed>1.9</Speed>
       </TPX>
      </Extensions>
     </Trackpoint>
     <Trackpoint>
      <Time>2026-08-08T11:32:40Z</Time>
      <Position>
       <LatitudeDegrees>5.2366820</LatitudeDegrees>
       <LongitudeDegrees>100.4341420</LongitudeDegrees>
      </Position>
      <AltitudeMeters>5.7</AltitudeMeters>
      <DistanceMeters>4814.4</DistanceMeters>
      <HeartRateBpm>
       <Value>155</Value>
      </HeartRateBpm>
      <Extensions>
       <TPX xmlns="http://www.garmin.com/xmlschemas/ActivityExtension/v2">
        <Speed>2.1</Speed>
       </TPX>
      </Extensions>
     </Trackpoint>
     <Trackpoint>
      <Time>2026-08-08T11:32:41Z</Time>
      <Position>
       <LatitudeDegrees>5.2366900</LatitudeDegrees>
       <LongitudeDegrees>100.4341660</LongitudeDegrees>
      </Position>
      <AltitudeMeters>5.7</AltitudeMeters>
      <DistanceMeters>4817.2</DistanceMeters>
      <HeartRateBpm>
       <Value>156</Value>
      </HeartRateBpm>
      <Extensions>
       <TPX xmlns="http://www.garmin.com/xmlschemas/ActivityExtension/v2">
        <Speed>2.2</Speed>
       </TPX>
      </Extensions>
     </Trackpoint>
     <Trackpoint>
      <Time>2026-08-08T11:32:42Z</Time>
      <Position>
       <LatitudeDegrees>5.2366990</LatitudeDegrees>
       <LongitudeDegrees>100.4341910</LongitudeDegrees>
      </Position>
      <AltitudeMeters>5.7</AltitudeMeters>
      <DistanceMeters>4820.2</DistanceMeters>
      <HeartRateBpm>
       <Value>156</Value>
      </HeartRateBpm>
      <Extensions>
       <TPX xmlns="http://www.garmin.com/xmlschemas/ActivityExtension/v2">
        <Speed>2.4</Speed>
       </TPX>
      </Extensions>
     </Trackpoint>
     <Trackpoint>
      <Time>2026-08-08T11:32:43Z</Time>
      <Position>
       <LatitudeDegrees>5.2367050</LatitudeDegrees>
       <LongitudeDegrees>100.4342130</LongitudeDegrees>
      </Position>
      <AltitudeMeters>5.7</AltitudeMeters>
      <DistanceMeters>4822.7</DistanceMeters>
      <HeartRateBpm>
       <Value>157</Value>
      </HeartRateBpm>
      <Extensions>
       <TPX xmlns="http://www.garmin.com/xmlschemas/ActivityExtension/v2">
        <Speed>2.6</Speed>
       </TPX>
      </Extensions>
     </Trackpoint>
     <Trackpoint>
      <Time>2026-08-08T11:32:44Z</Time>
      <Position>
       <LatitudeDegrees>5.2367120</LatitudeDegrees>
       <LongitudeDegrees>100.4342360</LongitudeDegrees>
      </Position>
      <AltitudeMeters>5.7</AltitudeMeters>
      <DistanceMeters>4825.4</DistanceMeters>
      <HeartRateBpm>
       <Value>157</Value>
      </HeartRateBpm>
      <Extensions>
       <TPX xmlns="http://www.garmin.com/xmlschemas/ActivityExtension/v2">
        <Speed>2.8</Speed>
       </TPX>
      </Extensions>
     </Trackpoint>
     <Trackpoint>
      <Time>2026-08-08T11:32:45Z</Time>
      <Position>
       <LatitudeDegrees>5.2367180</LatitudeDegrees>
       <LongitudeDegrees>100.4342580</LongitudeDegrees>
      </Position>
      <AltitudeMeters>5.7</AltitudeMeters>
      <DistanceMeters>4827.9</DistanceMeters>
      <HeartRateBpm>
       <Value>156</Value>
      </HeartRateBpm>
      <Extensions>
       <TPX xmlns="http://www.garmin.com/xmlschemas/ActivityExtension/v2">
        <Speed>2.7</Speed>
       </TPX>
      </Extensions>
     </Trackpoint>
     <Trackpoint>
      <Time>2026-08-08T11:32:46Z</Time>
      <Position>
       <LatitudeDegrees>5.2367190</LatitudeDegrees>
       <LongitudeDegrees>100.4342820</LongitudeDegrees>
      </Position>
      <AltitudeMeters>5.7</AltitudeMeters>
      <DistanceMeters>4830.5</DistanceMeters>
      <HeartRateBpm>
       <Value>157</Value>
      </HeartRateBpm>
      <Extensions>
       <TPX xmlns="http://www.garmin.com/xmlschemas/ActivityExtension/v2">
        <Speed>2.7</Speed>
       </TPX>
      </Extensions>
     </Trackpoint>
     <Trackpoint>
      <Time>2026-08-08T11:32:47Z</Time>
      <Position>
       <LatitudeDegrees>5.2367220</LatitudeDegrees>
       <LongitudeDegrees>100.4343060</LongitudeDegrees>
      </Position>
      <AltitudeMeters>5.7</AltitudeMeters>
      <DistanceMeters>4833.2</DistanceMeters>
      <HeartRateBpm>
       <Value>157</Value>
      </HeartRateBpm>
      <Extensions>
       <TPX xmlns="http://www.garmin.com/xmlschemas/ActivityExtension/v2">
        <Speed>2.6</Speed>
       </TPX>
      </Extensions>
     </Trackpoint>
     <Trackpoint>
      <Time>2026-08-08T11:32:48Z</Time>
      <Position>
       <LatitudeDegrees>5.2367250</LatitudeDegrees>
       <LongitudeDegrees>100.4343290</LongitudeDegrees>
      </Position>
      <AltitudeMeters>5.7</AltitudeMeters>
      <DistanceMeters>4835.8</DistanceMeters>
      <HeartRateBpm>
       <Value>157</Value>
      </HeartRateBpm>
      <Extensions>
       <TPX xmlns="http://www.garmin.com/xmlschemas/ActivityExtension/v2">
        <Speed>2.6</Speed>
       </TPX>
      </Extensions>
     </Trackpoint>
     <Trackpoint>
      <Time>2026-08-08T11:32:49Z</Time>
      <Position>
       <LatitudeDegrees>5.2367280</LatitudeDegrees>
       <LongitudeDegrees>100.4343520</LongitudeDegrees>
      </Position>
      <AltitudeMeters>5.7</AltitudeMeters>
      <DistanceMeters>4838.4</DistanceMeters>
      <HeartRateBpm>
       <Value>157</Value>
      </HeartRateBpm>
      <Extensions>
       <TPX xmlns="http://www.garmin.com/xmlschemas/ActivityExtension/v2">
        <Speed>2.6</Speed>
       </TPX>
      </Extensions>
     </Trackpoint>
     <Trackpoint>
      <Time>2026-08-08T11:32:50Z</Time>
      <Position>
       <LatitudeDegrees>5.2367290</LatitudeDegrees>
       <LongitudeDegrees>100.4343700</LongitudeDegrees>
      </Position>
      <AltitudeMeters>5.7</AltitudeMeters>
      <DistanceMeters>4840.4</DistanceMeters>
      <HeartRateBpm>
       <Value>157</Value>
      </HeartRateBpm>
      <Extensions>
       <TPX xmlns="http://www.garmin.com/xmlschemas/ActivityExtension/v2">
        <Speed>2.5</Speed>
       </TPX>
      </Extensions>
     </Trackpoint>
     <Trackpoint>
      <Time>2026-08-08T11:32:51Z</Time>
      <Position>
       <LatitudeDegrees>5.2367330</LatitudeDegrees>
       <LongitudeDegrees>100.4343920</LongitudeDegrees>
      </Position>
      <AltitudeMeters>5.7</AltitudeMeters>
      <DistanceMeters>4842.9</DistanceMeters>
      <HeartRateBpm>
       <Value>157</Value>
      </HeartRateBpm>
      <Extensions>
       <TPX xmlns="http://www.garmin.com/xmlschemas/ActivityExtension/v2">
        <Speed>2.5</Speed>
       </TPX>
      </Extensions>
     </Trackpoint>
     <Trackpoint>
      <Time>2026-08-08T11:32:52Z</Time>
      <Position>
       <LatitudeDegrees>5.2367360</LatitudeDegrees>
       <LongitudeDegrees>100.4344120</LongitudeDegrees>
      </Position>
      <AltitudeMeters>5.7</AltitudeMeters>
      <DistanceMeters>4845.1</DistanceMeters>
      <HeartRateBpm>
       <Value>156</Value>
      </HeartRateBpm>
      <Extensions>
       <TPX xmlns="http://www.garmin.com/xmlschemas/ActivityExtension/v2">
        <Speed>2.4</Speed>
       </TPX>
      </Extensions>
     </Trackpoint>
     <Trackpoint>
      <Time>2026-08-08T11:32:53Z</Time>
      <Position>
       <LatitudeDegrees>5.2367410</LatitudeDegrees>
       <LongitudeDegrees>100.4344380</LongitudeDegrees>
      </Position>
      <AltitudeMeters>5.7</AltitudeMeters>
      <DistanceMeters>4848.0</DistanceMeters>
      <HeartRateBpm>
       <Value>156</Value>
      </HeartRateBpm>
      <Extensions>
       <TPX xmlns="http://www.garmin.com/xmlschemas/ActivityExtension/v2">
        <Speed>2.4</Speed>
       </TPX>
      </Extensions>
     </Trackpoint>
     <Trackpoint>
      <Time>2026-08-08T11:32:54Z</Time>
      <Position>
       <LatitudeDegrees>5.2367480</LatitudeDegrees>
       <LongitudeDegrees>100.4344600</LongitudeDegrees>
      </Position>
      <AltitudeMeters>5.7</AltitudeMeters>
      <DistanceMeters>4850.5</DistanceMeters>
      <HeartRateBpm>
       <Value>156</Value>
      </HeartRateBpm>
      <Extensions>
       <TPX xmlns="http://www.garmin.com/xmlschemas/ActivityExtension/v2">
        <Speed>2.4</Speed>
       </TPX>
      </Extensions>
     </Trackpoint>
     <Trackpoint>
      <Time>2026-08-08T11:32:55Z</Time>
      <Position>
       <LatitudeDegrees>5.2367560</LatitudeDegrees>
       <LongitudeDegrees>100.4344840</LongitudeDegrees>
      </Position>
      <AltitudeMeters>5.7</AltitudeMeters>
      <DistanceMeters>4853.3</DistanceMeters>
      <HeartRateBpm>
       <Value>156</Value>
      </HeartRateBpm>
      <Extensions>
       <TPX xmlns="http://www.garmin.com/xmlschemas/ActivityExtension/v2">
        <Speed>2.6</Speed>
       </TPX>
      </Extensions>
     </Trackpoint>
     <Trackpoint>
      <Time>2026-08-08T11:32:56Z</Time>
      <Position>
       <LatitudeDegrees>5.2367620</LatitudeDegrees>
       <LongitudeDegrees>100.4345070</LongitudeDegrees>
      </Position>
      <AltitudeMeters>5.7</AltitudeMeters>
      <DistanceMeters>4856.0</DistanceMeters>
      <HeartRateBpm>
       <Value>156</Value>
      </HeartRateBpm>
      <Extensions>
       <TPX xmlns="http://www.garmin.com/xmlschemas/ActivityExtension/v2">
        <Speed>2.6</Speed>
       </TPX>
      </Extensions>
     </Trackpoint>
     <Trackpoint>
      <Time>2026-08-08T11:32:57Z</Time>
      <Position>
       <LatitudeDegrees>5.2367680</LatitudeDegrees>
       <LongitudeDegrees>100.4345340</LongitudeDegrees>
      </Position>
      <AltitudeMeters>5.7</AltitudeMeters>
      <DistanceMeters>4859.0</DistanceMeters>
      <HeartRateBpm>
       <Value>156</Value>
      </HeartRateBpm>
      <Extensions>
       <TPX xmlns="http://www.garmin.com/xmlschemas/ActivityExtension/v2">
        <Speed>2.8</Speed>
       </TPX>
      </Extensions>
     </Trackpoint>
     <Trackpoint>
      <Time>2026-08-08T11:32:58Z</Time>
      <Position>
       <LatitudeDegrees>5.2367760</LatitudeDegrees>
       <LongitudeDegrees>100.4345570</LongitudeDegrees>
      </Position>
      <AltitudeMeters>5.7</AltitudeMeters>
      <DistanceMeters>4861.7</DistanceMeters>
      <HeartRateBpm>
       <Value>157</Value>
      </HeartRateBpm>
      <Extensions>
       <TPX xmlns="http://www.garmin.com/xmlschemas/ActivityExtension/v2">
        <Speed>2.7</Speed>
       </TPX>
      </Extensions>
     </Trackpoint>
     <Trackpoint>
      <Time>2026-08-08T11:32:59Z</Time>
      <Position>
       <LatitudeDegrees>5.2367820</LatitudeDegrees>
       <LongitudeDegrees>100.4345810</LongitudeDegrees>
      </Position>
      <AltitudeMeters>5.7</AltitudeMeters>
      <DistanceMeters>4864.5</DistanceMeters>
      <HeartRateBpm>
       <Value>157</Value>
      </HeartRateBpm>
      <Extensions>
       <TPX xmlns="http://www.garmin.com/xmlschemas/ActivityExtension/v2">
        <Speed>2.8</Speed>
       </TPX>
      </Extensions>
     </Trackpoint>
     <Trackpoint>
      <Time>2026-08-08T11:33:00Z</Time>
      <Position>
       <LatitudeDegrees>5.2367860</LatitudeDegrees>
       <LongitudeDegrees>100.4346030</LongitudeDegrees>
      </Position>
      <AltitudeMeters>5.7</AltitudeMeters>
      <DistanceMeters>4867.0</DistanceMeters>
      <HeartRateBpm>
       <Value>156</Value>
      </HeartRateBpm>
      <Extensions>
       <TPX xmlns="http://www.garmin.com/xmlschemas/ActivityExtension/v2">
        <Speed>2.7</Speed>
       </TPX>
      </Extensions>
     </Trackpoint>
     <Trackpoint>
      <Time>2026-08-08T11:33:01Z</Time>
      <Position>
       <LatitudeDegrees>5.2367900</LatitudeDegrees>
       <LongitudeDegrees>100.4346280</LongitudeDegrees>
      </Position>
      <AltitudeMeters>5.7</AltitudeMeters>
      <DistanceMeters>4869.8</DistanceMeters>
      <HeartRateBpm>
       <Value>156</Value>
      </HeartRateBpm>
      <Extensions>
       <TPX xmlns="http://www.garmin.com/xmlschemas/ActivityExtension/v2">
        <Speed>2.8</Speed>
       </TPX>
      </Extensions>
     </Trackpoint>
     <Trackpoint>
      <Time>2026-08-08T11:33:02Z</Time>
      <Position>
       <LatitudeDegrees>5.2367980</LatitudeDegrees>
       <LongitudeDegrees>100.4346520</LongitudeDegrees>
      </Position>
      <AltitudeMeters>5.7</AltitudeMeters>
      <DistanceMeters>4872.6</DistanceMeters>
      <HeartRateBpm>
       <Value>156</Value>
      </HeartRateBpm>
      <Extensions>
       <TPX xmlns="http://www.garmin.com/xmlschemas/ActivityExtension/v2">
        <Speed>2.7</Speed>
       </TPX>
      </Extensions>
     </Trackpoint>
     <Trackpoint>
      <Time>2026-08-08T11:33:03Z</Time>
      <Position>
       <LatitudeDegrees>5.2368100</LatitudeDegrees>
       <LongitudeDegrees>100.4346720</LongitudeDegrees>
      </Position>
      <AltitudeMeters>5.7</AltitudeMeters>
      <DistanceMeters>4875.1</DistanceMeters>
      <HeartRateBpm>
       <Value>156</Value>
      </HeartRateBpm>
      <Extensions>
       <TPX xmlns="http://www.garmin.com/xmlschemas/ActivityExtension/v2">
        <Speed>2.7</Speed>
       </TPX>
      </Extensions>
     </Trackpoint>
     <Trackpoint>
      <Time>2026-08-08T11:33:04Z</Time>
      <Position>
       <LatitudeDegrees>5.2368230</LatitudeDegrees>
       <LongitudeDegrees>100.4346910</LongitudeDegrees>
      </Position>
      <AltitudeMeters>5.7</AltitudeMeters>
      <DistanceMeters>4877.7</DistanceMeters>
      <HeartRateBpm>
       <Value>156</Value>
      </HeartRateBpm>
      <Extensions>
       <TPX xmlns="http://www.garmin.com/xmlschemas/ActivityExtension/v2">
        <Speed>2.6</Speed>
       </TPX>
      </Extensions>
     </Trackpoint>
     <Trackpoint>
      <Time>2026-08-08T11:33:05Z</Time>
      <Position>
       <LatitudeDegrees>5.2368300</LatitudeDegrees>
       <LongitudeDegrees>100.4347120</LongitudeDegrees>
      </Position>
      <AltitudeMeters>5.7</AltitudeMeters>
      <DistanceMeters>4880.1</DistanceMeters>
      <HeartRateBpm>
       <Value>155</Value>
      </HeartRateBpm>
      <Extensions>
       <TPX xmlns="http://www.garmin.com/xmlschemas/ActivityExtension/v2">
        <Speed>2.6</Speed>
       </TPX>
      </Extensions>
     </Trackpoint>
     <Trackpoint>
      <Time>2026-08-08T11:33:06Z</Time>
      <Position>
       <LatitudeDegrees>5.2368300</LatitudeDegrees>
       <LongitudeDegrees>100.4347340</LongitudeDegrees>
      </Position>
      <AltitudeMeters>5.7</AltitudeMeters>
      <DistanceMeters>4882.5</DistanceMeters>
      <HeartRateBpm>
       <Value>156</Value>
      </HeartRateBpm>
      <Extensions>
       <TPX xmlns="http://www.garmin.com/xmlschemas/ActivityExtension/v2">
        <Speed>2.5</Speed>
       </TPX>
      </Extensions>
     </Trackpoint>
     <Trackpoint>
      <Time>2026-08-08T11:33:07Z</Time>
      <Position>
       <LatitudeDegrees>5.2368330</LatitudeDegrees>
       <LongitudeDegrees>100.4347580</LongitudeDegrees>
      </Position>
      <AltitudeMeters>5.7</AltitudeMeters>
      <DistanceMeters>4885.1</DistanceMeters>
      <HeartRateBpm>
       <Value>156</Value>
      </HeartRateBpm>
      <Extensions>
       <TPX xmlns="http://www.garmin.com/xmlschemas/ActivityExtension/v2">
        <Speed>2.5</Speed>
       </TPX>
      </Extensions>
     </Trackpoint>
     <Trackpoint>
      <Time>2026-08-08T11:33:08Z</Time>
      <Position>
       <LatitudeDegrees>5.2368350</LatitudeDegrees>
       <LongitudeDegrees>100.4347830</LongitudeDegrees>
      </Position>
      <AltitudeMeters>5.8</AltitudeMeters>
      <DistanceMeters>4887.9</DistanceMeters>
      <HeartRateBpm>
       <Value>157</Value>
      </HeartRateBpm>
      <Extensions>
       <TPX xmlns="http://www.garmin.com/xmlschemas/ActivityExtension/v2">
        <Speed>2.6</Speed>
       </TPX>
      </Extensions>
     </Trackpoint>
     <Trackpoint>
      <Time>2026-08-08T11:33:09Z</Time>
      <Position>
       <LatitudeDegrees>5.2368370</LatitudeDegrees>
       <LongitudeDegrees>100.4348070</LongitudeDegrees>
      </Position>
      <AltitudeMeters>5.8</AltitudeMeters>
      <DistanceMeters>4890.6</DistanceMeters>
      <HeartRateBpm>
       <Value>157</Value>
      </HeartRateBpm>
      <Extensions>
       <TPX xmlns="http://www.garmin.com/xmlschemas/ActivityExtension/v2">
        <Speed>2.6</Speed>
       </TPX>
      </Extensions>
     </Trackpoint>
     <Trackpoint>
      <Time>2026-08-08T11:33:10Z</Time>
      <Position>
       <LatitudeDegrees>5.2368420</LatitudeDegrees>
       <LongitudeDegrees>100.4348330</LongitudeDegrees>
      </Position>
      <AltitudeMeters>5.8</AltitudeMeters>
      <DistanceMeters>4893.5</DistanceMeters>
      <HeartRateBpm>
       <Value>156</Value>
      </HeartRateBpm>
      <Extensions>
       <TPX xmlns="http://www.garmin.com/xmlschemas/ActivityExtension/v2">
        <Speed>2.7</Speed>
       </TPX>
      </Extensions>
     </Trackpoint>
     <Trackpoint>
      <Time>2026-08-08T11:33:11Z</Time>
      <Position>
       <LatitudeDegrees>5.2368480</LatitudeDegrees>
       <LongitudeDegrees>100.4348570</LongitudeDegrees>
      </Position>
      <AltitudeMeters>5.8</AltitudeMeters>
      <DistanceMeters>4896.2</DistanceMeters>
      <HeartRateBpm>
       <Value>156</Value>
      </HeartRateBpm>
      <Extensions>
       <TPX xmlns="http://www.garmin.com/xmlschemas/ActivityExtension/v2">
        <Speed>2.7</Speed>
       </TPX>
      </Extensions>
     </Trackpoint>
     <Trackpoint>
      <Time>2026-08-08T11:33:12Z</Time>
      <Position>
       <LatitudeDegrees>5.2368520</LatitudeDegrees>
       <LongitudeDegrees>100.4348810</LongitudeDegrees>
      </Position>
      <AltitudeMeters>5.8</AltitudeMeters>
      <DistanceMeters>4899.0</DistanceMeters>
      <HeartRateBpm>
       <Value>156</Value>
      </HeartRateBpm>
      <Extensions>
       <TPX xmlns="http://www.garmin.com/xmlschemas/ActivityExtension/v2">
        <Speed>2.8</Speed>
       </TPX>
      </Extensions>
     </Trackpoint>
     <Trackpoint>
      <Time>2026-08-08T11:33:13Z</Time>
      <Position>
       <LatitudeDegrees>5.2368560</LatitudeDegrees>
       <LongitudeDegrees>100.4349050</LongitudeDegrees>
      </Position>
      <AltitudeMeters>5.8</AltitudeMeters>
      <DistanceMeters>4901.7</DistanceMeters>
      <HeartRateBpm>
       <Value>156</Value>
      </HeartRateBpm>
      <Extensions>
       <TPX xmlns="http://www.garmin.com/xmlschemas/ActivityExtension/v2">
        <Speed>2.8</Speed>
       </TPX>
      </Extensions>
     </Trackpoint>
     <Trackpoint>
      <Time>2026-08-08T11:33:14Z</Time>
      <Position>
       <LatitudeDegrees>5.2368620</LatitudeDegrees>
       <LongitudeDegrees>100.4349290</LongitudeDegrees>
      </Position>
      <AltitudeMeters>5.8</AltitudeMeters>
      <DistanceMeters>4904.4</DistanceMeters>
      <HeartRateBpm>
       <Value>156</Value>
      </HeartRateBpm>
      <Extensions>
       <TPX xmlns="http://www.garmin.com/xmlschemas/ActivityExtension/v2">
        <Speed>2.8</Speed>
       </TPX>
      </Extensions>
     </Trackpoint>
     <Trackpoint>
      <Time>2026-08-08T11:33:15Z</Time>
      <Position>
       <LatitudeDegrees>5.2368700</LatitudeDegrees>
       <LongitudeDegrees>100.4349520</LongitudeDegrees>
      </Position>
      <AltitudeMeters>5.8</AltitudeMeters>
      <DistanceMeters>4907.0</DistanceMeters>
      <HeartRateBpm>
       <Value>156</Value>
      </HeartRateBpm>
      <Extensions>
       <TPX xmlns="http://www.garmin.com/xmlschemas/ActivityExtension/v2">
        <Speed>2.7</Speed>
       </TPX>
      </Extensions>
     </Trackpoint>
     <Trackpoint>
      <Time>2026-08-08T11:33:16Z</Time>
      <Position>
       <LatitudeDegrees>5.2368760</LatitudeDegrees>
       <LongitudeDegrees>100.4349760</LongitudeDegrees>
      </Position>
      <AltitudeMeters>5.8</AltitudeMeters>
      <DistanceMeters>4909.8</DistanceMeters>
      <HeartRateBpm>
       <Value>156</Value>
      </HeartRateBpm>
      <Extensions>
       <TPX xmlns="http://www.garmin.com/xmlschemas/ActivityExtension/v2">
        <Speed>2.7</Speed>
       </TPX>
      </Extensions>
     </Trackpoint>
     <Trackpoint>
      <Time>2026-08-08T11:33:17Z</Time>
      <Position>
       <LatitudeDegrees>5.2368760</LatitudeDegrees>
       <LongitudeDegrees>100.4349970</LongitudeDegrees>
      </Position>
      <AltitudeMeters>5.8</AltitudeMeters>
      <DistanceMeters>4912.1</DistanceMeters>
      <HeartRateBpm>
       <Value>155</Value>
      </HeartRateBpm>
      <Extensions>
       <TPX xmlns="http://www.garmin.com/xmlschemas/ActivityExtension/v2">
        <Speed>2.6</Speed>
       </TPX>
      </Extensions>
     </Trackpoint>
     <Trackpoint>
      <Time>2026-08-08T11:33:18Z</Time>
      <Position>
       <LatitudeDegrees>5.2368770</LatitudeDegrees>
       <LongitudeDegrees>100.4350210</LongitudeDegrees>
      </Position>
      <AltitudeMeters>5.8</AltitudeMeters>
      <DistanceMeters>4914.8</DistanceMeters>
      <HeartRateBpm>
       <Value>155</Value>
      </HeartRateBpm>
      <Extensions>
       <TPX xmlns="http://www.garmin.com/xmlschemas/ActivityExtension/v2">
        <Speed>2.6</Speed>
       </TPX>
      </Extensions>
     </Trackpoint>
     <Trackpoint>
      <Time>2026-08-08T11:33:19Z</Time>
      <Position>
       <LatitudeDegrees>5.2368800</LatitudeDegrees>
       <LongitudeDegrees>100.4350410</LongitudeDegrees>
      </Position>
      <AltitudeMeters>5.8</AltitudeMeters>
      <DistanceMeters>4917.0</DistanceMeters>
      <HeartRateBpm>
       <Value>155</Value>
      </HeartRateBpm>
      <Extensions>
       <TPX xmlns="http://www.garmin.com/xmlschemas/ActivityExtension/v2">
        <Speed>2.5</Speed>
       </TPX>
      </Extensions>
     </Trackpoint>
     <Trackpoint>
      <Time>2026-08-08T11:33:20Z</Time>
      <Position>
       <LatitudeDegrees>5.2368830</LatitudeDegrees>
       <LongitudeDegrees>100.4350620</LongitudeDegrees>
      </Position>
      <AltitudeMeters>5.8</AltitudeMeters>
      <DistanceMeters>4919.3</DistanceMeters>
      <HeartRateBpm>
       <Value>155</Value>
      </HeartRateBpm>
      <Extensions>
       <TPX xmlns="http://www.garmin.com/xmlschemas/ActivityExtension/v2">
        <Speed>2.5</Speed>
       </TPX>
      </Extensions>
     </Trackpoint>
     <Trackpoint>
      <Time>2026-08-08T11:33:21Z</Time>
      <Position>
       <LatitudeDegrees>5.2368870</LatitudeDegrees>
       <LongitudeDegrees>100.4350830</LongitudeDegrees>
      </Position>
      <AltitudeMeters>5.8</AltitudeMeters>
      <DistanceMeters>4921.7</DistanceMeters>
      <HeartRateBpm>
       <Value>155</Value>
      </HeartRateBpm>
      <Extensions>
       <TPX xmlns="http://www.garmin.com/xmlschemas/ActivityExtension/v2">
        <Speed>2.4</Speed>
       </TPX>
      </Extensions>
     </Trackpoint>
     <Trackpoint>
      <Time>2026-08-08T11:33:22Z</Time>
      <Position>
       <LatitudeDegrees>5.2368890</LatitudeDegrees>
       <LongitudeDegrees>100.4351040</LongitudeDegrees>
      </Position>
      <AltitudeMeters>5.8</AltitudeMeters>
      <DistanceMeters>4924.0</DistanceMeters>
      <HeartRateBpm>
       <Value>155</Value>
      </HeartRateBpm>
      <Extensions>
       <TPX xmlns="http://www.garmin.com/xmlschemas/ActivityExtension/v2">
        <Speed>2.4</Speed>
       </TPX>
      </Extensions>
     </Trackpoint>
     <Trackpoint>
      <Time>2026-08-08T11:33:23Z</Time>
      <Position>
       <LatitudeDegrees>5.2368970</LatitudeDegrees>
       <LongitudeDegrees>100.4351280</LongitudeDegrees>
      </Position>
      <AltitudeMeters>5.8</AltitudeMeters>
      <DistanceMeters>4926.8</DistanceMeters>
      <HeartRateBpm>
       <Value>156</Value>
      </HeartRateBpm>
      <Extensions>
       <TPX xmlns="http://www.garmin.com/xmlschemas/ActivityExtension/v2">
        <Speed>2.4</Speed>
       </TPX>
      </Extensions>
     </Trackpoint>
     <Trackpoint>
      <Time>2026-08-08T11:33:24Z</Time>
      <Position>
       <LatitudeDegrees>5.2369050</LatitudeDegrees>
       <LongitudeDegrees>100.4351510</LongitudeDegrees>
      </Position>
      <AltitudeMeters>5.8</AltitudeMeters>
      <DistanceMeters>4929.5</DistanceMeters>
      <HeartRateBpm>
       <Value>156</Value>
      </HeartRateBpm>
      <Extensions>
       <TPX xmlns="http://www.garmin.com/xmlschemas/ActivityExtension/v2">
        <Speed>2.5</Speed>
       </TPX>
      </Extensions>
     </Trackpoint>
     <Trackpoint>
      <Time>2026-08-08T11:33:25Z</Time>
      <Position>
       <LatitudeDegrees>5.2369140</LatitudeDegrees>
       <LongitudeDegrees>100.4351730</LongitudeDegrees>
      </Position>
      <AltitudeMeters>5.8</AltitudeMeters>
      <DistanceMeters>4932.1</DistanceMeters>
      <HeartRateBpm>
       <Value>156</Value>
      </HeartRateBpm>
      <Extensions>
       <TPX xmlns="http://www.garmin.com/xmlschemas/ActivityExtension/v2">
        <Speed>2.6</Speed>
       </TPX>
      </Extensions>
     </Trackpoint>
     <Trackpoint>
      <Time>2026-08-08T11:33:26Z</Time>
      <Position>
       <LatitudeDegrees>5.2369230</LatitudeDegrees>
       <LongitudeDegrees>100.4351950</LongitudeDegrees>
      </Position>
      <AltitudeMeters>5.7</AltitudeMeters>
      <DistanceMeters>4934.7</DistanceMeters>
      <HeartRateBpm>
       <Value>157</Value>
      </HeartRateBpm>
      <Extensions>
       <TPX xmlns="http://www.garmin.com/xmlschemas/ActivityExtension/v2">
        <Speed>2.6</Speed>
       </TPX>
      </Extensions>
     </Trackpoint>
     <Trackpoint>
      <Time>2026-08-08T11:33:27Z</Time>
      <Position>
       <LatitudeDegrees>5.2369280</LatitudeDegrees>
       <LongitudeDegrees>100.4352180</LongitudeDegrees>
      </Position>
      <AltitudeMeters>5.7</AltitudeMeters>
      <DistanceMeters>4937.3</DistanceMeters>
      <HeartRateBpm>
       <Value>157</Value>
      </HeartRateBpm>
      <Extensions>
       <TPX xmlns="http://www.garmin.com/xmlschemas/ActivityExtension/v2">
        <Speed>2.7</Speed>
       </TPX>
      </Extensions>
     </Trackpoint>
     <Trackpoint>
      <Time>2026-08-08T11:33:28Z</Time>
      <Position>
       <LatitudeDegrees>5.2369300</LatitudeDegrees>
       <LongitudeDegrees>100.4352420</LongitudeDegrees>
      </Position>
      <AltitudeMeters>5.7</AltitudeMeters>
      <DistanceMeters>4940.0</DistanceMeters>
      <HeartRateBpm>
       <Value>157</Value>
      </HeartRateBpm>
      <Extensions>
       <TPX xmlns="http://www.garmin.com/xmlschemas/ActivityExtension/v2">
        <Speed>2.6</Speed>
       </TPX>
      </Extensions>
     </Trackpoint>
     <Trackpoint>
      <Time>2026-08-08T11:33:29Z</Time>
      <Position>
       <LatitudeDegrees>5.2369320</LatitudeDegrees>
       <LongitudeDegrees>100.4352600</LongitudeDegrees>
      </Position>
      <AltitudeMeters>5.7</AltitudeMeters>
      <DistanceMeters>4942.0</DistanceMeters>
      <HeartRateBpm>
       <Value>156</Value>
      </HeartRateBpm>
      <Extensions>
       <TPX xmlns="http://www.garmin.com/xmlschemas/ActivityExtension/v2">
        <Speed>2.5</Speed>
       </TPX>
      </Extensions>
     </Trackpoint>
     <Trackpoint>
      <Time>2026-08-08T11:33:30Z</Time>
      <Position>
       <LatitudeDegrees>5.2369350</LatitudeDegrees>
       <LongitudeDegrees>100.4352790</LongitudeDegrees>
      </Position>
      <AltitudeMeters>5.7</AltitudeMeters>
      <DistanceMeters>4944.1</DistanceMeters>
      <HeartRateBpm>
       <Value>156</Value>
      </HeartRateBpm>
      <Extensions>
       <TPX xmlns="http://www.garmin.com/xmlschemas/ActivityExtension/v2">
        <Speed>2.4</Speed>
       </TPX>
      </Extensions>
     </Trackpoint>
     <Trackpoint>
      <Time>2026-08-08T11:33:31Z</Time>
      <Position>
       <LatitudeDegrees>5.2369390</LatitudeDegrees>
       <LongitudeDegrees>100.4353000</LongitudeDegrees>
      </Position>
      <AltitudeMeters>5.7</AltitudeMeters>
      <DistanceMeters>4946.5</DistanceMeters>
      <HeartRateBpm>
       <Value>156</Value>
      </HeartRateBpm>
      <Extensions>
       <TPX xmlns="http://www.garmin.com/xmlschemas/ActivityExtension/v2">
        <Speed>2.4</Speed>
       </TPX>
      </Extensions>
     </Trackpoint>
     <Trackpoint>
      <Time>2026-08-08T11:33:32Z</Time>
      <Position>
       <LatitudeDegrees>5.2369410</LatitudeDegrees>
       <LongitudeDegrees>100.4353230</LongitudeDegrees>
      </Position>
      <AltitudeMeters>5.7</AltitudeMeters>
      <DistanceMeters>4949.0</DistanceMeters>
      <HeartRateBpm>
       <Value>156</Value>
      </HeartRateBpm>
      <Extensions>
       <TPX xmlns="http://www.garmin.com/xmlschemas/ActivityExtension/v2">
        <Speed>2.3</Speed>
       </TPX>
      </Extensions>
     </Trackpoint>
     <Trackpoint>
      <Time>2026-08-08T11:33:33Z</Time>
      <Position>
       <LatitudeDegrees>5.2369510</LatitudeDegrees>
       <LongitudeDegrees>100.4353410</LongitudeDegrees>
      </Position>
      <AltitudeMeters>5.7</AltitudeMeters>
      <DistanceMeters>4951.3</DistanceMeters>
      <HeartRateBpm>
       <Value>157</Value>
      </HeartRateBpm>
      <Extensions>
       <TPX xmlns="http://www.garmin.com/xmlschemas/ActivityExtension/v2">
        <Speed>2.3</Speed>
       </TPX>
      </Extensions>
     </Trackpoint>
     <Trackpoint>
      <Time>2026-08-08T11:33:34Z</Time>
      <Position>
       <LatitudeDegrees>5.2369610</LatitudeDegrees>
       <LongitudeDegrees>100.4353600</LongitudeDegrees>
      </Position>
      <AltitudeMeters>5.7</AltitudeMeters>
      <DistanceMeters>4953.6</DistanceMeters>
      <HeartRateBpm>
       <Value>157</Value>
      </HeartRateBpm>
      <Extensions>
       <TPX xmlns="http://www.garmin.com/xmlschemas/ActivityExtension/v2">
        <Speed>2.3</Speed>
       </TPX>
      </Extensions>
     </Trackpoint>
     <Trackpoint>
      <Time>2026-08-08T11:33:35Z</Time>
      <Position>
       <LatitudeDegrees>5.2369650</LatitudeDegrees>
       <LongitudeDegrees>100.4353810</LongitudeDegrees>
      </Position>
      <AltitudeMeters>5.7</AltitudeMeters>
      <DistanceMeters>4955.9</DistanceMeters>
      <HeartRateBpm>
       <Value>158</Value>
      </HeartRateBpm>
      <Extensions>
       <TPX xmlns="http://www.garmin.com/xmlschemas/ActivityExtension/v2">
        <Speed>2.4</Speed>
       </TPX>
      </Extensions>
     </Trackpoint>
     <Trackpoint>
      <Time>2026-08-08T11:33:36Z</Time>
      <Position>
       <LatitudeDegrees>5.2369670</LatitudeDegrees>
       <LongitudeDegrees>100.4354020</LongitudeDegrees>
      </Position>
      <AltitudeMeters>5.7</AltitudeMeters>
      <DistanceMeters>4958.3</DistanceMeters>
      <HeartRateBpm>
       <Value>157</Value>
      </HeartRateBpm>
      <Extensions>
       <TPX xmlns="http://www.garmin.com/xmlschemas/ActivityExtension/v2">
        <Speed>2.4</Speed>
       </TPX>
      </Extensions>
     </Trackpoint>
     <Trackpoint>
      <Time>2026-08-08T11:33:37Z</Time>
      <Position>
       <LatitudeDegrees>5.2369700</LatitudeDegrees>
       <LongitudeDegrees>100.4354260</LongitudeDegrees>
      </Position>
      <AltitudeMeters>5.7</AltitudeMeters>
      <DistanceMeters>4961.0</DistanceMeters>
      <HeartRateBpm>
       <Value>156</Value>
      </HeartRateBpm>
      <Extensions>
       <TPX xmlns="http://www.garmin.com/xmlschemas/ActivityExtension/v2">
        <Speed>2.4</Speed>
       </TPX>
      </Extensions>
     </Trackpoint>
     <Trackpoint>
      <Time>2026-08-08T11:33:38Z</Time>
      <Position>
       <LatitudeDegrees>5.2369730</LatitudeDegrees>
       <LongitudeDegrees>100.4354480</LongitudeDegrees>
      </Position>
      <AltitudeMeters>5.7</AltitudeMeters>
      <DistanceMeters>4963.5</DistanceMeters>
      <HeartRateBpm>
       <Value>156</Value>
      </HeartRateBpm>
      <Extensions>
       <TPX xmlns="http://www.garmin.com/xmlschemas/ActivityExtension/v2">
        <Speed>2.4</Speed>
       </TPX>
      </Extensions>
     </Trackpoint>
     <Trackpoint>
      <Time>2026-08-08T11:33:39Z</Time>
      <Position>
       <LatitudeDegrees>5.2369810</LatitudeDegrees>
       <LongitudeDegrees>100.4354720</LongitudeDegrees>
      </Position>
      <AltitudeMeters>5.7</AltitudeMeters>
      <DistanceMeters>4966.3</DistanceMeters>
      <HeartRateBpm>
       <Value>156</Value>
      </HeartRateBpm>
      <Extensions>
       <TPX xmlns="http://www.garmin.com/xmlschemas/ActivityExtension/v2">
        <Speed>2.5</Speed>
       </TPX>
      </Extensions>
     </Trackpoint>
     <Trackpoint>
      <Time>2026-08-08T11:33:40Z</Time>
      <Position>
       <LatitudeDegrees>5.2369890</LatitudeDegrees>
       <LongitudeDegrees>100.4354940</LongitudeDegrees>
      </Position>
      <AltitudeMeters>5.7</AltitudeMeters>
      <DistanceMeters>4968.8</DistanceMeters>
      <HeartRateBpm>
       <Value>156</Value>
      </HeartRateBpm>
      <Extensions>
       <TPX xmlns="http://www.garmin.com/xmlschemas/ActivityExtension/v2">
        <Speed>2.6</Speed>
       </TPX>
      </Extensions>
     </Trackpoint>
     <Trackpoint>
      <Time>2026-08-08T11:33:41Z</Time>
      <Position>
       <LatitudeDegrees>5.2369960</LatitudeDegrees>
       <LongitudeDegrees>100.4355150</LongitudeDegrees>
      </Position>
      <AltitudeMeters>5.7</AltitudeMeters>
      <DistanceMeters>4971.2</DistanceMeters>
      <HeartRateBpm>
       <Value>157</Value>
      </HeartRateBpm>
      <Extensions>
       <TPX xmlns="http://www.garmin.com/xmlschemas/ActivityExtension/v2">
        <Speed>2.6</Speed>
       </TPX>
      </Extensions>
     </Trackpoint>
     <Trackpoint>
      <Time>2026-08-08T11:33:42Z</Time>
      <Position>
       <LatitudeDegrees>5.2370060</LatitudeDegrees>
       <LongitudeDegrees>100.4355330</LongitudeDegrees>
      </Position>
      <AltitudeMeters>5.7</AltitudeMeters>
      <DistanceMeters>4973.5</DistanceMeters>
      <HeartRateBpm>
       <Value>157</Value>
      </HeartRateBpm>
      <Extensions>
       <TPX xmlns="http://www.garmin.com/xmlschemas/ActivityExtension/v2">
        <Speed>2.5</Speed>
       </TPX>
      </Extensions>
     </Trackpoint>
     <Trackpoint>
      <Time>2026-08-08T11:33:43Z</Time>
      <Position>
       <LatitudeDegrees>5.2370150</LatitudeDegrees>
       <LongitudeDegrees>100.4355490</LongitudeDegrees>
      </Position>
      <AltitudeMeters>5.7</AltitudeMeters>
      <DistanceMeters>4975.6</DistanceMeters>
      <HeartRateBpm>
       <Value>156</Value>
      </HeartRateBpm>
      <Extensions>
       <TPX xmlns="http://www.garmin.com/xmlschemas/ActivityExtension/v2">
        <Speed>2.4</Speed>
       </TPX>
      </Extensions>
     </Trackpoint>
     <Trackpoint>
      <Time>2026-08-08T11:33:44Z</Time>
      <Position>
       <LatitudeDegrees>5.2370220</LatitudeDegrees>
       <LongitudeDegrees>100.4355630</LongitudeDegrees>
      </Position>
      <AltitudeMeters>5.7</AltitudeMeters>
      <DistanceMeters>4975.6</DistanceMeters>
      <HeartRateBpm>
       <Value>156</Value>
      </HeartRateBpm>
      <Extensions>
       <TPX xmlns="http://www.garmin.com/xmlschemas/ActivityExtension/v2">
        <Speed>1.9</Speed>
       </TPX>
      </Extensions>
     </Trackpoint>
     <Trackpoint>
      <Time>2026-08-08T11:33:45Z</Time>
      <Position>
       <LatitudeDegrees>5.2370290</LatitudeDegrees>
       <LongitudeDegrees>100.4355750</LongitudeDegrees>
      </Position>
      <AltitudeMeters>5.7</AltitudeMeters>
      <DistanceMeters>4978.8</DistanceMeters>
      <HeartRateBpm>
       <Value>156</Value>
      </HeartRateBpm>
      <Extensions>
       <TPX xmlns="http://www.garmin.com/xmlschemas/ActivityExtension/v2">
        <Speed>2.0</Speed>
       </TPX>
      </Extensions>
     </Trackpoint>
     <Trackpoint>
      <Time>2026-08-08T11:33:46Z</Time>
      <Position>
       <LatitudeDegrees>5.2370370</LatitudeDegrees>
       <LongitudeDegrees>100.4355890</LongitudeDegrees>
      </Position>
      <AltitudeMeters>5.7</AltitudeMeters>
      <DistanceMeters>4978.8</DistanceMeters>
      <HeartRateBpm>
       <Value>157</Value>
      </HeartRateBpm>
      <Extensions>
       <TPX xmlns="http://www.garmin.com/xmlschemas/ActivityExtension/v2">
        <Speed>1.5</Speed>
       </TPX>
      </Extensions>
     </Trackpoint>
     <Trackpoint>
      <Time>2026-08-08T11:33:47Z</Time>
      <Position>
       <LatitudeDegrees>5.2370410</LatitudeDegrees>
       <LongitudeDegrees>100.4356090</LongitudeDegrees>
      </Position>
      <AltitudeMeters>5.7</AltitudeMeters>
      <DistanceMeters>4982.8</DistanceMeters>
      <HeartRateBpm>
       <Value>157</Value>
      </HeartRateBpm>
      <Extensions>
       <TPX xmlns="http://www.garmin.com/xmlschemas/ActivityExtension/v2">
        <Speed>1.9</Speed>
       </TPX>
      </Extensions>
     </Trackpoint>
     <Trackpoint>
      <Time>2026-08-08T11:33:48Z</Time>
      <Position>
       <LatitudeDegrees>5.2370450</LatitudeDegrees>
       <LongitudeDegrees>100.4356300</LongitudeDegrees>
      </Position>
      <AltitudeMeters>5.7</AltitudeMeters>
      <DistanceMeters>4985.2</DistanceMeters>
      <HeartRateBpm>
       <Value>157</Value>
      </HeartRateBpm>
      <Extensions>
       <TPX xmlns="http://www.garmin.com/xmlschemas/ActivityExtension/v2">
        <Speed>1.9</Speed>
       </TPX>
      </Extensions>
     </Trackpoint>
     <Trackpoint>
      <Time>2026-08-08T11:33:49Z</Time>
      <Position>
       <LatitudeDegrees>5.2370490</LatitudeDegrees>
       <LongitudeDegrees>100.4356520</LongitudeDegrees>
      </Position>
      <AltitudeMeters>5.7</AltitudeMeters>
      <DistanceMeters>4987.7</DistanceMeters>
      <HeartRateBpm>
       <Value>157</Value>
      </HeartRateBpm>
      <Extensions>
       <TPX xmlns="http://www.garmin.com/xmlschemas/ActivityExtension/v2">
        <Speed>2.4</Speed>
       </TPX>
      </Extensions>
     </Trackpoint>
     <Trackpoint>
      <Time>2026-08-08T11:33:50Z</Time>
      <Position>
       <LatitudeDegrees>5.2370510</LatitudeDegrees>
       <LongitudeDegrees>100.4356830</LongitudeDegrees>
      </Position>
      <AltitudeMeters>5.7</AltitudeMeters>
      <DistanceMeters>4991.1</DistanceMeters>
      <HeartRateBpm>
       <Value>157</Value>
      </HeartRateBpm>
      <Extensions>
       <TPX xmlns="http://www.garmin.com/xmlschemas/ActivityExtension/v2">
        <Speed>2.5</Speed>
       </TPX>
      </Extensions>
     </Trackpoint>
     <Trackpoint>
      <Time>2026-08-08T11:33:51Z</Time>
      <Position>
       <LatitudeDegrees>5.2370580</LatitudeDegrees>
       <LongitudeDegrees>100.4357110</LongitudeDegrees>
      </Position>
      <AltitudeMeters>5.7</AltitudeMeters>
      <DistanceMeters>4994.3</DistanceMeters>
      <HeartRateBpm>
       <Value>156</Value>
      </HeartRateBpm>
      <Extensions>
       <TPX xmlns="http://www.garmin.com/xmlschemas/ActivityExtension/v2">
        <Speed>3.1</Speed>
       </TPX>
      </Extensions>
     </Trackpoint>
     <Trackpoint>
      <Time>2026-08-08T11:33:52Z</Time>
      <Position>
       <LatitudeDegrees>5.2370650</LatitudeDegrees>
       <LongitudeDegrees>100.4357370</LongitudeDegrees>
      </Position>
      <AltitudeMeters>5.7</AltitudeMeters>
      <DistanceMeters>4997.3</DistanceMeters>
      <HeartRateBpm>
       <Value>157</Value>
      </HeartRateBpm>
      <Extensions>
       <TPX xmlns="http://www.garmin.com/xmlschemas/ActivityExtension/v2">
        <Speed>2.9</Speed>
       </TPX>
      </Extensions>
     </Trackpoint>
     <Trackpoint>
      <Time>2026-08-08T11:33:53Z</Time>
      <Position>
       <LatitudeDegrees>5.2370750</LatitudeDegrees>
       <LongitudeDegrees>100.4357620</LongitudeDegrees>
      </Position>
      <AltitudeMeters>5.7</AltitudeMeters>
      <DistanceMeters>5000.3</DistanceMeters>
      <HeartRateBpm>
       <Value>157</Value>
      </HeartRateBpm>
      <Extensions>
       <TPX xmlns="http://www.garmin.com/xmlschemas/ActivityExtension/v2">
        <Speed>3.0</Speed>
       </TPX>
      </Extensions>
     </Trackpoint>
     <Trackpoint>
      <Time>2026-08-08T11:33:54Z</Time>
      <Position>
       <LatitudeDegrees>5.2370810</LatitudeDegrees>
       <LongitudeDegrees>100.4357860</LongitudeDegrees>
      </Position>
      <AltitudeMeters>5.7</AltitudeMeters>
      <DistanceMeters>5003.0</DistanceMeters>
      <HeartRateBpm>
       <Value>157</Value>
      </HeartRateBpm>
      <Extensions>
       <TPX xmlns="http://www.garmin.com/xmlschemas/ActivityExtension/v2">
        <Speed>3.1</Speed>
       </TPX>
      </Extensions>
     </Trackpoint>
    </Track>
   </Lap>
  </Activity>
 </Activities>
</TrainingCenterDatabase>
