<?xml version="1.0" encoding="UTF-8"?>
<!-- Written by Strava -->
<TrainingCenterDatabase xsi:schemaLocation="http://www.garmin.com/xmlschemas/TrainingCenterDatabase/v2 http://www.garmin.com/xmlschemas/TrainingCenterDatabasev2.xsd" xmlns:ns5="http://www.garmin.com/xmlschemas/ActivityGoals/v1" xmlns:ns3="http://www.garmin.com/xmlschemas/ActivityExtension/v2" xmlns:ns2="http://www.garmin.com/xmlschemas/UserProfile/v2" xmlns="http://www.garmin.com/xmlschemas/TrainingCenterDatabase/v2" xmlns:xsi="http://www.w3.org/2001/XMLSchema-instance">
 <Activities>
  <Activity Sport="Running">
   <Id>2026-08-18T10:16:54Z</Id>
   <Lap StartTime="2026-08-18T10:16:54Z">
    <TotalTimeSeconds>1508</TotalTimeSeconds>
    <DistanceMeters>5007.38</DistanceMeters>
    <MaximumSpeed>5.1</MaximumSpeed>
    <Calories>0</Calories>
    <AverageHeartRateBpm>
     <Value>158</Value>
    </AverageHeartRateBpm>
    <MaximumHeartRateBpm>
     <Value>171</Value>
    </MaximumHeartRateBpm>
    <Intensity>Active</Intensity>
    <TriggerMethod>Manual</TriggerMethod>
    <Track>
     <Trackpoint>
      <Time>2026-08-18T10:16:54Z</Time>
      <Position>
       <LatitudeDegrees>5.2378680</LatitudeDegrees>
       <LongitudeDegrees>100.4386800</LongitudeDegrees>
      </Position>
      <AltitudeMeters>5.9</AltitudeMeters>
      <DistanceMeters>0.0</DistanceMeters>
      <HeartRateBpm>
       <Value>81</Value>
      </HeartRateBpm>
      <Extensions>
       <TPX xmlns="http://www.garmin.com/xmlschemas/ActivityExtension/v2">
        <Speed>0.0</Speed>
       </TPX>
      </Extensions>
     </Trackpoint>
     <Trackpoint>
      <Time>2026-08-18T10:16:55Z</Time>
      <Position>
       <LatitudeDegrees>5.2378580</LatitudeDegrees>
       <LongitudeDegrees>100.4386900</LongitudeDegrees>
      </Position>
      <AltitudeMeters>5.9</AltitudeMeters>
      <DistanceMeters>0.0</DistanceMeters>
      <HeartRateBpm>
       <Value>80</Value>
      </HeartRateBpm>
      <Extensions>
       <TPX xmlns="http://www.garmin.com/xmlschemas/ActivityExtension/v2">
        <Speed>0.0</Speed>
       </TPX>
      </Extensions>
     </Trackpoint>
     <Trackpoint>
      <Time>2026-08-18T10:16:56Z</Time>
      <Position>
       <LatitudeDegrees>5.2378520</LatitudeDegrees>
       <LongitudeDegrees>100.4386970</LongitudeDegrees>
      </Position>
      <AltitudeMeters>5.9</AltitudeMeters>
      <DistanceMeters>3.9</DistanceMeters>
      <HeartRateBpm>
       <Value>80</Value>
      </HeartRateBpm>
      <Extensions>
       <TPX xmlns="http://www.garmin.com/xmlschemas/ActivityExtension/v2">
        <Speed>2.0</Speed>
       </TPX>
      </Extensions>
     </Trackpoint>
     <Trackpoint>
      <Time>2026-08-18T10:16:57Z</Time>
      <Position>
       <LatitudeDegrees>5.2378410</LatitudeDegrees>
       <LongitudeDegrees>100.4387020</LongitudeDegrees>
      </Position>
      <AltitudeMeters>5.9</AltitudeMeters>
      <DistanceMeters>5.1</DistanceMeters>
      <HeartRateBpm>
       <Value>81</Value>
      </HeartRateBpm>
      <Extensions>
       <TPX xmlns="http://www.garmin.com/xmlschemas/ActivityExtension/v2">
        <Speed>1.7</Speed>
       </TPX>
      </Extensions>
     </Trackpoint>
     <Trackpoint>
      <Time>2026-08-18T10:16:58Z</Time>
      <Position>
       <LatitudeDegrees>5.2378260</LatitudeDegrees>
       <LongitudeDegrees>100.4387000</LongitudeDegrees>
      </Position>
      <AltitudeMeters>5.9</AltitudeMeters>
      <DistanceMeters>6.7</DistanceMeters>
      <HeartRateBpm>
       <Value>82</Value>
      </HeartRateBpm>
      <Extensions>
       <TPX xmlns="http://www.garmin.com/xmlschemas/ActivityExtension/v2">
        <Speed>1.7</Speed>
       </TPX>
      </Extensions>
     </Trackpoint>
     <Trackpoint>
      <Time>2026-08-18T10:16:59Z</Time>
      <Position>
       <LatitudeDegrees>5.2378130</LatitudeDegrees>
       <LongitudeDegrees>100.4386910</LongitudeDegrees>
      </Position>
      <AltitudeMeters>5.9</AltitudeMeters>
      <DistanceMeters>8.3</DistanceMeters>
      <HeartRateBpm>
       <Value>82</Value>
      </HeartRateBpm>
      <Extensions>
       <TPX xmlns="http://www.garmin.com/xmlschemas/ActivityExtension/v2">
        <Speed>1.7</Speed>
       </TPX>
      </Extensions>
     </Trackpoint>
     <Trackpoint>
      <Time>2026-08-18T10:17:00Z</Time>
      <Position>
       <LatitudeDegrees>5.2377830</LatitudeDegrees>
       <LongitudeDegrees>100.4386840</LongitudeDegrees>
      </Position>
      <AltitudeMeters>5.9</AltitudeMeters>
      <DistanceMeters>11.8</DistanceMeters>
      <HeartRateBpm>
       <Value>82</Value>
      </HeartRateBpm>
      <Extensions>
       <TPX xmlns="http://www.garmin.com/xmlschemas/ActivityExtension/v2">
        <Speed>2.4</Speed>
       </TPX>
      </Extensions>
     </Trackpoint>
     <Trackpoint>
      <Time>2026-08-18T10:17:01Z</Time>
      <Position>
       <LatitudeDegrees>5.2377510</LatitudeDegrees>
       <LongitudeDegrees>100.4386840</LongitudeDegrees>
      </Position>
      <AltitudeMeters>5.9</AltitudeMeters>
      <DistanceMeters>15.3</DistanceMeters>
      <HeartRateBpm>
       <Value>83</Value>
      </HeartRateBpm>
      <Extensions>
       <TPX xmlns="http://www.garmin.com/xmlschemas/ActivityExtension/v2">
        <Speed>2.3</Speed>
       </TPX>
      </Extensions>
     </Trackpoint>
     <Trackpoint>
      <Time>2026-08-18T10:17:02Z</Time>
      <Position>
       <LatitudeDegrees>5.2377200</LatitudeDegrees>
       <LongitudeDegrees>100.4386830</LongitudeDegrees>
      </Position>
      <AltitudeMeters>5.9</AltitudeMeters>
      <DistanceMeters>18.7</DistanceMeters>
      <HeartRateBpm>
       <Value>85</Value>
      </HeartRateBpm>
      <Extensions>
       <TPX xmlns="http://www.garmin.com/xmlschemas/ActivityExtension/v2">
        <Speed>2.7</Speed>
       </TPX>
      </Extensions>
     </Trackpoint>
     <Trackpoint>
      <Time>2026-08-18T10:17:03Z</Time>
      <Position>
       <LatitudeDegrees>5.2376980</LatitudeDegrees>
       <LongitudeDegrees>100.4386760</LongitudeDegrees>
      </Position>
      <AltitudeMeters>5.9</AltitudeMeters>
      <DistanceMeters>21.3</DistanceMeters>
      <HeartRateBpm>
       <Value>86</Value>
      </HeartRateBpm>
      <Extensions>
       <TPX xmlns="http://www.garmin.com/xmlschemas/ActivityExtension/v2">
        <Speed>2.9</Speed>
       </TPX>
      </Extensions>
     </Trackpoint>
     <Trackpoint>
      <Time>2026-08-18T10:17:04Z</Time>
      <Position>
       <LatitudeDegrees>5.2376740</LatitudeDegrees>
       <LongitudeDegrees>100.4386750</LongitudeDegrees>
      </Position>
      <AltitudeMeters>5.9</AltitudeMeters>
      <DistanceMeters>24.0</DistanceMeters>
      <HeartRateBpm>
       <Value>88</Value>
      </HeartRateBpm>
      <Extensions>
       <TPX xmlns="http://www.garmin.com/xmlschemas/ActivityExtension/v2">
        <Speed>3.1</Speed>
       </TPX>
      </Extensions>
     </Trackpoint>
     <Trackpoint>
      <Time>2026-08-18T10:17:05Z</Time>
      <Position>
       <LatitudeDegrees>5.2376470</LatitudeDegrees>
       <LongitudeDegrees>100.4386890</LongitudeDegrees>
      </Position>
      <AltitudeMeters>5.9</AltitudeMeters>
      <DistanceMeters>27.4</DistanceMeters>
      <HeartRateBpm>
       <Value>89</Value>
      </HeartRateBpm>
      <Extensions>
       <TPX xmlns="http://www.garmin.com/xmlschemas/ActivityExtension/v2">
        <Speed>3.1</Speed>
       </TPX>
      </Extensions>
     </Trackpoint>
     <Trackpoint>
      <Time>2026-08-18T10:17:06Z</Time>
      <Position>
       <LatitudeDegrees>5.2376230</LatitudeDegrees>
       <LongitudeDegrees>100.4387050</LongitudeDegrees>
      </Position>
      <AltitudeMeters>5.9</AltitudeMeters>
      <DistanceMeters>30.6</DistanceMeters>
      <HeartRateBpm>
       <Value>91</Value>
      </HeartRateBpm>
      <Extensions>
       <TPX xmlns="http://www.garmin.com/xmlschemas/ActivityExtension/v2">
        <Speed>3.1</Speed>
       </TPX>
      </Extensions>
     </Trackpoint>
     <Trackpoint>
      <Time>2026-08-18T10:17:07Z</Time>
      <Position>
       <LatitudeDegrees>5.2375980</LatitudeDegrees>
       <LongitudeDegrees>100.4387240</LongitudeDegrees>
      </Position>
      <AltitudeMeters>5.9</AltitudeMeters>
      <DistanceMeters>34.0</DistanceMeters>
      <HeartRateBpm>
       <Value>93</Value>
      </HeartRateBpm>
      <Extensions>
       <TPX xmlns="http://www.garmin.com/xmlschemas/ActivityExtension/v2">
        <Speed>3.1</Speed>
       </TPX>
      </Extensions>
     </Trackpoint>
     <Trackpoint>
      <Time>2026-08-18T10:17:08Z</Time>
      <Position>
       <LatitudeDegrees>5.2375760</LatitudeDegrees>
       <LongitudeDegrees>100.4387420</LongitudeDegrees>
      </Position>
      <AltitudeMeters>5.9</AltitudeMeters>
      <DistanceMeters>37.2</DistanceMeters>
      <HeartRateBpm>
       <Value>95</Value>
      </HeartRateBpm>
      <Extensions>
       <TPX xmlns="http://www.garmin.com/xmlschemas/ActivityExtension/v2">
        <Speed>3.2</Speed>
       </TPX>
      </Extensions>
     </Trackpoint>
     <Trackpoint>
      <Time>2026-08-18T10:17:09Z</Time>
      <Position>
       <LatitudeDegrees>5.2375500</LatitudeDegrees>
       <LongitudeDegrees>100.4387630</LongitudeDegrees>
      </Position>
      <AltitudeMeters>5.9</AltitudeMeters>
      <DistanceMeters>40.9</DistanceMeters>
      <HeartRateBpm>
       <Value>96</Value>
      </HeartRateBpm>
      <Extensions>
       <TPX xmlns="http://www.garmin.com/xmlschemas/ActivityExtension/v2">
        <Speed>3.4</Speed>
       </TPX>
      </Extensions>
     </Trackpoint>
     <Trackpoint>
      <Time>2026-08-18T10:17:10Z</Time>
      <Position>
       <LatitudeDegrees>5.2375150</LatitudeDegrees>
       <LongitudeDegrees>100.4388300</LongitudeDegrees>
      </Position>
      <AltitudeMeters>5.9</AltitudeMeters>
      <DistanceMeters>49.3</DistanceMeters>
      <HeartRateBpm>
       <Value>98</Value>
      </HeartRateBpm>
      <Extensions>
       <TPX xmlns="http://www.garmin.com/xmlschemas/ActivityExtension/v2">
        <Speed>4.4</Speed>
       </TPX>
      </Extensions>
     </Trackpoint>
     <Trackpoint>
      <Time>2026-08-18T10:17:11Z</Time>
      <Position>
       <LatitudeDegrees>5.2374960</LatitudeDegrees>
       <LongitudeDegrees>100.4388460</LongitudeDegrees>
      </Position>
      <AltitudeMeters>5.9</AltitudeMeters>
      <DistanceMeters>52.0</DistanceMeters>
      <HeartRateBpm>
       <Value>99</Value>
      </HeartRateBpm>
      <Extensions>
       <TPX xmlns="http://www.garmin.com/xmlschemas/ActivityExtension/v2">
        <Speed>4.3</Speed>
       </TPX>
      </Extensions>
     </Trackpoint>
     <Trackpoint>
      <Time>2026-08-18T10:17:12Z</Time>
      <Position>
       <LatitudeDegrees>5.2374710</LatitudeDegrees>
       <LongitudeDegrees>100.4388610</LongitudeDegrees>
      </Position>
      <AltitudeMeters>5.9</AltitudeMeters>
      <DistanceMeters>55.2</DistanceMeters>
      <HeartRateBpm>
       <Value>101</Value>
      </HeartRateBpm>
      <Extensions>
       <TPX xmlns="http://www.garmin.com/xmlschemas/ActivityExtension/v2">
        <Speed>4.2</Speed>
       </TPX>
      </Extensions>
     </Trackpoint>
     <Trackpoint>
      <Time>2026-08-18T10:17:13Z</Time>
      <Position>
       <LatitudeDegrees>5.2374450</LatitudeDegrees>
       <LongitudeDegrees>100.4388740</LongitudeDegrees>
      </Position>
      <AltitudeMeters>5.9</AltitudeMeters>
      <DistanceMeters>58.5</DistanceMeters>
      <HeartRateBpm>
       <Value>103</Value>
      </HeartRateBpm>
      <Extensions>
       <TPX xmlns="http://www.garmin.com/xmlschemas/ActivityExtension/v2">
        <Speed>4.3</Speed>
       </TPX>
      </Extensions>
     </Trackpoint>
     <Trackpoint>
      <Time>2026-08-18T10:17:14Z</Time>
      <Position>
       <LatitudeDegrees>5.2374210</LatitudeDegrees>
       <LongitudeDegrees>100.4388850</LongitudeDegrees>
      </Position>
      <AltitudeMeters>5.9</AltitudeMeters>
      <DistanceMeters>61.4</DistanceMeters>
      <HeartRateBpm>
       <Value>104</Value>
      </HeartRateBpm>
      <Extensions>
       <TPX xmlns="http://www.garmin.com/xmlschemas/ActivityExtension/v2">
        <Speed>4.1</Speed>
       </TPX>
      </Extensions>
     </Trackpoint>
     <Trackpoint>
      <Time>2026-08-18T10:17:15Z</Time>
      <Position>
       <LatitudeDegrees>5.2373950</LatitudeDegrees>
       <LongitudeDegrees>100.4388930</LongitudeDegrees>
      </Position>
      <AltitudeMeters>5.9</AltitudeMeters>
      <DistanceMeters>64.4</DistanceMeters>
      <HeartRateBpm>
       <Value>106</Value>
      </HeartRateBpm>
      <Extensions>
       <TPX xmlns="http://www.garmin.com/xmlschemas/ActivityExtension/v2">
        <Speed>3.0</Speed>
       </TPX>
      </Extensions>
     </Trackpoint>
     <Trackpoint>
      <Time>2026-08-18T10:17:16Z</Time>
      <Position>
       <LatitudeDegrees>5.2373680</LatitudeDegrees>
       <LongitudeDegrees>100.4389040</LongitudeDegrees>
      </Position>
      <AltitudeMeters>5.9</AltitudeMeters>
      <DistanceMeters>67.7</DistanceMeters>
      <HeartRateBpm>
       <Value>107</Value>
      </HeartRateBpm>
      <Extensions>
       <TPX xmlns="http://www.garmin.com/xmlschemas/ActivityExtension/v2">
        <Speed>3.1</Speed>
       </TPX>
      </Extensions>
     </Trackpoint>
     <Trackpoint>
      <Time>2026-08-18T10:17:17Z</Time>
      <Position>
       <LatitudeDegrees>5.2373180</LatitudeDegrees>
       <LongitudeDegrees>100.4389050</LongitudeDegrees>
      </Position>
      <AltitudeMeters>5.9</AltitudeMeters>
      <DistanceMeters>73.2</DistanceMeters>
      <HeartRateBpm>
       <Value>108</Value>
      </HeartRateBpm>
      <Extensions>
       <TPX xmlns="http://www.garmin.com/xmlschemas/ActivityExtension/v2">
        <Speed>3.6</Speed>
       </TPX>
      </Extensions>
     </Trackpoint>
     <Trackpoint>
      <Time>2026-08-18T10:17:18Z</Time>
      <Position>
       <LatitudeDegrees>5.2372740</LatitudeDegrees>
       <LongitudeDegrees>100.4389080</LongitudeDegrees>
      </Position>
      <AltitudeMeters>5.9</AltitudeMeters>
      <DistanceMeters>78.1</DistanceMeters>
      <HeartRateBpm>
       <Value>109</Value>
      </HeartRateBpm>
      <Extensions>
       <TPX xmlns="http://www.garmin.com/xmlschemas/ActivityExtension/v2">
        <Speed>3.9</Speed>
       </TPX>
      </Extensions>
     </Trackpoint>
     <Trackpoint>
      <Time>2026-08-18T10:17:19Z</Time>
      <Position>
       <LatitudeDegrees>5.2372350</LatitudeDegrees>
       <LongitudeDegrees>100.4389070</LongitudeDegrees>
      </Position>
      <AltitudeMeters>5.9</AltitudeMeters>
      <DistanceMeters>82.4</DistanceMeters>
      <HeartRateBpm>
       <Value>109</Value>
      </HeartRateBpm>
      <Extensions>
       <TPX xmlns="http://www.garmin.com/xmlschemas/ActivityExtension/v2">
        <Speed>4.2</Speed>
       </TPX>
      </Extensions>
     </Trackpoint>
     <Trackpoint>
      <Time>2026-08-18T10:17:20Z</Time>
      <Position>
       <LatitudeDegrees>5.2372040</LatitudeDegrees>
       <LongitudeDegrees>100.4389110</LongitudeDegrees>
      </Position>
      <AltitudeMeters>5.9</AltitudeMeters>
      <DistanceMeters>85.9</DistanceMeters>
      <HeartRateBpm>
       <Value>109</Value>
      </HeartRateBpm>
      <Extensions>
       <TPX xmlns="http://www.garmin.com/xmlschemas/ActivityExtension/v2">
        <Speed>4.3</Speed>
       </TPX>
      </Extensions>
     </Trackpoint>
     <Trackpoint>
      <Time>2026-08-18T10:17:21Z</Time>
      <Position>
       <LatitudeDegrees>5.2371670</LatitudeDegrees>
       <LongitudeDegrees>100.4389150</LongitudeDegrees>
      </Position>
      <AltitudeMeters>5.9</AltitudeMeters>
      <DistanceMeters>90.0</DistanceMeters>
      <HeartRateBpm>
       <Value>110</Value>
      </HeartRateBpm>
      <Extensions>
       <TPX xmlns="http://www.garmin.com/xmlschemas/ActivityExtension/v2">
        <Speed>4.5</Speed>
       </TPX>
      </Extensions>
     </Trackpoint>
     <Trackpoint>
      <Time>2026-08-18T10:17:22Z</Time>
      <Position>
       <LatitudeDegrees>5.2371270</LatitudeDegrees>
       <LongitudeDegrees>100.4389260</LongitudeDegrees>
      </Position>
      <AltitudeMeters>5.9</AltitudeMeters>
      <DistanceMeters>94.7</DistanceMeters>
      <HeartRateBpm>
       <Value>112</Value>
      </HeartRateBpm>
      <Extensions>
       <TPX xmlns="http://www.garmin.com/xmlschemas/ActivityExtension/v2">
        <Speed>4.3</Speed>
       </TPX>
      </Extensions>
     </Trackpoint>
     <Trackpoint>
      <Time>2026-08-18T10:17:23Z</Time>
      <Position>
       <LatitudeDegrees>5.2370760</LatitudeDegrees>
       <LongitudeDegrees>100.4389420</LongitudeDegrees>
      </Position>
      <AltitudeMeters>5.8</AltitudeMeters>
      <DistanceMeters>100.6</DistanceMeters>
      <HeartRateBpm>
       <Value>113</Value>
      </HeartRateBpm>
      <Extensions>
       <TPX xmlns="http://www.garmin.com/xmlschemas/ActivityExtension/v2">
        <Speed>4.5</Speed>
       </TPX>
      </Extensions>
     </Trackpoint>
     <Trackpoint>
      <Time>2026-08-18T10:17:24Z</Time>
      <Position>
       <LatitudeDegrees>5.2370290</LatitudeDegrees>
       <LongitudeDegrees>100.4389590</LongitudeDegrees>
      </Position>
      <AltitudeMeters>5.8</AltitudeMeters>
      <DistanceMeters>106.2</DistanceMeters>
      <HeartRateBpm>
       <Value>114</Value>
      </HeartRateBpm>
      <Extensions>
       <TPX xmlns="http://www.garmin.com/xmlschemas/ActivityExtension/v2">
        <Speed>4.8</Speed>
       </TPX>
      </Extensions>
     </Trackpoint>
     <Trackpoint>
      <Time>2026-08-18T10:17:25Z</Time>
      <Position>
       <LatitudeDegrees>5.2369950</LatitudeDegrees>
       <LongitudeDegrees>100.4389720</LongitudeDegrees>
      </Position>
      <AltitudeMeters>5.8</AltitudeMeters>
      <DistanceMeters>110.2</DistanceMeters>
      <HeartRateBpm>
       <Value>115</Value>
      </HeartRateBpm>
      <Extensions>
       <TPX xmlns="http://www.garmin.com/xmlschemas/ActivityExtension/v2">
        <Speed>4.9</Speed>
       </TPX>
      </Extensions>
     </Trackpoint>
     <Trackpoint>
      <Time>2026-08-18T10:17:26Z</Time>
      <Position>
       <LatitudeDegrees>5.2369570</LatitudeDegrees>
       <LongitudeDegrees>100.4389900</LongitudeDegrees>
      </Position>
      <AltitudeMeters>5.8</AltitudeMeters>
      <DistanceMeters>114.8</DistanceMeters>
      <HeartRateBpm>
       <Value>115</Value>
      </HeartRateBpm>
      <Extensions>
       <TPX xmlns="http://www.garmin.com/xmlschemas/ActivityExtension/v2">
        <Speed>5.0</Speed>
       </TPX>
      </Extensions>
     </Trackpoint>
     <Trackpoint>
      <Time>2026-08-18T10:17:27Z</Time>
      <Position>
       <LatitudeDegrees>5.2369190</LatitudeDegrees>
       <LongitudeDegrees>100.4390100</LongitudeDegrees>
      </Position>
      <AltitudeMeters>5.8</AltitudeMeters>
      <DistanceMeters>119.6</DistanceMeters>
      <HeartRateBpm>
       <Value>116</Value>
      </HeartRateBpm>
      <Extensions>
       <TPX xmlns="http://www.garmin.com/xmlschemas/ActivityExtension/v2">
        <Speed>5.0</Speed>
       </TPX>
      </Extensions>
     </Trackpoint>
     <Trackpoint>
      <Time>2026-08-18T10:17:28Z</Time>
      <Position>
       <LatitudeDegrees>5.2368870</LatitudeDegrees>
       <LongitudeDegrees>100.4390280</LongitudeDegrees>
      </Position>
      <AltitudeMeters>5.8</AltitudeMeters>
      <DistanceMeters>123.8</DistanceMeters>
      <HeartRateBpm>
       <Value>116</Value>
      </HeartRateBpm>
      <Extensions>
       <TPX xmlns="http://www.garmin.com/xmlschemas/ActivityExtension/v2">
        <Speed>4.6</Speed>
       </TPX>
      </Extensions>
     </Trackpoint>
     <Trackpoint>
      <Time>2026-08-18T10:17:29Z</Time>
      <Position>
       <LatitudeDegrees>5.2368570</LatitudeDegrees>
       <LongitudeDegrees>100.4390420</LongitudeDegrees>
      </Position>
      <AltitudeMeters>5.8</AltitudeMeters>
      <DistanceMeters>127.4</DistanceMeters>
      <HeartRateBpm>
       <Value>117</Value>
      </HeartRateBpm>
      <Extensions>
       <TPX xmlns="http://www.garmin.com/xmlschemas/ActivityExtension/v2">
        <Speed>4.2</Speed>
       </TPX>
      </Extensions>
     </Trackpoint>
     <Trackpoint>
      <Time>2026-08-18T10:17:30Z</Time>
      <Position>
       <LatitudeDegrees>5.2368250</LatitudeDegrees>
       <LongitudeDegrees>100.4390570</LongitudeDegrees>
      </Position>
      <AltitudeMeters>5.8</AltitudeMeters>
      <DistanceMeters>131.3</DistanceMeters>
      <HeartRateBpm>
       <Value>118</Value>
      </HeartRateBpm>
      <Extensions>
       <TPX xmlns="http://www.garmin.com/xmlschemas/ActivityExtension/v2">
        <Speed>4.2</Speed>
       </TPX>
      </Extensions>
     </Trackpoint>
     <Trackpoint>
      <Time>2026-08-18T10:17:31Z</Time>
      <Position>
       <LatitudeDegrees>5.2368010</LatitudeDegrees>
       <LongitudeDegrees>100.4390690</LongitudeDegrees>
      </Position>
      <AltitudeMeters>5.7</AltitudeMeters>
      <DistanceMeters>134.3</DistanceMeters>
      <HeartRateBpm>
       <Value>119</Value>
      </HeartRateBpm>
      <Extensions>
       <TPX xmlns="http://www.garmin.com/xmlschemas/ActivityExtension/v2">
        <Speed>3.9</Speed>
       </TPX>
      </Extensions>
     </Trackpoint>
     <Trackpoint>
      <Time>2026-08-18T10:17:32Z</Time>
      <Position>
       <LatitudeDegrees>5.2367710</LatitudeDegrees>
       <LongitudeDegrees>100.4390800</LongitudeDegrees>
      </Position>
      <AltitudeMeters>5.7</AltitudeMeters>
      <DistanceMeters>137.8</DistanceMeters>
      <HeartRateBpm>
       <Value>121</Value>
      </HeartRateBpm>
      <Extensions>
       <TPX xmlns="http://www.garmin.com/xmlschemas/ActivityExtension/v2">
        <Speed>3.6</Speed>
       </TPX>
      </Extensions>
     </Trackpoint>
     <Trackpoint>
      <Time>2026-08-18T10:17:33Z</Time>
      <Position>
       <LatitudeDegrees>5.2367470</LatitudeDegrees>
       <LongitudeDegrees>100.4390900</LongitudeDegrees>
      </Position>
      <AltitudeMeters>5.7</AltitudeMeters>
      <DistanceMeters>140.7</DistanceMeters>
      <HeartRateBpm>
       <Value>122</Value>
      </HeartRateBpm>
      <Extensions>
       <TPX xmlns="http://www.garmin.com/xmlschemas/ActivityExtension/v2">
        <Speed>3.4</Speed>
       </TPX>
      </Extensions>
     </Trackpoint>
     <Trackpoint>
      <Time>2026-08-18T10:17:34Z</Time>
      <Position>
       <LatitudeDegrees>5.2367180</LatitudeDegrees>
       <LongitudeDegrees>100.4390970</LongitudeDegrees>
      </Position>
      <AltitudeMeters>5.7</AltitudeMeters>
      <DistanceMeters>144.0</DistanceMeters>
      <HeartRateBpm>
       <Value>123</Value>
      </HeartRateBpm>
      <Extensions>
       <TPX xmlns="http://www.garmin.com/xmlschemas/ActivityExtension/v2">
        <Speed>3.3</Speed>
       </TPX>
      </Extensions>
     </Trackpoint>
     <Trackpoint>
      <Time>2026-08-18T10:17:35Z</Time>
      <Position>
       <LatitudeDegrees>5.2366910</LatitudeDegrees>
       <LongitudeDegrees>100.4391070</LongitudeDegrees>
      </Position>
      <AltitudeMeters>5.7</AltitudeMeters>
      <DistanceMeters>147.3</DistanceMeters>
      <HeartRateBpm>
       <Value>125</Value>
      </HeartRateBpm>
      <Extensions>
       <TPX xmlns="http://www.garmin.com/xmlschemas/ActivityExtension/v2">
        <Speed>3.2</Speed>
       </TPX>
      </Extensions>
     </Trackpoint>
     <Trackpoint>
      <Time>2026-08-18T10:17:36Z</Time>
      <Position>
       <LatitudeDegrees>5.2366650</LatitudeDegrees>
       <LongitudeDegrees>100.4391150</LongitudeDegrees>
      </Position>
      <AltitudeMeters>5.7</AltitudeMeters>
      <DistanceMeters>150.3</DistanceMeters>
      <HeartRateBpm>
       <Value>126</Value>
      </HeartRateBpm>
      <Extensions>
       <TPX xmlns="http://www.garmin.com/xmlschemas/ActivityExtension/v2">
        <Speed>3.2</Speed>
       </TPX>
      </Extensions>
     </Trackpoint>
     <Trackpoint>
      <Time>2026-08-18T10:17:37Z</Time>
      <Position>
       <LatitudeDegrees>5.2366370</LatitudeDegrees>
       <LongitudeDegrees>100.4391220</LongitudeDegrees>
      </Position>
      <AltitudeMeters>5.7</AltitudeMeters>
      <DistanceMeters>153.4</DistanceMeters>
      <HeartRateBpm>
       <Value>127</Value>
      </HeartRateBpm>
      <Extensions>
       <TPX xmlns="http://www.garmin.com/xmlschemas/ActivityExtension/v2">
        <Speed>3.1</Speed>
       </TPX>
      </Extensions>
     </Trackpoint>
     <Trackpoint>
      <Time>2026-08-18T10:17:38Z</Time>
      <Position>
       <LatitudeDegrees>5.2366090</LatitudeDegrees>
       <LongitudeDegrees>100.4391320</LongitudeDegrees>
      </Position>
      <AltitudeMeters>5.6</AltitudeMeters>
      <DistanceMeters>156.8</DistanceMeters>
      <HeartRateBpm>
       <Value>128</Value>
      </HeartRateBpm>
      <Extensions>
       <TPX xmlns="http://www.garmin.com/xmlschemas/ActivityExtension/v2">
        <Speed>3.2</Speed>
       </TPX>
      </Extensions>
     </Trackpoint>
     <Trackpoint>
      <Time>2026-08-18T10:17:39Z</Time>
      <Position>
       <LatitudeDegrees>5.2365820</LatitudeDegrees>
       <LongitudeDegrees>100.4391400</LongitudeDegrees>
      </Position>
      <AltitudeMeters>5.6</AltitudeMeters>
      <DistanceMeters>159.9</DistanceMeters>
      <HeartRateBpm>
       <Value>129</Value>
      </HeartRateBpm>
      <Extensions>
       <TPX xmlns="http://www.garmin.com/xmlschemas/ActivityExtension/v2">
        <Speed>3.2</Speed>
       </TPX>
      </Extensions>
     </Trackpoint>
     <Trackpoint>
      <Time>2026-08-18T10:17:40Z</Time>
      <Position>
       <LatitudeDegrees>5.2365500</LatitudeDegrees>
       <LongitudeDegrees>100.4391420</LongitudeDegrees>
      </Position>
      <AltitudeMeters>5.6</AltitudeMeters>
      <DistanceMeters>163.5</DistanceMeters>
      <HeartRateBpm>
       <Value>130</Value>
      </HeartRateBpm>
      <Extensions>
       <TPX xmlns="http://www.garmin.com/xmlschemas/ActivityExtension/v2">
        <Speed>3.2</Speed>
       </TPX>
      </Extensions>
     </Trackpoint>
     <Trackpoint>
      <Time>2026-08-18T10:17:41Z</Time>
      <Position>
       <LatitudeDegrees>5.2365200</LatitudeDegrees>
       <LongitudeDegrees>100.4391470</LongitudeDegrees>
      </Position>
      <AltitudeMeters>5.6</AltitudeMeters>
      <DistanceMeters>166.9</DistanceMeters>
      <HeartRateBpm>
       <Value>130</Value>
      </HeartRateBpm>
      <Extensions>
       <TPX xmlns="http://www.garmin.com/xmlschemas/ActivityExtension/v2">
        <Speed>3.3</Speed>
       </TPX>
      </Extensions>
     </Trackpoint>
     <Trackpoint>
      <Time>2026-08-18T10:17:42Z</Time>
      <Position>
       <LatitudeDegrees>5.2364890</LatitudeDegrees>
       <LongitudeDegrees>100.4391540</LongitudeDegrees>
      </Position>
      <AltitudeMeters>5.6</AltitudeMeters>
      <DistanceMeters>170.4</DistanceMeters>
      <HeartRateBpm>
       <Value>131</Value>
      </HeartRateBpm>
      <Extensions>
       <TPX xmlns="http://www.garmin.com/xmlschemas/ActivityExtension/v2">
        <Speed>3.4</Speed>
       </TPX>
      </Extensions>
     </Trackpoint>
     <Trackpoint>
      <Time>2026-08-18T10:17:43Z</Time>
      <Position>
       <LatitudeDegrees>5.2364630</LatitudeDegrees>
       <LongitudeDegrees>100.4391610</LongitudeDegrees>
      </Position>
      <AltitudeMeters>5.6</AltitudeMeters>
      <DistanceMeters>173.4</DistanceMeters>
      <HeartRateBpm>
       <Value>131</Value>
      </HeartRateBpm>
      <Extensions>
       <TPX xmlns="http://www.garmin.com/xmlschemas/ActivityExtension/v2">
        <Speed>3.3</Speed>
       </TPX>
      </Extensions>
     </Trackpoint>
     <Trackpoint>
      <Time>2026-08-18T10:17:44Z</Time>
      <Position>
       <LatitudeDegrees>5.2364360</LatitudeDegrees>
       <LongitudeDegrees>100.4391690</LongitudeDegrees>
      </Position>
      <AltitudeMeters>5.6</AltitudeMeters>
      <DistanceMeters>176.5</DistanceMeters>
      <HeartRateBpm>
       <Value>132</Value>
      </HeartRateBpm>
      <Extensions>
       <TPX xmlns="http://www.garmin.com/xmlschemas/ActivityExtension/v2">
        <Speed>3.3</Speed>
       </TPX>
      </Extensions>
     </Trackpoint>
     <Trackpoint>
      <Time>2026-08-18T10:17:45Z</Time>
      <Position>
       <LatitudeDegrees>5.2364130</LatitudeDegrees>
       <LongitudeDegrees>100.4391790</LongitudeDegrees>
      </Position>
      <AltitudeMeters>5.6</AltitudeMeters>
      <DistanceMeters>179.3</DistanceMeters>
      <HeartRateBpm>
       <Value>132</Value>
      </HeartRateBpm>
      <Extensions>
       <TPX xmlns="http://www.garmin.com/xmlschemas/ActivityExtension/v2">
        <Speed>3.2</Speed>
       </TPX>
      </Extensions>
     </Trackpoint>
     <Trackpoint>
      <Time>2026-08-18T10:17:46Z</Time>
      <Position>
       <LatitudeDegrees>5.2363880</LatitudeDegrees>
       <LongitudeDegrees>100.4391860</LongitudeDegrees>
      </Position>
      <AltitudeMeters>5.5</AltitudeMeters>
      <DistanceMeters>182.1</DistanceMeters>
      <HeartRateBpm>
       <Value>132</Value>
      </HeartRateBpm>
      <Extensions>
       <TPX xmlns="http://www.garmin.com/xmlschemas/ActivityExtension/v2">
        <Speed>3.0</Speed>
       </TPX>
      </Extensions>
     </Trackpoint>
     <Trackpoint>
      <Time>2026-08-18T10:17:47Z</Time>
      <Position>
       <LatitudeDegrees>5.2363640</LatitudeDegrees>
       <LongitudeDegrees>100.4391940</LongitudeDegrees>
      </Position>
      <AltitudeMeters>5.5</AltitudeMeters>
      <DistanceMeters>185.0</DistanceMeters>
      <HeartRateBpm>
       <Value>132</Value>
      </HeartRateBpm>
      <Extensions>
       <TPX xmlns="http://www.garmin.com/xmlschemas/ActivityExtension/v2">
        <Speed>2.9</Speed>
       </TPX>
      </Extensions>
     </Trackpoint>
     <Trackpoint>
      <Time>2026-08-18T10:17:48Z</Time>
      <Position>
       <LatitudeDegrees>5.2363380</LatitudeDegrees>
       <LongitudeDegrees>100.4392010</LongitudeDegrees>
      </Position>
      <AltitudeMeters>5.5</AltitudeMeters>
      <DistanceMeters>188.0</DistanceMeters>
      <HeartRateBpm>
       <Value>133</Value>
      </HeartRateBpm>
      <Extensions>
       <TPX xmlns="http://www.garmin.com/xmlschemas/ActivityExtension/v2">
        <Speed>2.9</Speed>
       </TPX>
      </Extensions>
     </Trackpoint>
     <Trackpoint>
      <Time>2026-08-18T10:17:49Z</Time>
      <Position>
       <LatitudeDegrees>5.2363150</LatitudeDegrees>
       <LongitudeDegrees>100.4392100</LongitudeDegrees>
      </Position>
      <AltitudeMeters>5.5</AltitudeMeters>
      <DistanceMeters>188.0</DistanceMeters>
      <HeartRateBpm>
       <Value>133</Value>
      </HeartRateBpm>
      <Extensions>
       <TPX xmlns="http://www.garmin.com/xmlschemas/ActivityExtension/v2">
        <Speed>2.3</Speed>
       </TPX>
      </Extensions>
     </Trackpoint>
     <Trackpoint>
      <Time>2026-08-18T10:17:50Z</Time>
      <Position>
       <LatitudeDegrees>5.2363060</LatitudeDegrees>
       <LongitudeDegrees>100.4392160</LongitudeDegrees>
      </Position>
      <AltitudeMeters>5.5</AltitudeMeters>
      <DistanceMeters>191.9</DistanceMeters>
      <HeartRateBpm>
       <Value>134</Value>
      </HeartRateBpm>
      <Extensions>
       <TPX xmlns="http://www.garmin.com/xmlschemas/ActivityExtension/v2">
        <Speed>2.5</Speed>
       </TPX>
      </Extensions>
     </Trackpoint>
     <Trackpoint>
      <Time>2026-08-18T10:17:51Z</Time>
      <Position>
       <LatitudeDegrees>5.2362690</LatitudeDegrees>
       <LongitudeDegrees>100.4392190</LongitudeDegrees>
      </Position>
      <AltitudeMeters>5.5</AltitudeMeters>
      <DistanceMeters>196.0</DistanceMeters>
      <HeartRateBpm>
       <Value>134</Value>
      </HeartRateBpm>
      <Extensions>
       <TPX xmlns="http://www.garmin.com/xmlschemas/ActivityExtension/v2">
        <Speed>2.8</Speed>
       </TPX>
      </Extensions>
     </Trackpoint>
     <Trackpoint>
      <Time>2026-08-18T10:17:52Z</Time>
      <Position>
       <LatitudeDegrees>5.2362400</LatitudeDegrees>
       <LongitudeDegrees>100.4392190</LongitudeDegrees>
      </Position>
      <AltitudeMeters>5.5</AltitudeMeters>
      <DistanceMeters>199.2</DistanceMeters>
      <HeartRateBpm>
       <Value>134</Value>
      </HeartRateBpm>
      <Extensions>
       <TPX xmlns="http://www.garmin.com/xmlschemas/ActivityExtension/v2">
        <Speed>2.8</Speed>
       </TPX>
      </Extensions>
     </Trackpoint>
     <Trackpoint>
      <Time>2026-08-18T10:17:53Z</Time>
      <Position>
       <LatitudeDegrees>5.2362110</LatitudeDegrees>
       <LongitudeDegrees>100.4392180</LongitudeDegrees>
      </Position>
      <AltitudeMeters>5.4</AltitudeMeters>
      <DistanceMeters>202.4</DistanceMeters>
      <HeartRateBpm>
       <Value>134</Value>
      </HeartRateBpm>
      <Extensions>
       <TPX xmlns="http://www.garmin.com/xmlschemas/ActivityExtension/v2">
        <Speed>2.9</Speed>
       </TPX>
      </Extensions>
     </Trackpoint>
     <Trackpoint>
      <Time>2026-08-18T10:17:54Z</Time>
      <Position>
       <LatitudeDegrees>5.2361820</LatitudeDegrees>
       <LongitudeDegrees>100.4392130</LongitudeDegrees>
      </Position>
      <AltitudeMeters>5.4</AltitudeMeters>
      <DistanceMeters>205.8</DistanceMeters>
      <HeartRateBpm>
       <Value>134</Value>
      </HeartRateBpm>
      <Extensions>
       <TPX xmlns="http://www.garmin.com/xmlschemas/ActivityExtension/v2">
        <Speed>3.6</Speed>
       </TPX>
      </Extensions>
     </Trackpoint>
     <Trackpoint>
      <Time>2026-08-18T10:17:55Z</Time>
      <Position>
       <LatitudeDegrees>5.2361550</LatitudeDegrees>
       <LongitudeDegrees>100.4392040</LongitudeDegrees>
      </Position>
      <AltitudeMeters>5.4</AltitudeMeters>
      <DistanceMeters>208.9</DistanceMeters>
      <HeartRateBpm>
       <Value>135</Value>
      </HeartRateBpm>
      <Extensions>
       <TPX xmlns="http://www.garmin.com/xmlschemas/ActivityExtension/v2">
        <Speed>3.4</Speed>
       </TPX>
      </Extensions>
     </Trackpoint>
     <Trackpoint>
      <Time>2026-08-18T10:17:56Z</Time>
      <Position>
       <LatitudeDegrees>5.2361290</LatitudeDegrees>
       <LongitudeDegrees>100.4391950</LongitudeDegrees>
      </Position>
      <AltitudeMeters>5.4</AltitudeMeters>
      <DistanceMeters>211.9</DistanceMeters>
      <HeartRateBpm>
       <Value>135</Value>
      </HeartRateBpm>
      <Extensions>
       <TPX xmlns="http://www.garmin.com/xmlschemas/ActivityExtension/v2">
        <Speed>3.2</Speed>
       </TPX>
      </Extensions>
     </Trackpoint>
     <Trackpoint>
      <Time>2026-08-18T10:17:57Z</Time>
      <Position>
       <LatitudeDegrees>5.2361060</LatitudeDegrees>
       <LongitudeDegrees>100.4391860</LongitudeDegrees>
      </Position>
      <AltitudeMeters>5.4</AltitudeMeters>
      <DistanceMeters>214.7</DistanceMeters>
      <HeartRateBpm>
       <Value>135</Value>
      </HeartRateBpm>
      <Extensions>
       <TPX xmlns="http://www.garmin.com/xmlschemas/ActivityExtension/v2">
        <Speed>3.1</Speed>
       </TPX>
      </Extensions>
     </Trackpoint>
     <Trackpoint>
      <Time>2026-08-18T10:17:58Z</Time>
      <Position>
       <LatitudeDegrees>5.2360800</LatitudeDegrees>
       <LongitudeDegrees>100.4391760</LongitudeDegrees>
      </Position>
      <AltitudeMeters>5.4</AltitudeMeters>
      <DistanceMeters>217.8</DistanceMeters>
      <HeartRateBpm>
       <Value>135</Value>
      </HeartRateBpm>
      <Extensions>
       <TPX xmlns="http://www.garmin.com/xmlschemas/ActivityExtension/v2">
        <Speed>3.1</Speed>
       </TPX>
      </Extensions>
     </Trackpoint>
     <Trackpoint>
      <Time>2026-08-18T10:17:59Z</Time>
      <Position>
       <LatitudeDegrees>5.2360520</LatitudeDegrees>
       <LongitudeDegrees>100.4391670</LongitudeDegrees>
      </Position>
      <AltitudeMeters>5.3</AltitudeMeters>
      <DistanceMeters>221.1</DistanceMeters>
      <HeartRateBpm>
       <Value>136</Value>
      </HeartRateBpm>
      <Extensions>
       <TPX xmlns="http://www.garmin.com/xmlschemas/ActivityExtension/v2">
        <Speed>3.1</Speed>
       </TPX>
      </Extensions>
     </Trackpoint>
     <Trackpoint>
      <Time>2026-08-18T10:18:00Z</Time>
      <Position>
       <LatitudeDegrees>5.2360240</LatitudeDegrees>
       <LongitudeDegrees>100.4391570</LongitudeDegrees>
      </Position>
      <AltitudeMeters>5.3</AltitudeMeters>
      <DistanceMeters>224.4</DistanceMeters>
      <HeartRateBpm>
       <Value>136</Value>
      </HeartRateBpm>
      <Extensions>
       <TPX xmlns="http://www.garmin.com/xmlschemas/ActivityExtension/v2">
        <Speed>3.1</Speed>
       </TPX>
      </Extensions>
     </Trackpoint>
     <Trackpoint>
      <Time>2026-08-18T10:18:01Z</Time>
      <Position>
       <LatitudeDegrees>5.2360020</LatitudeDegrees>
       <LongitudeDegrees>100.4391470</LongitudeDegrees>
      </Position>
      <AltitudeMeters>5.3</AltitudeMeters>
      <DistanceMeters>227.1</DistanceMeters>
      <HeartRateBpm>
       <Value>137</Value>
      </HeartRateBpm>
      <Extensions>
       <TPX xmlns="http://www.garmin.com/xmlschemas/ActivityExtension/v2">
        <Speed>3.0</Speed>
       </TPX>
      </Extensions>
     </Trackpoint>
     <Trackpoint>
      <Time>2026-08-18T10:18:02Z</Time>
      <Position>
       <LatitudeDegrees>5.2359740</LatitudeDegrees>
       <LongitudeDegrees>100.4391410</LongitudeDegrees>
      </Position>
      <AltitudeMeters>5.3</AltitudeMeters>
      <DistanceMeters>230.3</DistanceMeters>
      <HeartRateBpm>
       <Value>137</Value>
      </HeartRateBpm>
      <Extensions>
       <TPX xmlns="http://www.garmin.com/xmlschemas/ActivityExtension/v2">
        <Speed>3.1</Speed>
       </TPX>
      </Extensions>
     </Trackpoint>
     <Trackpoint>
      <Time>2026-08-18T10:18:03Z</Time>
      <Position>
       <LatitudeDegrees>5.2359370</LatitudeDegrees>
       <LongitudeDegrees>100.4391320</LongitudeDegrees>
      </Position>
      <AltitudeMeters>5.3</AltitudeMeters>
      <DistanceMeters>234.4</DistanceMeters>
      <HeartRateBpm>
       <Value>137</Value>
      </HeartRateBpm>
      <Extensions>
       <TPX xmlns="http://www.garmin.com/xmlschemas/ActivityExtension/v2">
        <Speed>3.3</Speed>
       </TPX>
      </Extensions>
     </Trackpoint>
     <Trackpoint>
      <Time>2026-08-18T10:18:04Z</Time>
      <Position>
       <LatitudeDegrees>5.2359020</LatitudeDegrees>
       <LongitudeDegrees>100.4391230</LongitudeDegrees>
      </Position>
      <AltitudeMeters>5.3</AltitudeMeters>
      <DistanceMeters>238.5</DistanceMeters>
      <HeartRateBpm>
       <Value>138</Value>
      </HeartRateBpm>
      <Extensions>
       <TPX xmlns="http://www.garmin.com/xmlschemas/ActivityExtension/v2">
        <Speed>3.5</Speed>
       </TPX>
      </Extensions>
     </Trackpoint>
     <Trackpoint>
      <Time>2026-08-18T10:18:05Z</Time>
      <Position>
       <LatitudeDegrees>5.2358620</LatitudeDegrees>
       <LongitudeDegrees>100.4391110</LongitudeDegrees>
      </Position>
      <AltitudeMeters>5.3</AltitudeMeters>
      <DistanceMeters>243.1</DistanceMeters>
      <HeartRateBpm>
       <Value>138</Value>
      </HeartRateBpm>
      <Extensions>
       <TPX xmlns="http://www.garmin.com/xmlschemas/ActivityExtension/v2">
        <Speed>3.7</Speed>
       </TPX>
      </Extensions>
     </Trackpoint>
     <Trackpoint>
      <Time>2026-08-18T10:18:06Z</Time>
      <Position>
       <LatitudeDegrees>5.2358260</LatitudeDegrees>
       <LongitudeDegrees>100.4391090</LongitudeDegrees>
      </Position>
      <AltitudeMeters>5.3</AltitudeMeters>
      <DistanceMeters>247.1</DistanceMeters>
      <HeartRateBpm>
       <Value>138</Value>
      </HeartRateBpm>
      <Extensions>
       <TPX xmlns="http://www.garmin.com/xmlschemas/ActivityExtension/v2">
        <Speed>4.0</Speed>
       </TPX>
      </Extensions>
     </Trackpoint>
     <Trackpoint>
      <Time>2026-08-18T10:18:07Z</Time>
      <Position>
       <LatitudeDegrees>5.2357870</LatitudeDegrees>
       <LongitudeDegrees>100.4391170</LongitudeDegrees>
      </Position>
      <AltitudeMeters>5.2</AltitudeMeters>
      <DistanceMeters>251.5</DistanceMeters>
      <HeartRateBpm>
       <Value>138</Value>
      </HeartRateBpm>
      <Extensions>
       <TPX xmlns="http://www.garmin.com/xmlschemas/ActivityExtension/v2">
        <Speed>4.2</Speed>
       </TPX>
      </Extensions>
     </Trackpoint>
     <Trackpoint>
      <Time>2026-08-18T10:18:08Z</Time>
      <Position>
       <LatitudeDegrees>5.2357610</LatitudeDegrees>
       <LongitudeDegrees>100.4391290</LongitudeDegrees>
      </Position>
      <AltitudeMeters>5.2</AltitudeMeters>
      <DistanceMeters>254.7</DistanceMeters>
      <HeartRateBpm>
       <Value>139</Value>
      </HeartRateBpm>
      <Extensions>
       <TPX xmlns="http://www.garmin.com/xmlschemas/ActivityExtension/v2">
        <Speed>4.1</Speed>
       </TPX>
      </Extensions>
     </Trackpoint>
     <Trackpoint>
      <Time>2026-08-18T10:18:09Z</Time>
      <Position>
       <LatitudeDegrees>5.2357350</LatitudeDegrees>
       <LongitudeDegrees>100.4391380</LongitudeDegrees>
      </Position>
      <AltitudeMeters>5.2</AltitudeMeters>
      <DistanceMeters>257.8</DistanceMeters>
      <HeartRateBpm>
       <Value>139</Value>
      </HeartRateBpm>
      <Extensions>
       <TPX xmlns="http://www.garmin.com/xmlschemas/ActivityExtension/v2">
        <Speed>3.9</Speed>
       </TPX>
      </Extensions>
     </Trackpoint>
     <Trackpoint>
      <Time>2026-08-18T10:18:10Z</Time>
      <Position>
       <LatitudeDegrees>5.2357060</LatitudeDegrees>
       <LongitudeDegrees>100.4391470</LongitudeDegrees>
      </Position>
      <AltitudeMeters>5.2</AltitudeMeters>
      <DistanceMeters>261.2</DistanceMeters>
      <HeartRateBpm>
       <Value>139</Value>
      </HeartRateBpm>
      <Extensions>
       <TPX xmlns="http://www.garmin.com/xmlschemas/ActivityExtension/v2">
        <Speed>3.6</Speed>
       </TPX>
      </Extensions>
     </Trackpoint>
     <Trackpoint>
      <Time>2026-08-18T10:18:11Z</Time>
      <Position>
       <LatitudeDegrees>5.2356820</LatitudeDegrees>
       <LongitudeDegrees>100.4391620</LongitudeDegrees>
      </Position>
      <AltitudeMeters>5.2</AltitudeMeters>
      <DistanceMeters>264.3</DistanceMeters>
      <HeartRateBpm>
       <Value>140</Value>
      </HeartRateBpm>
      <Extensions>
       <TPX xmlns="http://www.garmin.com/xmlschemas/ActivityExtension/v2">
        <Speed>3.4</Speed>
       </TPX>
      </Extensions>
     </Trackpoint>
     <Trackpoint>
      <Time>2026-08-18T10:18:12Z</Time>
      <Position>
       <LatitudeDegrees>5.2356570</LatitudeDegrees>
       <LongitudeDegrees>100.4391830</LongitudeDegrees>
      </Position>
      <AltitudeMeters>5.2</AltitudeMeters>
      <DistanceMeters>267.9</DistanceMeters>
      <HeartRateBpm>
       <Value>140</Value>
      </HeartRateBpm>
      <Extensions>
       <TPX xmlns="http://www.garmin.com/xmlschemas/ActivityExtension/v2">
        <Speed>3.3</Speed>
       </TPX>
      </Extensions>
     </Trackpoint>
     <Trackpoint>
      <Time>2026-08-18T10:18:13Z</Time>
      <Position>
       <LatitudeDegrees>5.2356410</LatitudeDegrees>
       <LongitudeDegrees>100.4392040</LongitudeDegrees>
      </Position>
      <AltitudeMeters>5.2</AltitudeMeters>
      <DistanceMeters>270.8</DistanceMeters>
      <HeartRateBpm>
       <Value>140</Value>
      </HeartRateBpm>
      <Extensions>
       <TPX xmlns="http://www.garmin.com/xmlschemas/ActivityExtension/v2">
        <Speed>3.2</Speed>
       </TPX>
      </Extensions>
     </Trackpoint>
     <Trackpoint>
      <Time>2026-08-18T10:18:14Z</Time>
      <Position>
       <LatitudeDegrees>5.2356280</LatitudeDegrees>
       <LongitudeDegrees>100.4392270</LongitudeDegrees>
      </Position>
      <AltitudeMeters>5.2</AltitudeMeters>
      <DistanceMeters>273.8</DistanceMeters>
      <HeartRateBpm>
       <Value>140</Value>
      </HeartRateBpm>
      <Extensions>
       <TPX xmlns="http://www.garmin.com/xmlschemas/ActivityExtension/v2">
        <Speed>3.2</Speed>
       </TPX>
      </Extensions>
     </Trackpoint>
     <Trackpoint>
      <Time>2026-08-18T10:18:15Z</Time>
      <Position>
       <LatitudeDegrees>5.2356130</LatitudeDegrees>
       <LongitudeDegrees>100.4392560</LongitudeDegrees>
      </Position>
      <AltitudeMeters>5.2</AltitudeMeters>
      <DistanceMeters>277.4</DistanceMeters>
      <HeartRateBpm>
       <Value>140</Value>
      </HeartRateBpm>
      <Extensions>
       <TPX xmlns="http://www.garmin.com/xmlschemas/ActivityExtension/v2">
        <Speed>3.2</Speed>
       </TPX>
      </Extensions>
     </Trackpoint>
     <Trackpoint>
      <Time>2026-08-18T10:18:16Z</Time>
      <Position>
       <LatitudeDegrees>5.2355960</LatitudeDegrees>
       <LongitudeDegrees>100.4392910</LongitudeDegrees>
      </Position>
      <AltitudeMeters>5.1</AltitudeMeters>
      <DistanceMeters>281.6</DistanceMeters>
      <HeartRateBpm>
       <Value>140</Value>
      </HeartRateBpm>
      <Extensions>
       <TPX xmlns="http://www.garmin.com/xmlschemas/ActivityExtension/v2">
        <Speed>3.5</Speed>
       </TPX>
      </Extensions>
     </Trackpoint>
     <Trackpoint>
      <Time>2026-08-18T10:18:17Z</Time>
      <Position>
       <LatitudeDegrees>5.2355730</LatitudeDegrees>
       <LongitudeDegrees>100.4393270</LongitudeDegrees>
      </Position>
      <AltitudeMeters>5.1</AltitudeMeters>
      <DistanceMeters>286.5</DistanceMeters>
      <HeartRateBpm>
       <Value>141</Value>
      </HeartRateBpm>
      <Extensions>
       <TPX xmlns="http://www.garmin.com/xmlschemas/ActivityExtension/v2">
        <Speed>3.7</Speed>
       </TPX>
      </Extensions>
     </Trackpoint>
     <Trackpoint>
      <Time>2026-08-18T10:18:18Z</Time>
      <Position>
       <LatitudeDegrees>5.2355540</LatitudeDegrees>
       <LongitudeDegrees>100.4393600</LongitudeDegrees>
      </Position>
      <AltitudeMeters>5.1</AltitudeMeters>
      <DistanceMeters>290.6</DistanceMeters>
      <HeartRateBpm>
       <Value>141</Value>
      </HeartRateBpm>
      <Extensions>
       <TPX xmlns="http://www.garmin.com/xmlschemas/ActivityExtension/v2">
        <Speed>4.0</Speed>
       </TPX>
      </Extensions>
     </Trackpoint>
     <Trackpoint>
      <Time>2026-08-18T10:18:19Z</Time>
      <Position>
       <LatitudeDegrees>5.2355270</LatitudeDegrees>
       <LongitudeDegrees>100.4393880</LongitudeDegrees>
      </Position>
      <AltitudeMeters>5.1</AltitudeMeters>
      <DistanceMeters>295.0</DistanceMeters>
      <HeartRateBpm>
       <Value>141</Value>
      </HeartRateBpm>
      <Extensions>
       <TPX xmlns="http://www.garmin.com/xmlschemas/ActivityExtension/v2">
        <Speed>4.2</Speed>
       </TPX>
      </Extensions>
     </Trackpoint>
     <Trackpoint>
      <Time>2026-08-18T10:18:20Z</Time>
      <Position>
       <LatitudeDegrees>5.2354990</LatitudeDegrees>
       <LongitudeDegrees>100.4394070</LongitudeDegrees>
      </Position>
      <AltitudeMeters>5.1</AltitudeMeters>
      <DistanceMeters>298.8</DistanceMeters>
      <HeartRateBpm>
       <Value>141</Value>
      </HeartRateBpm>
      <Extensions>
       <TPX xmlns="http://www.garmin.com/xmlschemas/ActivityExtension/v2">
        <Speed>4.3</Speed>
       </TPX>
      </Extensions>
     </Trackpoint>
     <Trackpoint>
      <Time>2026-08-18T10:18:21Z</Time>
      <Position>
       <LatitudeDegrees>5.2354750</LatitudeDegrees>
       <LongitudeDegrees>100.4394190</LongitudeDegrees>
      </Position>
      <AltitudeMeters>5.1</AltitudeMeters>
      <DistanceMeters>301.8</DistanceMeters>
      <HeartRateBpm>
       <Value>141</Value>
      </HeartRateBpm>
      <Extensions>
       <TPX xmlns="http://www.garmin.com/xmlschemas/ActivityExtension/v2">
        <Speed>4.0</Speed>
       </TPX>
      </Extensions>
     </Trackpoint>
     <Trackpoint>
      <Time>2026-08-18T10:18:22Z</Time>
      <Position>
       <LatitudeDegrees>5.2354460</LatitudeDegrees>
       <LongitudeDegrees>100.4394280</LongitudeDegrees>
      </Position>
      <AltitudeMeters>5.1</AltitudeMeters>
      <DistanceMeters>305.1</DistanceMeters>
      <HeartRateBpm>
       <Value>141</Value>
      </HeartRateBpm>
      <Extensions>
       <TPX xmlns="http://www.garmin.com/xmlschemas/ActivityExtension/v2">
        <Speed>3.7</Speed>
       </TPX>
      </Extensions>
     </Trackpoint>
     <Trackpoint>
      <Time>2026-08-18T10:18:23Z</Time>
      <Position>
       <LatitudeDegrees>5.2354160</LatitudeDegrees>
       <LongitudeDegrees>100.4394370</LongitudeDegrees>
      </Position>
      <AltitudeMeters>5.1</AltitudeMeters>
      <DistanceMeters>308.5</DistanceMeters>
      <HeartRateBpm>
       <Value>141</Value>
      </HeartRateBpm>
      <Extensions>
       <TPX xmlns="http://www.garmin.com/xmlschemas/ActivityExtension/v2">
        <Speed>3.6</Speed>
       </TPX>
      </Extensions>
     </Trackpoint>
     <Trackpoint>
      <Time>2026-08-18T10:18:24Z</Time>
      <Position>
       <LatitudeDegrees>5.2353870</LatitudeDegrees>
       <LongitudeDegrees>100.4394430</LongitudeDegrees>
      </Position>
      <AltitudeMeters>5.1</AltitudeMeters>
      <DistanceMeters>311.9</DistanceMeters>
      <HeartRateBpm>
       <Value>141</Value>
      </HeartRateBpm>
      <Extensions>
       <TPX xmlns="http://www.garmin.com/xmlschemas/ActivityExtension/v2">
        <Speed>3.4</Speed>
       </TPX>
      </Extensions>
     </Trackpoint>
     <Trackpoint>
      <Time>2026-08-18T10:18:25Z</Time>
      <Position>
       <LatitudeDegrees>5.2353590</LatitudeDegrees>
       <LongitudeDegrees>100.4394430</LongitudeDegrees>
      </Position>
      <AltitudeMeters>5.1</AltitudeMeters>
      <DistanceMeters>315.0</DistanceMeters>
      <HeartRateBpm>
       <Value>141</Value>
      </HeartRateBpm>
      <Extensions>
       <TPX xmlns="http://www.garmin.com/xmlschemas/ActivityExtension/v2">
        <Speed>3.2</Speed>
       </TPX>
      </Extensions>
     </Trackpoint>
     <Trackpoint>
      <Time>2026-08-18T10:18:26Z</Time>
      <Position>
       <LatitudeDegrees>5.2353300</LatitudeDegrees>
       <LongitudeDegrees>100.4394480</LongitudeDegrees>
      </Position>
      <AltitudeMeters>5.1</AltitudeMeters>
      <DistanceMeters>318.3</DistanceMeters>
      <HeartRateBpm>
       <Value>141</Value>
      </HeartRateBpm>
      <Extensions>
       <TPX xmlns="http://www.garmin.com/xmlschemas/ActivityExtension/v2">
        <Speed>3.3</Speed>
       </TPX>
      </Extensions>
     </Trackpoint>
     <Trackpoint>
      <Time>2026-08-18T10:18:27Z</Time>
      <Position>
       <LatitudeDegrees>5.2352950</LatitudeDegrees>
       <LongitudeDegrees>100.4394560</LongitudeDegrees>
      </Position>
      <AltitudeMeters>5.1</AltitudeMeters>
      <DistanceMeters>322.2</DistanceMeters>
      <HeartRateBpm>
       <Value>141</Value>
      </HeartRateBpm>
      <Extensions>
       <TPX xmlns="http://www.garmin.com/xmlschemas/ActivityExtension/v2">
        <Speed>3.4</Speed>
       </TPX>
      </Extensions>
     </Trackpoint>
     <Trackpoint>
      <Time>2026-08-18T10:18:28Z</Time>
      <Position>
       <LatitudeDegrees>5.2352650</LatitudeDegrees>
       <LongitudeDegrees>100.4394680</LongitudeDegrees>
      </Position>
      <AltitudeMeters>5.1</AltitudeMeters>
      <DistanceMeters>325.8</DistanceMeters>
      <HeartRateBpm>
       <Value>142</Value>
      </HeartRateBpm>
      <Extensions>
       <TPX xmlns="http://www.garmin.com/xmlschemas/ActivityExtension/v2">
        <Speed>3.5</Speed>
       </TPX>
      </Extensions>
     </Trackpoint>
     <Trackpoint>
      <Time>2026-08-18T10:18:29Z</Time>
      <Position>
       <LatitudeDegrees>5.2352380</LatitudeDegrees>
       <LongitudeDegrees>100.4394900</LongitudeDegrees>
      </Position>
      <AltitudeMeters>5.1</AltitudeMeters>
      <DistanceMeters>329.7</DistanceMeters>
      <HeartRateBpm>
       <Value>142</Value>
      </HeartRateBpm>
      <Extensions>
       <TPX xmlns="http://www.garmin.com/xmlschemas/ActivityExtension/v2">
        <Speed>3.6</Speed>
       </TPX>
      </Extensions>
     </Trackpoint>
     <Trackpoint>
      <Time>2026-08-18T10:18:30Z</Time>
      <Position>
       <LatitudeDegrees>5.2352170</LatitudeDegrees>
       <LongitudeDegrees>100.4395080</LongitudeDegrees>
      </Position>
      <AltitudeMeters>5.1</AltitudeMeters>
      <DistanceMeters>332.7</DistanceMeters>
      <HeartRateBpm>
       <Value>142</Value>
      </HeartRateBpm>
      <Extensions>
       <TPX xmlns="http://www.garmin.com/xmlschemas/ActivityExtension/v2">
        <Speed>3.5</Speed>
       </TPX>
      </Extensions>
     </Trackpoint>
     <Trackpoint>
      <Time>2026-08-18T10:18:31Z</Time>
      <Position>
       <LatitudeDegrees>5.2351940</LatitudeDegrees>
       <LongitudeDegrees>100.4395210</LongitudeDegrees>
      </Position>
      <AltitudeMeters>5.1</AltitudeMeters>
      <DistanceMeters>335.6</DistanceMeters>
      <HeartRateBpm>
       <Value>142</Value>
      </HeartRateBpm>
      <Extensions>
       <TPX xmlns="http://www.garmin.com/xmlschemas/ActivityExtension/v2">
        <Speed>3.5</Speed>
       </TPX>
      </Extensions>
     </Trackpoint>
     <Trackpoint>
      <Time>2026-08-18T10:18:32Z</Time>
      <Position>
       <LatitudeDegrees>5.2351700</LatitudeDegrees>
       <LongitudeDegrees>100.4395250</LongitudeDegrees>
      </Position>
      <AltitudeMeters>5.1</AltitudeMeters>
      <DistanceMeters>338.3</DistanceMeters>
      <HeartRateBpm>
       <Value>141</Value>
      </HeartRateBpm>
      <Extensions>
       <TPX xmlns="http://www.garmin.com/xmlschemas/ActivityExtension/v2">
        <Speed>3.2</Speed>
       </TPX>
      </Extensions>
     </Trackpoint>
     <Trackpoint>
      <Time>2026-08-18T10:18:33Z</Time>
      <Position>
       <LatitudeDegrees>5.2351470</LatitudeDegrees>
       <LongitudeDegrees>100.4395310</LongitudeDegrees>
      </Position>
      <AltitudeMeters>5.1</AltitudeMeters>
      <DistanceMeters>340.9</DistanceMeters>
      <HeartRateBpm>
       <Value>141</Value>
      </HeartRateBpm>
      <Extensions>
       <TPX xmlns="http://www.garmin.com/xmlschemas/ActivityExtension/v2">
        <Speed>3.0</Speed>
       </TPX>
      </Extensions>
     </Trackpoint>
     <Trackpoint>
      <Time>2026-08-18T10:18:34Z</Time>
      <Position>
       <LatitudeDegrees>5.2351170</LatitudeDegrees>
       <LongitudeDegrees>100.4395280</LongitudeDegrees>
      </Position>
      <AltitudeMeters>5.1</AltitudeMeters>
      <DistanceMeters>344.2</DistanceMeters>
      <HeartRateBpm>
       <Value>142</Value>
      </HeartRateBpm>
      <Extensions>
       <TPX xmlns="http://www.garmin.com/xmlschemas/ActivityExtension/v2">
        <Speed>2.9</Speed>
       </TPX>
      </Extensions>
     </Trackpoint>
     <Trackpoint>
      <Time>2026-08-18T10:18:35Z</Time>
      <Position>
       <LatitudeDegrees>5.2350920</LatitudeDegrees>
       <LongitudeDegrees>100.4395270</LongitudeDegrees>
      </Position>
      <AltitudeMeters>5.1</AltitudeMeters>
      <DistanceMeters>347.0</DistanceMeters>
      <HeartRateBpm>
       <Value>142</Value>
      </HeartRateBpm>
      <Extensions>
       <TPX xmlns="http://www.garmin.com/xmlschemas/ActivityExtension/v2">
        <Speed>2.9</Speed>
       </TPX>
      </Extensions>
     </Trackpoint>
     <Trackpoint>
      <Time>2026-08-18T10:18:36Z</Time>
      <Position>
       <LatitudeDegrees>5.2350680</LatitudeDegrees>
       <LongitudeDegrees>100.4395270</LongitudeDegrees>
      </Position>
      <AltitudeMeters>5.1</AltitudeMeters>
      <DistanceMeters>349.6</DistanceMeters>
      <HeartRateBpm>
       <Value>142</Value>
      </HeartRateBpm>
      <Extensions>
       <TPX xmlns="http://www.garmin.com/xmlschemas/ActivityExtension/v2">
        <Speed>2.8</Speed>
       </TPX>
      </Extensions>
     </Trackpoint>
     <Trackpoint>
      <Time>2026-08-18T10:18:37Z</Time>
      <Position>
       <LatitudeDegrees>5.2350370</LatitudeDegrees>
       <LongitudeDegrees>100.4395260</LongitudeDegrees>
      </Position>
      <AltitudeMeters>5.1</AltitudeMeters>
      <DistanceMeters>353.1</DistanceMeters>
      <HeartRateBpm>
       <Value>142</Value>
      </HeartRateBpm>
      <Extensions>
       <TPX xmlns="http://www.garmin.com/xmlschemas/ActivityExtension/v2">
        <Speed>3.0</Speed>
       </TPX>
      </Extensions>
     </Trackpoint>
     <Trackpoint>
      <Time>2026-08-18T10:18:38Z</Time>
      <Position>
       <LatitudeDegrees>5.2350060</LatitudeDegrees>
       <LongitudeDegrees>100.4395350</LongitudeDegrees>
      </Position>
      <AltitudeMeters>5.1</AltitudeMeters>
      <DistanceMeters>356.7</DistanceMeters>
      <HeartRateBpm>
       <Value>143</Value>
      </HeartRateBpm>
      <Extensions>
       <TPX xmlns="http://www.garmin.com/xmlschemas/ActivityExtension/v2">
        <Speed>3.2</Speed>
       </TPX>
      </Extensions>
     </Trackpoint>
     <Trackpoint>
      <Time>2026-08-18T10:18:39Z</Time>
      <Position>
       <LatitudeDegrees>5.2349780</LatitudeDegrees>
       <LongitudeDegrees>100.4395400</LongitudeDegrees>
      </Position>
      <AltitudeMeters>5.1</AltitudeMeters>
      <DistanceMeters>359.8</DistanceMeters>
      <HeartRateBpm>
       <Value>143</Value>
      </HeartRateBpm>
      <Extensions>
       <TPX xmlns="http://www.garmin.com/xmlschemas/ActivityExtension/v2">
        <Speed>3.1</Speed>
       </TPX>
      </Extensions>
     </Trackpoint>
     <Trackpoint>
      <Time>2026-08-18T10:18:40Z</Time>
      <Position>
       <LatitudeDegrees>5.2349470</LatitudeDegrees>
       <LongitudeDegrees>100.4395480</LongitudeDegrees>
      </Position>
      <AltitudeMeters>5.1</AltitudeMeters>
      <DistanceMeters>363.5</DistanceMeters>
      <HeartRateBpm>
       <Value>143</Value>
      </HeartRateBpm>
      <Extensions>
       <TPX xmlns="http://www.garmin.com/xmlschemas/ActivityExtension/v2">
        <Speed>3.3</Speed>
       </TPX>
      </Extensions>
     </Trackpoint>
     <Trackpoint>
      <Time>2026-08-18T10:18:41Z</Time>
      <Position>
       <LatitudeDegrees>5.2349060</LatitudeDegrees>
       <LongitudeDegrees>100.4395590</LongitudeDegrees>
      </Position>
      <AltitudeMeters>5.1</AltitudeMeters>
      <DistanceMeters>368.1</DistanceMeters>
      <HeartRateBpm>
       <Value>144</Value>
      </HeartRateBpm>
      <Extensions>
       <TPX xmlns="http://www.garmin.com/xmlschemas/ActivityExtension/v2">
        <Speed>3.7</Speed>
       </TPX>
      </Extensions>
     </Trackpoint>
     <Trackpoint>
      <Time>2026-08-18T10:18:42Z</Time>
      <Position>
       <LatitudeDegrees>5.2348720</LatitudeDegrees>
       <LongitudeDegrees>100.4395670</LongitudeDegrees>
      </Position>
      <AltitudeMeters>5.1</AltitudeMeters>
      <DistanceMeters>372.0</DistanceMeters>
      <HeartRateBpm>
       <Value>144</Value>
      </HeartRateBpm>
      <Extensions>
       <TPX xmlns="http://www.garmin.com/xmlschemas/ActivityExtension/v2">
        <Speed>3.8</Speed>
       </TPX>
      </Extensions>
     </Trackpoint>
     <Trackpoint>
      <Time>2026-08-18T10:18:43Z</Time>
      <Position>
       <LatitudeDegrees>5.2348370</LatitudeDegrees>
       <LongitudeDegrees>100.4395800</LongitudeDegrees>
      </Position>
      <AltitudeMeters>5.1</AltitudeMeters>
      <DistanceMeters>376.1</DistanceMeters>
      <HeartRateBpm>
       <Value>144</Value>
      </HeartRateBpm>
      <Extensions>
       <TPX xmlns="http://www.garmin.com/xmlschemas/ActivityExtension/v2">
        <Speed>3.9</Speed>
       </TPX>
      </Extensions>
     </Trackpoint>
     <Trackpoint>
      <Time>2026-08-18T10:18:44Z</Time>
      <Position>
       <LatitudeDegrees>5.2348060</LatitudeDegrees>
       <LongitudeDegrees>100.4395920</LongitudeDegrees>
      </Position>
      <AltitudeMeters>5.1</AltitudeMeters>
      <DistanceMeters>379.8</DistanceMeters>
      <HeartRateBpm>
       <Value>144</Value>
      </HeartRateBpm>
      <Extensions>
       <TPX xmlns="http://www.garmin.com/xmlschemas/ActivityExtension/v2">
        <Speed>4.0</Speed>
       </TPX>
      </Extensions>
     </Trackpoint>
     <Trackpoint>
      <Time>2026-08-18T10:18:45Z</Time>
      <Position>
       <LatitudeDegrees>5.2347760</LatitudeDegrees>
       <LongitudeDegrees>100.4396030</LongitudeDegrees>
      </Position>
      <AltitudeMeters>5.1</AltitudeMeters>
      <DistanceMeters>383.4</DistanceMeters>
      <HeartRateBpm>
       <Value>144</Value>
      </HeartRateBpm>
      <Extensions>
       <TPX xmlns="http://www.garmin.com/xmlschemas/ActivityExtension/v2">
        <Speed>4.0</Speed>
       </TPX>
      </Extensions>
     </Trackpoint>
     <Trackpoint>
      <Time>2026-08-18T10:18:46Z</Time>
      <Position>
       <LatitudeDegrees>5.2347450</LatitudeDegrees>
       <LongitudeDegrees>100.4396090</LongitudeDegrees>
      </Position>
      <AltitudeMeters>5.1</AltitudeMeters>
      <DistanceMeters>387.0</DistanceMeters>
      <HeartRateBpm>
       <Value>144</Value>
      </HeartRateBpm>
      <Extensions>
       <TPX xmlns="http://www.garmin.com/xmlschemas/ActivityExtension/v2">
        <Speed>3.8</Speed>
       </TPX>
      </Extensions>
     </Trackpoint>
     <Trackpoint>
      <Time>2026-08-18T10:18:47Z</Time>
      <Position>
       <LatitudeDegrees>5.2347140</LatitudeDegrees>
       <LongitudeDegrees>100.4396120</LongitudeDegrees>
      </Position>
      <AltitudeMeters>5.1</AltitudeMeters>
      <DistanceMeters>390.4</DistanceMeters>
      <HeartRateBpm>
       <Value>144</Value>
      </HeartRateBpm>
      <Extensions>
       <TPX xmlns="http://www.garmin.com/xmlschemas/ActivityExtension/v2">
        <Speed>3.7</Speed>
       </TPX>
      </Extensions>
     </Trackpoint>
     <Trackpoint>
      <Time>2026-08-18T10:18:48Z</Time>
      <Position>
       <LatitudeDegrees>5.2346830</LatitudeDegrees>
       <LongitudeDegrees>100.4396100</LongitudeDegrees>
      </Position>
      <AltitudeMeters>5.1</AltitudeMeters>
      <DistanceMeters>393.9</DistanceMeters>
      <HeartRateBpm>
       <Value>145</Value>
      </HeartRateBpm>
      <Extensions>
       <TPX xmlns="http://www.garmin.com/xmlschemas/ActivityExtension/v2">
        <Speed>3.6</Speed>
       </TPX>
      </Extensions>
     </Trackpoint>
     <Trackpoint>
      <Time>2026-08-18T10:18:49Z</Time>
      <Position>
       <LatitudeDegrees>5.2346530</LatitudeDegrees>
       <LongitudeDegrees>100.4396040</LongitudeDegrees>
      </Position>
      <AltitudeMeters>5.1</AltitudeMeters>
      <DistanceMeters>397.3</DistanceMeters>
      <HeartRateBpm>
       <Value>144</Value>
      </HeartRateBpm>
      <Extensions>
       <TPX xmlns="http://www.garmin.com/xmlschemas/ActivityExtension/v2">
        <Speed>3.5</Speed>
       </TPX>
      </Extensions>
     </Trackpoint>
     <Trackpoint>
      <Time>2026-08-18T10:18:50Z</Time>
      <Position>
       <LatitudeDegrees>5.2346240</LatitudeDegrees>
       <LongitudeDegrees>100.4395970</LongitudeDegrees>
      </Position>
      <AltitudeMeters>5.1</AltitudeMeters>
      <DistanceMeters>400.6</DistanceMeters>
      <HeartRateBpm>
       <Value>144</Value>
      </HeartRateBpm>
      <Extensions>
       <TPX xmlns="http://www.garmin.com/xmlschemas/ActivityExtension/v2">
        <Speed>3.4</Speed>
       </TPX>
      </Extensions>
     </Trackpoint>
     <Trackpoint>
      <Time>2026-08-18T10:18:51Z</Time>
      <Position>
       <LatitudeDegrees>5.2346050</LatitudeDegrees>
       <LongitudeDegrees>100.4395800</LongitudeDegrees>
      </Position>
      <AltitudeMeters>5.1</AltitudeMeters>
      <DistanceMeters>403.4</DistanceMeters>
      <HeartRateBpm>
       <Value>145</Value>
      </HeartRateBpm>
      <Extensions>
       <TPX xmlns="http://www.garmin.com/xmlschemas/ActivityExtension/v2">
        <Speed>3.3</Speed>
       </TPX>
      </Extensions>
     </Trackpoint>
     <Trackpoint>
      <Time>2026-08-18T10:18:52Z</Time>
      <Position>
       <LatitudeDegrees>5.2345830</LatitudeDegrees>
       <LongitudeDegrees>100.4395640</LongitudeDegrees>
      </Position>
      <AltitudeMeters>5.1</AltitudeMeters>
      <DistanceMeters>406.4</DistanceMeters>
      <HeartRateBpm>
       <Value>145</Value>
      </HeartRateBpm>
      <Extensions>
       <TPX xmlns="http://www.garmin.com/xmlschemas/ActivityExtension/v2">
        <Speed>3.2</Speed>
       </TPX>
      </Extensions>
     </Trackpoint>
     <Trackpoint>
      <Time>2026-08-18T10:18:53Z</Time>
      <Position>
       <LatitudeDegrees>5.2345630</LatitudeDegrees>
       <LongitudeDegrees>100.4395470</LongitudeDegrees>
      </Position>
      <AltitudeMeters>5.1</AltitudeMeters>
      <DistanceMeters>409.3</DistanceMeters>
      <HeartRateBpm>
       <Value>146</Value>
      </HeartRateBpm>
      <Extensions>
       <TPX xmlns="http://www.garmin.com/xmlschemas/ActivityExtension/v2">
        <Speed>3.1</Speed>
       </TPX>
      </Extensions>
     </Trackpoint>
     <Trackpoint>
      <Time>2026-08-18T10:18:54Z</Time>
      <Position>
       <LatitudeDegrees>5.2345430</LatitudeDegrees>
       <LongitudeDegrees>100.4395210</LongitudeDegrees>
      </Position>
      <AltitudeMeters>5.1</AltitudeMeters>
      <DistanceMeters>412.9</DistanceMeters>
      <HeartRateBpm>
       <Value>146</Value>
      </HeartRateBpm>
      <Extensions>
       <TPX xmlns="http://www.garmin.com/xmlschemas/ActivityExtension/v2">
        <Speed>3.1</Speed>
       </TPX>
      </Extensions>
     </Trackpoint>
     <Trackpoint>
      <Time>2026-08-18T10:18:55Z</Time>
      <Position>
       <LatitudeDegrees>5.2345340</LatitudeDegrees>
       <LongitudeDegrees>100.4394950</LongitudeDegrees>
      </Position>
      <AltitudeMeters>5.1</AltitudeMeters>
      <DistanceMeters>415.9</DistanceMeters>
      <HeartRateBpm>
       <Value>146</Value>
      </HeartRateBpm>
      <Extensions>
       <TPX xmlns="http://www.garmin.com/xmlschemas/ActivityExtension/v2">
        <Speed>3.1</Speed>
       </TPX>
      </Extensions>
     </Trackpoint>
     <Trackpoint>
      <Time>2026-08-18T10:18:56Z</Time>
      <Position>
       <LatitudeDegrees>5.2345240</LatitudeDegrees>
       <LongitudeDegrees>100.4394700</LongitudeDegrees>
      </Position>
      <AltitudeMeters>5.1</AltitudeMeters>
      <DistanceMeters>418.9</DistanceMeters>
      <HeartRateBpm>
       <Value>146</Value>
      </HeartRateBpm>
      <Extensions>
       <TPX xmlns="http://www.garmin.com/xmlschemas/ActivityExtension/v2">
        <Speed>3.1</Speed>
       </TPX>
      </Extensions>
     </Trackpoint>
     <Trackpoint>
      <Time>2026-08-18T10:18:57Z</Time>
      <Position>
       <LatitudeDegrees>5.2345160</LatitudeDegrees>
       <LongitudeDegrees>100.4394480</LongitudeDegrees>
      </Position>
      <AltitudeMeters>5.1</AltitudeMeters>
      <DistanceMeters>421.5</DistanceMeters>
      <HeartRateBpm>
       <Value>146</Value>
      </HeartRateBpm>
      <Extensions>
       <TPX xmlns="http://www.garmin.com/xmlschemas/ActivityExtension/v2">
        <Speed>3.0</Speed>
       </TPX>
      </Extensions>
     </Trackpoint>
     <Trackpoint>
      <Time>2026-08-18T10:18:58Z</Time>
      <Position>
       <LatitudeDegrees>5.2345100</LatitudeDegrees>
       <LongitudeDegrees>100.4394210</LongitudeDegrees>
      </Position>
      <AltitudeMeters>5.1</AltitudeMeters>
      <DistanceMeters>424.7</DistanceMeters>
      <HeartRateBpm>
       <Value>146</Value>
      </HeartRateBpm>
      <Extensions>
       <TPX xmlns="http://www.garmin.com/xmlschemas/ActivityExtension/v2">
        <Speed>3.1</Speed>
       </TPX>
      </Extensions>
     </Trackpoint>
     <Trackpoint>
      <Time>2026-08-18T10:18:59Z</Time>
      <Position>
       <LatitudeDegrees>5.2345030</LatitudeDegrees>
       <LongitudeDegrees>100.4393950</LongitudeDegrees>
      </Position>
      <AltitudeMeters>5.1</AltitudeMeters>
      <DistanceMeters>427.6</DistanceMeters>
      <HeartRateBpm>
       <Value>146</Value>
      </HeartRateBpm>
      <Extensions>
       <TPX xmlns="http://www.garmin.com/xmlschemas/ActivityExtension/v2">
        <Speed>2.9</Speed>
       </TPX>
      </Extensions>
     </Trackpoint>
     <Trackpoint>
      <Time>2026-08-18T10:19:00Z</Time>
      <Position>
       <LatitudeDegrees>5.2344960</LatitudeDegrees>
       <LongitudeDegrees>100.4393660</LongitudeDegrees>
      </Position>
      <AltitudeMeters>5.2</AltitudeMeters>
      <DistanceMeters>430.9</DistanceMeters>
      <HeartRateBpm>
       <Value>146</Value>
      </HeartRateBpm>
      <Extensions>
       <TPX xmlns="http://www.garmin.com/xmlschemas/ActivityExtension/v2">
        <Speed>3.0</Speed>
       </TPX>
      </Extensions>
     </Trackpoint>
     <Trackpoint>
      <Time>2026-08-18T10:19:01Z</Time>
      <Position>
       <LatitudeDegrees>5.2344890</LatitudeDegrees>
       <LongitudeDegrees>100.4393390</LongitudeDegrees>
      </Position>
      <AltitudeMeters>5.2</AltitudeMeters>
      <DistanceMeters>433.9</DistanceMeters>
      <HeartRateBpm>
       <Value>146</Value>
      </HeartRateBpm>
      <Extensions>
       <TPX xmlns="http://www.garmin.com/xmlschemas/ActivityExtension/v2">
        <Speed>3.0</Speed>
       </TPX>
      </Extensions>
     </Trackpoint>
     <Trackpoint>
      <Time>2026-08-18T10:19:02Z</Time>
      <Position>
       <LatitudeDegrees>5.2344770</LatitudeDegrees>
       <LongitudeDegrees>100.4393060</LongitudeDegrees>
      </Position>
      <AltitudeMeters>5.2</AltitudeMeters>
      <DistanceMeters>437.9</DistanceMeters>
      <HeartRateBpm>
       <Value>147</Value>
      </HeartRateBpm>
      <Extensions>
       <TPX xmlns="http://www.garmin.com/xmlschemas/ActivityExtension/v2">
        <Speed>3.3</Speed>
       </TPX>
      </Extensions>
     </Trackpoint>
     <Trackpoint>
      <Time>2026-08-18T10:19:03Z</Time>
      <Position>
       <LatitudeDegrees>5.2344680</LatitudeDegrees>
       <LongitudeDegrees>100.4392750</LongitudeDegrees>
      </Position>
      <AltitudeMeters>5.2</AltitudeMeters>
      <DistanceMeters>441.4</DistanceMeters>
      <HeartRateBpm>
       <Value>147</Value>
      </HeartRateBpm>
      <Extensions>
       <TPX xmlns="http://www.garmin.com/xmlschemas/ActivityExtension/v2">
        <Speed>3.3</Speed>
       </TPX>
      </Extensions>
     </Trackpoint>
     <Trackpoint>
      <Time>2026-08-18T10:19:04Z</Time>
      <Position>
       <LatitudeDegrees>5.2344600</LatitudeDegrees>
       <LongitudeDegrees>100.4392490</LongitudeDegrees>
      </Position>
      <AltitudeMeters>5.2</AltitudeMeters>
      <DistanceMeters>444.5</DistanceMeters>
      <HeartRateBpm>
       <Value>147</Value>
      </HeartRateBpm>
      <Extensions>
       <TPX xmlns="http://www.garmin.com/xmlschemas/ActivityExtension/v2">
        <Speed>3.4</Speed>
       </TPX>
      </Extensions>
     </Trackpoint>
     <Trackpoint>
      <Time>2026-08-18T10:19:05Z</Time>
      <Position>
       <LatitudeDegrees>5.2344490</LatitudeDegrees>
       <LongitudeDegrees>100.4392130</LongitudeDegrees>
      </Position>
      <AltitudeMeters>5.2</AltitudeMeters>
      <DistanceMeters>448.6</DistanceMeters>
      <HeartRateBpm>
       <Value>147</Value>
      </HeartRateBpm>
      <Extensions>
       <TPX xmlns="http://www.garmin.com/xmlschemas/ActivityExtension/v2">
        <Speed>3.5</Speed>
       </TPX>
      </Extensions>
     </Trackpoint>
     <Trackpoint>
      <Time>2026-08-18T10:19:06Z</Time>
      <Position>
       <LatitudeDegrees>5.2344380</LatitudeDegrees>
       <LongitudeDegrees>100.4391830</LongitudeDegrees>
      </Position>
      <AltitudeMeters>5.2</AltitudeMeters>
      <DistanceMeters>452.1</DistanceMeters>
      <HeartRateBpm>
       <Value>147</Value>
      </HeartRateBpm>
      <Extensions>
       <TPX xmlns="http://www.garmin.com/xmlschemas/ActivityExtension/v2">
        <Speed>3.6</Speed>
       </TPX>
      </Extensions>
     </Trackpoint>
     <Trackpoint>
      <Time>2026-08-18T10:19:07Z</Time>
      <Position>
       <LatitudeDegrees>5.2344310</LatitudeDegrees>
       <LongitudeDegrees>100.4391590</LongitudeDegrees>
      </Position>
      <AltitudeMeters>5.2</AltitudeMeters>
      <DistanceMeters>454.9</DistanceMeters>
      <HeartRateBpm>
       <Value>147</Value>
      </HeartRateBpm>
      <Extensions>
       <TPX xmlns="http://www.garmin.com/xmlschemas/ActivityExtension/v2">
        <Speed>3.4</Speed>
       </TPX>
      </Extensions>
     </Trackpoint>
     <Trackpoint>
      <Time>2026-08-18T10:19:08Z</Time>
      <Position>
       <LatitudeDegrees>5.2344260</LatitudeDegrees>
       <LongitudeDegrees>100.4391240</LongitudeDegrees>
      </Position>
      <AltitudeMeters>5.2</AltitudeMeters>
      <DistanceMeters>458.8</DistanceMeters>
      <HeartRateBpm>
       <Value>147</Value>
      </HeartRateBpm>
      <Extensions>
       <TPX xmlns="http://www.garmin.com/xmlschemas/ActivityExtension/v2">
        <Speed>3.5</Speed>
       </TPX>
      </Extensions>
     </Trackpoint>
     <Trackpoint>
      <Time>2026-08-18T10:19:09Z</Time>
      <Position>
       <LatitudeDegrees>5.2344170</LatitudeDegrees>
       <LongitudeDegrees>100.4390930</LongitudeDegrees>
      </Position>
      <AltitudeMeters>5.2</AltitudeMeters>
      <DistanceMeters>462.4</DistanceMeters>
      <HeartRateBpm>
       <Value>147</Value>
      </HeartRateBpm>
      <Extensions>
       <TPX xmlns="http://www.garmin.com/xmlschemas/ActivityExtension/v2">
        <Speed>3.6</Speed>
       </TPX>
      </Extensions>
     </Trackpoint>
     <Trackpoint>
      <Time>2026-08-18T10:19:10Z</Time>
      <Position>
       <LatitudeDegrees>5.2344080</LatitudeDegrees>
       <LongitudeDegrees>100.4390640</LongitudeDegrees>
      </Position>
      <AltitudeMeters>5.2</AltitudeMeters>
      <DistanceMeters>465.8</DistanceMeters>
      <HeartRateBpm>
       <Value>147</Value>
      </HeartRateBpm>
      <Extensions>
       <TPX xmlns="http://www.garmin.com/xmlschemas/ActivityExtension/v2">
        <Speed>3.4</Speed>
       </TPX>
      </Extensions>
     </Trackpoint>
     <Trackpoint>
      <Time>2026-08-18T10:19:11Z</Time>
      <Position>
       <LatitudeDegrees>5.2343970</LatitudeDegrees>
       <LongitudeDegrees>100.4390390</LongitudeDegrees>
      </Position>
      <AltitudeMeters>5.2</AltitudeMeters>
      <DistanceMeters>468.8</DistanceMeters>
      <HeartRateBpm>
       <Value>147</Value>
      </HeartRateBpm>
      <Extensions>
       <TPX xmlns="http://www.garmin.com/xmlschemas/ActivityExtension/v2">
        <Speed>3.3</Speed>
       </TPX>
      </Extensions>
     </Trackpoint>
     <Trackpoint>
      <Time>2026-08-18T10:19:12Z</Time>
      <Position>
       <LatitudeDegrees>5.2343820</LatitudeDegrees>
       <LongitudeDegrees>100.4390100</LongitudeDegrees>
      </Position>
      <AltitudeMeters>5.3</AltitudeMeters>
      <DistanceMeters>472.4</DistanceMeters>
      <HeartRateBpm>
       <Value>147</Value>
      </HeartRateBpm>
      <Extensions>
       <TPX xmlns="http://www.garmin.com/xmlschemas/ActivityExtension/v2">
        <Speed>3.5</Speed>
       </TPX>
      </Extensions>
     </Trackpoint>
     <Trackpoint>
      <Time>2026-08-18T10:19:13Z</Time>
      <Position>
       <LatitudeDegrees>5.2343750</LatitudeDegrees>
       <LongitudeDegrees>100.4389820</LongitudeDegrees>
      </Position>
      <AltitudeMeters>5.3</AltitudeMeters>
      <DistanceMeters>475.6</DistanceMeters>
      <HeartRateBpm>
       <Value>147</Value>
      </HeartRateBpm>
      <Extensions>
       <TPX xmlns="http://www.garmin.com/xmlschemas/ActivityExtension/v2">
        <Speed>3.4</Speed>
       </TPX>
      </Extensions>
     </Trackpoint>
     <Trackpoint>
      <Time>2026-08-18T10:19:14Z</Time>
      <Position>
       <LatitudeDegrees>5.2343690</LatitudeDegrees>
       <LongitudeDegrees>100.4389570</LongitudeDegrees>
      </Position>
      <AltitudeMeters>5.3</AltitudeMeters>
      <DistanceMeters>478.4</DistanceMeters>
      <HeartRateBpm>
       <Value>147</Value>
      </HeartRateBpm>
      <Extensions>
       <TPX xmlns="http://www.garmin.com/xmlschemas/ActivityExtension/v2">
        <Speed>3.2</Speed>
       </TPX>
      </Extensions>
     </Trackpoint>
     <Trackpoint>
      <Time>2026-08-18T10:19:15Z</Time>
      <Position>
       <LatitudeDegrees>5.2343640</LatitudeDegrees>
       <LongitudeDegrees>100.4389250</LongitudeDegrees>
      </Position>
      <AltitudeMeters>5.3</AltitudeMeters>
      <DistanceMeters>482.0</DistanceMeters>
      <HeartRateBpm>
       <Value>147</Value>
      </HeartRateBpm>
      <Extensions>
       <TPX xmlns="http://www.garmin.com/xmlschemas/ActivityExtension/v2">
        <Speed>3.2</Speed>
       </TPX>
      </Extensions>
     </Trackpoint>
     <Trackpoint>
      <Time>2026-08-18T10:19:16Z</Time>
      <Position>
       <LatitudeDegrees>5.2343600</LatitudeDegrees>
       <LongitudeDegrees>100.4388950</LongitudeDegrees>
      </Position>
      <AltitudeMeters>5.3</AltitudeMeters>
      <DistanceMeters>485.4</DistanceMeters>
      <HeartRateBpm>
       <Value>147</Value>
      </HeartRateBpm>
      <Extensions>
       <TPX xmlns="http://www.garmin.com/xmlschemas/ActivityExtension/v2">
        <Speed>3.3</Speed>
       </TPX>
      </Extensions>
     </Trackpoint>
     <Trackpoint>
      <Time>2026-08-18T10:19:17Z</Time>
      <Position>
       <LatitudeDegrees>5.2343570</LatitudeDegrees>
       <LongitudeDegrees>100.4388650</LongitudeDegrees>
      </Position>
      <AltitudeMeters>5.3</AltitudeMeters>
      <DistanceMeters>488.7</DistanceMeters>
      <HeartRateBpm>
       <Value>147</Value>
      </HeartRateBpm>
      <Extensions>
       <TPX xmlns="http://www.garmin.com/xmlschemas/ActivityExtension/v2">
        <Speed>3.3</Speed>
       </TPX>
      </Extensions>
     </Trackpoint>
     <Trackpoint>
      <Time>2026-08-18T10:19:18Z</Time>
      <Position>
       <LatitudeDegrees>5.2343520</LatitudeDegrees>
       <LongitudeDegrees>100.4388410</LongitudeDegrees>
      </Position>
      <AltitudeMeters>5.3</AltitudeMeters>
      <DistanceMeters>491.4</DistanceMeters>
      <HeartRateBpm>
       <Value>147</Value>
      </HeartRateBpm>
      <Extensions>
       <TPX xmlns="http://www.garmin.com/xmlschemas/ActivityExtension/v2">
        <Speed>3.2</Speed>
       </TPX>
      </Extensions>
     </Trackpoint>
     <Trackpoint>
      <Time>2026-08-18T10:19:19Z</Time>
      <Position>
       <LatitudeDegrees>5.2343490</LatitudeDegrees>
       <LongitudeDegrees>100.4388100</LongitudeDegrees>
      </Position>
      <AltitudeMeters>5.3</AltitudeMeters>
      <DistanceMeters>494.9</DistanceMeters>
      <HeartRateBpm>
       <Value>147</Value>
      </HeartRateBpm>
      <Extensions>
       <TPX xmlns="http://www.garmin.com/xmlschemas/ActivityExtension/v2">
        <Speed>3.3</Speed>
       </TPX>
      </Extensions>
     </Trackpoint>
     <Trackpoint>
      <Time>2026-08-18T10:19:20Z</Time>
      <Position>
       <LatitudeDegrees>5.2343480</LatitudeDegrees>
       <LongitudeDegrees>100.4387780</LongitudeDegrees>
      </Position>
      <AltitudeMeters>5.3</AltitudeMeters>
      <DistanceMeters>498.4</DistanceMeters>
      <HeartRateBpm>
       <Value>147</Value>
      </HeartRateBpm>
      <Extensions>
       <TPX xmlns="http://www.garmin.com/xmlschemas/ActivityExtension/v2">
        <Speed>3.3</Speed>
       </TPX>
      </Extensions>
     </Trackpoint>
     <Trackpoint>
      <Time>2026-08-18T10:19:21Z</Time>
      <Position>
       <LatitudeDegrees>5.2343490</LatitudeDegrees>
       <LongitudeDegrees>100.4387520</LongitudeDegrees>
      </Position>
      <AltitudeMeters>5.3</AltitudeMeters>
      <DistanceMeters>501.3</DistanceMeters>
      <HeartRateBpm>
       <Value>147</Value>
      </HeartRateBpm>
      <Extensions>
       <TPX xmlns="http://www.garmin.com/xmlschemas/ActivityExtension/v2">
        <Speed>3.2</Speed>
       </TPX>
      </Extensions>
     </Trackpoint>
     <Trackpoint>
      <Time>2026-08-18T10:19:22Z</Time>
      <Position>
       <LatitudeDegrees>5.2343470</LatitudeDegrees>
       <LongitudeDegrees>100.4387210</LongitudeDegrees>
      </Position>
      <AltitudeMeters>5.3</AltitudeMeters>
      <DistanceMeters>504.8</DistanceMeters>
      <HeartRateBpm>
       <Value>147</Value>
      </HeartRateBpm>
      <Extensions>
       <TPX xmlns="http://www.garmin.com/xmlschemas/ActivityExtension/v2">
        <Speed>3.2</Speed>
       </TPX>
      </Extensions>
     </Trackpoint>
     <Trackpoint>
      <Time>2026-08-18T10:19:23Z</Time>
      <Position>
       <LatitudeDegrees>5.2343390</LatitudeDegrees>
       <LongitudeDegrees>100.4386870</LongitudeDegrees>
      </Position>
      <AltitudeMeters>5.3</AltitudeMeters>
      <DistanceMeters>508.6</DistanceMeters>
      <HeartRateBpm>
       <Value>147</Value>
      </HeartRateBpm>
      <Extensions>
       <TPX xmlns="http://www.garmin.com/xmlschemas/ActivityExtension/v2">
        <Speed>3.4</Speed>
       </TPX>
      </Extensions>
     </Trackpoint>
     <Trackpoint>
      <Time>2026-08-18T10:19:24Z</Time>
      <Position>
       <LatitudeDegrees>5.2343350</LatitudeDegrees>
       <LongitudeDegrees>100.4386590</LongitudeDegrees>
      </Position>
      <AltitudeMeters>5.3</AltitudeMeters>
      <DistanceMeters>511.8</DistanceMeters>
      <HeartRateBpm>
       <Value>148</Value>
      </HeartRateBpm>
      <Extensions>
       <TPX xmlns="http://www.garmin.com/xmlschemas/ActivityExtension/v2">
        <Speed>3.4</Speed>
       </TPX>
      </Extensions>
     </Trackpoint>
     <Trackpoint>
      <Time>2026-08-18T10:19:25Z</Time>
      <Position>
       <LatitudeDegrees>5.2343170</LatitudeDegrees>
       <LongitudeDegrees>100.4386290</LongitudeDegrees>
      </Position>
      <AltitudeMeters>5.2</AltitudeMeters>
      <DistanceMeters>515.6</DistanceMeters>
      <HeartRateBpm>
       <Value>148</Value>
      </HeartRateBpm>
      <Extensions>
       <TPX xmlns="http://www.garmin.com/xmlschemas/ActivityExtension/v2">
        <Speed>3.4</Speed>
       </TPX>
      </Extensions>
     </Trackpoint>
     <Trackpoint>
      <Time>2026-08-18T10:19:26Z</Time>
      <Position>
       <LatitudeDegrees>5.2343000</LatitudeDegrees>
       <LongitudeDegrees>100.4386020</LongitudeDegrees>
      </Position>
      <AltitudeMeters>5.2</AltitudeMeters>
      <DistanceMeters>519.1</DistanceMeters>
      <HeartRateBpm>
       <Value>148</Value>
      </HeartRateBpm>
      <Extensions>
       <TPX xmlns="http://www.garmin.com/xmlschemas/ActivityExtension/v2">
        <Speed>3.6</Speed>
       </TPX>
      </Extensions>
     </Trackpoint>
     <Trackpoint>
      <Time>2026-08-18T10:19:27Z</Time>
      <Position>
       <LatitudeDegrees>5.2342890</LatitudeDegrees>
       <LongitudeDegrees>100.4385770</LongitudeDegrees>
      </Position>
      <AltitudeMeters>5.2</AltitudeMeters>
      <DistanceMeters>522.1</DistanceMeters>
      <HeartRateBpm>
       <Value>148</Value>
      </HeartRateBpm>
      <Extensions>
       <TPX xmlns="http://www.garmin.com/xmlschemas/ActivityExtension/v2">
        <Speed>3.5</Speed>
       </TPX>
      </Extensions>
     </Trackpoint>
     <Trackpoint>
      <Time>2026-08-18T10:19:28Z</Time>
      <Position>
       <LatitudeDegrees>5.2342840</LatitudeDegrees>
       <LongitudeDegrees>100.4385560</LongitudeDegrees>
      </Position>
      <AltitudeMeters>5.2</AltitudeMeters>
      <DistanceMeters>524.5</DistanceMeters>
      <HeartRateBpm>
       <Value>148</Value>
      </HeartRateBpm>
      <Extensions>
       <TPX xmlns="http://www.garmin.com/xmlschemas/ActivityExtension/v2">
        <Speed>3.2</Speed>
       </TPX>
      </Extensions>
     </Trackpoint>
     <Trackpoint>
      <Time>2026-08-18T10:19:29Z</Time>
      <Position>
       <LatitudeDegrees>5.2342800</LatitudeDegrees>
       <LongitudeDegrees>100.4385330</LongitudeDegrees>
      </Position>
      <AltitudeMeters>5.2</AltitudeMeters>
      <DistanceMeters>527.0</DistanceMeters>
      <HeartRateBpm>
       <Value>148</Value>
      </HeartRateBpm>
      <Extensions>
       <TPX xmlns="http://www.garmin.com/xmlschemas/ActivityExtension/v2">
        <Speed>3.0</Speed>
       </TPX>
      </Extensions>
     </Trackpoint>
     <Trackpoint>
      <Time>2026-08-18T10:19:30Z</Time>
      <Position>
       <LatitudeDegrees>5.2342830</LatitudeDegrees>
       <LongitudeDegrees>100.4385080</LongitudeDegrees>
      </Position>
      <AltitudeMeters>5.2</AltitudeMeters>
      <DistanceMeters>529.8</DistanceMeters>
      <HeartRateBpm>
       <Value>148</Value>
      </HeartRateBpm>
      <Extensions>
       <TPX xmlns="http://www.garmin.com/xmlschemas/ActivityExtension/v2">
        <Speed>2.8</Speed>
       </TPX>
      </Extensions>
     </Trackpoint>
     <Trackpoint>
      <Time>2026-08-18T10:19:31Z</Time>
      <Position>
       <LatitudeDegrees>5.2342840</LatitudeDegrees>
       <LongitudeDegrees>100.4384820</LongitudeDegrees>
      </Position>
      <AltitudeMeters>5.2</AltitudeMeters>
      <DistanceMeters>532.7</DistanceMeters>
      <HeartRateBpm>
       <Value>148</Value>
      </HeartRateBpm>
      <Extensions>
       <TPX xmlns="http://www.garmin.com/xmlschemas/ActivityExtension/v2">
        <Speed>2.7</Speed>
       </TPX>
      </Extensions>
     </Trackpoint>
     <Trackpoint>
      <Time>2026-08-18T10:19:32Z</Time>
      <Position>
       <LatitudeDegrees>5.2342830</LatitudeDegrees>
       <LongitudeDegrees>100.4384570</LongitudeDegrees>
      </Position>
      <AltitudeMeters>5.2</AltitudeMeters>
      <DistanceMeters>535.5</DistanceMeters>
      <HeartRateBpm>
       <Value>148</Value>
      </HeartRateBpm>
      <Extensions>
       <TPX xmlns="http://www.garmin.com/xmlschemas/ActivityExtension/v2">
        <Speed>2.7</Speed>
       </TPX>
      </Extensions>
     </Trackpoint>
     <Trackpoint>
      <Time>2026-08-18T10:19:33Z</Time>
      <Position>
       <LatitudeDegrees>5.2342840</LatitudeDegrees>
       <LongitudeDegrees>100.4384220</LongitudeDegrees>
      </Position>
      <AltitudeMeters>5.2</AltitudeMeters>
      <DistanceMeters>539.3</DistanceMeters>
      <HeartRateBpm>
       <Value>148</Value>
      </HeartRateBpm>
      <Extensions>
       <TPX xmlns="http://www.garmin.com/xmlschemas/ActivityExtension/v2">
        <Speed>3.0</Speed>
       </TPX>
      </Extensions>
     </Trackpoint>
     <Trackpoint>
      <Time>2026-08-18T10:19:34Z</Time>
      <Position>
       <LatitudeDegrees>5.2342820</LatitudeDegrees>
       <LongitudeDegrees>100.4383910</LongitudeDegrees>
      </Position>
      <AltitudeMeters>5.3</AltitudeMeters>
      <DistanceMeters>542.8</DistanceMeters>
      <HeartRateBpm>
       <Value>148</Value>
      </HeartRateBpm>
      <Extensions>
       <TPX xmlns="http://www.garmin.com/xmlschemas/ActivityExtension/v2">
        <Speed>3.2</Speed>
       </TPX>
      </Extensions>
     </Trackpoint>
     <Trackpoint>
      <Time>2026-08-18T10:19:35Z</Time>
      <Position>
       <LatitudeDegrees>5.2342810</LatitudeDegrees>
       <LongitudeDegrees>100.4383660</LongitudeDegrees>
      </Position>
      <AltitudeMeters>5.3</AltitudeMeters>
      <DistanceMeters>545.5</DistanceMeters>
      <HeartRateBpm>
       <Value>148</Value>
      </HeartRateBpm>
      <Extensions>
       <TPX xmlns="http://www.garmin.com/xmlschemas/ActivityExtension/v2">
        <Speed>3.2</Speed>
       </TPX>
      </Extensions>
     </Trackpoint>
     <Trackpoint>
      <Time>2026-08-18T10:19:36Z</Time>
      <Position>
       <LatitudeDegrees>5.2342780</LatitudeDegrees>
       <LongitudeDegrees>100.4383320</LongitudeDegrees>
      </Position>
      <AltitudeMeters>5.3</AltitudeMeters>
      <DistanceMeters>549.3</DistanceMeters>
      <HeartRateBpm>
       <Value>148</Value>
      </HeartRateBpm>
      <Extensions>
       <TPX xmlns="http://www.garmin.com/xmlschemas/ActivityExtension/v2">
        <Speed>3.3</Speed>
       </TPX>
      </Extensions>
     </Trackpoint>
     <Trackpoint>
      <Time>2026-08-18T10:19:37Z</Time>
      <Position>
       <LatitudeDegrees>5.2342730</LatitudeDegrees>
       <LongitudeDegrees>100.4382960</LongitudeDegrees>
      </Position>
      <AltitudeMeters>5.3</AltitudeMeters>
      <DistanceMeters>553.4</DistanceMeters>
      <HeartRateBpm>
       <Value>148</Value>
      </HeartRateBpm>
      <Extensions>
       <TPX xmlns="http://www.garmin.com/xmlschemas/ActivityExtension/v2">
        <Speed>3.6</Speed>
       </TPX>
      </Extensions>
     </Trackpoint>
     <Trackpoint>
      <Time>2026-08-18T10:19:38Z</Time>
      <Position>
       <LatitudeDegrees>5.2342660</LatitudeDegrees>
       <LongitudeDegrees>100.4382620</LongitudeDegrees>
      </Position>
      <AltitudeMeters>5.3</AltitudeMeters>
      <DistanceMeters>557.2</DistanceMeters>
      <HeartRateBpm>
       <Value>148</Value>
      </HeartRateBpm>
      <Extensions>
       <TPX xmlns="http://www.garmin.com/xmlschemas/ActivityExtension/v2">
        <Speed>3.6</Speed>
       </TPX>
      </Extensions>
     </Trackpoint>
     <Trackpoint>
      <Time>2026-08-18T10:19:39Z</Time>
      <Position>
       <LatitudeDegrees>5.2342590</LatitudeDegrees>
       <LongitudeDegrees>100.4382290</LongitudeDegrees>
      </Position>
      <AltitudeMeters>5.3</AltitudeMeters>
      <DistanceMeters>561.0</DistanceMeters>
      <HeartRateBpm>
       <Value>148</Value>
      </HeartRateBpm>
      <Extensions>
       <TPX xmlns="http://www.garmin.com/xmlschemas/ActivityExtension/v2">
        <Speed>3.6</Speed>
       </TPX>
      </Extensions>
     </Trackpoint>
     <Trackpoint>
      <Time>2026-08-18T10:19:40Z</Time>
      <Position>
       <LatitudeDegrees>5.2342500</LatitudeDegrees>
       <LongitudeDegrees>100.4381970</LongitudeDegrees>
      </Position>
      <AltitudeMeters>5.3</AltitudeMeters>
      <DistanceMeters>564.7</DistanceMeters>
      <HeartRateBpm>
       <Value>148</Value>
      </HeartRateBpm>
      <Extensions>
       <TPX xmlns="http://www.garmin.com/xmlschemas/ActivityExtension/v2">
        <Speed>3.8</Speed>
       </TPX>
      </Extensions>
     </Trackpoint>
     <Trackpoint>
      <Time>2026-08-18T10:19:41Z</Time>
      <Position>
       <LatitudeDegrees>5.2342410</LatitudeDegrees>
       <LongitudeDegrees>100.4381640</LongitudeDegrees>
      </Position>
      <AltitudeMeters>5.3</AltitudeMeters>
      <DistanceMeters>568.4</DistanceMeters>
      <HeartRateBpm>
       <Value>149</Value>
      </HeartRateBpm>
      <Extensions>
       <TPX xmlns="http://www.garmin.com/xmlschemas/ActivityExtension/v2">
        <Speed>3.8</Speed>
       </TPX>
      </Extensions>
     </Trackpoint>
     <Trackpoint>
      <Time>2026-08-18T10:19:42Z</Time>
      <Position>
       <LatitudeDegrees>5.2342320</LatitudeDegrees>
       <LongitudeDegrees>100.4381330</LongitudeDegrees>
      </Position>
      <AltitudeMeters>5.3</AltitudeMeters>
      <DistanceMeters>572.0</DistanceMeters>
      <HeartRateBpm>
       <Value>149</Value>
      </HeartRateBpm>
      <Extensions>
       <TPX xmlns="http://www.garmin.com/xmlschemas/ActivityExtension/v2">
        <Speed>3.7</Speed>
       </TPX>
      </Extensions>
     </Trackpoint>
     <Trackpoint>
      <Time>2026-08-18T10:19:43Z</Time>
      <Position>
       <LatitudeDegrees>5.2342240</LatitudeDegrees>
       <LongitudeDegrees>100.4381050</LongitudeDegrees>
      </Position>
      <AltitudeMeters>5.3</AltitudeMeters>
      <DistanceMeters>575.2</DistanceMeters>
      <HeartRateBpm>
       <Value>149</Value>
      </HeartRateBpm>
      <Extensions>
       <TPX xmlns="http://www.garmin.com/xmlschemas/ActivityExtension/v2">
        <Speed>3.6</Speed>
       </TPX>
      </Extensions>
     </Trackpoint>
     <Trackpoint>
      <Time>2026-08-18T10:19:44Z</Time>
      <Position>
       <LatitudeDegrees>5.2342140</LatitudeDegrees>
       <LongitudeDegrees>100.4380720</LongitudeDegrees>
      </Position>
      <AltitudeMeters>5.3</AltitudeMeters>
      <DistanceMeters>579.1</DistanceMeters>
      <HeartRateBpm>
       <Value>149</Value>
      </HeartRateBpm>
      <Extensions>
       <TPX xmlns="http://www.garmin.com/xmlschemas/ActivityExtension/v2">
        <Speed>3.6</Speed>
       </TPX>
      </Extensions>
     </Trackpoint>
     <Trackpoint>
      <Time>2026-08-18T10:19:45Z</Time>
      <Position>
       <LatitudeDegrees>5.2342050</LatitudeDegrees>
       <LongitudeDegrees>100.4380360</LongitudeDegrees>
      </Position>
      <AltitudeMeters>5.3</AltitudeMeters>
      <DistanceMeters>583.1</DistanceMeters>
      <HeartRateBpm>
       <Value>149</Value>
      </HeartRateBpm>
      <Extensions>
       <TPX xmlns="http://www.garmin.com/xmlschemas/ActivityExtension/v2">
        <Speed>3.7</Speed>
       </TPX>
      </Extensions>
     </Trackpoint>
     <Trackpoint>
      <Time>2026-08-18T10:19:46Z</Time>
      <Position>
       <LatitudeDegrees>5.2341990</LatitudeDegrees>
       <LongitudeDegrees>100.4380080</LongitudeDegrees>
      </Position>
      <AltitudeMeters>5.3</AltitudeMeters>
      <DistanceMeters>586.3</DistanceMeters>
      <HeartRateBpm>
       <Value>150</Value>
      </HeartRateBpm>
      <Extensions>
       <TPX xmlns="http://www.garmin.com/xmlschemas/ActivityExtension/v2">
        <Speed>3.6</Speed>
       </TPX>
      </Extensions>
     </Trackpoint>
     <Trackpoint>
      <Time>2026-08-18T10:19:47Z</Time>
      <Position>
       <LatitudeDegrees>5.2341890</LatitudeDegrees>
       <LongitudeDegrees>100.4379730</LongitudeDegrees>
      </Position>
      <AltitudeMeters>5.3</AltitudeMeters>
      <DistanceMeters>590.4</DistanceMeters>
      <HeartRateBpm>
       <Value>150</Value>
      </HeartRateBpm>
      <Extensions>
       <TPX xmlns="http://www.garmin.com/xmlschemas/ActivityExtension/v2">
        <Speed>3.7</Speed>
       </TPX>
      </Extensions>
     </Trackpoint>
     <Trackpoint>
      <Time>2026-08-18T10:19:48Z</Time>
      <Position>
       <LatitudeDegrees>5.2341800</LatitudeDegrees>
       <LongitudeDegrees>100.4379390</LongitudeDegrees>
      </Position>
      <AltitudeMeters>5.3</AltitudeMeters>
      <DistanceMeters>594.3</DistanceMeters>
      <HeartRateBpm>
       <Value>150</Value>
      </HeartRateBpm>
      <Extensions>
       <TPX xmlns="http://www.garmin.com/xmlschemas/ActivityExtension/v2">
        <Speed>3.8</Speed>
       </TPX>
      </Extensions>
     </Trackpoint>
     <Trackpoint>
      <Time>2026-08-18T10:19:49Z</Time>
      <Position>
       <LatitudeDegrees>5.2341760</LatitudeDegrees>
       <LongitudeDegrees>100.4379070</LongitudeDegrees>
      </Position>
      <AltitudeMeters>5.3</AltitudeMeters>
      <DistanceMeters>597.8</DistanceMeters>
      <HeartRateBpm>
       <Value>150</Value>
      </HeartRateBpm>
      <Extensions>
       <TPX xmlns="http://www.garmin.com/xmlschemas/ActivityExtension/v2">
        <Speed>3.7</Speed>
       </TPX>
      </Extensions>
     </Trackpoint>
     <Trackpoint>
      <Time>2026-08-18T10:19:50Z</Time>
      <Position>
       <LatitudeDegrees>5.2341700</LatitudeDegrees>
       <LongitudeDegrees>100.4378790</LongitudeDegrees>
      </Position>
      <AltitudeMeters>5.3</AltitudeMeters>
      <DistanceMeters>601.0</DistanceMeters>
      <HeartRateBpm>
       <Value>150</Value>
      </HeartRateBpm>
      <Extensions>
       <TPX xmlns="http://www.garmin.com/xmlschemas/ActivityExtension/v2">
        <Speed>3.6</Speed>
       </TPX>
      </Extensions>
     </Trackpoint>
     <Trackpoint>
      <Time>2026-08-18T10:19:51Z</Time>
      <Position>
       <LatitudeDegrees>5.2341530</LatitudeDegrees>
       <LongitudeDegrees>100.4378490</LongitudeDegrees>
      </Position>
      <AltitudeMeters>5.3</AltitudeMeters>
      <DistanceMeters>604.8</DistanceMeters>
      <HeartRateBpm>
       <Value>149</Value>
      </HeartRateBpm>
      <Extensions>
       <TPX xmlns="http://www.garmin.com/xmlschemas/ActivityExtension/v2">
        <Speed>3.7</Speed>
       </TPX>
      </Extensions>
     </Trackpoint>
     <Trackpoint>
      <Time>2026-08-18T10:19:52Z</Time>
      <Position>
       <LatitudeDegrees>5.2341430</LatitudeDegrees>
       <LongitudeDegrees>100.4378240</LongitudeDegrees>
      </Position>
      <AltitudeMeters>5.3</AltitudeMeters>
      <DistanceMeters>607.8</DistanceMeters>
      <HeartRateBpm>
       <Value>149</Value>
      </HeartRateBpm>
      <Extensions>
       <TPX xmlns="http://www.garmin.com/xmlschemas/ActivityExtension/v2">
        <Speed>3.5</Speed>
       </TPX>
      </Extensions>
     </Trackpoint>
     <Trackpoint>
      <Time>2026-08-18T10:19:53Z</Time>
      <Position>
       <LatitudeDegrees>5.2341330</LatitudeDegrees>
       <LongitudeDegrees>100.4378000</LongitudeDegrees>
      </Position>
      <AltitudeMeters>5.3</AltitudeMeters>
      <DistanceMeters>610.7</DistanceMeters>
      <HeartRateBpm>
       <Value>149</Value>
      </HeartRateBpm>
      <Extensions>
       <TPX xmlns="http://www.garmin.com/xmlschemas/ActivityExtension/v2">
        <Speed>3.3</Speed>
       </TPX>
      </Extensions>
     </Trackpoint>
     <Trackpoint>
      <Time>2026-08-18T10:19:54Z</Time>
      <Position>
       <LatitudeDegrees>5.2341230</LatitudeDegrees>
       <LongitudeDegrees>100.4377780</LongitudeDegrees>
      </Position>
      <AltitudeMeters>5.3</AltitudeMeters>
      <DistanceMeters>613.4</DistanceMeters>
      <HeartRateBpm>
       <Value>150</Value>
      </HeartRateBpm>
      <Extensions>
       <TPX xmlns="http://www.garmin.com/xmlschemas/ActivityExtension/v2">
        <Speed>3.1</Speed>
       </TPX>
      </Extensions>
     </Trackpoint>
     <Trackpoint>
      <Time>2026-08-18T10:19:55Z</Time>
      <Position>
       <LatitudeDegrees>5.2341110</LatitudeDegrees>
       <LongitudeDegrees>100.4377510</LongitudeDegrees>
      </Position>
      <AltitudeMeters>5.3</AltitudeMeters>
      <DistanceMeters>616.6</DistanceMeters>
      <HeartRateBpm>
       <Value>150</Value>
      </HeartRateBpm>
      <Extensions>
       <TPX xmlns="http://www.garmin.com/xmlschemas/ActivityExtension/v2">
        <Speed>3.1</Speed>
       </TPX>
      </Extensions>
     </Trackpoint>
     <Trackpoint>
      <Time>2026-08-18T10:19:56Z</Time>
      <Position>
       <LatitudeDegrees>5.2341010</LatitudeDegrees>
       <LongitudeDegrees>100.4377260</LongitudeDegrees>
      </Position>
      <AltitudeMeters>5.3</AltitudeMeters>
      <DistanceMeters>619.6</DistanceMeters>
      <HeartRateBpm>
       <Value>149</Value>
      </HeartRateBpm>
      <Extensions>
       <TPX xmlns="http://www.garmin.com/xmlschemas/ActivityExtension/v2">
        <Speed>3.0</Speed>
       </TPX>
      </Extensions>
     </Trackpoint>
     <Trackpoint>
      <Time>2026-08-18T10:19:57Z</Time>
      <Position>
       <LatitudeDegrees>5.2340930</LatitudeDegrees>
       <LongitudeDegrees>100.4377020</LongitudeDegrees>
      </Position>
      <AltitudeMeters>5.3</AltitudeMeters>
      <DistanceMeters>622.4</DistanceMeters>
      <HeartRateBpm>
       <Value>149</Value>
      </HeartRateBpm>
      <Extensions>
       <TPX xmlns="http://www.garmin.com/xmlschemas/ActivityExtension/v2">
        <Speed>2.9</Speed>
       </TPX>
      </Extensions>
     </Trackpoint>
     <Trackpoint>
      <Time>2026-08-18T10:19:58Z</Time>
      <Position>
       <LatitudeDegrees>5.2340840</LatitudeDegrees>
       <LongitudeDegrees>100.4376750</LongitudeDegrees>
      </Position>
      <AltitudeMeters>5.4</AltitudeMeters>
      <DistanceMeters>625.6</DistanceMeters>
      <HeartRateBpm>
       <Value>150</Value>
      </HeartRateBpm>
      <Extensions>
       <TPX xmlns="http://www.garmin.com/xmlschemas/ActivityExtension/v2">
        <Speed>3.0</Speed>
       </TPX>
      </Extensions>
     </Trackpoint>
     <Trackpoint>
      <Time>2026-08-18T10:19:59Z</Time>
      <Position>
       <LatitudeDegrees>5.2340760</LatitudeDegrees>
       <LongitudeDegrees>100.4376510</LongitudeDegrees>
      </Position>
      <AltitudeMeters>5.4</AltitudeMeters>
      <DistanceMeters>628.4</DistanceMeters>
      <HeartRateBpm>
       <Value>150</Value>
      </HeartRateBpm>
      <Extensions>
       <TPX xmlns="http://www.garmin.com/xmlschemas/ActivityExtension/v2">
        <Speed>3.0</Speed>
       </TPX>
      </Extensions>
     </Trackpoint>
     <Trackpoint>
      <Time>2026-08-18T10:20:00Z</Time>
      <Position>
       <LatitudeDegrees>5.2340670</LatitudeDegrees>
       <LongitudeDegrees>100.4376260</LongitudeDegrees>
      </Position>
      <AltitudeMeters>5.4</AltitudeMeters>
      <DistanceMeters>631.3</DistanceMeters>
      <HeartRateBpm>
       <Value>151</Value>
      </HeartRateBpm>
      <Extensions>
       <TPX xmlns="http://www.garmin.com/xmlschemas/ActivityExtension/v2">
        <Speed>2.9</Speed>
       </TPX>
      </Extensions>
     </Trackpoint>
     <Trackpoint>
      <Time>2026-08-18T10:20:01Z</Time>
      <Position>
       <LatitudeDegrees>5.2340590</LatitudeDegrees>
       <LongitudeDegrees>100.4376020</LongitudeDegrees>
      </Position>
      <AltitudeMeters>5.4</AltitudeMeters>
      <DistanceMeters>634.1</DistanceMeters>
      <HeartRateBpm>
       <Value>150</Value>
      </HeartRateBpm>
      <Extensions>
       <TPX xmlns="http://www.garmin.com/xmlschemas/ActivityExtension/v2">
        <Speed>2.9</Speed>
       </TPX>
      </Extensions>
     </Trackpoint>
     <Trackpoint>
      <Time>2026-08-18T10:20:02Z</Time>
      <Position>
       <LatitudeDegrees>5.2340510</LatitudeDegrees>
       <LongitudeDegrees>100.4375760</LongitudeDegrees>
      </Position>
      <AltitudeMeters>5.4</AltitudeMeters>
      <DistanceMeters>637.1</DistanceMeters>
      <HeartRateBpm>
       <Value>149</Value>
      </HeartRateBpm>
      <Extensions>
       <TPX xmlns="http://www.garmin.com/xmlschemas/ActivityExtension/v2">
        <Speed>2.9</Speed>
       </TPX>
      </Extensions>
     </Trackpoint>
     <Trackpoint>
      <Time>2026-08-18T10:20:03Z</Time>
      <Position>
       <LatitudeDegrees>5.2340430</LatitudeDegrees>
       <LongitudeDegrees>100.4375520</LongitudeDegrees>
      </Position>
      <AltitudeMeters>5.4</AltitudeMeters>
      <DistanceMeters>639.9</DistanceMeters>
      <HeartRateBpm>
       <Value>149</Value>
      </HeartRateBpm>
      <Extensions>
       <TPX xmlns="http://www.garmin.com/xmlschemas/ActivityExtension/v2">
        <Speed>2.9</Speed>
       </TPX>
      </Extensions>
     </Trackpoint>
     <Trackpoint>
      <Time>2026-08-18T10:20:04Z</Time>
      <Position>
       <LatitudeDegrees>5.2340340</LatitudeDegrees>
       <LongitudeDegrees>100.4375270</LongitudeDegrees>
      </Position>
      <AltitudeMeters>5.4</AltitudeMeters>
      <DistanceMeters>642.8</DistanceMeters>
      <HeartRateBpm>
       <Value>150</Value>
      </HeartRateBpm>
      <Extensions>
       <TPX xmlns="http://www.garmin.com/xmlschemas/ActivityExtension/v2">
        <Speed>2.9</Speed>
       </TPX>
      </Extensions>
     </Trackpoint>
     <Trackpoint>
      <Time>2026-08-18T10:20:05Z</Time>
      <Position>
       <LatitudeDegrees>5.2340260</LatitudeDegrees>
       <LongitudeDegrees>100.4375030</LongitudeDegrees>
      </Position>
      <AltitudeMeters>5.4</AltitudeMeters>
      <DistanceMeters>645.6</DistanceMeters>
      <HeartRateBpm>
       <Value>150</Value>
      </HeartRateBpm>
      <Extensions>
       <TPX xmlns="http://www.garmin.com/xmlschemas/ActivityExtension/v2">
        <Speed>2.9</Speed>
       </TPX>
      </Extensions>
     </Trackpoint>
     <Trackpoint>
      <Time>2026-08-18T10:20:06Z</Time>
      <Position>
       <LatitudeDegrees>5.2340170</LatitudeDegrees>
       <LongitudeDegrees>100.4374740</LongitudeDegrees>
      </Position>
      <AltitudeMeters>5.4</AltitudeMeters>
      <DistanceMeters>649.0</DistanceMeters>
      <HeartRateBpm>
       <Value>150</Value>
      </HeartRateBpm>
      <Extensions>
       <TPX xmlns="http://www.garmin.com/xmlschemas/ActivityExtension/v2">
        <Speed>3.0</Speed>
       </TPX>
      </Extensions>
     </Trackpoint>
     <Trackpoint>
      <Time>2026-08-18T10:20:07Z</Time>
      <Position>
       <LatitudeDegrees>5.2340080</LatitudeDegrees>
       <LongitudeDegrees>100.4374470</LongitudeDegrees>
      </Position>
      <AltitudeMeters>5.4</AltitudeMeters>
      <DistanceMeters>652.2</DistanceMeters>
      <HeartRateBpm>
       <Value>150</Value>
      </HeartRateBpm>
      <Extensions>
       <TPX xmlns="http://www.garmin.com/xmlschemas/ActivityExtension/v2">
        <Speed>3.0</Speed>
       </TPX>
      </Extensions>
     </Trackpoint>
     <Trackpoint>
      <Time>2026-08-18T10:20:08Z</Time>
      <Position>
       <LatitudeDegrees>5.2340000</LatitudeDegrees>
       <LongitudeDegrees>100.4374230</LongitudeDegrees>
      </Position>
      <AltitudeMeters>5.4</AltitudeMeters>
      <DistanceMeters>655.0</DistanceMeters>
      <HeartRateBpm>
       <Value>150</Value>
      </HeartRateBpm>
      <Extensions>
       <TPX xmlns="http://www.garmin.com/xmlschemas/ActivityExtension/v2">
        <Speed>3.0</Speed>
       </TPX>
      </Extensions>
     </Trackpoint>
     <Trackpoint>
      <Time>2026-08-18T10:20:09Z</Time>
      <Position>
       <LatitudeDegrees>5.2339900</LatitudeDegrees>
       <LongitudeDegrees>100.4373950</LongitudeDegrees>
      </Position>
      <AltitudeMeters>5.4</AltitudeMeters>
      <DistanceMeters>658.2</DistanceMeters>
      <HeartRateBpm>
       <Value>150</Value>
      </HeartRateBpm>
      <Extensions>
       <TPX xmlns="http://www.garmin.com/xmlschemas/ActivityExtension/v2">
        <Speed>3.1</Speed>
       </TPX>
      </Extensions>
     </Trackpoint>
     <Trackpoint>
      <Time>2026-08-18T10:20:10Z</Time>
      <Position>
       <LatitudeDegrees>5.2339790</LatitudeDegrees>
       <LongitudeDegrees>100.4373710</LongitudeDegrees>
      </Position>
      <AltitudeMeters>5.4</AltitudeMeters>
      <DistanceMeters>661.2</DistanceMeters>
      <HeartRateBpm>
       <Value>150</Value>
      </HeartRateBpm>
      <Extensions>
       <TPX xmlns="http://www.garmin.com/xmlschemas/ActivityExtension/v2">
        <Speed>3.1</Speed>
       </TPX>
      </Extensions>
     </Trackpoint>
     <Trackpoint>
      <Time>2026-08-18T10:20:11Z</Time>
      <Position>
       <LatitudeDegrees>5.2339670</LatitudeDegrees>
       <LongitudeDegrees>100.4373440</LongitudeDegrees>
      </Position>
      <AltitudeMeters>5.4</AltitudeMeters>
      <DistanceMeters>664.5</DistanceMeters>
      <HeartRateBpm>
       <Value>150</Value>
      </HeartRateBpm>
      <Extensions>
       <TPX xmlns="http://www.garmin.com/xmlschemas/ActivityExtension/v2">
        <Speed>3.1</Speed>
       </TPX>
      </Extensions>
     </Trackpoint>
     <Trackpoint>
      <Time>2026-08-18T10:20:12Z</Time>
      <Position>
       <LatitudeDegrees>5.2339610</LatitudeDegrees>
       <LongitudeDegrees>100.4373210</LongitudeDegrees>
      </Position>
      <AltitudeMeters>5.4</AltitudeMeters>
      <DistanceMeters>667.1</DistanceMeters>
      <HeartRateBpm>
       <Value>150</Value>
      </HeartRateBpm>
      <Extensions>
       <TPX xmlns="http://www.garmin.com/xmlschemas/ActivityExtension/v2">
        <Speed>3.0</Speed>
       </TPX>
      </Extensions>
     </Trackpoint>
     <Trackpoint>
      <Time>2026-08-18T10:20:13Z</Time>
      <Position>
       <LatitudeDegrees>5.2339490</LatitudeDegrees>
       <LongitudeDegrees>100.4372910</LongitudeDegrees>
      </Position>
      <AltitudeMeters>5.4</AltitudeMeters>
      <DistanceMeters>670.6</DistanceMeters>
      <HeartRateBpm>
       <Value>150</Value>
      </HeartRateBpm>
      <Extensions>
       <TPX xmlns="http://www.garmin.com/xmlschemas/ActivityExtension/v2">
        <Speed>3.1</Speed>
       </TPX>
      </Extensions>
     </Trackpoint>
     <Trackpoint>
      <Time>2026-08-18T10:20:14Z</Time>
      <Position>
       <LatitudeDegrees>5.2339410</LatitudeDegrees>
       <LongitudeDegrees>100.4372590</LongitudeDegrees>
      </Position>
      <AltitudeMeters>5.4</AltitudeMeters>
      <DistanceMeters>674.3</DistanceMeters>
      <HeartRateBpm>
       <Value>150</Value>
      </HeartRateBpm>
      <Extensions>
       <TPX xmlns="http://www.garmin.com/xmlschemas/ActivityExtension/v2">
        <Speed>3.2</Speed>
       </TPX>
      </Extensions>
     </Trackpoint>
     <Trackpoint>
      <Time>2026-08-18T10:20:15Z</Time>
      <Position>
       <LatitudeDegrees>5.2339350</LatitudeDegrees>
       <LongitudeDegrees>100.4372340</LongitudeDegrees>
      </Position>
      <AltitudeMeters>5.4</AltitudeMeters>
      <DistanceMeters>677.1</DistanceMeters>
      <HeartRateBpm>
       <Value>150</Value>
      </HeartRateBpm>
      <Extensions>
       <TPX xmlns="http://www.garmin.com/xmlschemas/ActivityExtension/v2">
        <Speed>3.2</Speed>
       </TPX>
      </Extensions>
     </Trackpoint>
     <Trackpoint>
      <Time>2026-08-18T10:20:16Z</Time>
      <Position>
       <LatitudeDegrees>5.2339260</LatitudeDegrees>
       <LongitudeDegrees>100.4372080</LongitudeDegrees>
      </Position>
      <AltitudeMeters>5.4</AltitudeMeters>
      <DistanceMeters>680.2</DistanceMeters>
      <HeartRateBpm>
       <Value>150</Value>
      </HeartRateBpm>
      <Extensions>
       <TPX xmlns="http://www.garmin.com/xmlschemas/ActivityExtension/v2">
        <Speed>3.1</Speed>
       </TPX>
      </Extensions>
     </Trackpoint>
     <Trackpoint>
      <Time>2026-08-18T10:20:17Z</Time>
      <Position>
       <LatitudeDegrees>5.2339220</LatitudeDegrees>
       <LongitudeDegrees>100.4371810</LongitudeDegrees>
      </Position>
      <AltitudeMeters>5.4</AltitudeMeters>
      <DistanceMeters>683.3</DistanceMeters>
      <HeartRateBpm>
       <Value>150</Value>
      </HeartRateBpm>
      <Extensions>
       <TPX xmlns="http://www.garmin.com/xmlschemas/ActivityExtension/v2">
        <Speed>3.2</Speed>
       </TPX>
      </Extensions>
     </Trackpoint>
     <Trackpoint>
      <Time>2026-08-18T10:20:18Z</Time>
      <Position>
       <LatitudeDegrees>5.2339190</LatitudeDegrees>
       <LongitudeDegrees>100.4371530</LongitudeDegrees>
      </Position>
      <AltitudeMeters>5.4</AltitudeMeters>
      <DistanceMeters>686.4</DistanceMeters>
      <HeartRateBpm>
       <Value>150</Value>
      </HeartRateBpm>
      <Extensions>
       <TPX xmlns="http://www.garmin.com/xmlschemas/ActivityExtension/v2">
        <Speed>3.2</Speed>
       </TPX>
      </Extensions>
     </Trackpoint>
     <Trackpoint>
      <Time>2026-08-18T10:20:19Z</Time>
      <Position>
       <LatitudeDegrees>5.2339090</LatitudeDegrees>
       <LongitudeDegrees>100.4371230</LongitudeDegrees>
      </Position>
      <AltitudeMeters>5.4</AltitudeMeters>
      <DistanceMeters>689.8</DistanceMeters>
      <HeartRateBpm>
       <Value>151</Value>
      </HeartRateBpm>
      <Extensions>
       <TPX xmlns="http://www.garmin.com/xmlschemas/ActivityExtension/v2">
        <Speed>3.1</Speed>
       </TPX>
      </Extensions>
     </Trackpoint>
     <Trackpoint>
      <Time>2026-08-18T10:20:20Z</Time>
      <Position>
       <LatitudeDegrees>5.2339000</LatitudeDegrees>
       <LongitudeDegrees>100.4370980</LongitudeDegrees>
      </Position>
      <AltitudeMeters>5.4</AltitudeMeters>
      <DistanceMeters>692.8</DistanceMeters>
      <HeartRateBpm>
       <Value>151</Value>
      </HeartRateBpm>
      <Extensions>
       <TPX xmlns="http://www.garmin.com/xmlschemas/ActivityExtension/v2">
        <Speed>3.1</Speed>
       </TPX>
      </Extensions>
     </Trackpoint>
     <Trackpoint>
      <Time>2026-08-18T10:20:21Z</Time>
      <Position>
       <LatitudeDegrees>5.2338930</LatitudeDegrees>
       <LongitudeDegrees>100.4370680</LongitudeDegrees>
      </Position>
      <AltitudeMeters>5.4</AltitudeMeters>
      <DistanceMeters>696.3</DistanceMeters>
      <HeartRateBpm>
       <Value>151</Value>
      </HeartRateBpm>
      <Extensions>
       <TPX xmlns="http://www.garmin.com/xmlschemas/ActivityExtension/v2">
        <Speed>3.2</Speed>
       </TPX>
      </Extensions>
     </Trackpoint>
     <Trackpoint>
      <Time>2026-08-18T10:20:22Z</Time>
      <Position>
       <LatitudeDegrees>5.2338870</LatitudeDegrees>
       <LongitudeDegrees>100.4370380</LongitudeDegrees>
      </Position>
      <AltitudeMeters>5.4</AltitudeMeters>
      <DistanceMeters>699.5</DistanceMeters>
      <HeartRateBpm>
       <Value>151</Value>
      </HeartRateBpm>
      <Extensions>
       <TPX xmlns="http://www.garmin.com/xmlschemas/ActivityExtension/v2">
        <Speed>3.2</Speed>
       </TPX>
      </Extensions>
     </Trackpoint>
     <Trackpoint>
      <Time>2026-08-18T10:20:23Z</Time>
      <Position>
       <LatitudeDegrees>5.2338810</LatitudeDegrees>
       <LongitudeDegrees>100.4370090</LongitudeDegrees>
      </Position>
      <AltitudeMeters>5.4</AltitudeMeters>
      <DistanceMeters>702.8</DistanceMeters>
      <HeartRateBpm>
       <Value>152</Value>
      </HeartRateBpm>
      <Extensions>
       <TPX xmlns="http://www.garmin.com/xmlschemas/ActivityExtension/v2">
        <Speed>3.3</Speed>
       </TPX>
      </Extensions>
     </Trackpoint>
     <Trackpoint>
      <Time>2026-08-18T10:20:24Z</Time>
      <Position>
       <LatitudeDegrees>5.2338740</LatitudeDegrees>
       <LongitudeDegrees>100.4369840</LongitudeDegrees>
      </Position>
      <AltitudeMeters>5.4</AltitudeMeters>
      <DistanceMeters>705.7</DistanceMeters>
      <HeartRateBpm>
       <Value>150</Value>
      </HeartRateBpm>
      <Extensions>
       <TPX xmlns="http://www.garmin.com/xmlschemas/ActivityExtension/v2">
        <Speed>3.2</Speed>
       </TPX>
      </Extensions>
     </Trackpoint>
     <Trackpoint>
      <Time>2026-08-18T10:20:25Z</Time>
      <Position>
       <LatitudeDegrees>5.2338720</LatitudeDegrees>
       <LongitudeDegrees>100.4369510</LongitudeDegrees>
      </Position>
      <AltitudeMeters>5.4</AltitudeMeters>
      <DistanceMeters>709.4</DistanceMeters>
      <HeartRateBpm>
       <Value>150</Value>
      </HeartRateBpm>
      <Extensions>
       <TPX xmlns="http://www.garmin.com/xmlschemas/ActivityExtension/v2">
        <Speed>3.3</Speed>
       </TPX>
      </Extensions>
     </Trackpoint>
     <Trackpoint>
      <Time>2026-08-18T10:20:26Z</Time>
      <Position>
       <LatitudeDegrees>5.2338700</LatitudeDegrees>
       <LongitudeDegrees>100.4369210</LongitudeDegrees>
      </Position>
      <AltitudeMeters>5.4</AltitudeMeters>
      <DistanceMeters>712.8</DistanceMeters>
      <HeartRateBpm>
       <Value>150</Value>
      </HeartRateBpm>
      <Extensions>
       <TPX xmlns="http://www.garmin.com/xmlschemas/ActivityExtension/v2">
        <Speed>3.3</Speed>
       </TPX>
      </Extensions>
     </Trackpoint>
     <Trackpoint>
      <Time>2026-08-18T10:20:27Z</Time>
      <Position>
       <LatitudeDegrees>5.2338690</LatitudeDegrees>
       <LongitudeDegrees>100.4368890</LongitudeDegrees>
      </Position>
      <AltitudeMeters>5.4</AltitudeMeters>
      <DistanceMeters>716.3</DistanceMeters>
      <HeartRateBpm>
       <Value>151</Value>
      </HeartRateBpm>
      <Extensions>
       <TPX xmlns="http://www.garmin.com/xmlschemas/ActivityExtension/v2">
        <Speed>3.4</Speed>
       </TPX>
      </Extensions>
     </Trackpoint>
     <Trackpoint>
      <Time>2026-08-18T10:20:28Z</Time>
      <Position>
       <LatitudeDegrees>5.2338670</LatitudeDegrees>
       <LongitudeDegrees>100.4368620</LongitudeDegrees>
      </Position>
      <AltitudeMeters>5.4</AltitudeMeters>
      <DistanceMeters>719.3</DistanceMeters>
      <HeartRateBpm>
       <Value>151</Value>
      </HeartRateBpm>
      <Extensions>
       <TPX xmlns="http://www.garmin.com/xmlschemas/ActivityExtension/v2">
        <Speed>3.3</Speed>
       </TPX>
      </Extensions>
     </Trackpoint>
     <Trackpoint>
      <Time>2026-08-18T10:20:29Z</Time>
      <Position>
       <LatitudeDegrees>5.2338680</LatitudeDegrees>
       <LongitudeDegrees>100.4368310</LongitudeDegrees>
      </Position>
      <AltitudeMeters>5.5</AltitudeMeters>
      <DistanceMeters>722.7</DistanceMeters>
      <HeartRateBpm>
       <Value>151</Value>
      </HeartRateBpm>
      <Extensions>
       <TPX xmlns="http://www.garmin.com/xmlschemas/ActivityExtension/v2">
        <Speed>3.4</Speed>
       </TPX>
      </Extensions>
     </Trackpoint>
     <Trackpoint>
      <Time>2026-08-18T10:20:30Z</Time>
      <Position>
       <LatitudeDegrees>5.2338640</LatitudeDegrees>
       <LongitudeDegrees>100.4368000</LongitudeDegrees>
      </Position>
      <AltitudeMeters>5.5</AltitudeMeters>
      <DistanceMeters>726.2</DistanceMeters>
      <HeartRateBpm>
       <Value>151</Value>
      </HeartRateBpm>
      <Extensions>
       <TPX xmlns="http://www.garmin.com/xmlschemas/ActivityExtension/v2">
        <Speed>3.4</Speed>
       </TPX>
      </Extensions>
     </Trackpoint>
     <Trackpoint>
      <Time>2026-08-18T10:20:31Z</Time>
      <Position>
       <LatitudeDegrees>5.2338630</LatitudeDegrees>
       <LongitudeDegrees>100.4367740</LongitudeDegrees>
      </Position>
      <AltitudeMeters>5.5</AltitudeMeters>
      <DistanceMeters>729.0</DistanceMeters>
      <HeartRateBpm>
       <Value>151</Value>
      </HeartRateBpm>
      <Extensions>
       <TPX xmlns="http://www.garmin.com/xmlschemas/ActivityExtension/v2">
        <Speed>3.2</Speed>
       </TPX>
      </Extensions>
     </Trackpoint>
     <Trackpoint>
      <Time>2026-08-18T10:20:32Z</Time>
      <Position>
       <LatitudeDegrees>5.2338550</LatitudeDegrees>
       <LongitudeDegrees>100.4367480</LongitudeDegrees>
      </Position>
      <AltitudeMeters>5.5</AltitudeMeters>
      <DistanceMeters>732.0</DistanceMeters>
      <HeartRateBpm>
       <Value>151</Value>
      </HeartRateBpm>
      <Extensions>
       <TPX xmlns="http://www.garmin.com/xmlschemas/ActivityExtension/v2">
        <Speed>3.1</Speed>
       </TPX>
      </Extensions>
     </Trackpoint>
     <Trackpoint>
      <Time>2026-08-18T10:20:33Z</Time>
      <Position>
       <LatitudeDegrees>5.2338440</LatitudeDegrees>
       <LongitudeDegrees>100.4367200</LongitudeDegrees>
      </Position>
      <AltitudeMeters>5.5</AltitudeMeters>
      <DistanceMeters>735.3</DistanceMeters>
      <HeartRateBpm>
       <Value>151</Value>
      </HeartRateBpm>
      <Extensions>
       <TPX xmlns="http://www.garmin.com/xmlschemas/ActivityExtension/v2">
        <Speed>3.2</Speed>
       </TPX>
      </Extensions>
     </Trackpoint>
     <Trackpoint>
      <Time>2026-08-18T10:20:34Z</Time>
      <Position>
       <LatitudeDegrees>5.2338300</LatitudeDegrees>
       <LongitudeDegrees>100.4366880</LongitudeDegrees>
      </Position>
      <AltitudeMeters>5.5</AltitudeMeters>
      <DistanceMeters>739.1</DistanceMeters>
      <HeartRateBpm>
       <Value>152</Value>
      </HeartRateBpm>
      <Extensions>
       <TPX xmlns="http://www.garmin.com/xmlschemas/ActivityExtension/v2">
        <Speed>3.3</Speed>
       </TPX>
      </Extensions>
     </Trackpoint>
     <Trackpoint>
      <Time>2026-08-18T10:20:35Z</Time>
      <Position>
       <LatitudeDegrees>5.2338250</LatitudeDegrees>
       <LongitudeDegrees>100.4366670</LongitudeDegrees>
      </Position>
      <AltitudeMeters>5.5</AltitudeMeters>
      <DistanceMeters>741.5</DistanceMeters>
      <HeartRateBpm>
       <Value>151</Value>
      </HeartRateBpm>
      <Extensions>
       <TPX xmlns="http://www.garmin.com/xmlschemas/ActivityExtension/v2">
        <Speed>3.1</Speed>
       </TPX>
      </Extensions>
     </Trackpoint>
     <Trackpoint>
      <Time>2026-08-18T10:20:36Z</Time>
      <Position>
       <LatitudeDegrees>5.2338160</LatitudeDegrees>
       <LongitudeDegrees>100.4366380</LongitudeDegrees>
      </Position>
      <AltitudeMeters>5.5</AltitudeMeters>
      <DistanceMeters>744.9</DistanceMeters>
      <HeartRateBpm>
       <Value>151</Value>
      </HeartRateBpm>
      <Extensions>
       <TPX xmlns="http://www.garmin.com/xmlschemas/ActivityExtension/v2">
        <Speed>3.2</Speed>
       </TPX>
      </Extensions>
     </Trackpoint>
     <Trackpoint>
      <Time>2026-08-18T10:20:37Z</Time>
      <Position>
       <LatitudeDegrees>5.2338050</LatitudeDegrees>
       <LongitudeDegrees>100.4366100</LongitudeDegrees>
      </Position>
      <AltitudeMeters>5.5</AltitudeMeters>
      <DistanceMeters>748.3</DistanceMeters>
      <HeartRateBpm>
       <Value>151</Value>
      </HeartRateBpm>
      <Extensions>
       <TPX xmlns="http://www.garmin.com/xmlschemas/ActivityExtension/v2">
        <Speed>3.3</Speed>
       </TPX>
      </Extensions>
     </Trackpoint>
     <Trackpoint>
      <Time>2026-08-18T10:20:38Z</Time>
      <Position>
       <LatitudeDegrees>5.2337950</LatitudeDegrees>
       <LongitudeDegrees>100.4365810</LongitudeDegrees>
      </Position>
      <AltitudeMeters>5.5</AltitudeMeters>
      <DistanceMeters>751.7</DistanceMeters>
      <HeartRateBpm>
       <Value>151</Value>
      </HeartRateBpm>
      <Extensions>
       <TPX xmlns="http://www.garmin.com/xmlschemas/ActivityExtension/v2">
        <Speed>3.3</Speed>
       </TPX>
      </Extensions>
     </Trackpoint>
     <Trackpoint>
      <Time>2026-08-18T10:20:39Z</Time>
      <Position>
       <LatitudeDegrees>5.2337860</LatitudeDegrees>
       <LongitudeDegrees>100.4365560</LongitudeDegrees>
      </Position>
      <AltitudeMeters>5.5</AltitudeMeters>
      <DistanceMeters>754.6</DistanceMeters>
      <HeartRateBpm>
       <Value>152</Value>
      </HeartRateBpm>
      <Extensions>
       <TPX xmlns="http://www.garmin.com/xmlschemas/ActivityExtension/v2">
        <Speed>3.1</Speed>
       </TPX>
      </Extensions>
     </Trackpoint>
     <Trackpoint>
      <Time>2026-08-18T10:20:40Z</Time>
      <Position>
       <LatitudeDegrees>5.2337770</LatitudeDegrees>
       <LongitudeDegrees>100.4365250</LongitudeDegrees>
      </Position>
      <AltitudeMeters>5.5</AltitudeMeters>
      <DistanceMeters>758.2</DistanceMeters>
      <HeartRateBpm>
       <Value>152</Value>
      </HeartRateBpm>
      <Extensions>
       <TPX xmlns="http://www.garmin.com/xmlschemas/ActivityExtension/v2">
        <Speed>3.3</Speed>
       </TPX>
      </Extensions>
     </Trackpoint>
     <Trackpoint>
      <Time>2026-08-18T10:20:41Z</Time>
      <Position>
       <LatitudeDegrees>5.2337670</LatitudeDegrees>
       <LongitudeDegrees>100.4364970</LongitudeDegrees>
      </Position>
      <AltitudeMeters>5.5</AltitudeMeters>
      <DistanceMeters>761.5</DistanceMeters>
      <HeartRateBpm>
       <Value>151</Value>
      </HeartRateBpm>
      <Extensions>
       <TPX xmlns="http://www.garmin.com/xmlschemas/ActivityExtension/v2">
        <Speed>3.3</Speed>
       </TPX>
      </Extensions>
     </Trackpoint>
     <Trackpoint>
      <Time>2026-08-18T10:20:42Z</Time>
      <Position>
       <LatitudeDegrees>5.2337590</LatitudeDegrees>
       <LongitudeDegrees>100.4364730</LongitudeDegrees>
      </Position>
      <AltitudeMeters>5.5</AltitudeMeters>
      <DistanceMeters>764.3</DistanceMeters>
      <HeartRateBpm>
       <Value>151</Value>
      </HeartRateBpm>
      <Extensions>
       <TPX xmlns="http://www.garmin.com/xmlschemas/ActivityExtension/v2">
        <Speed>3.2</Speed>
       </TPX>
      </Extensions>
     </Trackpoint>
     <Trackpoint>
      <Time>2026-08-18T10:20:43Z</Time>
      <Position>
       <LatitudeDegrees>5.2337490</LatitudeDegrees>
       <LongitudeDegrees>100.4364400</LongitudeDegrees>
      </Position>
      <AltitudeMeters>5.5</AltitudeMeters>
      <DistanceMeters>768.2</DistanceMeters>
      <HeartRateBpm>
       <Value>152</Value>
      </HeartRateBpm>
      <Extensions>
       <TPX xmlns="http://www.garmin.com/xmlschemas/ActivityExtension/v2">
        <Speed>3.3</Speed>
       </TPX>
      </Extensions>
     </Trackpoint>
     <Trackpoint>
      <Time>2026-08-18T10:20:44Z</Time>
      <Position>
       <LatitudeDegrees>5.2337410</LatitudeDegrees>
       <LongitudeDegrees>100.4364120</LongitudeDegrees>
      </Position>
      <AltitudeMeters>5.5</AltitudeMeters>
      <DistanceMeters>771.3</DistanceMeters>
      <HeartRateBpm>
       <Value>152</Value>
      </HeartRateBpm>
      <Extensions>
       <TPX xmlns="http://www.garmin.com/xmlschemas/ActivityExtension/v2">
        <Speed>3.3</Speed>
       </TPX>
      </Extensions>
     </Trackpoint>
     <Trackpoint>
      <Time>2026-08-18T10:20:45Z</Time>
      <Position>
       <LatitudeDegrees>5.2337330</LatitudeDegrees>
       <LongitudeDegrees>100.4363850</LongitudeDegrees>
      </Position>
      <AltitudeMeters>5.5</AltitudeMeters>
      <DistanceMeters>774.4</DistanceMeters>
      <HeartRateBpm>
       <Value>152</Value>
      </HeartRateBpm>
      <Extensions>
       <TPX xmlns="http://www.garmin.com/xmlschemas/ActivityExtension/v2">
        <Speed>3.2</Speed>
       </TPX>
      </Extensions>
     </Trackpoint>
     <Trackpoint>
      <Time>2026-08-18T10:20:46Z</Time>
      <Position>
       <LatitudeDegrees>5.2337240</LatitudeDegrees>
       <LongitudeDegrees>100.4363600</LongitudeDegrees>
      </Position>
      <AltitudeMeters>5.5</AltitudeMeters>
      <DistanceMeters>777.4</DistanceMeters>
      <HeartRateBpm>
       <Value>151</Value>
      </HeartRateBpm>
      <Extensions>
       <TPX xmlns="http://www.garmin.com/xmlschemas/ActivityExtension/v2">
        <Speed>3.2</Speed>
       </TPX>
      </Extensions>
     </Trackpoint>
     <Trackpoint>
      <Time>2026-08-18T10:20:47Z</Time>
      <Position>
       <LatitudeDegrees>5.2337170</LatitudeDegrees>
       <LongitudeDegrees>100.4363310</LongitudeDegrees>
      </Position>
      <AltitudeMeters>5.5</AltitudeMeters>
      <DistanceMeters>780.7</DistanceMeters>
      <HeartRateBpm>
       <Value>151</Value>
      </HeartRateBpm>
      <Extensions>
       <TPX xmlns="http://www.garmin.com/xmlschemas/ActivityExtension/v2">
        <Speed>3.3</Speed>
       </TPX>
      </Extensions>
     </Trackpoint>
     <Trackpoint>
      <Time>2026-08-18T10:20:48Z</Time>
      <Position>
       <LatitudeDegrees>5.2337130</LatitudeDegrees>
       <LongitudeDegrees>100.4363000</LongitudeDegrees>
      </Position>
      <AltitudeMeters>5.5</AltitudeMeters>
      <DistanceMeters>784.2</DistanceMeters>
      <HeartRateBpm>
       <Value>152</Value>
      </HeartRateBpm>
      <Extensions>
       <TPX xmlns="http://www.garmin.com/xmlschemas/ActivityExtension/v2">
        <Speed>3.2</Speed>
       </TPX>
      </Extensions>
     </Trackpoint>
     <Trackpoint>
      <Time>2026-08-18T10:20:49Z</Time>
      <Position>
       <LatitudeDegrees>5.2337110</LatitudeDegrees>
       <LongitudeDegrees>100.4362710</LongitudeDegrees>
      </Position>
      <AltitudeMeters>5.5</AltitudeMeters>
      <DistanceMeters>787.4</DistanceMeters>
      <HeartRateBpm>
       <Value>152</Value>
      </HeartRateBpm>
      <Extensions>
       <TPX xmlns="http://www.garmin.com/xmlschemas/ActivityExtension/v2">
        <Speed>3.2</Speed>
       </TPX>
      </Extensions>
     </Trackpoint>
     <Trackpoint>
      <Time>2026-08-18T10:20:50Z</Time>
      <Position>
       <LatitudeDegrees>5.2337090</LatitudeDegrees>
       <LongitudeDegrees>100.4362420</LongitudeDegrees>
      </Position>
      <AltitudeMeters>5.5</AltitudeMeters>
      <DistanceMeters>790.6</DistanceMeters>
      <HeartRateBpm>
       <Value>152</Value>
      </HeartRateBpm>
      <Extensions>
       <TPX xmlns="http://www.garmin.com/xmlschemas/ActivityExtension/v2">
        <Speed>3.2</Speed>
       </TPX>
      </Extensions>
     </Trackpoint>
     <Trackpoint>
      <Time>2026-08-18T10:20:51Z</Time>
      <Position>
       <LatitudeDegrees>5.2337040</LatitudeDegrees>
       <LongitudeDegrees>100.4362160</LongitudeDegrees>
      </Position>
      <AltitudeMeters>5.5</AltitudeMeters>
      <DistanceMeters>793.5</DistanceMeters>
      <HeartRateBpm>
       <Value>152</Value>
      </HeartRateBpm>
      <Extensions>
       <TPX xmlns="http://www.garmin.com/xmlschemas/ActivityExtension/v2">
        <Speed>3.2</Speed>
       </TPX>
      </Extensions>
     </Trackpoint>
     <Trackpoint>
      <Time>2026-08-18T10:20:52Z</Time>
      <Position>
       <LatitudeDegrees>5.2336880</LatitudeDegrees>
       <LongitudeDegrees>100.4361890</LongitudeDegrees>
      </Position>
      <AltitudeMeters>5.5</AltitudeMeters>
      <DistanceMeters>796.9</DistanceMeters>
      <HeartRateBpm>
       <Value>152</Value>
      </HeartRateBpm>
      <Extensions>
       <TPX xmlns="http://www.garmin.com/xmlschemas/ActivityExtension/v2">
        <Speed>3.2</Speed>
       </TPX>
      </Extensions>
     </Trackpoint>
     <Trackpoint>
      <Time>2026-08-18T10:20:53Z</Time>
      <Position>
       <LatitudeDegrees>5.2336720</LatitudeDegrees>
       <LongitudeDegrees>100.4361580</LongitudeDegrees>
      </Position>
      <AltitudeMeters>5.5</AltitudeMeters>
      <DistanceMeters>800.8</DistanceMeters>
      <HeartRateBpm>
       <Value>152</Value>
      </HeartRateBpm>
      <Extensions>
       <TPX xmlns="http://www.garmin.com/xmlschemas/ActivityExtension/v2">
        <Speed>3.3</Speed>
       </TPX>
      </Extensions>
     </Trackpoint>
     <Trackpoint>
      <Time>2026-08-18T10:20:54Z</Time>
      <Position>
       <LatitudeDegrees>5.2336620</LatitudeDegrees>
       <LongitudeDegrees>100.4361270</LongitudeDegrees>
      </Position>
      <AltitudeMeters>5.5</AltitudeMeters>
      <DistanceMeters>804.3</DistanceMeters>
      <HeartRateBpm>
       <Value>152</Value>
      </HeartRateBpm>
      <Extensions>
       <TPX xmlns="http://www.garmin.com/xmlschemas/ActivityExtension/v2">
        <Speed>3.4</Speed>
       </TPX>
      </Extensions>
     </Trackpoint>
     <Trackpoint>
      <Time>2026-08-18T10:20:55Z</Time>
      <Position>
       <LatitudeDegrees>5.2336530</LatitudeDegrees>
       <LongitudeDegrees>100.4361010</LongitudeDegrees>
      </Position>
      <AltitudeMeters>5.5</AltitudeMeters>
      <DistanceMeters>807.4</DistanceMeters>
      <HeartRateBpm>
       <Value>152</Value>
      </HeartRateBpm>
      <Extensions>
       <TPX xmlns="http://www.garmin.com/xmlschemas/ActivityExtension/v2">
        <Speed>3.4</Speed>
       </TPX>
      </Extensions>
     </Trackpoint>
     <Trackpoint>
      <Time>2026-08-18T10:20:56Z</Time>
      <Position>
       <LatitudeDegrees>5.2336430</LatitudeDegrees>
       <LongitudeDegrees>100.4360700</LongitudeDegrees>
      </Position>
      <AltitudeMeters>5.5</AltitudeMeters>
      <DistanceMeters>811.0</DistanceMeters>
      <HeartRateBpm>
       <Value>152</Value>
      </HeartRateBpm>
      <Extensions>
       <TPX xmlns="http://www.garmin.com/xmlschemas/ActivityExtension/v2">
        <Speed>3.5</Speed>
       </TPX>
      </Extensions>
     </Trackpoint>
     <Trackpoint>
      <Time>2026-08-18T10:20:57Z</Time>
      <Position>
       <LatitudeDegrees>5.2336340</LatitudeDegrees>
       <LongitudeDegrees>100.4360450</LongitudeDegrees>
      </Position>
      <AltitudeMeters>5.5</AltitudeMeters>
      <DistanceMeters>813.9</DistanceMeters>
      <HeartRateBpm>
       <Value>153</Value>
      </HeartRateBpm>
      <Extensions>
       <TPX xmlns="http://www.garmin.com/xmlschemas/ActivityExtension/v2">
        <Speed>3.4</Speed>
       </TPX>
      </Extensions>
     </Trackpoint>
     <Trackpoint>
      <Time>2026-08-18T10:20:58Z</Time>
      <Position>
       <LatitudeDegrees>5.2336260</LatitudeDegrees>
       <LongitudeDegrees>100.4360240</LongitudeDegrees>
      </Position>
      <AltitudeMeters>5.5</AltitudeMeters>
      <DistanceMeters>816.4</DistanceMeters>
      <HeartRateBpm>
       <Value>154</Value>
      </HeartRateBpm>
      <Extensions>
       <TPX xmlns="http://www.garmin.com/xmlschemas/ActivityExtension/v2">
        <Speed>3.1</Speed>
       </TPX>
      </Extensions>
     </Trackpoint>
     <Trackpoint>
      <Time>2026-08-18T10:20:59Z</Time>
      <Position>
       <LatitudeDegrees>5.2336170</LatitudeDegrees>
       <LongitudeDegrees>100.4359980</LongitudeDegrees>
      </Position>
      <AltitudeMeters>5.5</AltitudeMeters>
      <DistanceMeters>819.5</DistanceMeters>
      <HeartRateBpm>
       <Value>154</Value>
      </HeartRateBpm>
      <Extensions>
       <TPX xmlns="http://www.garmin.com/xmlschemas/ActivityExtension/v2">
        <Speed>3.0</Speed>
       </TPX>
      </Extensions>
     </Trackpoint>
     <Trackpoint>
      <Time>2026-08-18T10:21:00Z</Time>
      <Position>
       <LatitudeDegrees>5.2336070</LatitudeDegrees>
       <LongitudeDegrees>100.4359740</LongitudeDegrees>
      </Position>
      <AltitudeMeters>5.5</AltitudeMeters>
      <DistanceMeters>822.4</DistanceMeters>
      <HeartRateBpm>
       <Value>153</Value>
      </HeartRateBpm>
      <Extensions>
       <TPX xmlns="http://www.garmin.com/xmlschemas/ActivityExtension/v2">
        <Speed>3.0</Speed>
       </TPX>
      </Extensions>
     </Trackpoint>
     <Trackpoint>
      <Time>2026-08-18T10:21:01Z</Time>
      <Position>
       <LatitudeDegrees>5.2335990</LatitudeDegrees>
       <LongitudeDegrees>100.4359520</LongitudeDegrees>
      </Position>
      <AltitudeMeters>5.5</AltitudeMeters>
      <DistanceMeters>825.0</DistanceMeters>
      <HeartRateBpm>
       <Value>152</Value>
      </HeartRateBpm>
      <Extensions>
       <TPX xmlns="http://www.garmin.com/xmlschemas/ActivityExtension/v2">
        <Speed>2.8</Speed>
       </TPX>
      </Extensions>
     </Trackpoint>
     <Trackpoint>
      <Time>2026-08-18T10:21:02Z</Time>
      <Position>
       <LatitudeDegrees>5.2335940</LatitudeDegrees>
       <LongitudeDegrees>100.4359220</LongitudeDegrees>
      </Position>
      <AltitudeMeters>5.5</AltitudeMeters>
      <DistanceMeters>828.3</DistanceMeters>
      <HeartRateBpm>
       <Value>152</Value>
      </HeartRateBpm>
      <Extensions>
       <TPX xmlns="http://www.garmin.com/xmlschemas/ActivityExtension/v2">
        <Speed>2.9</Speed>
       </TPX>
      </Extensions>
     </Trackpoint>
     <Trackpoint>
      <Time>2026-08-18T10:21:03Z</Time>
      <Position>
       <LatitudeDegrees>5.2335890</LatitudeDegrees>
       <LongitudeDegrees>100.4358960</LongitudeDegrees>
      </Position>
      <AltitudeMeters>5.5</AltitudeMeters>
      <DistanceMeters>831.3</DistanceMeters>
      <HeartRateBpm>
       <Value>152</Value>
      </HeartRateBpm>
      <Extensions>
       <TPX xmlns="http://www.garmin.com/xmlschemas/ActivityExtension/v2">
        <Speed>3.0</Speed>
       </TPX>
      </Extensions>
     </Trackpoint>
     <Trackpoint>
      <Time>2026-08-18T10:21:04Z</Time>
      <Position>
       <LatitudeDegrees>5.2335850</LatitudeDegrees>
       <LongitudeDegrees>100.4358730</LongitudeDegrees>
      </Position>
      <AltitudeMeters>5.5</AltitudeMeters>
      <DistanceMeters>833.9</DistanceMeters>
      <HeartRateBpm>
       <Value>152</Value>
      </HeartRateBpm>
      <Extensions>
       <TPX xmlns="http://www.garmin.com/xmlschemas/ActivityExtension/v2">
        <Speed>2.9</Speed>
       </TPX>
      </Extensions>
     </Trackpoint>
     <Trackpoint>
      <Time>2026-08-18T10:21:05Z</Time>
      <Position>
       <LatitudeDegrees>5.2335800</LatitudeDegrees>
       <LongitudeDegrees>100.4358440</LongitudeDegrees>
      </Position>
      <AltitudeMeters>5.5</AltitudeMeters>
      <DistanceMeters>837.1</DistanceMeters>
      <HeartRateBpm>
       <Value>153</Value>
      </HeartRateBpm>
      <Extensions>
       <TPX xmlns="http://www.garmin.com/xmlschemas/ActivityExtension/v2">
        <Speed>2.9</Speed>
       </TPX>
      </Extensions>
     </Trackpoint>
     <Trackpoint>
      <Time>2026-08-18T10:21:06Z</Time>
      <Position>
       <LatitudeDegrees>5.2335750</LatitudeDegrees>
       <LongitudeDegrees>100.4358180</LongitudeDegrees>
      </Position>
      <AltitudeMeters>5.5</AltitudeMeters>
      <DistanceMeters>840.0</DistanceMeters>
      <HeartRateBpm>
       <Value>153</Value>
      </HeartRateBpm>
      <Extensions>
       <TPX xmlns="http://www.garmin.com/xmlschemas/ActivityExtension/v2">
        <Speed>3.0</Speed>
       </TPX>
      </Extensions>
     </Trackpoint>
     <Trackpoint>
      <Time>2026-08-18T10:21:07Z</Time>
      <Position>
       <LatitudeDegrees>5.2335700</LatitudeDegrees>
       <LongitudeDegrees>100.4357910</LongitudeDegrees>
      </Position>
      <AltitudeMeters>5.5</AltitudeMeters>
      <DistanceMeters>843.1</DistanceMeters>
      <HeartRateBpm>
       <Value>152</Value>
      </HeartRateBpm>
      <Extensions>
       <TPX xmlns="http://www.garmin.com/xmlschemas/ActivityExtension/v2">
        <Speed>3.0</Speed>
       </TPX>
      </Extensions>
     </Trackpoint>
     <Trackpoint>
      <Time>2026-08-18T10:21:08Z</Time>
      <Position>
       <LatitudeDegrees>5.2335630</LatitudeDegrees>
       <LongitudeDegrees>100.4357650</LongitudeDegrees>
      </Position>
      <AltitudeMeters>5.5</AltitudeMeters>
      <DistanceMeters>846.1</DistanceMeters>
      <HeartRateBpm>
       <Value>152</Value>
      </HeartRateBpm>
      <Extensions>
       <TPX xmlns="http://www.garmin.com/xmlschemas/ActivityExtension/v2">
        <Speed>3.0</Speed>
       </TPX>
      </Extensions>
     </Trackpoint>
     <Trackpoint>
      <Time>2026-08-18T10:21:09Z</Time>
      <Position>
       <LatitudeDegrees>5.2335570</LatitudeDegrees>
       <LongitudeDegrees>100.4357410</LongitudeDegrees>
      </Position>
      <AltitudeMeters>5.5</AltitudeMeters>
      <DistanceMeters>848.8</DistanceMeters>
      <HeartRateBpm>
       <Value>152</Value>
      </HeartRateBpm>
      <Extensions>
       <TPX xmlns="http://www.garmin.com/xmlschemas/ActivityExtension/v2">
        <Speed>3.0</Speed>
       </TPX>
      </Extensions>
     </Trackpoint>
     <Trackpoint>
      <Time>2026-08-18T10:21:10Z</Time>
      <Position>
       <LatitudeDegrees>5.2335500</LatitudeDegrees>
       <LongitudeDegrees>100.4357160</LongitudeDegrees>
      </Position>
      <AltitudeMeters>5.5</AltitudeMeters>
      <DistanceMeters>851.7</DistanceMeters>
      <HeartRateBpm>
       <Value>152</Value>
      </HeartRateBpm>
      <Extensions>
       <TPX xmlns="http://www.garmin.com/xmlschemas/ActivityExtension/v2">
        <Speed>2.9</Speed>
       </TPX>
      </Extensions>
     </Trackpoint>
     <Trackpoint>
      <Time>2026-08-18T10:21:11Z</Time>
      <Position>
       <LatitudeDegrees>5.2335430</LatitudeDegrees>
       <LongitudeDegrees>100.4356930</LongitudeDegrees>
      </Position>
      <AltitudeMeters>5.6</AltitudeMeters>
      <DistanceMeters>854.3</DistanceMeters>
      <HeartRateBpm>
       <Value>152</Value>
      </HeartRateBpm>
      <Extensions>
       <TPX xmlns="http://www.garmin.com/xmlschemas/ActivityExtension/v2">
        <Speed>2.9</Speed>
       </TPX>
      </Extensions>
     </Trackpoint>
     <Trackpoint>
      <Time>2026-08-18T10:21:12Z</Time>
      <Position>
       <LatitudeDegrees>5.2335380</LatitudeDegrees>
       <LongitudeDegrees>100.4356660</LongitudeDegrees>
      </Position>
      <AltitudeMeters>5.6</AltitudeMeters>
      <DistanceMeters>857.4</DistanceMeters>
      <HeartRateBpm>
       <Value>153</Value>
      </HeartRateBpm>
      <Extensions>
       <TPX xmlns="http://www.garmin.com/xmlschemas/ActivityExtension/v2">
        <Speed>2.9</Speed>
       </TPX>
      </Extensions>
     </Trackpoint>
     <Trackpoint>
      <Time>2026-08-18T10:21:13Z</Time>
      <Position>
       <LatitudeDegrees>5.2335330</LatitudeDegrees>
       <LongitudeDegrees>100.4356400</LongitudeDegrees>
      </Position>
      <AltitudeMeters>5.6</AltitudeMeters>
      <DistanceMeters>860.3</DistanceMeters>
      <HeartRateBpm>
       <Value>153</Value>
      </HeartRateBpm>
      <Extensions>
       <TPX xmlns="http://www.garmin.com/xmlschemas/ActivityExtension/v2">
        <Speed>2.9</Speed>
       </TPX>
      </Extensions>
     </Trackpoint>
     <Trackpoint>
      <Time>2026-08-18T10:21:14Z</Time>
      <Position>
       <LatitudeDegrees>5.2335340</LatitudeDegrees>
       <LongitudeDegrees>100.4356170</LongitudeDegrees>
      </Position>
      <AltitudeMeters>5.6</AltitudeMeters>
      <DistanceMeters>862.9</DistanceMeters>
      <HeartRateBpm>
       <Value>152</Value>
      </HeartRateBpm>
      <Extensions>
       <TPX xmlns="http://www.garmin.com/xmlschemas/ActivityExtension/v2">
        <Speed>2.8</Speed>
       </TPX>
      </Extensions>
     </Trackpoint>
     <Trackpoint>
      <Time>2026-08-18T10:21:15Z</Time>
      <Position>
       <LatitudeDegrees>5.2335250</LatitudeDegrees>
       <LongitudeDegrees>100.4355850</LongitudeDegrees>
      </Position>
      <AltitudeMeters>5.6</AltitudeMeters>
      <DistanceMeters>866.6</DistanceMeters>
      <HeartRateBpm>
       <Value>151</Value>
      </HeartRateBpm>
      <Extensions>
       <TPX xmlns="http://www.garmin.com/xmlschemas/ActivityExtension/v2">
        <Speed>3.0</Speed>
       </TPX>
      </Extensions>
     </Trackpoint>
     <Trackpoint>
      <Time>2026-08-18T10:21:16Z</Time>
      <Position>
       <LatitudeDegrees>5.2335190</LatitudeDegrees>
       <LongitudeDegrees>100.4355630</LongitudeDegrees>
      </Position>
      <AltitudeMeters>5.6</AltitudeMeters>
      <DistanceMeters>869.1</DistanceMeters>
      <HeartRateBpm>
       <Value>151</Value>
      </HeartRateBpm>
      <Extensions>
       <TPX xmlns="http://www.garmin.com/xmlschemas/ActivityExtension/v2">
        <Speed>3.0</Speed>
       </TPX>
      </Extensions>
     </Trackpoint>
     <Trackpoint>
      <Time>2026-08-18T10:21:17Z</Time>
      <Position>
       <LatitudeDegrees>5.2335100</LatitudeDegrees>
       <LongitudeDegrees>100.4355390</LongitudeDegrees>
      </Position>
      <AltitudeMeters>5.6</AltitudeMeters>
      <DistanceMeters>871.9</DistanceMeters>
      <HeartRateBpm>
       <Value>151</Value>
      </HeartRateBpm>
      <Extensions>
       <TPX xmlns="http://www.garmin.com/xmlschemas/ActivityExtension/v2">
        <Speed>2.9</Speed>
       </TPX>
      </Extensions>
     </Trackpoint>
     <Trackpoint>
      <Time>2026-08-18T10:21:18Z</Time>
      <Position>
       <LatitudeDegrees>5.2335030</LatitudeDegrees>
       <LongitudeDegrees>100.4355150</LongitudeDegrees>
      </Position>
      <AltitudeMeters>5.6</AltitudeMeters>
      <DistanceMeters>874.6</DistanceMeters>
      <HeartRateBpm>
       <Value>151</Value>
      </HeartRateBpm>
      <Extensions>
       <TPX xmlns="http://www.garmin.com/xmlschemas/ActivityExtension/v2">
        <Speed>2.9</Speed>
       </TPX>
      </Extensions>
     </Trackpoint>
     <Trackpoint>
      <Time>2026-08-18T10:21:19Z</Time>
      <Position>
       <LatitudeDegrees>5.2334970</LatitudeDegrees>
       <LongitudeDegrees>100.4354830</LongitudeDegrees>
      </Position>
      <AltitudeMeters>5.6</AltitudeMeters>
      <DistanceMeters>878.2</DistanceMeters>
      <HeartRateBpm>
       <Value>151</Value>
      </HeartRateBpm>
      <Extensions>
       <TPX xmlns="http://www.garmin.com/xmlschemas/ActivityExtension/v2">
        <Speed>3.1</Speed>
       </TPX>
      </Extensions>
     </Trackpoint>
     <Trackpoint>
      <Time>2026-08-18T10:21:20Z</Time>
      <Position>
       <LatitudeDegrees>5.2334930</LatitudeDegrees>
       <LongitudeDegrees>100.4354550</LongitudeDegrees>
      </Position>
      <AltitudeMeters>5.6</AltitudeMeters>
      <DistanceMeters>881.4</DistanceMeters>
      <HeartRateBpm>
       <Value>152</Value>
      </HeartRateBpm>
      <Extensions>
       <TPX xmlns="http://www.garmin.com/xmlschemas/ActivityExtension/v2">
        <Speed>3.0</Speed>
       </TPX>
      </Extensions>
     </Trackpoint>
     <Trackpoint>
      <Time>2026-08-18T10:21:21Z</Time>
      <Position>
       <LatitudeDegrees>5.2334850</LatitudeDegrees>
       <LongitudeDegrees>100.4354310</LongitudeDegrees>
      </Position>
      <AltitudeMeters>5.6</AltitudeMeters>
      <DistanceMeters>884.2</DistanceMeters>
      <HeartRateBpm>
       <Value>151</Value>
      </HeartRateBpm>
      <Extensions>
       <TPX xmlns="http://www.garmin.com/xmlschemas/ActivityExtension/v2">
        <Speed>3.0</Speed>
       </TPX>
      </Extensions>
     </Trackpoint>
     <Trackpoint>
      <Time>2026-08-18T10:21:22Z</Time>
      <Position>
       <LatitudeDegrees>5.2334790</LatitudeDegrees>
       <LongitudeDegrees>100.4353990</LongitudeDegrees>
      </Position>
      <AltitudeMeters>5.6</AltitudeMeters>
      <DistanceMeters>887.8</DistanceMeters>
      <HeartRateBpm>
       <Value>151</Value>
      </HeartRateBpm>
      <Extensions>
       <TPX xmlns="http://www.garmin.com/xmlschemas/ActivityExtension/v2">
        <Speed>3.2</Speed>
       </TPX>
      </Extensions>
     </Trackpoint>
     <Trackpoint>
      <Time>2026-08-18T10:21:23Z</Time>
      <Position>
       <LatitudeDegrees>5.2334720</LatitudeDegrees>
       <LongitudeDegrees>100.4353690</LongitudeDegrees>
      </Position>
      <AltitudeMeters>5.6</AltitudeMeters>
      <DistanceMeters>891.2</DistanceMeters>
      <HeartRateBpm>
       <Value>152</Value>
      </HeartRateBpm>
      <Extensions>
       <TPX xmlns="http://www.garmin.com/xmlschemas/ActivityExtension/v2">
        <Speed>3.3</Speed>
       </TPX>
      </Extensions>
     </Trackpoint>
     <Trackpoint>
      <Time>2026-08-18T10:21:24Z</Time>
      <Position>
       <LatitudeDegrees>5.2334650</LatitudeDegrees>
       <LongitudeDegrees>100.4353400</LongitudeDegrees>
      </Position>
      <AltitudeMeters>5.6</AltitudeMeters>
      <DistanceMeters>894.5</DistanceMeters>
      <HeartRateBpm>
       <Value>152</Value>
      </HeartRateBpm>
      <Extensions>
       <TPX xmlns="http://www.garmin.com/xmlschemas/ActivityExtension/v2">
        <Speed>3.3</Speed>
       </TPX>
      </Extensions>
     </Trackpoint>
     <Trackpoint>
      <Time>2026-08-18T10:21:25Z</Time>
      <Position>
       <LatitudeDegrees>5.2334600</LatitudeDegrees>
       <LongitudeDegrees>100.4353120</LongitudeDegrees>
      </Position>
      <AltitudeMeters>5.6</AltitudeMeters>
      <DistanceMeters>897.6</DistanceMeters>
      <HeartRateBpm>
       <Value>152</Value>
      </HeartRateBpm>
      <Extensions>
       <TPX xmlns="http://www.garmin.com/xmlschemas/ActivityExtension/v2">
        <Speed>3.2</Speed>
       </TPX>
      </Extensions>
     </Trackpoint>
     <Trackpoint>
      <Time>2026-08-18T10:21:26Z</Time>
      <Position>
       <LatitudeDegrees>5.2334560</LatitudeDegrees>
       <LongitudeDegrees>100.4352830</LongitudeDegrees>
      </Position>
      <AltitudeMeters>5.6</AltitudeMeters>
      <DistanceMeters>900.9</DistanceMeters>
      <HeartRateBpm>
       <Value>151</Value>
      </HeartRateBpm>
      <Extensions>
       <TPX xmlns="http://www.garmin.com/xmlschemas/ActivityExtension/v2">
        <Speed>3.3</Speed>
       </TPX>
      </Extensions>
     </Trackpoint>
     <Trackpoint>
      <Time>2026-08-18T10:21:27Z</Time>
      <Position>
       <LatitudeDegrees>5.2334500</LatitudeDegrees>
       <LongitudeDegrees>100.4352530</LongitudeDegrees>
      </Position>
      <AltitudeMeters>5.6</AltitudeMeters>
      <DistanceMeters>904.2</DistanceMeters>
      <HeartRateBpm>
       <Value>151</Value>
      </HeartRateBpm>
      <Extensions>
       <TPX xmlns="http://www.garmin.com/xmlschemas/ActivityExtension/v2">
        <Speed>3.3</Speed>
       </TPX>
      </Extensions>
     </Trackpoint>
     <Trackpoint>
      <Time>2026-08-18T10:21:28Z</Time>
      <Position>
       <LatitudeDegrees>5.2334450</LatitudeDegrees>
       <LongitudeDegrees>100.4352270</LongitudeDegrees>
      </Position>
      <AltitudeMeters>5.6</AltitudeMeters>
      <DistanceMeters>907.2</DistanceMeters>
      <HeartRateBpm>
       <Value>151</Value>
      </HeartRateBpm>
      <Extensions>
       <TPX xmlns="http://www.garmin.com/xmlschemas/ActivityExtension/v2">
        <Speed>3.2</Speed>
       </TPX>
      </Extensions>
     </Trackpoint>
     <Trackpoint>
      <Time>2026-08-18T10:21:29Z</Time>
      <Position>
       <LatitudeDegrees>5.2334380</LatitudeDegrees>
       <LongitudeDegrees>100.4352000</LongitudeDegrees>
      </Position>
      <AltitudeMeters>5.6</AltitudeMeters>
      <DistanceMeters>910.3</DistanceMeters>
      <HeartRateBpm>
       <Value>152</Value>
      </HeartRateBpm>
      <Extensions>
       <TPX xmlns="http://www.garmin.com/xmlschemas/ActivityExtension/v2">
        <Speed>3.2</Speed>
       </TPX>
      </Extensions>
     </Trackpoint>
     <Trackpoint>
      <Time>2026-08-18T10:21:30Z</Time>
      <Position>
       <LatitudeDegrees>5.2334310</LatitudeDegrees>
       <LongitudeDegrees>100.4351710</LongitudeDegrees>
      </Position>
      <AltitudeMeters>5.6</AltitudeMeters>
      <DistanceMeters>913.6</DistanceMeters>
      <HeartRateBpm>
       <Value>152</Value>
      </HeartRateBpm>
      <Extensions>
       <TPX xmlns="http://www.garmin.com/xmlschemas/ActivityExtension/v2">
        <Speed>3.2</Speed>
       </TPX>
      </Extensions>
     </Trackpoint>
     <Trackpoint>
      <Time>2026-08-18T10:21:31Z</Time>
      <Position>
       <LatitudeDegrees>5.2334260</LatitudeDegrees>
       <LongitudeDegrees>100.4351480</LongitudeDegrees>
      </Position>
      <AltitudeMeters>5.6</AltitudeMeters>
      <DistanceMeters>916.2</DistanceMeters>
      <HeartRateBpm>
       <Value>152</Value>
      </HeartRateBpm>
      <Extensions>
       <TPX xmlns="http://www.garmin.com/xmlschemas/ActivityExtension/v2">
        <Speed>3.1</Speed>
       </TPX>
      </Extensions>
     </Trackpoint>
     <Trackpoint>
      <Time>2026-08-18T10:21:32Z</Time>
      <Position>
       <LatitudeDegrees>5.2334200</LatitudeDegrees>
       <LongitudeDegrees>100.4351180</LongitudeDegrees>
      </Position>
      <AltitudeMeters>5.6</AltitudeMeters>
      <DistanceMeters>919.6</DistanceMeters>
      <HeartRateBpm>
       <Value>151</Value>
      </HeartRateBpm>
      <Extensions>
       <TPX xmlns="http://www.garmin.com/xmlschemas/ActivityExtension/v2">
        <Speed>3.1</Speed>
       </TPX>
      </Extensions>
     </Trackpoint>
     <Trackpoint>
      <Time>2026-08-18T10:21:33Z</Time>
      <Position>
       <LatitudeDegrees>5.2334110</LatitudeDegrees>
       <LongitudeDegrees>100.4350900</LongitudeDegrees>
      </Position>
      <AltitudeMeters>5.6</AltitudeMeters>
      <DistanceMeters>922.9</DistanceMeters>
      <HeartRateBpm>
       <Value>151</Value>
      </HeartRateBpm>
      <Extensions>
       <TPX xmlns="http://www.garmin.com/xmlschemas/ActivityExtension/v2">
        <Speed>3.1</Speed>
       </TPX>
      </Extensions>
     </Trackpoint>
     <Trackpoint>
      <Time>2026-08-18T10:21:34Z</Time>
      <Position>
       <LatitudeDegrees>5.2334020</LatitudeDegrees>
       <LongitudeDegrees>100.4350640</LongitudeDegrees>
      </Position>
      <AltitudeMeters>5.6</AltitudeMeters>
      <DistanceMeters>925.9</DistanceMeters>
      <HeartRateBpm>
       <Value>151</Value>
      </HeartRateBpm>
      <Extensions>
       <TPX xmlns="http://www.garmin.com/xmlschemas/ActivityExtension/v2">
        <Speed>3.1</Speed>
       </TPX>
      </Extensions>
     </Trackpoint>
     <Trackpoint>
      <Time>2026-08-18T10:21:35Z</Time>
      <Position>
       <LatitudeDegrees>5.2333970</LatitudeDegrees>
       <LongitudeDegrees>100.4350320</LongitudeDegrees>
      </Position>
      <AltitudeMeters>5.6</AltitudeMeters>
      <DistanceMeters>929.5</DistanceMeters>
      <HeartRateBpm>
       <Value>152</Value>
      </HeartRateBpm>
      <Extensions>
       <TPX xmlns="http://www.garmin.com/xmlschemas/ActivityExtension/v2">
        <Speed>3.2</Speed>
       </TPX>
      </Extensions>
     </Trackpoint>
     <Trackpoint>
      <Time>2026-08-18T10:21:36Z</Time>
      <Position>
       <LatitudeDegrees>5.2333930</LatitudeDegrees>
       <LongitudeDegrees>100.4350120</LongitudeDegrees>
      </Position>
      <AltitudeMeters>5.6</AltitudeMeters>
      <DistanceMeters>931.7</DistanceMeters>
      <HeartRateBpm>
       <Value>152</Value>
      </HeartRateBpm>
      <Extensions>
       <TPX xmlns="http://www.garmin.com/xmlschemas/ActivityExtension/v2">
        <Speed>3.1</Speed>
       </TPX>
      </Extensions>
     </Trackpoint>
     <Trackpoint>
      <Time>2026-08-18T10:21:37Z</Time>
      <Position>
       <LatitudeDegrees>5.2333900</LatitudeDegrees>
       <LongitudeDegrees>100.4349860</LongitudeDegrees>
      </Position>
      <AltitudeMeters>5.6</AltitudeMeters>
      <DistanceMeters>934.6</DistanceMeters>
      <HeartRateBpm>
       <Value>153</Value>
      </HeartRateBpm>
      <Extensions>
       <TPX xmlns="http://www.garmin.com/xmlschemas/ActivityExtension/v2">
        <Speed>3.0</Speed>
       </TPX>
      </Extensions>
     </Trackpoint>
     <Trackpoint>
      <Time>2026-08-18T10:21:38Z</Time>
      <Position>
       <LatitudeDegrees>5.2333880</LatitudeDegrees>
       <LongitudeDegrees>100.4349590</LongitudeDegrees>
      </Position>
      <AltitudeMeters>5.6</AltitudeMeters>
      <DistanceMeters>937.6</DistanceMeters>
      <HeartRateBpm>
       <Value>153</Value>
      </HeartRateBpm>
      <Extensions>
       <TPX xmlns="http://www.garmin.com/xmlschemas/ActivityExtension/v2">
        <Speed>2.9</Speed>
       </TPX>
      </Extensions>
     </Trackpoint>
     <Trackpoint>
      <Time>2026-08-18T10:21:39Z</Time>
      <Position>
       <LatitudeDegrees>5.2333890</LatitudeDegrees>
       <LongitudeDegrees>100.4349330</LongitudeDegrees>
      </Position>
      <AltitudeMeters>5.6</AltitudeMeters>
      <DistanceMeters>940.5</DistanceMeters>
      <HeartRateBpm>
       <Value>152</Value>
      </HeartRateBpm>
      <Extensions>
       <TPX xmlns="http://www.garmin.com/xmlschemas/ActivityExtension/v2">
        <Speed>2.9</Speed>
       </TPX>
      </Extensions>
     </Trackpoint>
     <Trackpoint>
      <Time>2026-08-18T10:21:40Z</Time>
      <Position>
       <LatitudeDegrees>5.2333910</LatitudeDegrees>
       <LongitudeDegrees>100.4349060</LongitudeDegrees>
      </Position>
      <AltitudeMeters>5.6</AltitudeMeters>
      <DistanceMeters>943.5</DistanceMeters>
      <HeartRateBpm>
       <Value>152</Value>
      </HeartRateBpm>
      <Extensions>
       <TPX xmlns="http://www.garmin.com/xmlschemas/ActivityExtension/v2">
        <Speed>2.8</Speed>
       </TPX>
      </Extensions>
     </Trackpoint>
     <Trackpoint>
      <Time>2026-08-18T10:21:41Z</Time>
      <Position>
       <LatitudeDegrees>5.2333940</LatitudeDegrees>
       <LongitudeDegrees>100.4348800</LongitudeDegrees>
      </Position>
      <AltitudeMeters>5.6</AltitudeMeters>
      <DistanceMeters>946.4</DistanceMeters>
      <HeartRateBpm>
       <Value>152</Value>
      </HeartRateBpm>
      <Extensions>
       <TPX xmlns="http://www.garmin.com/xmlschemas/ActivityExtension/v2">
        <Speed>2.9</Speed>
       </TPX>
      </Extensions>
     </Trackpoint>
     <Trackpoint>
      <Time>2026-08-18T10:21:42Z</Time>
      <Position>
       <LatitudeDegrees>5.2334000</LatitudeDegrees>
       <LongitudeDegrees>100.4348560</LongitudeDegrees>
      </Position>
      <AltitudeMeters>5.6</AltitudeMeters>
      <DistanceMeters>949.1</DistanceMeters>
      <HeartRateBpm>
       <Value>152</Value>
      </HeartRateBpm>
      <Extensions>
       <TPX xmlns="http://www.garmin.com/xmlschemas/ActivityExtension/v2">
        <Speed>2.9</Speed>
       </TPX>
      </Extensions>
     </Trackpoint>
     <Trackpoint>
      <Time>2026-08-18T10:21:43Z</Time>
      <Position>
       <LatitudeDegrees>5.2334060</LatitudeDegrees>
       <LongitudeDegrees>100.4348310</LongitudeDegrees>
      </Position>
      <AltitudeMeters>5.6</AltitudeMeters>
      <DistanceMeters>952.0</DistanceMeters>
      <HeartRateBpm>
       <Value>154</Value>
      </HeartRateBpm>
      <Extensions>
       <TPX xmlns="http://www.garmin.com/xmlschemas/ActivityExtension/v2">
        <Speed>2.9</Speed>
       </TPX>
      </Extensions>
     </Trackpoint>
     <Trackpoint>
      <Time>2026-08-18T10:21:44Z</Time>
      <Position>
       <LatitudeDegrees>5.2334160</LatitudeDegrees>
       <LongitudeDegrees>100.4348070</LongitudeDegrees>
      </Position>
      <AltitudeMeters>5.6</AltitudeMeters>
      <DistanceMeters>954.8</DistanceMeters>
      <HeartRateBpm>
       <Value>154</Value>
      </HeartRateBpm>
      <Extensions>
       <TPX xmlns="http://www.garmin.com/xmlschemas/ActivityExtension/v2">
        <Speed>2.9</Speed>
       </TPX>
      </Extensions>
     </Trackpoint>
     <Trackpoint>
      <Time>2026-08-18T10:21:45Z</Time>
      <Position>
       <LatitudeDegrees>5.2334270</LatitudeDegrees>
       <LongitudeDegrees>100.4347850</LongitudeDegrees>
      </Position>
      <AltitudeMeters>5.6</AltitudeMeters>
      <DistanceMeters>957.5</DistanceMeters>
      <HeartRateBpm>
       <Value>154</Value>
      </HeartRateBpm>
      <Extensions>
       <TPX xmlns="http://www.garmin.com/xmlschemas/ActivityExtension/v2">
        <Speed>2.8</Speed>
       </TPX>
      </Extensions>
     </Trackpoint>
     <Trackpoint>
      <Time>2026-08-18T10:21:46Z</Time>
      <Position>
       <LatitudeDegrees>5.2334390</LatitudeDegrees>
       <LongitudeDegrees>100.4347610</LongitudeDegrees>
      </Position>
      <AltitudeMeters>5.7</AltitudeMeters>
      <DistanceMeters>960.5</DistanceMeters>
      <HeartRateBpm>
       <Value>153</Value>
      </HeartRateBpm>
      <Extensions>
       <TPX xmlns="http://www.garmin.com/xmlschemas/ActivityExtension/v2">
        <Speed>2.8</Speed>
       </TPX>
      </Extensions>
     </Trackpoint>
     <Trackpoint>
      <Time>2026-08-18T10:21:47Z</Time>
      <Position>
       <LatitudeDegrees>5.2334560</LatitudeDegrees>
       <LongitudeDegrees>100.4347350</LongitudeDegrees>
      </Position>
      <AltitudeMeters>5.7</AltitudeMeters>
      <DistanceMeters>964.0</DistanceMeters>
      <HeartRateBpm>
       <Value>153</Value>
      </HeartRateBpm>
      <Extensions>
       <TPX xmlns="http://www.garmin.com/xmlschemas/ActivityExtension/v2">
        <Speed>3.0</Speed>
       </TPX>
      </Extensions>
     </Trackpoint>
     <Trackpoint>
      <Time>2026-08-18T10:21:48Z</Time>
      <Position>
       <LatitudeDegrees>5.2334770</LatitudeDegrees>
       <LongitudeDegrees>100.4347090</LongitudeDegrees>
      </Position>
      <AltitudeMeters>5.7</AltitudeMeters>
      <DistanceMeters>967.7</DistanceMeters>
      <HeartRateBpm>
       <Value>153</Value>
      </HeartRateBpm>
      <Extensions>
       <TPX xmlns="http://www.garmin.com/xmlschemas/ActivityExtension/v2">
        <Speed>3.1</Speed>
       </TPX>
      </Extensions>
     </Trackpoint>
     <Trackpoint>
      <Time>2026-08-18T10:21:49Z</Time>
      <Position>
       <LatitudeDegrees>5.2334990</LatitudeDegrees>
       <LongitudeDegrees>100.4346880</LongitudeDegrees>
      </Position>
      <AltitudeMeters>5.7</AltitudeMeters>
      <DistanceMeters>971.0</DistanceMeters>
      <HeartRateBpm>
       <Value>153</Value>
      </HeartRateBpm>
      <Extensions>
       <TPX xmlns="http://www.garmin.com/xmlschemas/ActivityExtension/v2">
        <Speed>3.2</Speed>
       </TPX>
      </Extensions>
     </Trackpoint>
     <Trackpoint>
      <Time>2026-08-18T10:21:50Z</Time>
      <Position>
       <LatitudeDegrees>5.2335240</LatitudeDegrees>
       <LongitudeDegrees>100.4346650</LongitudeDegrees>
      </Position>
      <AltitudeMeters>5.7</AltitudeMeters>
      <DistanceMeters>974.8</DistanceMeters>
      <HeartRateBpm>
       <Value>153</Value>
      </HeartRateBpm>
      <Extensions>
       <TPX xmlns="http://www.garmin.com/xmlschemas/ActivityExtension/v2">
        <Speed>3.5</Speed>
       </TPX>
      </Extensions>
     </Trackpoint>
     <Trackpoint>
      <Time>2026-08-18T10:21:51Z</Time>
      <Position>
       <LatitudeDegrees>5.2335460</LatitudeDegrees>
       <LongitudeDegrees>100.4346470</LongitudeDegrees>
      </Position>
      <AltitudeMeters>5.7</AltitudeMeters>
      <DistanceMeters>978.0</DistanceMeters>
      <HeartRateBpm>
       <Value>153</Value>
      </HeartRateBpm>
      <Extensions>
       <TPX xmlns="http://www.garmin.com/xmlschemas/ActivityExtension/v2">
        <Speed>3.5</Speed>
       </TPX>
      </Extensions>
     </Trackpoint>
     <Trackpoint>
      <Time>2026-08-18T10:21:52Z</Time>
      <Position>
       <LatitudeDegrees>5.2335710</LatitudeDegrees>
       <LongitudeDegrees>100.4346300</LongitudeDegrees>
      </Position>
      <AltitudeMeters>5.7</AltitudeMeters>
      <DistanceMeters>981.3</DistanceMeters>
      <HeartRateBpm>
       <Value>152</Value>
      </HeartRateBpm>
      <Extensions>
       <TPX xmlns="http://www.garmin.com/xmlschemas/ActivityExtension/v2">
        <Speed>3.5</Speed>
       </TPX>
      </Extensions>
     </Trackpoint>
     <Trackpoint>
      <Time>2026-08-18T10:21:53Z</Time>
      <Position>
       <LatitudeDegrees>5.2335920</LatitudeDegrees>
       <LongitudeDegrees>100.4346160</LongitudeDegrees>
      </Position>
      <AltitudeMeters>5.7</AltitudeMeters>
      <DistanceMeters>984.1</DistanceMeters>
      <HeartRateBpm>
       <Value>152</Value>
      </HeartRateBpm>
      <Extensions>
       <TPX xmlns="http://www.garmin.com/xmlschemas/ActivityExtension/v2">
        <Speed>3.3</Speed>
       </TPX>
      </Extensions>
     </Trackpoint>
     <Trackpoint>
      <Time>2026-08-18T10:21:54Z</Time>
      <Position>
       <LatitudeDegrees>5.2336200</LatitudeDegrees>
       <LongitudeDegrees>100.4346020</LongitudeDegrees>
      </Position>
      <AltitudeMeters>5.7</AltitudeMeters>
      <DistanceMeters>987.6</DistanceMeters>
      <HeartRateBpm>
       <Value>152</Value>
      </HeartRateBpm>
      <Extensions>
       <TPX xmlns="http://www.garmin.com/xmlschemas/ActivityExtension/v2">
        <Speed>3.3</Speed>
       </TPX>
      </Extensions>
     </Trackpoint>
     <Trackpoint>
      <Time>2026-08-18T10:21:55Z</Time>
      <Position>
       <LatitudeDegrees>5.2336470</LatitudeDegrees>
       <LongitudeDegrees>100.4345910</LongitudeDegrees>
      </Position>
      <AltitudeMeters>5.7</AltitudeMeters>
      <DistanceMeters>990.8</DistanceMeters>
      <HeartRateBpm>
       <Value>153</Value>
      </HeartRateBpm>
      <Extensions>
       <TPX xmlns="http://www.garmin.com/xmlschemas/ActivityExtension/v2">
        <Speed>3.2</Speed>
       </TPX>
      </Extensions>
     </Trackpoint>
     <Trackpoint>
      <Time>2026-08-18T10:21:56Z</Time>
      <Position>
       <LatitudeDegrees>5.2336700</LatitudeDegrees>
       <LongitudeDegrees>100.4345780</LongitudeDegrees>
      </Position>
      <AltitudeMeters>5.7</AltitudeMeters>
      <DistanceMeters>993.7</DistanceMeters>
      <HeartRateBpm>
       <Value>153</Value>
      </HeartRateBpm>
      <Extensions>
       <TPX xmlns="http://www.garmin.com/xmlschemas/ActivityExtension/v2">
        <Speed>3.1</Speed>
       </TPX>
      </Extensions>
     </Trackpoint>
     <Trackpoint>
      <Time>2026-08-18T10:21:57Z</Time>
      <Position>
       <LatitudeDegrees>5.2336950</LatitudeDegrees>
       <LongitudeDegrees>100.4345720</LongitudeDegrees>
      </Position>
      <AltitudeMeters>5.7</AltitudeMeters>
      <DistanceMeters>996.5</DistanceMeters>
      <HeartRateBpm>
       <Value>153</Value>
      </HeartRateBpm>
      <Extensions>
       <TPX xmlns="http://www.garmin.com/xmlschemas/ActivityExtension/v2">
        <Speed>3.0</Speed>
       </TPX>
      </Extensions>
     </Trackpoint>
     <Trackpoint>
      <Time>2026-08-18T10:21:58Z</Time>
      <Position>
       <LatitudeDegrees>5.2337230</LatitudeDegrees>
       <LongitudeDegrees>100.4345680</LongitudeDegrees>
      </Position>
      <AltitudeMeters>5.7</AltitudeMeters>
      <DistanceMeters>999.8</DistanceMeters>
      <HeartRateBpm>
       <Value>152</Value>
      </HeartRateBpm>
      <Extensions>
       <TPX xmlns="http://www.garmin.com/xmlschemas/ActivityExtension/v2">
        <Speed>3.1</Speed>
       </TPX>
      </Extensions>
     </Trackpoint>
     <Trackpoint>
      <Time>2026-08-18T10:21:59Z</Time>
      <Position>
       <LatitudeDegrees>5.2337530</LatitudeDegrees>
       <LongitudeDegrees>100.4345600</LongitudeDegrees>
      </Position>
      <AltitudeMeters>5.7</AltitudeMeters>
      <DistanceMeters>1003.2</DistanceMeters>
      <HeartRateBpm>
       <Value>152</Value>
      </HeartRateBpm>
      <Extensions>
       <TPX xmlns="http://www.garmin.com/xmlschemas/ActivityExtension/v2">
        <Speed>3.1</Speed>
       </TPX>
      </Extensions>
     </Trackpoint>
     <Trackpoint>
      <Time>2026-08-18T10:22:00Z</Time>
      <Position>
       <LatitudeDegrees>5.2337820</LatitudeDegrees>
       <LongitudeDegrees>100.4345540</LongitudeDegrees>
      </Position>
      <AltitudeMeters>5.7</AltitudeMeters>
      <DistanceMeters>1006.5</DistanceMeters>
      <HeartRateBpm>
       <Value>153</Value>
      </HeartRateBpm>
      <Extensions>
       <TPX xmlns="http://www.garmin.com/xmlschemas/ActivityExtension/v2">
        <Speed>3.1</Speed>
       </TPX>
      </Extensions>
     </Trackpoint>
     <Trackpoint>
      <Time>2026-08-18T10:22:01Z</Time>
      <Position>
       <LatitudeDegrees>5.2338080</LatitudeDegrees>
       <LongitudeDegrees>100.4345480</LongitudeDegrees>
      </Position>
      <AltitudeMeters>5.6</AltitudeMeters>
      <DistanceMeters>1009.5</DistanceMeters>
      <HeartRateBpm>
       <Value>153</Value>
      </HeartRateBpm>
      <Extensions>
       <TPX xmlns="http://www.garmin.com/xmlschemas/ActivityExtension/v2">
        <Speed>3.2</Speed>
       </TPX>
      </Extensions>
     </Trackpoint>
     <Trackpoint>
      <Time>2026-08-18T10:22:02Z</Time>
      <Position>
       <LatitudeDegrees>5.2338400</LatitudeDegrees>
       <LongitudeDegrees>100.4345460</LongitudeDegrees>
      </Position>
      <AltitudeMeters>5.6</AltitudeMeters>
      <DistanceMeters>1013.0</DistanceMeters>
      <HeartRateBpm>
       <Value>151</Value>
      </HeartRateBpm>
      <Extensions>
       <TPX xmlns="http://www.garmin.com/xmlschemas/ActivityExtension/v2">
        <Speed>3.3</Speed>
       </TPX>
      </Extensions>
     </Trackpoint>
     <Trackpoint>
      <Time>2026-08-18T10:22:03Z</Time>
      <Position>
       <LatitudeDegrees>5.2338690</LatitudeDegrees>
       <LongitudeDegrees>100.4345400</LongitudeDegrees>
      </Position>
      <AltitudeMeters>5.6</AltitudeMeters>
      <DistanceMeters>1016.3</DistanceMeters>
      <HeartRateBpm>
       <Value>151</Value>
      </HeartRateBpm>
      <Extensions>
       <TPX xmlns="http://www.garmin.com/xmlschemas/ActivityExtension/v2">
        <Speed>3.3</Speed>
       </TPX>
      </Extensions>
     </Trackpoint>
     <Trackpoint>
      <Time>2026-08-18T10:22:04Z</Time>
      <Position>
       <LatitudeDegrees>5.2338980</LatitudeDegrees>
       <LongitudeDegrees>100.4345340</LongitudeDegrees>
      </Position>
      <AltitudeMeters>5.6</AltitudeMeters>
      <DistanceMeters>1019.6</DistanceMeters>
      <HeartRateBpm>
       <Value>151</Value>
      </HeartRateBpm>
      <Extensions>
       <TPX xmlns="http://www.garmin.com/xmlschemas/ActivityExtension/v2">
        <Speed>3.3</Speed>
       </TPX>
      </Extensions>
     </Trackpoint>
     <Trackpoint>
      <Time>2026-08-18T10:22:05Z</Time>
      <Position>
       <LatitudeDegrees>5.2339230</LatitudeDegrees>
       <LongitudeDegrees>100.4345280</LongitudeDegrees>
      </Position>
      <AltitudeMeters>5.6</AltitudeMeters>
      <DistanceMeters>1022.4</DistanceMeters>
      <HeartRateBpm>
       <Value>152</Value>
      </HeartRateBpm>
      <Extensions>
       <TPX xmlns="http://www.garmin.com/xmlschemas/ActivityExtension/v2">
        <Speed>3.2</Speed>
       </TPX>
      </Extensions>
     </Trackpoint>
     <Trackpoint>
      <Time>2026-08-18T10:22:06Z</Time>
      <Position>
       <LatitudeDegrees>5.2339520</LatitudeDegrees>
       <LongitudeDegrees>100.4345150</LongitudeDegrees>
      </Position>
      <AltitudeMeters>5.6</AltitudeMeters>
      <DistanceMeters>1025.9</DistanceMeters>
      <HeartRateBpm>
       <Value>152</Value>
      </HeartRateBpm>
      <Extensions>
       <TPX xmlns="http://www.garmin.com/xmlschemas/ActivityExtension/v2">
        <Speed>3.3</Speed>
       </TPX>
      </Extensions>
     </Trackpoint>
     <Trackpoint>
      <Time>2026-08-18T10:22:07Z</Time>
      <Position>
       <LatitudeDegrees>5.2339840</LatitudeDegrees>
       <LongitudeDegrees>100.4345120</LongitudeDegrees>
      </Position>
      <AltitudeMeters>5.6</AltitudeMeters>
      <DistanceMeters>1029.5</DistanceMeters>
      <HeartRateBpm>
       <Value>151</Value>
      </HeartRateBpm>
      <Extensions>
       <TPX xmlns="http://www.garmin.com/xmlschemas/ActivityExtension/v2">
        <Speed>3.3</Speed>
       </TPX>
      </Extensions>
     </Trackpoint>
     <Trackpoint>
      <Time>2026-08-18T10:22:08Z</Time>
      <Position>
       <LatitudeDegrees>5.2340160</LatitudeDegrees>
       <LongitudeDegrees>100.4345180</LongitudeDegrees>
      </Position>
      <AltitudeMeters>5.6</AltitudeMeters>
      <DistanceMeters>1033.1</DistanceMeters>
      <HeartRateBpm>
       <Value>152</Value>
      </HeartRateBpm>
      <Extensions>
       <TPX xmlns="http://www.garmin.com/xmlschemas/ActivityExtension/v2">
        <Speed>3.4</Speed>
       </TPX>
      </Extensions>
     </Trackpoint>
     <Trackpoint>
      <Time>2026-08-18T10:22:09Z</Time>
      <Position>
       <LatitudeDegrees>5.2340450</LatitudeDegrees>
       <LongitudeDegrees>100.4345250</LongitudeDegrees>
      </Position>
      <AltitudeMeters>5.6</AltitudeMeters>
      <DistanceMeters>1036.5</DistanceMeters>
      <HeartRateBpm>
       <Value>152</Value>
      </HeartRateBpm>
      <Extensions>
       <TPX xmlns="http://www.garmin.com/xmlschemas/ActivityExtension/v2">
        <Speed>3.4</Speed>
       </TPX>
      </Extensions>
     </Trackpoint>
     <Trackpoint>
      <Time>2026-08-18T10:22:10Z</Time>
      <Position>
       <LatitudeDegrees>5.2340710</LatitudeDegrees>
       <LongitudeDegrees>100.4345220</LongitudeDegrees>
      </Position>
      <AltitudeMeters>5.6</AltitudeMeters>
      <DistanceMeters>1039.3</DistanceMeters>
      <HeartRateBpm>
       <Value>152</Value>
      </HeartRateBpm>
      <Extensions>
       <TPX xmlns="http://www.garmin.com/xmlschemas/ActivityExtension/v2">
        <Speed>3.4</Speed>
       </TPX>
      </Extensions>
     </Trackpoint>
     <Trackpoint>
      <Time>2026-08-18T10:22:11Z</Time>
      <Position>
       <LatitudeDegrees>5.2341010</LatitudeDegrees>
       <LongitudeDegrees>100.4345040</LongitudeDegrees>
      </Position>
      <AltitudeMeters>5.6</AltitudeMeters>
      <DistanceMeters>1043.1</DistanceMeters>
      <HeartRateBpm>
       <Value>151</Value>
      </HeartRateBpm>
      <Extensions>
       <TPX xmlns="http://www.garmin.com/xmlschemas/ActivityExtension/v2">
        <Speed>3.4</Speed>
       </TPX>
      </Extensions>
     </Trackpoint>
     <Trackpoint>
      <Time>2026-08-18T10:22:12Z</Time>
      <Position>
       <LatitudeDegrees>5.2341340</LatitudeDegrees>
       <LongitudeDegrees>100.4344960</LongitudeDegrees>
      </Position>
      <AltitudeMeters>5.6</AltitudeMeters>
      <DistanceMeters>1046.8</DistanceMeters>
      <HeartRateBpm>
       <Value>151</Value>
      </HeartRateBpm>
      <Extensions>
       <TPX xmlns="http://www.garmin.com/xmlschemas/ActivityExtension/v2">
        <Speed>3.5</Speed>
       </TPX>
      </Extensions>
     </Trackpoint>
     <Trackpoint>
      <Time>2026-08-18T10:22:13Z</Time>
      <Position>
       <LatitudeDegrees>5.2341660</LatitudeDegrees>
       <LongitudeDegrees>100.4344900</LongitudeDegrees>
      </Position>
      <AltitudeMeters>5.6</AltitudeMeters>
      <DistanceMeters>1050.5</DistanceMeters>
      <HeartRateBpm>
       <Value>151</Value>
      </HeartRateBpm>
      <Extensions>
       <TPX xmlns="http://www.garmin.com/xmlschemas/ActivityExtension/v2">
        <Speed>3.5</Speed>
       </TPX>
      </Extensions>
     </Trackpoint>
     <Trackpoint>
      <Time>2026-08-18T10:22:14Z</Time>
      <Position>
       <LatitudeDegrees>5.2342000</LatitudeDegrees>
       <LongitudeDegrees>100.4344840</LongitudeDegrees>
      </Position>
      <AltitudeMeters>5.6</AltitudeMeters>
      <DistanceMeters>1054.3</DistanceMeters>
      <HeartRateBpm>
       <Value>152</Value>
      </HeartRateBpm>
      <Extensions>
       <TPX xmlns="http://www.garmin.com/xmlschemas/ActivityExtension/v2">
        <Speed>3.6</Speed>
       </TPX>
      </Extensions>
     </Trackpoint>
     <Trackpoint>
      <Time>2026-08-18T10:22:15Z</Time>
      <Position>
       <LatitudeDegrees>5.2342300</LatitudeDegrees>
       <LongitudeDegrees>100.4344800</LongitudeDegrees>
      </Position>
      <AltitudeMeters>5.6</AltitudeMeters>
      <DistanceMeters>1057.7</DistanceMeters>
      <HeartRateBpm>
       <Value>152</Value>
      </HeartRateBpm>
      <Extensions>
       <TPX xmlns="http://www.garmin.com/xmlschemas/ActivityExtension/v2">
        <Speed>3.7</Speed>
       </TPX>
      </Extensions>
     </Trackpoint>
     <Trackpoint>
      <Time>2026-08-18T10:22:16Z</Time>
      <Position>
       <LatitudeDegrees>5.2342710</LatitudeDegrees>
       <LongitudeDegrees>100.4344750</LongitudeDegrees>
      </Position>
      <AltitudeMeters>5.6</AltitudeMeters>
      <DistanceMeters>1062.3</DistanceMeters>
      <HeartRateBpm>
       <Value>151</Value>
      </HeartRateBpm>
      <Extensions>
       <TPX xmlns="http://www.garmin.com/xmlschemas/ActivityExtension/v2">
        <Speed>3.8</Speed>
       </TPX>
      </Extensions>
     </Trackpoint>
     <Trackpoint>
      <Time>2026-08-18T10:22:17Z</Time>
      <Position>
       <LatitudeDegrees>5.2342980</LatitudeDegrees>
       <LongitudeDegrees>100.4344680</LongitudeDegrees>
      </Position>
      <AltitudeMeters>5.7</AltitudeMeters>
      <DistanceMeters>1065.3</DistanceMeters>
      <HeartRateBpm>
       <Value>152</Value>
      </HeartRateBpm>
      <Extensions>
       <TPX xmlns="http://www.garmin.com/xmlschemas/ActivityExtension/v2">
        <Speed>3.7</Speed>
       </TPX>
      </Extensions>
     </Trackpoint>
     <Trackpoint>
      <Time>2026-08-18T10:22:18Z</Time>
      <Position>
       <LatitudeDegrees>5.2343270</LatitudeDegrees>
       <LongitudeDegrees>100.4344560</LongitudeDegrees>
      </Position>
      <AltitudeMeters>5.7</AltitudeMeters>
      <DistanceMeters>1068.8</DistanceMeters>
      <HeartRateBpm>
       <Value>152</Value>
      </HeartRateBpm>
      <Extensions>
       <TPX xmlns="http://www.garmin.com/xmlschemas/ActivityExtension/v2">
        <Speed>3.7</Speed>
       </TPX>
      </Extensions>
     </Trackpoint>
     <Trackpoint>
      <Time>2026-08-18T10:22:19Z</Time>
      <Position>
       <LatitudeDegrees>5.2343550</LatitudeDegrees>
       <LongitudeDegrees>100.4344460</LongitudeDegrees>
      </Position>
      <AltitudeMeters>5.7</AltitudeMeters>
      <DistanceMeters>1072.2</DistanceMeters>
      <HeartRateBpm>
       <Value>152</Value>
      </HeartRateBpm>
      <Extensions>
       <TPX xmlns="http://www.garmin.com/xmlschemas/ActivityExtension/v2">
        <Speed>3.6</Speed>
       </TPX>
      </Extensions>
     </Trackpoint>
     <Trackpoint>
      <Time>2026-08-18T10:22:20Z</Time>
      <Position>
       <LatitudeDegrees>5.2343830</LatitudeDegrees>
       <LongitudeDegrees>100.4344400</LongitudeDegrees>
      </Position>
      <AltitudeMeters>5.7</AltitudeMeters>
      <DistanceMeters>1075.3</DistanceMeters>
      <HeartRateBpm>
       <Value>152</Value>
      </HeartRateBpm>
      <Extensions>
       <TPX xmlns="http://www.garmin.com/xmlschemas/ActivityExtension/v2">
        <Speed>3.5</Speed>
       </TPX>
      </Extensions>
     </Trackpoint>
     <Trackpoint>
      <Time>2026-08-18T10:22:21Z</Time>
      <Position>
       <LatitudeDegrees>5.2344110</LatitudeDegrees>
       <LongitudeDegrees>100.4344310</LongitudeDegrees>
      </Position>
      <AltitudeMeters>5.7</AltitudeMeters>
      <DistanceMeters>1078.6</DistanceMeters>
      <HeartRateBpm>
       <Value>152</Value>
      </HeartRateBpm>
      <Extensions>
       <TPX xmlns="http://www.garmin.com/xmlschemas/ActivityExtension/v2">
        <Speed>3.3</Speed>
       </TPX>
      </Extensions>
     </Trackpoint>
     <Trackpoint>
      <Time>2026-08-18T10:22:22Z</Time>
      <Position>
       <LatitudeDegrees>5.2344390</LatitudeDegrees>
       <LongitudeDegrees>100.4344250</LongitudeDegrees>
      </Position>
      <AltitudeMeters>5.7</AltitudeMeters>
      <DistanceMeters>1081.8</DistanceMeters>
      <HeartRateBpm>
       <Value>151</Value>
      </HeartRateBpm>
      <Extensions>
       <TPX xmlns="http://www.garmin.com/xmlschemas/ActivityExtension/v2">
        <Speed>3.3</Speed>
       </TPX>
      </Extensions>
     </Trackpoint>
     <Trackpoint>
      <Time>2026-08-18T10:22:23Z</Time>
      <Position>
       <LatitudeDegrees>5.2344680</LatitudeDegrees>
       <LongitudeDegrees>100.4344180</LongitudeDegrees>
      </Position>
      <AltitudeMeters>5.6</AltitudeMeters>
      <DistanceMeters>1085.2</DistanceMeters>
      <HeartRateBpm>
       <Value>151</Value>
      </HeartRateBpm>
      <Extensions>
       <TPX xmlns="http://www.garmin.com/xmlschemas/ActivityExtension/v2">
        <Speed>3.3</Speed>
       </TPX>
      </Extensions>
     </Trackpoint>
     <Trackpoint>
      <Time>2026-08-18T10:22:24Z</Time>
      <Position>
       <LatitudeDegrees>5.2344960</LatitudeDegrees>
       <LongitudeDegrees>100.4344110</LongitudeDegrees>
      </Position>
      <AltitudeMeters>5.6</AltitudeMeters>
      <DistanceMeters>1088.3</DistanceMeters>
      <HeartRateBpm>
       <Value>151</Value>
      </HeartRateBpm>
      <Extensions>
       <TPX xmlns="http://www.garmin.com/xmlschemas/ActivityExtension/v2">
        <Speed>3.2</Speed>
       </TPX>
      </Extensions>
     </Trackpoint>
     <Trackpoint>
      <Time>2026-08-18T10:22:25Z</Time>
      <Position>
       <LatitudeDegrees>5.2345290</LatitudeDegrees>
       <LongitudeDegrees>100.4343980</LongitudeDegrees>
      </Position>
      <AltitudeMeters>5.6</AltitudeMeters>
      <DistanceMeters>1092.2</DistanceMeters>
      <HeartRateBpm>
       <Value>152</Value>
      </HeartRateBpm>
      <Extensions>
       <TPX xmlns="http://www.garmin.com/xmlschemas/ActivityExtension/v2">
        <Speed>3.4</Speed>
       </TPX>
      </Extensions>
     </Trackpoint>
     <Trackpoint>
      <Time>2026-08-18T10:22:26Z</Time>
      <Position>
       <LatitudeDegrees>5.2345600</LatitudeDegrees>
       <LongitudeDegrees>100.4343870</LongitudeDegrees>
      </Position>
      <AltitudeMeters>5.6</AltitudeMeters>
      <DistanceMeters>1095.9</DistanceMeters>
      <HeartRateBpm>
       <Value>152</Value>
      </HeartRateBpm>
      <Extensions>
       <TPX xmlns="http://www.garmin.com/xmlschemas/ActivityExtension/v2">
        <Speed>3.5</Speed>
       </TPX>
      </Extensions>
     </Trackpoint>
     <Trackpoint>
      <Time>2026-08-18T10:22:27Z</Time>
      <Position>
       <LatitudeDegrees>5.2345890</LatitudeDegrees>
       <LongitudeDegrees>100.4343760</LongitudeDegrees>
      </Position>
      <AltitudeMeters>5.6</AltitudeMeters>
      <DistanceMeters>1099.3</DistanceMeters>
      <HeartRateBpm>
       <Value>152</Value>
      </HeartRateBpm>
      <Extensions>
       <TPX xmlns="http://www.garmin.com/xmlschemas/ActivityExtension/v2">
        <Speed>3.5</Speed>
       </TPX>
      </Extensions>
     </Trackpoint>
     <Trackpoint>
      <Time>2026-08-18T10:22:28Z</Time>
      <Position>
       <LatitudeDegrees>5.2346140</LatitudeDegrees>
       <LongitudeDegrees>100.4343670</LongitudeDegrees>
      </Position>
      <AltitudeMeters>5.6</AltitudeMeters>
      <DistanceMeters>1102.4</DistanceMeters>
      <HeartRateBpm>
       <Value>152</Value>
      </HeartRateBpm>
      <Extensions>
       <TPX xmlns="http://www.garmin.com/xmlschemas/ActivityExtension/v2">
        <Speed>3.4</Speed>
       </TPX>
      </Extensions>
     </Trackpoint>
     <Trackpoint>
      <Time>2026-08-18T10:22:29Z</Time>
      <Position>
       <LatitudeDegrees>5.2346480</LatitudeDegrees>
       <LongitudeDegrees>100.4343610</LongitudeDegrees>
      </Position>
      <AltitudeMeters>5.6</AltitudeMeters>
      <DistanceMeters>1106.1</DistanceMeters>
      <HeartRateBpm>
       <Value>152</Value>
      </HeartRateBpm>
      <Extensions>
       <TPX xmlns="http://www.garmin.com/xmlschemas/ActivityExtension/v2">
        <Speed>3.6</Speed>
       </TPX>
      </Extensions>
     </Trackpoint>
     <Trackpoint>
      <Time>2026-08-18T10:22:30Z</Time>
      <Position>
       <LatitudeDegrees>5.2346780</LatitudeDegrees>
       <LongitudeDegrees>100.4343570</LongitudeDegrees>
      </Position>
      <AltitudeMeters>5.6</AltitudeMeters>
      <DistanceMeters>1109.5</DistanceMeters>
      <HeartRateBpm>
       <Value>152</Value>
      </HeartRateBpm>
      <Extensions>
       <TPX xmlns="http://www.garmin.com/xmlschemas/ActivityExtension/v2">
        <Speed>3.5</Speed>
       </TPX>
      </Extensions>
     </Trackpoint>
     <Trackpoint>
      <Time>2026-08-18T10:22:31Z</Time>
      <Position>
       <LatitudeDegrees>5.2347100</LatitudeDegrees>
       <LongitudeDegrees>100.4343540</LongitudeDegrees>
      </Position>
      <AltitudeMeters>5.6</AltitudeMeters>
      <DistanceMeters>1113.1</DistanceMeters>
      <HeartRateBpm>
       <Value>152</Value>
      </HeartRateBpm>
      <Extensions>
       <TPX xmlns="http://www.garmin.com/xmlschemas/ActivityExtension/v2">
        <Speed>3.4</Speed>
       </TPX>
      </Extensions>
     </Trackpoint>
     <Trackpoint>
      <Time>2026-08-18T10:22:32Z</Time>
      <Position>
       <LatitudeDegrees>5.2347390</LatitudeDegrees>
       <LongitudeDegrees>100.4343490</LongitudeDegrees>
      </Position>
      <AltitudeMeters>5.6</AltitudeMeters>
      <DistanceMeters>1116.3</DistanceMeters>
      <HeartRateBpm>
       <Value>152</Value>
      </HeartRateBpm>
      <Extensions>
       <TPX xmlns="http://www.garmin.com/xmlschemas/ActivityExtension/v2">
        <Speed>3.4</Speed>
       </TPX>
      </Extensions>
     </Trackpoint>
     <Trackpoint>
      <Time>2026-08-18T10:22:33Z</Time>
      <Position>
       <LatitudeDegrees>5.2347720</LatitudeDegrees>
       <LongitudeDegrees>100.4343480</LongitudeDegrees>
      </Position>
      <AltitudeMeters>5.6</AltitudeMeters>
      <DistanceMeters>1120.1</DistanceMeters>
      <HeartRateBpm>
       <Value>152</Value>
      </HeartRateBpm>
      <Extensions>
       <TPX xmlns="http://www.garmin.com/xmlschemas/ActivityExtension/v2">
        <Speed>3.5</Speed>
       </TPX>
      </Extensions>
     </Trackpoint>
     <Trackpoint>
      <Time>2026-08-18T10:22:34Z</Time>
      <Position>
       <LatitudeDegrees>5.2348060</LatitudeDegrees>
       <LongitudeDegrees>100.4343490</LongitudeDegrees>
      </Position>
      <AltitudeMeters>5.6</AltitudeMeters>
      <DistanceMeters>1123.8</DistanceMeters>
      <HeartRateBpm>
       <Value>152</Value>
      </HeartRateBpm>
      <Extensions>
       <TPX xmlns="http://www.garmin.com/xmlschemas/ActivityExtension/v2">
        <Speed>3.5</Speed>
       </TPX>
      </Extensions>
     </Trackpoint>
     <Trackpoint>
      <Time>2026-08-18T10:22:35Z</Time>
      <Position>
       <LatitudeDegrees>5.2348380</LatitudeDegrees>
       <LongitudeDegrees>100.4343500</LongitudeDegrees>
      </Position>
      <AltitudeMeters>5.6</AltitudeMeters>
      <DistanceMeters>1127.4</DistanceMeters>
      <HeartRateBpm>
       <Value>152</Value>
      </HeartRateBpm>
      <Extensions>
       <TPX xmlns="http://www.garmin.com/xmlschemas/ActivityExtension/v2">
        <Speed>3.6</Speed>
       </TPX>
      </Extensions>
     </Trackpoint>
     <Trackpoint>
      <Time>2026-08-18T10:22:36Z</Time>
      <Position>
       <LatitudeDegrees>5.2348750</LatitudeDegrees>
       <LongitudeDegrees>100.4343460</LongitudeDegrees>
      </Position>
      <AltitudeMeters>5.6</AltitudeMeters>
      <DistanceMeters>1131.5</DistanceMeters>
      <HeartRateBpm>
       <Value>152</Value>
      </HeartRateBpm>
      <Extensions>
       <TPX xmlns="http://www.garmin.com/xmlschemas/ActivityExtension/v2">
        <Speed>3.7</Speed>
       </TPX>
      </Extensions>
     </Trackpoint>
     <Trackpoint>
      <Time>2026-08-18T10:22:37Z</Time>
      <Position>
       <LatitudeDegrees>5.2348970</LatitudeDegrees>
       <LongitudeDegrees>100.4343410</LongitudeDegrees>
      </Position>
      <AltitudeMeters>5.6</AltitudeMeters>
      <DistanceMeters>1134.0</DistanceMeters>
      <HeartRateBpm>
       <Value>152</Value>
      </HeartRateBpm>
      <Extensions>
       <TPX xmlns="http://www.garmin.com/xmlschemas/ActivityExtension/v2">
        <Speed>3.5</Speed>
       </TPX>
      </Extensions>
     </Trackpoint>
     <Trackpoint>
      <Time>2026-08-18T10:22:38Z</Time>
      <Position>
       <LatitudeDegrees>5.2349190</LatitudeDegrees>
       <LongitudeDegrees>100.4343310</LongitudeDegrees>
      </Position>
      <AltitudeMeters>5.6</AltitudeMeters>
      <DistanceMeters>1136.7</DistanceMeters>
      <HeartRateBpm>
       <Value>152</Value>
      </HeartRateBpm>
      <Extensions>
       <TPX xmlns="http://www.garmin.com/xmlschemas/ActivityExtension/v2">
        <Speed>3.3</Speed>
       </TPX>
      </Extensions>
     </Trackpoint>
     <Trackpoint>
      <Time>2026-08-18T10:22:39Z</Time>
      <Position>
       <LatitudeDegrees>5.2349450</LatitudeDegrees>
       <LongitudeDegrees>100.4343240</LongitudeDegrees>
      </Position>
      <AltitudeMeters>5.6</AltitudeMeters>
      <DistanceMeters>1139.7</DistanceMeters>
      <HeartRateBpm>
       <Value>152</Value>
      </HeartRateBpm>
      <Extensions>
       <TPX xmlns="http://www.garmin.com/xmlschemas/ActivityExtension/v2">
        <Speed>3.2</Speed>
       </TPX>
      </Extensions>
     </Trackpoint>
     <Trackpoint>
      <Time>2026-08-18T10:22:40Z</Time>
      <Position>
       <LatitudeDegrees>5.2349710</LatitudeDegrees>
       <LongitudeDegrees>100.4343140</LongitudeDegrees>
      </Position>
      <AltitudeMeters>5.6</AltitudeMeters>
      <DistanceMeters>1142.8</DistanceMeters>
      <HeartRateBpm>
       <Value>153</Value>
      </HeartRateBpm>
      <Extensions>
       <TPX xmlns="http://www.garmin.com/xmlschemas/ActivityExtension/v2">
        <Speed>3.1</Speed>
       </TPX>
      </Extensions>
     </Trackpoint>
     <Trackpoint>
      <Time>2026-08-18T10:22:41Z</Time>
      <Position>
       <LatitudeDegrees>5.2349940</LatitudeDegrees>
       <LongitudeDegrees>100.4343030</LongitudeDegrees>
      </Position>
      <AltitudeMeters>5.6</AltitudeMeters>
      <DistanceMeters>1145.6</DistanceMeters>
      <HeartRateBpm>
       <Value>153</Value>
      </HeartRateBpm>
      <Extensions>
       <TPX xmlns="http://www.garmin.com/xmlschemas/ActivityExtension/v2">
        <Speed>2.8</Speed>
       </TPX>
      </Extensions>
     </Trackpoint>
     <Trackpoint>
      <Time>2026-08-18T10:22:42Z</Time>
      <Position>
       <LatitudeDegrees>5.2350210</LatitudeDegrees>
       <LongitudeDegrees>100.4342890</LongitudeDegrees>
      </Position>
      <AltitudeMeters>5.6</AltitudeMeters>
      <DistanceMeters>1149.0</DistanceMeters>
      <HeartRateBpm>
       <Value>152</Value>
      </HeartRateBpm>
      <Extensions>
       <TPX xmlns="http://www.garmin.com/xmlschemas/ActivityExtension/v2">
        <Speed>3.0</Speed>
       </TPX>
      </Extensions>
     </Trackpoint>
     <Trackpoint>
      <Time>2026-08-18T10:22:43Z</Time>
      <Position>
       <LatitudeDegrees>5.2350470</LatitudeDegrees>
       <LongitudeDegrees>100.4342740</LongitudeDegrees>
      </Position>
      <AltitudeMeters>5.6</AltitudeMeters>
      <DistanceMeters>1152.3</DistanceMeters>
      <HeartRateBpm>
       <Value>152</Value>
      </HeartRateBpm>
      <Extensions>
       <TPX xmlns="http://www.garmin.com/xmlschemas/ActivityExtension/v2">
        <Speed>3.1</Speed>
       </TPX>
      </Extensions>
     </Trackpoint>
     <Trackpoint>
      <Time>2026-08-18T10:22:44Z</Time>
      <Position>
       <LatitudeDegrees>5.2350720</LatitudeDegrees>
       <LongitudeDegrees>100.4342640</LongitudeDegrees>
      </Position>
      <AltitudeMeters>5.6</AltitudeMeters>
      <DistanceMeters>1155.3</DistanceMeters>
      <HeartRateBpm>
       <Value>152</Value>
      </HeartRateBpm>
      <Extensions>
       <TPX xmlns="http://www.garmin.com/xmlschemas/ActivityExtension/v2">
        <Speed>3.1</Speed>
       </TPX>
      </Extensions>
     </Trackpoint>
     <Trackpoint>
      <Time>2026-08-18T10:22:45Z</Time>
      <Position>
       <LatitudeDegrees>5.2350960</LatitudeDegrees>
       <LongitudeDegrees>100.4342540</LongitudeDegrees>
      </Position>
      <AltitudeMeters>5.6</AltitudeMeters>
      <DistanceMeters>1158.2</DistanceMeters>
      <HeartRateBpm>
       <Value>153</Value>
      </HeartRateBpm>
      <Extensions>
       <TPX xmlns="http://www.garmin.com/xmlschemas/ActivityExtension/v2">
        <Speed>3.1</Speed>
       </TPX>
      </Extensions>
     </Trackpoint>
     <Trackpoint>
      <Time>2026-08-18T10:22:46Z</Time>
      <Position>
       <LatitudeDegrees>5.2351190</LatitudeDegrees>
       <LongitudeDegrees>100.4342430</LongitudeDegrees>
      </Position>
      <AltitudeMeters>5.6</AltitudeMeters>
      <DistanceMeters>1161.1</DistanceMeters>
      <HeartRateBpm>
       <Value>153</Value>
      </HeartRateBpm>
      <Extensions>
       <TPX xmlns="http://www.garmin.com/xmlschemas/ActivityExtension/v2">
        <Speed>3.1</Speed>
       </TPX>
      </Extensions>
     </Trackpoint>
     <Trackpoint>
      <Time>2026-08-18T10:22:47Z</Time>
      <Position>
       <LatitudeDegrees>5.2351500</LatitudeDegrees>
       <LongitudeDegrees>100.4342310</LongitudeDegrees>
      </Position>
      <AltitudeMeters>5.6</AltitudeMeters>
      <DistanceMeters>1164.7</DistanceMeters>
      <HeartRateBpm>
       <Value>152</Value>
      </HeartRateBpm>
      <Extensions>
       <TPX xmlns="http://www.garmin.com/xmlschemas/ActivityExtension/v2">
        <Speed>3.1</Speed>
       </TPX>
      </Extensions>
     </Trackpoint>
     <Trackpoint>
      <Time>2026-08-18T10:22:48Z</Time>
      <Position>
       <LatitudeDegrees>5.2351800</LatitudeDegrees>
       <LongitudeDegrees>100.4342210</LongitudeDegrees>
      </Position>
      <AltitudeMeters>5.6</AltitudeMeters>
      <DistanceMeters>1168.2</DistanceMeters>
      <HeartRateBpm>
       <Value>153</Value>
      </HeartRateBpm>
      <Extensions>
       <TPX xmlns="http://www.garmin.com/xmlschemas/ActivityExtension/v2">
        <Speed>3.2</Speed>
       </TPX>
      </Extensions>
     </Trackpoint>
     <Trackpoint>
      <Time>2026-08-18T10:22:49Z</Time>
      <Position>
       <LatitudeDegrees>5.2352090</LatitudeDegrees>
       <LongitudeDegrees>100.4342110</LongitudeDegrees>
      </Position>
      <AltitudeMeters>5.6</AltitudeMeters>
      <DistanceMeters>1171.7</DistanceMeters>
      <HeartRateBpm>
       <Value>153</Value>
      </HeartRateBpm>
      <Extensions>
       <TPX xmlns="http://www.garmin.com/xmlschemas/ActivityExtension/v2">
        <Speed>3.3</Speed>
       </TPX>
      </Extensions>
     </Trackpoint>
     <Trackpoint>
      <Time>2026-08-18T10:22:50Z</Time>
      <Position>
       <LatitudeDegrees>5.2352370</LatitudeDegrees>
       <LongitudeDegrees>100.4342020</LongitudeDegrees>
      </Position>
      <AltitudeMeters>5.6</AltitudeMeters>
      <DistanceMeters>1174.9</DistanceMeters>
      <HeartRateBpm>
       <Value>153</Value>
      </HeartRateBpm>
      <Extensions>
       <TPX xmlns="http://www.garmin.com/xmlschemas/ActivityExtension/v2">
        <Speed>3.3</Speed>
       </TPX>
      </Extensions>
     </Trackpoint>
     <Trackpoint>
      <Time>2026-08-18T10:22:51Z</Time>
      <Position>
       <LatitudeDegrees>5.2352630</LatitudeDegrees>
       <LongitudeDegrees>100.4341930</LongitudeDegrees>
      </Position>
      <AltitudeMeters>5.6</AltitudeMeters>
      <DistanceMeters>1178.0</DistanceMeters>
      <HeartRateBpm>
       <Value>152</Value>
      </HeartRateBpm>
      <Extensions>
       <TPX xmlns="http://www.garmin.com/xmlschemas/ActivityExtension/v2">
        <Speed>3.4</Speed>
       </TPX>
      </Extensions>
     </Trackpoint>
     <Trackpoint>
      <Time>2026-08-18T10:22:52Z</Time>
      <Position>
       <LatitudeDegrees>5.2352940</LatitudeDegrees>
       <LongitudeDegrees>100.4341860</LongitudeDegrees>
      </Position>
      <AltitudeMeters>5.6</AltitudeMeters>
      <DistanceMeters>1181.6</DistanceMeters>
      <HeartRateBpm>
       <Value>152</Value>
      </HeartRateBpm>
      <Extensions>
       <TPX xmlns="http://www.garmin.com/xmlschemas/ActivityExtension/v2">
        <Speed>3.4</Speed>
       </TPX>
      </Extensions>
     </Trackpoint>
     <Trackpoint>
      <Time>2026-08-18T10:22:53Z</Time>
      <Position>
       <LatitudeDegrees>5.2353220</LatitudeDegrees>
       <LongitudeDegrees>100.4341770</LongitudeDegrees>
      </Position>
      <AltitudeMeters>5.6</AltitudeMeters>
      <DistanceMeters>1184.8</DistanceMeters>
      <HeartRateBpm>
       <Value>152</Value>
      </HeartRateBpm>
      <Extensions>
       <TPX xmlns="http://www.garmin.com/xmlschemas/ActivityExtension/v2">
        <Speed>3.3</Speed>
       </TPX>
      </Extensions>
     </Trackpoint>
     <Trackpoint>
      <Time>2026-08-18T10:22:54Z</Time>
      <Position>
       <LatitudeDegrees>5.2353570</LatitudeDegrees>
       <LongitudeDegrees>100.4341650</LongitudeDegrees>
      </Position>
      <AltitudeMeters>5.6</AltitudeMeters>
      <DistanceMeters>1188.9</DistanceMeters>
      <HeartRateBpm>
       <Value>153</Value>
      </HeartRateBpm>
      <Extensions>
       <TPX xmlns="http://www.garmin.com/xmlschemas/ActivityExtension/v2">
        <Speed>3.4</Speed>
       </TPX>
      </Extensions>
     </Trackpoint>
     <Trackpoint>
      <Time>2026-08-18T10:22:55Z</Time>
      <Position>
       <LatitudeDegrees>5.2353800</LatitudeDegrees>
       <LongitudeDegrees>100.4341580</LongitudeDegrees>
      </Position>
      <AltitudeMeters>5.6</AltitudeMeters>
      <DistanceMeters>1191.6</DistanceMeters>
      <HeartRateBpm>
       <Value>153</Value>
      </HeartRateBpm>
      <Extensions>
       <TPX xmlns="http://www.garmin.com/xmlschemas/ActivityExtension/v2">
        <Speed>3.3</Speed>
       </TPX>
      </Extensions>
     </Trackpoint>
     <Trackpoint>
      <Time>2026-08-18T10:22:56Z</Time>
      <Position>
       <LatitudeDegrees>5.2354050</LatitudeDegrees>
       <LongitudeDegrees>100.4341530</LongitudeDegrees>
      </Position>
      <AltitudeMeters>5.6</AltitudeMeters>
      <DistanceMeters>1194.5</DistanceMeters>
      <HeartRateBpm>
       <Value>153</Value>
      </HeartRateBpm>
      <Extensions>
       <TPX xmlns="http://www.garmin.com/xmlschemas/ActivityExtension/v2">
        <Speed>3.3</Speed>
       </TPX>
      </Extensions>
     </Trackpoint>
     <Trackpoint>
      <Time>2026-08-18T10:22:57Z</Time>
      <Position>
       <LatitudeDegrees>5.2354360</LatitudeDegrees>
       <LongitudeDegrees>100.4341480</LongitudeDegrees>
      </Position>
      <AltitudeMeters>5.6</AltitudeMeters>
      <DistanceMeters>1197.9</DistanceMeters>
      <HeartRateBpm>
       <Value>153</Value>
      </HeartRateBpm>
      <Extensions>
       <TPX xmlns="http://www.garmin.com/xmlschemas/ActivityExtension/v2">
        <Speed>3.3</Speed>
       </TPX>
      </Extensions>
     </Trackpoint>
     <Trackpoint>
      <Time>2026-08-18T10:22:58Z</Time>
      <Position>
       <LatitudeDegrees>5.2354640</LatitudeDegrees>
       <LongitudeDegrees>100.4341440</LongitudeDegrees>
      </Position>
      <AltitudeMeters>5.6</AltitudeMeters>
      <DistanceMeters>1201.1</DistanceMeters>
      <HeartRateBpm>
       <Value>153</Value>
      </HeartRateBpm>
      <Extensions>
       <TPX xmlns="http://www.garmin.com/xmlschemas/ActivityExtension/v2">
        <Speed>3.3</Speed>
       </TPX>
      </Extensions>
     </Trackpoint>
     <Trackpoint>
      <Time>2026-08-18T10:22:59Z</Time>
      <Position>
       <LatitudeDegrees>5.2354900</LatitudeDegrees>
       <LongitudeDegrees>100.4341420</LongitudeDegrees>
      </Position>
      <AltitudeMeters>5.6</AltitudeMeters>
      <DistanceMeters>1204.0</DistanceMeters>
      <HeartRateBpm>
       <Value>154</Value>
      </HeartRateBpm>
      <Extensions>
       <TPX xmlns="http://www.garmin.com/xmlschemas/ActivityExtension/v2">
        <Speed>3.0</Speed>
       </TPX>
      </Extensions>
     </Trackpoint>
     <Trackpoint>
      <Time>2026-08-18T10:23:00Z</Time>
      <Position>
       <LatitudeDegrees>5.2355140</LatitudeDegrees>
       <LongitudeDegrees>100.4341450</LongitudeDegrees>
      </Position>
      <AltitudeMeters>5.6</AltitudeMeters>
      <DistanceMeters>1206.6</DistanceMeters>
      <HeartRateBpm>
       <Value>154</Value>
      </HeartRateBpm>
      <Extensions>
       <TPX xmlns="http://www.garmin.com/xmlschemas/ActivityExtension/v2">
        <Speed>3.0</Speed>
       </TPX>
      </Extensions>
     </Trackpoint>
     <Trackpoint>
      <Time>2026-08-18T10:23:01Z</Time>
      <Position>
       <LatitudeDegrees>5.2355440</LatitudeDegrees>
       <LongitudeDegrees>100.4341380</LongitudeDegrees>
      </Position>
      <AltitudeMeters>5.6</AltitudeMeters>
      <DistanceMeters>1210.1</DistanceMeters>
      <HeartRateBpm>
       <Value>153</Value>
      </HeartRateBpm>
      <Extensions>
       <TPX xmlns="http://www.garmin.com/xmlschemas/ActivityExtension/v2">
        <Speed>3.1</Speed>
       </TPX>
      </Extensions>
     </Trackpoint>
     <Trackpoint>
      <Time>2026-08-18T10:23:02Z</Time>
      <Position>
       <LatitudeDegrees>5.2355740</LatitudeDegrees>
       <LongitudeDegrees>100.4341280</LongitudeDegrees>
      </Position>
      <AltitudeMeters>5.6</AltitudeMeters>
      <DistanceMeters>1213.5</DistanceMeters>
      <HeartRateBpm>
       <Value>153</Value>
      </HeartRateBpm>
      <Extensions>
       <TPX xmlns="http://www.garmin.com/xmlschemas/ActivityExtension/v2">
        <Speed>3.1</Speed>
       </TPX>
      </Extensions>
     </Trackpoint>
     <Trackpoint>
      <Time>2026-08-18T10:23:03Z</Time>
      <Position>
       <LatitudeDegrees>5.2356020</LatitudeDegrees>
       <LongitudeDegrees>100.4341300</LongitudeDegrees>
      </Position>
      <AltitudeMeters>5.6</AltitudeMeters>
      <DistanceMeters>1216.6</DistanceMeters>
      <HeartRateBpm>
       <Value>153</Value>
      </HeartRateBpm>
      <Extensions>
       <TPX xmlns="http://www.garmin.com/xmlschemas/ActivityExtension/v2">
        <Speed>3.1</Speed>
       </TPX>
      </Extensions>
     </Trackpoint>
     <Trackpoint>
      <Time>2026-08-18T10:23:04Z</Time>
      <Position>
       <LatitudeDegrees>5.2356270</LatitudeDegrees>
       <LongitudeDegrees>100.4341270</LongitudeDegrees>
      </Position>
      <AltitudeMeters>5.6</AltitudeMeters>
      <DistanceMeters>1219.4</DistanceMeters>
      <HeartRateBpm>
       <Value>154</Value>
      </HeartRateBpm>
      <Extensions>
       <TPX xmlns="http://www.garmin.com/xmlschemas/ActivityExtension/v2">
        <Speed>3.1</Speed>
       </TPX>
      </Extensions>
     </Trackpoint>
     <Trackpoint>
      <Time>2026-08-18T10:23:05Z</Time>
      <Position>
       <LatitudeDegrees>5.2356510</LatitudeDegrees>
       <LongitudeDegrees>100.4341220</LongitudeDegrees>
      </Position>
      <AltitudeMeters>5.6</AltitudeMeters>
      <DistanceMeters>1222.2</DistanceMeters>
      <HeartRateBpm>
       <Value>153</Value>
      </HeartRateBpm>
      <Extensions>
       <TPX xmlns="http://www.garmin.com/xmlschemas/ActivityExtension/v2">
        <Speed>3.1</Speed>
       </TPX>
      </Extensions>
     </Trackpoint>
     <Trackpoint>
      <Time>2026-08-18T10:23:06Z</Time>
      <Position>
       <LatitudeDegrees>5.2357010</LatitudeDegrees>
       <LongitudeDegrees>100.4341040</LongitudeDegrees>
      </Position>
      <AltitudeMeters>5.6</AltitudeMeters>
      <DistanceMeters>1228.1</DistanceMeters>
      <HeartRateBpm>
       <Value>153</Value>
      </HeartRateBpm>
      <Extensions>
       <TPX xmlns="http://www.garmin.com/xmlschemas/ActivityExtension/v2">
        <Speed>3.6</Speed>
       </TPX>
      </Extensions>
     </Trackpoint>
     <Trackpoint>
      <Time>2026-08-18T10:23:07Z</Time>
      <Position>
       <LatitudeDegrees>5.2357210</LatitudeDegrees>
       <LongitudeDegrees>100.4340980</LongitudeDegrees>
      </Position>
      <AltitudeMeters>5.6</AltitudeMeters>
      <DistanceMeters>1230.4</DistanceMeters>
      <HeartRateBpm>
       <Value>153</Value>
      </HeartRateBpm>
      <Extensions>
       <TPX xmlns="http://www.garmin.com/xmlschemas/ActivityExtension/v2">
        <Speed>3.4</Speed>
       </TPX>
      </Extensions>
     </Trackpoint>
     <Trackpoint>
      <Time>2026-08-18T10:23:08Z</Time>
      <Position>
       <LatitudeDegrees>5.2357490</LatitudeDegrees>
       <LongitudeDegrees>100.4340900</LongitudeDegrees>
      </Position>
      <AltitudeMeters>5.6</AltitudeMeters>
      <DistanceMeters>1233.7</DistanceMeters>
      <HeartRateBpm>
       <Value>155</Value>
      </HeartRateBpm>
      <Extensions>
       <TPX xmlns="http://www.garmin.com/xmlschemas/ActivityExtension/v2">
        <Speed>3.4</Speed>
       </TPX>
      </Extensions>
     </Trackpoint>
     <Trackpoint>
      <Time>2026-08-18T10:23:09Z</Time>
      <Position>
       <LatitudeDegrees>5.2357770</LatitudeDegrees>
       <LongitudeDegrees>100.4340800</LongitudeDegrees>
      </Position>
      <AltitudeMeters>5.6</AltitudeMeters>
      <DistanceMeters>1236.9</DistanceMeters>
      <HeartRateBpm>
       <Value>154</Value>
      </HeartRateBpm>
      <Extensions>
       <TPX xmlns="http://www.garmin.com/xmlschemas/ActivityExtension/v2">
        <Speed>3.5</Speed>
       </TPX>
      </Extensions>
     </Trackpoint>
     <Trackpoint>
      <Time>2026-08-18T10:23:10Z</Time>
      <Position>
       <LatitudeDegrees>5.2358060</LatitudeDegrees>
       <LongitudeDegrees>100.4340730</LongitudeDegrees>
      </Position>
      <AltitudeMeters>5.6</AltitudeMeters>
      <DistanceMeters>1240.2</DistanceMeters>
      <HeartRateBpm>
       <Value>155</Value>
      </HeartRateBpm>
      <Extensions>
       <TPX xmlns="http://www.garmin.com/xmlschemas/ActivityExtension/v2">
        <Speed>3.6</Speed>
       </TPX>
      </Extensions>
     </Trackpoint>
     <Trackpoint>
      <Time>2026-08-18T10:23:11Z</Time>
      <Position>
       <LatitudeDegrees>5.2358380</LatitudeDegrees>
       <LongitudeDegrees>100.4340660</LongitudeDegrees>
      </Position>
      <AltitudeMeters>5.6</AltitudeMeters>
      <DistanceMeters>1244.0</DistanceMeters>
      <HeartRateBpm>
       <Value>154</Value>
      </HeartRateBpm>
      <Extensions>
       <TPX xmlns="http://www.garmin.com/xmlschemas/ActivityExtension/v2">
        <Speed>3.2</Speed>
       </TPX>
      </Extensions>
     </Trackpoint>
     <Trackpoint>
      <Time>2026-08-18T10:23:12Z</Time>
      <Position>
       <LatitudeDegrees>5.2358700</LatitudeDegrees>
       <LongitudeDegrees>100.4340600</LongitudeDegrees>
      </Position>
      <AltitudeMeters>5.6</AltitudeMeters>
      <DistanceMeters>1247.5</DistanceMeters>
      <HeartRateBpm>
       <Value>155</Value>
      </HeartRateBpm>
      <Extensions>
       <TPX xmlns="http://www.garmin.com/xmlschemas/ActivityExtension/v2">
        <Speed>3.4</Speed>
       </TPX>
      </Extensions>
     </Trackpoint>
     <Trackpoint>
      <Time>2026-08-18T10:23:13Z</Time>
      <Position>
       <LatitudeDegrees>5.2358990</LatitudeDegrees>
       <LongitudeDegrees>100.4340540</LongitudeDegrees>
      </Position>
      <AltitudeMeters>5.6</AltitudeMeters>
      <DistanceMeters>1250.8</DistanceMeters>
      <HeartRateBpm>
       <Value>155</Value>
      </HeartRateBpm>
      <Extensions>
       <TPX xmlns="http://www.garmin.com/xmlschemas/ActivityExtension/v2">
        <Speed>3.4</Speed>
       </TPX>
      </Extensions>
     </Trackpoint>
     <Trackpoint>
      <Time>2026-08-18T10:23:14Z</Time>
      <Position>
       <LatitudeDegrees>5.2359260</LatitudeDegrees>
       <LongitudeDegrees>100.4340480</LongitudeDegrees>
      </Position>
      <AltitudeMeters>5.6</AltitudeMeters>
      <DistanceMeters>1253.8</DistanceMeters>
      <HeartRateBpm>
       <Value>155</Value>
      </HeartRateBpm>
      <Extensions>
       <TPX xmlns="http://www.garmin.com/xmlschemas/ActivityExtension/v2">
        <Speed>3.4</Speed>
       </TPX>
      </Extensions>
     </Trackpoint>
     <Trackpoint>
      <Time>2026-08-18T10:23:15Z</Time>
      <Position>
       <LatitudeDegrees>5.2359580</LatitudeDegrees>
       <LongitudeDegrees>100.4340410</LongitudeDegrees>
      </Position>
      <AltitudeMeters>5.6</AltitudeMeters>
      <DistanceMeters>1257.5</DistanceMeters>
      <HeartRateBpm>
       <Value>154</Value>
      </HeartRateBpm>
      <Extensions>
       <TPX xmlns="http://www.garmin.com/xmlschemas/ActivityExtension/v2">
        <Speed>3.5</Speed>
       </TPX>
      </Extensions>
     </Trackpoint>
     <Trackpoint>
      <Time>2026-08-18T10:23:16Z</Time>
      <Position>
       <LatitudeDegrees>5.2359880</LatitudeDegrees>
       <LongitudeDegrees>100.4340400</LongitudeDegrees>
      </Position>
      <AltitudeMeters>5.6</AltitudeMeters>
      <DistanceMeters>1260.9</DistanceMeters>
      <HeartRateBpm>
       <Value>154</Value>
      </HeartRateBpm>
      <Extensions>
       <TPX xmlns="http://www.garmin.com/xmlschemas/ActivityExtension/v2">
        <Speed>3.4</Speed>
       </TPX>
      </Extensions>
     </Trackpoint>
     <Trackpoint>
      <Time>2026-08-18T10:23:17Z</Time>
      <Position>
       <LatitudeDegrees>5.2360170</LatitudeDegrees>
       <LongitudeDegrees>100.4340360</LongitudeDegrees>
      </Position>
      <AltitudeMeters>5.6</AltitudeMeters>
      <DistanceMeters>1264.2</DistanceMeters>
      <HeartRateBpm>
       <Value>154</Value>
      </HeartRateBpm>
      <Extensions>
       <TPX xmlns="http://www.garmin.com/xmlschemas/ActivityExtension/v2">
        <Speed>3.3</Speed>
       </TPX>
      </Extensions>
     </Trackpoint>
     <Trackpoint>
      <Time>2026-08-18T10:23:18Z</Time>
      <Position>
       <LatitudeDegrees>5.2360430</LatitudeDegrees>
       <LongitudeDegrees>100.4340310</LongitudeDegrees>
      </Position>
      <AltitudeMeters>5.6</AltitudeMeters>
      <DistanceMeters>1267.1</DistanceMeters>
      <HeartRateBpm>
       <Value>155</Value>
      </HeartRateBpm>
      <Extensions>
       <TPX xmlns="http://www.garmin.com/xmlschemas/ActivityExtension/v2">
        <Speed>3.3</Speed>
       </TPX>
      </Extensions>
     </Trackpoint>
     <Trackpoint>
      <Time>2026-08-18T10:23:19Z</Time>
      <Position>
       <LatitudeDegrees>5.2360750</LatitudeDegrees>
       <LongitudeDegrees>100.4340240</LongitudeDegrees>
      </Position>
      <AltitudeMeters>5.6</AltitudeMeters>
      <DistanceMeters>1270.7</DistanceMeters>
      <HeartRateBpm>
       <Value>155</Value>
      </HeartRateBpm>
      <Extensions>
       <TPX xmlns="http://www.garmin.com/xmlschemas/ActivityExtension/v2">
        <Speed>3.4</Speed>
       </TPX>
      </Extensions>
     </Trackpoint>
     <Trackpoint>
      <Time>2026-08-18T10:23:20Z</Time>
      <Position>
       <LatitudeDegrees>5.2361080</LatitudeDegrees>
       <LongitudeDegrees>100.4340090</LongitudeDegrees>
      </Position>
      <AltitudeMeters>5.6</AltitudeMeters>
      <DistanceMeters>1274.8</DistanceMeters>
      <HeartRateBpm>
       <Value>156</Value>
      </HeartRateBpm>
      <Extensions>
       <TPX xmlns="http://www.garmin.com/xmlschemas/ActivityExtension/v2">
        <Speed>3.5</Speed>
       </TPX>
      </Extensions>
     </Trackpoint>
     <Trackpoint>
      <Time>2026-08-18T10:23:21Z</Time>
      <Position>
       <LatitudeDegrees>5.2361370</LatitudeDegrees>
       <LongitudeDegrees>100.4339990</LongitudeDegrees>
      </Position>
      <AltitudeMeters>5.6</AltitudeMeters>
      <DistanceMeters>1278.1</DistanceMeters>
      <HeartRateBpm>
       <Value>156</Value>
      </HeartRateBpm>
      <Extensions>
       <TPX xmlns="http://www.garmin.com/xmlschemas/ActivityExtension/v2">
        <Speed>3.4</Speed>
       </TPX>
      </Extensions>
     </Trackpoint>
     <Trackpoint>
      <Time>2026-08-18T10:23:22Z</Time>
      <Position>
       <LatitudeDegrees>5.2361660</LatitudeDegrees>
       <LongitudeDegrees>100.4339910</LongitudeDegrees>
      </Position>
      <AltitudeMeters>5.6</AltitudeMeters>
      <DistanceMeters>1281.5</DistanceMeters>
      <HeartRateBpm>
       <Value>155</Value>
      </HeartRateBpm>
      <Extensions>
       <TPX xmlns="http://www.garmin.com/xmlschemas/ActivityExtension/v2">
        <Speed>3.5</Speed>
       </TPX>
      </Extensions>
     </Trackpoint>
     <Trackpoint>
      <Time>2026-08-18T10:23:23Z</Time>
      <Position>
       <LatitudeDegrees>5.2361950</LatitudeDegrees>
       <LongitudeDegrees>100.4339860</LongitudeDegrees>
      </Position>
      <AltitudeMeters>5.6</AltitudeMeters>
      <DistanceMeters>1284.8</DistanceMeters>
      <HeartRateBpm>
       <Value>155</Value>
      </HeartRateBpm>
      <Extensions>
       <TPX xmlns="http://www.garmin.com/xmlschemas/ActivityExtension/v2">
        <Speed>3.5</Speed>
       </TPX>
      </Extensions>
     </Trackpoint>
     <Trackpoint>
      <Time>2026-08-18T10:23:24Z</Time>
      <Position>
       <LatitudeDegrees>5.2362300</LatitudeDegrees>
       <LongitudeDegrees>100.4339830</LongitudeDegrees>
      </Position>
      <AltitudeMeters>5.6</AltitudeMeters>
      <DistanceMeters>1288.6</DistanceMeters>
      <HeartRateBpm>
       <Value>155</Value>
      </HeartRateBpm>
      <Extensions>
       <TPX xmlns="http://www.garmin.com/xmlschemas/ActivityExtension/v2">
        <Speed>3.6</Speed>
       </TPX>
      </Extensions>
     </Trackpoint>
     <Trackpoint>
      <Time>2026-08-18T10:23:25Z</Time>
      <Position>
       <LatitudeDegrees>5.2362610</LatitudeDegrees>
       <LongitudeDegrees>100.4339780</LongitudeDegrees>
      </Position>
      <AltitudeMeters>5.6</AltitudeMeters>
      <DistanceMeters>1292.2</DistanceMeters>
      <HeartRateBpm>
       <Value>155</Value>
      </HeartRateBpm>
      <Extensions>
       <TPX xmlns="http://www.garmin.com/xmlschemas/ActivityExtension/v2">
        <Speed>3.5</Speed>
       </TPX>
      </Extensions>
     </Trackpoint>
     <Trackpoint>
      <Time>2026-08-18T10:23:26Z</Time>
      <Position>
       <LatitudeDegrees>5.2362970</LatitudeDegrees>
       <LongitudeDegrees>100.4339700</LongitudeDegrees>
      </Position>
      <AltitudeMeters>5.6</AltitudeMeters>
      <DistanceMeters>1296.3</DistanceMeters>
      <HeartRateBpm>
       <Value>156</Value>
      </HeartRateBpm>
      <Extensions>
       <TPX xmlns="http://www.garmin.com/xmlschemas/ActivityExtension/v2">
        <Speed>3.6</Speed>
       </TPX>
      </Extensions>
     </Trackpoint>
     <Trackpoint>
      <Time>2026-08-18T10:23:27Z</Time>
      <Position>
       <LatitudeDegrees>5.2363190</LatitudeDegrees>
       <LongitudeDegrees>100.4339630</LongitudeDegrees>
      </Position>
      <AltitudeMeters>5.6</AltitudeMeters>
      <DistanceMeters>1298.9</DistanceMeters>
      <HeartRateBpm>
       <Value>156</Value>
      </HeartRateBpm>
      <Extensions>
       <TPX xmlns="http://www.garmin.com/xmlschemas/ActivityExtension/v2">
        <Speed>3.5</Speed>
       </TPX>
      </Extensions>
     </Trackpoint>
     <Trackpoint>
      <Time>2026-08-18T10:23:28Z</Time>
      <Position>
       <LatitudeDegrees>5.2363530</LatitudeDegrees>
       <LongitudeDegrees>100.4339540</LongitudeDegrees>
      </Position>
      <AltitudeMeters>5.6</AltitudeMeters>
      <DistanceMeters>1302.8</DistanceMeters>
      <HeartRateBpm>
       <Value>155</Value>
      </HeartRateBpm>
      <Extensions>
       <TPX xmlns="http://www.garmin.com/xmlschemas/ActivityExtension/v2">
        <Speed>3.6</Speed>
       </TPX>
      </Extensions>
     </Trackpoint>
     <Trackpoint>
      <Time>2026-08-18T10:23:29Z</Time>
      <Position>
       <LatitudeDegrees>5.2363790</LatitudeDegrees>
       <LongitudeDegrees>100.4339400</LongitudeDegrees>
      </Position>
      <AltitudeMeters>5.6</AltitudeMeters>
      <DistanceMeters>1306.0</DistanceMeters>
      <HeartRateBpm>
       <Value>155</Value>
      </HeartRateBpm>
      <Extensions>
       <TPX xmlns="http://www.garmin.com/xmlschemas/ActivityExtension/v2">
        <Speed>3.5</Speed>
       </TPX>
      </Extensions>
     </Trackpoint>
     <Trackpoint>
      <Time>2026-08-18T10:23:30Z</Time>
      <Position>
       <LatitudeDegrees>5.2364070</LatitudeDegrees>
       <LongitudeDegrees>100.4339370</LongitudeDegrees>
      </Position>
      <AltitudeMeters>5.6</AltitudeMeters>
      <DistanceMeters>1309.2</DistanceMeters>
      <HeartRateBpm>
       <Value>155</Value>
      </HeartRateBpm>
      <Extensions>
       <TPX xmlns="http://www.garmin.com/xmlschemas/ActivityExtension/v2">
        <Speed>3.4</Speed>
       </TPX>
      </Extensions>
     </Trackpoint>
     <Trackpoint>
      <Time>2026-08-18T10:23:31Z</Time>
      <Position>
       <LatitudeDegrees>5.2364330</LatitudeDegrees>
       <LongitudeDegrees>100.4339390</LongitudeDegrees>
      </Position>
      <AltitudeMeters>5.6</AltitudeMeters>
      <DistanceMeters>1312.1</DistanceMeters>
      <HeartRateBpm>
       <Value>155</Value>
      </HeartRateBpm>
      <Extensions>
       <TPX xmlns="http://www.garmin.com/xmlschemas/ActivityExtension/v2">
        <Speed>3.2</Speed>
       </TPX>
      </Extensions>
     </Trackpoint>
     <Trackpoint>
      <Time>2026-08-18T10:23:32Z</Time>
      <Position>
       <LatitudeDegrees>5.2364650</LatitudeDegrees>
       <LongitudeDegrees>100.4339420</LongitudeDegrees>
      </Position>
      <AltitudeMeters>5.6</AltitudeMeters>
      <DistanceMeters>1315.6</DistanceMeters>
      <HeartRateBpm>
       <Value>155</Value>
      </HeartRateBpm>
      <Extensions>
       <TPX xmlns="http://www.garmin.com/xmlschemas/ActivityExtension/v2">
        <Speed>3.3</Speed>
       </TPX>
      </Extensions>
     </Trackpoint>
     <Trackpoint>
      <Time>2026-08-18T10:23:33Z</Time>
      <Position>
       <LatitudeDegrees>5.2364930</LatitudeDegrees>
       <LongitudeDegrees>100.4339360</LongitudeDegrees>
      </Position>
      <AltitudeMeters>5.6</AltitudeMeters>
      <DistanceMeters>1318.8</DistanceMeters>
      <HeartRateBpm>
       <Value>156</Value>
      </HeartRateBpm>
      <Extensions>
       <TPX xmlns="http://www.garmin.com/xmlschemas/ActivityExtension/v2">
        <Speed>3.2</Speed>
       </TPX>
      </Extensions>
     </Trackpoint>
     <Trackpoint>
      <Time>2026-08-18T10:23:34Z</Time>
      <Position>
       <LatitudeDegrees>5.2365200</LatitudeDegrees>
       <LongitudeDegrees>100.4339320</LongitudeDegrees>
      </Position>
      <AltitudeMeters>5.6</AltitudeMeters>
      <DistanceMeters>1321.9</DistanceMeters>
      <HeartRateBpm>
       <Value>155</Value>
      </HeartRateBpm>
      <Extensions>
       <TPX xmlns="http://www.garmin.com/xmlschemas/ActivityExtension/v2">
        <Speed>3.2</Speed>
       </TPX>
      </Extensions>
     </Trackpoint>
     <Trackpoint>
      <Time>2026-08-18T10:23:35Z</Time>
      <Position>
       <LatitudeDegrees>5.2365460</LatitudeDegrees>
       <LongitudeDegrees>100.4339320</LongitudeDegrees>
      </Position>
      <AltitudeMeters>5.6</AltitudeMeters>
      <DistanceMeters>1324.8</DistanceMeters>
      <HeartRateBpm>
       <Value>155</Value>
      </HeartRateBpm>
      <Extensions>
       <TPX xmlns="http://www.garmin.com/xmlschemas/ActivityExtension/v2">
        <Speed>3.1</Speed>
       </TPX>
      </Extensions>
     </Trackpoint>
     <Trackpoint>
      <Time>2026-08-18T10:23:36Z</Time>
      <Position>
       <LatitudeDegrees>5.2365710</LatitudeDegrees>
       <LongitudeDegrees>100.4339350</LongitudeDegrees>
      </Position>
      <AltitudeMeters>5.6</AltitudeMeters>
      <DistanceMeters>1327.6</DistanceMeters>
      <HeartRateBpm>
       <Value>155</Value>
      </HeartRateBpm>
      <Extensions>
       <TPX xmlns="http://www.garmin.com/xmlschemas/ActivityExtension/v2">
        <Speed>3.1</Speed>
       </TPX>
      </Extensions>
     </Trackpoint>
     <Trackpoint>
      <Time>2026-08-18T10:23:37Z</Time>
      <Position>
       <LatitudeDegrees>5.2365960</LatitudeDegrees>
       <LongitudeDegrees>100.4339430</LongitudeDegrees>
      </Position>
      <AltitudeMeters>5.6</AltitudeMeters>
      <DistanceMeters>1330.5</DistanceMeters>
      <HeartRateBpm>
       <Value>156</Value>
      </HeartRateBpm>
      <Extensions>
       <TPX xmlns="http://www.garmin.com/xmlschemas/ActivityExtension/v2">
        <Speed>3.0</Speed>
       </TPX>
      </Extensions>
     </Trackpoint>
     <Trackpoint>
      <Time>2026-08-18T10:23:38Z</Time>
      <Position>
       <LatitudeDegrees>5.2366200</LatitudeDegrees>
       <LongitudeDegrees>100.4339520</LongitudeDegrees>
      </Position>
      <AltitudeMeters>5.6</AltitudeMeters>
      <DistanceMeters>1333.3</DistanceMeters>
      <HeartRateBpm>
       <Value>157</Value>
      </HeartRateBpm>
      <Extensions>
       <TPX xmlns="http://www.garmin.com/xmlschemas/ActivityExtension/v2">
        <Speed>2.9</Speed>
       </TPX>
      </Extensions>
     </Trackpoint>
     <Trackpoint>
      <Time>2026-08-18T10:23:39Z</Time>
      <Position>
       <LatitudeDegrees>5.2366430</LatitudeDegrees>
       <LongitudeDegrees>100.4339650</LongitudeDegrees>
      </Position>
      <AltitudeMeters>5.6</AltitudeMeters>
      <DistanceMeters>1336.2</DistanceMeters>
      <HeartRateBpm>
       <Value>156</Value>
      </HeartRateBpm>
      <Extensions>
       <TPX xmlns="http://www.garmin.com/xmlschemas/ActivityExtension/v2">
        <Speed>2.9</Speed>
       </TPX>
      </Extensions>
     </Trackpoint>
     <Trackpoint>
      <Time>2026-08-18T10:23:40Z</Time>
      <Position>
       <LatitudeDegrees>5.2366630</LatitudeDegrees>
       <LongitudeDegrees>100.4339810</LongitudeDegrees>
      </Position>
      <AltitudeMeters>5.7</AltitudeMeters>
      <DistanceMeters>1339.0</DistanceMeters>
      <HeartRateBpm>
       <Value>155</Value>
      </HeartRateBpm>
      <Extensions>
       <TPX xmlns="http://www.garmin.com/xmlschemas/ActivityExtension/v2">
        <Speed>2.8</Speed>
       </TPX>
      </Extensions>
     </Trackpoint>
     <Trackpoint>
      <Time>2026-08-18T10:23:41Z</Time>
      <Position>
       <LatitudeDegrees>5.2366820</LatitudeDegrees>
       <LongitudeDegrees>100.4339990</LongitudeDegrees>
      </Position>
      <AltitudeMeters>5.7</AltitudeMeters>
      <DistanceMeters>1341.9</DistanceMeters>
      <HeartRateBpm>
       <Value>155</Value>
      </HeartRateBpm>
      <Extensions>
       <TPX xmlns="http://www.garmin.com/xmlschemas/ActivityExtension/v2">
        <Speed>2.9</Speed>
       </TPX>
      </Extensions>
     </Trackpoint>
     <Trackpoint>
      <Time>2026-08-18T10:23:42Z</Time>
      <Position>
       <LatitudeDegrees>5.2367000</LatitudeDegrees>
       <LongitudeDegrees>100.4340200</LongitudeDegrees>
      </Position>
      <AltitudeMeters>5.7</AltitudeMeters>
      <DistanceMeters>1345.0</DistanceMeters>
      <HeartRateBpm>
       <Value>154</Value>
      </HeartRateBpm>
      <Extensions>
       <TPX xmlns="http://www.garmin.com/xmlschemas/ActivityExtension/v2">
        <Speed>2.9</Speed>
       </TPX>
      </Extensions>
     </Trackpoint>
     <Trackpoint>
      <Time>2026-08-18T10:23:43Z</Time>
      <Position>
       <LatitudeDegrees>5.2367160</LatitudeDegrees>
       <LongitudeDegrees>100.4340430</LongitudeDegrees>
      </Position>
      <AltitudeMeters>5.7</AltitudeMeters>
      <DistanceMeters>1348.1</DistanceMeters>
      <HeartRateBpm>
       <Value>155</Value>
      </HeartRateBpm>
      <Extensions>
       <TPX xmlns="http://www.garmin.com/xmlschemas/ActivityExtension/v2">
        <Speed>3.0</Speed>
       </TPX>
      </Extensions>
     </Trackpoint>
     <Trackpoint>
      <Time>2026-08-18T10:23:44Z</Time>
      <Position>
       <LatitudeDegrees>5.2367270</LatitudeDegrees>
       <LongitudeDegrees>100.4340650</LongitudeDegrees>
      </Position>
      <AltitudeMeters>5.7</AltitudeMeters>
      <DistanceMeters>1350.8</DistanceMeters>
      <HeartRateBpm>
       <Value>156</Value>
      </HeartRateBpm>
      <Extensions>
       <TPX xmlns="http://www.garmin.com/xmlschemas/ActivityExtension/v2">
        <Speed>2.9</Speed>
       </TPX>
      </Extensions>
     </Trackpoint>
     <Trackpoint>
      <Time>2026-08-18T10:23:45Z</Time>
      <Position>
       <LatitudeDegrees>5.2367330</LatitudeDegrees>
       <LongitudeDegrees>100.4340960</LongitudeDegrees>
      </Position>
      <AltitudeMeters>5.7</AltitudeMeters>
      <DistanceMeters>1354.3</DistanceMeters>
      <HeartRateBpm>
       <Value>156</Value>
      </HeartRateBpm>
      <Extensions>
       <TPX xmlns="http://www.garmin.com/xmlschemas/ActivityExtension/v2">
        <Speed>3.1</Speed>
       </TPX>
      </Extensions>
     </Trackpoint>
     <Trackpoint>
      <Time>2026-08-18T10:23:46Z</Time>
      <Position>
       <LatitudeDegrees>5.2367350</LatitudeDegrees>
       <LongitudeDegrees>100.4341270</LongitudeDegrees>
      </Position>
      <AltitudeMeters>5.7</AltitudeMeters>
      <DistanceMeters>1357.8</DistanceMeters>
      <HeartRateBpm>
       <Value>155</Value>
      </HeartRateBpm>
      <Extensions>
       <TPX xmlns="http://www.garmin.com/xmlschemas/ActivityExtension/v2">
        <Speed>3.2</Speed>
       </TPX>
      </Extensions>
     </Trackpoint>
     <Trackpoint>
      <Time>2026-08-18T10:23:47Z</Time>
      <Position>
       <LatitudeDegrees>5.2367350</LatitudeDegrees>
       <LongitudeDegrees>100.4341590</LongitudeDegrees>
      </Position>
      <AltitudeMeters>5.7</AltitudeMeters>
      <DistanceMeters>1361.3</DistanceMeters>
      <HeartRateBpm>
       <Value>154</Value>
      </HeartRateBpm>
      <Extensions>
       <TPX xmlns="http://www.garmin.com/xmlschemas/ActivityExtension/v2">
        <Speed>3.3</Speed>
       </TPX>
      </Extensions>
     </Trackpoint>
     <Trackpoint>
      <Time>2026-08-18T10:23:48Z</Time>
      <Position>
       <LatitudeDegrees>5.2367340</LatitudeDegrees>
       <LongitudeDegrees>100.4341840</LongitudeDegrees>
      </Position>
      <AltitudeMeters>5.7</AltitudeMeters>
      <DistanceMeters>1364.0</DistanceMeters>
      <HeartRateBpm>
       <Value>155</Value>
      </HeartRateBpm>
      <Extensions>
       <TPX xmlns="http://www.garmin.com/xmlschemas/ActivityExtension/v2">
        <Speed>3.2</Speed>
       </TPX>
      </Extensions>
     </Trackpoint>
     <Trackpoint>
      <Time>2026-08-18T10:23:49Z</Time>
      <Position>
       <LatitudeDegrees>5.2367360</LatitudeDegrees>
       <LongitudeDegrees>100.4342100</LongitudeDegrees>
      </Position>
      <AltitudeMeters>5.7</AltitudeMeters>
      <DistanceMeters>1366.9</DistanceMeters>
      <HeartRateBpm>
       <Value>155</Value>
      </HeartRateBpm>
      <Extensions>
       <TPX xmlns="http://www.garmin.com/xmlschemas/ActivityExtension/v2">
        <Speed>3.2</Speed>
       </TPX>
      </Extensions>
     </Trackpoint>
     <Trackpoint>
      <Time>2026-08-18T10:23:50Z</Time>
      <Position>
       <LatitudeDegrees>5.2367360</LatitudeDegrees>
       <LongitudeDegrees>100.4342400</LongitudeDegrees>
      </Position>
      <AltitudeMeters>5.7</AltitudeMeters>
      <DistanceMeters>1370.3</DistanceMeters>
      <HeartRateBpm>
       <Value>156</Value>
      </HeartRateBpm>
      <Extensions>
       <TPX xmlns="http://www.garmin.com/xmlschemas/ActivityExtension/v2">
        <Speed>3.2</Speed>
       </TPX>
      </Extensions>
     </Trackpoint>
     <Trackpoint>
      <Time>2026-08-18T10:23:51Z</Time>
      <Position>
       <LatitudeDegrees>5.2367320</LatitudeDegrees>
       <LongitudeDegrees>100.4342680</LongitudeDegrees>
      </Position>
      <AltitudeMeters>5.7</AltitudeMeters>
      <DistanceMeters>1373.4</DistanceMeters>
      <HeartRateBpm>
       <Value>157</Value>
      </HeartRateBpm>
      <Extensions>
       <TPX xmlns="http://www.garmin.com/xmlschemas/ActivityExtension/v2">
        <Speed>3.1</Speed>
       </TPX>
      </Extensions>
     </Trackpoint>
     <Trackpoint>
      <Time>2026-08-18T10:23:52Z</Time>
      <Position>
       <LatitudeDegrees>5.2367320</LatitudeDegrees>
       <LongitudeDegrees>100.4342960</LongitudeDegrees>
      </Position>
      <AltitudeMeters>5.7</AltitudeMeters>
      <DistanceMeters>1376.5</DistanceMeters>
      <HeartRateBpm>
       <Value>157</Value>
      </HeartRateBpm>
      <Extensions>
       <TPX xmlns="http://www.garmin.com/xmlschemas/ActivityExtension/v2">
        <Speed>3.0</Speed>
       </TPX>
      </Extensions>
     </Trackpoint>
     <Trackpoint>
      <Time>2026-08-18T10:23:53Z</Time>
      <Position>
       <LatitudeDegrees>5.2367420</LatitudeDegrees>
       <LongitudeDegrees>100.4343250</LongitudeDegrees>
      </Position>
      <AltitudeMeters>5.7</AltitudeMeters>
      <DistanceMeters>1379.9</DistanceMeters>
      <HeartRateBpm>
       <Value>156</Value>
      </HeartRateBpm>
      <Extensions>
       <TPX xmlns="http://www.garmin.com/xmlschemas/ActivityExtension/v2">
        <Speed>3.2</Speed>
       </TPX>
      </Extensions>
     </Trackpoint>
     <Trackpoint>
      <Time>2026-08-18T10:23:54Z</Time>
      <Position>
       <LatitudeDegrees>5.2367510</LatitudeDegrees>
       <LongitudeDegrees>100.4343510</LongitudeDegrees>
      </Position>
      <AltitudeMeters>5.7</AltitudeMeters>
      <DistanceMeters>1383.0</DistanceMeters>
      <HeartRateBpm>
       <Value>156</Value>
      </HeartRateBpm>
      <Extensions>
       <TPX xmlns="http://www.garmin.com/xmlschemas/ActivityExtension/v2">
        <Speed>3.2</Speed>
       </TPX>
      </Extensions>
     </Trackpoint>
     <Trackpoint>
      <Time>2026-08-18T10:23:55Z</Time>
      <Position>
       <LatitudeDegrees>5.2367700</LatitudeDegrees>
       <LongitudeDegrees>100.4343810</LongitudeDegrees>
      </Position>
      <AltitudeMeters>5.7</AltitudeMeters>
      <DistanceMeters>1386.9</DistanceMeters>
      <HeartRateBpm>
       <Value>157</Value>
      </HeartRateBpm>
      <Extensions>
       <TPX xmlns="http://www.garmin.com/xmlschemas/ActivityExtension/v2">
        <Speed>3.3</Speed>
       </TPX>
      </Extensions>
     </Trackpoint>
     <Trackpoint>
      <Time>2026-08-18T10:23:56Z</Time>
      <Position>
       <LatitudeDegrees>5.2367830</LatitudeDegrees>
       <LongitudeDegrees>100.4344090</LongitudeDegrees>
      </Position>
      <AltitudeMeters>5.7</AltitudeMeters>
      <DistanceMeters>1390.3</DistanceMeters>
      <HeartRateBpm>
       <Value>158</Value>
      </HeartRateBpm>
      <Extensions>
       <TPX xmlns="http://www.garmin.com/xmlschemas/ActivityExtension/v2">
        <Speed>3.4</Speed>
       </TPX>
      </Extensions>
     </Trackpoint>
     <Trackpoint>
      <Time>2026-08-18T10:23:57Z</Time>
      <Position>
       <LatitudeDegrees>5.2367990</LatitudeDegrees>
       <LongitudeDegrees>100.4344350</LongitudeDegrees>
      </Position>
      <AltitudeMeters>5.7</AltitudeMeters>
      <DistanceMeters>1393.7</DistanceMeters>
      <HeartRateBpm>
       <Value>160</Value>
      </HeartRateBpm>
      <Extensions>
       <TPX xmlns="http://www.garmin.com/xmlschemas/ActivityExtension/v2">
        <Speed>3.4</Speed>
       </TPX>
      </Extensions>
     </Trackpoint>
     <Trackpoint>
      <Time>2026-08-18T10:23:58Z</Time>
      <Position>
       <LatitudeDegrees>5.2368120</LatitudeDegrees>
       <LongitudeDegrees>100.4344580</LongitudeDegrees>
      </Position>
      <AltitudeMeters>5.7</AltitudeMeters>
      <DistanceMeters>1396.6</DistanceMeters>
      <HeartRateBpm>
       <Value>161</Value>
      </HeartRateBpm>
      <Extensions>
       <TPX xmlns="http://www.garmin.com/xmlschemas/ActivityExtension/v2">
        <Speed>3.3</Speed>
       </TPX>
      </Extensions>
     </Trackpoint>
     <Trackpoint>
      <Time>2026-08-18T10:23:59Z</Time>
      <Position>
       <LatitudeDegrees>5.2368270</LatitudeDegrees>
       <LongitudeDegrees>100.4344840</LongitudeDegrees>
      </Position>
      <AltitudeMeters>5.7</AltitudeMeters>
      <DistanceMeters>1399.9</DistanceMeters>
      <HeartRateBpm>
       <Value>160</Value>
      </HeartRateBpm>
      <Extensions>
       <TPX xmlns="http://www.garmin.com/xmlschemas/ActivityExtension/v2">
        <Speed>3.4</Speed>
       </TPX>
      </Extensions>
     </Trackpoint>
     <Trackpoint>
      <Time>2026-08-18T10:24:00Z</Time>
      <Position>
       <LatitudeDegrees>5.2368350</LatitudeDegrees>
       <LongitudeDegrees>100.4345110</LongitudeDegrees>
      </Position>
      <AltitudeMeters>5.7</AltitudeMeters>
      <DistanceMeters>1403.1</DistanceMeters>
      <HeartRateBpm>
       <Value>159</Value>
      </HeartRateBpm>
      <Extensions>
       <TPX xmlns="http://www.garmin.com/xmlschemas/ActivityExtension/v2">
        <Speed>3.2</Speed>
       </TPX>
      </Extensions>
     </Trackpoint>
     <Trackpoint>
      <Time>2026-08-18T10:24:01Z</Time>
      <Position>
       <LatitudeDegrees>5.2368450</LatitudeDegrees>
       <LongitudeDegrees>100.4345400</LongitudeDegrees>
      </Position>
      <AltitudeMeters>5.7</AltitudeMeters>
      <DistanceMeters>1406.5</DistanceMeters>
      <HeartRateBpm>
       <Value>158</Value>
      </HeartRateBpm>
      <Extensions>
       <TPX xmlns="http://www.garmin.com/xmlschemas/ActivityExtension/v2">
        <Speed>3.2</Speed>
       </TPX>
      </Extensions>
     </Trackpoint>
     <Trackpoint>
      <Time>2026-08-18T10:24:02Z</Time>
      <Position>
       <LatitudeDegrees>5.2368520</LatitudeDegrees>
       <LongitudeDegrees>100.4345710</LongitudeDegrees>
      </Position>
      <AltitudeMeters>5.7</AltitudeMeters>
      <DistanceMeters>1410.0</DistanceMeters>
      <HeartRateBpm>
       <Value>158</Value>
      </HeartRateBpm>
      <Extensions>
       <TPX xmlns="http://www.garmin.com/xmlschemas/ActivityExtension/v2">
        <Speed>3.3</Speed>
       </TPX>
      </Extensions>
     </Trackpoint>
     <Trackpoint>
      <Time>2026-08-18T10:24:03Z</Time>
      <Position>
       <LatitudeDegrees>5.2368540</LatitudeDegrees>
       <LongitudeDegrees>100.4346030</LongitudeDegrees>
      </Position>
      <AltitudeMeters>5.7</AltitudeMeters>
      <DistanceMeters>1413.5</DistanceMeters>
      <HeartRateBpm>
       <Value>158</Value>
      </HeartRateBpm>
      <Extensions>
       <TPX xmlns="http://www.garmin.com/xmlschemas/ActivityExtension/v2">
        <Speed>3.4</Speed>
       </TPX>
      </Extensions>
     </Trackpoint>
     <Trackpoint>
      <Time>2026-08-18T10:24:04Z</Time>
      <Position>
       <LatitudeDegrees>5.2368520</LatitudeDegrees>
       <LongitudeDegrees>100.4346310</LongitudeDegrees>
      </Position>
      <AltitudeMeters>5.7</AltitudeMeters>
      <DistanceMeters>1416.7</DistanceMeters>
      <HeartRateBpm>
       <Value>157</Value>
      </HeartRateBpm>
      <Extensions>
       <TPX xmlns="http://www.garmin.com/xmlschemas/ActivityExtension/v2">
        <Speed>3.4</Speed>
       </TPX>
      </Extensions>
     </Trackpoint>
     <Trackpoint>
      <Time>2026-08-18T10:24:05Z</Time>
      <Position>
       <LatitudeDegrees>5.2368520</LatitudeDegrees>
       <LongitudeDegrees>100.4346310</LongitudeDegrees>
      </Position>
      <AltitudeMeters>5.7</AltitudeMeters>
      <DistanceMeters>1416.7</DistanceMeters>
      <HeartRateBpm>
       <Value>156</Value>
      </HeartRateBpm>
      <Extensions>
       <TPX xmlns="http://www.garmin.com/xmlschemas/ActivityExtension/v2">
        <Speed>2.7</Speed>
       </TPX>
      </Extensions>
     </Trackpoint>
     <Trackpoint>
      <Time>2026-08-18T10:24:06Z</Time>
      <Position>
       <LatitudeDegrees>5.2368550</LatitudeDegrees>
       <LongitudeDegrees>100.4346590</LongitudeDegrees>
      </Position>
      <AltitudeMeters>5.7</AltitudeMeters>
      <DistanceMeters>1419.8</DistanceMeters>
      <HeartRateBpm>
       <Value>156</Value>
      </HeartRateBpm>
      <Extensions>
       <TPX xmlns="http://www.garmin.com/xmlschemas/ActivityExtension/v2">
        <Speed>2.7</Speed>
       </TPX>
      </Extensions>
     </Trackpoint>
     <Trackpoint>
      <Time>2026-08-18T10:24:07Z</Time>
      <Position>
       <LatitudeDegrees>5.2368710</LatitudeDegrees>
       <LongitudeDegrees>100.4347130</LongitudeDegrees>
      </Position>
      <AltitudeMeters>5.7</AltitudeMeters>
      <DistanceMeters>1426.0</DistanceMeters>
      <HeartRateBpm>
       <Value>156</Value>
      </HeartRateBpm>
      <Extensions>
       <TPX xmlns="http://www.garmin.com/xmlschemas/ActivityExtension/v2">
        <Speed>3.2</Speed>
       </TPX>
      </Extensions>
     </Trackpoint>
     <Trackpoint>
      <Time>2026-08-18T10:24:08Z</Time>
      <Position>
       <LatitudeDegrees>5.2368770</LatitudeDegrees>
       <LongitudeDegrees>100.4347390</LongitudeDegrees>
      </Position>
      <AltitudeMeters>5.8</AltitudeMeters>
      <DistanceMeters>1428.9</DistanceMeters>
      <HeartRateBpm>
       <Value>156</Value>
      </HeartRateBpm>
      <Extensions>
       <TPX xmlns="http://www.garmin.com/xmlschemas/ActivityExtension/v2">
        <Speed>3.1</Speed>
       </TPX>
      </Extensions>
     </Trackpoint>
     <Trackpoint>
      <Time>2026-08-18T10:24:09Z</Time>
      <Position>
       <LatitudeDegrees>5.2368770</LatitudeDegrees>
       <LongitudeDegrees>100.4347640</LongitudeDegrees>
      </Position>
      <AltitudeMeters>5.8</AltitudeMeters>
      <DistanceMeters>1431.7</DistanceMeters>
      <HeartRateBpm>
       <Value>156</Value>
      </HeartRateBpm>
      <Extensions>
       <TPX xmlns="http://www.garmin.com/xmlschemas/ActivityExtension/v2">
        <Speed>3.0</Speed>
       </TPX>
      </Extensions>
     </Trackpoint>
     <Trackpoint>
      <Time>2026-08-18T10:24:10Z</Time>
      <Position>
       <LatitudeDegrees>5.2368770</LatitudeDegrees>
       <LongitudeDegrees>100.4347890</LongitudeDegrees>
      </Position>
      <AltitudeMeters>5.8</AltitudeMeters>
      <DistanceMeters>1434.5</DistanceMeters>
      <HeartRateBpm>
       <Value>155</Value>
      </HeartRateBpm>
      <Extensions>
       <TPX xmlns="http://www.garmin.com/xmlschemas/ActivityExtension/v2">
        <Speed>3.6</Speed>
       </TPX>
      </Extensions>
     </Trackpoint>
     <Trackpoint>
      <Time>2026-08-18T10:24:11Z</Time>
      <Position>
       <LatitudeDegrees>5.2368810</LatitudeDegrees>
       <LongitudeDegrees>100.4348130</LongitudeDegrees>
      </Position>
      <AltitudeMeters>5.8</AltitudeMeters>
      <DistanceMeters>1437.2</DistanceMeters>
      <HeartRateBpm>
       <Value>154</Value>
      </HeartRateBpm>
      <Extensions>
       <TPX xmlns="http://www.garmin.com/xmlschemas/ActivityExtension/v2">
        <Speed>3.5</Speed>
       </TPX>
      </Extensions>
     </Trackpoint>
     <Trackpoint>
      <Time>2026-08-18T10:24:12Z</Time>
      <Position>
       <LatitudeDegrees>5.2368870</LatitudeDegrees>
       <LongitudeDegrees>100.4348350</LongitudeDegrees>
      </Position>
      <AltitudeMeters>5.8</AltitudeMeters>
      <DistanceMeters>1439.7</DistanceMeters>
      <HeartRateBpm>
       <Value>154</Value>
      </HeartRateBpm>
      <Extensions>
       <TPX xmlns="http://www.garmin.com/xmlschemas/ActivityExtension/v2">
        <Speed>2.7</Speed>
       </TPX>
      </Extensions>
     </Trackpoint>
     <Trackpoint>
      <Time>2026-08-18T10:24:13Z</Time>
      <Position>
       <LatitudeDegrees>5.2368920</LatitudeDegrees>
       <LongitudeDegrees>100.4348610</LongitudeDegrees>
      </Position>
      <AltitudeMeters>5.8</AltitudeMeters>
      <DistanceMeters>1442.7</DistanceMeters>
      <HeartRateBpm>
       <Value>154</Value>
      </HeartRateBpm>
      <Extensions>
       <TPX xmlns="http://www.garmin.com/xmlschemas/ActivityExtension/v2">
        <Speed>2.8</Speed>
       </TPX>
      </Extensions>
     </Trackpoint>
     <Trackpoint>
      <Time>2026-08-18T10:24:14Z</Time>
      <Position>
       <LatitudeDegrees>5.2368950</LatitudeDegrees>
       <LongitudeDegrees>100.4348900</LongitudeDegrees>
      </Position>
      <AltitudeMeters>5.8</AltitudeMeters>
      <DistanceMeters>1445.8</DistanceMeters>
      <HeartRateBpm>
       <Value>155</Value>
      </HeartRateBpm>
      <Extensions>
       <TPX xmlns="http://www.garmin.com/xmlschemas/ActivityExtension/v2">
        <Speed>2.8</Speed>
       </TPX>
      </Extensions>
     </Trackpoint>
     <Trackpoint>
      <Time>2026-08-18T10:24:15Z</Time>
      <Position>
       <LatitudeDegrees>5.2369010</LatitudeDegrees>
       <LongitudeDegrees>100.4349180</LongitudeDegrees>
      </Position>
      <AltitudeMeters>5.8</AltitudeMeters>
      <DistanceMeters>1449.0</DistanceMeters>
      <HeartRateBpm>
       <Value>155</Value>
      </HeartRateBpm>
      <Extensions>
       <TPX xmlns="http://www.garmin.com/xmlschemas/ActivityExtension/v2">
        <Speed>2.9</Speed>
       </TPX>
      </Extensions>
     </Trackpoint>
     <Trackpoint>
      <Time>2026-08-18T10:24:16Z</Time>
      <Position>
       <LatitudeDegrees>5.2369060</LatitudeDegrees>
       <LongitudeDegrees>100.4349470</LongitudeDegrees>
      </Position>
      <AltitudeMeters>5.8</AltitudeMeters>
      <DistanceMeters>1452.3</DistanceMeters>
      <HeartRateBpm>
       <Value>155</Value>
      </HeartRateBpm>
      <Extensions>
       <TPX xmlns="http://www.garmin.com/xmlschemas/ActivityExtension/v2">
        <Speed>3.0</Speed>
       </TPX>
      </Extensions>
     </Trackpoint>
     <Trackpoint>
      <Time>2026-08-18T10:24:17Z</Time>
      <Position>
       <LatitudeDegrees>5.2369100</LatitudeDegrees>
       <LongitudeDegrees>100.4349770</LongitudeDegrees>
      </Position>
      <AltitudeMeters>5.8</AltitudeMeters>
      <DistanceMeters>1455.6</DistanceMeters>
      <HeartRateBpm>
       <Value>155</Value>
      </HeartRateBpm>
      <Extensions>
       <TPX xmlns="http://www.garmin.com/xmlschemas/ActivityExtension/v2">
        <Speed>3.2</Speed>
       </TPX>
      </Extensions>
     </Trackpoint>
     <Trackpoint>
      <Time>2026-08-18T10:24:18Z</Time>
      <Position>
       <LatitudeDegrees>5.2369160</LatitudeDegrees>
       <LongitudeDegrees>100.4350070</LongitudeDegrees>
      </Position>
      <AltitudeMeters>5.8</AltitudeMeters>
      <DistanceMeters>1458.9</DistanceMeters>
      <HeartRateBpm>
       <Value>155</Value>
      </HeartRateBpm>
      <Extensions>
       <TPX xmlns="http://www.garmin.com/xmlschemas/ActivityExtension/v2">
        <Speed>3.2</Speed>
       </TPX>
      </Extensions>
     </Trackpoint>
     <Trackpoint>
      <Time>2026-08-18T10:24:19Z</Time>
      <Position>
       <LatitudeDegrees>5.2369210</LatitudeDegrees>
       <LongitudeDegrees>100.4350390</LongitudeDegrees>
      </Position>
      <AltitudeMeters>5.8</AltitudeMeters>
      <DistanceMeters>1462.6</DistanceMeters>
      <HeartRateBpm>
       <Value>156</Value>
      </HeartRateBpm>
      <Extensions>
       <TPX xmlns="http://www.garmin.com/xmlschemas/ActivityExtension/v2">
        <Speed>3.4</Speed>
       </TPX>
      </Extensions>
     </Trackpoint>
     <Trackpoint>
      <Time>2026-08-18T10:24:20Z</Time>
      <Position>
       <LatitudeDegrees>5.2369280</LatitudeDegrees>
       <LongitudeDegrees>100.4350730</LongitudeDegrees>
      </Position>
      <AltitudeMeters>5.8</AltitudeMeters>
      <DistanceMeters>1466.5</DistanceMeters>
      <HeartRateBpm>
       <Value>156</Value>
      </HeartRateBpm>
      <Extensions>
       <TPX xmlns="http://www.garmin.com/xmlschemas/ActivityExtension/v2">
        <Speed>3.5</Speed>
       </TPX>
      </Extensions>
     </Trackpoint>
     <Trackpoint>
      <Time>2026-08-18T10:24:21Z</Time>
      <Position>
       <LatitudeDegrees>5.2369320</LatitudeDegrees>
       <LongitudeDegrees>100.4351010</LongitudeDegrees>
      </Position>
      <AltitudeMeters>5.8</AltitudeMeters>
      <DistanceMeters>1469.6</DistanceMeters>
      <HeartRateBpm>
       <Value>157</Value>
      </HeartRateBpm>
      <Extensions>
       <TPX xmlns="http://www.garmin.com/xmlschemas/ActivityExtension/v2">
        <Speed>3.5</Speed>
       </TPX>
      </Extensions>
     </Trackpoint>
     <Trackpoint>
      <Time>2026-08-18T10:24:22Z</Time>
      <Position>
       <LatitudeDegrees>5.2369360</LatitudeDegrees>
       <LongitudeDegrees>100.4351410</LongitudeDegrees>
      </Position>
      <AltitudeMeters>5.8</AltitudeMeters>
      <DistanceMeters>1474.1</DistanceMeters>
      <HeartRateBpm>
       <Value>156</Value>
      </HeartRateBpm>
      <Extensions>
       <TPX xmlns="http://www.garmin.com/xmlschemas/ActivityExtension/v2">
        <Speed>3.7</Speed>
       </TPX>
      </Extensions>
     </Trackpoint>
     <Trackpoint>
      <Time>2026-08-18T10:24:23Z</Time>
      <Position>
       <LatitudeDegrees>5.2369430</LatitudeDegrees>
       <LongitudeDegrees>100.4351720</LongitudeDegrees>
      </Position>
      <AltitudeMeters>5.7</AltitudeMeters>
      <DistanceMeters>1477.5</DistanceMeters>
      <HeartRateBpm>
       <Value>156</Value>
      </HeartRateBpm>
      <Extensions>
       <TPX xmlns="http://www.garmin.com/xmlschemas/ActivityExtension/v2">
        <Speed>3.7</Speed>
       </TPX>
      </Extensions>
     </Trackpoint>
     <Trackpoint>
      <Time>2026-08-18T10:24:24Z</Time>
      <Position>
       <LatitudeDegrees>5.2369490</LatitudeDegrees>
       <LongitudeDegrees>100.4352010</LongitudeDegrees>
      </Position>
      <AltitudeMeters>5.7</AltitudeMeters>
      <DistanceMeters>1480.8</DistanceMeters>
      <HeartRateBpm>
       <Value>156</Value>
      </HeartRateBpm>
      <Extensions>
       <TPX xmlns="http://www.garmin.com/xmlschemas/ActivityExtension/v2">
        <Speed>3.6</Speed>
       </TPX>
      </Extensions>
     </Trackpoint>
     <Trackpoint>
      <Time>2026-08-18T10:24:25Z</Time>
      <Position>
       <LatitudeDegrees>5.2369560</LatitudeDegrees>
       <LongitudeDegrees>100.4352270</LongitudeDegrees>
      </Position>
      <AltitudeMeters>5.7</AltitudeMeters>
      <DistanceMeters>1483.8</DistanceMeters>
      <HeartRateBpm>
       <Value>156</Value>
      </HeartRateBpm>
      <Extensions>
       <TPX xmlns="http://www.garmin.com/xmlschemas/ActivityExtension/v2">
        <Speed>3.5</Speed>
       </TPX>
      </Extensions>
     </Trackpoint>
     <Trackpoint>
      <Time>2026-08-18T10:24:26Z</Time>
      <Position>
       <LatitudeDegrees>5.2369620</LatitudeDegrees>
       <LongitudeDegrees>100.4352560</LongitudeDegrees>
      </Position>
      <AltitudeMeters>5.7</AltitudeMeters>
      <DistanceMeters>1487.1</DistanceMeters>
      <HeartRateBpm>
       <Value>156</Value>
      </HeartRateBpm>
      <Extensions>
       <TPX xmlns="http://www.garmin.com/xmlschemas/ActivityExtension/v2">
        <Speed>3.5</Speed>
       </TPX>
      </Extensions>
     </Trackpoint>
     <Trackpoint>
      <Time>2026-08-18T10:24:27Z</Time>
      <Position>
       <LatitudeDegrees>5.2369680</LatitudeDegrees>
       <LongitudeDegrees>100.4352840</LongitudeDegrees>
      </Position>
      <AltitudeMeters>5.7</AltitudeMeters>
      <DistanceMeters>1490.3</DistanceMeters>
      <HeartRateBpm>
       <Value>156</Value>
      </HeartRateBpm>
      <Extensions>
       <TPX xmlns="http://www.garmin.com/xmlschemas/ActivityExtension/v2">
        <Speed>3.2</Speed>
       </TPX>
      </Extensions>
     </Trackpoint>
     <Trackpoint>
      <Time>2026-08-18T10:24:28Z</Time>
      <Position>
       <LatitudeDegrees>5.2369730</LatitudeDegrees>
       <LongitudeDegrees>100.4353100</LongitudeDegrees>
      </Position>
      <AltitudeMeters>5.7</AltitudeMeters>
      <DistanceMeters>1493.2</DistanceMeters>
      <HeartRateBpm>
       <Value>157</Value>
      </HeartRateBpm>
      <Extensions>
       <TPX xmlns="http://www.garmin.com/xmlschemas/ActivityExtension/v2">
        <Speed>3.1</Speed>
       </TPX>
      </Extensions>
     </Trackpoint>
     <Trackpoint>
      <Time>2026-08-18T10:24:29Z</Time>
      <Position>
       <LatitudeDegrees>5.2369790</LatitudeDegrees>
       <LongitudeDegrees>100.4353400</LongitudeDegrees>
      </Position>
      <AltitudeMeters>5.7</AltitudeMeters>
      <DistanceMeters>1496.5</DistanceMeters>
      <HeartRateBpm>
       <Value>157</Value>
      </HeartRateBpm>
      <Extensions>
       <TPX xmlns="http://www.garmin.com/xmlschemas/ActivityExtension/v2">
        <Speed>3.1</Speed>
       </TPX>
      </Extensions>
     </Trackpoint>
     <Trackpoint>
      <Time>2026-08-18T10:24:30Z</Time>
      <Position>
       <LatitudeDegrees>5.2369850</LatitudeDegrees>
       <LongitudeDegrees>100.4353730</LongitudeDegrees>
      </Position>
      <AltitudeMeters>5.7</AltitudeMeters>
      <DistanceMeters>1500.2</DistanceMeters>
      <HeartRateBpm>
       <Value>157</Value>
      </HeartRateBpm>
      <Extensions>
       <TPX xmlns="http://www.garmin.com/xmlschemas/ActivityExtension/v2">
        <Speed>3.3</Speed>
       </TPX>
      </Extensions>
     </Trackpoint>
     <Trackpoint>
      <Time>2026-08-18T10:24:31Z</Time>
      <Position>
       <LatitudeDegrees>5.2369930</LatitudeDegrees>
       <LongitudeDegrees>100.4354020</LongitudeDegrees>
      </Position>
      <AltitudeMeters>5.7</AltitudeMeters>
      <DistanceMeters>1503.6</DistanceMeters>
      <HeartRateBpm>
       <Value>156</Value>
      </HeartRateBpm>
      <Extensions>
       <TPX xmlns="http://www.garmin.com/xmlschemas/ActivityExtension/v2">
        <Speed>3.3</Speed>
       </TPX>
      </Extensions>
     </Trackpoint>
     <Trackpoint>
      <Time>2026-08-18T10:24:32Z</Time>
      <Position>
       <LatitudeDegrees>5.2370050</LatitudeDegrees>
       <LongitudeDegrees>100.4354310</LongitudeDegrees>
      </Position>
      <AltitudeMeters>5.7</AltitudeMeters>
      <DistanceMeters>1507.1</DistanceMeters>
      <HeartRateBpm>
       <Value>156</Value>
      </HeartRateBpm>
      <Extensions>
       <TPX xmlns="http://www.garmin.com/xmlschemas/ActivityExtension/v2">
        <Speed>3.4</Speed>
       </TPX>
      </Extensions>
     </Trackpoint>
     <Trackpoint>
      <Time>2026-08-18T10:24:33Z</Time>
      <Position>
       <LatitudeDegrees>5.2370140</LatitudeDegrees>
       <LongitudeDegrees>100.4354590</LongitudeDegrees>
      </Position>
      <AltitudeMeters>5.7</AltitudeMeters>
      <DistanceMeters>1510.3</DistanceMeters>
      <HeartRateBpm>
       <Value>156</Value>
      </HeartRateBpm>
      <Extensions>
       <TPX xmlns="http://www.garmin.com/xmlschemas/ActivityExtension/v2">
        <Speed>3.4</Speed>
       </TPX>
      </Extensions>
     </Trackpoint>
     <Trackpoint>
      <Time>2026-08-18T10:24:34Z</Time>
      <Position>
       <LatitudeDegrees>5.2370200</LatitudeDegrees>
       <LongitudeDegrees>100.4354880</LongitudeDegrees>
      </Position>
      <AltitudeMeters>5.7</AltitudeMeters>
      <DistanceMeters>1513.6</DistanceMeters>
      <HeartRateBpm>
       <Value>156</Value>
      </HeartRateBpm>
      <Extensions>
       <TPX xmlns="http://www.garmin.com/xmlschemas/ActivityExtension/v2">
        <Speed>3.4</Speed>
       </TPX>
      </Extensions>
     </Trackpoint>
     <Trackpoint>
      <Time>2026-08-18T10:24:35Z</Time>
      <Position>
       <LatitudeDegrees>5.2370240</LatitudeDegrees>
       <LongitudeDegrees>100.4355170</LongitudeDegrees>
      </Position>
      <AltitudeMeters>5.7</AltitudeMeters>
      <DistanceMeters>1516.9</DistanceMeters>
      <HeartRateBpm>
       <Value>156</Value>
      </HeartRateBpm>
      <Extensions>
       <TPX xmlns="http://www.garmin.com/xmlschemas/ActivityExtension/v2">
        <Speed>3.3</Speed>
       </TPX>
      </Extensions>
     </Trackpoint>
     <Trackpoint>
      <Time>2026-08-18T10:24:36Z</Time>
      <Position>
       <LatitudeDegrees>5.2370300</LatitudeDegrees>
       <LongitudeDegrees>100.4355470</LongitudeDegrees>
      </Position>
      <AltitudeMeters>5.7</AltitudeMeters>
      <DistanceMeters>1520.2</DistanceMeters>
      <HeartRateBpm>
       <Value>156</Value>
      </HeartRateBpm>
      <Extensions>
       <TPX xmlns="http://www.garmin.com/xmlschemas/ActivityExtension/v2">
        <Speed>3.3</Speed>
       </TPX>
      </Extensions>
     </Trackpoint>
     <Trackpoint>
      <Time>2026-08-18T10:24:37Z</Time>
      <Position>
       <LatitudeDegrees>5.2370360</LatitudeDegrees>
       <LongitudeDegrees>100.4355730</LongitudeDegrees>
      </Position>
      <AltitudeMeters>5.7</AltitudeMeters>
      <DistanceMeters>1523.2</DistanceMeters>
      <HeartRateBpm>
       <Value>157</Value>
      </HeartRateBpm>
      <Extensions>
       <TPX xmlns="http://www.garmin.com/xmlschemas/ActivityExtension/v2">
        <Speed>3.2</Speed>
       </TPX>
      </Extensions>
     </Trackpoint>
     <Trackpoint>
      <Time>2026-08-18T10:24:38Z</Time>
      <Position>
       <LatitudeDegrees>5.2370420</LatitudeDegrees>
       <LongitudeDegrees>100.4356070</LongitudeDegrees>
      </Position>
      <AltitudeMeters>5.7</AltitudeMeters>
      <DistanceMeters>1527.0</DistanceMeters>
      <HeartRateBpm>
       <Value>157</Value>
      </HeartRateBpm>
      <Extensions>
       <TPX xmlns="http://www.garmin.com/xmlschemas/ActivityExtension/v2">
        <Speed>3.3</Speed>
       </TPX>
      </Extensions>
     </Trackpoint>
     <Trackpoint>
      <Time>2026-08-18T10:24:39Z</Time>
      <Position>
       <LatitudeDegrees>5.2370480</LatitudeDegrees>
       <LongitudeDegrees>100.4356370</LongitudeDegrees>
      </Position>
      <AltitudeMeters>5.7</AltitudeMeters>
      <DistanceMeters>1530.4</DistanceMeters>
      <HeartRateBpm>
       <Value>156</Value>
      </HeartRateBpm>
      <Extensions>
       <TPX xmlns="http://www.garmin.com/xmlschemas/ActivityExtension/v2">
        <Speed>3.4</Speed>
       </TPX>
      </Extensions>
     </Trackpoint>
     <Trackpoint>
      <Time>2026-08-18T10:24:40Z</Time>
      <Position>
       <LatitudeDegrees>5.2370540</LatitudeDegrees>
       <LongitudeDegrees>100.4356650</LongitudeDegrees>
      </Position>
      <AltitudeMeters>5.7</AltitudeMeters>
      <DistanceMeters>1533.5</DistanceMeters>
      <HeartRateBpm>
       <Value>156</Value>
      </HeartRateBpm>
      <Extensions>
       <TPX xmlns="http://www.garmin.com/xmlschemas/ActivityExtension/v2">
        <Speed>3.3</Speed>
       </TPX>
      </Extensions>
     </Trackpoint>
     <Trackpoint>
      <Time>2026-08-18T10:24:41Z</Time>
      <Position>
       <LatitudeDegrees>5.2370600</LatitudeDegrees>
       <LongitudeDegrees>100.4356900</LongitudeDegrees>
      </Position>
      <AltitudeMeters>5.7</AltitudeMeters>
      <DistanceMeters>1536.4</DistanceMeters>
      <HeartRateBpm>
       <Value>156</Value>
      </HeartRateBpm>
      <Extensions>
       <TPX xmlns="http://www.garmin.com/xmlschemas/ActivityExtension/v2">
        <Speed>3.2</Speed>
       </TPX>
      </Extensions>
     </Trackpoint>
     <Trackpoint>
      <Time>2026-08-18T10:24:42Z</Time>
      <Position>
       <LatitudeDegrees>5.2370660</LatitudeDegrees>
       <LongitudeDegrees>100.4357180</LongitudeDegrees>
      </Position>
      <AltitudeMeters>5.7</AltitudeMeters>
      <DistanceMeters>1539.6</DistanceMeters>
      <HeartRateBpm>
       <Value>157</Value>
      </HeartRateBpm>
      <Extensions>
       <TPX xmlns="http://www.garmin.com/xmlschemas/ActivityExtension/v2">
        <Speed>3.3</Speed>
       </TPX>
      </Extensions>
     </Trackpoint>
     <Trackpoint>
      <Time>2026-08-18T10:24:43Z</Time>
      <Position>
       <LatitudeDegrees>5.2370740</LatitudeDegrees>
       <LongitudeDegrees>100.4357470</LongitudeDegrees>
      </Position>
      <AltitudeMeters>5.7</AltitudeMeters>
      <DistanceMeters>1542.9</DistanceMeters>
      <HeartRateBpm>
       <Value>157</Value>
      </HeartRateBpm>
      <Extensions>
       <TPX xmlns="http://www.garmin.com/xmlschemas/ActivityExtension/v2">
        <Speed>3.2</Speed>
       </TPX>
      </Extensions>
     </Trackpoint>
     <Trackpoint>
      <Time>2026-08-18T10:24:44Z</Time>
      <Position>
       <LatitudeDegrees>5.2370810</LatitudeDegrees>
       <LongitudeDegrees>100.4357760</LongitudeDegrees>
      </Position>
      <AltitudeMeters>5.7</AltitudeMeters>
      <DistanceMeters>1546.2</DistanceMeters>
      <HeartRateBpm>
       <Value>157</Value>
      </HeartRateBpm>
      <Extensions>
       <TPX xmlns="http://www.garmin.com/xmlschemas/ActivityExtension/v2">
        <Speed>3.2</Speed>
       </TPX>
      </Extensions>
     </Trackpoint>
     <Trackpoint>
      <Time>2026-08-18T10:24:45Z</Time>
      <Position>
       <LatitudeDegrees>5.2370840</LatitudeDegrees>
       <LongitudeDegrees>100.4358050</LongitudeDegrees>
      </Position>
      <AltitudeMeters>5.7</AltitudeMeters>
      <DistanceMeters>1549.4</DistanceMeters>
      <HeartRateBpm>
       <Value>157</Value>
      </HeartRateBpm>
      <Extensions>
       <TPX xmlns="http://www.garmin.com/xmlschemas/ActivityExtension/v2">
        <Speed>3.2</Speed>
       </TPX>
      </Extensions>
     </Trackpoint>
     <Trackpoint>
      <Time>2026-08-18T10:24:46Z</Time>
      <Position>
       <LatitudeDegrees>5.2370840</LatitudeDegrees>
       <LongitudeDegrees>100.4358320</LongitudeDegrees>
      </Position>
      <AltitudeMeters>5.7</AltitudeMeters>
      <DistanceMeters>1552.4</DistanceMeters>
      <HeartRateBpm>
       <Value>156</Value>
      </HeartRateBpm>
      <Extensions>
       <TPX xmlns="http://www.garmin.com/xmlschemas/ActivityExtension/v2">
        <Speed>3.2</Speed>
       </TPX>
      </Extensions>
     </Trackpoint>
     <Trackpoint>
      <Time>2026-08-18T10:24:47Z</Time>
      <Position>
       <LatitudeDegrees>5.2370850</LatitudeDegrees>
       <LongitudeDegrees>100.4358660</LongitudeDegrees>
      </Position>
      <AltitudeMeters>5.7</AltitudeMeters>
      <DistanceMeters>1556.2</DistanceMeters>
      <HeartRateBpm>
       <Value>156</Value>
      </HeartRateBpm>
      <Extensions>
       <TPX xmlns="http://www.garmin.com/xmlschemas/ActivityExtension/v2">
        <Speed>3.3</Speed>
       </TPX>
      </Extensions>
     </Trackpoint>
     <Trackpoint>
      <Time>2026-08-18T10:24:48Z</Time>
      <Position>
       <LatitudeDegrees>5.2370910</LatitudeDegrees>
       <LongitudeDegrees>100.4359000</LongitudeDegrees>
      </Position>
      <AltitudeMeters>5.7</AltitudeMeters>
      <DistanceMeters>1560.0</DistanceMeters>
      <HeartRateBpm>
       <Value>156</Value>
      </HeartRateBpm>
      <Extensions>
       <TPX xmlns="http://www.garmin.com/xmlschemas/ActivityExtension/v2">
        <Speed>3.4</Speed>
       </TPX>
      </Extensions>
     </Trackpoint>
     <Trackpoint>
      <Time>2026-08-18T10:24:49Z</Time>
      <Position>
       <LatitudeDegrees>5.2371000</LatitudeDegrees>
       <LongitudeDegrees>100.4359330</LongitudeDegrees>
      </Position>
      <AltitudeMeters>5.7</AltitudeMeters>
      <DistanceMeters>1563.8</DistanceMeters>
      <HeartRateBpm>
       <Value>156</Value>
      </HeartRateBpm>
      <Extensions>
       <TPX xmlns="http://www.garmin.com/xmlschemas/ActivityExtension/v2">
        <Speed>3.5</Speed>
       </TPX>
      </Extensions>
     </Trackpoint>
     <Trackpoint>
      <Time>2026-08-18T10:24:50Z</Time>
      <Position>
       <LatitudeDegrees>5.2371060</LatitudeDegrees>
       <LongitudeDegrees>100.4359620</LongitudeDegrees>
      </Position>
      <AltitudeMeters>5.7</AltitudeMeters>
      <DistanceMeters>1567.2</DistanceMeters>
      <HeartRateBpm>
       <Value>157</Value>
      </HeartRateBpm>
      <Extensions>
       <TPX xmlns="http://www.garmin.com/xmlschemas/ActivityExtension/v2">
        <Speed>3.6</Speed>
       </TPX>
      </Extensions>
     </Trackpoint>
     <Trackpoint>
      <Time>2026-08-18T10:24:51Z</Time>
      <Position>
       <LatitudeDegrees>5.2371200</LatitudeDegrees>
       <LongitudeDegrees>100.4359920</LongitudeDegrees>
      </Position>
      <AltitudeMeters>5.7</AltitudeMeters>
      <DistanceMeters>1570.8</DistanceMeters>
      <HeartRateBpm>
       <Value>157</Value>
      </HeartRateBpm>
      <Extensions>
       <TPX xmlns="http://www.garmin.com/xmlschemas/ActivityExtension/v2">
        <Speed>3.7</Speed>
       </TPX>
      </Extensions>
     </Trackpoint>
     <Trackpoint>
      <Time>2026-08-18T10:24:52Z</Time>
      <Position>
       <LatitudeDegrees>5.2371320</LatitudeDegrees>
       <LongitudeDegrees>100.4360190</LongitudeDegrees>
      </Position>
      <AltitudeMeters>5.7</AltitudeMeters>
      <DistanceMeters>1574.1</DistanceMeters>
      <HeartRateBpm>
       <Value>157</Value>
      </HeartRateBpm>
      <Extensions>
       <TPX xmlns="http://www.garmin.com/xmlschemas/ActivityExtension/v2">
        <Speed>3.6</Speed>
       </TPX>
      </Extensions>
     </Trackpoint>
     <Trackpoint>
      <Time>2026-08-18T10:24:53Z</Time>
      <Position>
       <LatitudeDegrees>5.2371440</LatitudeDegrees>
       <LongitudeDegrees>100.4360450</LongitudeDegrees>
      </Position>
      <AltitudeMeters>5.7</AltitudeMeters>
      <DistanceMeters>1577.3</DistanceMeters>
      <HeartRateBpm>
       <Value>157</Value>
      </HeartRateBpm>
      <Extensions>
       <TPX xmlns="http://www.garmin.com/xmlschemas/ActivityExtension/v2">
        <Speed>3.5</Speed>
       </TPX>
      </Extensions>
     </Trackpoint>
     <Trackpoint>
      <Time>2026-08-18T10:24:54Z</Time>
      <Position>
       <LatitudeDegrees>5.2371540</LatitudeDegrees>
       <LongitudeDegrees>100.4360700</LongitudeDegrees>
      </Position>
      <AltitudeMeters>5.7</AltitudeMeters>
      <DistanceMeters>1580.2</DistanceMeters>
      <HeartRateBpm>
       <Value>157</Value>
      </HeartRateBpm>
      <Extensions>
       <TPX xmlns="http://www.garmin.com/xmlschemas/ActivityExtension/v2">
        <Speed>3.3</Speed>
       </TPX>
      </Extensions>
     </Trackpoint>
     <Trackpoint>
      <Time>2026-08-18T10:24:55Z</Time>
      <Position>
       <LatitudeDegrees>5.2371640</LatitudeDegrees>
       <LongitudeDegrees>100.4360960</LongitudeDegrees>
      </Position>
      <AltitudeMeters>5.7</AltitudeMeters>
      <DistanceMeters>1583.3</DistanceMeters>
      <HeartRateBpm>
       <Value>157</Value>
      </HeartRateBpm>
      <Extensions>
       <TPX xmlns="http://www.garmin.com/xmlschemas/ActivityExtension/v2">
        <Speed>3.2</Speed>
       </TPX>
      </Extensions>
     </Trackpoint>
     <Trackpoint>
      <Time>2026-08-18T10:24:56Z</Time>
      <Position>
       <LatitudeDegrees>5.2371710</LatitudeDegrees>
       <LongitudeDegrees>100.4361270</LongitudeDegrees>
      </Position>
      <AltitudeMeters>5.7</AltitudeMeters>
      <DistanceMeters>1586.8</DistanceMeters>
      <HeartRateBpm>
       <Value>157</Value>
      </HeartRateBpm>
      <Extensions>
       <TPX xmlns="http://www.garmin.com/xmlschemas/ActivityExtension/v2">
        <Speed>3.2</Speed>
       </TPX>
      </Extensions>
     </Trackpoint>
     <Trackpoint>
      <Time>2026-08-18T10:24:57Z</Time>
      <Position>
       <LatitudeDegrees>5.2371790</LatitudeDegrees>
       <LongitudeDegrees>100.4361570</LongitudeDegrees>
      </Position>
      <AltitudeMeters>5.7</AltitudeMeters>
      <DistanceMeters>1590.3</DistanceMeters>
      <HeartRateBpm>
       <Value>157</Value>
      </HeartRateBpm>
      <Extensions>
       <TPX xmlns="http://www.garmin.com/xmlschemas/ActivityExtension/v2">
        <Speed>3.2</Speed>
       </TPX>
      </Extensions>
     </Trackpoint>
     <Trackpoint>
      <Time>2026-08-18T10:24:58Z</Time>
      <Position>
       <LatitudeDegrees>5.2371870</LatitudeDegrees>
       <LongitudeDegrees>100.4361890</LongitudeDegrees>
      </Position>
      <AltitudeMeters>5.7</AltitudeMeters>
      <DistanceMeters>1593.9</DistanceMeters>
      <HeartRateBpm>
       <Value>158</Value>
      </HeartRateBpm>
      <Extensions>
       <TPX xmlns="http://www.garmin.com/xmlschemas/ActivityExtension/v2">
        <Speed>3.3</Speed>
       </TPX>
      </Extensions>
     </Trackpoint>
     <Trackpoint>
      <Time>2026-08-18T10:24:59Z</Time>
      <Position>
       <LatitudeDegrees>5.2371970</LatitudeDegrees>
       <LongitudeDegrees>100.4362160</LongitudeDegrees>
      </Position>
      <AltitudeMeters>5.7</AltitudeMeters>
      <DistanceMeters>1597.2</DistanceMeters>
      <HeartRateBpm>
       <Value>158</Value>
      </HeartRateBpm>
      <Extensions>
       <TPX xmlns="http://www.garmin.com/xmlschemas/ActivityExtension/v2">
        <Speed>3.4</Speed>
       </TPX>
      </Extensions>
     </Trackpoint>
     <Trackpoint>
      <Time>2026-08-18T10:25:00Z</Time>
      <Position>
       <LatitudeDegrees>5.2372100</LatitudeDegrees>
       <LongitudeDegrees>100.4362490</LongitudeDegrees>
      </Position>
      <AltitudeMeters>5.7</AltitudeMeters>
      <DistanceMeters>1601.1</DistanceMeters>
      <HeartRateBpm>
       <Value>158</Value>
      </HeartRateBpm>
      <Extensions>
       <TPX xmlns="http://www.garmin.com/xmlschemas/ActivityExtension/v2">
        <Speed>3.6</Speed>
       </TPX>
      </Extensions>
     </Trackpoint>
     <Trackpoint>
      <Time>2026-08-18T10:25:01Z</Time>
      <Position>
       <LatitudeDegrees>5.2372210</LatitudeDegrees>
       <LongitudeDegrees>100.4362790</LongitudeDegrees>
      </Position>
      <AltitudeMeters>5.7</AltitudeMeters>
      <DistanceMeters>1604.6</DistanceMeters>
      <HeartRateBpm>
       <Value>157</Value>
      </HeartRateBpm>
      <Extensions>
       <TPX xmlns="http://www.garmin.com/xmlschemas/ActivityExtension/v2">
        <Speed>3.6</Speed>
       </TPX>
      </Extensions>
     </Trackpoint>
     <Trackpoint>
      <Time>2026-08-18T10:25:02Z</Time>
      <Position>
       <LatitudeDegrees>5.2372310</LatitudeDegrees>
       <LongitudeDegrees>100.4363140</LongitudeDegrees>
      </Position>
      <AltitudeMeters>5.7</AltitudeMeters>
      <DistanceMeters>1608.6</DistanceMeters>
      <HeartRateBpm>
       <Value>158</Value>
      </HeartRateBpm>
      <Extensions>
       <TPX xmlns="http://www.garmin.com/xmlschemas/ActivityExtension/v2">
        <Speed>3.7</Speed>
       </TPX>
      </Extensions>
     </Trackpoint>
     <Trackpoint>
      <Time>2026-08-18T10:25:03Z</Time>
      <Position>
       <LatitudeDegrees>5.2372400</LatitudeDegrees>
       <LongitudeDegrees>100.4363470</LongitudeDegrees>
      </Position>
      <AltitudeMeters>5.7</AltitudeMeters>
      <DistanceMeters>1612.4</DistanceMeters>
      <HeartRateBpm>
       <Value>157</Value>
      </HeartRateBpm>
      <Extensions>
       <TPX xmlns="http://www.garmin.com/xmlschemas/ActivityExtension/v2">
        <Speed>3.7</Speed>
       </TPX>
      </Extensions>
     </Trackpoint>
     <Trackpoint>
      <Time>2026-08-18T10:25:04Z</Time>
      <Position>
       <LatitudeDegrees>5.2372510</LatitudeDegrees>
       <LongitudeDegrees>100.4363760</LongitudeDegrees>
      </Position>
      <AltitudeMeters>5.7</AltitudeMeters>
      <DistanceMeters>1615.9</DistanceMeters>
      <HeartRateBpm>
       <Value>157</Value>
      </HeartRateBpm>
      <Extensions>
       <TPX xmlns="http://www.garmin.com/xmlschemas/ActivityExtension/v2">
        <Speed>3.7</Speed>
       </TPX>
      </Extensions>
     </Trackpoint>
     <Trackpoint>
      <Time>2026-08-18T10:25:05Z</Time>
      <Position>
       <LatitudeDegrees>5.2372580</LatitudeDegrees>
       <LongitudeDegrees>100.4364080</LongitudeDegrees>
      </Position>
      <AltitudeMeters>5.7</AltitudeMeters>
      <DistanceMeters>1619.5</DistanceMeters>
      <HeartRateBpm>
       <Value>158</Value>
      </HeartRateBpm>
      <Extensions>
       <TPX xmlns="http://www.garmin.com/xmlschemas/ActivityExtension/v2">
        <Speed>3.7</Speed>
       </TPX>
      </Extensions>
     </Trackpoint>
     <Trackpoint>
      <Time>2026-08-18T10:25:06Z</Time>
      <Position>
       <LatitudeDegrees>5.2372660</LatitudeDegrees>
       <LongitudeDegrees>100.4364360</LongitudeDegrees>
      </Position>
      <AltitudeMeters>5.7</AltitudeMeters>
      <DistanceMeters>1622.7</DistanceMeters>
      <HeartRateBpm>
       <Value>158</Value>
      </HeartRateBpm>
      <Extensions>
       <TPX xmlns="http://www.garmin.com/xmlschemas/ActivityExtension/v2">
        <Speed>3.6</Speed>
       </TPX>
      </Extensions>
     </Trackpoint>
     <Trackpoint>
      <Time>2026-08-18T10:25:07Z</Time>
      <Position>
       <LatitudeDegrees>5.2372780</LatitudeDegrees>
       <LongitudeDegrees>100.4364630</LongitudeDegrees>
      </Position>
      <AltitudeMeters>5.7</AltitudeMeters>
      <DistanceMeters>1626.0</DistanceMeters>
      <HeartRateBpm>
       <Value>158</Value>
      </HeartRateBpm>
      <Extensions>
       <TPX xmlns="http://www.garmin.com/xmlschemas/ActivityExtension/v2">
        <Speed>3.5</Speed>
       </TPX>
      </Extensions>
     </Trackpoint>
     <Trackpoint>
      <Time>2026-08-18T10:25:08Z</Time>
      <Position>
       <LatitudeDegrees>5.2372900</LatitudeDegrees>
       <LongitudeDegrees>100.4364900</LongitudeDegrees>
      </Position>
      <AltitudeMeters>5.7</AltitudeMeters>
      <DistanceMeters>1629.2</DistanceMeters>
      <HeartRateBpm>
       <Value>158</Value>
      </HeartRateBpm>
      <Extensions>
       <TPX xmlns="http://www.garmin.com/xmlschemas/ActivityExtension/v2">
        <Speed>3.4</Speed>
       </TPX>
      </Extensions>
     </Trackpoint>
     <Trackpoint>
      <Time>2026-08-18T10:25:09Z</Time>
      <Position>
       <LatitudeDegrees>5.2373000</LatitudeDegrees>
       <LongitudeDegrees>100.4365140</LongitudeDegrees>
      </Position>
      <AltitudeMeters>5.7</AltitudeMeters>
      <DistanceMeters>1632.1</DistanceMeters>
      <HeartRateBpm>
       <Value>158</Value>
      </HeartRateBpm>
      <Extensions>
       <TPX xmlns="http://www.garmin.com/xmlschemas/ActivityExtension/v2">
        <Speed>3.2</Speed>
       </TPX>
      </Extensions>
     </Trackpoint>
     <Trackpoint>
      <Time>2026-08-18T10:25:10Z</Time>
      <Position>
       <LatitudeDegrees>5.2373070</LatitudeDegrees>
       <LongitudeDegrees>100.4365370</LongitudeDegrees>
      </Position>
      <AltitudeMeters>5.7</AltitudeMeters>
      <DistanceMeters>1634.8</DistanceMeters>
      <HeartRateBpm>
       <Value>158</Value>
      </HeartRateBpm>
      <Extensions>
       <TPX xmlns="http://www.garmin.com/xmlschemas/ActivityExtension/v2">
        <Speed>3.1</Speed>
       </TPX>
      </Extensions>
     </Trackpoint>
     <Trackpoint>
      <Time>2026-08-18T10:25:11Z</Time>
      <Position>
       <LatitudeDegrees>5.2373100</LatitudeDegrees>
       <LongitudeDegrees>100.4365590</LongitudeDegrees>
      </Position>
      <AltitudeMeters>5.7</AltitudeMeters>
      <DistanceMeters>1637.3</DistanceMeters>
      <HeartRateBpm>
       <Value>158</Value>
      </HeartRateBpm>
      <Extensions>
       <TPX xmlns="http://www.garmin.com/xmlschemas/ActivityExtension/v2">
        <Speed>2.9</Speed>
       </TPX>
      </Extensions>
     </Trackpoint>
     <Trackpoint>
      <Time>2026-08-18T10:25:12Z</Time>
      <Position>
       <LatitudeDegrees>5.2373160</LatitudeDegrees>
       <LongitudeDegrees>100.4365840</LongitudeDegrees>
      </Position>
      <AltitudeMeters>5.7</AltitudeMeters>
      <DistanceMeters>1640.1</DistanceMeters>
      <HeartRateBpm>
       <Value>159</Value>
      </HeartRateBpm>
      <Extensions>
       <TPX xmlns="http://www.garmin.com/xmlschemas/ActivityExtension/v2">
        <Speed>2.8</Speed>
       </TPX>
      </Extensions>
     </Trackpoint>
     <Trackpoint>
      <Time>2026-08-18T10:25:13Z</Time>
      <Position>
       <LatitudeDegrees>5.2373230</LatitudeDegrees>
       <LongitudeDegrees>100.4366070</LongitudeDegrees>
      </Position>
      <AltitudeMeters>5.7</AltitudeMeters>
      <DistanceMeters>1642.7</DistanceMeters>
      <HeartRateBpm>
       <Value>158</Value>
      </HeartRateBpm>
      <Extensions>
       <TPX xmlns="http://www.garmin.com/xmlschemas/ActivityExtension/v2">
        <Speed>2.7</Speed>
       </TPX>
      </Extensions>
     </Trackpoint>
     <Trackpoint>
      <Time>2026-08-18T10:25:14Z</Time>
      <Position>
       <LatitudeDegrees>5.2373320</LatitudeDegrees>
       <LongitudeDegrees>100.4366320</LongitudeDegrees>
      </Position>
      <AltitudeMeters>5.7</AltitudeMeters>
      <DistanceMeters>1645.6</DistanceMeters>
      <HeartRateBpm>
       <Value>157</Value>
      </HeartRateBpm>
      <Extensions>
       <TPX xmlns="http://www.garmin.com/xmlschemas/ActivityExtension/v2">
        <Speed>2.7</Speed>
       </TPX>
      </Extensions>
     </Trackpoint>
     <Trackpoint>
      <Time>2026-08-18T10:25:15Z</Time>
      <Position>
       <LatitudeDegrees>5.2373410</LatitudeDegrees>
       <LongitudeDegrees>100.4366560</LongitudeDegrees>
      </Position>
      <AltitudeMeters>5.7</AltitudeMeters>
      <DistanceMeters>1648.4</DistanceMeters>
      <HeartRateBpm>
       <Value>158</Value>
      </HeartRateBpm>
      <Extensions>
       <TPX xmlns="http://www.garmin.com/xmlschemas/ActivityExtension/v2">
        <Speed>2.7</Speed>
       </TPX>
      </Extensions>
     </Trackpoint>
     <Trackpoint>
      <Time>2026-08-18T10:25:16Z</Time>
      <Position>
       <LatitudeDegrees>5.2373420</LatitudeDegrees>
       <LongitudeDegrees>100.4366830</LongitudeDegrees>
      </Position>
      <AltitudeMeters>5.7</AltitudeMeters>
      <DistanceMeters>1651.4</DistanceMeters>
      <HeartRateBpm>
       <Value>158</Value>
      </HeartRateBpm>
      <Extensions>
       <TPX xmlns="http://www.garmin.com/xmlschemas/ActivityExtension/v2">
        <Speed>2.8</Speed>
       </TPX>
      </Extensions>
     </Trackpoint>
     <Trackpoint>
      <Time>2026-08-18T10:25:17Z</Time>
      <Position>
       <LatitudeDegrees>5.2373360</LatitudeDegrees>
       <LongitudeDegrees>100.4367090</LongitudeDegrees>
      </Position>
      <AltitudeMeters>5.8</AltitudeMeters>
      <DistanceMeters>1654.4</DistanceMeters>
      <HeartRateBpm>
       <Value>159</Value>
      </HeartRateBpm>
      <Extensions>
       <TPX xmlns="http://www.garmin.com/xmlschemas/ActivityExtension/v2">
        <Speed>2.9</Speed>
       </TPX>
      </Extensions>
     </Trackpoint>
     <Trackpoint>
      <Time>2026-08-18T10:25:18Z</Time>
      <Position>
       <LatitudeDegrees>5.2373340</LatitudeDegrees>
       <LongitudeDegrees>100.4367400</LongitudeDegrees>
      </Position>
      <AltitudeMeters>5.8</AltitudeMeters>
      <DistanceMeters>1657.8</DistanceMeters>
      <HeartRateBpm>
       <Value>159</Value>
      </HeartRateBpm>
      <Extensions>
       <TPX xmlns="http://www.garmin.com/xmlschemas/ActivityExtension/v2">
        <Speed>3.0</Speed>
       </TPX>
      </Extensions>
     </Trackpoint>
     <Trackpoint>
      <Time>2026-08-18T10:25:19Z</Time>
      <Position>
       <LatitudeDegrees>5.2373430</LatitudeDegrees>
       <LongitudeDegrees>100.4367680</LongitudeDegrees>
      </Position>
      <AltitudeMeters>5.8</AltitudeMeters>
      <DistanceMeters>1661.0</DistanceMeters>
      <HeartRateBpm>
       <Value>159</Value>
      </HeartRateBpm>
      <Extensions>
       <TPX xmlns="http://www.garmin.com/xmlschemas/ActivityExtension/v2">
        <Speed>3.1</Speed>
       </TPX>
      </Extensions>
     </Trackpoint>
     <Trackpoint>
      <Time>2026-08-18T10:25:20Z</Time>
      <Position>
       <LatitudeDegrees>5.2373520</LatitudeDegrees>
       <LongitudeDegrees>100.4367970</LongitudeDegrees>
      </Position>
      <AltitudeMeters>5.8</AltitudeMeters>
      <DistanceMeters>1664.4</DistanceMeters>
      <HeartRateBpm>
       <Value>159</Value>
      </HeartRateBpm>
      <Extensions>
       <TPX xmlns="http://www.garmin.com/xmlschemas/ActivityExtension/v2">
        <Speed>3.2</Speed>
       </TPX>
      </Extensions>
     </Trackpoint>
     <Trackpoint>
      <Time>2026-08-18T10:25:21Z</Time>
      <Position>
       <LatitudeDegrees>5.2373580</LatitudeDegrees>
       <LongitudeDegrees>100.4368290</LongitudeDegrees>
      </Position>
      <AltitudeMeters>5.8</AltitudeMeters>
      <DistanceMeters>1668.1</DistanceMeters>
      <HeartRateBpm>
       <Value>159</Value>
      </HeartRateBpm>
      <Extensions>
       <TPX xmlns="http://www.garmin.com/xmlschemas/ActivityExtension/v2">
        <Speed>3.3</Speed>
       </TPX>
      </Extensions>
     </Trackpoint>
     <Trackpoint>
      <Time>2026-08-18T10:25:22Z</Time>
      <Position>
       <LatitudeDegrees>5.2373640</LatitudeDegrees>
       <LongitudeDegrees>100.4368560</LongitudeDegrees>
      </Position>
      <AltitudeMeters>5.8</AltitudeMeters>
      <DistanceMeters>1671.1</DistanceMeters>
      <HeartRateBpm>
       <Value>158</Value>
      </HeartRateBpm>
      <Extensions>
       <TPX xmlns="http://www.garmin.com/xmlschemas/ActivityExtension/v2">
        <Speed>3.3</Speed>
       </TPX>
      </Extensions>
     </Trackpoint>
     <Trackpoint>
      <Time>2026-08-18T10:25:23Z</Time>
      <Position>
       <LatitudeDegrees>5.2373700</LatitudeDegrees>
       <LongitudeDegrees>100.4368840</LongitudeDegrees>
      </Position>
      <AltitudeMeters>5.8</AltitudeMeters>
      <DistanceMeters>1674.3</DistanceMeters>
      <HeartRateBpm>
       <Value>157</Value>
      </HeartRateBpm>
      <Extensions>
       <TPX xmlns="http://www.garmin.com/xmlschemas/ActivityExtension/v2">
        <Speed>3.3</Speed>
       </TPX>
      </Extensions>
     </Trackpoint>
     <Trackpoint>
      <Time>2026-08-18T10:25:24Z</Time>
      <Position>
       <LatitudeDegrees>5.2373770</LatitudeDegrees>
       <LongitudeDegrees>100.4369150</LongitudeDegrees>
      </Position>
      <AltitudeMeters>5.8</AltitudeMeters>
      <DistanceMeters>1677.8</DistanceMeters>
      <HeartRateBpm>
       <Value>157</Value>
      </HeartRateBpm>
      <Extensions>
       <TPX xmlns="http://www.garmin.com/xmlschemas/ActivityExtension/v2">
        <Speed>3.4</Speed>
       </TPX>
      </Extensions>
     </Trackpoint>
     <Trackpoint>
      <Time>2026-08-18T10:25:25Z</Time>
      <Position>
       <LatitudeDegrees>5.2373870</LatitudeDegrees>
       <LongitudeDegrees>100.4369440</LongitudeDegrees>
      </Position>
      <AltitudeMeters>5.8</AltitudeMeters>
      <DistanceMeters>1681.2</DistanceMeters>
      <HeartRateBpm>
       <Value>157</Value>
      </HeartRateBpm>
      <Extensions>
       <TPX xmlns="http://www.garmin.com/xmlschemas/ActivityExtension/v2">
        <Speed>3.4</Speed>
       </TPX>
      </Extensions>
     </Trackpoint>
     <Trackpoint>
      <Time>2026-08-18T10:25:26Z</Time>
      <Position>
       <LatitudeDegrees>5.2374000</LatitudeDegrees>
       <LongitudeDegrees>100.4369720</LongitudeDegrees>
      </Position>
      <AltitudeMeters>5.8</AltitudeMeters>
      <DistanceMeters>1684.6</DistanceMeters>
      <HeartRateBpm>
       <Value>158</Value>
      </HeartRateBpm>
      <Extensions>
       <TPX xmlns="http://www.garmin.com/xmlschemas/ActivityExtension/v2">
        <Speed>3.3</Speed>
       </TPX>
      </Extensions>
     </Trackpoint>
     <Trackpoint>
      <Time>2026-08-18T10:25:27Z</Time>
      <Position>
       <LatitudeDegrees>5.2374120</LatitudeDegrees>
       <LongitudeDegrees>100.4369980</LongitudeDegrees>
      </Position>
      <AltitudeMeters>5.8</AltitudeMeters>
      <DistanceMeters>1687.8</DistanceMeters>
      <HeartRateBpm>
       <Value>158</Value>
      </HeartRateBpm>
      <Extensions>
       <TPX xmlns="http://www.garmin.com/xmlschemas/ActivityExtension/v2">
        <Speed>3.3</Speed>
       </TPX>
      </Extensions>
     </Trackpoint>
     <Trackpoint>
      <Time>2026-08-18T10:25:28Z</Time>
      <Position>
       <LatitudeDegrees>5.2374210</LatitudeDegrees>
       <LongitudeDegrees>100.4370260</LongitudeDegrees>
      </Position>
      <AltitudeMeters>5.8</AltitudeMeters>
      <DistanceMeters>1691.0</DistanceMeters>
      <HeartRateBpm>
       <Value>158</Value>
      </HeartRateBpm>
      <Extensions>
       <TPX xmlns="http://www.garmin.com/xmlschemas/ActivityExtension/v2">
        <Speed>3.3</Speed>
       </TPX>
      </Extensions>
     </Trackpoint>
     <Trackpoint>
      <Time>2026-08-18T10:25:29Z</Time>
      <Position>
       <LatitudeDegrees>5.2374300</LatitudeDegrees>
       <LongitudeDegrees>100.4370510</LongitudeDegrees>
      </Position>
      <AltitudeMeters>5.8</AltitudeMeters>
      <DistanceMeters>1694.0</DistanceMeters>
      <HeartRateBpm>
       <Value>157</Value>
      </HeartRateBpm>
      <Extensions>
       <TPX xmlns="http://www.garmin.com/xmlschemas/ActivityExtension/v2">
        <Speed>3.2</Speed>
       </TPX>
      </Extensions>
     </Trackpoint>
     <Trackpoint>
      <Time>2026-08-18T10:25:30Z</Time>
      <Position>
       <LatitudeDegrees>5.2374370</LatitudeDegrees>
       <LongitudeDegrees>100.4370730</LongitudeDegrees>
      </Position>
      <AltitudeMeters>5.8</AltitudeMeters>
      <DistanceMeters>1696.5</DistanceMeters>
      <HeartRateBpm>
       <Value>157</Value>
      </HeartRateBpm>
      <Extensions>
       <TPX xmlns="http://www.garmin.com/xmlschemas/ActivityExtension/v2">
        <Speed>3.1</Speed>
       </TPX>
      </Extensions>
     </Trackpoint>
     <Trackpoint>
      <Time>2026-08-18T10:25:31Z</Time>
      <Position>
       <LatitudeDegrees>5.2374430</LatitudeDegrees>
       <LongitudeDegrees>100.4370910</LongitudeDegrees>
      </Position>
      <AltitudeMeters>5.8</AltitudeMeters>
      <DistanceMeters>1698.6</DistanceMeters>
      <HeartRateBpm>
       <Value>157</Value>
      </HeartRateBpm>
      <Extensions>
       <TPX xmlns="http://www.garmin.com/xmlschemas/ActivityExtension/v2">
        <Speed>2.8</Speed>
       </TPX>
      </Extensions>
     </Trackpoint>
     <Trackpoint>
      <Time>2026-08-18T10:25:32Z</Time>
      <Position>
       <LatitudeDegrees>5.2374490</LatitudeDegrees>
       <LongitudeDegrees>100.4371000</LongitudeDegrees>
      </Position>
      <AltitudeMeters>5.8</AltitudeMeters>
      <DistanceMeters>1699.8</DistanceMeters>
      <HeartRateBpm>
       <Value>157</Value>
      </HeartRateBpm>
      <Extensions>
       <TPX xmlns="http://www.garmin.com/xmlschemas/ActivityExtension/v2">
        <Speed>2.4</Speed>
       </TPX>
      </Extensions>
     </Trackpoint>
     <Trackpoint>
      <Time>2026-08-18T10:25:33Z</Time>
      <Position>
       <LatitudeDegrees>5.2374620</LatitudeDegrees>
       <LongitudeDegrees>100.4371370</LongitudeDegrees>
      </Position>
      <AltitudeMeters>5.9</AltitudeMeters>
      <DistanceMeters>1704.1</DistanceMeters>
      <HeartRateBpm>
       <Value>158</Value>
      </HeartRateBpm>
      <Extensions>
       <TPX xmlns="http://www.garmin.com/xmlschemas/ActivityExtension/v2">
        <Speed>2.6</Speed>
       </TPX>
      </Extensions>
     </Trackpoint>
     <Trackpoint>
      <Time>2026-08-18T10:25:34Z</Time>
      <Position>
       <LatitudeDegrees>5.2374740</LatitudeDegrees>
       <LongitudeDegrees>100.4371660</LongitudeDegrees>
      </Position>
      <AltitudeMeters>5.9</AltitudeMeters>
      <DistanceMeters>1707.6</DistanceMeters>
      <HeartRateBpm>
       <Value>158</Value>
      </HeartRateBpm>
      <Extensions>
       <TPX xmlns="http://www.garmin.com/xmlschemas/ActivityExtension/v2">
        <Speed>2.7</Speed>
       </TPX>
      </Extensions>
     </Trackpoint>
     <Trackpoint>
      <Time>2026-08-18T10:25:35Z</Time>
      <Position>
       <LatitudeDegrees>5.2374860</LatitudeDegrees>
       <LongitudeDegrees>100.4371940</LongitudeDegrees>
      </Position>
      <AltitudeMeters>5.9</AltitudeMeters>
      <DistanceMeters>1711.0</DistanceMeters>
      <HeartRateBpm>
       <Value>159</Value>
      </HeartRateBpm>
      <Extensions>
       <TPX xmlns="http://www.garmin.com/xmlschemas/ActivityExtension/v2">
        <Speed>2.9</Speed>
       </TPX>
      </Extensions>
     </Trackpoint>
     <Trackpoint>
      <Time>2026-08-18T10:25:36Z</Time>
      <Position>
       <LatitudeDegrees>5.2374960</LatitudeDegrees>
       <LongitudeDegrees>100.4372210</LongitudeDegrees>
      </Position>
      <AltitudeMeters>5.9</AltitudeMeters>
      <DistanceMeters>1714.2</DistanceMeters>
      <HeartRateBpm>
       <Value>158</Value>
      </HeartRateBpm>
      <Extensions>
       <TPX xmlns="http://www.garmin.com/xmlschemas/ActivityExtension/v2">
        <Speed>3.1</Speed>
       </TPX>
      </Extensions>
     </Trackpoint>
     <Trackpoint>
      <Time>2026-08-18T10:25:37Z</Time>
      <Position>
       <LatitudeDegrees>5.2375030</LatitudeDegrees>
       <LongitudeDegrees>100.4372480</LongitudeDegrees>
      </Position>
      <AltitudeMeters>5.9</AltitudeMeters>
      <DistanceMeters>1717.3</DistanceMeters>
      <HeartRateBpm>
       <Value>158</Value>
      </HeartRateBpm>
      <Extensions>
       <TPX xmlns="http://www.garmin.com/xmlschemas/ActivityExtension/v2">
        <Speed>3.5</Speed>
       </TPX>
      </Extensions>
     </Trackpoint>
     <Trackpoint>
      <Time>2026-08-18T10:25:38Z</Time>
      <Position>
       <LatitudeDegrees>5.2375050</LatitudeDegrees>
       <LongitudeDegrees>100.4372740</LongitudeDegrees>
      </Position>
      <AltitudeMeters>5.9</AltitudeMeters>
      <DistanceMeters>1720.1</DistanceMeters>
      <HeartRateBpm>
       <Value>157</Value>
      </HeartRateBpm>
      <Extensions>
       <TPX xmlns="http://www.garmin.com/xmlschemas/ActivityExtension/v2">
        <Speed>3.2</Speed>
       </TPX>
      </Extensions>
     </Trackpoint>
     <Trackpoint>
      <Time>2026-08-18T10:25:39Z</Time>
      <Position>
       <LatitudeDegrees>5.2375090</LatitudeDegrees>
       <LongitudeDegrees>100.4373010</LongitudeDegrees>
      </Position>
      <AltitudeMeters>5.9</AltitudeMeters>
      <DistanceMeters>1723.1</DistanceMeters>
      <HeartRateBpm>
       <Value>158</Value>
      </HeartRateBpm>
      <Extensions>
       <TPX xmlns="http://www.garmin.com/xmlschemas/ActivityExtension/v2">
        <Speed>3.1</Speed>
       </TPX>
      </Extensions>
     </Trackpoint>
     <Trackpoint>
      <Time>2026-08-18T10:25:40Z</Time>
      <Position>
       <LatitudeDegrees>5.2375130</LatitudeDegrees>
       <LongitudeDegrees>100.4373250</LongitudeDegrees>
      </Position>
      <AltitudeMeters>5.9</AltitudeMeters>
      <DistanceMeters>1725.9</DistanceMeters>
      <HeartRateBpm>
       <Value>158</Value>
      </HeartRateBpm>
      <Extensions>
       <TPX xmlns="http://www.garmin.com/xmlschemas/ActivityExtension/v2">
        <Speed>3.0</Speed>
       </TPX>
      </Extensions>
     </Trackpoint>
     <Trackpoint>
      <Time>2026-08-18T10:25:41Z</Time>
      <Position>
       <LatitudeDegrees>5.2375190</LatitudeDegrees>
       <LongitudeDegrees>100.4373530</LongitudeDegrees>
      </Position>
      <AltitudeMeters>5.9</AltitudeMeters>
      <DistanceMeters>1729.1</DistanceMeters>
      <HeartRateBpm>
       <Value>158</Value>
      </HeartRateBpm>
      <Extensions>
       <TPX xmlns="http://www.garmin.com/xmlschemas/ActivityExtension/v2">
        <Speed>3.0</Speed>
       </TPX>
      </Extensions>
     </Trackpoint>
     <Trackpoint>
      <Time>2026-08-18T10:25:42Z</Time>
      <Position>
       <LatitudeDegrees>5.2375220</LatitudeDegrees>
       <LongitudeDegrees>100.4373800</LongitudeDegrees>
      </Position>
      <AltitudeMeters>5.9</AltitudeMeters>
      <DistanceMeters>1732.1</DistanceMeters>
      <HeartRateBpm>
       <Value>158</Value>
      </HeartRateBpm>
      <Extensions>
       <TPX xmlns="http://www.garmin.com/xmlschemas/ActivityExtension/v2">
        <Speed>3.0</Speed>
       </TPX>
      </Extensions>
     </Trackpoint>
     <Trackpoint>
      <Time>2026-08-18T10:25:43Z</Time>
      <Position>
       <LatitudeDegrees>5.2375270</LatitudeDegrees>
       <LongitudeDegrees>100.4374070</LongitudeDegrees>
      </Position>
      <AltitudeMeters>5.9</AltitudeMeters>
      <DistanceMeters>1735.1</DistanceMeters>
      <HeartRateBpm>
       <Value>158</Value>
      </HeartRateBpm>
      <Extensions>
       <TPX xmlns="http://www.garmin.com/xmlschemas/ActivityExtension/v2">
        <Speed>3.0</Speed>
       </TPX>
      </Extensions>
     </Trackpoint>
     <Trackpoint>
      <Time>2026-08-18T10:25:44Z</Time>
      <Position>
       <LatitudeDegrees>5.2375310</LatitudeDegrees>
       <LongitudeDegrees>100.4374290</LongitudeDegrees>
      </Position>
      <AltitudeMeters>5.9</AltitudeMeters>
      <DistanceMeters>1737.6</DistanceMeters>
      <HeartRateBpm>
       <Value>157</Value>
      </HeartRateBpm>
      <Extensions>
       <TPX xmlns="http://www.garmin.com/xmlschemas/ActivityExtension/v2">
        <Speed>2.9</Speed>
       </TPX>
      </Extensions>
     </Trackpoint>
     <Trackpoint>
      <Time>2026-08-18T10:25:45Z</Time>
      <Position>
       <LatitudeDegrees>5.2375370</LatitudeDegrees>
       <LongitudeDegrees>100.4374560</LongitudeDegrees>
      </Position>
      <AltitudeMeters>5.9</AltitudeMeters>
      <DistanceMeters>1740.6</DistanceMeters>
      <HeartRateBpm>
       <Value>157</Value>
      </HeartRateBpm>
      <Extensions>
       <TPX xmlns="http://www.garmin.com/xmlschemas/ActivityExtension/v2">
        <Speed>2.9</Speed>
       </TPX>
      </Extensions>
     </Trackpoint>
     <Trackpoint>
      <Time>2026-08-18T10:25:46Z</Time>
      <Position>
       <LatitudeDegrees>5.2375450</LatitudeDegrees>
       <LongitudeDegrees>100.4374840</LongitudeDegrees>
      </Position>
      <AltitudeMeters>5.9</AltitudeMeters>
      <DistanceMeters>1743.8</DistanceMeters>
      <HeartRateBpm>
       <Value>157</Value>
      </HeartRateBpm>
      <Extensions>
       <TPX xmlns="http://www.garmin.com/xmlschemas/ActivityExtension/v2">
        <Speed>2.9</Speed>
       </TPX>
      </Extensions>
     </Trackpoint>
     <Trackpoint>
      <Time>2026-08-18T10:25:47Z</Time>
      <Position>
       <LatitudeDegrees>5.2375540</LatitudeDegrees>
       <LongitudeDegrees>100.4375130</LongitudeDegrees>
      </Position>
      <AltitudeMeters>5.9</AltitudeMeters>
      <DistanceMeters>1747.1</DistanceMeters>
      <HeartRateBpm>
       <Value>157</Value>
      </HeartRateBpm>
      <Extensions>
       <TPX xmlns="http://www.garmin.com/xmlschemas/ActivityExtension/v2">
        <Speed>3.0</Speed>
       </TPX>
      </Extensions>
     </Trackpoint>
     <Trackpoint>
      <Time>2026-08-18T10:25:48Z</Time>
      <Position>
       <LatitudeDegrees>5.2375630</LatitudeDegrees>
       <LongitudeDegrees>100.4375420</LongitudeDegrees>
      </Position>
      <AltitudeMeters>5.9</AltitudeMeters>
      <DistanceMeters>1750.5</DistanceMeters>
      <HeartRateBpm>
       <Value>157</Value>
      </HeartRateBpm>
      <Extensions>
       <TPX xmlns="http://www.garmin.com/xmlschemas/ActivityExtension/v2">
        <Speed>3.1</Speed>
       </TPX>
      </Extensions>
     </Trackpoint>
     <Trackpoint>
      <Time>2026-08-18T10:25:49Z</Time>
      <Position>
       <LatitudeDegrees>5.2375710</LatitudeDegrees>
       <LongitudeDegrees>100.4375670</LongitudeDegrees>
      </Position>
      <AltitudeMeters>5.9</AltitudeMeters>
      <DistanceMeters>1753.5</DistanceMeters>
      <HeartRateBpm>
       <Value>158</Value>
      </HeartRateBpm>
      <Extensions>
       <TPX xmlns="http://www.garmin.com/xmlschemas/ActivityExtension/v2">
        <Speed>3.2</Speed>
       </TPX>
      </Extensions>
     </Trackpoint>
     <Trackpoint>
      <Time>2026-08-18T10:25:50Z</Time>
      <Position>
       <LatitudeDegrees>5.2375870</LatitudeDegrees>
       <LongitudeDegrees>100.4376050</LongitudeDegrees>
      </Position>
      <AltitudeMeters>5.9</AltitudeMeters>
      <DistanceMeters>1758.1</DistanceMeters>
      <HeartRateBpm>
       <Value>158</Value>
      </HeartRateBpm>
      <Extensions>
       <TPX xmlns="http://www.garmin.com/xmlschemas/ActivityExtension/v2">
        <Speed>3.5</Speed>
       </TPX>
      </Extensions>
     </Trackpoint>
     <Trackpoint>
      <Time>2026-08-18T10:25:51Z</Time>
      <Position>
       <LatitudeDegrees>5.2375950</LatitudeDegrees>
       <LongitudeDegrees>100.4376340</LongitudeDegrees>
      </Position>
      <AltitudeMeters>5.9</AltitudeMeters>
      <DistanceMeters>1761.4</DistanceMeters>
      <HeartRateBpm>
       <Value>158</Value>
      </HeartRateBpm>
      <Extensions>
       <TPX xmlns="http://www.garmin.com/xmlschemas/ActivityExtension/v2">
        <Speed>3.5</Speed>
       </TPX>
      </Extensions>
     </Trackpoint>
     <Trackpoint>
      <Time>2026-08-18T10:25:52Z</Time>
      <Position>
       <LatitudeDegrees>5.2376030</LatitudeDegrees>
       <LongitudeDegrees>100.4376640</LongitudeDegrees>
      </Position>
      <AltitudeMeters>5.9</AltitudeMeters>
      <DistanceMeters>1764.8</DistanceMeters>
      <HeartRateBpm>
       <Value>158</Value>
      </HeartRateBpm>
      <Extensions>
       <TPX xmlns="http://www.garmin.com/xmlschemas/ActivityExtension/v2">
        <Speed>3.5</Speed>
       </TPX>
      </Extensions>
     </Trackpoint>
     <Trackpoint>
      <Time>2026-08-18T10:25:53Z</Time>
      <Position>
       <LatitudeDegrees>5.2376110</LatitudeDegrees>
       <LongitudeDegrees>100.4376960</LongitudeDegrees>
      </Position>
      <AltitudeMeters>5.9</AltitudeMeters>
      <DistanceMeters>1768.5</DistanceMeters>
      <HeartRateBpm>
       <Value>158</Value>
      </HeartRateBpm>
      <Extensions>
       <TPX xmlns="http://www.garmin.com/xmlschemas/ActivityExtension/v2">
        <Speed>3.6</Speed>
       </TPX>
      </Extensions>
     </Trackpoint>
     <Trackpoint>
      <Time>2026-08-18T10:25:54Z</Time>
      <Position>
       <LatitudeDegrees>5.2376170</LatitudeDegrees>
       <LongitudeDegrees>100.4377280</LongitudeDegrees>
      </Position>
      <AltitudeMeters>5.9</AltitudeMeters>
      <DistanceMeters>1772.0</DistanceMeters>
      <HeartRateBpm>
       <Value>158</Value>
      </HeartRateBpm>
      <Extensions>
       <TPX xmlns="http://www.garmin.com/xmlschemas/ActivityExtension/v2">
        <Speed>3.7</Speed>
       </TPX>
      </Extensions>
     </Trackpoint>
     <Trackpoint>
      <Time>2026-08-18T10:25:55Z</Time>
      <Position>
       <LatitudeDegrees>5.2376210</LatitudeDegrees>
       <LongitudeDegrees>100.4377590</LongitudeDegrees>
      </Position>
      <AltitudeMeters>5.9</AltitudeMeters>
      <DistanceMeters>1775.6</DistanceMeters>
      <HeartRateBpm>
       <Value>158</Value>
      </HeartRateBpm>
      <Extensions>
       <TPX xmlns="http://www.garmin.com/xmlschemas/ActivityExtension/v2">
        <Speed>3.5</Speed>
       </TPX>
      </Extensions>
     </Trackpoint>
     <Trackpoint>
      <Time>2026-08-18T10:25:56Z</Time>
      <Position>
       <LatitudeDegrees>5.2376280</LatitudeDegrees>
       <LongitudeDegrees>100.4377890</LongitudeDegrees>
      </Position>
      <AltitudeMeters>5.9</AltitudeMeters>
      <DistanceMeters>1778.9</DistanceMeters>
      <HeartRateBpm>
       <Value>158</Value>
      </HeartRateBpm>
      <Extensions>
       <TPX xmlns="http://www.garmin.com/xmlschemas/ActivityExtension/v2">
        <Speed>3.5</Speed>
       </TPX>
      </Extensions>
     </Trackpoint>
     <Trackpoint>
      <Time>2026-08-18T10:25:57Z</Time>
      <Position>
       <LatitudeDegrees>5.2376370</LatitudeDegrees>
       <LongitudeDegrees>100.4378130</LongitudeDegrees>
      </Position>
      <AltitudeMeters>5.9</AltitudeMeters>
      <DistanceMeters>1781.8</DistanceMeters>
      <HeartRateBpm>
       <Value>158</Value>
      </HeartRateBpm>
      <Extensions>
       <TPX xmlns="http://www.garmin.com/xmlschemas/ActivityExtension/v2">
        <Speed>3.4</Speed>
       </TPX>
      </Extensions>
     </Trackpoint>
     <Trackpoint>
      <Time>2026-08-18T10:25:58Z</Time>
      <Position>
       <LatitudeDegrees>5.2376470</LatitudeDegrees>
       <LongitudeDegrees>100.4378420</LongitudeDegrees>
      </Position>
      <AltitudeMeters>5.9</AltitudeMeters>
      <DistanceMeters>1785.2</DistanceMeters>
      <HeartRateBpm>
       <Value>158</Value>
      </HeartRateBpm>
      <Extensions>
       <TPX xmlns="http://www.garmin.com/xmlschemas/ActivityExtension/v2">
        <Speed>3.3</Speed>
       </TPX>
      </Extensions>
     </Trackpoint>
     <Trackpoint>
      <Time>2026-08-18T10:25:59Z</Time>
      <Position>
       <LatitudeDegrees>5.2376600</LatitudeDegrees>
       <LongitudeDegrees>100.4378700</LongitudeDegrees>
      </Position>
      <AltitudeMeters>5.9</AltitudeMeters>
      <DistanceMeters>1788.6</DistanceMeters>
      <HeartRateBpm>
       <Value>159</Value>
      </HeartRateBpm>
      <Extensions>
       <TPX xmlns="http://www.garmin.com/xmlschemas/ActivityExtension/v2">
        <Speed>3.3</Speed>
       </TPX>
      </Extensions>
     </Trackpoint>
     <Trackpoint>
      <Time>2026-08-18T10:26:00Z</Time>
      <Position>
       <LatitudeDegrees>5.2376730</LatitudeDegrees>
       <LongitudeDegrees>100.4379040</LongitudeDegrees>
      </Position>
      <AltitudeMeters>5.9</AltitudeMeters>
      <DistanceMeters>1792.7</DistanceMeters>
      <HeartRateBpm>
       <Value>158</Value>
      </HeartRateBpm>
      <Extensions>
       <TPX xmlns="http://www.garmin.com/xmlschemas/ActivityExtension/v2">
        <Speed>3.4</Speed>
       </TPX>
      </Extensions>
     </Trackpoint>
     <Trackpoint>
      <Time>2026-08-18T10:26:01Z</Time>
      <Position>
       <LatitudeDegrees>5.2376790</LatitudeDegrees>
       <LongitudeDegrees>100.4379350</LongitudeDegrees>
      </Position>
      <AltitudeMeters>5.9</AltitudeMeters>
      <DistanceMeters>1796.1</DistanceMeters>
      <HeartRateBpm>
       <Value>157</Value>
      </HeartRateBpm>
      <Extensions>
       <TPX xmlns="http://www.garmin.com/xmlschemas/ActivityExtension/v2">
        <Speed>3.4</Speed>
       </TPX>
      </Extensions>
     </Trackpoint>
     <Trackpoint>
      <Time>2026-08-18T10:26:02Z</Time>
      <Position>
       <LatitudeDegrees>5.2376880</LatitudeDegrees>
       <LongitudeDegrees>100.4379580</LongitudeDegrees>
      </Position>
      <AltitudeMeters>5.9</AltitudeMeters>
      <DistanceMeters>1798.8</DistanceMeters>
      <HeartRateBpm>
       <Value>157</Value>
      </HeartRateBpm>
      <Extensions>
       <TPX xmlns="http://www.garmin.com/xmlschemas/ActivityExtension/v2">
        <Speed>3.4</Speed>
       </TPX>
      </Extensions>
     </Trackpoint>
     <Trackpoint>
      <Time>2026-08-18T10:26:03Z</Time>
      <Position>
       <LatitudeDegrees>5.2376960</LatitudeDegrees>
       <LongitudeDegrees>100.4379870</LongitudeDegrees>
      </Position>
      <AltitudeMeters>5.9</AltitudeMeters>
      <DistanceMeters>1802.1</DistanceMeters>
      <HeartRateBpm>
       <Value>157</Value>
      </HeartRateBpm>
      <Extensions>
       <TPX xmlns="http://www.garmin.com/xmlschemas/ActivityExtension/v2">
        <Speed>3.4</Speed>
       </TPX>
      </Extensions>
     </Trackpoint>
     <Trackpoint>
      <Time>2026-08-18T10:26:04Z</Time>
      <Position>
       <LatitudeDegrees>5.2377000</LatitudeDegrees>
       <LongitudeDegrees>100.4380130</LongitudeDegrees>
      </Position>
      <AltitudeMeters>5.9</AltitudeMeters>
      <DistanceMeters>1805.0</DistanceMeters>
      <HeartRateBpm>
       <Value>157</Value>
      </HeartRateBpm>
      <Extensions>
       <TPX xmlns="http://www.garmin.com/xmlschemas/ActivityExtension/v2">
        <Speed>3.3</Speed>
       </TPX>
      </Extensions>
     </Trackpoint>
     <Trackpoint>
      <Time>2026-08-18T10:26:05Z</Time>
      <Position>
       <LatitudeDegrees>5.2376990</LatitudeDegrees>
       <LongitudeDegrees>100.4380430</LongitudeDegrees>
      </Position>
      <AltitudeMeters>5.9</AltitudeMeters>
      <DistanceMeters>1808.4</DistanceMeters>
      <HeartRateBpm>
       <Value>158</Value>
      </HeartRateBpm>
      <Extensions>
       <TPX xmlns="http://www.garmin.com/xmlschemas/ActivityExtension/v2">
        <Speed>3.1</Speed>
       </TPX>
      </Extensions>
     </Trackpoint>
     <Trackpoint>
      <Time>2026-08-18T10:26:06Z</Time>
      <Position>
       <LatitudeDegrees>5.2376990</LatitudeDegrees>
       <LongitudeDegrees>100.4380740</LongitudeDegrees>
      </Position>
      <AltitudeMeters>5.9</AltitudeMeters>
      <DistanceMeters>1811.9</DistanceMeters>
      <HeartRateBpm>
       <Value>157</Value>
      </HeartRateBpm>
      <Extensions>
       <TPX xmlns="http://www.garmin.com/xmlschemas/ActivityExtension/v2">
        <Speed>3.2</Speed>
       </TPX>
      </Extensions>
     </Trackpoint>
     <Trackpoint>
      <Time>2026-08-18T10:26:07Z</Time>
      <Position>
       <LatitudeDegrees>5.2377020</LatitudeDegrees>
       <LongitudeDegrees>100.4381010</LongitudeDegrees>
      </Position>
      <AltitudeMeters>5.9</AltitudeMeters>
      <DistanceMeters>1814.9</DistanceMeters>
      <HeartRateBpm>
       <Value>157</Value>
      </HeartRateBpm>
      <Extensions>
       <TPX xmlns="http://www.garmin.com/xmlschemas/ActivityExtension/v2">
        <Speed>3.2</Speed>
       </TPX>
      </Extensions>
     </Trackpoint>
     <Trackpoint>
      <Time>2026-08-18T10:26:08Z</Time>
      <Position>
       <LatitudeDegrees>5.2377050</LatitudeDegrees>
       <LongitudeDegrees>100.4381400</LongitudeDegrees>
      </Position>
      <AltitudeMeters>5.9</AltitudeMeters>
      <DistanceMeters>1819.2</DistanceMeters>
      <HeartRateBpm>
       <Value>157</Value>
      </HeartRateBpm>
      <Extensions>
       <TPX xmlns="http://www.garmin.com/xmlschemas/ActivityExtension/v2">
        <Speed>3.4</Speed>
       </TPX>
      </Extensions>
     </Trackpoint>
     <Trackpoint>
      <Time>2026-08-18T10:26:09Z</Time>
      <Position>
       <LatitudeDegrees>5.2377060</LatitudeDegrees>
       <LongitudeDegrees>100.4381720</LongitudeDegrees>
      </Position>
      <AltitudeMeters>5.9</AltitudeMeters>
      <DistanceMeters>1822.7</DistanceMeters>
      <HeartRateBpm>
       <Value>157</Value>
      </HeartRateBpm>
      <Extensions>
       <TPX xmlns="http://www.garmin.com/xmlschemas/ActivityExtension/v2">
        <Speed>3.5</Speed>
       </TPX>
      </Extensions>
     </Trackpoint>
     <Trackpoint>
      <Time>2026-08-18T10:26:10Z</Time>
      <Position>
       <LatitudeDegrees>5.2377110</LatitudeDegrees>
       <LongitudeDegrees>100.4382000</LongitudeDegrees>
      </Position>
      <AltitudeMeters>5.9</AltitudeMeters>
      <DistanceMeters>1825.9</DistanceMeters>
      <HeartRateBpm>
       <Value>157</Value>
      </HeartRateBpm>
      <Extensions>
       <TPX xmlns="http://www.garmin.com/xmlschemas/ActivityExtension/v2">
        <Speed>3.5</Speed>
       </TPX>
      </Extensions>
     </Trackpoint>
     <Trackpoint>
      <Time>2026-08-18T10:26:11Z</Time>
      <Position>
       <LatitudeDegrees>5.2377180</LatitudeDegrees>
       <LongitudeDegrees>100.4382240</LongitudeDegrees>
      </Position>
      <AltitudeMeters>5.9</AltitudeMeters>
      <DistanceMeters>1828.6</DistanceMeters>
      <HeartRateBpm>
       <Value>157</Value>
      </HeartRateBpm>
      <Extensions>
       <TPX xmlns="http://www.garmin.com/xmlschemas/ActivityExtension/v2">
        <Speed>3.4</Speed>
       </TPX>
      </Extensions>
     </Trackpoint>
     <Trackpoint>
      <Time>2026-08-18T10:26:12Z</Time>
      <Position>
       <LatitudeDegrees>5.2377240</LatitudeDegrees>
       <LongitudeDegrees>100.4382520</LongitudeDegrees>
      </Position>
      <AltitudeMeters>5.9</AltitudeMeters>
      <DistanceMeters>1831.8</DistanceMeters>
      <HeartRateBpm>
       <Value>158</Value>
      </HeartRateBpm>
      <Extensions>
       <TPX xmlns="http://www.garmin.com/xmlschemas/ActivityExtension/v2">
        <Speed>3.4</Speed>
       </TPX>
      </Extensions>
     </Trackpoint>
     <Trackpoint>
      <Time>2026-08-18T10:26:13Z</Time>
      <Position>
       <LatitudeDegrees>5.2377290</LatitudeDegrees>
       <LongitudeDegrees>100.4382810</LongitudeDegrees>
      </Position>
      <AltitudeMeters>5.9</AltitudeMeters>
      <DistanceMeters>1835.1</DistanceMeters>
      <HeartRateBpm>
       <Value>158</Value>
      </HeartRateBpm>
      <Extensions>
       <TPX xmlns="http://www.garmin.com/xmlschemas/ActivityExtension/v2">
        <Speed>3.2</Speed>
       </TPX>
      </Extensions>
     </Trackpoint>
     <Trackpoint>
      <Time>2026-08-18T10:26:14Z</Time>
      <Position>
       <LatitudeDegrees>5.2377380</LatitudeDegrees>
       <LongitudeDegrees>100.4383100</LongitudeDegrees>
      </Position>
      <AltitudeMeters>5.9</AltitudeMeters>
      <DistanceMeters>1838.3</DistanceMeters>
      <HeartRateBpm>
       <Value>157</Value>
      </HeartRateBpm>
      <Extensions>
       <TPX xmlns="http://www.garmin.com/xmlschemas/ActivityExtension/v2">
        <Speed>3.1</Speed>
       </TPX>
      </Extensions>
     </Trackpoint>
     <Trackpoint>
      <Time>2026-08-18T10:26:15Z</Time>
      <Position>
       <LatitudeDegrees>5.2377470</LatitudeDegrees>
       <LongitudeDegrees>100.4383490</LongitudeDegrees>
      </Position>
      <AltitudeMeters>5.9</AltitudeMeters>
      <DistanceMeters>1842.8</DistanceMeters>
      <HeartRateBpm>
       <Value>157</Value>
      </HeartRateBpm>
      <Extensions>
       <TPX xmlns="http://www.garmin.com/xmlschemas/ActivityExtension/v2">
        <Speed>3.4</Speed>
       </TPX>
      </Extensions>
     </Trackpoint>
     <Trackpoint>
      <Time>2026-08-18T10:26:16Z</Time>
      <Position>
       <LatitudeDegrees>5.2377520</LatitudeDegrees>
       <LongitudeDegrees>100.4383780</LongitudeDegrees>
      </Position>
      <AltitudeMeters>5.9</AltitudeMeters>
      <DistanceMeters>1846.1</DistanceMeters>
      <HeartRateBpm>
       <Value>157</Value>
      </HeartRateBpm>
      <Extensions>
       <TPX xmlns="http://www.garmin.com/xmlschemas/ActivityExtension/v2">
        <Speed>3.5</Speed>
       </TPX>
      </Extensions>
     </Trackpoint>
     <Trackpoint>
      <Time>2026-08-18T10:26:17Z</Time>
      <Position>
       <LatitudeDegrees>5.2377410</LatitudeDegrees>
       <LongitudeDegrees>100.4384130</LongitudeDegrees>
      </Position>
      <AltitudeMeters>5.9</AltitudeMeters>
      <DistanceMeters>1850.1</DistanceMeters>
      <HeartRateBpm>
       <Value>157</Value>
      </HeartRateBpm>
      <Extensions>
       <TPX xmlns="http://www.garmin.com/xmlschemas/ActivityExtension/v2">
        <Speed>3.7</Speed>
       </TPX>
      </Extensions>
     </Trackpoint>
     <Trackpoint>
      <Time>2026-08-18T10:26:18Z</Time>
      <Position>
       <LatitudeDegrees>5.2377370</LatitudeDegrees>
       <LongitudeDegrees>100.4384470</LongitudeDegrees>
      </Position>
      <AltitudeMeters>5.9</AltitudeMeters>
      <DistanceMeters>1853.9</DistanceMeters>
      <HeartRateBpm>
       <Value>158</Value>
      </HeartRateBpm>
      <Extensions>
       <TPX xmlns="http://www.garmin.com/xmlschemas/ActivityExtension/v2">
        <Speed>3.8</Speed>
       </TPX>
      </Extensions>
     </Trackpoint>
     <Trackpoint>
      <Time>2026-08-18T10:26:19Z</Time>
      <Position>
       <LatitudeDegrees>5.2377390</LatitudeDegrees>
       <LongitudeDegrees>100.4384780</LongitudeDegrees>
      </Position>
      <AltitudeMeters>5.9</AltitudeMeters>
      <DistanceMeters>1857.4</DistanceMeters>
      <HeartRateBpm>
       <Value>158</Value>
      </HeartRateBpm>
      <Extensions>
       <TPX xmlns="http://www.garmin.com/xmlschemas/ActivityExtension/v2">
        <Speed>3.8</Speed>
       </TPX>
      </Extensions>
     </Trackpoint>
     <Trackpoint>
      <Time>2026-08-18T10:26:20Z</Time>
      <Position>
       <LatitudeDegrees>5.2377450</LatitudeDegrees>
       <LongitudeDegrees>100.4385100</LongitudeDegrees>
      </Position>
      <AltitudeMeters>5.9</AltitudeMeters>
      <DistanceMeters>1860.9</DistanceMeters>
      <HeartRateBpm>
       <Value>158</Value>
      </HeartRateBpm>
      <Extensions>
       <TPX xmlns="http://www.garmin.com/xmlschemas/ActivityExtension/v2">
        <Speed>3.6</Speed>
       </TPX>
      </Extensions>
     </Trackpoint>
     <Trackpoint>
      <Time>2026-08-18T10:26:21Z</Time>
      <Position>
       <LatitudeDegrees>5.2377520</LatitudeDegrees>
       <LongitudeDegrees>100.4385380</LongitudeDegrees>
      </Position>
      <AltitudeMeters>5.9</AltitudeMeters>
      <DistanceMeters>1864.1</DistanceMeters>
      <HeartRateBpm>
       <Value>158</Value>
      </HeartRateBpm>
      <Extensions>
       <TPX xmlns="http://www.garmin.com/xmlschemas/ActivityExtension/v2">
        <Speed>3.6</Speed>
       </TPX>
      </Extensions>
     </Trackpoint>
     <Trackpoint>
      <Time>2026-08-18T10:26:22Z</Time>
      <Position>
       <LatitudeDegrees>5.2377660</LatitudeDegrees>
       <LongitudeDegrees>100.4385700</LongitudeDegrees>
      </Position>
      <AltitudeMeters>5.9</AltitudeMeters>
      <DistanceMeters>1868.0</DistanceMeters>
      <HeartRateBpm>
       <Value>158</Value>
      </HeartRateBpm>
      <Extensions>
       <TPX xmlns="http://www.garmin.com/xmlschemas/ActivityExtension/v2">
        <Speed>3.6</Speed>
       </TPX>
      </Extensions>
     </Trackpoint>
     <Trackpoint>
      <Time>2026-08-18T10:26:23Z</Time>
      <Position>
       <LatitudeDegrees>5.2377750</LatitudeDegrees>
       <LongitudeDegrees>100.4385980</LongitudeDegrees>
      </Position>
      <AltitudeMeters>5.9</AltitudeMeters>
      <DistanceMeters>1871.4</DistanceMeters>
      <HeartRateBpm>
       <Value>158</Value>
      </HeartRateBpm>
      <Extensions>
       <TPX xmlns="http://www.garmin.com/xmlschemas/ActivityExtension/v2">
        <Speed>3.5</Speed>
       </TPX>
      </Extensions>
     </Trackpoint>
     <Trackpoint>
      <Time>2026-08-18T10:26:24Z</Time>
      <Position>
       <LatitudeDegrees>5.2377820</LatitudeDegrees>
       <LongitudeDegrees>100.4386220</LongitudeDegrees>
      </Position>
      <AltitudeMeters>5.9</AltitudeMeters>
      <DistanceMeters>1874.1</DistanceMeters>
      <HeartRateBpm>
       <Value>158</Value>
      </HeartRateBpm>
      <Extensions>
       <TPX xmlns="http://www.garmin.com/xmlschemas/ActivityExtension/v2">
        <Speed>3.3</Speed>
       </TPX>
      </Extensions>
     </Trackpoint>
     <Trackpoint>
      <Time>2026-08-18T10:26:25Z</Time>
      <Position>
       <LatitudeDegrees>5.2377880</LatitudeDegrees>
       <LongitudeDegrees>100.4386510</LongitudeDegrees>
      </Position>
      <AltitudeMeters>5.9</AltitudeMeters>
      <DistanceMeters>1877.4</DistanceMeters>
      <HeartRateBpm>
       <Value>159</Value>
      </HeartRateBpm>
      <Extensions>
       <TPX xmlns="http://www.garmin.com/xmlschemas/ActivityExtension/v2">
        <Speed>3.3</Speed>
       </TPX>
      </Extensions>
     </Trackpoint>
     <Trackpoint>
      <Time>2026-08-18T10:26:26Z</Time>
      <Position>
       <LatitudeDegrees>5.2377810</LatitudeDegrees>
       <LongitudeDegrees>100.4386820</LongitudeDegrees>
      </Position>
      <AltitudeMeters>5.9</AltitudeMeters>
      <DistanceMeters>1880.8</DistanceMeters>
      <HeartRateBpm>
       <Value>159</Value>
      </HeartRateBpm>
      <Extensions>
       <TPX xmlns="http://www.garmin.com/xmlschemas/ActivityExtension/v2">
        <Speed>3.3</Speed>
       </TPX>
      </Extensions>
     </Trackpoint>
     <Trackpoint>
      <Time>2026-08-18T10:26:27Z</Time>
      <Position>
       <LatitudeDegrees>5.2377640</LatitudeDegrees>
       <LongitudeDegrees>100.4387020</LongitudeDegrees>
      </Position>
      <AltitudeMeters>5.9</AltitudeMeters>
      <DistanceMeters>1883.8</DistanceMeters>
      <HeartRateBpm>
       <Value>159</Value>
      </HeartRateBpm>
      <Extensions>
       <TPX xmlns="http://www.garmin.com/xmlschemas/ActivityExtension/v2">
        <Speed>3.2</Speed>
       </TPX>
      </Extensions>
     </Trackpoint>
     <Trackpoint>
      <Time>2026-08-18T10:26:28Z</Time>
      <Position>
       <LatitudeDegrees>5.2377540</LatitudeDegrees>
       <LongitudeDegrees>100.4387280</LongitudeDegrees>
      </Position>
      <AltitudeMeters>5.9</AltitudeMeters>
      <DistanceMeters>1886.9</DistanceMeters>
      <HeartRateBpm>
       <Value>159</Value>
      </HeartRateBpm>
      <Extensions>
       <TPX xmlns="http://www.garmin.com/xmlschemas/ActivityExtension/v2">
        <Speed>3.1</Speed>
       </TPX>
      </Extensions>
     </Trackpoint>
     <Trackpoint>
      <Time>2026-08-18T10:26:29Z</Time>
      <Position>
       <LatitudeDegrees>5.2377560</LatitudeDegrees>
       <LongitudeDegrees>100.4387600</LongitudeDegrees>
      </Position>
      <AltitudeMeters>5.9</AltitudeMeters>
      <DistanceMeters>1890.4</DistanceMeters>
      <HeartRateBpm>
       <Value>159</Value>
      </HeartRateBpm>
      <Extensions>
       <TPX xmlns="http://www.garmin.com/xmlschemas/ActivityExtension/v2">
        <Speed>3.3</Speed>
       </TPX>
      </Extensions>
     </Trackpoint>
     <Trackpoint>
      <Time>2026-08-18T10:26:30Z</Time>
      <Position>
       <LatitudeDegrees>5.2377460</LatitudeDegrees>
       <LongitudeDegrees>100.4387950</LongitudeDegrees>
      </Position>
      <AltitudeMeters>5.9</AltitudeMeters>
      <DistanceMeters>1894.4</DistanceMeters>
      <HeartRateBpm>
       <Value>159</Value>
      </HeartRateBpm>
      <Extensions>
       <TPX xmlns="http://www.garmin.com/xmlschemas/ActivityExtension/v2">
        <Speed>3.4</Speed>
       </TPX>
      </Extensions>
     </Trackpoint>
     <Trackpoint>
      <Time>2026-08-18T10:26:31Z</Time>
      <Position>
       <LatitudeDegrees>5.2377270</LatitudeDegrees>
       <LongitudeDegrees>100.4388210</LongitudeDegrees>
      </Position>
      <AltitudeMeters>5.9</AltitudeMeters>
      <DistanceMeters>1898.0</DistanceMeters>
      <HeartRateBpm>
       <Value>159</Value>
      </HeartRateBpm>
      <Extensions>
       <TPX xmlns="http://www.garmin.com/xmlschemas/ActivityExtension/v2">
        <Speed>3.4</Speed>
       </TPX>
      </Extensions>
     </Trackpoint>
     <Trackpoint>
      <Time>2026-08-18T10:26:32Z</Time>
      <Position>
       <LatitudeDegrees>5.2377010</LatitudeDegrees>
       <LongitudeDegrees>100.4388400</LongitudeDegrees>
      </Position>
      <AltitudeMeters>5.9</AltitudeMeters>
      <DistanceMeters>1901.6</DistanceMeters>
      <HeartRateBpm>
       <Value>158</Value>
      </HeartRateBpm>
      <Extensions>
       <TPX xmlns="http://www.garmin.com/xmlschemas/ActivityExtension/v2">
        <Speed>3.6</Speed>
       </TPX>
      </Extensions>
     </Trackpoint>
     <Trackpoint>
      <Time>2026-08-18T10:26:33Z</Time>
      <Position>
       <LatitudeDegrees>5.2376810</LatitudeDegrees>
       <LongitudeDegrees>100.4388590</LongitudeDegrees>
      </Position>
      <AltitudeMeters>5.9</AltitudeMeters>
      <DistanceMeters>1904.6</DistanceMeters>
      <HeartRateBpm>
       <Value>158</Value>
      </HeartRateBpm>
      <Extensions>
       <TPX xmlns="http://www.garmin.com/xmlschemas/ActivityExtension/v2">
        <Speed>3.5</Speed>
       </TPX>
      </Extensions>
     </Trackpoint>
     <Trackpoint>
      <Time>2026-08-18T10:26:34Z</Time>
      <Position>
       <LatitudeDegrees>5.2376520</LatitudeDegrees>
       <LongitudeDegrees>100.4388760</LongitudeDegrees>
      </Position>
      <AltitudeMeters>5.9</AltitudeMeters>
      <DistanceMeters>1908.3</DistanceMeters>
      <HeartRateBpm>
       <Value>158</Value>
      </HeartRateBpm>
      <Extensions>
       <TPX xmlns="http://www.garmin.com/xmlschemas/ActivityExtension/v2">
        <Speed>3.6</Speed>
       </TPX>
      </Extensions>
     </Trackpoint>
     <Trackpoint>
      <Time>2026-08-18T10:26:35Z</Time>
      <Position>
       <LatitudeDegrees>5.2376170</LatitudeDegrees>
       <LongitudeDegrees>100.4388790</LongitudeDegrees>
      </Position>
      <AltitudeMeters>5.9</AltitudeMeters>
      <DistanceMeters>1912.2</DistanceMeters>
      <HeartRateBpm>
       <Value>158</Value>
      </HeartRateBpm>
      <Extensions>
       <TPX xmlns="http://www.garmin.com/xmlschemas/ActivityExtension/v2">
        <Speed>3.6</Speed>
       </TPX>
      </Extensions>
     </Trackpoint>
     <Trackpoint>
      <Time>2026-08-18T10:26:36Z</Time>
      <Position>
       <LatitudeDegrees>5.2375850</LatitudeDegrees>
       <LongitudeDegrees>100.4388780</LongitudeDegrees>
      </Position>
      <AltitudeMeters>5.9</AltitudeMeters>
      <DistanceMeters>1915.8</DistanceMeters>
      <HeartRateBpm>
       <Value>158</Value>
      </HeartRateBpm>
      <Extensions>
       <TPX xmlns="http://www.garmin.com/xmlschemas/ActivityExtension/v2">
        <Speed>3.6</Speed>
       </TPX>
      </Extensions>
     </Trackpoint>
     <Trackpoint>
      <Time>2026-08-18T10:26:37Z</Time>
      <Position>
       <LatitudeDegrees>5.2375540</LatitudeDegrees>
       <LongitudeDegrees>100.4388750</LongitudeDegrees>
      </Position>
      <AltitudeMeters>5.9</AltitudeMeters>
      <DistanceMeters>1919.3</DistanceMeters>
      <HeartRateBpm>
       <Value>158</Value>
      </HeartRateBpm>
      <Extensions>
       <TPX xmlns="http://www.garmin.com/xmlschemas/ActivityExtension/v2">
        <Speed>3.5</Speed>
       </TPX>
      </Extensions>
     </Trackpoint>
     <Trackpoint>
      <Time>2026-08-18T10:26:38Z</Time>
      <Position>
       <LatitudeDegrees>5.2375260</LatitudeDegrees>
       <LongitudeDegrees>100.4388750</LongitudeDegrees>
      </Position>
      <AltitudeMeters>5.9</AltitudeMeters>
      <DistanceMeters>1922.4</DistanceMeters>
      <HeartRateBpm>
       <Value>159</Value>
      </HeartRateBpm>
      <Extensions>
       <TPX xmlns="http://www.garmin.com/xmlschemas/ActivityExtension/v2">
        <Speed>3.6</Speed>
       </TPX>
      </Extensions>
     </Trackpoint>
     <Trackpoint>
      <Time>2026-08-18T10:26:39Z</Time>
      <Position>
       <LatitudeDegrees>5.2374920</LatitudeDegrees>
       <LongitudeDegrees>100.4388790</LongitudeDegrees>
      </Position>
      <AltitudeMeters>5.9</AltitudeMeters>
      <DistanceMeters>1926.2</DistanceMeters>
      <HeartRateBpm>
       <Value>159</Value>
      </HeartRateBpm>
      <Extensions>
       <TPX xmlns="http://www.garmin.com/xmlschemas/ActivityExtension/v2">
        <Speed>3.6</Speed>
       </TPX>
      </Extensions>
     </Trackpoint>
     <Trackpoint>
      <Time>2026-08-18T10:26:40Z</Time>
      <Position>
       <LatitudeDegrees>5.2374600</LatitudeDegrees>
       <LongitudeDegrees>100.4388830</LongitudeDegrees>
      </Position>
      <AltitudeMeters>5.9</AltitudeMeters>
      <DistanceMeters>1929.8</DistanceMeters>
      <HeartRateBpm>
       <Value>158</Value>
      </HeartRateBpm>
      <Extensions>
       <TPX xmlns="http://www.garmin.com/xmlschemas/ActivityExtension/v2">
        <Speed>3.5</Speed>
       </TPX>
      </Extensions>
     </Trackpoint>
     <Trackpoint>
      <Time>2026-08-18T10:26:41Z</Time>
      <Position>
       <LatitudeDegrees>5.2374310</LatitudeDegrees>
       <LongitudeDegrees>100.4388910</LongitudeDegrees>
      </Position>
      <AltitudeMeters>5.9</AltitudeMeters>
      <DistanceMeters>1933.2</DistanceMeters>
      <HeartRateBpm>
       <Value>159</Value>
      </HeartRateBpm>
      <Extensions>
       <TPX xmlns="http://www.garmin.com/xmlschemas/ActivityExtension/v2">
        <Speed>3.5</Speed>
       </TPX>
      </Extensions>
     </Trackpoint>
     <Trackpoint>
      <Time>2026-08-18T10:26:42Z</Time>
      <Position>
       <LatitudeDegrees>5.2374020</LatitudeDegrees>
       <LongitudeDegrees>100.4389050</LongitudeDegrees>
      </Position>
      <AltitudeMeters>5.9</AltitudeMeters>
      <DistanceMeters>1936.7</DistanceMeters>
      <HeartRateBpm>
       <Value>159</Value>
      </HeartRateBpm>
      <Extensions>
       <TPX xmlns="http://www.garmin.com/xmlschemas/ActivityExtension/v2">
        <Speed>3.5</Speed>
       </TPX>
      </Extensions>
     </Trackpoint>
     <Trackpoint>
      <Time>2026-08-18T10:26:43Z</Time>
      <Position>
       <LatitudeDegrees>5.2373740</LatitudeDegrees>
       <LongitudeDegrees>100.4389130</LongitudeDegrees>
      </Position>
      <AltitudeMeters>5.9</AltitudeMeters>
      <DistanceMeters>1939.9</DistanceMeters>
      <HeartRateBpm>
       <Value>158</Value>
      </HeartRateBpm>
      <Extensions>
       <TPX xmlns="http://www.garmin.com/xmlschemas/ActivityExtension/v2">
        <Speed>3.5</Speed>
       </TPX>
      </Extensions>
     </Trackpoint>
     <Trackpoint>
      <Time>2026-08-18T10:26:44Z</Time>
      <Position>
       <LatitudeDegrees>5.2373440</LatitudeDegrees>
       <LongitudeDegrees>100.4389180</LongitudeDegrees>
      </Position>
      <AltitudeMeters>5.9</AltitudeMeters>
      <DistanceMeters>1943.3</DistanceMeters>
      <HeartRateBpm>
       <Value>159</Value>
      </HeartRateBpm>
      <Extensions>
       <TPX xmlns="http://www.garmin.com/xmlschemas/ActivityExtension/v2">
        <Speed>3.4</Speed>
       </TPX>
      </Extensions>
     </Trackpoint>
     <Trackpoint>
      <Time>2026-08-18T10:26:45Z</Time>
      <Position>
       <LatitudeDegrees>5.2373160</LatitudeDegrees>
       <LongitudeDegrees>100.4389240</LongitudeDegrees>
      </Position>
      <AltitudeMeters>5.9</AltitudeMeters>
      <DistanceMeters>1946.4</DistanceMeters>
      <HeartRateBpm>
       <Value>159</Value>
      </HeartRateBpm>
      <Extensions>
       <TPX xmlns="http://www.garmin.com/xmlschemas/ActivityExtension/v2">
        <Speed>3.3</Speed>
       </TPX>
      </Extensions>
     </Trackpoint>
     <Trackpoint>
      <Time>2026-08-18T10:26:46Z</Time>
      <Position>
       <LatitudeDegrees>5.2372890</LatitudeDegrees>
       <LongitudeDegrees>100.4389300</LongitudeDegrees>
      </Position>
      <AltitudeMeters>5.9</AltitudeMeters>
      <DistanceMeters>1949.6</DistanceMeters>
      <HeartRateBpm>
       <Value>159</Value>
      </HeartRateBpm>
      <Extensions>
       <TPX xmlns="http://www.garmin.com/xmlschemas/ActivityExtension/v2">
        <Speed>3.3</Speed>
       </TPX>
      </Extensions>
     </Trackpoint>
     <Trackpoint>
      <Time>2026-08-18T10:26:47Z</Time>
      <Position>
       <LatitudeDegrees>5.2372620</LatitudeDegrees>
       <LongitudeDegrees>100.4389400</LongitudeDegrees>
      </Position>
      <AltitudeMeters>5.9</AltitudeMeters>
      <DistanceMeters>1952.8</DistanceMeters>
      <HeartRateBpm>
       <Value>158</Value>
      </HeartRateBpm>
      <Extensions>
       <TPX xmlns="http://www.garmin.com/xmlschemas/ActivityExtension/v2">
        <Speed>3.2</Speed>
       </TPX>
      </Extensions>
     </Trackpoint>
     <Trackpoint>
      <Time>2026-08-18T10:26:48Z</Time>
      <Position>
       <LatitudeDegrees>5.2372370</LatitudeDegrees>
       <LongitudeDegrees>100.4389490</LongitudeDegrees>
      </Position>
      <AltitudeMeters>5.9</AltitudeMeters>
      <DistanceMeters>1955.8</DistanceMeters>
      <HeartRateBpm>
       <Value>159</Value>
      </HeartRateBpm>
      <Extensions>
       <TPX xmlns="http://www.garmin.com/xmlschemas/ActivityExtension/v2">
        <Speed>3.2</Speed>
       </TPX>
      </Extensions>
     </Trackpoint>
     <Trackpoint>
      <Time>2026-08-18T10:26:49Z</Time>
      <Position>
       <LatitudeDegrees>5.2372080</LatitudeDegrees>
       <LongitudeDegrees>100.4389590</LongitudeDegrees>
      </Position>
      <AltitudeMeters>5.9</AltitudeMeters>
      <DistanceMeters>1959.2</DistanceMeters>
      <HeartRateBpm>
       <Value>159</Value>
      </HeartRateBpm>
      <Extensions>
       <TPX xmlns="http://www.garmin.com/xmlschemas/ActivityExtension/v2">
        <Speed>3.2</Speed>
       </TPX>
      </Extensions>
     </Trackpoint>
     <Trackpoint>
      <Time>2026-08-18T10:26:50Z</Time>
      <Position>
       <LatitudeDegrees>5.2371780</LatitudeDegrees>
       <LongitudeDegrees>100.4389670</LongitudeDegrees>
      </Position>
      <AltitudeMeters>5.9</AltitudeMeters>
      <DistanceMeters>1962.6</DistanceMeters>
      <HeartRateBpm>
       <Value>159</Value>
      </HeartRateBpm>
      <Extensions>
       <TPX xmlns="http://www.garmin.com/xmlschemas/ActivityExtension/v2">
        <Speed>3.2</Speed>
       </TPX>
      </Extensions>
     </Trackpoint>
     <Trackpoint>
      <Time>2026-08-18T10:26:51Z</Time>
      <Position>
       <LatitudeDegrees>5.2371480</LatitudeDegrees>
       <LongitudeDegrees>100.4389750</LongitudeDegrees>
      </Position>
      <AltitudeMeters>5.9</AltitudeMeters>
      <DistanceMeters>1966.0</DistanceMeters>
      <HeartRateBpm>
       <Value>159</Value>
      </HeartRateBpm>
      <Extensions>
       <TPX xmlns="http://www.garmin.com/xmlschemas/ActivityExtension/v2">
        <Speed>3.3</Speed>
       </TPX>
      </Extensions>
     </Trackpoint>
     <Trackpoint>
      <Time>2026-08-18T10:26:52Z</Time>
      <Position>
       <LatitudeDegrees>5.2371220</LatitudeDegrees>
       <LongitudeDegrees>100.4389830</LongitudeDegrees>
      </Position>
      <AltitudeMeters>5.9</AltitudeMeters>
      <DistanceMeters>1969.1</DistanceMeters>
      <HeartRateBpm>
       <Value>160</Value>
      </HeartRateBpm>
      <Extensions>
       <TPX xmlns="http://www.garmin.com/xmlschemas/ActivityExtension/v2">
        <Speed>3.3</Speed>
       </TPX>
      </Extensions>
     </Trackpoint>
     <Trackpoint>
      <Time>2026-08-18T10:26:53Z</Time>
      <Position>
       <LatitudeDegrees>5.2370920</LatitudeDegrees>
       <LongitudeDegrees>100.4389900</LongitudeDegrees>
      </Position>
      <AltitudeMeters>5.8</AltitudeMeters>
      <DistanceMeters>1972.5</DistanceMeters>
      <HeartRateBpm>
       <Value>160</Value>
      </HeartRateBpm>
      <Extensions>
       <TPX xmlns="http://www.garmin.com/xmlschemas/ActivityExtension/v2">
        <Speed>3.3</Speed>
       </TPX>
      </Extensions>
     </Trackpoint>
     <Trackpoint>
      <Time>2026-08-18T10:26:54Z</Time>
      <Position>
       <LatitudeDegrees>5.2370580</LatitudeDegrees>
       <LongitudeDegrees>100.4389920</LongitudeDegrees>
      </Position>
      <AltitudeMeters>5.8</AltitudeMeters>
      <DistanceMeters>1976.3</DistanceMeters>
      <HeartRateBpm>
       <Value>160</Value>
      </HeartRateBpm>
      <Extensions>
       <TPX xmlns="http://www.garmin.com/xmlschemas/ActivityExtension/v2">
        <Speed>3.4</Speed>
       </TPX>
      </Extensions>
     </Trackpoint>
     <Trackpoint>
      <Time>2026-08-18T10:26:55Z</Time>
      <Position>
       <LatitudeDegrees>5.2370280</LatitudeDegrees>
       <LongitudeDegrees>100.4390020</LongitudeDegrees>
      </Position>
      <AltitudeMeters>5.8</AltitudeMeters>
      <DistanceMeters>1979.7</DistanceMeters>
      <HeartRateBpm>
       <Value>160</Value>
      </HeartRateBpm>
      <Extensions>
       <TPX xmlns="http://www.garmin.com/xmlschemas/ActivityExtension/v2">
        <Speed>3.4</Speed>
       </TPX>
      </Extensions>
     </Trackpoint>
     <Trackpoint>
      <Time>2026-08-18T10:26:56Z</Time>
      <Position>
       <LatitudeDegrees>5.2370020</LatitudeDegrees>
       <LongitudeDegrees>100.4390130</LongitudeDegrees>
      </Position>
      <AltitudeMeters>5.8</AltitudeMeters>
      <DistanceMeters>1983.0</DistanceMeters>
      <HeartRateBpm>
       <Value>160</Value>
      </HeartRateBpm>
      <Extensions>
       <TPX xmlns="http://www.garmin.com/xmlschemas/ActivityExtension/v2">
        <Speed>3.4</Speed>
       </TPX>
      </Extensions>
     </Trackpoint>
     <Trackpoint>
      <Time>2026-08-18T10:26:57Z</Time>
      <Position>
       <LatitudeDegrees>5.2369740</LatitudeDegrees>
       <LongitudeDegrees>100.4390210</LongitudeDegrees>
      </Position>
      <AltitudeMeters>5.8</AltitudeMeters>
      <DistanceMeters>1986.2</DistanceMeters>
      <HeartRateBpm>
       <Value>160</Value>
      </HeartRateBpm>
      <Extensions>
       <TPX xmlns="http://www.garmin.com/xmlschemas/ActivityExtension/v2">
        <Speed>3.4</Speed>
       </TPX>
      </Extensions>
     </Trackpoint>
     <Trackpoint>
      <Time>2026-08-18T10:26:58Z</Time>
      <Position>
       <LatitudeDegrees>5.2369490</LatitudeDegrees>
       <LongitudeDegrees>100.4390330</LongitudeDegrees>
      </Position>
      <AltitudeMeters>5.8</AltitudeMeters>
      <DistanceMeters>1989.2</DistanceMeters>
      <HeartRateBpm>
       <Value>160</Value>
      </HeartRateBpm>
      <Extensions>
       <TPX xmlns="http://www.garmin.com/xmlschemas/ActivityExtension/v2">
        <Speed>3.3</Speed>
       </TPX>
      </Extensions>
     </Trackpoint>
     <Trackpoint>
      <Time>2026-08-18T10:26:59Z</Time>
      <Position>
       <LatitudeDegrees>5.2369210</LatitudeDegrees>
       <LongitudeDegrees>100.4390460</LongitudeDegrees>
      </Position>
      <AltitudeMeters>5.8</AltitudeMeters>
      <DistanceMeters>1992.7</DistanceMeters>
      <HeartRateBpm>
       <Value>160</Value>
      </HeartRateBpm>
      <Extensions>
       <TPX xmlns="http://www.garmin.com/xmlschemas/ActivityExtension/v2">
        <Speed>3.3</Speed>
       </TPX>
      </Extensions>
     </Trackpoint>
     <Trackpoint>
      <Time>2026-08-18T10:27:00Z</Time>
      <Position>
       <LatitudeDegrees>5.2368950</LatitudeDegrees>
       <LongitudeDegrees>100.4390550</LongitudeDegrees>
      </Position>
      <AltitudeMeters>5.8</AltitudeMeters>
      <DistanceMeters>1995.7</DistanceMeters>
      <HeartRateBpm>
       <Value>160</Value>
      </HeartRateBpm>
      <Extensions>
       <TPX xmlns="http://www.garmin.com/xmlschemas/ActivityExtension/v2">
        <Speed>3.2</Speed>
       </TPX>
      </Extensions>
     </Trackpoint>
     <Trackpoint>
      <Time>2026-08-18T10:27:01Z</Time>
      <Position>
       <LatitudeDegrees>5.2368690</LatitudeDegrees>
       <LongitudeDegrees>100.4390650</LongitudeDegrees>
      </Position>
      <AltitudeMeters>5.8</AltitudeMeters>
      <DistanceMeters>1998.8</DistanceMeters>
      <HeartRateBpm>
       <Value>160</Value>
      </HeartRateBpm>
      <Extensions>
       <TPX xmlns="http://www.garmin.com/xmlschemas/ActivityExtension/v2">
        <Speed>3.2</Speed>
       </TPX>
      </Extensions>
     </Trackpoint>
     <Trackpoint>
      <Time>2026-08-18T10:27:02Z</Time>
      <Position>
       <LatitudeDegrees>5.2368420</LatitudeDegrees>
       <LongitudeDegrees>100.4390750</LongitudeDegrees>
      </Position>
      <AltitudeMeters>5.8</AltitudeMeters>
      <DistanceMeters>2002.0</DistanceMeters>
      <HeartRateBpm>
       <Value>160</Value>
      </HeartRateBpm>
      <Extensions>
       <TPX xmlns="http://www.garmin.com/xmlschemas/ActivityExtension/v2">
        <Speed>3.2</Speed>
       </TPX>
      </Extensions>
     </Trackpoint>
     <Trackpoint>
      <Time>2026-08-18T10:27:03Z</Time>
      <Position>
       <LatitudeDegrees>5.2368160</LatitudeDegrees>
       <LongitudeDegrees>100.4390820</LongitudeDegrees>
      </Position>
      <AltitudeMeters>5.8</AltitudeMeters>
      <DistanceMeters>2005.1</DistanceMeters>
      <HeartRateBpm>
       <Value>160</Value>
      </HeartRateBpm>
      <Extensions>
       <TPX xmlns="http://www.garmin.com/xmlschemas/ActivityExtension/v2">
        <Speed>3.2</Speed>
       </TPX>
      </Extensions>
     </Trackpoint>
     <Trackpoint>
      <Time>2026-08-18T10:27:04Z</Time>
      <Position>
       <LatitudeDegrees>5.2367920</LatitudeDegrees>
       <LongitudeDegrees>100.4390940</LongitudeDegrees>
      </Position>
      <AltitudeMeters>5.7</AltitudeMeters>
      <DistanceMeters>2008.0</DistanceMeters>
      <HeartRateBpm>
       <Value>160</Value>
      </HeartRateBpm>
      <Extensions>
       <TPX xmlns="http://www.garmin.com/xmlschemas/ActivityExtension/v2">
        <Speed>3.1</Speed>
       </TPX>
      </Extensions>
     </Trackpoint>
     <Trackpoint>
      <Time>2026-08-18T10:27:05Z</Time>
      <Position>
       <LatitudeDegrees>5.2367690</LatitudeDegrees>
       <LongitudeDegrees>100.4391000</LongitudeDegrees>
      </Position>
      <AltitudeMeters>5.7</AltitudeMeters>
      <DistanceMeters>2010.5</DistanceMeters>
      <HeartRateBpm>
       <Value>161</Value>
      </HeartRateBpm>
      <Extensions>
       <TPX xmlns="http://www.garmin.com/xmlschemas/ActivityExtension/v2">
        <Speed>3.0</Speed>
       </TPX>
      </Extensions>
     </Trackpoint>
     <Trackpoint>
      <Time>2026-08-18T10:27:06Z</Time>
      <Position>
       <LatitudeDegrees>5.2367490</LatitudeDegrees>
       <LongitudeDegrees>100.4391070</LongitudeDegrees>
      </Position>
      <AltitudeMeters>5.7</AltitudeMeters>
      <DistanceMeters>2012.9</DistanceMeters>
      <HeartRateBpm>
       <Value>161</Value>
      </HeartRateBpm>
      <Extensions>
       <TPX xmlns="http://www.garmin.com/xmlschemas/ActivityExtension/v2">
        <Speed>2.8</Speed>
       </TPX>
      </Extensions>
     </Trackpoint>
     <Trackpoint>
      <Time>2026-08-18T10:27:07Z</Time>
      <Position>
       <LatitudeDegrees>5.2367280</LatitudeDegrees>
       <LongitudeDegrees>100.4391110</LongitudeDegrees>
      </Position>
      <AltitudeMeters>5.7</AltitudeMeters>
      <DistanceMeters>2015.3</DistanceMeters>
      <HeartRateBpm>
       <Value>161</Value>
      </HeartRateBpm>
      <Extensions>
       <TPX xmlns="http://www.garmin.com/xmlschemas/ActivityExtension/v2">
        <Speed>2.7</Speed>
       </TPX>
      </Extensions>
     </Trackpoint>
     <Trackpoint>
      <Time>2026-08-18T10:27:08Z</Time>
      <Position>
       <LatitudeDegrees>5.2367060</LatitudeDegrees>
       <LongitudeDegrees>100.4391150</LongitudeDegrees>
      </Position>
      <AltitudeMeters>5.7</AltitudeMeters>
      <DistanceMeters>2017.8</DistanceMeters>
      <HeartRateBpm>
       <Value>160</Value>
      </HeartRateBpm>
      <Extensions>
       <TPX xmlns="http://www.garmin.com/xmlschemas/ActivityExtension/v2">
        <Speed>2.5</Speed>
       </TPX>
      </Extensions>
     </Trackpoint>
     <Trackpoint>
      <Time>2026-08-18T10:27:09Z</Time>
      <Position>
       <LatitudeDegrees>5.2366830</LatitudeDegrees>
       <LongitudeDegrees>100.4391200</LongitudeDegrees>
      </Position>
      <AltitudeMeters>5.7</AltitudeMeters>
      <DistanceMeters>2020.4</DistanceMeters>
      <HeartRateBpm>
       <Value>160</Value>
      </HeartRateBpm>
      <Extensions>
       <TPX xmlns="http://www.garmin.com/xmlschemas/ActivityExtension/v2">
        <Speed>2.5</Speed>
       </TPX>
      </Extensions>
     </Trackpoint>
     <Trackpoint>
      <Time>2026-08-18T10:27:10Z</Time>
      <Position>
       <LatitudeDegrees>5.2366580</LatitudeDegrees>
       <LongitudeDegrees>100.4391270</LongitudeDegrees>
      </Position>
      <AltitudeMeters>5.7</AltitudeMeters>
      <DistanceMeters>2023.3</DistanceMeters>
      <HeartRateBpm>
       <Value>161</Value>
      </HeartRateBpm>
      <Extensions>
       <TPX xmlns="http://www.garmin.com/xmlschemas/ActivityExtension/v2">
        <Speed>2.6</Speed>
       </TPX>
      </Extensions>
     </Trackpoint>
     <Trackpoint>
      <Time>2026-08-18T10:27:11Z</Time>
      <Position>
       <LatitudeDegrees>5.2366290</LatitudeDegrees>
       <LongitudeDegrees>100.4391340</LongitudeDegrees>
      </Position>
      <AltitudeMeters>5.7</AltitudeMeters>
      <DistanceMeters>2026.6</DistanceMeters>
      <HeartRateBpm>
       <Value>161</Value>
      </HeartRateBpm>
      <Extensions>
       <TPX xmlns="http://www.garmin.com/xmlschemas/ActivityExtension/v2">
        <Speed>2.7</Speed>
       </TPX>
      </Extensions>
     </Trackpoint>
     <Trackpoint>
      <Time>2026-08-18T10:27:12Z</Time>
      <Position>
       <LatitudeDegrees>5.2365990</LatitudeDegrees>
       <LongitudeDegrees>100.4391410</LongitudeDegrees>
      </Position>
      <AltitudeMeters>5.6</AltitudeMeters>
      <DistanceMeters>2030.0</DistanceMeters>
      <HeartRateBpm>
       <Value>160</Value>
      </HeartRateBpm>
      <Extensions>
       <TPX xmlns="http://www.garmin.com/xmlschemas/ActivityExtension/v2">
        <Speed>2.9</Speed>
       </TPX>
      </Extensions>
     </Trackpoint>
     <Trackpoint>
      <Time>2026-08-18T10:27:13Z</Time>
      <Position>
       <LatitudeDegrees>5.2365740</LatitudeDegrees>
       <LongitudeDegrees>100.4391500</LongitudeDegrees>
      </Position>
      <AltitudeMeters>5.6</AltitudeMeters>
      <DistanceMeters>2033.0</DistanceMeters>
      <HeartRateBpm>
       <Value>160</Value>
      </HeartRateBpm>
      <Extensions>
       <TPX xmlns="http://www.garmin.com/xmlschemas/ActivityExtension/v2">
        <Speed>3.0</Speed>
       </TPX>
      </Extensions>
     </Trackpoint>
     <Trackpoint>
      <Time>2026-08-18T10:27:14Z</Time>
      <Position>
       <LatitudeDegrees>5.2365480</LatitudeDegrees>
       <LongitudeDegrees>100.4391630</LongitudeDegrees>
      </Position>
      <AltitudeMeters>5.6</AltitudeMeters>
      <DistanceMeters>2036.2</DistanceMeters>
      <HeartRateBpm>
       <Value>160</Value>
      </HeartRateBpm>
      <Extensions>
       <TPX xmlns="http://www.garmin.com/xmlschemas/ActivityExtension/v2">
        <Speed>3.2</Speed>
       </TPX>
      </Extensions>
     </Trackpoint>
     <Trackpoint>
      <Time>2026-08-18T10:27:15Z</Time>
      <Position>
       <LatitudeDegrees>5.2365160</LatitudeDegrees>
       <LongitudeDegrees>100.4391700</LongitudeDegrees>
      </Position>
      <AltitudeMeters>5.6</AltitudeMeters>
      <DistanceMeters>2039.9</DistanceMeters>
      <HeartRateBpm>
       <Value>160</Value>
      </HeartRateBpm>
      <Extensions>
       <TPX xmlns="http://www.garmin.com/xmlschemas/ActivityExtension/v2">
        <Speed>3.3</Speed>
       </TPX>
      </Extensions>
     </Trackpoint>
     <Trackpoint>
      <Time>2026-08-18T10:27:16Z</Time>
      <Position>
       <LatitudeDegrees>5.2364830</LatitudeDegrees>
       <LongitudeDegrees>100.4391760</LongitudeDegrees>
      </Position>
      <AltitudeMeters>5.6</AltitudeMeters>
      <DistanceMeters>2043.5</DistanceMeters>
      <HeartRateBpm>
       <Value>160</Value>
      </HeartRateBpm>
      <Extensions>
       <TPX xmlns="http://www.garmin.com/xmlschemas/ActivityExtension/v2">
        <Speed>3.4</Speed>
       </TPX>
      </Extensions>
     </Trackpoint>
     <Trackpoint>
      <Time>2026-08-18T10:27:17Z</Time>
      <Position>
       <LatitudeDegrees>5.2364500</LatitudeDegrees>
       <LongitudeDegrees>100.4391810</LongitudeDegrees>
      </Position>
      <AltitudeMeters>5.6</AltitudeMeters>
      <DistanceMeters>2047.3</DistanceMeters>
      <HeartRateBpm>
       <Value>160</Value>
      </HeartRateBpm>
      <Extensions>
       <TPX xmlns="http://www.garmin.com/xmlschemas/ActivityExtension/v2">
        <Speed>3.5</Speed>
       </TPX>
      </Extensions>
     </Trackpoint>
     <Trackpoint>
      <Time>2026-08-18T10:27:18Z</Time>
      <Position>
       <LatitudeDegrees>5.2364160</LatitudeDegrees>
       <LongitudeDegrees>100.4391890</LongitudeDegrees>
      </Position>
      <AltitudeMeters>5.6</AltitudeMeters>
      <DistanceMeters>2051.2</DistanceMeters>
      <HeartRateBpm>
       <Value>161</Value>
      </HeartRateBpm>
      <Extensions>
       <TPX xmlns="http://www.garmin.com/xmlschemas/ActivityExtension/v2">
        <Speed>3.6</Speed>
       </TPX>
      </Extensions>
     </Trackpoint>
     <Trackpoint>
      <Time>2026-08-18T10:27:19Z</Time>
      <Position>
       <LatitudeDegrees>5.2363880</LatitudeDegrees>
       <LongitudeDegrees>100.4391960</LongitudeDegrees>
      </Position>
      <AltitudeMeters>5.5</AltitudeMeters>
      <DistanceMeters>2054.4</DistanceMeters>
      <HeartRateBpm>
       <Value>161</Value>
      </HeartRateBpm>
      <Extensions>
       <TPX xmlns="http://www.garmin.com/xmlschemas/ActivityExtension/v2">
        <Speed>3.6</Speed>
       </TPX>
      </Extensions>
     </Trackpoint>
     <Trackpoint>
      <Time>2026-08-18T10:27:20Z</Time>
      <Position>
       <LatitudeDegrees>5.2363560</LatitudeDegrees>
       <LongitudeDegrees>100.4391980</LongitudeDegrees>
      </Position>
      <AltitudeMeters>5.5</AltitudeMeters>
      <DistanceMeters>2057.9</DistanceMeters>
      <HeartRateBpm>
       <Value>161</Value>
      </HeartRateBpm>
      <Extensions>
       <TPX xmlns="http://www.garmin.com/xmlschemas/ActivityExtension/v2">
        <Speed>3.6</Speed>
       </TPX>
      </Extensions>
     </Trackpoint>
     <Trackpoint>
      <Time>2026-08-18T10:27:21Z</Time>
      <Position>
       <LatitudeDegrees>5.2363360</LatitudeDegrees>
       <LongitudeDegrees>100.4391890</LongitudeDegrees>
      </Position>
      <AltitudeMeters>5.5</AltitudeMeters>
      <DistanceMeters>2060.3</DistanceMeters>
      <HeartRateBpm>
       <Value>160</Value>
      </HeartRateBpm>
      <Extensions>
       <TPX xmlns="http://www.garmin.com/xmlschemas/ActivityExtension/v2">
        <Speed>3.4</Speed>
       </TPX>
      </Extensions>
     </Trackpoint>
     <Trackpoint>
      <Time>2026-08-18T10:27:22Z</Time>
      <Position>
       <LatitudeDegrees>5.2363140</LatitudeDegrees>
       <LongitudeDegrees>100.4391850</LongitudeDegrees>
      </Position>
      <AltitudeMeters>5.5</AltitudeMeters>
      <DistanceMeters>2062.8</DistanceMeters>
      <HeartRateBpm>
       <Value>160</Value>
      </HeartRateBpm>
      <Extensions>
       <TPX xmlns="http://www.garmin.com/xmlschemas/ActivityExtension/v2">
        <Speed>3.1</Speed>
       </TPX>
      </Extensions>
     </Trackpoint>
     <Trackpoint>
      <Time>2026-08-18T10:27:23Z</Time>
      <Position>
       <LatitudeDegrees>5.2362930</LatitudeDegrees>
       <LongitudeDegrees>100.4391880</LongitudeDegrees>
      </Position>
      <AltitudeMeters>5.5</AltitudeMeters>
      <DistanceMeters>2065.2</DistanceMeters>
      <HeartRateBpm>
       <Value>160</Value>
      </HeartRateBpm>
      <Extensions>
       <TPX xmlns="http://www.garmin.com/xmlschemas/ActivityExtension/v2">
        <Speed>2.8</Speed>
       </TPX>
      </Extensions>
     </Trackpoint>
     <Trackpoint>
      <Time>2026-08-18T10:27:24Z</Time>
      <Position>
       <LatitudeDegrees>5.2362720</LatitudeDegrees>
       <LongitudeDegrees>100.4391880</LongitudeDegrees>
      </Position>
      <AltitudeMeters>5.5</AltitudeMeters>
      <DistanceMeters>2067.5</DistanceMeters>
      <HeartRateBpm>
       <Value>160</Value>
      </HeartRateBpm>
      <Extensions>
       <TPX xmlns="http://www.garmin.com/xmlschemas/ActivityExtension/v2">
        <Speed>2.6</Speed>
       </TPX>
      </Extensions>
     </Trackpoint>
     <Trackpoint>
      <Time>2026-08-18T10:27:25Z</Time>
      <Position>
       <LatitudeDegrees>5.2362440</LatitudeDegrees>
       <LongitudeDegrees>100.4391860</LongitudeDegrees>
      </Position>
      <AltitudeMeters>5.5</AltitudeMeters>
      <DistanceMeters>2070.7</DistanceMeters>
      <HeartRateBpm>
       <Value>160</Value>
      </HeartRateBpm>
      <Extensions>
       <TPX xmlns="http://www.garmin.com/xmlschemas/ActivityExtension/v2">
        <Speed>2.6</Speed>
       </TPX>
      </Extensions>
     </Trackpoint>
     <Trackpoint>
      <Time>2026-08-18T10:27:26Z</Time>
      <Position>
       <LatitudeDegrees>5.2362300</LatitudeDegrees>
       <LongitudeDegrees>100.4391980</LongitudeDegrees>
      </Position>
      <AltitudeMeters>5.4</AltitudeMeters>
      <DistanceMeters>2072.7</DistanceMeters>
      <HeartRateBpm>
       <Value>160</Value>
      </HeartRateBpm>
      <Extensions>
       <TPX xmlns="http://www.garmin.com/xmlschemas/ActivityExtension/v2">
        <Speed>2.5</Speed>
       </TPX>
      </Extensions>
     </Trackpoint>
     <Trackpoint>
      <Time>2026-08-18T10:27:27Z</Time>
      <Position>
       <LatitudeDegrees>5.2362000</LatitudeDegrees>
       <LongitudeDegrees>100.4392160</LongitudeDegrees>
      </Position>
      <AltitudeMeters>5.4</AltitudeMeters>
      <DistanceMeters>2076.5</DistanceMeters>
      <HeartRateBpm>
       <Value>161</Value>
      </HeartRateBpm>
      <Extensions>
       <TPX xmlns="http://www.garmin.com/xmlschemas/ActivityExtension/v2">
        <Speed>2.7</Speed>
       </TPX>
      </Extensions>
     </Trackpoint>
     <Trackpoint>
      <Time>2026-08-18T10:27:28Z</Time>
      <Position>
       <LatitudeDegrees>5.2361450</LatitudeDegrees>
       <LongitudeDegrees>100.4392240</LongitudeDegrees>
      </Position>
      <AltitudeMeters>5.4</AltitudeMeters>
      <DistanceMeters>2082.8</DistanceMeters>
      <HeartRateBpm>
       <Value>160</Value>
      </HeartRateBpm>
      <Extensions>
       <TPX xmlns="http://www.garmin.com/xmlschemas/ActivityExtension/v2">
        <Speed>3.5</Speed>
       </TPX>
      </Extensions>
     </Trackpoint>
     <Trackpoint>
      <Time>2026-08-18T10:27:29Z</Time>
      <Position>
       <LatitudeDegrees>5.2361120</LatitudeDegrees>
       <LongitudeDegrees>100.4392310</LongitudeDegrees>
      </Position>
      <AltitudeMeters>5.4</AltitudeMeters>
      <DistanceMeters>2086.5</DistanceMeters>
      <HeartRateBpm>
       <Value>160</Value>
      </HeartRateBpm>
      <Extensions>
       <TPX xmlns="http://www.garmin.com/xmlschemas/ActivityExtension/v2">
        <Speed>3.8</Speed>
       </TPX>
      </Extensions>
     </Trackpoint>
     <Trackpoint>
      <Time>2026-08-18T10:27:30Z</Time>
      <Position>
       <LatitudeDegrees>5.2360700</LatitudeDegrees>
       <LongitudeDegrees>100.4392260</LongitudeDegrees>
      </Position>
      <AltitudeMeters>5.4</AltitudeMeters>
      <DistanceMeters>2091.1</DistanceMeters>
      <HeartRateBpm>
       <Value>160</Value>
      </HeartRateBpm>
      <Extensions>
       <TPX xmlns="http://www.garmin.com/xmlschemas/ActivityExtension/v2">
        <Speed>4.1</Speed>
       </TPX>
      </Extensions>
     </Trackpoint>
     <Trackpoint>
      <Time>2026-08-18T10:27:31Z</Time>
      <Position>
       <LatitudeDegrees>5.2360280</LatitudeDegrees>
       <LongitudeDegrees>100.4392110</LongitudeDegrees>
      </Position>
      <AltitudeMeters>5.3</AltitudeMeters>
      <DistanceMeters>2096.1</DistanceMeters>
      <HeartRateBpm>
       <Value>160</Value>
      </HeartRateBpm>
      <Extensions>
       <TPX xmlns="http://www.garmin.com/xmlschemas/ActivityExtension/v2">
        <Speed>4.7</Speed>
       </TPX>
      </Extensions>
     </Trackpoint>
     <Trackpoint>
      <Time>2026-08-18T10:27:32Z</Time>
      <Position>
       <LatitudeDegrees>5.2359880</LatitudeDegrees>
       <LongitudeDegrees>100.4391970</LongitudeDegrees>
      </Position>
      <AltitudeMeters>5.3</AltitudeMeters>
      <DistanceMeters>2100.8</DistanceMeters>
      <HeartRateBpm>
       <Value>159</Value>
      </HeartRateBpm>
      <Extensions>
       <TPX xmlns="http://www.garmin.com/xmlschemas/ActivityExtension/v2">
        <Speed>4.9</Speed>
       </TPX>
      </Extensions>
     </Trackpoint>
     <Trackpoint>
      <Time>2026-08-18T10:27:33Z</Time>
      <Position>
       <LatitudeDegrees>5.2359530</LatitudeDegrees>
       <LongitudeDegrees>100.4391890</LongitudeDegrees>
      </Position>
      <AltitudeMeters>5.3</AltitudeMeters>
      <DistanceMeters>2104.8</DistanceMeters>
      <HeartRateBpm>
       <Value>160</Value>
      </HeartRateBpm>
      <Extensions>
       <TPX xmlns="http://www.garmin.com/xmlschemas/ActivityExtension/v2">
        <Speed>4.4</Speed>
       </TPX>
      </Extensions>
     </Trackpoint>
     <Trackpoint>
      <Time>2026-08-18T10:27:34Z</Time>
      <Position>
       <LatitudeDegrees>5.2359180</LatitudeDegrees>
       <LongitudeDegrees>100.4391820</LongitudeDegrees>
      </Position>
      <AltitudeMeters>5.3</AltitudeMeters>
      <DistanceMeters>2108.7</DistanceMeters>
      <HeartRateBpm>
       <Value>159</Value>
      </HeartRateBpm>
      <Extensions>
       <TPX xmlns="http://www.garmin.com/xmlschemas/ActivityExtension/v2">
        <Speed>4.4</Speed>
       </TPX>
      </Extensions>
     </Trackpoint>
     <Trackpoint>
      <Time>2026-08-18T10:27:35Z</Time>
      <Position>
       <LatitudeDegrees>5.2358850</LatitudeDegrees>
       <LongitudeDegrees>100.4391780</LongitudeDegrees>
      </Position>
      <AltitudeMeters>5.3</AltitudeMeters>
      <DistanceMeters>2112.5</DistanceMeters>
      <HeartRateBpm>
       <Value>159</Value>
      </HeartRateBpm>
      <Extensions>
       <TPX xmlns="http://www.garmin.com/xmlschemas/ActivityExtension/v2">
        <Speed>4.3</Speed>
       </TPX>
      </Extensions>
     </Trackpoint>
     <Trackpoint>
      <Time>2026-08-18T10:27:36Z</Time>
      <Position>
       <LatitudeDegrees>5.2358550</LatitudeDegrees>
       <LongitudeDegrees>100.4391780</LongitudeDegrees>
      </Position>
      <AltitudeMeters>5.3</AltitudeMeters>
      <DistanceMeters>2115.8</DistanceMeters>
      <HeartRateBpm>
       <Value>159</Value>
      </HeartRateBpm>
      <Extensions>
       <TPX xmlns="http://www.garmin.com/xmlschemas/ActivityExtension/v2">
        <Speed>3.9</Speed>
       </TPX>
      </Extensions>
     </Trackpoint>
     <Trackpoint>
      <Time>2026-08-18T10:27:37Z</Time>
      <Position>
       <LatitudeDegrees>5.2358220</LatitudeDegrees>
       <LongitudeDegrees>100.4391770</LongitudeDegrees>
      </Position>
      <AltitudeMeters>5.2</AltitudeMeters>
      <DistanceMeters>2119.5</DistanceMeters>
      <HeartRateBpm>
       <Value>159</Value>
      </HeartRateBpm>
      <Extensions>
       <TPX xmlns="http://www.garmin.com/xmlschemas/ActivityExtension/v2">
        <Speed>3.7</Speed>
       </TPX>
      </Extensions>
     </Trackpoint>
     <Trackpoint>
      <Time>2026-08-18T10:27:38Z</Time>
      <Position>
       <LatitudeDegrees>5.2357920</LatitudeDegrees>
       <LongitudeDegrees>100.4391750</LongitudeDegrees>
      </Position>
      <AltitudeMeters>5.2</AltitudeMeters>
      <DistanceMeters>2122.8</DistanceMeters>
      <HeartRateBpm>
       <Value>159</Value>
      </HeartRateBpm>
      <Extensions>
       <TPX xmlns="http://www.garmin.com/xmlschemas/ActivityExtension/v2">
        <Speed>3.6</Speed>
       </TPX>
      </Extensions>
     </Trackpoint>
     <Trackpoint>
      <Time>2026-08-18T10:27:39Z</Time>
      <Position>
       <LatitudeDegrees>5.2357660</LatitudeDegrees>
       <LongitudeDegrees>100.4391760</LongitudeDegrees>
      </Position>
      <AltitudeMeters>5.2</AltitudeMeters>
      <DistanceMeters>2125.7</DistanceMeters>
      <HeartRateBpm>
       <Value>159</Value>
      </HeartRateBpm>
      <Extensions>
       <TPX xmlns="http://www.garmin.com/xmlschemas/ActivityExtension/v2">
        <Speed>3.4</Speed>
       </TPX>
      </Extensions>
     </Trackpoint>
     <Trackpoint>
      <Time>2026-08-18T10:27:40Z</Time>
      <Position>
       <LatitudeDegrees>5.2357410</LatitudeDegrees>
       <LongitudeDegrees>100.4391800</LongitudeDegrees>
      </Position>
      <AltitudeMeters>5.2</AltitudeMeters>
      <DistanceMeters>2128.5</DistanceMeters>
      <HeartRateBpm>
       <Value>159</Value>
      </HeartRateBpm>
      <Extensions>
       <TPX xmlns="http://www.garmin.com/xmlschemas/ActivityExtension/v2">
        <Speed>3.2</Speed>
       </TPX>
      </Extensions>
     </Trackpoint>
     <Trackpoint>
      <Time>2026-08-18T10:27:41Z</Time>
      <Position>
       <LatitudeDegrees>5.2357120</LatitudeDegrees>
       <LongitudeDegrees>100.4391770</LongitudeDegrees>
      </Position>
      <AltitudeMeters>5.2</AltitudeMeters>
      <DistanceMeters>2131.7</DistanceMeters>
      <HeartRateBpm>
       <Value>159</Value>
      </HeartRateBpm>
      <Extensions>
       <TPX xmlns="http://www.garmin.com/xmlschemas/ActivityExtension/v2">
        <Speed>3.2</Speed>
       </TPX>
      </Extensions>
     </Trackpoint>
     <Trackpoint>
      <Time>2026-08-18T10:27:42Z</Time>
      <Position>
       <LatitudeDegrees>5.2356890</LatitudeDegrees>
       <LongitudeDegrees>100.4391760</LongitudeDegrees>
      </Position>
      <AltitudeMeters>5.2</AltitudeMeters>
      <DistanceMeters>2134.2</DistanceMeters>
      <HeartRateBpm>
       <Value>159</Value>
      </HeartRateBpm>
      <Extensions>
       <TPX xmlns="http://www.garmin.com/xmlschemas/ActivityExtension/v2">
        <Speed>2.9</Speed>
       </TPX>
      </Extensions>
     </Trackpoint>
     <Trackpoint>
      <Time>2026-08-18T10:27:43Z</Time>
      <Position>
       <LatitudeDegrees>5.2356650</LatitudeDegrees>
       <LongitudeDegrees>100.4391860</LongitudeDegrees>
      </Position>
      <AltitudeMeters>5.2</AltitudeMeters>
      <DistanceMeters>2137.1</DistanceMeters>
      <HeartRateBpm>
       <Value>159</Value>
      </HeartRateBpm>
      <Extensions>
       <TPX xmlns="http://www.garmin.com/xmlschemas/ActivityExtension/v2">
        <Speed>2.9</Speed>
       </TPX>
      </Extensions>
     </Trackpoint>
     <Trackpoint>
      <Time>2026-08-18T10:27:44Z</Time>
      <Position>
       <LatitudeDegrees>5.2356440</LatitudeDegrees>
       <LongitudeDegrees>100.4392030</LongitudeDegrees>
      </Position>
      <AltitudeMeters>5.2</AltitudeMeters>
      <DistanceMeters>2140.1</DistanceMeters>
      <HeartRateBpm>
       <Value>159</Value>
      </HeartRateBpm>
      <Extensions>
       <TPX xmlns="http://www.garmin.com/xmlschemas/ActivityExtension/v2">
        <Speed>2.9</Speed>
       </TPX>
      </Extensions>
     </Trackpoint>
     <Trackpoint>
      <Time>2026-08-18T10:27:45Z</Time>
      <Position>
       <LatitudeDegrees>5.2356250</LatitudeDegrees>
       <LongitudeDegrees>100.4392240</LongitudeDegrees>
      </Position>
      <AltitudeMeters>5.2</AltitudeMeters>
      <DistanceMeters>2143.2</DistanceMeters>
      <HeartRateBpm>
       <Value>159</Value>
      </HeartRateBpm>
      <Extensions>
       <TPX xmlns="http://www.garmin.com/xmlschemas/ActivityExtension/v2">
        <Speed>2.9</Speed>
       </TPX>
      </Extensions>
     </Trackpoint>
     <Trackpoint>
      <Time>2026-08-18T10:27:46Z</Time>
      <Position>
       <LatitudeDegrees>5.2356080</LatitudeDegrees>
       <LongitudeDegrees>100.4392570</LongitudeDegrees>
      </Position>
      <AltitudeMeters>5.2</AltitudeMeters>
      <DistanceMeters>2147.3</DistanceMeters>
      <HeartRateBpm>
       <Value>159</Value>
      </HeartRateBpm>
      <Extensions>
       <TPX xmlns="http://www.garmin.com/xmlschemas/ActivityExtension/v2">
        <Speed>3.1</Speed>
       </TPX>
      </Extensions>
     </Trackpoint>
     <Trackpoint>
      <Time>2026-08-18T10:27:47Z</Time>
      <Position>
       <LatitudeDegrees>5.2355930</LatitudeDegrees>
       <LongitudeDegrees>100.4392860</LongitudeDegrees>
      </Position>
      <AltitudeMeters>5.1</AltitudeMeters>
      <DistanceMeters>2150.9</DistanceMeters>
      <HeartRateBpm>
       <Value>159</Value>
      </HeartRateBpm>
      <Extensions>
       <TPX xmlns="http://www.garmin.com/xmlschemas/ActivityExtension/v2">
        <Speed>3.3</Speed>
       </TPX>
      </Extensions>
     </Trackpoint>
     <Trackpoint>
      <Time>2026-08-18T10:27:48Z</Time>
      <Position>
       <LatitudeDegrees>5.2355790</LatitudeDegrees>
       <LongitudeDegrees>100.4393140</LongitudeDegrees>
      </Position>
      <AltitudeMeters>5.1</AltitudeMeters>
      <DistanceMeters>2154.4</DistanceMeters>
      <HeartRateBpm>
       <Value>159</Value>
      </HeartRateBpm>
      <Extensions>
       <TPX xmlns="http://www.garmin.com/xmlschemas/ActivityExtension/v2">
        <Speed>3.5</Speed>
       </TPX>
      </Extensions>
     </Trackpoint>
     <Trackpoint>
      <Time>2026-08-18T10:27:49Z</Time>
      <Position>
       <LatitudeDegrees>5.2355650</LatitudeDegrees>
       <LongitudeDegrees>100.4393380</LongitudeDegrees>
      </Position>
      <AltitudeMeters>5.1</AltitudeMeters>
      <DistanceMeters>2157.5</DistanceMeters>
      <HeartRateBpm>
       <Value>158</Value>
      </HeartRateBpm>
      <Extensions>
       <TPX xmlns="http://www.garmin.com/xmlschemas/ActivityExtension/v2">
        <Speed>3.5</Speed>
       </TPX>
      </Extensions>
     </Trackpoint>
     <Trackpoint>
      <Time>2026-08-18T10:27:50Z</Time>
      <Position>
       <LatitudeDegrees>5.2355480</LatitudeDegrees>
       <LongitudeDegrees>100.4393630</LongitudeDegrees>
      </Position>
      <AltitudeMeters>5.1</AltitudeMeters>
      <DistanceMeters>2160.8</DistanceMeters>
      <HeartRateBpm>
       <Value>158</Value>
      </HeartRateBpm>
      <Extensions>
       <TPX xmlns="http://www.garmin.com/xmlschemas/ActivityExtension/v2">
        <Speed>3.5</Speed>
       </TPX>
      </Extensions>
     </Trackpoint>
     <Trackpoint>
      <Time>2026-08-18T10:27:51Z</Time>
      <Position>
       <LatitudeDegrees>5.2355260</LatitudeDegrees>
       <LongitudeDegrees>100.4393850</LongitudeDegrees>
      </Position>
      <AltitudeMeters>5.1</AltitudeMeters>
      <DistanceMeters>2164.3</DistanceMeters>
      <HeartRateBpm>
       <Value>158</Value>
      </HeartRateBpm>
      <Extensions>
       <TPX xmlns="http://www.garmin.com/xmlschemas/ActivityExtension/v2">
        <Speed>3.4</Speed>
       </TPX>
      </Extensions>
     </Trackpoint>
     <Trackpoint>
      <Time>2026-08-18T10:27:52Z</Time>
      <Position>
       <LatitudeDegrees>5.2355050</LatitudeDegrees>
       <LongitudeDegrees>100.4394060</LongitudeDegrees>
      </Position>
      <AltitudeMeters>5.1</AltitudeMeters>
      <DistanceMeters>2167.6</DistanceMeters>
      <HeartRateBpm>
       <Value>158</Value>
      </HeartRateBpm>
      <Extensions>
       <TPX xmlns="http://www.garmin.com/xmlschemas/ActivityExtension/v2">
        <Speed>3.3</Speed>
       </TPX>
      </Extensions>
     </Trackpoint>
     <Trackpoint>
      <Time>2026-08-18T10:27:53Z</Time>
      <Position>
       <LatitudeDegrees>5.2354830</LatitudeDegrees>
       <LongitudeDegrees>100.4394270</LongitudeDegrees>
      </Position>
      <AltitudeMeters>5.1</AltitudeMeters>
      <DistanceMeters>2171.0</DistanceMeters>
      <HeartRateBpm>
       <Value>159</Value>
      </HeartRateBpm>
      <Extensions>
       <TPX xmlns="http://www.garmin.com/xmlschemas/ActivityExtension/v2">
        <Speed>3.3</Speed>
       </TPX>
      </Extensions>
     </Trackpoint>
     <Trackpoint>
      <Time>2026-08-18T10:27:54Z</Time>
      <Position>
       <LatitudeDegrees>5.2354610</LatitudeDegrees>
       <LongitudeDegrees>100.4394460</LongitudeDegrees>
      </Position>
      <AltitudeMeters>5.1</AltitudeMeters>
      <DistanceMeters>2174.2</DistanceMeters>
      <HeartRateBpm>
       <Value>159</Value>
      </HeartRateBpm>
      <Extensions>
       <TPX xmlns="http://www.garmin.com/xmlschemas/ActivityExtension/v2">
        <Speed>3.3</Speed>
       </TPX>
      </Extensions>
     </Trackpoint>
     <Trackpoint>
      <Time>2026-08-18T10:27:55Z</Time>
      <Position>
       <LatitudeDegrees>5.2354410</LatitudeDegrees>
       <LongitudeDegrees>100.4394600</LongitudeDegrees>
      </Position>
      <AltitudeMeters>5.1</AltitudeMeters>
      <DistanceMeters>2176.9</DistanceMeters>
      <HeartRateBpm>
       <Value>159</Value>
      </HeartRateBpm>
      <Extensions>
       <TPX xmlns="http://www.garmin.com/xmlschemas/ActivityExtension/v2">
        <Speed>3.2</Speed>
       </TPX>
      </Extensions>
     </Trackpoint>
     <Trackpoint>
      <Time>2026-08-18T10:27:56Z</Time>
      <Position>
       <LatitudeDegrees>5.2354170</LatitudeDegrees>
       <LongitudeDegrees>100.4394690</LongitudeDegrees>
      </Position>
      <AltitudeMeters>5.1</AltitudeMeters>
      <DistanceMeters>2179.7</DistanceMeters>
      <HeartRateBpm>
       <Value>159</Value>
      </HeartRateBpm>
      <Extensions>
       <TPX xmlns="http://www.garmin.com/xmlschemas/ActivityExtension/v2">
        <Speed>3.1</Speed>
       </TPX>
      </Extensions>
     </Trackpoint>
     <Trackpoint>
      <Time>2026-08-18T10:27:57Z</Time>
      <Position>
       <LatitudeDegrees>5.2353920</LatitudeDegrees>
       <LongitudeDegrees>100.4394780</LongitudeDegrees>
      </Position>
      <AltitudeMeters>5.1</AltitudeMeters>
      <DistanceMeters>2182.7</DistanceMeters>
      <HeartRateBpm>
       <Value>159</Value>
      </HeartRateBpm>
      <Extensions>
       <TPX xmlns="http://www.garmin.com/xmlschemas/ActivityExtension/v2">
        <Speed>3.0</Speed>
       </TPX>
      </Extensions>
     </Trackpoint>
     <Trackpoint>
      <Time>2026-08-18T10:27:58Z</Time>
      <Position>
       <LatitudeDegrees>5.2353680</LatitudeDegrees>
       <LongitudeDegrees>100.4394790</LongitudeDegrees>
      </Position>
      <AltitudeMeters>5.1</AltitudeMeters>
      <DistanceMeters>2185.4</DistanceMeters>
      <HeartRateBpm>
       <Value>159</Value>
      </HeartRateBpm>
      <Extensions>
       <TPX xmlns="http://www.garmin.com/xmlschemas/ActivityExtension/v2">
        <Speed>2.9</Speed>
       </TPX>
      </Extensions>
     </Trackpoint>
     <Trackpoint>
      <Time>2026-08-18T10:27:59Z</Time>
      <Position>
       <LatitudeDegrees>5.2353460</LatitudeDegrees>
       <LongitudeDegrees>100.4394790</LongitudeDegrees>
      </Position>
      <AltitudeMeters>5.1</AltitudeMeters>
      <DistanceMeters>2187.8</DistanceMeters>
      <HeartRateBpm>
       <Value>159</Value>
      </HeartRateBpm>
      <Extensions>
       <TPX xmlns="http://www.garmin.com/xmlschemas/ActivityExtension/v2">
        <Speed>2.7</Speed>
       </TPX>
      </Extensions>
     </Trackpoint>
     <Trackpoint>
      <Time>2026-08-18T10:28:00Z</Time>
      <Position>
       <LatitudeDegrees>5.2353240</LatitudeDegrees>
       <LongitudeDegrees>100.4394800</LongitudeDegrees>
      </Position>
      <AltitudeMeters>5.1</AltitudeMeters>
      <DistanceMeters>2190.2</DistanceMeters>
      <HeartRateBpm>
       <Value>159</Value>
      </HeartRateBpm>
      <Extensions>
       <TPX xmlns="http://www.garmin.com/xmlschemas/ActivityExtension/v2">
        <Speed>2.7</Speed>
       </TPX>
      </Extensions>
     </Trackpoint>
     <Trackpoint>
      <Time>2026-08-18T10:28:01Z</Time>
      <Position>
       <LatitudeDegrees>5.2353010</LatitudeDegrees>
       <LongitudeDegrees>100.4394830</LongitudeDegrees>
      </Position>
      <AltitudeMeters>5.1</AltitudeMeters>
      <DistanceMeters>2192.8</DistanceMeters>
      <HeartRateBpm>
       <Value>158</Value>
      </HeartRateBpm>
      <Extensions>
       <TPX xmlns="http://www.garmin.com/xmlschemas/ActivityExtension/v2">
        <Speed>2.6</Speed>
       </TPX>
      </Extensions>
     </Trackpoint>
     <Trackpoint>
      <Time>2026-08-18T10:28:02Z</Time>
      <Position>
       <LatitudeDegrees>5.2352720</LatitudeDegrees>
       <LongitudeDegrees>100.4394850</LongitudeDegrees>
      </Position>
      <AltitudeMeters>5.1</AltitudeMeters>
      <DistanceMeters>2196.0</DistanceMeters>
      <HeartRateBpm>
       <Value>158</Value>
      </HeartRateBpm>
      <Extensions>
       <TPX xmlns="http://www.garmin.com/xmlschemas/ActivityExtension/v2">
        <Speed>2.7</Speed>
       </TPX>
      </Extensions>
     </Trackpoint>
     <Trackpoint>
      <Time>2026-08-18T10:28:03Z</Time>
      <Position>
       <LatitudeDegrees>5.2352430</LatitudeDegrees>
       <LongitudeDegrees>100.4394890</LongitudeDegrees>
      </Position>
      <AltitudeMeters>5.1</AltitudeMeters>
      <DistanceMeters>2199.3</DistanceMeters>
      <HeartRateBpm>
       <Value>158</Value>
      </HeartRateBpm>
      <Extensions>
       <TPX xmlns="http://www.garmin.com/xmlschemas/ActivityExtension/v2">
        <Speed>2.8</Speed>
       </TPX>
      </Extensions>
     </Trackpoint>
     <Trackpoint>
      <Time>2026-08-18T10:28:04Z</Time>
      <Position>
       <LatitudeDegrees>5.2352110</LatitudeDegrees>
       <LongitudeDegrees>100.4394960</LongitudeDegrees>
      </Position>
      <AltitudeMeters>5.1</AltitudeMeters>
      <DistanceMeters>2203.0</DistanceMeters>
      <HeartRateBpm>
       <Value>159</Value>
      </HeartRateBpm>
      <Extensions>
       <TPX xmlns="http://www.garmin.com/xmlschemas/ActivityExtension/v2">
        <Speed>3.0</Speed>
       </TPX>
      </Extensions>
     </Trackpoint>
     <Trackpoint>
      <Time>2026-08-18T10:28:05Z</Time>
      <Position>
       <LatitudeDegrees>5.2351720</LatitudeDegrees>
       <LongitudeDegrees>100.4395010</LongitudeDegrees>
      </Position>
      <AltitudeMeters>5.1</AltitudeMeters>
      <DistanceMeters>2207.3</DistanceMeters>
      <HeartRateBpm>
       <Value>159</Value>
      </HeartRateBpm>
      <Extensions>
       <TPX xmlns="http://www.garmin.com/xmlschemas/ActivityExtension/v2">
        <Speed>3.4</Speed>
       </TPX>
      </Extensions>
     </Trackpoint>
     <Trackpoint>
      <Time>2026-08-18T10:28:06Z</Time>
      <Position>
       <LatitudeDegrees>5.2351340</LatitudeDegrees>
       <LongitudeDegrees>100.4395030</LongitudeDegrees>
      </Position>
      <AltitudeMeters>5.1</AltitudeMeters>
      <DistanceMeters>2211.5</DistanceMeters>
      <HeartRateBpm>
       <Value>159</Value>
      </HeartRateBpm>
      <Extensions>
       <TPX xmlns="http://www.garmin.com/xmlschemas/ActivityExtension/v2">
        <Speed>3.7</Speed>
       </TPX>
      </Extensions>
     </Trackpoint>
     <Trackpoint>
      <Time>2026-08-18T10:28:07Z</Time>
      <Position>
       <LatitudeDegrees>5.2351000</LatitudeDegrees>
       <LongitudeDegrees>100.4395050</LongitudeDegrees>
      </Position>
      <AltitudeMeters>5.1</AltitudeMeters>
      <DistanceMeters>2215.3</DistanceMeters>
      <HeartRateBpm>
       <Value>159</Value>
      </HeartRateBpm>
      <Extensions>
       <TPX xmlns="http://www.garmin.com/xmlschemas/ActivityExtension/v2">
        <Speed>3.9</Speed>
       </TPX>
      </Extensions>
     </Trackpoint>
     <Trackpoint>
      <Time>2026-08-18T10:28:08Z</Time>
      <Position>
       <LatitudeDegrees>5.2350730</LatitudeDegrees>
       <LongitudeDegrees>100.4395080</LongitudeDegrees>
      </Position>
      <AltitudeMeters>5.1</AltitudeMeters>
      <DistanceMeters>2218.4</DistanceMeters>
      <HeartRateBpm>
       <Value>159</Value>
      </HeartRateBpm>
      <Extensions>
       <TPX xmlns="http://www.garmin.com/xmlschemas/ActivityExtension/v2">
        <Speed>3.8</Speed>
       </TPX>
      </Extensions>
     </Trackpoint>
     <Trackpoint>
      <Time>2026-08-18T10:28:09Z</Time>
      <Position>
       <LatitudeDegrees>5.2350430</LatitudeDegrees>
       <LongitudeDegrees>100.4395170</LongitudeDegrees>
      </Position>
      <AltitudeMeters>5.1</AltitudeMeters>
      <DistanceMeters>2221.8</DistanceMeters>
      <HeartRateBpm>
       <Value>159</Value>
      </HeartRateBpm>
      <Extensions>
       <TPX xmlns="http://www.garmin.com/xmlschemas/ActivityExtension/v2">
        <Speed>3.8</Speed>
       </TPX>
      </Extensions>
     </Trackpoint>
     <Trackpoint>
      <Time>2026-08-18T10:28:10Z</Time>
      <Position>
       <LatitudeDegrees>5.2350190</LatitudeDegrees>
       <LongitudeDegrees>100.4395230</LongitudeDegrees>
      </Position>
      <AltitudeMeters>5.1</AltitudeMeters>
      <DistanceMeters>2224.5</DistanceMeters>
      <HeartRateBpm>
       <Value>159</Value>
      </HeartRateBpm>
      <Extensions>
       <TPX xmlns="http://www.garmin.com/xmlschemas/ActivityExtension/v2">
        <Speed>3.4</Speed>
       </TPX>
      </Extensions>
     </Trackpoint>
     <Trackpoint>
      <Time>2026-08-18T10:28:11Z</Time>
      <Position>
       <LatitudeDegrees>5.2349970</LatitudeDegrees>
       <LongitudeDegrees>100.4395230</LongitudeDegrees>
      </Position>
      <AltitudeMeters>5.1</AltitudeMeters>
      <DistanceMeters>2226.9</DistanceMeters>
      <HeartRateBpm>
       <Value>160</Value>
      </HeartRateBpm>
      <Extensions>
       <TPX xmlns="http://www.garmin.com/xmlschemas/ActivityExtension/v2">
        <Speed>3.1</Speed>
       </TPX>
      </Extensions>
     </Trackpoint>
     <Trackpoint>
      <Time>2026-08-18T10:28:12Z</Time>
      <Position>
       <LatitudeDegrees>5.2349700</LatitudeDegrees>
       <LongitudeDegrees>100.4395240</LongitudeDegrees>
      </Position>
      <AltitudeMeters>5.1</AltitudeMeters>
      <DistanceMeters>2230.0</DistanceMeters>
      <HeartRateBpm>
       <Value>159</Value>
      </HeartRateBpm>
      <Extensions>
       <TPX xmlns="http://www.garmin.com/xmlschemas/ActivityExtension/v2">
        <Speed>2.9</Speed>
       </TPX>
      </Extensions>
     </Trackpoint>
     <Trackpoint>
      <Time>2026-08-18T10:28:13Z</Time>
      <Position>
       <LatitudeDegrees>5.2349520</LatitudeDegrees>
       <LongitudeDegrees>100.4395320</LongitudeDegrees>
      </Position>
      <AltitudeMeters>5.1</AltitudeMeters>
      <DistanceMeters>2232.2</DistanceMeters>
      <HeartRateBpm>
       <Value>160</Value>
      </HeartRateBpm>
      <Extensions>
       <TPX xmlns="http://www.garmin.com/xmlschemas/ActivityExtension/v2">
        <Speed>2.8</Speed>
       </TPX>
      </Extensions>
     </Trackpoint>
     <Trackpoint>
      <Time>2026-08-18T10:28:14Z</Time>
      <Position>
       <LatitudeDegrees>5.2349250</LatitudeDegrees>
       <LongitudeDegrees>100.4395440</LongitudeDegrees>
      </Position>
      <AltitudeMeters>5.1</AltitudeMeters>
      <DistanceMeters>2235.5</DistanceMeters>
      <HeartRateBpm>
       <Value>160</Value>
      </HeartRateBpm>
      <Extensions>
       <TPX xmlns="http://www.garmin.com/xmlschemas/ActivityExtension/v2">
        <Speed>2.7</Speed>
       </TPX>
      </Extensions>
     </Trackpoint>
     <Trackpoint>
      <Time>2026-08-18T10:28:15Z</Time>
      <Position>
       <LatitudeDegrees>5.2348980</LatitudeDegrees>
       <LongitudeDegrees>100.4395520</LongitudeDegrees>
      </Position>
      <AltitudeMeters>5.1</AltitudeMeters>
      <DistanceMeters>2238.6</DistanceMeters>
      <HeartRateBpm>
       <Value>160</Value>
      </HeartRateBpm>
      <Extensions>
       <TPX xmlns="http://www.garmin.com/xmlschemas/ActivityExtension/v2">
        <Speed>2.8</Speed>
       </TPX>
      </Extensions>
     </Trackpoint>
     <Trackpoint>
      <Time>2026-08-18T10:28:16Z</Time>
      <Position>
       <LatitudeDegrees>5.2348650</LatitudeDegrees>
       <LongitudeDegrees>100.4395640</LongitudeDegrees>
      </Position>
      <AltitudeMeters>5.1</AltitudeMeters>
      <DistanceMeters>2242.4</DistanceMeters>
      <HeartRateBpm>
       <Value>160</Value>
      </HeartRateBpm>
      <Extensions>
       <TPX xmlns="http://www.garmin.com/xmlschemas/ActivityExtension/v2">
        <Speed>3.1</Speed>
       </TPX>
      </Extensions>
     </Trackpoint>
     <Trackpoint>
      <Time>2026-08-18T10:28:17Z</Time>
      <Position>
       <LatitudeDegrees>5.2348310</LatitudeDegrees>
       <LongitudeDegrees>100.4395800</LongitudeDegrees>
      </Position>
      <AltitudeMeters>5.1</AltitudeMeters>
      <DistanceMeters>2246.6</DistanceMeters>
      <HeartRateBpm>
       <Value>160</Value>
      </HeartRateBpm>
      <Extensions>
       <TPX xmlns="http://www.garmin.com/xmlschemas/ActivityExtension/v2">
        <Speed>3.3</Speed>
       </TPX>
      </Extensions>
     </Trackpoint>
     <Trackpoint>
      <Time>2026-08-18T10:28:18Z</Time>
      <Position>
       <LatitudeDegrees>5.2347960</LatitudeDegrees>
       <LongitudeDegrees>100.4395930</LongitudeDegrees>
      </Position>
      <AltitudeMeters>5.1</AltitudeMeters>
      <DistanceMeters>2250.8</DistanceMeters>
      <HeartRateBpm>
       <Value>160</Value>
      </HeartRateBpm>
      <Extensions>
       <TPX xmlns="http://www.garmin.com/xmlschemas/ActivityExtension/v2">
        <Speed>3.7</Speed>
       </TPX>
      </Extensions>
     </Trackpoint>
     <Trackpoint>
      <Time>2026-08-18T10:28:19Z</Time>
      <Position>
       <LatitudeDegrees>5.2347520</LatitudeDegrees>
       <LongitudeDegrees>100.4396020</LongitudeDegrees>
      </Position>
      <AltitudeMeters>5.1</AltitudeMeters>
      <DistanceMeters>2255.8</DistanceMeters>
      <HeartRateBpm>
       <Value>160</Value>
      </HeartRateBpm>
      <Extensions>
       <TPX xmlns="http://www.garmin.com/xmlschemas/ActivityExtension/v2">
        <Speed>4.1</Speed>
       </TPX>
      </Extensions>
     </Trackpoint>
     <Trackpoint>
      <Time>2026-08-18T10:28:20Z</Time>
      <Position>
       <LatitudeDegrees>5.2347170</LatitudeDegrees>
       <LongitudeDegrees>100.4396070</LongitudeDegrees>
      </Position>
      <AltitudeMeters>5.1</AltitudeMeters>
      <DistanceMeters>2259.7</DistanceMeters>
      <HeartRateBpm>
       <Value>161</Value>
      </HeartRateBpm>
      <Extensions>
       <TPX xmlns="http://www.garmin.com/xmlschemas/ActivityExtension/v2">
        <Speed>4.2</Speed>
       </TPX>
      </Extensions>
     </Trackpoint>
     <Trackpoint>
      <Time>2026-08-18T10:28:21Z</Time>
      <Position>
       <LatitudeDegrees>5.2346850</LatitudeDegrees>
       <LongitudeDegrees>100.4396120</LongitudeDegrees>
      </Position>
      <AltitudeMeters>5.1</AltitudeMeters>
      <DistanceMeters>2263.3</DistanceMeters>
      <HeartRateBpm>
       <Value>163</Value>
      </HeartRateBpm>
      <Extensions>
       <TPX xmlns="http://www.garmin.com/xmlschemas/ActivityExtension/v2">
        <Speed>4.2</Speed>
       </TPX>
      </Extensions>
     </Trackpoint>
     <Trackpoint>
      <Time>2026-08-18T10:28:22Z</Time>
      <Position>
       <LatitudeDegrees>5.2346540</LatitudeDegrees>
       <LongitudeDegrees>100.4396140</LongitudeDegrees>
      </Position>
      <AltitudeMeters>5.1</AltitudeMeters>
      <DistanceMeters>2266.8</DistanceMeters>
      <HeartRateBpm>
       <Value>163</Value>
      </HeartRateBpm>
      <Extensions>
       <TPX xmlns="http://www.garmin.com/xmlschemas/ActivityExtension/v2">
        <Speed>4.0</Speed>
       </TPX>
      </Extensions>
     </Trackpoint>
     <Trackpoint>
      <Time>2026-08-18T10:28:23Z</Time>
      <Position>
       <LatitudeDegrees>5.2346270</LatitudeDegrees>
       <LongitudeDegrees>100.4396120</LongitudeDegrees>
      </Position>
      <AltitudeMeters>5.1</AltitudeMeters>
      <DistanceMeters>2269.8</DistanceMeters>
      <HeartRateBpm>
       <Value>162</Value>
      </HeartRateBpm>
      <Extensions>
       <TPX xmlns="http://www.garmin.com/xmlschemas/ActivityExtension/v2">
        <Speed>3.8</Speed>
       </TPX>
      </Extensions>
     </Trackpoint>
     <Trackpoint>
      <Time>2026-08-18T10:28:24Z</Time>
      <Position>
       <LatitudeDegrees>5.2345980</LatitudeDegrees>
       <LongitudeDegrees>100.4396030</LongitudeDegrees>
      </Position>
      <AltitudeMeters>5.1</AltitudeMeters>
      <DistanceMeters>2273.2</DistanceMeters>
      <HeartRateBpm>
       <Value>163</Value>
      </HeartRateBpm>
      <Extensions>
       <TPX xmlns="http://www.garmin.com/xmlschemas/ActivityExtension/v2">
        <Speed>3.5</Speed>
       </TPX>
      </Extensions>
     </Trackpoint>
     <Trackpoint>
      <Time>2026-08-18T10:28:25Z</Time>
      <Position>
       <LatitudeDegrees>5.2345740</LatitudeDegrees>
       <LongitudeDegrees>100.4395900</LongitudeDegrees>
      </Position>
      <AltitudeMeters>5.1</AltitudeMeters>
      <DistanceMeters>2276.2</DistanceMeters>
      <HeartRateBpm>
       <Value>163</Value>
      </HeartRateBpm>
      <Extensions>
       <TPX xmlns="http://www.garmin.com/xmlschemas/ActivityExtension/v2">
        <Speed>3.3</Speed>
       </TPX>
      </Extensions>
     </Trackpoint>
     <Trackpoint>
      <Time>2026-08-18T10:28:26Z</Time>
      <Position>
       <LatitudeDegrees>5.2345550</LatitudeDegrees>
       <LongitudeDegrees>100.4395710</LongitudeDegrees>
      </Position>
      <AltitudeMeters>5.1</AltitudeMeters>
      <DistanceMeters>2279.2</DistanceMeters>
      <HeartRateBpm>
       <Value>162</Value>
      </HeartRateBpm>
      <Extensions>
       <TPX xmlns="http://www.garmin.com/xmlschemas/ActivityExtension/v2">
        <Speed>3.2</Speed>
       </TPX>
      </Extensions>
     </Trackpoint>
     <Trackpoint>
      <Time>2026-08-18T10:28:27Z</Time>
      <Position>
       <LatitudeDegrees>5.2345400</LatitudeDegrees>
       <LongitudeDegrees>100.4395480</LongitudeDegrees>
      </Position>
      <AltitudeMeters>5.1</AltitudeMeters>
      <DistanceMeters>2282.2</DistanceMeters>
      <HeartRateBpm>
       <Value>162</Value>
      </HeartRateBpm>
      <Extensions>
       <TPX xmlns="http://www.garmin.com/xmlschemas/ActivityExtension/v2">
        <Speed>3.1</Speed>
       </TPX>
      </Extensions>
     </Trackpoint>
     <Trackpoint>
      <Time>2026-08-18T10:28:28Z</Time>
      <Position>
       <LatitudeDegrees>5.2345250</LatitudeDegrees>
       <LongitudeDegrees>100.4395250</LongitudeDegrees>
      </Position>
      <AltitudeMeters>5.1</AltitudeMeters>
      <DistanceMeters>2285.3</DistanceMeters>
      <HeartRateBpm>
       <Value>163</Value>
      </HeartRateBpm>
      <Extensions>
       <TPX xmlns="http://www.garmin.com/xmlschemas/ActivityExtension/v2">
        <Speed>3.1</Speed>
       </TPX>
      </Extensions>
     </Trackpoint>
     <Trackpoint>
      <Time>2026-08-18T10:28:29Z</Time>
      <Position>
       <LatitudeDegrees>5.2345120</LatitudeDegrees>
       <LongitudeDegrees>100.4394990</LongitudeDegrees>
      </Position>
      <AltitudeMeters>5.1</AltitudeMeters>
      <DistanceMeters>2288.4</DistanceMeters>
      <HeartRateBpm>
       <Value>163</Value>
      </HeartRateBpm>
      <Extensions>
       <TPX xmlns="http://www.garmin.com/xmlschemas/ActivityExtension/v2">
        <Speed>3.0</Speed>
       </TPX>
      </Extensions>
     </Trackpoint>
     <Trackpoint>
      <Time>2026-08-18T10:28:30Z</Time>
      <Position>
       <LatitudeDegrees>5.2345020</LatitudeDegrees>
       <LongitudeDegrees>100.4394740</LongitudeDegrees>
      </Position>
      <AltitudeMeters>5.1</AltitudeMeters>
      <DistanceMeters>2291.4</DistanceMeters>
      <HeartRateBpm>
       <Value>162</Value>
      </HeartRateBpm>
      <Extensions>
       <TPX xmlns="http://www.garmin.com/xmlschemas/ActivityExtension/v2">
        <Speed>3.0</Speed>
       </TPX>
      </Extensions>
     </Trackpoint>
     <Trackpoint>
      <Time>2026-08-18T10:28:31Z</Time>
      <Position>
       <LatitudeDegrees>5.2344930</LatitudeDegrees>
       <LongitudeDegrees>100.4394420</LongitudeDegrees>
      </Position>
      <AltitudeMeters>5.1</AltitudeMeters>
      <DistanceMeters>2295.2</DistanceMeters>
      <HeartRateBpm>
       <Value>162</Value>
      </HeartRateBpm>
      <Extensions>
       <TPX xmlns="http://www.garmin.com/xmlschemas/ActivityExtension/v2">
        <Speed>3.2</Speed>
       </TPX>
      </Extensions>
     </Trackpoint>
     <Trackpoint>
      <Time>2026-08-18T10:28:32Z</Time>
      <Position>
       <LatitudeDegrees>5.2344830</LatitudeDegrees>
       <LongitudeDegrees>100.4394090</LongitudeDegrees>
      </Position>
      <AltitudeMeters>5.2</AltitudeMeters>
      <DistanceMeters>2298.9</DistanceMeters>
      <HeartRateBpm>
       <Value>162</Value>
      </HeartRateBpm>
      <Extensions>
       <TPX xmlns="http://www.garmin.com/xmlschemas/ActivityExtension/v2">
        <Speed>3.3</Speed>
       </TPX>
      </Extensions>
     </Trackpoint>
     <Trackpoint>
      <Time>2026-08-18T10:28:33Z</Time>
      <Position>
       <LatitudeDegrees>5.2344700</LatitudeDegrees>
       <LongitudeDegrees>100.4393760</LongitudeDegrees>
      </Position>
      <AltitudeMeters>5.2</AltitudeMeters>
      <DistanceMeters>2302.9</DistanceMeters>
      <HeartRateBpm>
       <Value>162</Value>
      </HeartRateBpm>
      <Extensions>
       <TPX xmlns="http://www.garmin.com/xmlschemas/ActivityExtension/v2">
        <Speed>3.5</Speed>
       </TPX>
      </Extensions>
     </Trackpoint>
     <Trackpoint>
      <Time>2026-08-18T10:28:34Z</Time>
      <Position>
       <LatitudeDegrees>5.2344580</LatitudeDegrees>
       <LongitudeDegrees>100.4393440</LongitudeDegrees>
      </Position>
      <AltitudeMeters>5.2</AltitudeMeters>
      <DistanceMeters>2306.7</DistanceMeters>
      <HeartRateBpm>
       <Value>162</Value>
      </HeartRateBpm>
      <Extensions>
       <TPX xmlns="http://www.garmin.com/xmlschemas/ActivityExtension/v2">
        <Speed>3.7</Speed>
       </TPX>
      </Extensions>
     </Trackpoint>
     <Trackpoint>
      <Time>2026-08-18T10:28:35Z</Time>
      <Position>
       <LatitudeDegrees>5.2344440</LatitudeDegrees>
       <LongitudeDegrees>100.4393120</LongitudeDegrees>
      </Position>
      <AltitudeMeters>5.2</AltitudeMeters>
      <DistanceMeters>2310.5</DistanceMeters>
      <HeartRateBpm>
       <Value>161</Value>
      </HeartRateBpm>
      <Extensions>
       <TPX xmlns="http://www.garmin.com/xmlschemas/ActivityExtension/v2">
        <Speed>3.8</Speed>
       </TPX>
      </Extensions>
     </Trackpoint>
     <Trackpoint>
      <Time>2026-08-18T10:28:36Z</Time>
      <Position>
       <LatitudeDegrees>5.2344330</LatitudeDegrees>
       <LongitudeDegrees>100.4392870</LongitudeDegrees>
      </Position>
      <AltitudeMeters>5.2</AltitudeMeters>
      <DistanceMeters>2313.6</DistanceMeters>
      <HeartRateBpm>
       <Value>161</Value>
      </HeartRateBpm>
      <Extensions>
       <TPX xmlns="http://www.garmin.com/xmlschemas/ActivityExtension/v2">
        <Speed>3.7</Speed>
       </TPX>
      </Extensions>
     </Trackpoint>
     <Trackpoint>
      <Time>2026-08-18T10:28:37Z</Time>
      <Position>
       <LatitudeDegrees>5.2344120</LatitudeDegrees>
       <LongitudeDegrees>100.4392480</LongitudeDegrees>
      </Position>
      <AltitudeMeters>5.2</AltitudeMeters>
      <DistanceMeters>2318.4</DistanceMeters>
      <HeartRateBpm>
       <Value>161</Value>
      </HeartRateBpm>
      <Extensions>
       <TPX xmlns="http://www.garmin.com/xmlschemas/ActivityExtension/v2">
        <Speed>3.9</Speed>
       </TPX>
      </Extensions>
     </Trackpoint>
     <Trackpoint>
      <Time>2026-08-18T10:28:38Z</Time>
      <Position>
       <LatitudeDegrees>5.2344060</LatitudeDegrees>
       <LongitudeDegrees>100.4392250</LongitudeDegrees>
      </Position>
      <AltitudeMeters>5.2</AltitudeMeters>
      <DistanceMeters>2321.1</DistanceMeters>
      <HeartRateBpm>
       <Value>161</Value>
      </HeartRateBpm>
      <Extensions>
       <TPX xmlns="http://www.garmin.com/xmlschemas/ActivityExtension/v2">
        <Speed>3.6</Speed>
       </TPX>
      </Extensions>
     </Trackpoint>
     <Trackpoint>
      <Time>2026-08-18T10:28:39Z</Time>
      <Position>
       <LatitudeDegrees>5.2344010</LatitudeDegrees>
       <LongitudeDegrees>100.4391910</LongitudeDegrees>
      </Position>
      <AltitudeMeters>5.2</AltitudeMeters>
      <DistanceMeters>2324.9</DistanceMeters>
      <HeartRateBpm>
       <Value>161</Value>
      </HeartRateBpm>
      <Extensions>
       <TPX xmlns="http://www.garmin.com/xmlschemas/ActivityExtension/v2">
        <Speed>3.6</Speed>
       </TPX>
      </Extensions>
     </Trackpoint>
     <Trackpoint>
      <Time>2026-08-18T10:28:40Z</Time>
      <Position>
       <LatitudeDegrees>5.2343980</LatitudeDegrees>
       <LongitudeDegrees>100.4391620</LongitudeDegrees>
      </Position>
      <AltitudeMeters>5.2</AltitudeMeters>
      <DistanceMeters>2328.1</DistanceMeters>
      <HeartRateBpm>
       <Value>161</Value>
      </HeartRateBpm>
      <Extensions>
       <TPX xmlns="http://www.garmin.com/xmlschemas/ActivityExtension/v2">
        <Speed>3.5</Speed>
       </TPX>
      </Extensions>
     </Trackpoint>
     <Trackpoint>
      <Time>2026-08-18T10:28:41Z</Time>
      <Position>
       <LatitudeDegrees>5.2343950</LatitudeDegrees>
       <LongitudeDegrees>100.4391350</LongitudeDegrees>
      </Position>
      <AltitudeMeters>5.2</AltitudeMeters>
      <DistanceMeters>2331.1</DistanceMeters>
      <HeartRateBpm>
       <Value>162</Value>
      </HeartRateBpm>
      <Extensions>
       <TPX xmlns="http://www.garmin.com/xmlschemas/ActivityExtension/v2">
        <Speed>3.5</Speed>
       </TPX>
      </Extensions>
     </Trackpoint>
     <Trackpoint>
      <Time>2026-08-18T10:28:42Z</Time>
      <Position>
       <LatitudeDegrees>5.2343900</LatitudeDegrees>
       <LongitudeDegrees>100.4391060</LongitudeDegrees>
      </Position>
      <AltitudeMeters>5.2</AltitudeMeters>
      <DistanceMeters>2334.3</DistanceMeters>
      <HeartRateBpm>
       <Value>162</Value>
      </HeartRateBpm>
      <Extensions>
       <TPX xmlns="http://www.garmin.com/xmlschemas/ActivityExtension/v2">
        <Speed>3.2</Speed>
       </TPX>
      </Extensions>
     </Trackpoint>
     <Trackpoint>
      <Time>2026-08-18T10:28:43Z</Time>
      <Position>
       <LatitudeDegrees>5.2343860</LatitudeDegrees>
       <LongitudeDegrees>100.4390770</LongitudeDegrees>
      </Position>
      <AltitudeMeters>5.2</AltitudeMeters>
      <DistanceMeters>2337.6</DistanceMeters>
      <HeartRateBpm>
       <Value>161</Value>
      </HeartRateBpm>
      <Extensions>
       <TPX xmlns="http://www.garmin.com/xmlschemas/ActivityExtension/v2">
        <Speed>3.3</Speed>
       </TPX>
      </Extensions>
     </Trackpoint>
     <Trackpoint>
      <Time>2026-08-18T10:28:44Z</Time>
      <Position>
       <LatitudeDegrees>5.2343880</LatitudeDegrees>
       <LongitudeDegrees>100.4390490</LongitudeDegrees>
      </Position>
      <AltitudeMeters>5.3</AltitudeMeters>
      <DistanceMeters>2340.7</DistanceMeters>
      <HeartRateBpm>
       <Value>161</Value>
      </HeartRateBpm>
      <Extensions>
       <TPX xmlns="http://www.garmin.com/xmlschemas/ActivityExtension/v2">
        <Speed>3.2</Speed>
       </TPX>
      </Extensions>
     </Trackpoint>
     <Trackpoint>
      <Time>2026-08-18T10:28:45Z</Time>
      <Position>
       <LatitudeDegrees>5.2343830</LatitudeDegrees>
       <LongitudeDegrees>100.4390160</LongitudeDegrees>
      </Position>
      <AltitudeMeters>5.3</AltitudeMeters>
      <DistanceMeters>2344.5</DistanceMeters>
      <HeartRateBpm>
       <Value>161</Value>
      </HeartRateBpm>
      <Extensions>
       <TPX xmlns="http://www.garmin.com/xmlschemas/ActivityExtension/v2">
        <Speed>3.3</Speed>
       </TPX>
      </Extensions>
     </Trackpoint>
     <Trackpoint>
      <Time>2026-08-18T10:28:46Z</Time>
      <Position>
       <LatitudeDegrees>5.2343720</LatitudeDegrees>
       <LongitudeDegrees>100.4389850</LongitudeDegrees>
      </Position>
      <AltitudeMeters>5.3</AltitudeMeters>
      <DistanceMeters>2348.1</DistanceMeters>
      <HeartRateBpm>
       <Value>161</Value>
      </HeartRateBpm>
      <Extensions>
       <TPX xmlns="http://www.garmin.com/xmlschemas/ActivityExtension/v2">
        <Speed>3.4</Speed>
       </TPX>
      </Extensions>
     </Trackpoint>
     <Trackpoint>
      <Time>2026-08-18T10:28:47Z</Time>
      <Position>
       <LatitudeDegrees>5.2343600</LatitudeDegrees>
       <LongitudeDegrees>100.4389550</LongitudeDegrees>
      </Position>
      <AltitudeMeters>5.3</AltitudeMeters>
      <DistanceMeters>2351.6</DistanceMeters>
      <HeartRateBpm>
       <Value>162</Value>
      </HeartRateBpm>
      <Extensions>
       <TPX xmlns="http://www.garmin.com/xmlschemas/ActivityExtension/v2">
        <Speed>3.5</Speed>
       </TPX>
      </Extensions>
     </Trackpoint>
     <Trackpoint>
      <Time>2026-08-18T10:28:48Z</Time>
      <Position>
       <LatitudeDegrees>5.2343500</LatitudeDegrees>
       <LongitudeDegrees>100.4389250</LongitudeDegrees>
      </Position>
      <AltitudeMeters>5.3</AltitudeMeters>
      <DistanceMeters>2355.2</DistanceMeters>
      <HeartRateBpm>
       <Value>162</Value>
      </HeartRateBpm>
      <Extensions>
       <TPX xmlns="http://www.garmin.com/xmlschemas/ActivityExtension/v2">
        <Speed>3.5</Speed>
       </TPX>
      </Extensions>
     </Trackpoint>
     <Trackpoint>
      <Time>2026-08-18T10:28:49Z</Time>
      <Position>
       <LatitudeDegrees>5.2343420</LatitudeDegrees>
       <LongitudeDegrees>100.4388940</LongitudeDegrees>
      </Position>
      <AltitudeMeters>5.3</AltitudeMeters>
      <DistanceMeters>2358.7</DistanceMeters>
      <HeartRateBpm>
       <Value>161</Value>
      </HeartRateBpm>
      <Extensions>
       <TPX xmlns="http://www.garmin.com/xmlschemas/ActivityExtension/v2">
        <Speed>3.6</Speed>
       </TPX>
      </Extensions>
     </Trackpoint>
     <Trackpoint>
      <Time>2026-08-18T10:28:50Z</Time>
      <Position>
       <LatitudeDegrees>5.2343360</LatitudeDegrees>
       <LongitudeDegrees>100.4388660</LongitudeDegrees>
      </Position>
      <AltitudeMeters>5.3</AltitudeMeters>
      <DistanceMeters>2361.9</DistanceMeters>
      <HeartRateBpm>
       <Value>160</Value>
      </HeartRateBpm>
      <Extensions>
       <TPX xmlns="http://www.garmin.com/xmlschemas/ActivityExtension/v2">
        <Speed>3.5</Speed>
       </TPX>
      </Extensions>
     </Trackpoint>
     <Trackpoint>
      <Time>2026-08-18T10:28:51Z</Time>
      <Position>
       <LatitudeDegrees>5.2343250</LatitudeDegrees>
       <LongitudeDegrees>100.4388290</LongitudeDegrees>
      </Position>
      <AltitudeMeters>5.3</AltitudeMeters>
      <DistanceMeters>2366.1</DistanceMeters>
      <HeartRateBpm>
       <Value>161</Value>
      </HeartRateBpm>
      <Extensions>
       <TPX xmlns="http://www.garmin.com/xmlschemas/ActivityExtension/v2">
        <Speed>3.6</Speed>
       </TPX>
      </Extensions>
     </Trackpoint>
     <Trackpoint>
      <Time>2026-08-18T10:28:52Z</Time>
      <Position>
       <LatitudeDegrees>5.2343200</LatitudeDegrees>
       <LongitudeDegrees>100.4387950</LongitudeDegrees>
      </Position>
      <AltitudeMeters>5.3</AltitudeMeters>
      <DistanceMeters>2369.9</DistanceMeters>
      <HeartRateBpm>
       <Value>161</Value>
      </HeartRateBpm>
      <Extensions>
       <TPX xmlns="http://www.garmin.com/xmlschemas/ActivityExtension/v2">
        <Speed>3.7</Speed>
       </TPX>
      </Extensions>
     </Trackpoint>
     <Trackpoint>
      <Time>2026-08-18T10:28:53Z</Time>
      <Position>
       <LatitudeDegrees>5.2343160</LatitudeDegrees>
       <LongitudeDegrees>100.4387640</LongitudeDegrees>
      </Position>
      <AltitudeMeters>5.3</AltitudeMeters>
      <DistanceMeters>2373.4</DistanceMeters>
      <HeartRateBpm>
       <Value>161</Value>
      </HeartRateBpm>
      <Extensions>
       <TPX xmlns="http://www.garmin.com/xmlschemas/ActivityExtension/v2">
        <Speed>3.6</Speed>
       </TPX>
      </Extensions>
     </Trackpoint>
     <Trackpoint>
      <Time>2026-08-18T10:28:54Z</Time>
      <Position>
       <LatitudeDegrees>5.2343110</LatitudeDegrees>
       <LongitudeDegrees>100.4387360</LongitudeDegrees>
      </Position>
      <AltitudeMeters>5.3</AltitudeMeters>
      <DistanceMeters>2376.6</DistanceMeters>
      <HeartRateBpm>
       <Value>162</Value>
      </HeartRateBpm>
      <Extensions>
       <TPX xmlns="http://www.garmin.com/xmlschemas/ActivityExtension/v2">
        <Speed>3.6</Speed>
       </TPX>
      </Extensions>
     </Trackpoint>
     <Trackpoint>
      <Time>2026-08-18T10:28:55Z</Time>
      <Position>
       <LatitudeDegrees>5.2343040</LatitudeDegrees>
       <LongitudeDegrees>100.4387090</LongitudeDegrees>
      </Position>
      <AltitudeMeters>5.3</AltitudeMeters>
      <DistanceMeters>2379.7</DistanceMeters>
      <HeartRateBpm>
       <Value>163</Value>
      </HeartRateBpm>
      <Extensions>
       <TPX xmlns="http://www.garmin.com/xmlschemas/ActivityExtension/v2">
        <Speed>3.6</Speed>
       </TPX>
      </Extensions>
     </Trackpoint>
     <Trackpoint>
      <Time>2026-08-18T10:28:56Z</Time>
      <Position>
       <LatitudeDegrees>5.2342970</LatitudeDegrees>
       <LongitudeDegrees>100.4386840</LongitudeDegrees>
      </Position>
      <AltitudeMeters>5.3</AltitudeMeters>
      <DistanceMeters>2382.6</DistanceMeters>
      <HeartRateBpm>
       <Value>163</Value>
      </HeartRateBpm>
      <Extensions>
       <TPX xmlns="http://www.garmin.com/xmlschemas/ActivityExtension/v2">
        <Speed>3.3</Speed>
       </TPX>
      </Extensions>
     </Trackpoint>
     <Trackpoint>
      <Time>2026-08-18T10:28:57Z</Time>
      <Position>
       <LatitudeDegrees>5.2342900</LatitudeDegrees>
       <LongitudeDegrees>100.4386530</LongitudeDegrees>
      </Position>
      <AltitudeMeters>5.2</AltitudeMeters>
      <DistanceMeters>2386.1</DistanceMeters>
      <HeartRateBpm>
       <Value>163</Value>
      </HeartRateBpm>
      <Extensions>
       <TPX xmlns="http://www.garmin.com/xmlschemas/ActivityExtension/v2">
        <Speed>3.2</Speed>
       </TPX>
      </Extensions>
     </Trackpoint>
     <Trackpoint>
      <Time>2026-08-18T10:28:58Z</Time>
      <Position>
       <LatitudeDegrees>5.2342830</LatitudeDegrees>
       <LongitudeDegrees>100.4386230</LongitudeDegrees>
      </Position>
      <AltitudeMeters>5.2</AltitudeMeters>
      <DistanceMeters>2389.4</DistanceMeters>
      <HeartRateBpm>
       <Value>163</Value>
      </HeartRateBpm>
      <Extensions>
       <TPX xmlns="http://www.garmin.com/xmlschemas/ActivityExtension/v2">
        <Speed>3.2</Speed>
       </TPX>
      </Extensions>
     </Trackpoint>
     <Trackpoint>
      <Time>2026-08-18T10:28:59Z</Time>
      <Position>
       <LatitudeDegrees>5.2342780</LatitudeDegrees>
       <LongitudeDegrees>100.4385960</LongitudeDegrees>
      </Position>
      <AltitudeMeters>5.2</AltitudeMeters>
      <DistanceMeters>2392.5</DistanceMeters>
      <HeartRateBpm>
       <Value>162</Value>
      </HeartRateBpm>
      <Extensions>
       <TPX xmlns="http://www.garmin.com/xmlschemas/ActivityExtension/v2">
        <Speed>3.2</Speed>
       </TPX>
      </Extensions>
     </Trackpoint>
     <Trackpoint>
      <Time>2026-08-18T10:29:00Z</Time>
      <Position>
       <LatitudeDegrees>5.2342710</LatitudeDegrees>
       <LongitudeDegrees>100.4385710</LongitudeDegrees>
      </Position>
      <AltitudeMeters>5.2</AltitudeMeters>
      <DistanceMeters>2395.4</DistanceMeters>
      <HeartRateBpm>
       <Value>162</Value>
      </HeartRateBpm>
      <Extensions>
       <TPX xmlns="http://www.garmin.com/xmlschemas/ActivityExtension/v2">
        <Speed>3.1</Speed>
       </TPX>
      </Extensions>
     </Trackpoint>
     <Trackpoint>
      <Time>2026-08-18T10:29:01Z</Time>
      <Position>
       <LatitudeDegrees>5.2342630</LatitudeDegrees>
       <LongitudeDegrees>100.4385450</LongitudeDegrees>
      </Position>
      <AltitudeMeters>5.2</AltitudeMeters>
      <DistanceMeters>2398.4</DistanceMeters>
      <HeartRateBpm>
       <Value>163</Value>
      </HeartRateBpm>
      <Extensions>
       <TPX xmlns="http://www.garmin.com/xmlschemas/ActivityExtension/v2">
        <Speed>3.2</Speed>
       </TPX>
      </Extensions>
     </Trackpoint>
     <Trackpoint>
      <Time>2026-08-18T10:29:02Z</Time>
      <Position>
       <LatitudeDegrees>5.2342540</LatitudeDegrees>
       <LongitudeDegrees>100.4385200</LongitudeDegrees>
      </Position>
      <AltitudeMeters>5.2</AltitudeMeters>
      <DistanceMeters>2401.3</DistanceMeters>
      <HeartRateBpm>
       <Value>163</Value>
      </HeartRateBpm>
      <Extensions>
       <TPX xmlns="http://www.garmin.com/xmlschemas/ActivityExtension/v2">
        <Speed>3.0</Speed>
       </TPX>
      </Extensions>
     </Trackpoint>
     <Trackpoint>
      <Time>2026-08-18T10:29:03Z</Time>
      <Position>
       <LatitudeDegrees>5.2342430</LatitudeDegrees>
       <LongitudeDegrees>100.4384960</LongitudeDegrees>
      </Position>
      <AltitudeMeters>5.2</AltitudeMeters>
      <DistanceMeters>2404.2</DistanceMeters>
      <HeartRateBpm>
       <Value>163</Value>
      </HeartRateBpm>
      <Extensions>
       <TPX xmlns="http://www.garmin.com/xmlschemas/ActivityExtension/v2">
        <Speed>3.0</Speed>
       </TPX>
      </Extensions>
     </Trackpoint>
     <Trackpoint>
      <Time>2026-08-18T10:29:04Z</Time>
      <Position>
       <LatitudeDegrees>5.2342330</LatitudeDegrees>
       <LongitudeDegrees>100.4384660</LongitudeDegrees>
      </Position>
      <AltitudeMeters>5.2</AltitudeMeters>
      <DistanceMeters>2407.7</DistanceMeters>
      <HeartRateBpm>
       <Value>163</Value>
      </HeartRateBpm>
      <Extensions>
       <TPX xmlns="http://www.garmin.com/xmlschemas/ActivityExtension/v2">
        <Speed>3.0</Speed>
       </TPX>
      </Extensions>
     </Trackpoint>
     <Trackpoint>
      <Time>2026-08-18T10:29:05Z</Time>
      <Position>
       <LatitudeDegrees>5.2342250</LatitudeDegrees>
       <LongitudeDegrees>100.4384390</LongitudeDegrees>
      </Position>
      <AltitudeMeters>5.3</AltitudeMeters>
      <DistanceMeters>2410.9</DistanceMeters>
      <HeartRateBpm>
       <Value>164</Value>
      </HeartRateBpm>
      <Extensions>
       <TPX xmlns="http://www.garmin.com/xmlschemas/ActivityExtension/v2">
        <Speed>3.1</Speed>
       </TPX>
      </Extensions>
     </Trackpoint>
     <Trackpoint>
      <Time>2026-08-18T10:29:06Z</Time>
      <Position>
       <LatitudeDegrees>5.2342190</LatitudeDegrees>
       <LongitudeDegrees>100.4384090</LongitudeDegrees>
      </Position>
      <AltitudeMeters>5.3</AltitudeMeters>
      <DistanceMeters>2414.2</DistanceMeters>
      <HeartRateBpm>
       <Value>163</Value>
      </HeartRateBpm>
      <Extensions>
       <TPX xmlns="http://www.garmin.com/xmlschemas/ActivityExtension/v2">
        <Speed>3.2</Speed>
       </TPX>
      </Extensions>
     </Trackpoint>
     <Trackpoint>
      <Time>2026-08-18T10:29:07Z</Time>
      <Position>
       <LatitudeDegrees>5.2342120</LatitudeDegrees>
       <LongitudeDegrees>100.4383780</LongitudeDegrees>
      </Position>
      <AltitudeMeters>5.3</AltitudeMeters>
      <DistanceMeters>2417.8</DistanceMeters>
      <HeartRateBpm>
       <Value>163</Value>
      </HeartRateBpm>
      <Extensions>
       <TPX xmlns="http://www.garmin.com/xmlschemas/ActivityExtension/v2">
        <Speed>3.3</Speed>
       </TPX>
      </Extensions>
     </Trackpoint>
     <Trackpoint>
      <Time>2026-08-18T10:29:08Z</Time>
      <Position>
       <LatitudeDegrees>5.2342090</LatitudeDegrees>
       <LongitudeDegrees>100.4383470</LongitudeDegrees>
      </Position>
      <AltitudeMeters>5.3</AltitudeMeters>
      <DistanceMeters>2421.2</DistanceMeters>
      <HeartRateBpm>
       <Value>163</Value>
      </HeartRateBpm>
      <Extensions>
       <TPX xmlns="http://www.garmin.com/xmlschemas/ActivityExtension/v2">
        <Speed>3.4</Speed>
       </TPX>
      </Extensions>
     </Trackpoint>
     <Trackpoint>
      <Time>2026-08-18T10:29:09Z</Time>
      <Position>
       <LatitudeDegrees>5.2342030</LatitudeDegrees>
       <LongitudeDegrees>100.4383140</LongitudeDegrees>
      </Position>
      <AltitudeMeters>5.3</AltitudeMeters>
      <DistanceMeters>2424.9</DistanceMeters>
      <HeartRateBpm>
       <Value>163</Value>
      </HeartRateBpm>
      <Extensions>
       <TPX xmlns="http://www.garmin.com/xmlschemas/ActivityExtension/v2">
        <Speed>3.4</Speed>
       </TPX>
      </Extensions>
     </Trackpoint>
     <Trackpoint>
      <Time>2026-08-18T10:29:10Z</Time>
      <Position>
       <LatitudeDegrees>5.2341950</LatitudeDegrees>
       <LongitudeDegrees>100.4382860</LongitudeDegrees>
      </Position>
      <AltitudeMeters>5.3</AltitudeMeters>
      <DistanceMeters>2428.2</DistanceMeters>
      <HeartRateBpm>
       <Value>163</Value>
      </HeartRateBpm>
      <Extensions>
       <TPX xmlns="http://www.garmin.com/xmlschemas/ActivityExtension/v2">
        <Speed>3.5</Speed>
       </TPX>
      </Extensions>
     </Trackpoint>
     <Trackpoint>
      <Time>2026-08-18T10:29:11Z</Time>
      <Position>
       <LatitudeDegrees>5.2341830</LatitudeDegrees>
       <LongitudeDegrees>100.4382510</LongitudeDegrees>
      </Position>
      <AltitudeMeters>5.3</AltitudeMeters>
      <DistanceMeters>2432.3</DistanceMeters>
      <HeartRateBpm>
       <Value>163</Value>
      </HeartRateBpm>
      <Extensions>
       <TPX xmlns="http://www.garmin.com/xmlschemas/ActivityExtension/v2">
        <Speed>3.6</Speed>
       </TPX>
      </Extensions>
     </Trackpoint>
     <Trackpoint>
      <Time>2026-08-18T10:29:12Z</Time>
      <Position>
       <LatitudeDegrees>5.2341750</LatitudeDegrees>
       <LongitudeDegrees>100.4382180</LongitudeDegrees>
      </Position>
      <AltitudeMeters>5.3</AltitudeMeters>
      <DistanceMeters>2436.0</DistanceMeters>
      <HeartRateBpm>
       <Value>164</Value>
      </HeartRateBpm>
      <Extensions>
       <TPX xmlns="http://www.garmin.com/xmlschemas/ActivityExtension/v2">
        <Speed>3.6</Speed>
       </TPX>
      </Extensions>
     </Trackpoint>
     <Trackpoint>
      <Time>2026-08-18T10:29:13Z</Time>
      <Position>
       <LatitudeDegrees>5.2341680</LatitudeDegrees>
       <LongitudeDegrees>100.4381880</LongitudeDegrees>
      </Position>
      <AltitudeMeters>5.3</AltitudeMeters>
      <DistanceMeters>2439.4</DistanceMeters>
      <HeartRateBpm>
       <Value>163</Value>
      </HeartRateBpm>
      <Extensions>
       <TPX xmlns="http://www.garmin.com/xmlschemas/ActivityExtension/v2">
        <Speed>3.6</Speed>
       </TPX>
      </Extensions>
     </Trackpoint>
     <Trackpoint>
      <Time>2026-08-18T10:29:14Z</Time>
      <Position>
       <LatitudeDegrees>5.2341610</LatitudeDegrees>
       <LongitudeDegrees>100.4381600</LongitudeDegrees>
      </Position>
      <AltitudeMeters>5.3</AltitudeMeters>
      <DistanceMeters>2442.7</DistanceMeters>
      <HeartRateBpm>
       <Value>162</Value>
      </HeartRateBpm>
      <Extensions>
       <TPX xmlns="http://www.garmin.com/xmlschemas/ActivityExtension/v2">
        <Speed>3.6</Speed>
       </TPX>
      </Extensions>
     </Trackpoint>
     <Trackpoint>
      <Time>2026-08-18T10:29:15Z</Time>
      <Position>
       <LatitudeDegrees>5.2341540</LatitudeDegrees>
       <LongitudeDegrees>100.4381310</LongitudeDegrees>
      </Position>
      <AltitudeMeters>5.3</AltitudeMeters>
      <DistanceMeters>2445.9</DistanceMeters>
      <HeartRateBpm>
       <Value>162</Value>
      </HeartRateBpm>
      <Extensions>
       <TPX xmlns="http://www.garmin.com/xmlschemas/ActivityExtension/v2">
        <Speed>3.5</Speed>
       </TPX>
      </Extensions>
     </Trackpoint>
     <Trackpoint>
      <Time>2026-08-18T10:29:16Z</Time>
      <Position>
       <LatitudeDegrees>5.2341500</LatitudeDegrees>
       <LongitudeDegrees>100.4381070</LongitudeDegrees>
      </Position>
      <AltitudeMeters>5.3</AltitudeMeters>
      <DistanceMeters>2448.6</DistanceMeters>
      <HeartRateBpm>
       <Value>162</Value>
      </HeartRateBpm>
      <Extensions>
       <TPX xmlns="http://www.garmin.com/xmlschemas/ActivityExtension/v2">
        <Speed>3.3</Speed>
       </TPX>
      </Extensions>
     </Trackpoint>
     <Trackpoint>
      <Time>2026-08-18T10:29:17Z</Time>
      <Position>
       <LatitudeDegrees>5.2341480</LatitudeDegrees>
       <LongitudeDegrees>100.4380770</LongitudeDegrees>
      </Position>
      <AltitudeMeters>5.3</AltitudeMeters>
      <DistanceMeters>2451.9</DistanceMeters>
      <HeartRateBpm>
       <Value>162</Value>
      </HeartRateBpm>
      <Extensions>
       <TPX xmlns="http://www.garmin.com/xmlschemas/ActivityExtension/v2">
        <Speed>3.2</Speed>
       </TPX>
      </Extensions>
     </Trackpoint>
     <Trackpoint>
      <Time>2026-08-18T10:29:18Z</Time>
      <Position>
       <LatitudeDegrees>5.2341440</LatitudeDegrees>
       <LongitudeDegrees>100.4380500</LongitudeDegrees>
      </Position>
      <AltitudeMeters>5.3</AltitudeMeters>
      <DistanceMeters>2455.0</DistanceMeters>
      <HeartRateBpm>
       <Value>162</Value>
      </HeartRateBpm>
      <Extensions>
       <TPX xmlns="http://www.garmin.com/xmlschemas/ActivityExtension/v2">
        <Speed>3.1</Speed>
       </TPX>
      </Extensions>
     </Trackpoint>
     <Trackpoint>
      <Time>2026-08-18T10:29:19Z</Time>
      <Position>
       <LatitudeDegrees>5.2341400</LatitudeDegrees>
       <LongitudeDegrees>100.4380240</LongitudeDegrees>
      </Position>
      <AltitudeMeters>5.3</AltitudeMeters>
      <DistanceMeters>2457.9</DistanceMeters>
      <HeartRateBpm>
       <Value>162</Value>
      </HeartRateBpm>
      <Extensions>
       <TPX xmlns="http://www.garmin.com/xmlschemas/ActivityExtension/v2">
        <Speed>3.0</Speed>
       </TPX>
      </Extensions>
     </Trackpoint>
     <Trackpoint>
      <Time>2026-08-18T10:29:20Z</Time>
      <Position>
       <LatitudeDegrees>5.2341350</LatitudeDegrees>
       <LongitudeDegrees>100.4379980</LongitudeDegrees>
      </Position>
      <AltitudeMeters>5.3</AltitudeMeters>
      <DistanceMeters>2460.8</DistanceMeters>
      <HeartRateBpm>
       <Value>163</Value>
      </HeartRateBpm>
      <Extensions>
       <TPX xmlns="http://www.garmin.com/xmlschemas/ActivityExtension/v2">
        <Speed>3.0</Speed>
       </TPX>
      </Extensions>
     </Trackpoint>
     <Trackpoint>
      <Time>2026-08-18T10:29:21Z</Time>
      <Position>
       <LatitudeDegrees>5.2341300</LatitudeDegrees>
       <LongitudeDegrees>100.4379730</LongitudeDegrees>
      </Position>
      <AltitudeMeters>5.3</AltitudeMeters>
      <DistanceMeters>2463.6</DistanceMeters>
      <HeartRateBpm>
       <Value>163</Value>
      </HeartRateBpm>
      <Extensions>
       <TPX xmlns="http://www.garmin.com/xmlschemas/ActivityExtension/v2">
        <Speed>3.0</Speed>
       </TPX>
      </Extensions>
     </Trackpoint>
     <Trackpoint>
      <Time>2026-08-18T10:29:22Z</Time>
      <Position>
       <LatitudeDegrees>5.2341240</LatitudeDegrees>
       <LongitudeDegrees>100.4379490</LongitudeDegrees>
      </Position>
      <AltitudeMeters>5.3</AltitudeMeters>
      <DistanceMeters>2466.3</DistanceMeters>
      <HeartRateBpm>
       <Value>163</Value>
      </HeartRateBpm>
      <Extensions>
       <TPX xmlns="http://www.garmin.com/xmlschemas/ActivityExtension/v2">
        <Speed>2.9</Speed>
       </TPX>
      </Extensions>
     </Trackpoint>
     <Trackpoint>
      <Time>2026-08-18T10:29:23Z</Time>
      <Position>
       <LatitudeDegrees>5.2341140</LatitudeDegrees>
       <LongitudeDegrees>100.4379230</LongitudeDegrees>
      </Position>
      <AltitudeMeters>5.3</AltitudeMeters>
      <DistanceMeters>2469.5</DistanceMeters>
      <HeartRateBpm>
       <Value>162</Value>
      </HeartRateBpm>
      <Extensions>
       <TPX xmlns="http://www.garmin.com/xmlschemas/ActivityExtension/v2">
        <Speed>2.9</Speed>
       </TPX>
      </Extensions>
     </Trackpoint>
     <Trackpoint>
      <Time>2026-08-18T10:29:24Z</Time>
      <Position>
       <LatitudeDegrees>5.2341030</LatitudeDegrees>
       <LongitudeDegrees>100.4378920</LongitudeDegrees>
      </Position>
      <AltitudeMeters>5.3</AltitudeMeters>
      <DistanceMeters>2473.1</DistanceMeters>
      <HeartRateBpm>
       <Value>162</Value>
      </HeartRateBpm>
      <Extensions>
       <TPX xmlns="http://www.garmin.com/xmlschemas/ActivityExtension/v2">
        <Speed>3.0</Speed>
       </TPX>
      </Extensions>
     </Trackpoint>
     <Trackpoint>
      <Time>2026-08-18T10:29:25Z</Time>
      <Position>
       <LatitudeDegrees>5.2340920</LatitudeDegrees>
       <LongitudeDegrees>100.4378570</LongitudeDegrees>
      </Position>
      <AltitudeMeters>5.3</AltitudeMeters>
      <DistanceMeters>2477.2</DistanceMeters>
      <HeartRateBpm>
       <Value>162</Value>
      </HeartRateBpm>
      <Extensions>
       <TPX xmlns="http://www.garmin.com/xmlschemas/ActivityExtension/v2">
        <Speed>3.3</Speed>
       </TPX>
      </Extensions>
     </Trackpoint>
     <Trackpoint>
      <Time>2026-08-18T10:29:26Z</Time>
      <Position>
       <LatitudeDegrees>5.2340820</LatitudeDegrees>
       <LongitudeDegrees>100.4378310</LongitudeDegrees>
      </Position>
      <AltitudeMeters>5.3</AltitudeMeters>
      <DistanceMeters>2480.2</DistanceMeters>
      <HeartRateBpm>
       <Value>162</Value>
      </HeartRateBpm>
      <Extensions>
       <TPX xmlns="http://www.garmin.com/xmlschemas/ActivityExtension/v2">
        <Speed>3.3</Speed>
       </TPX>
      </Extensions>
     </Trackpoint>
     <Trackpoint>
      <Time>2026-08-18T10:29:27Z</Time>
      <Position>
       <LatitudeDegrees>5.2340720</LatitudeDegrees>
       <LongitudeDegrees>100.4378040</LongitudeDegrees>
      </Position>
      <AltitudeMeters>5.3</AltitudeMeters>
      <DistanceMeters>2483.4</DistanceMeters>
      <HeartRateBpm>
       <Value>162</Value>
      </HeartRateBpm>
      <Extensions>
       <TPX xmlns="http://www.garmin.com/xmlschemas/ActivityExtension/v2">
        <Speed>3.4</Speed>
       </TPX>
      </Extensions>
     </Trackpoint>
     <Trackpoint>
      <Time>2026-08-18T10:29:28Z</Time>
      <Position>
       <LatitudeDegrees>5.2340680</LatitudeDegrees>
       <LongitudeDegrees>100.4377810</LongitudeDegrees>
      </Position>
      <AltitudeMeters>5.3</AltitudeMeters>
      <DistanceMeters>2486.0</DistanceMeters>
      <HeartRateBpm>
       <Value>163</Value>
      </HeartRateBpm>
      <Extensions>
       <TPX xmlns="http://www.garmin.com/xmlschemas/ActivityExtension/v2">
        <Speed>3.3</Speed>
       </TPX>
      </Extensions>
     </Trackpoint>
     <Trackpoint>
      <Time>2026-08-18T10:29:29Z</Time>
      <Position>
       <LatitudeDegrees>5.2340590</LatitudeDegrees>
       <LongitudeDegrees>100.4377580</LongitudeDegrees>
      </Position>
      <AltitudeMeters>5.3</AltitudeMeters>
      <DistanceMeters>2488.8</DistanceMeters>
      <HeartRateBpm>
       <Value>163</Value>
      </HeartRateBpm>
      <Extensions>
       <TPX xmlns="http://www.garmin.com/xmlschemas/ActivityExtension/v2">
        <Speed>3.1</Speed>
       </TPX>
      </Extensions>
     </Trackpoint>
     <Trackpoint>
      <Time>2026-08-18T10:29:30Z</Time>
      <Position>
       <LatitudeDegrees>5.2340500</LatitudeDegrees>
       <LongitudeDegrees>100.4377310</LongitudeDegrees>
      </Position>
      <AltitudeMeters>5.3</AltitudeMeters>
      <DistanceMeters>2491.9</DistanceMeters>
      <HeartRateBpm>
       <Value>162</Value>
      </HeartRateBpm>
      <Extensions>
       <TPX xmlns="http://www.garmin.com/xmlschemas/ActivityExtension/v2">
        <Speed>2.9</Speed>
       </TPX>
      </Extensions>
     </Trackpoint>
     <Trackpoint>
      <Time>2026-08-18T10:29:31Z</Time>
      <Position>
       <LatitudeDegrees>5.2340410</LatitudeDegrees>
       <LongitudeDegrees>100.4377040</LongitudeDegrees>
      </Position>
      <AltitudeMeters>5.3</AltitudeMeters>
      <DistanceMeters>2495.0</DistanceMeters>
      <HeartRateBpm>
       <Value>161</Value>
      </HeartRateBpm>
      <Extensions>
       <TPX xmlns="http://www.garmin.com/xmlschemas/ActivityExtension/v2">
        <Speed>3.0</Speed>
       </TPX>
      </Extensions>
     </Trackpoint>
     <Trackpoint>
      <Time>2026-08-18T10:29:32Z</Time>
      <Position>
       <LatitudeDegrees>5.2340330</LatitudeDegrees>
       <LongitudeDegrees>100.4376740</LongitudeDegrees>
      </Position>
      <AltitudeMeters>5.4</AltitudeMeters>
      <DistanceMeters>2498.4</DistanceMeters>
      <HeartRateBpm>
       <Value>162</Value>
      </HeartRateBpm>
      <Extensions>
       <TPX xmlns="http://www.garmin.com/xmlschemas/ActivityExtension/v2">
        <Speed>3.0</Speed>
       </TPX>
      </Extensions>
     </Trackpoint>
     <Trackpoint>
      <Time>2026-08-18T10:29:33Z</Time>
      <Position>
       <LatitudeDegrees>5.2340260</LatitudeDegrees>
       <LongitudeDegrees>100.4376440</LongitudeDegrees>
      </Position>
      <AltitudeMeters>5.4</AltitudeMeters>
      <DistanceMeters>2501.9</DistanceMeters>
      <HeartRateBpm>
       <Value>163</Value>
      </HeartRateBpm>
      <Extensions>
       <TPX xmlns="http://www.garmin.com/xmlschemas/ActivityExtension/v2">
        <Speed>3.2</Speed>
       </TPX>
      </Extensions>
     </Trackpoint>
     <Trackpoint>
      <Time>2026-08-18T10:29:34Z</Time>
      <Position>
       <LatitudeDegrees>5.2340210</LatitudeDegrees>
       <LongitudeDegrees>100.4376130</LongitudeDegrees>
      </Position>
      <AltitudeMeters>5.4</AltitudeMeters>
      <DistanceMeters>2505.4</DistanceMeters>
      <HeartRateBpm>
       <Value>162</Value>
      </HeartRateBpm>
      <Extensions>
       <TPX xmlns="http://www.garmin.com/xmlschemas/ActivityExtension/v2">
        <Speed>3.3</Speed>
       </TPX>
      </Extensions>
     </Trackpoint>
     <Trackpoint>
      <Time>2026-08-18T10:29:35Z</Time>
      <Position>
       <LatitudeDegrees>5.2340160</LatitudeDegrees>
       <LongitudeDegrees>100.4375830</LongitudeDegrees>
      </Position>
      <AltitudeMeters>5.4</AltitudeMeters>
      <DistanceMeters>2508.7</DistanceMeters>
      <HeartRateBpm>
       <Value>163</Value>
      </HeartRateBpm>
      <Extensions>
       <TPX xmlns="http://www.garmin.com/xmlschemas/ActivityExtension/v2">
        <Speed>3.4</Speed>
       </TPX>
      </Extensions>
     </Trackpoint>
     <Trackpoint>
      <Time>2026-08-18T10:29:36Z</Time>
      <Position>
       <LatitudeDegrees>5.2340110</LatitudeDegrees>
       <LongitudeDegrees>100.4375520</LongitudeDegrees>
      </Position>
      <AltitudeMeters>5.4</AltitudeMeters>
      <DistanceMeters>2512.2</DistanceMeters>
      <HeartRateBpm>
       <Value>164</Value>
      </HeartRateBpm>
      <Extensions>
       <TPX xmlns="http://www.garmin.com/xmlschemas/ActivityExtension/v2">
        <Speed>3.4</Speed>
       </TPX>
      </Extensions>
     </Trackpoint>
     <Trackpoint>
      <Time>2026-08-18T10:29:37Z</Time>
      <Position>
       <LatitudeDegrees>5.2340060</LatitudeDegrees>
       <LongitudeDegrees>100.4375220</LongitudeDegrees>
      </Position>
      <AltitudeMeters>5.4</AltitudeMeters>
      <DistanceMeters>2515.5</DistanceMeters>
      <HeartRateBpm>
       <Value>164</Value>
      </HeartRateBpm>
      <Extensions>
       <TPX xmlns="http://www.garmin.com/xmlschemas/ActivityExtension/v2">
        <Speed>3.4</Speed>
       </TPX>
      </Extensions>
     </Trackpoint>
     <Trackpoint>
      <Time>2026-08-18T10:29:38Z</Time>
      <Position>
       <LatitudeDegrees>5.2339970</LatitudeDegrees>
       <LongitudeDegrees>100.4374900</LongitudeDegrees>
      </Position>
      <AltitudeMeters>5.4</AltitudeMeters>
      <DistanceMeters>2519.2</DistanceMeters>
      <HeartRateBpm>
       <Value>163</Value>
      </HeartRateBpm>
      <Extensions>
       <TPX xmlns="http://www.garmin.com/xmlschemas/ActivityExtension/v2">
        <Speed>3.5</Speed>
       </TPX>
      </Extensions>
     </Trackpoint>
     <Trackpoint>
      <Time>2026-08-18T10:29:39Z</Time>
      <Position>
       <LatitudeDegrees>5.2339890</LatitudeDegrees>
       <LongitudeDegrees>100.4374560</LongitudeDegrees>
      </Position>
      <AltitudeMeters>5.4</AltitudeMeters>
      <DistanceMeters>2523.1</DistanceMeters>
      <HeartRateBpm>
       <Value>163</Value>
      </HeartRateBpm>
      <Extensions>
       <TPX xmlns="http://www.garmin.com/xmlschemas/ActivityExtension/v2">
        <Speed>3.5</Speed>
       </TPX>
      </Extensions>
     </Trackpoint>
     <Trackpoint>
      <Time>2026-08-18T10:29:40Z</Time>
      <Position>
       <LatitudeDegrees>5.2339840</LatitudeDegrees>
       <LongitudeDegrees>100.4374250</LongitudeDegrees>
      </Position>
      <AltitudeMeters>5.4</AltitudeMeters>
      <DistanceMeters>2526.6</DistanceMeters>
      <HeartRateBpm>
       <Value>163</Value>
      </HeartRateBpm>
      <Extensions>
       <TPX xmlns="http://www.garmin.com/xmlschemas/ActivityExtension/v2">
        <Speed>3.6</Speed>
       </TPX>
      </Extensions>
     </Trackpoint>
     <Trackpoint>
      <Time>2026-08-18T10:29:41Z</Time>
      <Position>
       <LatitudeDegrees>5.2339800</LatitudeDegrees>
       <LongitudeDegrees>100.4373940</LongitudeDegrees>
      </Position>
      <AltitudeMeters>5.4</AltitudeMeters>
      <DistanceMeters>2530.1</DistanceMeters>
      <HeartRateBpm>
       <Value>163</Value>
      </HeartRateBpm>
      <Extensions>
       <TPX xmlns="http://www.garmin.com/xmlschemas/ActivityExtension/v2">
        <Speed>3.6</Speed>
       </TPX>
      </Extensions>
     </Trackpoint>
     <Trackpoint>
      <Time>2026-08-18T10:29:42Z</Time>
      <Position>
       <LatitudeDegrees>5.2339730</LatitudeDegrees>
       <LongitudeDegrees>100.4373640</LongitudeDegrees>
      </Position>
      <AltitudeMeters>5.4</AltitudeMeters>
      <DistanceMeters>2533.5</DistanceMeters>
      <HeartRateBpm>
       <Value>163</Value>
      </HeartRateBpm>
      <Extensions>
       <TPX xmlns="http://www.garmin.com/xmlschemas/ActivityExtension/v2">
        <Speed>3.6</Speed>
       </TPX>
      </Extensions>
     </Trackpoint>
     <Trackpoint>
      <Time>2026-08-18T10:29:43Z</Time>
      <Position>
       <LatitudeDegrees>5.2339630</LatitudeDegrees>
       <LongitudeDegrees>100.4373350</LongitudeDegrees>
      </Position>
      <AltitudeMeters>5.4</AltitudeMeters>
      <DistanceMeters>2536.9</DistanceMeters>
      <HeartRateBpm>
       <Value>164</Value>
      </HeartRateBpm>
      <Extensions>
       <TPX xmlns="http://www.garmin.com/xmlschemas/ActivityExtension/v2">
        <Speed>3.5</Speed>
       </TPX>
      </Extensions>
     </Trackpoint>
     <Trackpoint>
      <Time>2026-08-18T10:29:44Z</Time>
      <Position>
       <LatitudeDegrees>5.2339540</LatitudeDegrees>
       <LongitudeDegrees>100.4373100</LongitudeDegrees>
      </Position>
      <AltitudeMeters>5.4</AltitudeMeters>
      <DistanceMeters>2539.8</DistanceMeters>
      <HeartRateBpm>
       <Value>164</Value>
      </HeartRateBpm>
      <Extensions>
       <TPX xmlns="http://www.garmin.com/xmlschemas/ActivityExtension/v2">
        <Speed>3.3</Speed>
       </TPX>
      </Extensions>
     </Trackpoint>
     <Trackpoint>
      <Time>2026-08-18T10:29:45Z</Time>
      <Position>
       <LatitudeDegrees>5.2339410</LatitudeDegrees>
       <LongitudeDegrees>100.4372710</LongitudeDegrees>
      </Position>
      <AltitudeMeters>5.4</AltitudeMeters>
      <DistanceMeters>2544.4</DistanceMeters>
      <HeartRateBpm>
       <Value>163</Value>
      </HeartRateBpm>
      <Extensions>
       <TPX xmlns="http://www.garmin.com/xmlschemas/ActivityExtension/v2">
        <Speed>3.6</Speed>
       </TPX>
      </Extensions>
     </Trackpoint>
     <Trackpoint>
      <Time>2026-08-18T10:29:46Z</Time>
      <Position>
       <LatitudeDegrees>5.2339340</LatitudeDegrees>
       <LongitudeDegrees>100.4372550</LongitudeDegrees>
      </Position>
      <AltitudeMeters>5.4</AltitudeMeters>
      <DistanceMeters>2546.3</DistanceMeters>
      <HeartRateBpm>
       <Value>163</Value>
      </HeartRateBpm>
      <Extensions>
       <TPX xmlns="http://www.garmin.com/xmlschemas/ActivityExtension/v2">
        <Speed>3.2</Speed>
       </TPX>
      </Extensions>
     </Trackpoint>
     <Trackpoint>
      <Time>2026-08-18T10:29:47Z</Time>
      <Position>
       <LatitudeDegrees>5.2339270</LatitudeDegrees>
       <LongitudeDegrees>100.4372300</LongitudeDegrees>
      </Position>
      <AltitudeMeters>5.4</AltitudeMeters>
      <DistanceMeters>2549.2</DistanceMeters>
      <HeartRateBpm>
       <Value>163</Value>
      </HeartRateBpm>
      <Extensions>
       <TPX xmlns="http://www.garmin.com/xmlschemas/ActivityExtension/v2">
        <Speed>3.1</Speed>
       </TPX>
      </Extensions>
     </Trackpoint>
     <Trackpoint>
      <Time>2026-08-18T10:29:48Z</Time>
      <Position>
       <LatitudeDegrees>5.2339260</LatitudeDegrees>
       <LongitudeDegrees>100.4372020</LongitudeDegrees>
      </Position>
      <AltitudeMeters>5.4</AltitudeMeters>
      <DistanceMeters>2552.3</DistanceMeters>
      <HeartRateBpm>
       <Value>163</Value>
      </HeartRateBpm>
      <Extensions>
       <TPX xmlns="http://www.garmin.com/xmlschemas/ActivityExtension/v2">
        <Speed>3.1</Speed>
       </TPX>
      </Extensions>
     </Trackpoint>
     <Trackpoint>
      <Time>2026-08-18T10:29:49Z</Time>
      <Position>
       <LatitudeDegrees>5.2339240</LatitudeDegrees>
       <LongitudeDegrees>100.4371730</LongitudeDegrees>
      </Position>
      <AltitudeMeters>5.4</AltitudeMeters>
      <DistanceMeters>2555.5</DistanceMeters>
      <HeartRateBpm>
       <Value>163</Value>
      </HeartRateBpm>
      <Extensions>
       <TPX xmlns="http://www.garmin.com/xmlschemas/ActivityExtension/v2">
        <Speed>3.1</Speed>
       </TPX>
      </Extensions>
     </Trackpoint>
     <Trackpoint>
      <Time>2026-08-18T10:29:50Z</Time>
      <Position>
       <LatitudeDegrees>5.2339210</LatitudeDegrees>
       <LongitudeDegrees>100.4371430</LongitudeDegrees>
      </Position>
      <AltitudeMeters>5.4</AltitudeMeters>
      <DistanceMeters>2558.8</DistanceMeters>
      <HeartRateBpm>
       <Value>163</Value>
      </HeartRateBpm>
      <Extensions>
       <TPX xmlns="http://www.garmin.com/xmlschemas/ActivityExtension/v2">
        <Speed>2.9</Speed>
       </TPX>
      </Extensions>
     </Trackpoint>
     <Trackpoint>
      <Time>2026-08-18T10:29:51Z</Time>
      <Position>
       <LatitudeDegrees>5.2339160</LatitudeDegrees>
       <LongitudeDegrees>100.4371160</LongitudeDegrees>
      </Position>
      <AltitudeMeters>5.4</AltitudeMeters>
      <DistanceMeters>2561.8</DistanceMeters>
      <HeartRateBpm>
       <Value>164</Value>
      </HeartRateBpm>
      <Extensions>
       <TPX xmlns="http://www.garmin.com/xmlschemas/ActivityExtension/v2">
        <Speed>3.1</Speed>
       </TPX>
      </Extensions>
     </Trackpoint>
     <Trackpoint>
      <Time>2026-08-18T10:29:52Z</Time>
      <Position>
       <LatitudeDegrees>5.2339080</LatitudeDegrees>
       <LongitudeDegrees>100.4370850</LongitudeDegrees>
      </Position>
      <AltitudeMeters>5.4</AltitudeMeters>
      <DistanceMeters>2565.4</DistanceMeters>
      <HeartRateBpm>
       <Value>163</Value>
      </HeartRateBpm>
      <Extensions>
       <TPX xmlns="http://www.garmin.com/xmlschemas/ActivityExtension/v2">
        <Speed>3.2</Speed>
       </TPX>
      </Extensions>
     </Trackpoint>
     <Trackpoint>
      <Time>2026-08-18T10:29:53Z</Time>
      <Position>
       <LatitudeDegrees>5.2338940</LatitudeDegrees>
       <LongitudeDegrees>100.4370540</LongitudeDegrees>
      </Position>
      <AltitudeMeters>5.4</AltitudeMeters>
      <DistanceMeters>2569.2</DistanceMeters>
      <HeartRateBpm>
       <Value>163</Value>
      </HeartRateBpm>
      <Extensions>
       <TPX xmlns="http://www.garmin.com/xmlschemas/ActivityExtension/v2">
        <Speed>3.4</Speed>
       </TPX>
      </Extensions>
     </Trackpoint>
     <Trackpoint>
      <Time>2026-08-18T10:29:54Z</Time>
      <Position>
       <LatitudeDegrees>5.2338840</LatitudeDegrees>
       <LongitudeDegrees>100.4370250</LongitudeDegrees>
      </Position>
      <AltitudeMeters>5.4</AltitudeMeters>
      <DistanceMeters>2572.6</DistanceMeters>
      <HeartRateBpm>
       <Value>163</Value>
      </HeartRateBpm>
      <Extensions>
       <TPX xmlns="http://www.garmin.com/xmlschemas/ActivityExtension/v2">
        <Speed>3.4</Speed>
       </TPX>
      </Extensions>
     </Trackpoint>
     <Trackpoint>
      <Time>2026-08-18T10:29:55Z</Time>
      <Position>
       <LatitudeDegrees>5.2338740</LatitudeDegrees>
       <LongitudeDegrees>100.4369980</LongitudeDegrees>
      </Position>
      <AltitudeMeters>5.4</AltitudeMeters>
      <DistanceMeters>2575.7</DistanceMeters>
      <HeartRateBpm>
       <Value>162</Value>
      </HeartRateBpm>
      <Extensions>
       <TPX xmlns="http://www.garmin.com/xmlschemas/ActivityExtension/v2">
        <Speed>3.4</Speed>
       </TPX>
      </Extensions>
     </Trackpoint>
     <Trackpoint>
      <Time>2026-08-18T10:29:56Z</Time>
      <Position>
       <LatitudeDegrees>5.2338640</LatitudeDegrees>
       <LongitudeDegrees>100.4369690</LongitudeDegrees>
      </Position>
      <AltitudeMeters>5.4</AltitudeMeters>
      <DistanceMeters>2579.2</DistanceMeters>
      <HeartRateBpm>
       <Value>163</Value>
      </HeartRateBpm>
      <Extensions>
       <TPX xmlns="http://www.garmin.com/xmlschemas/ActivityExtension/v2">
        <Speed>3.5</Speed>
       </TPX>
      </Extensions>
     </Trackpoint>
     <Trackpoint>
      <Time>2026-08-18T10:29:57Z</Time>
      <Position>
       <LatitudeDegrees>5.2338530</LatitudeDegrees>
       <LongitudeDegrees>100.4369370</LongitudeDegrees>
      </Position>
      <AltitudeMeters>5.4</AltitudeMeters>
      <DistanceMeters>2582.9</DistanceMeters>
      <HeartRateBpm>
       <Value>163</Value>
      </HeartRateBpm>
      <Extensions>
       <TPX xmlns="http://www.garmin.com/xmlschemas/ActivityExtension/v2">
        <Speed>3.5</Speed>
       </TPX>
      </Extensions>
     </Trackpoint>
     <Trackpoint>
      <Time>2026-08-18T10:29:58Z</Time>
      <Position>
       <LatitudeDegrees>5.2338450</LatitudeDegrees>
       <LongitudeDegrees>100.4369140</LongitudeDegrees>
      </Position>
      <AltitudeMeters>5.4</AltitudeMeters>
      <DistanceMeters>2585.6</DistanceMeters>
      <HeartRateBpm>
       <Value>163</Value>
      </HeartRateBpm>
      <Extensions>
       <TPX xmlns="http://www.garmin.com/xmlschemas/ActivityExtension/v2">
        <Speed>3.3</Speed>
       </TPX>
      </Extensions>
     </Trackpoint>
     <Trackpoint>
      <Time>2026-08-18T10:29:59Z</Time>
      <Position>
       <LatitudeDegrees>5.2338370</LatitudeDegrees>
       <LongitudeDegrees>100.4368860</LongitudeDegrees>
      </Position>
      <AltitudeMeters>5.4</AltitudeMeters>
      <DistanceMeters>2588.8</DistanceMeters>
      <HeartRateBpm>
       <Value>163</Value>
      </HeartRateBpm>
      <Extensions>
       <TPX xmlns="http://www.garmin.com/xmlschemas/ActivityExtension/v2">
        <Speed>3.2</Speed>
       </TPX>
      </Extensions>
     </Trackpoint>
     <Trackpoint>
      <Time>2026-08-18T10:30:00Z</Time>
      <Position>
       <LatitudeDegrees>5.2338290</LatitudeDegrees>
       <LongitudeDegrees>100.4368570</LongitudeDegrees>
      </Position>
      <AltitudeMeters>5.5</AltitudeMeters>
      <DistanceMeters>2592.2</DistanceMeters>
      <HeartRateBpm>
       <Value>163</Value>
      </HeartRateBpm>
      <Extensions>
       <TPX xmlns="http://www.garmin.com/xmlschemas/ActivityExtension/v2">
        <Speed>3.3</Speed>
       </TPX>
      </Extensions>
     </Trackpoint>
     <Trackpoint>
      <Time>2026-08-18T10:30:01Z</Time>
      <Position>
       <LatitudeDegrees>5.2338210</LatitudeDegrees>
       <LongitudeDegrees>100.4368280</LongitudeDegrees>
      </Position>
      <AltitudeMeters>5.5</AltitudeMeters>
      <DistanceMeters>2595.5</DistanceMeters>
      <HeartRateBpm>
       <Value>163</Value>
      </HeartRateBpm>
      <Extensions>
       <TPX xmlns="http://www.garmin.com/xmlschemas/ActivityExtension/v2">
        <Speed>3.3</Speed>
       </TPX>
      </Extensions>
     </Trackpoint>
     <Trackpoint>
      <Time>2026-08-18T10:30:02Z</Time>
      <Position>
       <LatitudeDegrees>5.2338140</LatitudeDegrees>
       <LongitudeDegrees>100.4367990</LongitudeDegrees>
      </Position>
      <AltitudeMeters>5.5</AltitudeMeters>
      <DistanceMeters>2598.8</DistanceMeters>
      <HeartRateBpm>
       <Value>163</Value>
      </HeartRateBpm>
      <Extensions>
       <TPX xmlns="http://www.garmin.com/xmlschemas/ActivityExtension/v2">
        <Speed>3.2</Speed>
       </TPX>
      </Extensions>
     </Trackpoint>
     <Trackpoint>
      <Time>2026-08-18T10:30:03Z</Time>
      <Position>
       <LatitudeDegrees>5.2338050</LatitudeDegrees>
       <LongitudeDegrees>100.4367700</LongitudeDegrees>
      </Position>
      <AltitudeMeters>5.5</AltitudeMeters>
      <DistanceMeters>2602.1</DistanceMeters>
      <HeartRateBpm>
       <Value>162</Value>
      </HeartRateBpm>
      <Extensions>
       <TPX xmlns="http://www.garmin.com/xmlschemas/ActivityExtension/v2">
        <Speed>3.3</Speed>
       </TPX>
      </Extensions>
     </Trackpoint>
     <Trackpoint>
      <Time>2026-08-18T10:30:04Z</Time>
      <Position>
       <LatitudeDegrees>5.2337940</LatitudeDegrees>
       <LongitudeDegrees>100.4367430</LongitudeDegrees>
      </Position>
      <AltitudeMeters>5.5</AltitudeMeters>
      <DistanceMeters>2605.4</DistanceMeters>
      <HeartRateBpm>
       <Value>163</Value>
      </HeartRateBpm>
      <Extensions>
       <TPX xmlns="http://www.garmin.com/xmlschemas/ActivityExtension/v2">
        <Speed>3.3</Speed>
       </TPX>
      </Extensions>
     </Trackpoint>
     <Trackpoint>
      <Time>2026-08-18T10:30:05Z</Time>
      <Position>
       <LatitudeDegrees>5.2337850</LatitudeDegrees>
       <LongitudeDegrees>100.4367150</LongitudeDegrees>
      </Position>
      <AltitudeMeters>5.5</AltitudeMeters>
      <DistanceMeters>2608.6</DistanceMeters>
      <HeartRateBpm>
       <Value>164</Value>
      </HeartRateBpm>
      <Extensions>
       <TPX xmlns="http://www.garmin.com/xmlschemas/ActivityExtension/v2">
        <Speed>3.3</Speed>
       </TPX>
      </Extensions>
     </Trackpoint>
     <Trackpoint>
      <Time>2026-08-18T10:30:06Z</Time>
      <Position>
       <LatitudeDegrees>5.2337790</LatitudeDegrees>
       <LongitudeDegrees>100.4366840</LongitudeDegrees>
      </Position>
      <AltitudeMeters>5.5</AltitudeMeters>
      <DistanceMeters>2612.2</DistanceMeters>
      <HeartRateBpm>
       <Value>163</Value>
      </HeartRateBpm>
      <Extensions>
       <TPX xmlns="http://www.garmin.com/xmlschemas/ActivityExtension/v2">
        <Speed>3.3</Speed>
       </TPX>
      </Extensions>
     </Trackpoint>
     <Trackpoint>
      <Time>2026-08-18T10:30:07Z</Time>
      <Position>
       <LatitudeDegrees>5.2337750</LatitudeDegrees>
       <LongitudeDegrees>100.4366540</LongitudeDegrees>
      </Position>
      <AltitudeMeters>5.5</AltitudeMeters>
      <DistanceMeters>2615.5</DistanceMeters>
      <HeartRateBpm>
       <Value>163</Value>
      </HeartRateBpm>
      <Extensions>
       <TPX xmlns="http://www.garmin.com/xmlschemas/ActivityExtension/v2">
        <Speed>3.3</Speed>
       </TPX>
      </Extensions>
     </Trackpoint>
     <Trackpoint>
      <Time>2026-08-18T10:30:08Z</Time>
      <Position>
       <LatitudeDegrees>5.2337720</LatitudeDegrees>
       <LongitudeDegrees>100.4366230</LongitudeDegrees>
      </Position>
      <AltitudeMeters>5.5</AltitudeMeters>
      <DistanceMeters>2619.0</DistanceMeters>
      <HeartRateBpm>
       <Value>163</Value>
      </HeartRateBpm>
      <Extensions>
       <TPX xmlns="http://www.garmin.com/xmlschemas/ActivityExtension/v2">
        <Speed>3.4</Speed>
       </TPX>
      </Extensions>
     </Trackpoint>
     <Trackpoint>
      <Time>2026-08-18T10:30:09Z</Time>
      <Position>
       <LatitudeDegrees>5.2337690</LatitudeDegrees>
       <LongitudeDegrees>100.4365920</LongitudeDegrees>
      </Position>
      <AltitudeMeters>5.5</AltitudeMeters>
      <DistanceMeters>2622.4</DistanceMeters>
      <HeartRateBpm>
       <Value>163</Value>
      </HeartRateBpm>
      <Extensions>
       <TPX xmlns="http://www.garmin.com/xmlschemas/ActivityExtension/v2">
        <Speed>3.4</Speed>
       </TPX>
      </Extensions>
     </Trackpoint>
     <Trackpoint>
      <Time>2026-08-18T10:30:10Z</Time>
      <Position>
       <LatitudeDegrees>5.2337650</LatitudeDegrees>
       <LongitudeDegrees>100.4365620</LongitudeDegrees>
      </Position>
      <AltitudeMeters>5.5</AltitudeMeters>
      <DistanceMeters>2625.8</DistanceMeters>
      <HeartRateBpm>
       <Value>163</Value>
      </HeartRateBpm>
      <Extensions>
       <TPX xmlns="http://www.garmin.com/xmlschemas/ActivityExtension/v2">
        <Speed>3.4</Speed>
       </TPX>
      </Extensions>
     </Trackpoint>
     <Trackpoint>
      <Time>2026-08-18T10:30:11Z</Time>
      <Position>
       <LatitudeDegrees>5.2337590</LatitudeDegrees>
       <LongitudeDegrees>100.4365320</LongitudeDegrees>
      </Position>
      <AltitudeMeters>5.5</AltitudeMeters>
      <DistanceMeters>2629.1</DistanceMeters>
      <HeartRateBpm>
       <Value>163</Value>
      </HeartRateBpm>
      <Extensions>
       <TPX xmlns="http://www.garmin.com/xmlschemas/ActivityExtension/v2">
        <Speed>3.4</Speed>
       </TPX>
      </Extensions>
     </Trackpoint>
     <Trackpoint>
      <Time>2026-08-18T10:30:12Z</Time>
      <Position>
       <LatitudeDegrees>5.2337530</LatitudeDegrees>
       <LongitudeDegrees>100.4365040</LongitudeDegrees>
      </Position>
      <AltitudeMeters>5.5</AltitudeMeters>
      <DistanceMeters>2632.4</DistanceMeters>
      <HeartRateBpm>
       <Value>163</Value>
      </HeartRateBpm>
      <Extensions>
       <TPX xmlns="http://www.garmin.com/xmlschemas/ActivityExtension/v2">
        <Speed>3.4</Speed>
       </TPX>
      </Extensions>
     </Trackpoint>
     <Trackpoint>
      <Time>2026-08-18T10:30:13Z</Time>
      <Position>
       <LatitudeDegrees>5.2337430</LatitudeDegrees>
       <LongitudeDegrees>100.4364740</LongitudeDegrees>
      </Position>
      <AltitudeMeters>5.5</AltitudeMeters>
      <DistanceMeters>2635.8</DistanceMeters>
      <HeartRateBpm>
       <Value>163</Value>
      </HeartRateBpm>
      <Extensions>
       <TPX xmlns="http://www.garmin.com/xmlschemas/ActivityExtension/v2">
        <Speed>3.4</Speed>
       </TPX>
      </Extensions>
     </Trackpoint>
     <Trackpoint>
      <Time>2026-08-18T10:30:14Z</Time>
      <Position>
       <LatitudeDegrees>5.2337340</LatitudeDegrees>
       <LongitudeDegrees>100.4364450</LongitudeDegrees>
      </Position>
      <AltitudeMeters>5.5</AltitudeMeters>
      <DistanceMeters>2639.2</DistanceMeters>
      <HeartRateBpm>
       <Value>163</Value>
      </HeartRateBpm>
      <Extensions>
       <TPX xmlns="http://www.garmin.com/xmlschemas/ActivityExtension/v2">
        <Speed>3.4</Speed>
       </TPX>
      </Extensions>
     </Trackpoint>
     <Trackpoint>
      <Time>2026-08-18T10:30:15Z</Time>
      <Position>
       <LatitudeDegrees>5.2337290</LatitudeDegrees>
       <LongitudeDegrees>100.4364170</LongitudeDegrees>
      </Position>
      <AltitudeMeters>5.5</AltitudeMeters>
      <DistanceMeters>2642.3</DistanceMeters>
      <HeartRateBpm>
       <Value>163</Value>
      </HeartRateBpm>
      <Extensions>
       <TPX xmlns="http://www.garmin.com/xmlschemas/ActivityExtension/v2">
        <Speed>3.3</Speed>
       </TPX>
      </Extensions>
     </Trackpoint>
     <Trackpoint>
      <Time>2026-08-18T10:30:16Z</Time>
      <Position>
       <LatitudeDegrees>5.2337250</LatitudeDegrees>
       <LongitudeDegrees>100.4363890</LongitudeDegrees>
      </Position>
      <AltitudeMeters>5.5</AltitudeMeters>
      <DistanceMeters>2645.4</DistanceMeters>
      <HeartRateBpm>
       <Value>163</Value>
      </HeartRateBpm>
      <Extensions>
       <TPX xmlns="http://www.garmin.com/xmlschemas/ActivityExtension/v2">
        <Speed>3.3</Speed>
       </TPX>
      </Extensions>
     </Trackpoint>
     <Trackpoint>
      <Time>2026-08-18T10:30:17Z</Time>
      <Position>
       <LatitudeDegrees>5.2337210</LatitudeDegrees>
       <LongitudeDegrees>100.4363600</LongitudeDegrees>
      </Position>
      <AltitudeMeters>5.5</AltitudeMeters>
      <DistanceMeters>2648.7</DistanceMeters>
      <HeartRateBpm>
       <Value>163</Value>
      </HeartRateBpm>
      <Extensions>
       <TPX xmlns="http://www.garmin.com/xmlschemas/ActivityExtension/v2">
        <Speed>3.3</Speed>
       </TPX>
      </Extensions>
     </Trackpoint>
     <Trackpoint>
      <Time>2026-08-18T10:30:18Z</Time>
      <Position>
       <LatitudeDegrees>5.2337160</LatitudeDegrees>
       <LongitudeDegrees>100.4363310</LongitudeDegrees>
      </Position>
      <AltitudeMeters>5.5</AltitudeMeters>
      <DistanceMeters>2652.0</DistanceMeters>
      <HeartRateBpm>
       <Value>163</Value>
      </HeartRateBpm>
      <Extensions>
       <TPX xmlns="http://www.garmin.com/xmlschemas/ActivityExtension/v2">
        <Speed>3.2</Speed>
       </TPX>
      </Extensions>
     </Trackpoint>
     <Trackpoint>
      <Time>2026-08-18T10:30:19Z</Time>
      <Position>
       <LatitudeDegrees>5.2337110</LatitudeDegrees>
       <LongitudeDegrees>100.4363030</LongitudeDegrees>
      </Position>
      <AltitudeMeters>5.5</AltitudeMeters>
      <DistanceMeters>2655.1</DistanceMeters>
      <HeartRateBpm>
       <Value>163</Value>
      </HeartRateBpm>
      <Extensions>
       <TPX xmlns="http://www.garmin.com/xmlschemas/ActivityExtension/v2">
        <Speed>3.2</Speed>
       </TPX>
      </Extensions>
     </Trackpoint>
     <Trackpoint>
      <Time>2026-08-18T10:30:20Z</Time>
      <Position>
       <LatitudeDegrees>5.2337060</LatitudeDegrees>
       <LongitudeDegrees>100.4362730</LongitudeDegrees>
      </Position>
      <AltitudeMeters>5.5</AltitudeMeters>
      <DistanceMeters>2658.5</DistanceMeters>
      <HeartRateBpm>
       <Value>163</Value>
      </HeartRateBpm>
      <Extensions>
       <TPX xmlns="http://www.garmin.com/xmlschemas/ActivityExtension/v2">
        <Speed>3.2</Speed>
       </TPX>
      </Extensions>
     </Trackpoint>
     <Trackpoint>
      <Time>2026-08-18T10:30:21Z</Time>
      <Position>
       <LatitudeDegrees>5.2336980</LatitudeDegrees>
       <LongitudeDegrees>100.4362450</LongitudeDegrees>
      </Position>
      <AltitudeMeters>5.5</AltitudeMeters>
      <DistanceMeters>2661.8</DistanceMeters>
      <HeartRateBpm>
       <Value>162</Value>
      </HeartRateBpm>
      <Extensions>
       <TPX xmlns="http://www.garmin.com/xmlschemas/ActivityExtension/v2">
        <Speed>3.3</Speed>
       </TPX>
      </Extensions>
     </Trackpoint>
     <Trackpoint>
      <Time>2026-08-18T10:30:22Z</Time>
      <Position>
       <LatitudeDegrees>5.2336900</LatitudeDegrees>
       <LongitudeDegrees>100.4362170</LongitudeDegrees>
      </Position>
      <AltitudeMeters>5.5</AltitudeMeters>
      <DistanceMeters>2664.9</DistanceMeters>
      <HeartRateBpm>
       <Value>162</Value>
      </HeartRateBpm>
      <Extensions>
       <TPX xmlns="http://www.garmin.com/xmlschemas/ActivityExtension/v2">
        <Speed>3.2</Speed>
       </TPX>
      </Extensions>
     </Trackpoint>
     <Trackpoint>
      <Time>2026-08-18T10:30:23Z</Time>
      <Position>
       <LatitudeDegrees>5.2336790</LatitudeDegrees>
       <LongitudeDegrees>100.4361920</LongitudeDegrees>
      </Position>
      <AltitudeMeters>5.5</AltitudeMeters>
      <DistanceMeters>2668.0</DistanceMeters>
      <HeartRateBpm>
       <Value>162</Value>
      </HeartRateBpm>
      <Extensions>
       <TPX xmlns="http://www.garmin.com/xmlschemas/ActivityExtension/v2">
        <Speed>3.2</Speed>
       </TPX>
      </Extensions>
     </Trackpoint>
     <Trackpoint>
      <Time>2026-08-18T10:30:24Z</Time>
      <Position>
       <LatitudeDegrees>5.2336670</LatitudeDegrees>
       <LongitudeDegrees>100.4361680</LongitudeDegrees>
      </Position>
      <AltitudeMeters>5.5</AltitudeMeters>
      <DistanceMeters>2671.0</DistanceMeters>
      <HeartRateBpm>
       <Value>162</Value>
      </HeartRateBpm>
      <Extensions>
       <TPX xmlns="http://www.garmin.com/xmlschemas/ActivityExtension/v2">
        <Speed>3.2</Speed>
       </TPX>
      </Extensions>
     </Trackpoint>
     <Trackpoint>
      <Time>2026-08-18T10:30:25Z</Time>
      <Position>
       <LatitudeDegrees>5.2336540</LatitudeDegrees>
       <LongitudeDegrees>100.4361450</LongitudeDegrees>
      </Position>
      <AltitudeMeters>5.5</AltitudeMeters>
      <DistanceMeters>2673.9</DistanceMeters>
      <HeartRateBpm>
       <Value>162</Value>
      </HeartRateBpm>
      <Extensions>
       <TPX xmlns="http://www.garmin.com/xmlschemas/ActivityExtension/v2">
        <Speed>3.1</Speed>
       </TPX>
      </Extensions>
     </Trackpoint>
     <Trackpoint>
      <Time>2026-08-18T10:30:26Z</Time>
      <Position>
       <LatitudeDegrees>5.2336410</LatitudeDegrees>
       <LongitudeDegrees>100.4361240</LongitudeDegrees>
      </Position>
      <AltitudeMeters>5.5</AltitudeMeters>
      <DistanceMeters>2676.6</DistanceMeters>
      <HeartRateBpm>
       <Value>162</Value>
      </HeartRateBpm>
      <Extensions>
       <TPX xmlns="http://www.garmin.com/xmlschemas/ActivityExtension/v2">
        <Speed>3.0</Speed>
       </TPX>
      </Extensions>
     </Trackpoint>
     <Trackpoint>
      <Time>2026-08-18T10:30:27Z</Time>
      <Position>
       <LatitudeDegrees>5.2336330</LatitudeDegrees>
       <LongitudeDegrees>100.4361030</LongitudeDegrees>
      </Position>
      <AltitudeMeters>5.5</AltitudeMeters>
      <DistanceMeters>2679.1</DistanceMeters>
      <HeartRateBpm>
       <Value>161</Value>
      </HeartRateBpm>
      <Extensions>
       <TPX xmlns="http://www.garmin.com/xmlschemas/ActivityExtension/v2">
        <Speed>2.8</Speed>
       </TPX>
      </Extensions>
     </Trackpoint>
     <Trackpoint>
      <Time>2026-08-18T10:30:28Z</Time>
      <Position>
       <LatitudeDegrees>5.2336250</LatitudeDegrees>
       <LongitudeDegrees>100.4360790</LongitudeDegrees>
      </Position>
      <AltitudeMeters>5.5</AltitudeMeters>
      <DistanceMeters>2681.9</DistanceMeters>
      <HeartRateBpm>
       <Value>160</Value>
      </HeartRateBpm>
      <Extensions>
       <TPX xmlns="http://www.garmin.com/xmlschemas/ActivityExtension/v2">
        <Speed>2.8</Speed>
       </TPX>
      </Extensions>
     </Trackpoint>
     <Trackpoint>
      <Time>2026-08-18T10:30:29Z</Time>
      <Position>
       <LatitudeDegrees>5.2336190</LatitudeDegrees>
       <LongitudeDegrees>100.4360500</LongitudeDegrees>
      </Position>
      <AltitudeMeters>5.5</AltitudeMeters>
      <DistanceMeters>2685.1</DistanceMeters>
      <HeartRateBpm>
       <Value>161</Value>
      </HeartRateBpm>
      <Extensions>
       <TPX xmlns="http://www.garmin.com/xmlschemas/ActivityExtension/v2">
        <Speed>2.8</Speed>
       </TPX>
      </Extensions>
     </Trackpoint>
     <Trackpoint>
      <Time>2026-08-18T10:30:30Z</Time>
      <Position>
       <LatitudeDegrees>5.2336150</LatitudeDegrees>
       <LongitudeDegrees>100.4360240</LongitudeDegrees>
      </Position>
      <AltitudeMeters>5.5</AltitudeMeters>
      <DistanceMeters>2688.0</DistanceMeters>
      <HeartRateBpm>
       <Value>161</Value>
      </HeartRateBpm>
      <Extensions>
       <TPX xmlns="http://www.garmin.com/xmlschemas/ActivityExtension/v2">
        <Speed>2.8</Speed>
       </TPX>
      </Extensions>
     </Trackpoint>
     <Trackpoint>
      <Time>2026-08-18T10:30:31Z</Time>
      <Position>
       <LatitudeDegrees>5.2336100</LatitudeDegrees>
       <LongitudeDegrees>100.4359990</LongitudeDegrees>
      </Position>
      <AltitudeMeters>5.5</AltitudeMeters>
      <DistanceMeters>2690.9</DistanceMeters>
      <HeartRateBpm>
       <Value>161</Value>
      </HeartRateBpm>
      <Extensions>
       <TPX xmlns="http://www.garmin.com/xmlschemas/ActivityExtension/v2">
        <Speed>2.9</Speed>
       </TPX>
      </Extensions>
     </Trackpoint>
     <Trackpoint>
      <Time>2026-08-18T10:30:32Z</Time>
      <Position>
       <LatitudeDegrees>5.2336040</LatitudeDegrees>
       <LongitudeDegrees>100.4359700</LongitudeDegrees>
      </Position>
      <AltitudeMeters>5.5</AltitudeMeters>
      <DistanceMeters>2694.2</DistanceMeters>
      <HeartRateBpm>
       <Value>161</Value>
      </HeartRateBpm>
      <Extensions>
       <TPX xmlns="http://www.garmin.com/xmlschemas/ActivityExtension/v2">
        <Speed>3.0</Speed>
       </TPX>
      </Extensions>
     </Trackpoint>
     <Trackpoint>
      <Time>2026-08-18T10:30:33Z</Time>
      <Position>
       <LatitudeDegrees>5.2335980</LatitudeDegrees>
       <LongitudeDegrees>100.4359370</LongitudeDegrees>
      </Position>
      <AltitudeMeters>5.5</AltitudeMeters>
      <DistanceMeters>2697.9</DistanceMeters>
      <HeartRateBpm>
       <Value>161</Value>
      </HeartRateBpm>
      <Extensions>
       <TPX xmlns="http://www.garmin.com/xmlschemas/ActivityExtension/v2">
        <Speed>3.2</Speed>
       </TPX>
      </Extensions>
     </Trackpoint>
     <Trackpoint>
      <Time>2026-08-18T10:30:34Z</Time>
      <Position>
       <LatitudeDegrees>5.2335990</LatitudeDegrees>
       <LongitudeDegrees>100.4359040</LongitudeDegrees>
      </Position>
      <AltitudeMeters>5.5</AltitudeMeters>
      <DistanceMeters>2701.6</DistanceMeters>
      <HeartRateBpm>
       <Value>161</Value>
      </HeartRateBpm>
      <Extensions>
       <TPX xmlns="http://www.garmin.com/xmlschemas/ActivityExtension/v2">
        <Speed>3.3</Speed>
       </TPX>
      </Extensions>
     </Trackpoint>
     <Trackpoint>
      <Time>2026-08-18T10:30:35Z</Time>
      <Position>
       <LatitudeDegrees>5.2335970</LatitudeDegrees>
       <LongitudeDegrees>100.4358720</LongitudeDegrees>
      </Position>
      <AltitudeMeters>5.5</AltitudeMeters>
      <DistanceMeters>2705.1</DistanceMeters>
      <HeartRateBpm>
       <Value>160</Value>
      </HeartRateBpm>
      <Extensions>
       <TPX xmlns="http://www.garmin.com/xmlschemas/ActivityExtension/v2">
        <Speed>3.4</Speed>
       </TPX>
      </Extensions>
     </Trackpoint>
     <Trackpoint>
      <Time>2026-08-18T10:30:36Z</Time>
      <Position>
       <LatitudeDegrees>5.2335890</LatitudeDegrees>
       <LongitudeDegrees>100.4358400</LongitudeDegrees>
      </Position>
      <AltitudeMeters>5.5</AltitudeMeters>
      <DistanceMeters>2708.7</DistanceMeters>
      <HeartRateBpm>
       <Value>160</Value>
      </HeartRateBpm>
      <Extensions>
       <TPX xmlns="http://www.garmin.com/xmlschemas/ActivityExtension/v2">
        <Speed>3.6</Speed>
       </TPX>
      </Extensions>
     </Trackpoint>
     <Trackpoint>
      <Time>2026-08-18T10:30:37Z</Time>
      <Position>
       <LatitudeDegrees>5.2335810</LatitudeDegrees>
       <LongitudeDegrees>100.4358100</LongitudeDegrees>
      </Position>
      <AltitudeMeters>5.5</AltitudeMeters>
      <DistanceMeters>2712.2</DistanceMeters>
      <HeartRateBpm>
       <Value>161</Value>
      </HeartRateBpm>
      <Extensions>
       <TPX xmlns="http://www.garmin.com/xmlschemas/ActivityExtension/v2">
        <Speed>3.6</Speed>
       </TPX>
      </Extensions>
     </Trackpoint>
     <Trackpoint>
      <Time>2026-08-18T10:30:38Z</Time>
      <Position>
       <LatitudeDegrees>5.2335760</LatitudeDegrees>
       <LongitudeDegrees>100.4357830</LongitudeDegrees>
      </Position>
      <AltitudeMeters>5.5</AltitudeMeters>
      <DistanceMeters>2715.2</DistanceMeters>
      <HeartRateBpm>
       <Value>161</Value>
      </HeartRateBpm>
      <Extensions>
       <TPX xmlns="http://www.garmin.com/xmlschemas/ActivityExtension/v2">
        <Speed>3.5</Speed>
       </TPX>
      </Extensions>
     </Trackpoint>
     <Trackpoint>
      <Time>2026-08-18T10:30:39Z</Time>
      <Position>
       <LatitudeDegrees>5.2335690</LatitudeDegrees>
       <LongitudeDegrees>100.4357540</LongitudeDegrees>
      </Position>
      <AltitudeMeters>5.5</AltitudeMeters>
      <DistanceMeters>2718.6</DistanceMeters>
      <HeartRateBpm>
       <Value>161</Value>
      </HeartRateBpm>
      <Extensions>
       <TPX xmlns="http://www.garmin.com/xmlschemas/ActivityExtension/v2">
        <Speed>3.4</Speed>
       </TPX>
      </Extensions>
     </Trackpoint>
     <Trackpoint>
      <Time>2026-08-18T10:30:40Z</Time>
      <Position>
       <LatitudeDegrees>5.2335600</LatitudeDegrees>
       <LongitudeDegrees>100.4357250</LongitudeDegrees>
      </Position>
      <AltitudeMeters>5.5</AltitudeMeters>
      <DistanceMeters>2721.8</DistanceMeters>
      <HeartRateBpm>
       <Value>160</Value>
      </HeartRateBpm>
      <Extensions>
       <TPX xmlns="http://www.garmin.com/xmlschemas/ActivityExtension/v2">
        <Speed>3.3</Speed>
       </TPX>
      </Extensions>
     </Trackpoint>
     <Trackpoint>
      <Time>2026-08-18T10:30:41Z</Time>
      <Position>
       <LatitudeDegrees>5.2335530</LatitudeDegrees>
       <LongitudeDegrees>100.4356970</LongitudeDegrees>
      </Position>
      <AltitudeMeters>5.6</AltitudeMeters>
      <DistanceMeters>2725.1</DistanceMeters>
      <HeartRateBpm>
       <Value>160</Value>
      </HeartRateBpm>
      <Extensions>
       <TPX xmlns="http://www.garmin.com/xmlschemas/ActivityExtension/v2">
        <Speed>3.3</Speed>
       </TPX>
      </Extensions>
     </Trackpoint>
     <Trackpoint>
      <Time>2026-08-18T10:30:42Z</Time>
      <Position>
       <LatitudeDegrees>5.2335450</LatitudeDegrees>
       <LongitudeDegrees>100.4356690</LongitudeDegrees>
      </Position>
      <AltitudeMeters>5.6</AltitudeMeters>
      <DistanceMeters>2728.4</DistanceMeters>
      <HeartRateBpm>
       <Value>160</Value>
      </HeartRateBpm>
      <Extensions>
       <TPX xmlns="http://www.garmin.com/xmlschemas/ActivityExtension/v2">
        <Speed>3.2</Speed>
       </TPX>
      </Extensions>
     </Trackpoint>
     <Trackpoint>
      <Time>2026-08-18T10:30:43Z</Time>
      <Position>
       <LatitudeDegrees>5.2335390</LatitudeDegrees>
       <LongitudeDegrees>100.4356380</LongitudeDegrees>
      </Position>
      <AltitudeMeters>5.6</AltitudeMeters>
      <DistanceMeters>2731.8</DistanceMeters>
      <HeartRateBpm>
       <Value>160</Value>
      </HeartRateBpm>
      <Extensions>
       <TPX xmlns="http://www.garmin.com/xmlschemas/ActivityExtension/v2">
        <Speed>3.3</Speed>
       </TPX>
      </Extensions>
     </Trackpoint>
     <Trackpoint>
      <Time>2026-08-18T10:30:44Z</Time>
      <Position>
       <LatitudeDegrees>5.2335320</LatitudeDegrees>
       <LongitudeDegrees>100.4356080</LongitudeDegrees>
      </Position>
      <AltitudeMeters>5.6</AltitudeMeters>
      <DistanceMeters>2735.2</DistanceMeters>
      <HeartRateBpm>
       <Value>160</Value>
      </HeartRateBpm>
      <Extensions>
       <TPX xmlns="http://www.garmin.com/xmlschemas/ActivityExtension/v2">
        <Speed>3.3</Speed>
       </TPX>
      </Extensions>
     </Trackpoint>
     <Trackpoint>
      <Time>2026-08-18T10:30:45Z</Time>
      <Position>
       <LatitudeDegrees>5.2335250</LatitudeDegrees>
       <LongitudeDegrees>100.4355790</LongitudeDegrees>
      </Position>
      <AltitudeMeters>5.6</AltitudeMeters>
      <DistanceMeters>2738.5</DistanceMeters>
      <HeartRateBpm>
       <Value>160</Value>
      </HeartRateBpm>
      <Extensions>
       <TPX xmlns="http://www.garmin.com/xmlschemas/ActivityExtension/v2">
        <Speed>3.3</Speed>
       </TPX>
      </Extensions>
     </Trackpoint>
     <Trackpoint>
      <Time>2026-08-18T10:30:46Z</Time>
      <Position>
       <LatitudeDegrees>5.2335140</LatitudeDegrees>
       <LongitudeDegrees>100.4355510</LongitudeDegrees>
      </Position>
      <AltitudeMeters>5.6</AltitudeMeters>
      <DistanceMeters>2741.9</DistanceMeters>
      <HeartRateBpm>
       <Value>160</Value>
      </HeartRateBpm>
      <Extensions>
       <TPX xmlns="http://www.garmin.com/xmlschemas/ActivityExtension/v2">
        <Speed>3.4</Speed>
       </TPX>
      </Extensions>
     </Trackpoint>
     <Trackpoint>
      <Time>2026-08-18T10:30:47Z</Time>
      <Position>
       <LatitudeDegrees>5.2335030</LatitudeDegrees>
       <LongitudeDegrees>100.4355220</LongitudeDegrees>
      </Position>
      <AltitudeMeters>5.6</AltitudeMeters>
      <DistanceMeters>2745.3</DistanceMeters>
      <HeartRateBpm>
       <Value>160</Value>
      </HeartRateBpm>
      <Extensions>
       <TPX xmlns="http://www.garmin.com/xmlschemas/ActivityExtension/v2">
        <Speed>3.4</Speed>
       </TPX>
      </Extensions>
     </Trackpoint>
     <Trackpoint>
      <Time>2026-08-18T10:30:48Z</Time>
      <Position>
       <LatitudeDegrees>5.2334930</LatitudeDegrees>
       <LongitudeDegrees>100.4354960</LongitudeDegrees>
      </Position>
      <AltitudeMeters>5.6</AltitudeMeters>
      <DistanceMeters>2748.4</DistanceMeters>
      <HeartRateBpm>
       <Value>160</Value>
      </HeartRateBpm>
      <Extensions>
       <TPX xmlns="http://www.garmin.com/xmlschemas/ActivityExtension/v2">
        <Speed>3.3</Speed>
       </TPX>
      </Extensions>
     </Trackpoint>
     <Trackpoint>
      <Time>2026-08-18T10:30:49Z</Time>
      <Position>
       <LatitudeDegrees>5.2334840</LatitudeDegrees>
       <LongitudeDegrees>100.4354680</LongitudeDegrees>
      </Position>
      <AltitudeMeters>5.6</AltitudeMeters>
      <DistanceMeters>2751.6</DistanceMeters>
      <HeartRateBpm>
       <Value>160</Value>
      </HeartRateBpm>
      <Extensions>
       <TPX xmlns="http://www.garmin.com/xmlschemas/ActivityExtension/v2">
        <Speed>3.3</Speed>
       </TPX>
      </Extensions>
     </Trackpoint>
     <Trackpoint>
      <Time>2026-08-18T10:30:50Z</Time>
      <Position>
       <LatitudeDegrees>5.2334740</LatitudeDegrees>
       <LongitudeDegrees>100.4354410</LongitudeDegrees>
      </Position>
      <AltitudeMeters>5.6</AltitudeMeters>
      <DistanceMeters>2754.9</DistanceMeters>
      <HeartRateBpm>
       <Value>160</Value>
      </HeartRateBpm>
      <Extensions>
       <TPX xmlns="http://www.garmin.com/xmlschemas/ActivityExtension/v2">
        <Speed>3.3</Speed>
       </TPX>
      </Extensions>
     </Trackpoint>
     <Trackpoint>
      <Time>2026-08-18T10:30:51Z</Time>
      <Position>
       <LatitudeDegrees>5.2334660</LatitudeDegrees>
       <LongitudeDegrees>100.4354120</LongitudeDegrees>
      </Position>
      <AltitudeMeters>5.6</AltitudeMeters>
      <DistanceMeters>2758.1</DistanceMeters>
      <HeartRateBpm>
       <Value>160</Value>
      </HeartRateBpm>
      <Extensions>
       <TPX xmlns="http://www.garmin.com/xmlschemas/ActivityExtension/v2">
        <Speed>3.2</Speed>
       </TPX>
      </Extensions>
     </Trackpoint>
     <Trackpoint>
      <Time>2026-08-18T10:30:52Z</Time>
      <Position>
       <LatitudeDegrees>5.2334590</LatitudeDegrees>
       <LongitudeDegrees>100.4353840</LongitudeDegrees>
      </Position>
      <AltitudeMeters>5.6</AltitudeMeters>
      <DistanceMeters>2761.3</DistanceMeters>
      <HeartRateBpm>
       <Value>160</Value>
      </HeartRateBpm>
      <Extensions>
       <TPX xmlns="http://www.garmin.com/xmlschemas/ActivityExtension/v2">
        <Speed>3.2</Speed>
       </TPX>
      </Extensions>
     </Trackpoint>
     <Trackpoint>
      <Time>2026-08-18T10:30:53Z</Time>
      <Position>
       <LatitudeDegrees>5.2334520</LatitudeDegrees>
       <LongitudeDegrees>100.4353520</LongitudeDegrees>
      </Position>
      <AltitudeMeters>5.6</AltitudeMeters>
      <DistanceMeters>2765.0</DistanceMeters>
      <HeartRateBpm>
       <Value>159</Value>
      </HeartRateBpm>
      <Extensions>
       <TPX xmlns="http://www.garmin.com/xmlschemas/ActivityExtension/v2">
        <Speed>3.3</Speed>
       </TPX>
      </Extensions>
     </Trackpoint>
     <Trackpoint>
      <Time>2026-08-18T10:30:54Z</Time>
      <Position>
       <LatitudeDegrees>5.2334520</LatitudeDegrees>
       <LongitudeDegrees>100.4353210</LongitudeDegrees>
      </Position>
      <AltitudeMeters>5.6</AltitudeMeters>
      <DistanceMeters>2768.4</DistanceMeters>
      <HeartRateBpm>
       <Value>159</Value>
      </HeartRateBpm>
      <Extensions>
       <TPX xmlns="http://www.garmin.com/xmlschemas/ActivityExtension/v2">
        <Speed>3.4</Speed>
       </TPX>
      </Extensions>
     </Trackpoint>
     <Trackpoint>
      <Time>2026-08-18T10:30:55Z</Time>
      <Position>
       <LatitudeDegrees>5.2334500</LatitudeDegrees>
       <LongitudeDegrees>100.4352920</LongitudeDegrees>
      </Position>
      <AltitudeMeters>5.6</AltitudeMeters>
      <DistanceMeters>2771.6</DistanceMeters>
      <HeartRateBpm>
       <Value>159</Value>
      </HeartRateBpm>
      <Extensions>
       <TPX xmlns="http://www.garmin.com/xmlschemas/ActivityExtension/v2">
        <Speed>3.3</Speed>
       </TPX>
      </Extensions>
     </Trackpoint>
     <Trackpoint>
      <Time>2026-08-18T10:30:56Z</Time>
      <Position>
       <LatitudeDegrees>5.2334450</LatitudeDegrees>
       <LongitudeDegrees>100.4352640</LongitudeDegrees>
      </Position>
      <AltitudeMeters>5.6</AltitudeMeters>
      <DistanceMeters>2774.9</DistanceMeters>
      <HeartRateBpm>
       <Value>160</Value>
      </HeartRateBpm>
      <Extensions>
       <TPX xmlns="http://www.garmin.com/xmlschemas/ActivityExtension/v2">
        <Speed>3.4</Speed>
       </TPX>
      </Extensions>
     </Trackpoint>
     <Trackpoint>
      <Time>2026-08-18T10:30:57Z</Time>
      <Position>
       <LatitudeDegrees>5.2334360</LatitudeDegrees>
       <LongitudeDegrees>100.4352350</LongitudeDegrees>
      </Position>
      <AltitudeMeters>5.6</AltitudeMeters>
      <DistanceMeters>2778.2</DistanceMeters>
      <HeartRateBpm>
       <Value>161</Value>
      </HeartRateBpm>
      <Extensions>
       <TPX xmlns="http://www.garmin.com/xmlschemas/ActivityExtension/v2">
        <Speed>3.4</Speed>
       </TPX>
      </Extensions>
     </Trackpoint>
     <Trackpoint>
      <Time>2026-08-18T10:30:58Z</Time>
      <Position>
       <LatitudeDegrees>5.2334290</LatitudeDegrees>
       <LongitudeDegrees>100.4352060</LongitudeDegrees>
      </Position>
      <AltitudeMeters>5.6</AltitudeMeters>
      <DistanceMeters>2781.5</DistanceMeters>
      <HeartRateBpm>
       <Value>161</Value>
      </HeartRateBpm>
      <Extensions>
       <TPX xmlns="http://www.garmin.com/xmlschemas/ActivityExtension/v2">
        <Speed>3.3</Speed>
       </TPX>
      </Extensions>
     </Trackpoint>
     <Trackpoint>
      <Time>2026-08-18T10:30:59Z</Time>
      <Position>
       <LatitudeDegrees>5.2334240</LatitudeDegrees>
       <LongitudeDegrees>100.4351780</LongitudeDegrees>
      </Position>
      <AltitudeMeters>5.6</AltitudeMeters>
      <DistanceMeters>2784.6</DistanceMeters>
      <HeartRateBpm>
       <Value>161</Value>
      </HeartRateBpm>
      <Extensions>
       <TPX xmlns="http://www.garmin.com/xmlschemas/ActivityExtension/v2">
        <Speed>3.2</Speed>
       </TPX>
      </Extensions>
     </Trackpoint>
     <Trackpoint>
      <Time>2026-08-18T10:31:00Z</Time>
      <Position>
       <LatitudeDegrees>5.2334180</LatitudeDegrees>
       <LongitudeDegrees>100.4351490</LongitudeDegrees>
      </Position>
      <AltitudeMeters>5.6</AltitudeMeters>
      <DistanceMeters>2787.9</DistanceMeters>
      <HeartRateBpm>
       <Value>161</Value>
      </HeartRateBpm>
      <Extensions>
       <TPX xmlns="http://www.garmin.com/xmlschemas/ActivityExtension/v2">
        <Speed>3.3</Speed>
       </TPX>
      </Extensions>
     </Trackpoint>
     <Trackpoint>
      <Time>2026-08-18T10:31:01Z</Time>
      <Position>
       <LatitudeDegrees>5.2334090</LatitudeDegrees>
       <LongitudeDegrees>100.4351180</LongitudeDegrees>
      </Position>
      <AltitudeMeters>5.6</AltitudeMeters>
      <DistanceMeters>2791.4</DistanceMeters>
      <HeartRateBpm>
       <Value>161</Value>
      </HeartRateBpm>
      <Extensions>
       <TPX xmlns="http://www.garmin.com/xmlschemas/ActivityExtension/v2">
        <Speed>3.3</Speed>
       </TPX>
      </Extensions>
     </Trackpoint>
     <Trackpoint>
      <Time>2026-08-18T10:31:02Z</Time>
      <Position>
       <LatitudeDegrees>5.2333990</LatitudeDegrees>
       <LongitudeDegrees>100.4350900</LongitudeDegrees>
      </Position>
      <AltitudeMeters>5.6</AltitudeMeters>
      <DistanceMeters>2794.7</DistanceMeters>
      <HeartRateBpm>
       <Value>161</Value>
      </HeartRateBpm>
      <Extensions>
       <TPX xmlns="http://www.garmin.com/xmlschemas/ActivityExtension/v2">
        <Speed>3.3</Speed>
       </TPX>
      </Extensions>
     </Trackpoint>
     <Trackpoint>
      <Time>2026-08-18T10:31:03Z</Time>
      <Position>
       <LatitudeDegrees>5.2333920</LatitudeDegrees>
       <LongitudeDegrees>100.4350620</LongitudeDegrees>
      </Position>
      <AltitudeMeters>5.6</AltitudeMeters>
      <DistanceMeters>2797.9</DistanceMeters>
      <HeartRateBpm>
       <Value>161</Value>
      </HeartRateBpm>
      <Extensions>
       <TPX xmlns="http://www.garmin.com/xmlschemas/ActivityExtension/v2">
        <Speed>3.3</Speed>
       </TPX>
      </Extensions>
     </Trackpoint>
     <Trackpoint>
      <Time>2026-08-18T10:31:04Z</Time>
      <Position>
       <LatitudeDegrees>5.2333830</LatitudeDegrees>
       <LongitudeDegrees>100.4350210</LongitudeDegrees>
      </Position>
      <AltitudeMeters>5.6</AltitudeMeters>
      <DistanceMeters>2802.6</DistanceMeters>
      <HeartRateBpm>
       <Value>161</Value>
      </HeartRateBpm>
      <Extensions>
       <TPX xmlns="http://www.garmin.com/xmlschemas/ActivityExtension/v2">
        <Speed>3.6</Speed>
       </TPX>
      </Extensions>
     </Trackpoint>
     <Trackpoint>
      <Time>2026-08-18T10:31:05Z</Time>
      <Position>
       <LatitudeDegrees>5.2333800</LatitudeDegrees>
       <LongitudeDegrees>100.4350030</LongitudeDegrees>
      </Position>
      <AltitudeMeters>5.6</AltitudeMeters>
      <DistanceMeters>2804.6</DistanceMeters>
      <HeartRateBpm>
       <Value>160</Value>
      </HeartRateBpm>
      <Extensions>
       <TPX xmlns="http://www.garmin.com/xmlschemas/ActivityExtension/v2">
        <Speed>3.3</Speed>
       </TPX>
      </Extensions>
     </Trackpoint>
     <Trackpoint>
      <Time>2026-08-18T10:31:06Z</Time>
      <Position>
       <LatitudeDegrees>5.2333750</LatitudeDegrees>
       <LongitudeDegrees>100.4349790</LongitudeDegrees>
      </Position>
      <AltitudeMeters>5.6</AltitudeMeters>
      <DistanceMeters>2807.3</DistanceMeters>
      <HeartRateBpm>
       <Value>160</Value>
      </HeartRateBpm>
      <Extensions>
       <TPX xmlns="http://www.garmin.com/xmlschemas/ActivityExtension/v2">
        <Speed>3.2</Speed>
       </TPX>
      </Extensions>
     </Trackpoint>
     <Trackpoint>
      <Time>2026-08-18T10:31:07Z</Time>
      <Position>
       <LatitudeDegrees>5.2333750</LatitudeDegrees>
       <LongitudeDegrees>100.4349530</LongitudeDegrees>
      </Position>
      <AltitudeMeters>5.6</AltitudeMeters>
      <DistanceMeters>2810.1</DistanceMeters>
      <HeartRateBpm>
       <Value>160</Value>
      </HeartRateBpm>
      <Extensions>
       <TPX xmlns="http://www.garmin.com/xmlschemas/ActivityExtension/v2">
        <Speed>3.1</Speed>
       </TPX>
      </Extensions>
     </Trackpoint>
     <Trackpoint>
      <Time>2026-08-18T10:31:08Z</Time>
      <Position>
       <LatitudeDegrees>5.2333810</LatitudeDegrees>
       <LongitudeDegrees>100.4349220</LongitudeDegrees>
      </Position>
      <AltitudeMeters>5.6</AltitudeMeters>
      <DistanceMeters>2813.6</DistanceMeters>
      <HeartRateBpm>
       <Value>160</Value>
      </HeartRateBpm>
      <Extensions>
       <TPX xmlns="http://www.garmin.com/xmlschemas/ActivityExtension/v2">
        <Speed>3.1</Speed>
       </TPX>
      </Extensions>
     </Trackpoint>
     <Trackpoint>
      <Time>2026-08-18T10:31:09Z</Time>
      <Position>
       <LatitudeDegrees>5.2333860</LatitudeDegrees>
       <LongitudeDegrees>100.4348990</LongitudeDegrees>
      </Position>
      <AltitudeMeters>5.6</AltitudeMeters>
      <DistanceMeters>2816.2</DistanceMeters>
      <HeartRateBpm>
       <Value>160</Value>
      </HeartRateBpm>
      <Extensions>
       <TPX xmlns="http://www.garmin.com/xmlschemas/ActivityExtension/v2">
        <Speed>2.7</Speed>
       </TPX>
      </Extensions>
     </Trackpoint>
     <Trackpoint>
      <Time>2026-08-18T10:31:10Z</Time>
      <Position>
       <LatitudeDegrees>5.2333860</LatitudeDegrees>
       <LongitudeDegrees>100.4348770</LongitudeDegrees>
      </Position>
      <AltitudeMeters>5.6</AltitudeMeters>
      <DistanceMeters>2818.7</DistanceMeters>
      <HeartRateBpm>
       <Value>160</Value>
      </HeartRateBpm>
      <Extensions>
       <TPX xmlns="http://www.garmin.com/xmlschemas/ActivityExtension/v2">
        <Speed>2.8</Speed>
       </TPX>
      </Extensions>
     </Trackpoint>
     <Trackpoint>
      <Time>2026-08-18T10:31:11Z</Time>
      <Position>
       <LatitudeDegrees>5.2333890</LatitudeDegrees>
       <LongitudeDegrees>100.4348530</LongitudeDegrees>
      </Position>
      <AltitudeMeters>5.6</AltitudeMeters>
      <DistanceMeters>2821.3</DistanceMeters>
      <HeartRateBpm>
       <Value>160</Value>
      </HeartRateBpm>
      <Extensions>
       <TPX xmlns="http://www.garmin.com/xmlschemas/ActivityExtension/v2">
        <Speed>2.8</Speed>
       </TPX>
      </Extensions>
     </Trackpoint>
     <Trackpoint>
      <Time>2026-08-18T10:31:12Z</Time>
      <Position>
       <LatitudeDegrees>5.2333960</LatitudeDegrees>
       <LongitudeDegrees>100.4348270</LongitudeDegrees>
      </Position>
      <AltitudeMeters>5.6</AltitudeMeters>
      <DistanceMeters>2824.3</DistanceMeters>
      <HeartRateBpm>
       <Value>161</Value>
      </HeartRateBpm>
      <Extensions>
       <TPX xmlns="http://www.garmin.com/xmlschemas/ActivityExtension/v2">
        <Speed>2.8</Speed>
       </TPX>
      </Extensions>
     </Trackpoint>
     <Trackpoint>
      <Time>2026-08-18T10:31:13Z</Time>
      <Position>
       <LatitudeDegrees>5.2334080</LatitudeDegrees>
       <LongitudeDegrees>100.4348030</LongitudeDegrees>
      </Position>
      <AltitudeMeters>5.6</AltitudeMeters>
      <DistanceMeters>2827.3</DistanceMeters>
      <HeartRateBpm>
       <Value>161</Value>
      </HeartRateBpm>
      <Extensions>
       <TPX xmlns="http://www.garmin.com/xmlschemas/ActivityExtension/v2">
        <Speed>2.7</Speed>
       </TPX>
      </Extensions>
     </Trackpoint>
     <Trackpoint>
      <Time>2026-08-18T10:31:14Z</Time>
      <Position>
       <LatitudeDegrees>5.2334250</LatitudeDegrees>
       <LongitudeDegrees>100.4347800</LongitudeDegrees>
      </Position>
      <AltitudeMeters>5.7</AltitudeMeters>
      <DistanceMeters>2830.5</DistanceMeters>
      <HeartRateBpm>
       <Value>161</Value>
      </HeartRateBpm>
      <Extensions>
       <TPX xmlns="http://www.garmin.com/xmlschemas/ActivityExtension/v2">
        <Speed>2.9</Speed>
       </TPX>
      </Extensions>
     </Trackpoint>
     <Trackpoint>
      <Time>2026-08-18T10:31:15Z</Time>
      <Position>
       <LatitudeDegrees>5.2334390</LatitudeDegrees>
       <LongitudeDegrees>100.4347600</LongitudeDegrees>
      </Position>
      <AltitudeMeters>5.7</AltitudeMeters>
      <DistanceMeters>2833.2</DistanceMeters>
      <HeartRateBpm>
       <Value>161</Value>
      </HeartRateBpm>
      <Extensions>
       <TPX xmlns="http://www.garmin.com/xmlschemas/ActivityExtension/v2">
        <Speed>2.9</Speed>
       </TPX>
      </Extensions>
     </Trackpoint>
     <Trackpoint>
      <Time>2026-08-18T10:31:16Z</Time>
      <Position>
       <LatitudeDegrees>5.2334510</LatitudeDegrees>
       <LongitudeDegrees>100.4347400</LongitudeDegrees>
      </Position>
      <AltitudeMeters>5.7</AltitudeMeters>
      <DistanceMeters>2835.7</DistanceMeters>
      <HeartRateBpm>
       <Value>161</Value>
      </HeartRateBpm>
      <Extensions>
       <TPX xmlns="http://www.garmin.com/xmlschemas/ActivityExtension/v2">
        <Speed>2.9</Speed>
       </TPX>
      </Extensions>
     </Trackpoint>
     <Trackpoint>
      <Time>2026-08-18T10:31:17Z</Time>
      <Position>
       <LatitudeDegrees>5.2334670</LatitudeDegrees>
       <LongitudeDegrees>100.4347190</LongitudeDegrees>
      </Position>
      <AltitudeMeters>5.7</AltitudeMeters>
      <DistanceMeters>2838.6</DistanceMeters>
      <HeartRateBpm>
       <Value>161</Value>
      </HeartRateBpm>
      <Extensions>
       <TPX xmlns="http://www.garmin.com/xmlschemas/ActivityExtension/v2">
        <Speed>2.9</Speed>
       </TPX>
      </Extensions>
     </Trackpoint>
     <Trackpoint>
      <Time>2026-08-18T10:31:18Z</Time>
      <Position>
       <LatitudeDegrees>5.2334860</LatitudeDegrees>
       <LongitudeDegrees>100.4347010</LongitudeDegrees>
      </Position>
      <AltitudeMeters>5.7</AltitudeMeters>
      <DistanceMeters>2841.5</DistanceMeters>
      <HeartRateBpm>
       <Value>161</Value>
      </HeartRateBpm>
      <Extensions>
       <TPX xmlns="http://www.garmin.com/xmlschemas/ActivityExtension/v2">
        <Speed>2.8</Speed>
       </TPX>
      </Extensions>
     </Trackpoint>
     <Trackpoint>
      <Time>2026-08-18T10:31:19Z</Time>
      <Position>
       <LatitudeDegrees>5.2335090</LatitudeDegrees>
       <LongitudeDegrees>100.4346790</LongitudeDegrees>
      </Position>
      <AltitudeMeters>5.7</AltitudeMeters>
      <DistanceMeters>2845.1</DistanceMeters>
      <HeartRateBpm>
       <Value>161</Value>
      </HeartRateBpm>
      <Extensions>
       <TPX xmlns="http://www.garmin.com/xmlschemas/ActivityExtension/v2">
        <Speed>2.9</Speed>
       </TPX>
      </Extensions>
     </Trackpoint>
     <Trackpoint>
      <Time>2026-08-18T10:31:20Z</Time>
      <Position>
       <LatitudeDegrees>5.2335390</LatitudeDegrees>
       <LongitudeDegrees>100.4346520</LongitudeDegrees>
      </Position>
      <AltitudeMeters>5.7</AltitudeMeters>
      <DistanceMeters>2849.6</DistanceMeters>
      <HeartRateBpm>
       <Value>162</Value>
      </HeartRateBpm>
      <Extensions>
       <TPX xmlns="http://www.garmin.com/xmlschemas/ActivityExtension/v2">
        <Speed>3.3</Speed>
       </TPX>
      </Extensions>
     </Trackpoint>
     <Trackpoint>
      <Time>2026-08-18T10:31:21Z</Time>
      <Position>
       <LatitudeDegrees>5.2335670</LatitudeDegrees>
       <LongitudeDegrees>100.4346310</LongitudeDegrees>
      </Position>
      <AltitudeMeters>5.7</AltitudeMeters>
      <DistanceMeters>2853.5</DistanceMeters>
      <HeartRateBpm>
       <Value>162</Value>
      </HeartRateBpm>
      <Extensions>
       <TPX xmlns="http://www.garmin.com/xmlschemas/ActivityExtension/v2">
        <Speed>3.6</Speed>
       </TPX>
      </Extensions>
     </Trackpoint>
     <Trackpoint>
      <Time>2026-08-18T10:31:22Z</Time>
      <Position>
       <LatitudeDegrees>5.2335960</LatitudeDegrees>
       <LongitudeDegrees>100.4346140</LongitudeDegrees>
      </Position>
      <AltitudeMeters>5.7</AltitudeMeters>
      <DistanceMeters>2857.2</DistanceMeters>
      <HeartRateBpm>
       <Value>162</Value>
      </HeartRateBpm>
      <Extensions>
       <TPX xmlns="http://www.garmin.com/xmlschemas/ActivityExtension/v2">
        <Speed>3.7</Speed>
       </TPX>
      </Extensions>
     </Trackpoint>
     <Trackpoint>
      <Time>2026-08-18T10:31:23Z</Time>
      <Position>
       <LatitudeDegrees>5.2336210</LatitudeDegrees>
       <LongitudeDegrees>100.4346010</LongitudeDegrees>
      </Position>
      <AltitudeMeters>5.7</AltitudeMeters>
      <DistanceMeters>2860.3</DistanceMeters>
      <HeartRateBpm>
       <Value>163</Value>
      </HeartRateBpm>
      <Extensions>
       <TPX xmlns="http://www.garmin.com/xmlschemas/ActivityExtension/v2">
        <Speed>3.8</Speed>
       </TPX>
      </Extensions>
     </Trackpoint>
     <Trackpoint>
      <Time>2026-08-18T10:31:24Z</Time>
      <Position>
       <LatitudeDegrees>5.2336490</LatitudeDegrees>
       <LongitudeDegrees>100.4345880</LongitudeDegrees>
      </Position>
      <AltitudeMeters>5.7</AltitudeMeters>
      <DistanceMeters>2863.8</DistanceMeters>
      <HeartRateBpm>
       <Value>162</Value>
      </HeartRateBpm>
      <Extensions>
       <TPX xmlns="http://www.garmin.com/xmlschemas/ActivityExtension/v2">
        <Speed>3.7</Speed>
       </TPX>
      </Extensions>
     </Trackpoint>
     <Trackpoint>
      <Time>2026-08-18T10:31:25Z</Time>
      <Position>
       <LatitudeDegrees>5.2336930</LatitudeDegrees>
       <LongitudeDegrees>100.4345710</LongitudeDegrees>
      </Position>
      <AltitudeMeters>5.7</AltitudeMeters>
      <DistanceMeters>2869.0</DistanceMeters>
      <HeartRateBpm>
       <Value>162</Value>
      </HeartRateBpm>
      <Extensions>
       <TPX xmlns="http://www.garmin.com/xmlschemas/ActivityExtension/v2">
        <Speed>3.9</Speed>
       </TPX>
      </Extensions>
     </Trackpoint>
     <Trackpoint>
      <Time>2026-08-18T10:31:26Z</Time>
      <Position>
       <LatitudeDegrees>5.2337130</LatitudeDegrees>
       <LongitudeDegrees>100.4345610</LongitudeDegrees>
      </Position>
      <AltitudeMeters>5.7</AltitudeMeters>
      <DistanceMeters>2871.5</DistanceMeters>
      <HeartRateBpm>
       <Value>162</Value>
      </HeartRateBpm>
      <Extensions>
       <TPX xmlns="http://www.garmin.com/xmlschemas/ActivityExtension/v2">
        <Speed>3.6</Speed>
       </TPX>
      </Extensions>
     </Trackpoint>
     <Trackpoint>
      <Time>2026-08-18T10:31:27Z</Time>
      <Position>
       <LatitudeDegrees>5.2337440</LatitudeDegrees>
       <LongitudeDegrees>100.4345480</LongitudeDegrees>
      </Position>
      <AltitudeMeters>5.7</AltitudeMeters>
      <DistanceMeters>2875.2</DistanceMeters>
      <HeartRateBpm>
       <Value>163</Value>
      </HeartRateBpm>
      <Extensions>
       <TPX xmlns="http://www.garmin.com/xmlschemas/ActivityExtension/v2">
        <Speed>3.6</Speed>
       </TPX>
      </Extensions>
     </Trackpoint>
     <Trackpoint>
      <Time>2026-08-18T10:31:28Z</Time>
      <Position>
       <LatitudeDegrees>5.2337750</LatitudeDegrees>
       <LongitudeDegrees>100.4345390</LongitudeDegrees>
      </Position>
      <AltitudeMeters>5.7</AltitudeMeters>
      <DistanceMeters>2878.8</DistanceMeters>
      <HeartRateBpm>
       <Value>162</Value>
      </HeartRateBpm>
      <Extensions>
       <TPX xmlns="http://www.garmin.com/xmlschemas/ActivityExtension/v2">
        <Speed>3.7</Speed>
       </TPX>
      </Extensions>
     </Trackpoint>
     <Trackpoint>
      <Time>2026-08-18T10:31:29Z</Time>
      <Position>
       <LatitudeDegrees>5.2338050</LatitudeDegrees>
       <LongitudeDegrees>100.4345330</LongitudeDegrees>
      </Position>
      <AltitudeMeters>5.6</AltitudeMeters>
      <DistanceMeters>2882.2</DistanceMeters>
      <HeartRateBpm>
       <Value>162</Value>
      </HeartRateBpm>
      <Extensions>
       <TPX xmlns="http://www.garmin.com/xmlschemas/ActivityExtension/v2">
        <Speed>3.7</Speed>
       </TPX>
      </Extensions>
     </Trackpoint>
     <Trackpoint>
      <Time>2026-08-18T10:31:30Z</Time>
      <Position>
       <LatitudeDegrees>5.2338340</LatitudeDegrees>
       <LongitudeDegrees>100.4345320</LongitudeDegrees>
      </Position>
      <AltitudeMeters>5.6</AltitudeMeters>
      <DistanceMeters>2885.4</DistanceMeters>
      <HeartRateBpm>
       <Value>162</Value>
      </HeartRateBpm>
      <Extensions>
       <TPX xmlns="http://www.garmin.com/xmlschemas/ActivityExtension/v2">
        <Speed>3.3</Speed>
       </TPX>
      </Extensions>
     </Trackpoint>
     <Trackpoint>
      <Time>2026-08-18T10:31:31Z</Time>
      <Position>
       <LatitudeDegrees>5.2338660</LatitudeDegrees>
       <LongitudeDegrees>100.4345280</LongitudeDegrees>
      </Position>
      <AltitudeMeters>5.6</AltitudeMeters>
      <DistanceMeters>2889.0</DistanceMeters>
      <HeartRateBpm>
       <Value>162</Value>
      </HeartRateBpm>
      <Extensions>
       <TPX xmlns="http://www.garmin.com/xmlschemas/ActivityExtension/v2">
        <Speed>3.5</Speed>
       </TPX>
      </Extensions>
     </Trackpoint>
     <Trackpoint>
      <Time>2026-08-18T10:31:32Z</Time>
      <Position>
       <LatitudeDegrees>5.2338970</LatitudeDegrees>
       <LongitudeDegrees>100.4345220</LongitudeDegrees>
      </Position>
      <AltitudeMeters>5.6</AltitudeMeters>
      <DistanceMeters>2892.5</DistanceMeters>
      <HeartRateBpm>
       <Value>162</Value>
      </HeartRateBpm>
      <Extensions>
       <TPX xmlns="http://www.garmin.com/xmlschemas/ActivityExtension/v2">
        <Speed>3.5</Speed>
       </TPX>
      </Extensions>
     </Trackpoint>
     <Trackpoint>
      <Time>2026-08-18T10:31:33Z</Time>
      <Position>
       <LatitudeDegrees>5.2339260</LatitudeDegrees>
       <LongitudeDegrees>100.4345150</LongitudeDegrees>
      </Position>
      <AltitudeMeters>5.6</AltitudeMeters>
      <DistanceMeters>2895.9</DistanceMeters>
      <HeartRateBpm>
       <Value>162</Value>
      </HeartRateBpm>
      <Extensions>
       <TPX xmlns="http://www.garmin.com/xmlschemas/ActivityExtension/v2">
        <Speed>3.4</Speed>
       </TPX>
      </Extensions>
     </Trackpoint>
     <Trackpoint>
      <Time>2026-08-18T10:31:34Z</Time>
      <Position>
       <LatitudeDegrees>5.2339570</LatitudeDegrees>
       <LongitudeDegrees>100.4345120</LongitudeDegrees>
      </Position>
      <AltitudeMeters>5.6</AltitudeMeters>
      <DistanceMeters>2899.3</DistanceMeters>
      <HeartRateBpm>
       <Value>162</Value>
      </HeartRateBpm>
      <Extensions>
       <TPX xmlns="http://www.garmin.com/xmlschemas/ActivityExtension/v2">
        <Speed>3.4</Speed>
       </TPX>
      </Extensions>
     </Trackpoint>
     <Trackpoint>
      <Time>2026-08-18T10:31:35Z</Time>
      <Position>
       <LatitudeDegrees>5.2339890</LatitudeDegrees>
       <LongitudeDegrees>100.4345070</LongitudeDegrees>
      </Position>
      <AltitudeMeters>5.6</AltitudeMeters>
      <DistanceMeters>2902.9</DistanceMeters>
      <HeartRateBpm>
       <Value>162</Value>
      </HeartRateBpm>
      <Extensions>
       <TPX xmlns="http://www.garmin.com/xmlschemas/ActivityExtension/v2">
        <Speed>3.5</Speed>
       </TPX>
      </Extensions>
     </Trackpoint>
     <Trackpoint>
      <Time>2026-08-18T10:31:36Z</Time>
      <Position>
       <LatitudeDegrees>5.2340160</LatitudeDegrees>
       <LongitudeDegrees>100.4345030</LongitudeDegrees>
      </Position>
      <AltitudeMeters>5.6</AltitudeMeters>
      <DistanceMeters>2906.0</DistanceMeters>
      <HeartRateBpm>
       <Value>162</Value>
      </HeartRateBpm>
      <Extensions>
       <TPX xmlns="http://www.garmin.com/xmlschemas/ActivityExtension/v2">
        <Speed>3.4</Speed>
       </TPX>
      </Extensions>
     </Trackpoint>
     <Trackpoint>
      <Time>2026-08-18T10:31:37Z</Time>
      <Position>
       <LatitudeDegrees>5.2340490</LatitudeDegrees>
       <LongitudeDegrees>100.4344970</LongitudeDegrees>
      </Position>
      <AltitudeMeters>5.6</AltitudeMeters>
      <DistanceMeters>2909.7</DistanceMeters>
      <HeartRateBpm>
       <Value>162</Value>
      </HeartRateBpm>
      <Extensions>
       <TPX xmlns="http://www.garmin.com/xmlschemas/ActivityExtension/v2">
        <Speed>3.4</Speed>
       </TPX>
      </Extensions>
     </Trackpoint>
     <Trackpoint>
      <Time>2026-08-18T10:31:38Z</Time>
      <Position>
       <LatitudeDegrees>5.2340800</LatitudeDegrees>
       <LongitudeDegrees>100.4344900</LongitudeDegrees>
      </Position>
      <AltitudeMeters>5.6</AltitudeMeters>
      <DistanceMeters>2913.2</DistanceMeters>
      <HeartRateBpm>
       <Value>162</Value>
      </HeartRateBpm>
      <Extensions>
       <TPX xmlns="http://www.garmin.com/xmlschemas/ActivityExtension/v2">
        <Speed>3.5</Speed>
       </TPX>
      </Extensions>
     </Trackpoint>
     <Trackpoint>
      <Time>2026-08-18T10:31:39Z</Time>
      <Position>
       <LatitudeDegrees>5.2341110</LatitudeDegrees>
       <LongitudeDegrees>100.4344820</LongitudeDegrees>
      </Position>
      <AltitudeMeters>5.6</AltitudeMeters>
      <DistanceMeters>2916.8</DistanceMeters>
      <HeartRateBpm>
       <Value>162</Value>
      </HeartRateBpm>
      <Extensions>
       <TPX xmlns="http://www.garmin.com/xmlschemas/ActivityExtension/v2">
        <Speed>3.5</Speed>
       </TPX>
      </Extensions>
     </Trackpoint>
     <Trackpoint>
      <Time>2026-08-18T10:31:40Z</Time>
      <Position>
       <LatitudeDegrees>5.2341410</LatitudeDegrees>
       <LongitudeDegrees>100.4344750</LongitudeDegrees>
      </Position>
      <AltitudeMeters>5.6</AltitudeMeters>
      <DistanceMeters>2920.2</DistanceMeters>
      <HeartRateBpm>
       <Value>162</Value>
      </HeartRateBpm>
      <Extensions>
       <TPX xmlns="http://www.garmin.com/xmlschemas/ActivityExtension/v2">
        <Speed>3.5</Speed>
       </TPX>
      </Extensions>
     </Trackpoint>
     <Trackpoint>
      <Time>2026-08-18T10:31:41Z</Time>
      <Position>
       <LatitudeDegrees>5.2341710</LatitudeDegrees>
       <LongitudeDegrees>100.4344700</LongitudeDegrees>
      </Position>
      <AltitudeMeters>5.6</AltitudeMeters>
      <DistanceMeters>2923.6</DistanceMeters>
      <HeartRateBpm>
       <Value>162</Value>
      </HeartRateBpm>
      <Extensions>
       <TPX xmlns="http://www.garmin.com/xmlschemas/ActivityExtension/v2">
        <Speed>3.5</Speed>
       </TPX>
      </Extensions>
     </Trackpoint>
     <Trackpoint>
      <Time>2026-08-18T10:31:42Z</Time>
      <Position>
       <LatitudeDegrees>5.2341980</LatitudeDegrees>
       <LongitudeDegrees>100.4344650</LongitudeDegrees>
      </Position>
      <AltitudeMeters>5.6</AltitudeMeters>
      <DistanceMeters>2926.7</DistanceMeters>
      <HeartRateBpm>
       <Value>162</Value>
      </HeartRateBpm>
      <Extensions>
       <TPX xmlns="http://www.garmin.com/xmlschemas/ActivityExtension/v2">
        <Speed>3.4</Speed>
       </TPX>
      </Extensions>
     </Trackpoint>
     <Trackpoint>
      <Time>2026-08-18T10:31:43Z</Time>
      <Position>
       <LatitudeDegrees>5.2342280</LatitudeDegrees>
       <LongitudeDegrees>100.4344580</LongitudeDegrees>
      </Position>
      <AltitudeMeters>5.6</AltitudeMeters>
      <DistanceMeters>2930.1</DistanceMeters>
      <HeartRateBpm>
       <Value>162</Value>
      </HeartRateBpm>
      <Extensions>
       <TPX xmlns="http://www.garmin.com/xmlschemas/ActivityExtension/v2">
        <Speed>3.4</Speed>
       </TPX>
      </Extensions>
     </Trackpoint>
     <Trackpoint>
      <Time>2026-08-18T10:31:44Z</Time>
      <Position>
       <LatitudeDegrees>5.2342610</LatitudeDegrees>
       <LongitudeDegrees>100.4344510</LongitudeDegrees>
      </Position>
      <AltitudeMeters>5.6</AltitudeMeters>
      <DistanceMeters>2933.9</DistanceMeters>
      <HeartRateBpm>
       <Value>162</Value>
      </HeartRateBpm>
      <Extensions>
       <TPX xmlns="http://www.garmin.com/xmlschemas/ActivityExtension/v2">
        <Speed>3.4</Speed>
       </TPX>
      </Extensions>
     </Trackpoint>
     <Trackpoint>
      <Time>2026-08-18T10:31:45Z</Time>
      <Position>
       <LatitudeDegrees>5.2343000</LatitudeDegrees>
       <LongitudeDegrees>100.4344430</LongitudeDegrees>
      </Position>
      <AltitudeMeters>5.7</AltitudeMeters>
      <DistanceMeters>2938.2</DistanceMeters>
      <HeartRateBpm>
       <Value>162</Value>
      </HeartRateBpm>
      <Extensions>
       <TPX xmlns="http://www.garmin.com/xmlschemas/ActivityExtension/v2">
        <Speed>3.6</Speed>
       </TPX>
      </Extensions>
     </Trackpoint>
     <Trackpoint>
      <Time>2026-08-18T10:31:46Z</Time>
      <Position>
       <LatitudeDegrees>5.2343260</LatitudeDegrees>
       <LongitudeDegrees>100.4344380</LongitudeDegrees>
      </Position>
      <AltitudeMeters>5.7</AltitudeMeters>
      <DistanceMeters>2941.1</DistanceMeters>
      <HeartRateBpm>
       <Value>162</Value>
      </HeartRateBpm>
      <Extensions>
       <TPX xmlns="http://www.garmin.com/xmlschemas/ActivityExtension/v2">
        <Speed>3.5</Speed>
       </TPX>
      </Extensions>
     </Trackpoint>
     <Trackpoint>
      <Time>2026-08-18T10:31:47Z</Time>
      <Position>
       <LatitudeDegrees>5.2343550</LatitudeDegrees>
       <LongitudeDegrees>100.4344300</LongitudeDegrees>
      </Position>
      <AltitudeMeters>5.7</AltitudeMeters>
      <DistanceMeters>2944.5</DistanceMeters>
      <HeartRateBpm>
       <Value>162</Value>
      </HeartRateBpm>
      <Extensions>
       <TPX xmlns="http://www.garmin.com/xmlschemas/ActivityExtension/v2">
        <Speed>3.6</Speed>
       </TPX>
      </Extensions>
     </Trackpoint>
     <Trackpoint>
      <Time>2026-08-18T10:31:48Z</Time>
      <Position>
       <LatitudeDegrees>5.2343840</LatitudeDegrees>
       <LongitudeDegrees>100.4344210</LongitudeDegrees>
      </Position>
      <AltitudeMeters>5.7</AltitudeMeters>
      <DistanceMeters>2947.9</DistanceMeters>
      <HeartRateBpm>
       <Value>162</Value>
      </HeartRateBpm>
      <Extensions>
       <TPX xmlns="http://www.garmin.com/xmlschemas/ActivityExtension/v2">
        <Speed>3.6</Speed>
       </TPX>
      </Extensions>
     </Trackpoint>
     <Trackpoint>
      <Time>2026-08-18T10:31:49Z</Time>
      <Position>
       <LatitudeDegrees>5.2344100</LatitudeDegrees>
       <LongitudeDegrees>100.4344130</LongitudeDegrees>
      </Position>
      <AltitudeMeters>5.7</AltitudeMeters>
      <DistanceMeters>2950.9</DistanceMeters>
      <HeartRateBpm>
       <Value>162</Value>
      </HeartRateBpm>
      <Extensions>
       <TPX xmlns="http://www.garmin.com/xmlschemas/ActivityExtension/v2">
        <Speed>3.4</Speed>
       </TPX>
      </Extensions>
     </Trackpoint>
     <Trackpoint>
      <Time>2026-08-18T10:31:50Z</Time>
      <Position>
       <LatitudeDegrees>5.2344390</LatitudeDegrees>
       <LongitudeDegrees>100.4344030</LongitudeDegrees>
      </Position>
      <AltitudeMeters>5.7</AltitudeMeters>
      <DistanceMeters>2954.3</DistanceMeters>
      <HeartRateBpm>
       <Value>161</Value>
      </HeartRateBpm>
      <Extensions>
       <TPX xmlns="http://www.garmin.com/xmlschemas/ActivityExtension/v2">
        <Speed>3.2</Speed>
       </TPX>
      </Extensions>
     </Trackpoint>
     <Trackpoint>
      <Time>2026-08-18T10:31:51Z</Time>
      <Position>
       <LatitudeDegrees>5.2344690</LatitudeDegrees>
       <LongitudeDegrees>100.4343910</LongitudeDegrees>
      </Position>
      <AltitudeMeters>5.6</AltitudeMeters>
      <DistanceMeters>2957.9</DistanceMeters>
      <HeartRateBpm>
       <Value>162</Value>
      </HeartRateBpm>
      <Extensions>
       <TPX xmlns="http://www.garmin.com/xmlschemas/ActivityExtension/v2">
        <Speed>3.4</Speed>
       </TPX>
      </Extensions>
     </Trackpoint>
     <Trackpoint>
      <Time>2026-08-18T10:31:52Z</Time>
      <Position>
       <LatitudeDegrees>5.2344960</LatitudeDegrees>
       <LongitudeDegrees>100.4343800</LongitudeDegrees>
      </Position>
      <AltitudeMeters>5.6</AltitudeMeters>
      <DistanceMeters>2961.2</DistanceMeters>
      <HeartRateBpm>
       <Value>162</Value>
      </HeartRateBpm>
      <Extensions>
       <TPX xmlns="http://www.garmin.com/xmlschemas/ActivityExtension/v2">
        <Speed>3.3</Speed>
       </TPX>
      </Extensions>
     </Trackpoint>
     <Trackpoint>
      <Time>2026-08-18T10:31:53Z</Time>
      <Position>
       <LatitudeDegrees>5.2345220</LatitudeDegrees>
       <LongitudeDegrees>100.4343690</LongitudeDegrees>
      </Position>
      <AltitudeMeters>5.6</AltitudeMeters>
      <DistanceMeters>2964.3</DistanceMeters>
      <HeartRateBpm>
       <Value>162</Value>
      </HeartRateBpm>
      <Extensions>
       <TPX xmlns="http://www.garmin.com/xmlschemas/ActivityExtension/v2">
        <Speed>3.3</Speed>
       </TPX>
      </Extensions>
     </Trackpoint>
     <Trackpoint>
      <Time>2026-08-18T10:31:54Z</Time>
      <Position>
       <LatitudeDegrees>5.2345490</LatitudeDegrees>
       <LongitudeDegrees>100.4343560</LongitudeDegrees>
      </Position>
      <AltitudeMeters>5.6</AltitudeMeters>
      <DistanceMeters>2967.6</DistanceMeters>
      <HeartRateBpm>
       <Value>162</Value>
      </HeartRateBpm>
      <Extensions>
       <TPX xmlns="http://www.garmin.com/xmlschemas/ActivityExtension/v2">
        <Speed>3.3</Speed>
       </TPX>
      </Extensions>
     </Trackpoint>
     <Trackpoint>
      <Time>2026-08-18T10:31:55Z</Time>
      <Position>
       <LatitudeDegrees>5.2345790</LatitudeDegrees>
       <LongitudeDegrees>100.4343460</LongitudeDegrees>
      </Position>
      <AltitudeMeters>5.6</AltitudeMeters>
      <DistanceMeters>2971.1</DistanceMeters>
      <HeartRateBpm>
       <Value>162</Value>
      </HeartRateBpm>
      <Extensions>
       <TPX xmlns="http://www.garmin.com/xmlschemas/ActivityExtension/v2">
        <Speed>3.4</Speed>
       </TPX>
      </Extensions>
     </Trackpoint>
     <Trackpoint>
      <Time>2026-08-18T10:31:56Z</Time>
      <Position>
       <LatitudeDegrees>5.2346070</LatitudeDegrees>
       <LongitudeDegrees>100.4343360</LongitudeDegrees>
      </Position>
      <AltitudeMeters>5.6</AltitudeMeters>
      <DistanceMeters>2974.4</DistanceMeters>
      <HeartRateBpm>
       <Value>163</Value>
      </HeartRateBpm>
      <Extensions>
       <TPX xmlns="http://www.garmin.com/xmlschemas/ActivityExtension/v2">
        <Speed>3.3</Speed>
       </TPX>
      </Extensions>
     </Trackpoint>
     <Trackpoint>
      <Time>2026-08-18T10:31:57Z</Time>
      <Position>
       <LatitudeDegrees>5.2346370</LatitudeDegrees>
       <LongitudeDegrees>100.4343270</LongitudeDegrees>
      </Position>
      <AltitudeMeters>5.6</AltitudeMeters>
      <DistanceMeters>2977.9</DistanceMeters>
      <HeartRateBpm>
       <Value>163</Value>
      </HeartRateBpm>
      <Extensions>
       <TPX xmlns="http://www.garmin.com/xmlschemas/ActivityExtension/v2">
        <Speed>3.3</Speed>
       </TPX>
      </Extensions>
     </Trackpoint>
     <Trackpoint>
      <Time>2026-08-18T10:31:58Z</Time>
      <Position>
       <LatitudeDegrees>5.2346690</LatitudeDegrees>
       <LongitudeDegrees>100.4343210</LongitudeDegrees>
      </Position>
      <AltitudeMeters>5.6</AltitudeMeters>
      <DistanceMeters>2981.6</DistanceMeters>
      <HeartRateBpm>
       <Value>162</Value>
      </HeartRateBpm>
      <Extensions>
       <TPX xmlns="http://www.garmin.com/xmlschemas/ActivityExtension/v2">
        <Speed>3.5</Speed>
       </TPX>
      </Extensions>
     </Trackpoint>
     <Trackpoint>
      <Time>2026-08-18T10:31:59Z</Time>
      <Position>
       <LatitudeDegrees>5.2346970</LatitudeDegrees>
       <LongitudeDegrees>100.4343130</LongitudeDegrees>
      </Position>
      <AltitudeMeters>5.6</AltitudeMeters>
      <DistanceMeters>2984.8</DistanceMeters>
      <HeartRateBpm>
       <Value>162</Value>
      </HeartRateBpm>
      <Extensions>
       <TPX xmlns="http://www.garmin.com/xmlschemas/ActivityExtension/v2">
        <Speed>3.4</Speed>
       </TPX>
      </Extensions>
     </Trackpoint>
     <Trackpoint>
      <Time>2026-08-18T10:32:00Z</Time>
      <Position>
       <LatitudeDegrees>5.2347270</LatitudeDegrees>
       <LongitudeDegrees>100.4343070</LongitudeDegrees>
      </Position>
      <AltitudeMeters>5.6</AltitudeMeters>
      <DistanceMeters>2988.1</DistanceMeters>
      <HeartRateBpm>
       <Value>162</Value>
      </HeartRateBpm>
      <Extensions>
       <TPX xmlns="http://www.garmin.com/xmlschemas/ActivityExtension/v2">
        <Speed>3.4</Speed>
       </TPX>
      </Extensions>
     </Trackpoint>
     <Trackpoint>
      <Time>2026-08-18T10:32:01Z</Time>
      <Position>
       <LatitudeDegrees>5.2347610</LatitudeDegrees>
       <LongitudeDegrees>100.4343050</LongitudeDegrees>
      </Position>
      <AltitudeMeters>5.6</AltitudeMeters>
      <DistanceMeters>2991.9</DistanceMeters>
      <HeartRateBpm>
       <Value>162</Value>
      </HeartRateBpm>
      <Extensions>
       <TPX xmlns="http://www.garmin.com/xmlschemas/ActivityExtension/v2">
        <Speed>3.5</Speed>
       </TPX>
      </Extensions>
     </Trackpoint>
     <Trackpoint>
      <Time>2026-08-18T10:32:02Z</Time>
      <Position>
       <LatitudeDegrees>5.2347890</LatitudeDegrees>
       <LongitudeDegrees>100.4343020</LongitudeDegrees>
      </Position>
      <AltitudeMeters>5.6</AltitudeMeters>
      <DistanceMeters>2995.1</DistanceMeters>
      <HeartRateBpm>
       <Value>163</Value>
      </HeartRateBpm>
      <Extensions>
       <TPX xmlns="http://www.garmin.com/xmlschemas/ActivityExtension/v2">
        <Speed>3.4</Speed>
       </TPX>
      </Extensions>
     </Trackpoint>
     <Trackpoint>
      <Time>2026-08-18T10:32:03Z</Time>
      <Position>
       <LatitudeDegrees>5.2348240</LatitudeDegrees>
       <LongitudeDegrees>100.4342980</LongitudeDegrees>
      </Position>
      <AltitudeMeters>5.6</AltitudeMeters>
      <DistanceMeters>2999.0</DistanceMeters>
      <HeartRateBpm>
       <Value>163</Value>
      </HeartRateBpm>
      <Extensions>
       <TPX xmlns="http://www.garmin.com/xmlschemas/ActivityExtension/v2">
        <Speed>3.5</Speed>
       </TPX>
      </Extensions>
     </Trackpoint>
     <Trackpoint>
      <Time>2026-08-18T10:32:04Z</Time>
      <Position>
       <LatitudeDegrees>5.2348560</LatitudeDegrees>
       <LongitudeDegrees>100.4342930</LongitudeDegrees>
      </Position>
      <AltitudeMeters>5.6</AltitudeMeters>
      <DistanceMeters>3002.6</DistanceMeters>
      <HeartRateBpm>
       <Value>163</Value>
      </HeartRateBpm>
      <Extensions>
       <TPX xmlns="http://www.garmin.com/xmlschemas/ActivityExtension/v2">
        <Speed>3.6</Speed>
       </TPX>
      </Extensions>
     </Trackpoint>
     <Trackpoint>
      <Time>2026-08-18T10:32:05Z</Time>
      <Position>
       <LatitudeDegrees>5.2348910</LatitudeDegrees>
       <LongitudeDegrees>100.4342860</LongitudeDegrees>
      </Position>
      <AltitudeMeters>5.6</AltitudeMeters>
      <DistanceMeters>3006.6</DistanceMeters>
      <HeartRateBpm>
       <Value>162</Value>
      </HeartRateBpm>
      <Extensions>
       <TPX xmlns="http://www.garmin.com/xmlschemas/ActivityExtension/v2">
        <Speed>3.7</Speed>
       </TPX>
      </Extensions>
     </Trackpoint>
     <Trackpoint>
      <Time>2026-08-18T10:32:06Z</Time>
      <Position>
       <LatitudeDegrees>5.2349190</LatitudeDegrees>
       <LongitudeDegrees>100.4342760</LongitudeDegrees>
      </Position>
      <AltitudeMeters>5.6</AltitudeMeters>
      <DistanceMeters>3009.9</DistanceMeters>
      <HeartRateBpm>
       <Value>162</Value>
      </HeartRateBpm>
      <Extensions>
       <TPX xmlns="http://www.garmin.com/xmlschemas/ActivityExtension/v2">
        <Speed>3.6</Speed>
       </TPX>
      </Extensions>
     </Trackpoint>
     <Trackpoint>
      <Time>2026-08-18T10:32:07Z</Time>
      <Position>
       <LatitudeDegrees>5.2349470</LatitudeDegrees>
       <LongitudeDegrees>100.4342650</LongitudeDegrees>
      </Position>
      <AltitudeMeters>5.6</AltitudeMeters>
      <DistanceMeters>3013.2</DistanceMeters>
      <HeartRateBpm>
       <Value>162</Value>
      </HeartRateBpm>
      <Extensions>
       <TPX xmlns="http://www.garmin.com/xmlschemas/ActivityExtension/v2">
        <Speed>3.6</Speed>
       </TPX>
      </Extensions>
     </Trackpoint>
     <Trackpoint>
      <Time>2026-08-18T10:32:08Z</Time>
      <Position>
       <LatitudeDegrees>5.2349740</LatitudeDegrees>
       <LongitudeDegrees>100.4342550</LongitudeDegrees>
      </Position>
      <AltitudeMeters>5.6</AltitudeMeters>
      <DistanceMeters>3016.4</DistanceMeters>
      <HeartRateBpm>
       <Value>162</Value>
      </HeartRateBpm>
      <Extensions>
       <TPX xmlns="http://www.garmin.com/xmlschemas/ActivityExtension/v2">
        <Speed>3.5</Speed>
       </TPX>
      </Extensions>
     </Trackpoint>
     <Trackpoint>
      <Time>2026-08-18T10:32:09Z</Time>
      <Position>
       <LatitudeDegrees>5.2349990</LatitudeDegrees>
       <LongitudeDegrees>100.4342430</LongitudeDegrees>
      </Position>
      <AltitudeMeters>5.6</AltitudeMeters>
      <DistanceMeters>3019.5</DistanceMeters>
      <HeartRateBpm>
       <Value>162</Value>
      </HeartRateBpm>
      <Extensions>
       <TPX xmlns="http://www.garmin.com/xmlschemas/ActivityExtension/v2">
        <Speed>3.4</Speed>
       </TPX>
      </Extensions>
     </Trackpoint>
     <Trackpoint>
      <Time>2026-08-18T10:32:10Z</Time>
      <Position>
       <LatitudeDegrees>5.2350260</LatitudeDegrees>
       <LongitudeDegrees>100.4342320</LongitudeDegrees>
      </Position>
      <AltitudeMeters>5.6</AltitudeMeters>
      <DistanceMeters>3022.7</DistanceMeters>
      <HeartRateBpm>
       <Value>162</Value>
      </HeartRateBpm>
      <Extensions>
       <TPX xmlns="http://www.garmin.com/xmlschemas/ActivityExtension/v2">
        <Speed>3.2</Speed>
       </TPX>
      </Extensions>
     </Trackpoint>
     <Trackpoint>
      <Time>2026-08-18T10:32:11Z</Time>
      <Position>
       <LatitudeDegrees>5.2350530</LatitudeDegrees>
       <LongitudeDegrees>100.4342240</LongitudeDegrees>
      </Position>
      <AltitudeMeters>5.6</AltitudeMeters>
      <DistanceMeters>3025.8</DistanceMeters>
      <HeartRateBpm>
       <Value>162</Value>
      </HeartRateBpm>
      <Extensions>
       <TPX xmlns="http://www.garmin.com/xmlschemas/ActivityExtension/v2">
        <Speed>3.2</Speed>
       </TPX>
      </Extensions>
     </Trackpoint>
     <Trackpoint>
      <Time>2026-08-18T10:32:12Z</Time>
      <Position>
       <LatitudeDegrees>5.2350800</LatitudeDegrees>
       <LongitudeDegrees>100.4342180</LongitudeDegrees>
      </Position>
      <AltitudeMeters>5.6</AltitudeMeters>
      <DistanceMeters>3028.9</DistanceMeters>
      <HeartRateBpm>
       <Value>163</Value>
      </HeartRateBpm>
      <Extensions>
       <TPX xmlns="http://www.garmin.com/xmlschemas/ActivityExtension/v2">
        <Speed>3.1</Speed>
       </TPX>
      </Extensions>
     </Trackpoint>
     <Trackpoint>
      <Time>2026-08-18T10:32:13Z</Time>
      <Position>
       <LatitudeDegrees>5.2351070</LatitudeDegrees>
       <LongitudeDegrees>100.4342120</LongitudeDegrees>
      </Position>
      <AltitudeMeters>5.6</AltitudeMeters>
      <DistanceMeters>3032.1</DistanceMeters>
      <HeartRateBpm>
       <Value>163</Value>
      </HeartRateBpm>
      <Extensions>
       <TPX xmlns="http://www.garmin.com/xmlschemas/ActivityExtension/v2">
        <Speed>3.1</Speed>
       </TPX>
      </Extensions>
     </Trackpoint>
     <Trackpoint>
      <Time>2026-08-18T10:32:14Z</Time>
      <Position>
       <LatitudeDegrees>5.2351330</LatitudeDegrees>
       <LongitudeDegrees>100.4342080</LongitudeDegrees>
      </Position>
      <AltitudeMeters>5.6</AltitudeMeters>
      <DistanceMeters>3035.0</DistanceMeters>
      <HeartRateBpm>
       <Value>162</Value>
      </HeartRateBpm>
      <Extensions>
       <TPX xmlns="http://www.garmin.com/xmlschemas/ActivityExtension/v2">
        <Speed>3.1</Speed>
       </TPX>
      </Extensions>
     </Trackpoint>
     <Trackpoint>
      <Time>2026-08-18T10:32:15Z</Time>
      <Position>
       <LatitudeDegrees>5.2351630</LatitudeDegrees>
       <LongitudeDegrees>100.4342030</LongitudeDegrees>
      </Position>
      <AltitudeMeters>5.6</AltitudeMeters>
      <DistanceMeters>3038.4</DistanceMeters>
      <HeartRateBpm>
       <Value>162</Value>
      </HeartRateBpm>
      <Extensions>
       <TPX xmlns="http://www.garmin.com/xmlschemas/ActivityExtension/v2">
        <Speed>3.1</Speed>
       </TPX>
      </Extensions>
     </Trackpoint>
     <Trackpoint>
      <Time>2026-08-18T10:32:16Z</Time>
      <Position>
       <LatitudeDegrees>5.2351910</LatitudeDegrees>
       <LongitudeDegrees>100.4341950</LongitudeDegrees>
      </Position>
      <AltitudeMeters>5.6</AltitudeMeters>
      <DistanceMeters>3041.5</DistanceMeters>
      <HeartRateBpm>
       <Value>162</Value>
      </HeartRateBpm>
      <Extensions>
       <TPX xmlns="http://www.garmin.com/xmlschemas/ActivityExtension/v2">
        <Speed>3.1</Speed>
       </TPX>
      </Extensions>
     </Trackpoint>
     <Trackpoint>
      <Time>2026-08-18T10:32:17Z</Time>
      <Position>
       <LatitudeDegrees>5.2352190</LatitudeDegrees>
       <LongitudeDegrees>100.4341860</LongitudeDegrees>
      </Position>
      <AltitudeMeters>5.6</AltitudeMeters>
      <DistanceMeters>3044.9</DistanceMeters>
      <HeartRateBpm>
       <Value>162</Value>
      </HeartRateBpm>
      <Extensions>
       <TPX xmlns="http://www.garmin.com/xmlschemas/ActivityExtension/v2">
        <Speed>3.2</Speed>
       </TPX>
      </Extensions>
     </Trackpoint>
     <Trackpoint>
      <Time>2026-08-18T10:32:18Z</Time>
      <Position>
       <LatitudeDegrees>5.2352480</LatitudeDegrees>
       <LongitudeDegrees>100.4341770</LongitudeDegrees>
      </Position>
      <AltitudeMeters>5.6</AltitudeMeters>
      <DistanceMeters>3048.2</DistanceMeters>
      <HeartRateBpm>
       <Value>162</Value>
      </HeartRateBpm>
      <Extensions>
       <TPX xmlns="http://www.garmin.com/xmlschemas/ActivityExtension/v2">
        <Speed>3.2</Speed>
       </TPX>
      </Extensions>
     </Trackpoint>
     <Trackpoint>
      <Time>2026-08-18T10:32:19Z</Time>
      <Position>
       <LatitudeDegrees>5.2352790</LatitudeDegrees>
       <LongitudeDegrees>100.4341700</LongitudeDegrees>
      </Position>
      <AltitudeMeters>5.6</AltitudeMeters>
      <DistanceMeters>3051.7</DistanceMeters>
      <HeartRateBpm>
       <Value>162</Value>
      </HeartRateBpm>
      <Extensions>
       <TPX xmlns="http://www.garmin.com/xmlschemas/ActivityExtension/v2">
        <Speed>3.3</Speed>
       </TPX>
      </Extensions>
     </Trackpoint>
     <Trackpoint>
      <Time>2026-08-18T10:32:20Z</Time>
      <Position>
       <LatitudeDegrees>5.2353100</LatitudeDegrees>
       <LongitudeDegrees>100.4341660</LongitudeDegrees>
      </Position>
      <AltitudeMeters>5.6</AltitudeMeters>
      <DistanceMeters>3055.2</DistanceMeters>
      <HeartRateBpm>
       <Value>163</Value>
      </HeartRateBpm>
      <Extensions>
       <TPX xmlns="http://www.garmin.com/xmlschemas/ActivityExtension/v2">
        <Speed>3.4</Speed>
       </TPX>
      </Extensions>
     </Trackpoint>
     <Trackpoint>
      <Time>2026-08-18T10:32:21Z</Time>
      <Position>
       <LatitudeDegrees>5.2353370</LatitudeDegrees>
       <LongitudeDegrees>100.4341600</LongitudeDegrees>
      </Position>
      <AltitudeMeters>5.6</AltitudeMeters>
      <DistanceMeters>3058.3</DistanceMeters>
      <HeartRateBpm>
       <Value>162</Value>
      </HeartRateBpm>
      <Extensions>
       <TPX xmlns="http://www.garmin.com/xmlschemas/ActivityExtension/v2">
        <Speed>3.4</Speed>
       </TPX>
      </Extensions>
     </Trackpoint>
     <Trackpoint>
      <Time>2026-08-18T10:32:22Z</Time>
      <Position>
       <LatitudeDegrees>5.2353700</LatitudeDegrees>
       <LongitudeDegrees>100.4341500</LongitudeDegrees>
      </Position>
      <AltitudeMeters>5.6</AltitudeMeters>
      <DistanceMeters>3062.1</DistanceMeters>
      <HeartRateBpm>
       <Value>162</Value>
      </HeartRateBpm>
      <Extensions>
       <TPX xmlns="http://www.garmin.com/xmlschemas/ActivityExtension/v2">
        <Speed>3.4</Speed>
       </TPX>
      </Extensions>
     </Trackpoint>
     <Trackpoint>
      <Time>2026-08-18T10:32:23Z</Time>
      <Position>
       <LatitudeDegrees>5.2354020</LatitudeDegrees>
       <LongitudeDegrees>100.4341420</LongitudeDegrees>
      </Position>
      <AltitudeMeters>5.6</AltitudeMeters>
      <DistanceMeters>3065.8</DistanceMeters>
      <HeartRateBpm>
       <Value>162</Value>
      </HeartRateBpm>
      <Extensions>
       <TPX xmlns="http://www.garmin.com/xmlschemas/ActivityExtension/v2">
        <Speed>3.5</Speed>
       </TPX>
      </Extensions>
     </Trackpoint>
     <Trackpoint>
      <Time>2026-08-18T10:32:24Z</Time>
      <Position>
       <LatitudeDegrees>5.2354340</LatitudeDegrees>
       <LongitudeDegrees>100.4341340</LongitudeDegrees>
      </Position>
      <AltitudeMeters>5.6</AltitudeMeters>
      <DistanceMeters>3069.4</DistanceMeters>
      <HeartRateBpm>
       <Value>162</Value>
      </HeartRateBpm>
      <Extensions>
       <TPX xmlns="http://www.garmin.com/xmlschemas/ActivityExtension/v2">
        <Speed>3.5</Speed>
       </TPX>
      </Extensions>
     </Trackpoint>
     <Trackpoint>
      <Time>2026-08-18T10:32:25Z</Time>
      <Position>
       <LatitudeDegrees>5.2354750</LatitudeDegrees>
       <LongitudeDegrees>100.4341210</LongitudeDegrees>
      </Position>
      <AltitudeMeters>5.6</AltitudeMeters>
      <DistanceMeters>3074.3</DistanceMeters>
      <HeartRateBpm>
       <Value>162</Value>
      </HeartRateBpm>
      <Extensions>
       <TPX xmlns="http://www.garmin.com/xmlschemas/ActivityExtension/v2">
        <Speed>3.8</Speed>
       </TPX>
      </Extensions>
     </Trackpoint>
     <Trackpoint>
      <Time>2026-08-18T10:32:26Z</Time>
      <Position>
       <LatitudeDegrees>5.2354950</LatitudeDegrees>
       <LongitudeDegrees>100.4341180</LongitudeDegrees>
      </Position>
      <AltitudeMeters>5.6</AltitudeMeters>
      <DistanceMeters>3076.5</DistanceMeters>
      <HeartRateBpm>
       <Value>162</Value>
      </HeartRateBpm>
      <Extensions>
       <TPX xmlns="http://www.garmin.com/xmlschemas/ActivityExtension/v2">
        <Speed>3.6</Speed>
       </TPX>
      </Extensions>
     </Trackpoint>
     <Trackpoint>
      <Time>2026-08-18T10:32:27Z</Time>
      <Position>
       <LatitudeDegrees>5.2355240</LatitudeDegrees>
       <LongitudeDegrees>100.4341120</LongitudeDegrees>
      </Position>
      <AltitudeMeters>5.6</AltitudeMeters>
      <DistanceMeters>3079.8</DistanceMeters>
      <HeartRateBpm>
       <Value>163</Value>
      </HeartRateBpm>
      <Extensions>
       <TPX xmlns="http://www.garmin.com/xmlschemas/ActivityExtension/v2">
        <Speed>3.5</Speed>
       </TPX>
      </Extensions>
     </Trackpoint>
     <Trackpoint>
      <Time>2026-08-18T10:32:28Z</Time>
      <Position>
       <LatitudeDegrees>5.2355540</LatitudeDegrees>
       <LongitudeDegrees>100.4341040</LongitudeDegrees>
      </Position>
      <AltitudeMeters>5.6</AltitudeMeters>
      <DistanceMeters>3083.2</DistanceMeters>
      <HeartRateBpm>
       <Value>163</Value>
      </HeartRateBpm>
      <Extensions>
       <TPX xmlns="http://www.garmin.com/xmlschemas/ActivityExtension/v2">
        <Speed>3.5</Speed>
       </TPX>
      </Extensions>
     </Trackpoint>
     <Trackpoint>
      <Time>2026-08-18T10:32:29Z</Time>
      <Position>
       <LatitudeDegrees>5.2355810</LatitudeDegrees>
       <LongitudeDegrees>100.4340970</LongitudeDegrees>
      </Position>
      <AltitudeMeters>5.6</AltitudeMeters>
      <DistanceMeters>3086.3</DistanceMeters>
      <HeartRateBpm>
       <Value>163</Value>
      </HeartRateBpm>
      <Extensions>
       <TPX xmlns="http://www.garmin.com/xmlschemas/ActivityExtension/v2">
        <Speed>3.4</Speed>
       </TPX>
      </Extensions>
     </Trackpoint>
     <Trackpoint>
      <Time>2026-08-18T10:32:30Z</Time>
      <Position>
       <LatitudeDegrees>5.2356110</LatitudeDegrees>
       <LongitudeDegrees>100.4340880</LongitudeDegrees>
      </Position>
      <AltitudeMeters>5.6</AltitudeMeters>
      <DistanceMeters>3089.8</DistanceMeters>
      <HeartRateBpm>
       <Value>163</Value>
      </HeartRateBpm>
      <Extensions>
       <TPX xmlns="http://www.garmin.com/xmlschemas/ActivityExtension/v2">
        <Speed>3.1</Speed>
       </TPX>
      </Extensions>
     </Trackpoint>
     <Trackpoint>
      <Time>2026-08-18T10:32:31Z</Time>
      <Position>
       <LatitudeDegrees>5.2356430</LatitudeDegrees>
       <LongitudeDegrees>100.4340810</LongitudeDegrees>
      </Position>
      <AltitudeMeters>5.6</AltitudeMeters>
      <DistanceMeters>3093.4</DistanceMeters>
      <HeartRateBpm>
       <Value>163</Value>
      </HeartRateBpm>
      <Extensions>
       <TPX xmlns="http://www.garmin.com/xmlschemas/ActivityExtension/v2">
        <Speed>3.4</Speed>
       </TPX>
      </Extensions>
     </Trackpoint>
     <Trackpoint>
      <Time>2026-08-18T10:32:32Z</Time>
      <Position>
       <LatitudeDegrees>5.2356740</LatitudeDegrees>
       <LongitudeDegrees>100.4340740</LongitudeDegrees>
      </Position>
      <AltitudeMeters>5.6</AltitudeMeters>
      <DistanceMeters>3097.0</DistanceMeters>
      <HeartRateBpm>
       <Value>163</Value>
      </HeartRateBpm>
      <Extensions>
       <TPX xmlns="http://www.garmin.com/xmlschemas/ActivityExtension/v2">
        <Speed>3.4</Speed>
       </TPX>
      </Extensions>
     </Trackpoint>
     <Trackpoint>
      <Time>2026-08-18T10:32:33Z</Time>
      <Position>
       <LatitudeDegrees>5.2357050</LatitudeDegrees>
       <LongitudeDegrees>100.4340680</LongitudeDegrees>
      </Position>
      <AltitudeMeters>5.6</AltitudeMeters>
      <DistanceMeters>3100.5</DistanceMeters>
      <HeartRateBpm>
       <Value>163</Value>
      </HeartRateBpm>
      <Extensions>
       <TPX xmlns="http://www.garmin.com/xmlschemas/ActivityExtension/v2">
        <Speed>3.5</Speed>
       </TPX>
      </Extensions>
     </Trackpoint>
     <Trackpoint>
      <Time>2026-08-18T10:32:34Z</Time>
      <Position>
       <LatitudeDegrees>5.2357340</LatitudeDegrees>
       <LongitudeDegrees>100.4340620</LongitudeDegrees>
      </Position>
      <AltitudeMeters>5.6</AltitudeMeters>
      <DistanceMeters>3103.8</DistanceMeters>
      <HeartRateBpm>
       <Value>163</Value>
      </HeartRateBpm>
      <Extensions>
       <TPX xmlns="http://www.garmin.com/xmlschemas/ActivityExtension/v2">
        <Speed>3.5</Speed>
       </TPX>
      </Extensions>
     </Trackpoint>
     <Trackpoint>
      <Time>2026-08-18T10:32:35Z</Time>
      <Position>
       <LatitudeDegrees>5.2357630</LatitudeDegrees>
       <LongitudeDegrees>100.4340560</LongitudeDegrees>
      </Position>
      <AltitudeMeters>5.6</AltitudeMeters>
      <DistanceMeters>3107.0</DistanceMeters>
      <HeartRateBpm>
       <Value>164</Value>
      </HeartRateBpm>
      <Extensions>
       <TPX xmlns="http://www.garmin.com/xmlschemas/ActivityExtension/v2">
        <Speed>3.4</Speed>
       </TPX>
      </Extensions>
     </Trackpoint>
     <Trackpoint>
      <Time>2026-08-18T10:32:36Z</Time>
      <Position>
       <LatitudeDegrees>5.2357900</LatitudeDegrees>
       <LongitudeDegrees>100.4340500</LongitudeDegrees>
      </Position>
      <AltitudeMeters>5.6</AltitudeMeters>
      <DistanceMeters>3110.1</DistanceMeters>
      <HeartRateBpm>
       <Value>164</Value>
      </HeartRateBpm>
      <Extensions>
       <TPX xmlns="http://www.garmin.com/xmlschemas/ActivityExtension/v2">
        <Speed>3.3</Speed>
       </TPX>
      </Extensions>
     </Trackpoint>
     <Trackpoint>
      <Time>2026-08-18T10:32:37Z</Time>
      <Position>
       <LatitudeDegrees>5.2358200</LatitudeDegrees>
       <LongitudeDegrees>100.4340420</LongitudeDegrees>
      </Position>
      <AltitudeMeters>5.6</AltitudeMeters>
      <DistanceMeters>3113.6</DistanceMeters>
      <HeartRateBpm>
       <Value>164</Value>
      </HeartRateBpm>
      <Extensions>
       <TPX xmlns="http://www.garmin.com/xmlschemas/ActivityExtension/v2">
        <Speed>3.3</Speed>
       </TPX>
      </Extensions>
     </Trackpoint>
     <Trackpoint>
      <Time>2026-08-18T10:32:38Z</Time>
      <Position>
       <LatitudeDegrees>5.2358540</LatitudeDegrees>
       <LongitudeDegrees>100.4340340</LongitudeDegrees>
      </Position>
      <AltitudeMeters>5.6</AltitudeMeters>
      <DistanceMeters>3117.4</DistanceMeters>
      <HeartRateBpm>
       <Value>163</Value>
      </HeartRateBpm>
      <Extensions>
       <TPX xmlns="http://www.garmin.com/xmlschemas/ActivityExtension/v2">
        <Speed>3.4</Speed>
       </TPX>
      </Extensions>
     </Trackpoint>
     <Trackpoint>
      <Time>2026-08-18T10:32:39Z</Time>
      <Position>
       <LatitudeDegrees>5.2358830</LatitudeDegrees>
       <LongitudeDegrees>100.4340280</LongitudeDegrees>
      </Position>
      <AltitudeMeters>5.6</AltitudeMeters>
      <DistanceMeters>3120.8</DistanceMeters>
      <HeartRateBpm>
       <Value>163</Value>
      </HeartRateBpm>
      <Extensions>
       <TPX xmlns="http://www.garmin.com/xmlschemas/ActivityExtension/v2">
        <Speed>3.4</Speed>
       </TPX>
      </Extensions>
     </Trackpoint>
     <Trackpoint>
      <Time>2026-08-18T10:32:40Z</Time>
      <Position>
       <LatitudeDegrees>5.2359130</LatitudeDegrees>
       <LongitudeDegrees>100.4340250</LongitudeDegrees>
      </Position>
      <AltitudeMeters>5.6</AltitudeMeters>
      <DistanceMeters>3124.1</DistanceMeters>
      <HeartRateBpm>
       <Value>163</Value>
      </HeartRateBpm>
      <Extensions>
       <TPX xmlns="http://www.garmin.com/xmlschemas/ActivityExtension/v2">
        <Speed>3.4</Speed>
       </TPX>
      </Extensions>
     </Trackpoint>
     <Trackpoint>
      <Time>2026-08-18T10:32:41Z</Time>
      <Position>
       <LatitudeDegrees>5.2359440</LatitudeDegrees>
       <LongitudeDegrees>100.4340210</LongitudeDegrees>
      </Position>
      <AltitudeMeters>5.6</AltitudeMeters>
      <DistanceMeters>3127.6</DistanceMeters>
      <HeartRateBpm>
       <Value>163</Value>
      </HeartRateBpm>
      <Extensions>
       <TPX xmlns="http://www.garmin.com/xmlschemas/ActivityExtension/v2">
        <Speed>3.5</Speed>
       </TPX>
      </Extensions>
     </Trackpoint>
     <Trackpoint>
      <Time>2026-08-18T10:32:42Z</Time>
      <Position>
       <LatitudeDegrees>5.2359740</LatitudeDegrees>
       <LongitudeDegrees>100.4340150</LongitudeDegrees>
      </Position>
      <AltitudeMeters>5.6</AltitudeMeters>
      <DistanceMeters>3131.0</DistanceMeters>
      <HeartRateBpm>
       <Value>164</Value>
      </HeartRateBpm>
      <Extensions>
       <TPX xmlns="http://www.garmin.com/xmlschemas/ActivityExtension/v2">
        <Speed>3.5</Speed>
       </TPX>
      </Extensions>
     </Trackpoint>
     <Trackpoint>
      <Time>2026-08-18T10:32:43Z</Time>
      <Position>
       <LatitudeDegrees>5.2360060</LatitudeDegrees>
       <LongitudeDegrees>100.4340070</LongitudeDegrees>
      </Position>
      <AltitudeMeters>5.6</AltitudeMeters>
      <DistanceMeters>3134.7</DistanceMeters>
      <HeartRateBpm>
       <Value>164</Value>
      </HeartRateBpm>
      <Extensions>
       <TPX xmlns="http://www.garmin.com/xmlschemas/ActivityExtension/v2">
        <Speed>3.5</Speed>
       </TPX>
      </Extensions>
     </Trackpoint>
     <Trackpoint>
      <Time>2026-08-18T10:32:44Z</Time>
      <Position>
       <LatitudeDegrees>5.2360340</LatitudeDegrees>
       <LongitudeDegrees>100.4340000</LongitudeDegrees>
      </Position>
      <AltitudeMeters>5.6</AltitudeMeters>
      <DistanceMeters>3137.9</DistanceMeters>
      <HeartRateBpm>
       <Value>164</Value>
      </HeartRateBpm>
      <Extensions>
       <TPX xmlns="http://www.garmin.com/xmlschemas/ActivityExtension/v2">
        <Speed>3.4</Speed>
       </TPX>
      </Extensions>
     </Trackpoint>
     <Trackpoint>
      <Time>2026-08-18T10:32:45Z</Time>
      <Position>
       <LatitudeDegrees>5.2360820</LatitudeDegrees>
       <LongitudeDegrees>100.4339920</LongitudeDegrees>
      </Position>
      <AltitudeMeters>5.6</AltitudeMeters>
      <DistanceMeters>3143.3</DistanceMeters>
      <HeartRateBpm>
       <Value>163</Value>
      </HeartRateBpm>
      <Extensions>
       <TPX xmlns="http://www.garmin.com/xmlschemas/ActivityExtension/v2">
        <Speed>3.8</Speed>
       </TPX>
      </Extensions>
     </Trackpoint>
     <Trackpoint>
      <Time>2026-08-18T10:32:46Z</Time>
      <Position>
       <LatitudeDegrees>5.2361040</LatitudeDegrees>
       <LongitudeDegrees>100.4339880</LongitudeDegrees>
      </Position>
      <AltitudeMeters>5.6</AltitudeMeters>
      <DistanceMeters>3145.8</DistanceMeters>
      <HeartRateBpm>
       <Value>163</Value>
      </HeartRateBpm>
      <Extensions>
       <TPX xmlns="http://www.garmin.com/xmlschemas/ActivityExtension/v2">
        <Speed>3.6</Speed>
       </TPX>
      </Extensions>
     </Trackpoint>
     <Trackpoint>
      <Time>2026-08-18T10:32:47Z</Time>
      <Position>
       <LatitudeDegrees>5.2361340</LatitudeDegrees>
       <LongitudeDegrees>100.4339830</LongitudeDegrees>
      </Position>
      <AltitudeMeters>5.6</AltitudeMeters>
      <DistanceMeters>3149.2</DistanceMeters>
      <HeartRateBpm>
       <Value>163</Value>
      </HeartRateBpm>
      <Extensions>
       <TPX xmlns="http://www.garmin.com/xmlschemas/ActivityExtension/v2">
        <Speed>3.6</Speed>
       </TPX>
      </Extensions>
     </Trackpoint>
     <Trackpoint>
      <Time>2026-08-18T10:32:48Z</Time>
      <Position>
       <LatitudeDegrees>5.2361660</LatitudeDegrees>
       <LongitudeDegrees>100.4339760</LongitudeDegrees>
      </Position>
      <AltitudeMeters>5.6</AltitudeMeters>
      <DistanceMeters>3152.8</DistanceMeters>
      <HeartRateBpm>
       <Value>163</Value>
      </HeartRateBpm>
      <Extensions>
       <TPX xmlns="http://www.garmin.com/xmlschemas/ActivityExtension/v2">
        <Speed>3.6</Speed>
       </TPX>
      </Extensions>
     </Trackpoint>
     <Trackpoint>
      <Time>2026-08-18T10:32:49Z</Time>
      <Position>
       <LatitudeDegrees>5.2361960</LatitudeDegrees>
       <LongitudeDegrees>100.4339690</LongitudeDegrees>
      </Position>
      <AltitudeMeters>5.6</AltitudeMeters>
      <DistanceMeters>3156.3</DistanceMeters>
      <HeartRateBpm>
       <Value>164</Value>
      </HeartRateBpm>
      <Extensions>
       <TPX xmlns="http://www.garmin.com/xmlschemas/ActivityExtension/v2">
        <Speed>3.7</Speed>
       </TPX>
      </Extensions>
     </Trackpoint>
     <Trackpoint>
      <Time>2026-08-18T10:32:50Z</Time>
      <Position>
       <LatitudeDegrees>5.2362270</LatitudeDegrees>
       <LongitudeDegrees>100.4339590</LongitudeDegrees>
      </Position>
      <AltitudeMeters>5.6</AltitudeMeters>
      <DistanceMeters>3159.9</DistanceMeters>
      <HeartRateBpm>
       <Value>163</Value>
      </HeartRateBpm>
      <Extensions>
       <TPX xmlns="http://www.garmin.com/xmlschemas/ActivityExtension/v2">
        <Speed>3.3</Speed>
       </TPX>
      </Extensions>
     </Trackpoint>
     <Trackpoint>
      <Time>2026-08-18T10:32:51Z</Time>
      <Position>
       <LatitudeDegrees>5.2362580</LatitudeDegrees>
       <LongitudeDegrees>100.4339510</LongitudeDegrees>
      </Position>
      <AltitudeMeters>5.6</AltitudeMeters>
      <DistanceMeters>3163.4</DistanceMeters>
      <HeartRateBpm>
       <Value>163</Value>
      </HeartRateBpm>
      <Extensions>
       <TPX xmlns="http://www.garmin.com/xmlschemas/ActivityExtension/v2">
        <Speed>3.5</Speed>
       </TPX>
      </Extensions>
     </Trackpoint>
     <Trackpoint>
      <Time>2026-08-18T10:32:52Z</Time>
      <Position>
       <LatitudeDegrees>5.2362890</LatitudeDegrees>
       <LongitudeDegrees>100.4339430</LongitudeDegrees>
      </Position>
      <AltitudeMeters>5.6</AltitudeMeters>
      <DistanceMeters>3166.9</DistanceMeters>
      <HeartRateBpm>
       <Value>162</Value>
      </HeartRateBpm>
      <Extensions>
       <TPX xmlns="http://www.garmin.com/xmlschemas/ActivityExtension/v2">
        <Speed>3.5</Speed>
       </TPX>
      </Extensions>
     </Trackpoint>
     <Trackpoint>
      <Time>2026-08-18T10:32:53Z</Time>
      <Position>
       <LatitudeDegrees>5.2363180</LatitudeDegrees>
       <LongitudeDegrees>100.4339340</LongitudeDegrees>
      </Position>
      <AltitudeMeters>5.6</AltitudeMeters>
      <DistanceMeters>3170.4</DistanceMeters>
      <HeartRateBpm>
       <Value>162</Value>
      </HeartRateBpm>
      <Extensions>
       <TPX xmlns="http://www.garmin.com/xmlschemas/ActivityExtension/v2">
        <Speed>3.5</Speed>
       </TPX>
      </Extensions>
     </Trackpoint>
     <Trackpoint>
      <Time>2026-08-18T10:32:54Z</Time>
      <Position>
       <LatitudeDegrees>5.2363450</LatitudeDegrees>
       <LongitudeDegrees>100.4339260</LongitudeDegrees>
      </Position>
      <AltitudeMeters>5.6</AltitudeMeters>
      <DistanceMeters>3173.5</DistanceMeters>
      <HeartRateBpm>
       <Value>162</Value>
      </HeartRateBpm>
      <Extensions>
       <TPX xmlns="http://www.garmin.com/xmlschemas/ActivityExtension/v2">
        <Speed>3.4</Speed>
       </TPX>
      </Extensions>
     </Trackpoint>
     <Trackpoint>
      <Time>2026-08-18T10:32:55Z</Time>
      <Position>
       <LatitudeDegrees>5.2363770</LatitudeDegrees>
       <LongitudeDegrees>100.4339150</LongitudeDegrees>
      </Position>
      <AltitudeMeters>5.6</AltitudeMeters>
      <DistanceMeters>3177.2</DistanceMeters>
      <HeartRateBpm>
       <Value>162</Value>
      </HeartRateBpm>
      <Extensions>
       <TPX xmlns="http://www.garmin.com/xmlschemas/ActivityExtension/v2">
        <Speed>3.5</Speed>
       </TPX>
      </Extensions>
     </Trackpoint>
     <Trackpoint>
      <Time>2026-08-18T10:32:56Z</Time>
      <Position>
       <LatitudeDegrees>5.2364080</LatitudeDegrees>
       <LongitudeDegrees>100.4339040</LongitudeDegrees>
      </Position>
      <AltitudeMeters>5.6</AltitudeMeters>
      <DistanceMeters>3180.9</DistanceMeters>
      <HeartRateBpm>
       <Value>161</Value>
      </HeartRateBpm>
      <Extensions>
       <TPX xmlns="http://www.garmin.com/xmlschemas/ActivityExtension/v2">
        <Speed>3.5</Speed>
       </TPX>
      </Extensions>
     </Trackpoint>
     <Trackpoint>
      <Time>2026-08-18T10:32:57Z</Time>
      <Position>
       <LatitudeDegrees>5.2364380</LatitudeDegrees>
       <LongitudeDegrees>100.4338920</LongitudeDegrees>
      </Position>
      <AltitudeMeters>5.6</AltitudeMeters>
      <DistanceMeters>3184.5</DistanceMeters>
      <HeartRateBpm>
       <Value>162</Value>
      </HeartRateBpm>
      <Extensions>
       <TPX xmlns="http://www.garmin.com/xmlschemas/ActivityExtension/v2">
        <Speed>3.5</Speed>
       </TPX>
      </Extensions>
     </Trackpoint>
     <Trackpoint>
      <Time>2026-08-18T10:32:58Z</Time>
      <Position>
       <LatitudeDegrees>5.2364700</LatitudeDegrees>
       <LongitudeDegrees>100.4338870</LongitudeDegrees>
      </Position>
      <AltitudeMeters>5.6</AltitudeMeters>
      <DistanceMeters>3188.1</DistanceMeters>
      <HeartRateBpm>
       <Value>162</Value>
      </HeartRateBpm>
      <Extensions>
       <TPX xmlns="http://www.garmin.com/xmlschemas/ActivityExtension/v2">
        <Speed>3.5</Speed>
       </TPX>
      </Extensions>
     </Trackpoint>
     <Trackpoint>
      <Time>2026-08-18T10:32:59Z</Time>
      <Position>
       <LatitudeDegrees>5.2365030</LatitudeDegrees>
       <LongitudeDegrees>100.4338900</LongitudeDegrees>
      </Position>
      <AltitudeMeters>5.6</AltitudeMeters>
      <DistanceMeters>3191.7</DistanceMeters>
      <HeartRateBpm>
       <Value>162</Value>
      </HeartRateBpm>
      <Extensions>
       <TPX xmlns="http://www.garmin.com/xmlschemas/ActivityExtension/v2">
        <Speed>3.6</Speed>
       </TPX>
      </Extensions>
     </Trackpoint>
     <Trackpoint>
      <Time>2026-08-18T10:33:00Z</Time>
      <Position>
       <LatitudeDegrees>5.2365320</LatitudeDegrees>
       <LongitudeDegrees>100.4338950</LongitudeDegrees>
      </Position>
      <AltitudeMeters>5.6</AltitudeMeters>
      <DistanceMeters>3195.1</DistanceMeters>
      <HeartRateBpm>
       <Value>162</Value>
      </HeartRateBpm>
      <Extensions>
       <TPX xmlns="http://www.garmin.com/xmlschemas/ActivityExtension/v2">
        <Speed>3.6</Speed>
       </TPX>
      </Extensions>
     </Trackpoint>
     <Trackpoint>
      <Time>2026-08-18T10:33:01Z</Time>
      <Position>
       <LatitudeDegrees>5.2365590</LatitudeDegrees>
       <LongitudeDegrees>100.4339040</LongitudeDegrees>
      </Position>
      <AltitudeMeters>5.6</AltitudeMeters>
      <DistanceMeters>3198.1</DistanceMeters>
      <HeartRateBpm>
       <Value>162</Value>
      </HeartRateBpm>
      <Extensions>
       <TPX xmlns="http://www.garmin.com/xmlschemas/ActivityExtension/v2">
        <Speed>3.4</Speed>
       </TPX>
      </Extensions>
     </Trackpoint>
     <Trackpoint>
      <Time>2026-08-18T10:33:02Z</Time>
      <Position>
       <LatitudeDegrees>5.2365860</LatitudeDegrees>
       <LongitudeDegrees>100.4339180</LongitudeDegrees>
      </Position>
      <AltitudeMeters>5.6</AltitudeMeters>
      <DistanceMeters>3201.6</DistanceMeters>
      <HeartRateBpm>
       <Value>162</Value>
      </HeartRateBpm>
      <Extensions>
       <TPX xmlns="http://www.garmin.com/xmlschemas/ActivityExtension/v2">
        <Speed>3.4</Speed>
       </TPX>
      </Extensions>
     </Trackpoint>
     <Trackpoint>
      <Time>2026-08-18T10:33:03Z</Time>
      <Position>
       <LatitudeDegrees>5.2366100</LatitudeDegrees>
       <LongitudeDegrees>100.4339400</LongitudeDegrees>
      </Position>
      <AltitudeMeters>5.6</AltitudeMeters>
      <DistanceMeters>3205.2</DistanceMeters>
      <HeartRateBpm>
       <Value>162</Value>
      </HeartRateBpm>
      <Extensions>
       <TPX xmlns="http://www.garmin.com/xmlschemas/ActivityExtension/v2">
        <Speed>3.4</Speed>
       </TPX>
      </Extensions>
     </Trackpoint>
     <Trackpoint>
      <Time>2026-08-18T10:33:04Z</Time>
      <Position>
       <LatitudeDegrees>5.2366310</LatitudeDegrees>
       <LongitudeDegrees>100.4339630</LongitudeDegrees>
      </Position>
      <AltitudeMeters>5.6</AltitudeMeters>
      <DistanceMeters>3208.6</DistanceMeters>
      <HeartRateBpm>
       <Value>162</Value>
      </HeartRateBpm>
      <Extensions>
       <TPX xmlns="http://www.garmin.com/xmlschemas/ActivityExtension/v2">
        <Speed>3.4</Speed>
       </TPX>
      </Extensions>
     </Trackpoint>
     <Trackpoint>
      <Time>2026-08-18T10:33:05Z</Time>
      <Position>
       <LatitudeDegrees>5.2366520</LatitudeDegrees>
       <LongitudeDegrees>100.4339870</LongitudeDegrees>
      </Position>
      <AltitudeMeters>5.7</AltitudeMeters>
      <DistanceMeters>3212.2</DistanceMeters>
      <HeartRateBpm>
       <Value>162</Value>
      </HeartRateBpm>
      <Extensions>
       <TPX xmlns="http://www.garmin.com/xmlschemas/ActivityExtension/v2">
        <Speed>3.4</Speed>
       </TPX>
      </Extensions>
     </Trackpoint>
     <Trackpoint>
      <Time>2026-08-18T10:33:06Z</Time>
      <Position>
       <LatitudeDegrees>5.2366740</LatitudeDegrees>
       <LongitudeDegrees>100.4340110</LongitudeDegrees>
      </Position>
      <AltitudeMeters>5.7</AltitudeMeters>
      <DistanceMeters>3215.8</DistanceMeters>
      <HeartRateBpm>
       <Value>162</Value>
      </HeartRateBpm>
      <Extensions>
       <TPX xmlns="http://www.garmin.com/xmlschemas/ActivityExtension/v2">
        <Speed>3.5</Speed>
       </TPX>
      </Extensions>
     </Trackpoint>
     <Trackpoint>
      <Time>2026-08-18T10:33:07Z</Time>
      <Position>
       <LatitudeDegrees>5.2366950</LatitudeDegrees>
       <LongitudeDegrees>100.4340340</LongitudeDegrees>
      </Position>
      <AltitudeMeters>5.7</AltitudeMeters>
      <DistanceMeters>3219.3</DistanceMeters>
      <HeartRateBpm>
       <Value>162</Value>
      </HeartRateBpm>
      <Extensions>
       <TPX xmlns="http://www.garmin.com/xmlschemas/ActivityExtension/v2">
        <Speed>3.5</Speed>
       </TPX>
      </Extensions>
     </Trackpoint>
     <Trackpoint>
      <Time>2026-08-18T10:33:08Z</Time>
      <Position>
       <LatitudeDegrees>5.2367100</LatitudeDegrees>
       <LongitudeDegrees>100.4340570</LongitudeDegrees>
      </Position>
      <AltitudeMeters>5.7</AltitudeMeters>
      <DistanceMeters>3222.3</DistanceMeters>
      <HeartRateBpm>
       <Value>162</Value>
      </HeartRateBpm>
      <Extensions>
       <TPX xmlns="http://www.garmin.com/xmlschemas/ActivityExtension/v2">
        <Speed>3.4</Speed>
       </TPX>
      </Extensions>
     </Trackpoint>
     <Trackpoint>
      <Time>2026-08-18T10:33:09Z</Time>
      <Position>
       <LatitudeDegrees>5.2367190</LatitudeDegrees>
       <LongitudeDegrees>100.4340820</LongitudeDegrees>
      </Position>
      <AltitudeMeters>5.7</AltitudeMeters>
      <DistanceMeters>3225.2</DistanceMeters>
      <HeartRateBpm>
       <Value>162</Value>
      </HeartRateBpm>
      <Extensions>
       <TPX xmlns="http://www.garmin.com/xmlschemas/ActivityExtension/v2">
        <Speed>3.3</Speed>
       </TPX>
      </Extensions>
     </Trackpoint>
     <Trackpoint>
      <Time>2026-08-18T10:33:10Z</Time>
      <Position>
       <LatitudeDegrees>5.2367240</LatitudeDegrees>
       <LongitudeDegrees>100.4341090</LongitudeDegrees>
      </Position>
      <AltitudeMeters>5.7</AltitudeMeters>
      <DistanceMeters>3228.2</DistanceMeters>
      <HeartRateBpm>
       <Value>161</Value>
      </HeartRateBpm>
      <Extensions>
       <TPX xmlns="http://www.garmin.com/xmlschemas/ActivityExtension/v2">
        <Speed>3.2</Speed>
       </TPX>
      </Extensions>
     </Trackpoint>
     <Trackpoint>
      <Time>2026-08-18T10:33:11Z</Time>
      <Position>
       <LatitudeDegrees>5.2367260</LatitudeDegrees>
       <LongitudeDegrees>100.4341350</LongitudeDegrees>
      </Position>
      <AltitudeMeters>5.7</AltitudeMeters>
      <DistanceMeters>3231.1</DistanceMeters>
      <HeartRateBpm>
       <Value>162</Value>
      </HeartRateBpm>
      <Extensions>
       <TPX xmlns="http://www.garmin.com/xmlschemas/ActivityExtension/v2">
        <Speed>3.1</Speed>
       </TPX>
      </Extensions>
     </Trackpoint>
     <Trackpoint>
      <Time>2026-08-18T10:33:12Z</Time>
      <Position>
       <LatitudeDegrees>5.2367260</LatitudeDegrees>
       <LongitudeDegrees>100.4341630</LongitudeDegrees>
      </Position>
      <AltitudeMeters>5.7</AltitudeMeters>
      <DistanceMeters>3234.2</DistanceMeters>
      <HeartRateBpm>
       <Value>162</Value>
      </HeartRateBpm>
      <Extensions>
       <TPX xmlns="http://www.garmin.com/xmlschemas/ActivityExtension/v2">
        <Speed>3.0</Speed>
       </TPX>
      </Extensions>
     </Trackpoint>
     <Trackpoint>
      <Time>2026-08-18T10:33:13Z</Time>
      <Position>
       <LatitudeDegrees>5.2367270</LatitudeDegrees>
       <LongitudeDegrees>100.4341910</LongitudeDegrees>
      </Position>
      <AltitudeMeters>5.7</AltitudeMeters>
      <DistanceMeters>3237.4</DistanceMeters>
      <HeartRateBpm>
       <Value>162</Value>
      </HeartRateBpm>
      <Extensions>
       <TPX xmlns="http://www.garmin.com/xmlschemas/ActivityExtension/v2">
        <Speed>3.0</Speed>
       </TPX>
      </Extensions>
     </Trackpoint>
     <Trackpoint>
      <Time>2026-08-18T10:33:14Z</Time>
      <Position>
       <LatitudeDegrees>5.2367260</LatitudeDegrees>
       <LongitudeDegrees>100.4342220</LongitudeDegrees>
      </Position>
      <AltitudeMeters>5.7</AltitudeMeters>
      <DistanceMeters>3240.7</DistanceMeters>
      <HeartRateBpm>
       <Value>162</Value>
      </HeartRateBpm>
      <Extensions>
       <TPX xmlns="http://www.garmin.com/xmlschemas/ActivityExtension/v2">
        <Speed>3.1</Speed>
       </TPX>
      </Extensions>
     </Trackpoint>
     <Trackpoint>
      <Time>2026-08-18T10:33:15Z</Time>
      <Position>
       <LatitudeDegrees>5.2367250</LatitudeDegrees>
       <LongitudeDegrees>100.4342500</LongitudeDegrees>
      </Position>
      <AltitudeMeters>5.7</AltitudeMeters>
      <DistanceMeters>3243.8</DistanceMeters>
      <HeartRateBpm>
       <Value>162</Value>
      </HeartRateBpm>
      <Extensions>
       <TPX xmlns="http://www.garmin.com/xmlschemas/ActivityExtension/v2">
        <Speed>3.1</Speed>
       </TPX>
      </Extensions>
     </Trackpoint>
     <Trackpoint>
      <Time>2026-08-18T10:33:16Z</Time>
      <Position>
       <LatitudeDegrees>5.2367290</LatitudeDegrees>
       <LongitudeDegrees>100.4342860</LongitudeDegrees>
      </Position>
      <AltitudeMeters>5.7</AltitudeMeters>
      <DistanceMeters>3247.9</DistanceMeters>
      <HeartRateBpm>
       <Value>162</Value>
      </HeartRateBpm>
      <Extensions>
       <TPX xmlns="http://www.garmin.com/xmlschemas/ActivityExtension/v2">
        <Speed>3.4</Speed>
       </TPX>
      </Extensions>
     </Trackpoint>
     <Trackpoint>
      <Time>2026-08-18T10:33:17Z</Time>
      <Position>
       <LatitudeDegrees>5.2367370</LatitudeDegrees>
       <LongitudeDegrees>100.4343230</LongitudeDegrees>
      </Position>
      <AltitudeMeters>5.7</AltitudeMeters>
      <DistanceMeters>3252.1</DistanceMeters>
      <HeartRateBpm>
       <Value>162</Value>
      </HeartRateBpm>
      <Extensions>
       <TPX xmlns="http://www.garmin.com/xmlschemas/ActivityExtension/v2">
        <Speed>3.6</Speed>
       </TPX>
      </Extensions>
     </Trackpoint>
     <Trackpoint>
      <Time>2026-08-18T10:33:18Z</Time>
      <Position>
       <LatitudeDegrees>5.2367510</LatitudeDegrees>
       <LongitudeDegrees>100.4343580</LongitudeDegrees>
      </Position>
      <AltitudeMeters>5.7</AltitudeMeters>
      <DistanceMeters>3256.3</DistanceMeters>
      <HeartRateBpm>
       <Value>162</Value>
      </HeartRateBpm>
      <Extensions>
       <TPX xmlns="http://www.garmin.com/xmlschemas/ActivityExtension/v2">
        <Speed>3.8</Speed>
       </TPX>
      </Extensions>
     </Trackpoint>
     <Trackpoint>
      <Time>2026-08-18T10:33:19Z</Time>
      <Position>
       <LatitudeDegrees>5.2367600</LatitudeDegrees>
       <LongitudeDegrees>100.4343950</LongitudeDegrees>
      </Position>
      <AltitudeMeters>5.7</AltitudeMeters>
      <DistanceMeters>3260.4</DistanceMeters>
      <HeartRateBpm>
       <Value>162</Value>
      </HeartRateBpm>
      <Extensions>
       <TPX xmlns="http://www.garmin.com/xmlschemas/ActivityExtension/v2">
        <Speed>3.9</Speed>
       </TPX>
      </Extensions>
     </Trackpoint>
     <Trackpoint>
      <Time>2026-08-18T10:33:20Z</Time>
      <Position>
       <LatitudeDegrees>5.2367680</LatitudeDegrees>
       <LongitudeDegrees>100.4344260</LongitudeDegrees>
      </Position>
      <AltitudeMeters>5.7</AltitudeMeters>
      <DistanceMeters>3264.0</DistanceMeters>
      <HeartRateBpm>
       <Value>163</Value>
      </HeartRateBpm>
      <Extensions>
       <TPX xmlns="http://www.garmin.com/xmlschemas/ActivityExtension/v2">
        <Speed>4.0</Speed>
       </TPX>
      </Extensions>
     </Trackpoint>
     <Trackpoint>
      <Time>2026-08-18T10:33:21Z</Time>
      <Position>
       <LatitudeDegrees>5.2367770</LatitudeDegrees>
       <LongitudeDegrees>100.4344580</LongitudeDegrees>
      </Position>
      <AltitudeMeters>5.7</AltitudeMeters>
      <DistanceMeters>3267.7</DistanceMeters>
      <HeartRateBpm>
       <Value>163</Value>
      </HeartRateBpm>
      <Extensions>
       <TPX xmlns="http://www.garmin.com/xmlschemas/ActivityExtension/v2">
        <Speed>4.0</Speed>
       </TPX>
      </Extensions>
     </Trackpoint>
     <Trackpoint>
      <Time>2026-08-18T10:33:22Z</Time>
      <Position>
       <LatitudeDegrees>5.2367850</LatitudeDegrees>
       <LongitudeDegrees>100.4344900</LongitudeDegrees>
      </Position>
      <AltitudeMeters>5.7</AltitudeMeters>
      <DistanceMeters>3271.4</DistanceMeters>
      <HeartRateBpm>
       <Value>163</Value>
      </HeartRateBpm>
      <Extensions>
       <TPX xmlns="http://www.garmin.com/xmlschemas/ActivityExtension/v2">
        <Speed>3.9</Speed>
       </TPX>
      </Extensions>
     </Trackpoint>
     <Trackpoint>
      <Time>2026-08-18T10:33:23Z</Time>
      <Position>
       <LatitudeDegrees>5.2367910</LatitudeDegrees>
       <LongitudeDegrees>100.4345230</LongitudeDegrees>
      </Position>
      <AltitudeMeters>5.7</AltitudeMeters>
      <DistanceMeters>3275.0</DistanceMeters>
      <HeartRateBpm>
       <Value>163</Value>
      </HeartRateBpm>
      <Extensions>
       <TPX xmlns="http://www.garmin.com/xmlschemas/ActivityExtension/v2">
        <Speed>3.7</Speed>
       </TPX>
      </Extensions>
     </Trackpoint>
     <Trackpoint>
      <Time>2026-08-18T10:33:24Z</Time>
      <Position>
       <LatitudeDegrees>5.2367960</LatitudeDegrees>
       <LongitudeDegrees>100.4345510</LongitudeDegrees>
      </Position>
      <AltitudeMeters>5.7</AltitudeMeters>
      <DistanceMeters>3278.2</DistanceMeters>
      <HeartRateBpm>
       <Value>163</Value>
      </HeartRateBpm>
      <Extensions>
       <TPX xmlns="http://www.garmin.com/xmlschemas/ActivityExtension/v2">
        <Speed>3.6</Speed>
       </TPX>
      </Extensions>
     </Trackpoint>
     <Trackpoint>
      <Time>2026-08-18T10:33:25Z</Time>
      <Position>
       <LatitudeDegrees>5.2368000</LatitudeDegrees>
       <LongitudeDegrees>100.4345850</LongitudeDegrees>
      </Position>
      <AltitudeMeters>5.7</AltitudeMeters>
      <DistanceMeters>3282.0</DistanceMeters>
      <HeartRateBpm>
       <Value>164</Value>
      </HeartRateBpm>
      <Extensions>
       <TPX xmlns="http://www.garmin.com/xmlschemas/ActivityExtension/v2">
        <Speed>3.6</Speed>
       </TPX>
      </Extensions>
     </Trackpoint>
     <Trackpoint>
      <Time>2026-08-18T10:33:26Z</Time>
      <Position>
       <LatitudeDegrees>5.2368010</LatitudeDegrees>
       <LongitudeDegrees>100.4346220</LongitudeDegrees>
      </Position>
      <AltitudeMeters>5.7</AltitudeMeters>
      <DistanceMeters>3286.1</DistanceMeters>
      <HeartRateBpm>
       <Value>164</Value>
      </HeartRateBpm>
      <Extensions>
       <TPX xmlns="http://www.garmin.com/xmlschemas/ActivityExtension/v2">
        <Speed>3.7</Speed>
       </TPX>
      </Extensions>
     </Trackpoint>
     <Trackpoint>
      <Time>2026-08-18T10:33:27Z</Time>
      <Position>
       <LatitudeDegrees>5.2368070</LatitudeDegrees>
       <LongitudeDegrees>100.4346510</LongitudeDegrees>
      </Position>
      <AltitudeMeters>5.7</AltitudeMeters>
      <DistanceMeters>3289.4</DistanceMeters>
      <HeartRateBpm>
       <Value>164</Value>
      </HeartRateBpm>
      <Extensions>
       <TPX xmlns="http://www.garmin.com/xmlschemas/ActivityExtension/v2">
        <Speed>3.6</Speed>
       </TPX>
      </Extensions>
     </Trackpoint>
     <Trackpoint>
      <Time>2026-08-18T10:33:28Z</Time>
      <Position>
       <LatitudeDegrees>5.2368160</LatitudeDegrees>
       <LongitudeDegrees>100.4346810</LongitudeDegrees>
      </Position>
      <AltitudeMeters>5.7</AltitudeMeters>
      <DistanceMeters>3292.8</DistanceMeters>
      <HeartRateBpm>
       <Value>164</Value>
      </HeartRateBpm>
      <Extensions>
       <TPX xmlns="http://www.garmin.com/xmlschemas/ActivityExtension/v2">
        <Speed>3.6</Speed>
       </TPX>
      </Extensions>
     </Trackpoint>
     <Trackpoint>
      <Time>2026-08-18T10:33:29Z</Time>
      <Position>
       <LatitudeDegrees>5.2368270</LatitudeDegrees>
       <LongitudeDegrees>100.4347110</LongitudeDegrees>
      </Position>
      <AltitudeMeters>5.7</AltitudeMeters>
      <DistanceMeters>3296.4</DistanceMeters>
      <HeartRateBpm>
       <Value>164</Value>
      </HeartRateBpm>
      <Extensions>
       <TPX xmlns="http://www.garmin.com/xmlschemas/ActivityExtension/v2">
        <Speed>3.6</Speed>
       </TPX>
      </Extensions>
     </Trackpoint>
     <Trackpoint>
      <Time>2026-08-18T10:33:30Z</Time>
      <Position>
       <LatitudeDegrees>5.2368380</LatitudeDegrees>
       <LongitudeDegrees>100.4347400</LongitudeDegrees>
      </Position>
      <AltitudeMeters>5.8</AltitudeMeters>
      <DistanceMeters>3299.9</DistanceMeters>
      <HeartRateBpm>
       <Value>164</Value>
      </HeartRateBpm>
      <Extensions>
       <TPX xmlns="http://www.garmin.com/xmlschemas/ActivityExtension/v2">
        <Speed>3.6</Speed>
       </TPX>
      </Extensions>
     </Trackpoint>
     <Trackpoint>
      <Time>2026-08-18T10:33:31Z</Time>
      <Position>
       <LatitudeDegrees>5.2368500</LatitudeDegrees>
       <LongitudeDegrees>100.4347680</LongitudeDegrees>
      </Position>
      <AltitudeMeters>5.8</AltitudeMeters>
      <DistanceMeters>3303.2</DistanceMeters>
      <HeartRateBpm>
       <Value>164</Value>
      </HeartRateBpm>
      <Extensions>
       <TPX xmlns="http://www.garmin.com/xmlschemas/ActivityExtension/v2">
        <Speed>3.4</Speed>
       </TPX>
      </Extensions>
     </Trackpoint>
     <Trackpoint>
      <Time>2026-08-18T10:33:32Z</Time>
      <Position>
       <LatitudeDegrees>5.2368600</LatitudeDegrees>
       <LongitudeDegrees>100.4347970</LongitudeDegrees>
      </Position>
      <AltitudeMeters>5.8</AltitudeMeters>
      <DistanceMeters>3306.6</DistanceMeters>
      <HeartRateBpm>
       <Value>164</Value>
      </HeartRateBpm>
      <Extensions>
       <TPX xmlns="http://www.garmin.com/xmlschemas/ActivityExtension/v2">
        <Speed>3.4</Speed>
       </TPX>
      </Extensions>
     </Trackpoint>
     <Trackpoint>
      <Time>2026-08-18T10:33:33Z</Time>
      <Position>
       <LatitudeDegrees>5.2368680</LatitudeDegrees>
       <LongitudeDegrees>100.4348250</LongitudeDegrees>
      </Position>
      <AltitudeMeters>5.8</AltitudeMeters>
      <DistanceMeters>3309.8</DistanceMeters>
      <HeartRateBpm>
       <Value>164</Value>
      </HeartRateBpm>
      <Extensions>
       <TPX xmlns="http://www.garmin.com/xmlschemas/ActivityExtension/v2">
        <Speed>3.4</Speed>
       </TPX>
      </Extensions>
     </Trackpoint>
     <Trackpoint>
      <Time>2026-08-18T10:33:34Z</Time>
      <Position>
       <LatitudeDegrees>5.2368780</LatitudeDegrees>
       <LongitudeDegrees>100.4348550</LongitudeDegrees>
      </Position>
      <AltitudeMeters>5.8</AltitudeMeters>
      <DistanceMeters>3313.3</DistanceMeters>
      <HeartRateBpm>
       <Value>164</Value>
      </HeartRateBpm>
      <Extensions>
       <TPX xmlns="http://www.garmin.com/xmlschemas/ActivityExtension/v2">
        <Speed>3.4</Speed>
       </TPX>
      </Extensions>
     </Trackpoint>
     <Trackpoint>
      <Time>2026-08-18T10:33:35Z</Time>
      <Position>
       <LatitudeDegrees>5.2368850</LatitudeDegrees>
       <LongitudeDegrees>100.4348860</LongitudeDegrees>
      </Position>
      <AltitudeMeters>5.8</AltitudeMeters>
      <DistanceMeters>3316.9</DistanceMeters>
      <HeartRateBpm>
       <Value>165</Value>
      </HeartRateBpm>
      <Extensions>
       <TPX xmlns="http://www.garmin.com/xmlschemas/ActivityExtension/v2">
        <Speed>3.4</Speed>
       </TPX>
      </Extensions>
     </Trackpoint>
     <Trackpoint>
      <Time>2026-08-18T10:33:36Z</Time>
      <Position>
       <LatitudeDegrees>5.2368930</LatitudeDegrees>
       <LongitudeDegrees>100.4349170</LongitudeDegrees>
      </Position>
      <AltitudeMeters>5.8</AltitudeMeters>
      <DistanceMeters>3320.4</DistanceMeters>
      <HeartRateBpm>
       <Value>164</Value>
      </HeartRateBpm>
      <Extensions>
       <TPX xmlns="http://www.garmin.com/xmlschemas/ActivityExtension/v2">
        <Speed>3.4</Speed>
       </TPX>
      </Extensions>
     </Trackpoint>
     <Trackpoint>
      <Time>2026-08-18T10:33:37Z</Time>
      <Position>
       <LatitudeDegrees>5.2369030</LatitudeDegrees>
       <LongitudeDegrees>100.4349510</LongitudeDegrees>
      </Position>
      <AltitudeMeters>5.8</AltitudeMeters>
      <DistanceMeters>3324.3</DistanceMeters>
      <HeartRateBpm>
       <Value>164</Value>
      </HeartRateBpm>
      <Extensions>
       <TPX xmlns="http://www.garmin.com/xmlschemas/ActivityExtension/v2">
        <Speed>3.5</Speed>
       </TPX>
      </Extensions>
     </Trackpoint>
     <Trackpoint>
      <Time>2026-08-18T10:33:38Z</Time>
      <Position>
       <LatitudeDegrees>5.2369120</LatitudeDegrees>
       <LongitudeDegrees>100.4349820</LongitudeDegrees>
      </Position>
      <AltitudeMeters>5.8</AltitudeMeters>
      <DistanceMeters>3327.9</DistanceMeters>
      <HeartRateBpm>
       <Value>164</Value>
      </HeartRateBpm>
      <Extensions>
       <TPX xmlns="http://www.garmin.com/xmlschemas/ActivityExtension/v2">
        <Speed>3.6</Speed>
       </TPX>
      </Extensions>
     </Trackpoint>
     <Trackpoint>
      <Time>2026-08-18T10:33:39Z</Time>
      <Position>
       <LatitudeDegrees>5.2369180</LatitudeDegrees>
       <LongitudeDegrees>100.4350160</LongitudeDegrees>
      </Position>
      <AltitudeMeters>5.8</AltitudeMeters>
      <DistanceMeters>3331.8</DistanceMeters>
      <HeartRateBpm>
       <Value>164</Value>
      </HeartRateBpm>
      <Extensions>
       <TPX xmlns="http://www.garmin.com/xmlschemas/ActivityExtension/v2">
        <Speed>3.7</Speed>
       </TPX>
      </Extensions>
     </Trackpoint>
     <Trackpoint>
      <Time>2026-08-18T10:33:40Z</Time>
      <Position>
       <LatitudeDegrees>5.2369260</LatitudeDegrees>
       <LongitudeDegrees>100.4350440</LongitudeDegrees>
      </Position>
      <AltitudeMeters>5.8</AltitudeMeters>
      <DistanceMeters>3334.9</DistanceMeters>
      <HeartRateBpm>
       <Value>164</Value>
      </HeartRateBpm>
      <Extensions>
       <TPX xmlns="http://www.garmin.com/xmlschemas/ActivityExtension/v2">
        <Speed>3.6</Speed>
       </TPX>
      </Extensions>
     </Trackpoint>
     <Trackpoint>
      <Time>2026-08-18T10:33:41Z</Time>
      <Position>
       <LatitudeDegrees>5.2369370</LatitudeDegrees>
       <LongitudeDegrees>100.4350740</LongitudeDegrees>
      </Position>
      <AltitudeMeters>5.8</AltitudeMeters>
      <DistanceMeters>3338.5</DistanceMeters>
      <HeartRateBpm>
       <Value>165</Value>
      </HeartRateBpm>
      <Extensions>
       <TPX xmlns="http://www.garmin.com/xmlschemas/ActivityExtension/v2">
        <Speed>3.6</Speed>
       </TPX>
      </Extensions>
     </Trackpoint>
     <Trackpoint>
      <Time>2026-08-18T10:33:42Z</Time>
      <Position>
       <LatitudeDegrees>5.2369500</LatitudeDegrees>
       <LongitudeDegrees>100.4351070</LongitudeDegrees>
      </Position>
      <AltitudeMeters>5.8</AltitudeMeters>
      <DistanceMeters>3342.4</DistanceMeters>
      <HeartRateBpm>
       <Value>164</Value>
      </HeartRateBpm>
      <Extensions>
       <TPX xmlns="http://www.garmin.com/xmlschemas/ActivityExtension/v2">
        <Speed>3.6</Speed>
       </TPX>
      </Extensions>
     </Trackpoint>
     <Trackpoint>
      <Time>2026-08-18T10:33:43Z</Time>
      <Position>
       <LatitudeDegrees>5.2369600</LatitudeDegrees>
       <LongitudeDegrees>100.4351400</LongitudeDegrees>
      </Position>
      <AltitudeMeters>5.8</AltitudeMeters>
      <DistanceMeters>3346.3</DistanceMeters>
      <HeartRateBpm>
       <Value>164</Value>
      </HeartRateBpm>
      <Extensions>
       <TPX xmlns="http://www.garmin.com/xmlschemas/ActivityExtension/v2">
        <Speed>3.7</Speed>
       </TPX>
      </Extensions>
     </Trackpoint>
     <Trackpoint>
      <Time>2026-08-18T10:33:44Z</Time>
      <Position>
       <LatitudeDegrees>5.2369690</LatitudeDegrees>
       <LongitudeDegrees>100.4351730</LongitudeDegrees>
      </Position>
      <AltitudeMeters>5.7</AltitudeMeters>
      <DistanceMeters>3350.0</DistanceMeters>
      <HeartRateBpm>
       <Value>164</Value>
      </HeartRateBpm>
      <Extensions>
       <TPX xmlns="http://www.garmin.com/xmlschemas/ActivityExtension/v2">
        <Speed>3.6</Speed>
       </TPX>
      </Extensions>
     </Trackpoint>
     <Trackpoint>
      <Time>2026-08-18T10:33:45Z</Time>
      <Position>
       <LatitudeDegrees>5.2369810</LatitudeDegrees>
       <LongitudeDegrees>100.4352020</LongitudeDegrees>
      </Position>
      <AltitudeMeters>5.7</AltitudeMeters>
      <DistanceMeters>3353.5</DistanceMeters>
      <HeartRateBpm>
       <Value>163</Value>
      </HeartRateBpm>
      <Extensions>
       <TPX xmlns="http://www.garmin.com/xmlschemas/ActivityExtension/v2">
        <Speed>3.7</Speed>
       </TPX>
      </Extensions>
     </Trackpoint>
     <Trackpoint>
      <Time>2026-08-18T10:33:46Z</Time>
      <Position>
       <LatitudeDegrees>5.2369950</LatitudeDegrees>
       <LongitudeDegrees>100.4352330</LongitudeDegrees>
      </Position>
      <AltitudeMeters>5.7</AltitudeMeters>
      <DistanceMeters>3357.3</DistanceMeters>
      <HeartRateBpm>
       <Value>163</Value>
      </HeartRateBpm>
      <Extensions>
       <TPX xmlns="http://www.garmin.com/xmlschemas/ActivityExtension/v2">
        <Speed>3.8</Speed>
       </TPX>
      </Extensions>
     </Trackpoint>
     <Trackpoint>
      <Time>2026-08-18T10:33:47Z</Time>
      <Position>
       <LatitudeDegrees>5.2370070</LatitudeDegrees>
       <LongitudeDegrees>100.4352550</LongitudeDegrees>
      </Position>
      <AltitudeMeters>5.7</AltitudeMeters>
      <DistanceMeters>3360.0</DistanceMeters>
      <HeartRateBpm>
       <Value>163</Value>
      </HeartRateBpm>
      <Extensions>
       <TPX xmlns="http://www.garmin.com/xmlschemas/ActivityExtension/v2">
        <Speed>3.5</Speed>
       </TPX>
      </Extensions>
     </Trackpoint>
     <Trackpoint>
      <Time>2026-08-18T10:33:48Z</Time>
      <Position>
       <LatitudeDegrees>5.2370150</LatitudeDegrees>
       <LongitudeDegrees>100.4352800</LongitudeDegrees>
      </Position>
      <AltitudeMeters>5.7</AltitudeMeters>
      <DistanceMeters>3362.9</DistanceMeters>
      <HeartRateBpm>
       <Value>163</Value>
      </HeartRateBpm>
      <Extensions>
       <TPX xmlns="http://www.garmin.com/xmlschemas/ActivityExtension/v2">
        <Speed>3.3</Speed>
       </TPX>
      </Extensions>
     </Trackpoint>
     <Trackpoint>
      <Time>2026-08-18T10:33:49Z</Time>
      <Position>
       <LatitudeDegrees>5.2370190</LatitudeDegrees>
       <LongitudeDegrees>100.4353050</LongitudeDegrees>
      </Position>
      <AltitudeMeters>5.7</AltitudeMeters>
      <DistanceMeters>3365.7</DistanceMeters>
      <HeartRateBpm>
       <Value>163</Value>
      </HeartRateBpm>
      <Extensions>
       <TPX xmlns="http://www.garmin.com/xmlschemas/ActivityExtension/v2">
        <Speed>3.1</Speed>
       </TPX>
      </Extensions>
     </Trackpoint>
     <Trackpoint>
      <Time>2026-08-18T10:33:50Z</Time>
      <Position>
       <LatitudeDegrees>5.2370220</LatitudeDegrees>
       <LongitudeDegrees>100.4353360</LongitudeDegrees>
      </Position>
      <AltitudeMeters>5.7</AltitudeMeters>
      <DistanceMeters>3369.1</DistanceMeters>
      <HeartRateBpm>
       <Value>164</Value>
      </HeartRateBpm>
      <Extensions>
       <TPX xmlns="http://www.garmin.com/xmlschemas/ActivityExtension/v2">
        <Speed>3.1</Speed>
       </TPX>
      </Extensions>
     </Trackpoint>
     <Trackpoint>
      <Time>2026-08-18T10:33:51Z</Time>
      <Position>
       <LatitudeDegrees>5.2370290</LatitudeDegrees>
       <LongitudeDegrees>100.4353690</LongitudeDegrees>
      </Position>
      <AltitudeMeters>5.7</AltitudeMeters>
      <DistanceMeters>3372.9</DistanceMeters>
      <HeartRateBpm>
       <Value>165</Value>
      </HeartRateBpm>
      <Extensions>
       <TPX xmlns="http://www.garmin.com/xmlschemas/ActivityExtension/v2">
        <Speed>3.1</Speed>
       </TPX>
      </Extensions>
     </Trackpoint>
     <Trackpoint>
      <Time>2026-08-18T10:33:52Z</Time>
      <Position>
       <LatitudeDegrees>5.2370360</LatitudeDegrees>
       <LongitudeDegrees>100.4353990</LongitudeDegrees>
      </Position>
      <AltitudeMeters>5.7</AltitudeMeters>
      <DistanceMeters>3376.3</DistanceMeters>
      <HeartRateBpm>
       <Value>165</Value>
      </HeartRateBpm>
      <Extensions>
       <TPX xmlns="http://www.garmin.com/xmlschemas/ActivityExtension/v2">
        <Speed>3.3</Speed>
       </TPX>
      </Extensions>
     </Trackpoint>
     <Trackpoint>
      <Time>2026-08-18T10:33:53Z</Time>
      <Position>
       <LatitudeDegrees>5.2370380</LatitudeDegrees>
       <LongitudeDegrees>100.4354280</LongitudeDegrees>
      </Position>
      <AltitudeMeters>5.7</AltitudeMeters>
      <DistanceMeters>3379.6</DistanceMeters>
      <HeartRateBpm>
       <Value>165</Value>
      </HeartRateBpm>
      <Extensions>
       <TPX xmlns="http://www.garmin.com/xmlschemas/ActivityExtension/v2">
        <Speed>3.3</Speed>
       </TPX>
      </Extensions>
     </Trackpoint>
     <Trackpoint>
      <Time>2026-08-18T10:33:54Z</Time>
      <Position>
       <LatitudeDegrees>5.2370390</LatitudeDegrees>
       <LongitudeDegrees>100.4354590</LongitudeDegrees>
      </Position>
      <AltitudeMeters>5.7</AltitudeMeters>
      <DistanceMeters>3383.0</DistanceMeters>
      <HeartRateBpm>
       <Value>164</Value>
      </HeartRateBpm>
      <Extensions>
       <TPX xmlns="http://www.garmin.com/xmlschemas/ActivityExtension/v2">
        <Speed>3.5</Speed>
       </TPX>
      </Extensions>
     </Trackpoint>
     <Trackpoint>
      <Time>2026-08-18T10:33:55Z</Time>
      <Position>
       <LatitudeDegrees>5.2370400</LatitudeDegrees>
       <LongitudeDegrees>100.4354890</LongitudeDegrees>
      </Position>
      <AltitudeMeters>5.7</AltitudeMeters>
      <DistanceMeters>3386.3</DistanceMeters>
      <HeartRateBpm>
       <Value>164</Value>
      </HeartRateBpm>
      <Extensions>
       <TPX xmlns="http://www.garmin.com/xmlschemas/ActivityExtension/v2">
        <Speed>3.4</Speed>
       </TPX>
      </Extensions>
     </Trackpoint>
     <Trackpoint>
      <Time>2026-08-18T10:33:56Z</Time>
      <Position>
       <LatitudeDegrees>5.2370440</LatitudeDegrees>
       <LongitudeDegrees>100.4355190</LongitudeDegrees>
      </Position>
      <AltitudeMeters>5.7</AltitudeMeters>
      <DistanceMeters>3389.7</DistanceMeters>
      <HeartRateBpm>
       <Value>164</Value>
      </HeartRateBpm>
      <Extensions>
       <TPX xmlns="http://www.garmin.com/xmlschemas/ActivityExtension/v2">
        <Speed>3.4</Speed>
       </TPX>
      </Extensions>
     </Trackpoint>
     <Trackpoint>
      <Time>2026-08-18T10:33:57Z</Time>
      <Position>
       <LatitudeDegrees>5.2370540</LatitudeDegrees>
       <LongitudeDegrees>100.4355480</LongitudeDegrees>
      </Position>
      <AltitudeMeters>5.7</AltitudeMeters>
      <DistanceMeters>3393.0</DistanceMeters>
      <HeartRateBpm>
       <Value>164</Value>
      </HeartRateBpm>
      <Extensions>
       <TPX xmlns="http://www.garmin.com/xmlschemas/ActivityExtension/v2">
        <Speed>3.3</Speed>
       </TPX>
      </Extensions>
     </Trackpoint>
     <Trackpoint>
      <Time>2026-08-18T10:33:58Z</Time>
      <Position>
       <LatitudeDegrees>5.2370680</LatitudeDegrees>
       <LongitudeDegrees>100.4355720</LongitudeDegrees>
      </Position>
      <AltitudeMeters>5.7</AltitudeMeters>
      <DistanceMeters>3396.1</DistanceMeters>
      <HeartRateBpm>
       <Value>165</Value>
      </HeartRateBpm>
      <Extensions>
       <TPX xmlns="http://www.garmin.com/xmlschemas/ActivityExtension/v2">
        <Speed>3.3</Speed>
       </TPX>
      </Extensions>
     </Trackpoint>
     <Trackpoint>
      <Time>2026-08-18T10:33:59Z</Time>
      <Position>
       <LatitudeDegrees>5.2370730</LatitudeDegrees>
       <LongitudeDegrees>100.4356030</LongitudeDegrees>
      </Position>
      <AltitudeMeters>5.7</AltitudeMeters>
      <DistanceMeters>3399.6</DistanceMeters>
      <HeartRateBpm>
       <Value>165</Value>
      </HeartRateBpm>
      <Extensions>
       <TPX xmlns="http://www.garmin.com/xmlschemas/ActivityExtension/v2">
        <Speed>3.3</Speed>
       </TPX>
      </Extensions>
     </Trackpoint>
     <Trackpoint>
      <Time>2026-08-18T10:34:00Z</Time>
      <Position>
       <LatitudeDegrees>5.2370770</LatitudeDegrees>
       <LongitudeDegrees>100.4356410</LongitudeDegrees>
      </Position>
      <AltitudeMeters>5.7</AltitudeMeters>
      <DistanceMeters>3403.9</DistanceMeters>
      <HeartRateBpm>
       <Value>165</Value>
      </HeartRateBpm>
      <Extensions>
       <TPX xmlns="http://www.garmin.com/xmlschemas/ActivityExtension/v2">
        <Speed>3.5</Speed>
       </TPX>
      </Extensions>
     </Trackpoint>
     <Trackpoint>
      <Time>2026-08-18T10:34:01Z</Time>
      <Position>
       <LatitudeDegrees>5.2370810</LatitudeDegrees>
       <LongitudeDegrees>100.4356800</LongitudeDegrees>
      </Position>
      <AltitudeMeters>5.7</AltitudeMeters>
      <DistanceMeters>3408.2</DistanceMeters>
      <HeartRateBpm>
       <Value>165</Value>
      </HeartRateBpm>
      <Extensions>
       <TPX xmlns="http://www.garmin.com/xmlschemas/ActivityExtension/v2">
        <Speed>3.7</Speed>
       </TPX>
      </Extensions>
     </Trackpoint>
     <Trackpoint>
      <Time>2026-08-18T10:34:02Z</Time>
      <Position>
       <LatitudeDegrees>5.2370850</LatitudeDegrees>
       <LongitudeDegrees>100.4357100</LongitudeDegrees>
      </Position>
      <AltitudeMeters>5.7</AltitudeMeters>
      <DistanceMeters>3411.5</DistanceMeters>
      <HeartRateBpm>
       <Value>165</Value>
      </HeartRateBpm>
      <Extensions>
       <TPX xmlns="http://www.garmin.com/xmlschemas/ActivityExtension/v2">
        <Speed>3.7</Speed>
       </TPX>
      </Extensions>
     </Trackpoint>
     <Trackpoint>
      <Time>2026-08-18T10:34:03Z</Time>
      <Position>
       <LatitudeDegrees>5.2370910</LatitudeDegrees>
       <LongitudeDegrees>100.4357350</LongitudeDegrees>
      </Position>
      <AltitudeMeters>5.7</AltitudeMeters>
      <DistanceMeters>3414.4</DistanceMeters>
      <HeartRateBpm>
       <Value>164</Value>
      </HeartRateBpm>
      <Extensions>
       <TPX xmlns="http://www.garmin.com/xmlschemas/ActivityExtension/v2">
        <Speed>3.7</Speed>
       </TPX>
      </Extensions>
     </Trackpoint>
     <Trackpoint>
      <Time>2026-08-18T10:34:04Z</Time>
      <Position>
       <LatitudeDegrees>5.2370960</LatitudeDegrees>
       <LongitudeDegrees>100.4357610</LongitudeDegrees>
      </Position>
      <AltitudeMeters>5.7</AltitudeMeters>
      <DistanceMeters>3417.3</DistanceMeters>
      <HeartRateBpm>
       <Value>165</Value>
      </HeartRateBpm>
      <Extensions>
       <TPX xmlns="http://www.garmin.com/xmlschemas/ActivityExtension/v2">
        <Speed>3.5</Speed>
       </TPX>
      </Extensions>
     </Trackpoint>
     <Trackpoint>
      <Time>2026-08-18T10:34:05Z</Time>
      <Position>
       <LatitudeDegrees>5.2371000</LatitudeDegrees>
       <LongitudeDegrees>100.4357880</LongitudeDegrees>
      </Position>
      <AltitudeMeters>5.7</AltitudeMeters>
      <DistanceMeters>3420.4</DistanceMeters>
      <HeartRateBpm>
       <Value>165</Value>
      </HeartRateBpm>
      <Extensions>
       <TPX xmlns="http://www.garmin.com/xmlschemas/ActivityExtension/v2">
        <Speed>3.3</Speed>
       </TPX>
      </Extensions>
     </Trackpoint>
     <Trackpoint>
      <Time>2026-08-18T10:34:06Z</Time>
      <Position>
       <LatitudeDegrees>5.2371020</LatitudeDegrees>
       <LongitudeDegrees>100.4358160</LongitudeDegrees>
      </Position>
      <AltitudeMeters>5.7</AltitudeMeters>
      <DistanceMeters>3423.5</DistanceMeters>
      <HeartRateBpm>
       <Value>166</Value>
      </HeartRateBpm>
      <Extensions>
       <TPX xmlns="http://www.garmin.com/xmlschemas/ActivityExtension/v2">
        <Speed>3.1</Speed>
       </TPX>
      </Extensions>
     </Trackpoint>
     <Trackpoint>
      <Time>2026-08-18T10:34:07Z</Time>
      <Position>
       <LatitudeDegrees>5.2371030</LatitudeDegrees>
       <LongitudeDegrees>100.4358410</LongitudeDegrees>
      </Position>
      <AltitudeMeters>5.7</AltitudeMeters>
      <DistanceMeters>3426.3</DistanceMeters>
      <HeartRateBpm>
       <Value>165</Value>
      </HeartRateBpm>
      <Extensions>
       <TPX xmlns="http://www.garmin.com/xmlschemas/ActivityExtension/v2">
        <Speed>3.0</Speed>
       </TPX>
      </Extensions>
     </Trackpoint>
     <Trackpoint>
      <Time>2026-08-18T10:34:08Z</Time>
      <Position>
       <LatitudeDegrees>5.2371030</LatitudeDegrees>
       <LongitudeDegrees>100.4358650</LongitudeDegrees>
      </Position>
      <AltitudeMeters>5.7</AltitudeMeters>
      <DistanceMeters>3428.9</DistanceMeters>
      <HeartRateBpm>
       <Value>165</Value>
      </HeartRateBpm>
      <Extensions>
       <TPX xmlns="http://www.garmin.com/xmlschemas/ActivityExtension/v2">
        <Speed>2.9</Speed>
       </TPX>
      </Extensions>
     </Trackpoint>
     <Trackpoint>
      <Time>2026-08-18T10:34:09Z</Time>
      <Position>
       <LatitudeDegrees>5.2371080</LatitudeDegrees>
       <LongitudeDegrees>100.4358940</LongitudeDegrees>
      </Position>
      <AltitudeMeters>5.7</AltitudeMeters>
      <DistanceMeters>3432.1</DistanceMeters>
      <HeartRateBpm>
       <Value>165</Value>
      </HeartRateBpm>
      <Extensions>
       <TPX xmlns="http://www.garmin.com/xmlschemas/ActivityExtension/v2">
        <Speed>3.0</Speed>
       </TPX>
      </Extensions>
     </Trackpoint>
     <Trackpoint>
      <Time>2026-08-18T10:34:10Z</Time>
      <Position>
       <LatitudeDegrees>5.2371170</LatitudeDegrees>
       <LongitudeDegrees>100.4359270</LongitudeDegrees>
      </Position>
      <AltitudeMeters>5.7</AltitudeMeters>
      <DistanceMeters>3435.8</DistanceMeters>
      <HeartRateBpm>
       <Value>165</Value>
      </HeartRateBpm>
      <Extensions>
       <TPX xmlns="http://www.garmin.com/xmlschemas/ActivityExtension/v2">
        <Speed>3.1</Speed>
       </TPX>
      </Extensions>
     </Trackpoint>
     <Trackpoint>
      <Time>2026-08-18T10:34:11Z</Time>
      <Position>
       <LatitudeDegrees>5.2371260</LatitudeDegrees>
       <LongitudeDegrees>100.4359650</LongitudeDegrees>
      </Position>
      <AltitudeMeters>5.7</AltitudeMeters>
      <DistanceMeters>3440.3</DistanceMeters>
      <HeartRateBpm>
       <Value>165</Value>
      </HeartRateBpm>
      <Extensions>
       <TPX xmlns="http://www.garmin.com/xmlschemas/ActivityExtension/v2">
        <Speed>3.4</Speed>
       </TPX>
      </Extensions>
     </Trackpoint>
     <Trackpoint>
      <Time>2026-08-18T10:34:12Z</Time>
      <Position>
       <LatitudeDegrees>5.2371370</LatitudeDegrees>
       <LongitudeDegrees>100.4359980</LongitudeDegrees>
      </Position>
      <AltitudeMeters>5.7</AltitudeMeters>
      <DistanceMeters>3444.1</DistanceMeters>
      <HeartRateBpm>
       <Value>166</Value>
      </HeartRateBpm>
      <Extensions>
       <TPX xmlns="http://www.garmin.com/xmlschemas/ActivityExtension/v2">
        <Speed>3.6</Speed>
       </TPX>
      </Extensions>
     </Trackpoint>
     <Trackpoint>
      <Time>2026-08-18T10:34:13Z</Time>
      <Position>
       <LatitudeDegrees>5.2371510</LatitudeDegrees>
       <LongitudeDegrees>100.4360260</LongitudeDegrees>
      </Position>
      <AltitudeMeters>5.7</AltitudeMeters>
      <DistanceMeters>3447.6</DistanceMeters>
      <HeartRateBpm>
       <Value>166</Value>
      </HeartRateBpm>
      <Extensions>
       <TPX xmlns="http://www.garmin.com/xmlschemas/ActivityExtension/v2">
        <Speed>3.7</Speed>
       </TPX>
      </Extensions>
     </Trackpoint>
     <Trackpoint>
      <Time>2026-08-18T10:34:14Z</Time>
      <Position>
       <LatitudeDegrees>5.2371640</LatitudeDegrees>
       <LongitudeDegrees>100.4360540</LongitudeDegrees>
      </Position>
      <AltitudeMeters>5.7</AltitudeMeters>
      <DistanceMeters>3451.0</DistanceMeters>
      <HeartRateBpm>
       <Value>165</Value>
      </HeartRateBpm>
      <Extensions>
       <TPX xmlns="http://www.garmin.com/xmlschemas/ActivityExtension/v2">
        <Speed>3.8</Speed>
       </TPX>
      </Extensions>
     </Trackpoint>
     <Trackpoint>
      <Time>2026-08-18T10:34:15Z</Time>
      <Position>
       <LatitudeDegrees>5.2371750</LatitudeDegrees>
       <LongitudeDegrees>100.4360850</LongitudeDegrees>
      </Position>
      <AltitudeMeters>5.7</AltitudeMeters>
      <DistanceMeters>3454.6</DistanceMeters>
      <HeartRateBpm>
       <Value>165</Value>
      </HeartRateBpm>
      <Extensions>
       <TPX xmlns="http://www.garmin.com/xmlschemas/ActivityExtension/v2">
        <Speed>3.8</Speed>
       </TPX>
      </Extensions>
     </Trackpoint>
     <Trackpoint>
      <Time>2026-08-18T10:34:16Z</Time>
      <Position>
       <LatitudeDegrees>5.2371850</LatitudeDegrees>
       <LongitudeDegrees>100.4361170</LongitudeDegrees>
      </Position>
      <AltitudeMeters>5.7</AltitudeMeters>
      <DistanceMeters>3458.3</DistanceMeters>
      <HeartRateBpm>
       <Value>164</Value>
      </HeartRateBpm>
      <Extensions>
       <TPX xmlns="http://www.garmin.com/xmlschemas/ActivityExtension/v2">
        <Speed>3.6</Speed>
       </TPX>
      </Extensions>
     </Trackpoint>
     <Trackpoint>
      <Time>2026-08-18T10:34:17Z</Time>
      <Position>
       <LatitudeDegrees>5.2371950</LatitudeDegrees>
       <LongitudeDegrees>100.4361490</LongitudeDegrees>
      </Position>
      <AltitudeMeters>5.7</AltitudeMeters>
      <DistanceMeters>3462.0</DistanceMeters>
      <HeartRateBpm>
       <Value>164</Value>
      </HeartRateBpm>
      <Extensions>
       <TPX xmlns="http://www.garmin.com/xmlschemas/ActivityExtension/v2">
        <Speed>3.6</Speed>
       </TPX>
      </Extensions>
     </Trackpoint>
     <Trackpoint>
      <Time>2026-08-18T10:34:18Z</Time>
      <Position>
       <LatitudeDegrees>5.2372050</LatitudeDegrees>
       <LongitudeDegrees>100.4361770</LongitudeDegrees>
      </Position>
      <AltitudeMeters>5.7</AltitudeMeters>
      <DistanceMeters>3465.4</DistanceMeters>
      <HeartRateBpm>
       <Value>164</Value>
      </HeartRateBpm>
      <Extensions>
       <TPX xmlns="http://www.garmin.com/xmlschemas/ActivityExtension/v2">
        <Speed>3.6</Speed>
       </TPX>
      </Extensions>
     </Trackpoint>
     <Trackpoint>
      <Time>2026-08-18T10:34:19Z</Time>
      <Position>
       <LatitudeDegrees>5.2372150</LatitudeDegrees>
       <LongitudeDegrees>100.4362100</LongitudeDegrees>
      </Position>
      <AltitudeMeters>5.7</AltitudeMeters>
      <DistanceMeters>3469.2</DistanceMeters>
      <HeartRateBpm>
       <Value>164</Value>
      </HeartRateBpm>
      <Extensions>
       <TPX xmlns="http://www.garmin.com/xmlschemas/ActivityExtension/v2">
        <Speed>3.6</Speed>
       </TPX>
      </Extensions>
     </Trackpoint>
     <Trackpoint>
      <Time>2026-08-18T10:34:20Z</Time>
      <Position>
       <LatitudeDegrees>5.2372280</LatitudeDegrees>
       <LongitudeDegrees>100.4362440</LongitudeDegrees>
      </Position>
      <AltitudeMeters>5.7</AltitudeMeters>
      <DistanceMeters>3473.2</DistanceMeters>
      <HeartRateBpm>
       <Value>163</Value>
      </HeartRateBpm>
      <Extensions>
       <TPX xmlns="http://www.garmin.com/xmlschemas/ActivityExtension/v2">
        <Speed>3.7</Speed>
       </TPX>
      </Extensions>
     </Trackpoint>
     <Trackpoint>
      <Time>2026-08-18T10:34:21Z</Time>
      <Position>
       <LatitudeDegrees>5.2372420</LatitudeDegrees>
       <LongitudeDegrees>100.4362760</LongitudeDegrees>
      </Position>
      <AltitudeMeters>5.7</AltitudeMeters>
      <DistanceMeters>3477.1</DistanceMeters>
      <HeartRateBpm>
       <Value>163</Value>
      </HeartRateBpm>
      <Extensions>
       <TPX xmlns="http://www.garmin.com/xmlschemas/ActivityExtension/v2">
        <Speed>3.8</Speed>
       </TPX>
      </Extensions>
     </Trackpoint>
     <Trackpoint>
      <Time>2026-08-18T10:34:22Z</Time>
      <Position>
       <LatitudeDegrees>5.2372530</LatitudeDegrees>
       <LongitudeDegrees>100.4363080</LongitudeDegrees>
      </Position>
      <AltitudeMeters>5.7</AltitudeMeters>
      <DistanceMeters>3480.8</DistanceMeters>
      <HeartRateBpm>
       <Value>164</Value>
      </HeartRateBpm>
      <Extensions>
       <TPX xmlns="http://www.garmin.com/xmlschemas/ActivityExtension/v2">
        <Speed>3.8</Speed>
       </TPX>
      </Extensions>
     </Trackpoint>
     <Trackpoint>
      <Time>2026-08-18T10:34:23Z</Time>
      <Position>
       <LatitudeDegrees>5.2372630</LatitudeDegrees>
       <LongitudeDegrees>100.4363400</LongitudeDegrees>
      </Position>
      <AltitudeMeters>5.7</AltitudeMeters>
      <DistanceMeters>3484.5</DistanceMeters>
      <HeartRateBpm>
       <Value>164</Value>
      </HeartRateBpm>
      <Extensions>
       <TPX xmlns="http://www.garmin.com/xmlschemas/ActivityExtension/v2">
        <Speed>3.8</Speed>
       </TPX>
      </Extensions>
     </Trackpoint>
     <Trackpoint>
      <Time>2026-08-18T10:34:24Z</Time>
      <Position>
       <LatitudeDegrees>5.2372690</LatitudeDegrees>
       <LongitudeDegrees>100.4363630</LongitudeDegrees>
      </Position>
      <AltitudeMeters>5.7</AltitudeMeters>
      <DistanceMeters>3487.1</DistanceMeters>
      <HeartRateBpm>
       <Value>164</Value>
      </HeartRateBpm>
      <Extensions>
       <TPX xmlns="http://www.garmin.com/xmlschemas/ActivityExtension/v2">
        <Speed>3.6</Speed>
       </TPX>
      </Extensions>
     </Trackpoint>
     <Trackpoint>
      <Time>2026-08-18T10:34:25Z</Time>
      <Position>
       <LatitudeDegrees>5.2372750</LatitudeDegrees>
       <LongitudeDegrees>100.4363870</LongitudeDegrees>
      </Position>
      <AltitudeMeters>5.7</AltitudeMeters>
      <DistanceMeters>3489.9</DistanceMeters>
      <HeartRateBpm>
       <Value>164</Value>
      </HeartRateBpm>
      <Extensions>
       <TPX xmlns="http://www.garmin.com/xmlschemas/ActivityExtension/v2">
        <Speed>3.3</Speed>
       </TPX>
      </Extensions>
     </Trackpoint>
     <Trackpoint>
      <Time>2026-08-18T10:34:26Z</Time>
      <Position>
       <LatitudeDegrees>5.2372810</LatitudeDegrees>
       <LongitudeDegrees>100.4364200</LongitudeDegrees>
      </Position>
      <AltitudeMeters>5.7</AltitudeMeters>
      <DistanceMeters>3493.6</DistanceMeters>
      <HeartRateBpm>
       <Value>165</Value>
      </HeartRateBpm>
      <Extensions>
       <TPX xmlns="http://www.garmin.com/xmlschemas/ActivityExtension/v2">
        <Speed>3.3</Speed>
       </TPX>
      </Extensions>
     </Trackpoint>
     <Trackpoint>
      <Time>2026-08-18T10:34:27Z</Time>
      <Position>
       <LatitudeDegrees>5.2372870</LatitudeDegrees>
       <LongitudeDegrees>100.4364440</LongitudeDegrees>
      </Position>
      <AltitudeMeters>5.7</AltitudeMeters>
      <DistanceMeters>3496.3</DistanceMeters>
      <HeartRateBpm>
       <Value>164</Value>
      </HeartRateBpm>
      <Extensions>
       <TPX xmlns="http://www.garmin.com/xmlschemas/ActivityExtension/v2">
        <Speed>3.1</Speed>
       </TPX>
      </Extensions>
     </Trackpoint>
     <Trackpoint>
      <Time>2026-08-18T10:34:28Z</Time>
      <Position>
       <LatitudeDegrees>5.2372940</LatitudeDegrees>
       <LongitudeDegrees>100.4364750</LongitudeDegrees>
      </Position>
      <AltitudeMeters>5.7</AltitudeMeters>
      <DistanceMeters>3499.8</DistanceMeters>
      <HeartRateBpm>
       <Value>164</Value>
      </HeartRateBpm>
      <Extensions>
       <TPX xmlns="http://www.garmin.com/xmlschemas/ActivityExtension/v2">
        <Speed>3.1</Speed>
       </TPX>
      </Extensions>
     </Trackpoint>
     <Trackpoint>
      <Time>2026-08-18T10:34:29Z</Time>
      <Position>
       <LatitudeDegrees>5.2373010</LatitudeDegrees>
       <LongitudeDegrees>100.4365070</LongitudeDegrees>
      </Position>
      <AltitudeMeters>5.7</AltitudeMeters>
      <DistanceMeters>3503.4</DistanceMeters>
      <HeartRateBpm>
       <Value>164</Value>
      </HeartRateBpm>
      <Extensions>
       <TPX xmlns="http://www.garmin.com/xmlschemas/ActivityExtension/v2">
        <Speed>3.3</Speed>
       </TPX>
      </Extensions>
     </Trackpoint>
     <Trackpoint>
      <Time>2026-08-18T10:34:30Z</Time>
      <Position>
       <LatitudeDegrees>5.2373100</LatitudeDegrees>
       <LongitudeDegrees>100.4365380</LongitudeDegrees>
      </Position>
      <AltitudeMeters>5.7</AltitudeMeters>
      <DistanceMeters>3507.0</DistanceMeters>
      <HeartRateBpm>
       <Value>164</Value>
      </HeartRateBpm>
      <Extensions>
       <TPX xmlns="http://www.garmin.com/xmlschemas/ActivityExtension/v2">
        <Speed>3.4</Speed>
       </TPX>
      </Extensions>
     </Trackpoint>
     <Trackpoint>
      <Time>2026-08-18T10:34:31Z</Time>
      <Position>
       <LatitudeDegrees>5.2373200</LatitudeDegrees>
       <LongitudeDegrees>100.4365660</LongitudeDegrees>
      </Position>
      <AltitudeMeters>5.7</AltitudeMeters>
      <DistanceMeters>3510.3</DistanceMeters>
      <HeartRateBpm>
       <Value>164</Value>
      </HeartRateBpm>
      <Extensions>
       <TPX xmlns="http://www.garmin.com/xmlschemas/ActivityExtension/v2">
        <Speed>3.3</Speed>
       </TPX>
      </Extensions>
     </Trackpoint>
     <Trackpoint>
      <Time>2026-08-18T10:34:32Z</Time>
      <Position>
       <LatitudeDegrees>5.2373280</LatitudeDegrees>
       <LongitudeDegrees>100.4365950</LongitudeDegrees>
      </Position>
      <AltitudeMeters>5.7</AltitudeMeters>
      <DistanceMeters>3513.7</DistanceMeters>
      <HeartRateBpm>
       <Value>164</Value>
      </HeartRateBpm>
      <Extensions>
       <TPX xmlns="http://www.garmin.com/xmlschemas/ActivityExtension/v2">
        <Speed>3.5</Speed>
       </TPX>
      </Extensions>
     </Trackpoint>
     <Trackpoint>
      <Time>2026-08-18T10:34:33Z</Time>
      <Position>
       <LatitudeDegrees>5.2373320</LatitudeDegrees>
       <LongitudeDegrees>100.4366250</LongitudeDegrees>
      </Position>
      <AltitudeMeters>5.7</AltitudeMeters>
      <DistanceMeters>3517.1</DistanceMeters>
      <HeartRateBpm>
       <Value>164</Value>
      </HeartRateBpm>
      <Extensions>
       <TPX xmlns="http://www.garmin.com/xmlschemas/ActivityExtension/v2">
        <Speed>3.5</Speed>
       </TPX>
      </Extensions>
     </Trackpoint>
     <Trackpoint>
      <Time>2026-08-18T10:34:34Z</Time>
      <Position>
       <LatitudeDegrees>5.2373380</LatitudeDegrees>
       <LongitudeDegrees>100.4366560</LongitudeDegrees>
      </Position>
      <AltitudeMeters>5.7</AltitudeMeters>
      <DistanceMeters>3520.5</DistanceMeters>
      <HeartRateBpm>
       <Value>165</Value>
      </HeartRateBpm>
      <Extensions>
       <TPX xmlns="http://www.garmin.com/xmlschemas/ActivityExtension/v2">
        <Speed>3.4</Speed>
       </TPX>
      </Extensions>
     </Trackpoint>
     <Trackpoint>
      <Time>2026-08-18T10:34:35Z</Time>
      <Position>
       <LatitudeDegrees>5.2373450</LatitudeDegrees>
       <LongitudeDegrees>100.4366860</LongitudeDegrees>
      </Position>
      <AltitudeMeters>5.7</AltitudeMeters>
      <DistanceMeters>3524.0</DistanceMeters>
      <HeartRateBpm>
       <Value>166</Value>
      </HeartRateBpm>
      <Extensions>
       <TPX xmlns="http://www.garmin.com/xmlschemas/ActivityExtension/v2">
        <Speed>3.4</Speed>
       </TPX>
      </Extensions>
     </Trackpoint>
     <Trackpoint>
      <Time>2026-08-18T10:34:36Z</Time>
      <Position>
       <LatitudeDegrees>5.2373510</LatitudeDegrees>
       <LongitudeDegrees>100.4367130</LongitudeDegrees>
      </Position>
      <AltitudeMeters>5.8</AltitudeMeters>
      <DistanceMeters>3527.0</DistanceMeters>
      <HeartRateBpm>
       <Value>165</Value>
      </HeartRateBpm>
      <Extensions>
       <TPX xmlns="http://www.garmin.com/xmlschemas/ActivityExtension/v2">
        <Speed>3.3</Speed>
       </TPX>
      </Extensions>
     </Trackpoint>
     <Trackpoint>
      <Time>2026-08-18T10:34:37Z</Time>
      <Position>
       <LatitudeDegrees>5.2373610</LatitudeDegrees>
       <LongitudeDegrees>100.4367420</LongitudeDegrees>
      </Position>
      <AltitudeMeters>5.8</AltitudeMeters>
      <DistanceMeters>3530.4</DistanceMeters>
      <HeartRateBpm>
       <Value>165</Value>
      </HeartRateBpm>
      <Extensions>
       <TPX xmlns="http://www.garmin.com/xmlschemas/ActivityExtension/v2">
        <Speed>3.3</Speed>
       </TPX>
      </Extensions>
     </Trackpoint>
     <Trackpoint>
      <Time>2026-08-18T10:34:38Z</Time>
      <Position>
       <LatitudeDegrees>5.2373650</LatitudeDegrees>
       <LongitudeDegrees>100.4367740</LongitudeDegrees>
      </Position>
      <AltitudeMeters>5.8</AltitudeMeters>
      <DistanceMeters>3534.0</DistanceMeters>
      <HeartRateBpm>
       <Value>164</Value>
      </HeartRateBpm>
      <Extensions>
       <TPX xmlns="http://www.garmin.com/xmlschemas/ActivityExtension/v2">
        <Speed>3.4</Speed>
       </TPX>
      </Extensions>
     </Trackpoint>
     <Trackpoint>
      <Time>2026-08-18T10:34:39Z</Time>
      <Position>
       <LatitudeDegrees>5.2373720</LatitudeDegrees>
       <LongitudeDegrees>100.4368060</LongitudeDegrees>
      </Position>
      <AltitudeMeters>5.8</AltitudeMeters>
      <DistanceMeters>3537.6</DistanceMeters>
      <HeartRateBpm>
       <Value>165</Value>
      </HeartRateBpm>
      <Extensions>
       <TPX xmlns="http://www.garmin.com/xmlschemas/ActivityExtension/v2">
        <Speed>3.4</Speed>
       </TPX>
      </Extensions>
     </Trackpoint>
     <Trackpoint>
      <Time>2026-08-18T10:34:40Z</Time>
      <Position>
       <LatitudeDegrees>5.2373820</LatitudeDegrees>
       <LongitudeDegrees>100.4368380</LongitudeDegrees>
      </Position>
      <AltitudeMeters>5.8</AltitudeMeters>
      <DistanceMeters>3541.3</DistanceMeters>
      <HeartRateBpm>
       <Value>165</Value>
      </HeartRateBpm>
      <Extensions>
       <TPX xmlns="http://www.garmin.com/xmlschemas/ActivityExtension/v2">
        <Speed>3.5</Speed>
       </TPX>
      </Extensions>
     </Trackpoint>
     <Trackpoint>
      <Time>2026-08-18T10:34:41Z</Time>
      <Position>
       <LatitudeDegrees>5.2373930</LatitudeDegrees>
       <LongitudeDegrees>100.4368710</LongitudeDegrees>
      </Position>
      <AltitudeMeters>5.8</AltitudeMeters>
      <DistanceMeters>3545.2</DistanceMeters>
      <HeartRateBpm>
       <Value>164</Value>
      </HeartRateBpm>
      <Extensions>
       <TPX xmlns="http://www.garmin.com/xmlschemas/ActivityExtension/v2">
        <Speed>3.6</Speed>
       </TPX>
      </Extensions>
     </Trackpoint>
     <Trackpoint>
      <Time>2026-08-18T10:34:42Z</Time>
      <Position>
       <LatitudeDegrees>5.2374050</LatitudeDegrees>
       <LongitudeDegrees>100.4369030</LongitudeDegrees>
      </Position>
      <AltitudeMeters>5.8</AltitudeMeters>
      <DistanceMeters>3549.0</DistanceMeters>
      <HeartRateBpm>
       <Value>164</Value>
      </HeartRateBpm>
      <Extensions>
       <TPX xmlns="http://www.garmin.com/xmlschemas/ActivityExtension/v2">
        <Speed>3.7</Speed>
       </TPX>
      </Extensions>
     </Trackpoint>
     <Trackpoint>
      <Time>2026-08-18T10:34:43Z</Time>
      <Position>
       <LatitudeDegrees>5.2374170</LatitudeDegrees>
       <LongitudeDegrees>100.4369340</LongitudeDegrees>
      </Position>
      <AltitudeMeters>5.8</AltitudeMeters>
      <DistanceMeters>3552.6</DistanceMeters>
      <HeartRateBpm>
       <Value>164</Value>
      </HeartRateBpm>
      <Extensions>
       <TPX xmlns="http://www.garmin.com/xmlschemas/ActivityExtension/v2">
        <Speed>3.7</Speed>
       </TPX>
      </Extensions>
     </Trackpoint>
     <Trackpoint>
      <Time>2026-08-18T10:34:44Z</Time>
      <Position>
       <LatitudeDegrees>5.2374270</LatitudeDegrees>
       <LongitudeDegrees>100.4369650</LongitudeDegrees>
      </Position>
      <AltitudeMeters>5.8</AltitudeMeters>
      <DistanceMeters>3556.2</DistanceMeters>
      <HeartRateBpm>
       <Value>164</Value>
      </HeartRateBpm>
      <Extensions>
       <TPX xmlns="http://www.garmin.com/xmlschemas/ActivityExtension/v2">
        <Speed>3.7</Speed>
       </TPX>
      </Extensions>
     </Trackpoint>
     <Trackpoint>
      <Time>2026-08-18T10:34:45Z</Time>
      <Position>
       <LatitudeDegrees>5.2374340</LatitudeDegrees>
       <LongitudeDegrees>100.4369900</LongitudeDegrees>
      </Position>
      <AltitudeMeters>5.8</AltitudeMeters>
      <DistanceMeters>3559.1</DistanceMeters>
      <HeartRateBpm>
       <Value>164</Value>
      </HeartRateBpm>
      <Extensions>
       <TPX xmlns="http://www.garmin.com/xmlschemas/ActivityExtension/v2">
        <Speed>3.6</Speed>
       </TPX>
      </Extensions>
     </Trackpoint>
     <Trackpoint>
      <Time>2026-08-18T10:34:46Z</Time>
      <Position>
       <LatitudeDegrees>5.2374410</LatitudeDegrees>
       <LongitudeDegrees>100.4370180</LongitudeDegrees>
      </Position>
      <AltitudeMeters>5.8</AltitudeMeters>
      <DistanceMeters>3562.3</DistanceMeters>
      <HeartRateBpm>
       <Value>165</Value>
      </HeartRateBpm>
      <Extensions>
       <TPX xmlns="http://www.garmin.com/xmlschemas/ActivityExtension/v2">
        <Speed>3.4</Speed>
       </TPX>
      </Extensions>
     </Trackpoint>
     <Trackpoint>
      <Time>2026-08-18T10:34:47Z</Time>
      <Position>
       <LatitudeDegrees>5.2374490</LatitudeDegrees>
       <LongitudeDegrees>100.4370430</LongitudeDegrees>
      </Position>
      <AltitudeMeters>5.8</AltitudeMeters>
      <DistanceMeters>3565.2</DistanceMeters>
      <HeartRateBpm>
       <Value>165</Value>
      </HeartRateBpm>
      <Extensions>
       <TPX xmlns="http://www.garmin.com/xmlschemas/ActivityExtension/v2">
        <Speed>3.2</Speed>
       </TPX>
      </Extensions>
     </Trackpoint>
     <Trackpoint>
      <Time>2026-08-18T10:34:48Z</Time>
      <Position>
       <LatitudeDegrees>5.2374580</LatitudeDegrees>
       <LongitudeDegrees>100.4370670</LongitudeDegrees>
      </Position>
      <AltitudeMeters>5.8</AltitudeMeters>
      <DistanceMeters>3568.1</DistanceMeters>
      <HeartRateBpm>
       <Value>165</Value>
      </HeartRateBpm>
      <Extensions>
       <TPX xmlns="http://www.garmin.com/xmlschemas/ActivityExtension/v2">
        <Speed>3.1</Speed>
       </TPX>
      </Extensions>
     </Trackpoint>
     <Trackpoint>
      <Time>2026-08-18T10:34:49Z</Time>
      <Position>
       <LatitudeDegrees>5.2374660</LatitudeDegrees>
       <LongitudeDegrees>100.4370910</LongitudeDegrees>
      </Position>
      <AltitudeMeters>5.8</AltitudeMeters>
      <DistanceMeters>3570.9</DistanceMeters>
      <HeartRateBpm>
       <Value>165</Value>
      </HeartRateBpm>
      <Extensions>
       <TPX xmlns="http://www.garmin.com/xmlschemas/ActivityExtension/v2">
        <Speed>2.9</Speed>
       </TPX>
      </Extensions>
     </Trackpoint>
     <Trackpoint>
      <Time>2026-08-18T10:34:50Z</Time>
      <Position>
       <LatitudeDegrees>5.2374740</LatitudeDegrees>
       <LongitudeDegrees>100.4371130</LongitudeDegrees>
      </Position>
      <AltitudeMeters>5.8</AltitudeMeters>
      <DistanceMeters>3573.4</DistanceMeters>
      <HeartRateBpm>
       <Value>166</Value>
      </HeartRateBpm>
      <Extensions>
       <TPX xmlns="http://www.garmin.com/xmlschemas/ActivityExtension/v2">
        <Speed>2.9</Speed>
       </TPX>
      </Extensions>
     </Trackpoint>
     <Trackpoint>
      <Time>2026-08-18T10:34:51Z</Time>
      <Position>
       <LatitudeDegrees>5.2374870</LatitudeDegrees>
       <LongitudeDegrees>100.4371350</LongitudeDegrees>
      </Position>
      <AltitudeMeters>5.9</AltitudeMeters>
      <DistanceMeters>3576.3</DistanceMeters>
      <HeartRateBpm>
       <Value>166</Value>
      </HeartRateBpm>
      <Extensions>
       <TPX xmlns="http://www.garmin.com/xmlschemas/ActivityExtension/v2">
        <Speed>2.8</Speed>
       </TPX>
      </Extensions>
     </Trackpoint>
     <Trackpoint>
      <Time>2026-08-18T10:34:52Z</Time>
      <Position>
       <LatitudeDegrees>5.2375000</LatitudeDegrees>
       <LongitudeDegrees>100.4371590</LongitudeDegrees>
      </Position>
      <AltitudeMeters>5.9</AltitudeMeters>
      <DistanceMeters>3579.4</DistanceMeters>
      <HeartRateBpm>
       <Value>166</Value>
      </HeartRateBpm>
      <Extensions>
       <TPX xmlns="http://www.garmin.com/xmlschemas/ActivityExtension/v2">
        <Speed>2.8</Speed>
       </TPX>
      </Extensions>
     </Trackpoint>
     <Trackpoint>
      <Time>2026-08-18T10:34:53Z</Time>
      <Position>
       <LatitudeDegrees>5.2375130</LatitudeDegrees>
       <LongitudeDegrees>100.4371840</LongitudeDegrees>
      </Position>
      <AltitudeMeters>5.9</AltitudeMeters>
      <DistanceMeters>3582.4</DistanceMeters>
      <HeartRateBpm>
       <Value>165</Value>
      </HeartRateBpm>
      <Extensions>
       <TPX xmlns="http://www.garmin.com/xmlschemas/ActivityExtension/v2">
        <Speed>2.9</Speed>
       </TPX>
      </Extensions>
     </Trackpoint>
     <Trackpoint>
      <Time>2026-08-18T10:34:54Z</Time>
      <Position>
       <LatitudeDegrees>5.2375250</LatitudeDegrees>
       <LongitudeDegrees>100.4372060</LongitudeDegrees>
      </Position>
      <AltitudeMeters>5.9</AltitudeMeters>
      <DistanceMeters>3585.2</DistanceMeters>
      <HeartRateBpm>
       <Value>165</Value>
      </HeartRateBpm>
      <Extensions>
       <TPX xmlns="http://www.garmin.com/xmlschemas/ActivityExtension/v2">
        <Speed>2.9</Speed>
       </TPX>
      </Extensions>
     </Trackpoint>
     <Trackpoint>
      <Time>2026-08-18T10:34:55Z</Time>
      <Position>
       <LatitudeDegrees>5.2375440</LatitudeDegrees>
       <LongitudeDegrees>100.4372270</LongitudeDegrees>
      </Position>
      <AltitudeMeters>5.9</AltitudeMeters>
      <DistanceMeters>3588.3</DistanceMeters>
      <HeartRateBpm>
       <Value>166</Value>
      </HeartRateBpm>
      <Extensions>
       <TPX xmlns="http://www.garmin.com/xmlschemas/ActivityExtension/v2">
        <Speed>3.0</Speed>
       </TPX>
      </Extensions>
     </Trackpoint>
     <Trackpoint>
      <Time>2026-08-18T10:34:56Z</Time>
      <Position>
       <LatitudeDegrees>5.2375600</LatitudeDegrees>
       <LongitudeDegrees>100.4372510</LongitudeDegrees>
      </Position>
      <AltitudeMeters>5.9</AltitudeMeters>
      <DistanceMeters>3591.4</DistanceMeters>
      <HeartRateBpm>
       <Value>165</Value>
      </HeartRateBpm>
      <Extensions>
       <TPX xmlns="http://www.garmin.com/xmlschemas/ActivityExtension/v2">
        <Speed>3.0</Speed>
       </TPX>
      </Extensions>
     </Trackpoint>
     <Trackpoint>
      <Time>2026-08-18T10:34:57Z</Time>
      <Position>
       <LatitudeDegrees>5.2375720</LatitudeDegrees>
       <LongitudeDegrees>100.4372760</LongitudeDegrees>
      </Position>
      <AltitudeMeters>5.9</AltitudeMeters>
      <DistanceMeters>3594.6</DistanceMeters>
      <HeartRateBpm>
       <Value>165</Value>
      </HeartRateBpm>
      <Extensions>
       <TPX xmlns="http://www.garmin.com/xmlschemas/ActivityExtension/v2">
        <Speed>3.0</Speed>
       </TPX>
      </Extensions>
     </Trackpoint>
     <Trackpoint>
      <Time>2026-08-18T10:34:58Z</Time>
      <Position>
       <LatitudeDegrees>5.2375970</LatitudeDegrees>
       <LongitudeDegrees>100.4373140</LongitudeDegrees>
      </Position>
      <AltitudeMeters>5.9</AltitudeMeters>
      <DistanceMeters>3599.6</DistanceMeters>
      <HeartRateBpm>
       <Value>165</Value>
      </HeartRateBpm>
      <Extensions>
       <TPX xmlns="http://www.garmin.com/xmlschemas/ActivityExtension/v2">
        <Speed>3.4</Speed>
       </TPX>
      </Extensions>
     </Trackpoint>
     <Trackpoint>
      <Time>2026-08-18T10:34:59Z</Time>
      <Position>
       <LatitudeDegrees>5.2376030</LatitudeDegrees>
       <LongitudeDegrees>100.4373390</LongitudeDegrees>
      </Position>
      <AltitudeMeters>5.9</AltitudeMeters>
      <DistanceMeters>3602.4</DistanceMeters>
      <HeartRateBpm>
       <Value>166</Value>
      </HeartRateBpm>
      <Extensions>
       <TPX xmlns="http://www.garmin.com/xmlschemas/ActivityExtension/v2">
        <Speed>3.5</Speed>
       </TPX>
      </Extensions>
     </Trackpoint>
     <Trackpoint>
      <Time>2026-08-18T10:35:00Z</Time>
      <Position>
       <LatitudeDegrees>5.2376080</LatitudeDegrees>
       <LongitudeDegrees>100.4373690</LongitudeDegrees>
      </Position>
      <AltitudeMeters>5.9</AltitudeMeters>
      <DistanceMeters>3605.8</DistanceMeters>
      <HeartRateBpm>
       <Value>166</Value>
      </HeartRateBpm>
      <Extensions>
       <TPX xmlns="http://www.garmin.com/xmlschemas/ActivityExtension/v2">
        <Speed>3.5</Speed>
       </TPX>
      </Extensions>
     </Trackpoint>
     <Trackpoint>
      <Time>2026-08-18T10:35:01Z</Time>
      <Position>
       <LatitudeDegrees>5.2376140</LatitudeDegrees>
       <LongitudeDegrees>100.4374000</LongitudeDegrees>
      </Position>
      <AltitudeMeters>5.9</AltitudeMeters>
      <DistanceMeters>3609.3</DistanceMeters>
      <HeartRateBpm>
       <Value>165</Value>
      </HeartRateBpm>
      <Extensions>
       <TPX xmlns="http://www.garmin.com/xmlschemas/ActivityExtension/v2">
        <Speed>3.6</Speed>
       </TPX>
      </Extensions>
     </Trackpoint>
     <Trackpoint>
      <Time>2026-08-18T10:35:02Z</Time>
      <Position>
       <LatitudeDegrees>5.2376190</LatitudeDegrees>
       <LongitudeDegrees>100.4374320</LongitudeDegrees>
      </Position>
      <AltitudeMeters>5.9</AltitudeMeters>
      <DistanceMeters>3613.0</DistanceMeters>
      <HeartRateBpm>
       <Value>165</Value>
      </HeartRateBpm>
      <Extensions>
       <TPX xmlns="http://www.garmin.com/xmlschemas/ActivityExtension/v2">
        <Speed>3.7</Speed>
       </TPX>
      </Extensions>
     </Trackpoint>
     <Trackpoint>
      <Time>2026-08-18T10:35:03Z</Time>
      <Position>
       <LatitudeDegrees>5.2376250</LatitudeDegrees>
       <LongitudeDegrees>100.4374600</LongitudeDegrees>
      </Position>
      <AltitudeMeters>5.9</AltitudeMeters>
      <DistanceMeters>3616.1</DistanceMeters>
      <HeartRateBpm>
       <Value>165</Value>
      </HeartRateBpm>
      <Extensions>
       <TPX xmlns="http://www.garmin.com/xmlschemas/ActivityExtension/v2">
        <Speed>3.3</Speed>
       </TPX>
      </Extensions>
     </Trackpoint>
     <Trackpoint>
      <Time>2026-08-18T10:35:04Z</Time>
      <Position>
       <LatitudeDegrees>5.2376380</LatitudeDegrees>
       <LongitudeDegrees>100.4374920</LongitudeDegrees>
      </Position>
      <AltitudeMeters>5.9</AltitudeMeters>
      <DistanceMeters>3619.9</DistanceMeters>
      <HeartRateBpm>
       <Value>165</Value>
      </HeartRateBpm>
      <Extensions>
       <TPX xmlns="http://www.garmin.com/xmlschemas/ActivityExtension/v2">
        <Speed>3.5</Speed>
       </TPX>
      </Extensions>
     </Trackpoint>
     <Trackpoint>
      <Time>2026-08-18T10:35:05Z</Time>
      <Position>
       <LatitudeDegrees>5.2376490</LatitudeDegrees>
       <LongitudeDegrees>100.4375230</LongitudeDegrees>
      </Position>
      <AltitudeMeters>5.9</AltitudeMeters>
      <DistanceMeters>3623.6</DistanceMeters>
      <HeartRateBpm>
       <Value>165</Value>
      </HeartRateBpm>
      <Extensions>
       <TPX xmlns="http://www.garmin.com/xmlschemas/ActivityExtension/v2">
        <Speed>3.6</Speed>
       </TPX>
      </Extensions>
     </Trackpoint>
     <Trackpoint>
      <Time>2026-08-18T10:35:06Z</Time>
      <Position>
       <LatitudeDegrees>5.2376590</LatitudeDegrees>
       <LongitudeDegrees>100.4375520</LongitudeDegrees>
      </Position>
      <AltitudeMeters>5.9</AltitudeMeters>
      <DistanceMeters>3626.9</DistanceMeters>
      <HeartRateBpm>
       <Value>165</Value>
      </HeartRateBpm>
      <Extensions>
       <TPX xmlns="http://www.garmin.com/xmlschemas/ActivityExtension/v2">
        <Speed>3.5</Speed>
       </TPX>
      </Extensions>
     </Trackpoint>
     <Trackpoint>
      <Time>2026-08-18T10:35:07Z</Time>
      <Position>
       <LatitudeDegrees>5.2376660</LatitudeDegrees>
       <LongitudeDegrees>100.4375800</LongitudeDegrees>
      </Position>
      <AltitudeMeters>5.9</AltitudeMeters>
      <DistanceMeters>3630.2</DistanceMeters>
      <HeartRateBpm>
       <Value>164</Value>
      </HeartRateBpm>
      <Extensions>
       <TPX xmlns="http://www.garmin.com/xmlschemas/ActivityExtension/v2">
        <Speed>3.4</Speed>
       </TPX>
      </Extensions>
     </Trackpoint>
     <Trackpoint>
      <Time>2026-08-18T10:35:08Z</Time>
      <Position>
       <LatitudeDegrees>5.2376720</LatitudeDegrees>
       <LongitudeDegrees>100.4376100</LongitudeDegrees>
      </Position>
      <AltitudeMeters>5.9</AltitudeMeters>
      <DistanceMeters>3633.6</DistanceMeters>
      <HeartRateBpm>
       <Value>164</Value>
      </HeartRateBpm>
      <Extensions>
       <TPX xmlns="http://www.garmin.com/xmlschemas/ActivityExtension/v2">
        <Speed>3.5</Speed>
       </TPX>
      </Extensions>
     </Trackpoint>
     <Trackpoint>
      <Time>2026-08-18T10:35:09Z</Time>
      <Position>
       <LatitudeDegrees>5.2376780</LatitudeDegrees>
       <LongitudeDegrees>100.4376390</LongitudeDegrees>
      </Position>
      <AltitudeMeters>5.9</AltitudeMeters>
      <DistanceMeters>3636.9</DistanceMeters>
      <HeartRateBpm>
       <Value>165</Value>
      </HeartRateBpm>
      <Extensions>
       <TPX xmlns="http://www.garmin.com/xmlschemas/ActivityExtension/v2">
        <Speed>3.4</Speed>
       </TPX>
      </Extensions>
     </Trackpoint>
     <Trackpoint>
      <Time>2026-08-18T10:35:10Z</Time>
      <Position>
       <LatitudeDegrees>5.2376820</LatitudeDegrees>
       <LongitudeDegrees>100.4376720</LongitudeDegrees>
      </Position>
      <AltitudeMeters>5.9</AltitudeMeters>
      <DistanceMeters>3640.6</DistanceMeters>
      <HeartRateBpm>
       <Value>165</Value>
      </HeartRateBpm>
      <Extensions>
       <TPX xmlns="http://www.garmin.com/xmlschemas/ActivityExtension/v2">
        <Speed>3.4</Speed>
       </TPX>
      </Extensions>
     </Trackpoint>
     <Trackpoint>
      <Time>2026-08-18T10:35:11Z</Time>
      <Position>
       <LatitudeDegrees>5.2376840</LatitudeDegrees>
       <LongitudeDegrees>100.4377150</LongitudeDegrees>
      </Position>
      <AltitudeMeters>5.9</AltitudeMeters>
      <DistanceMeters>3645.3</DistanceMeters>
      <HeartRateBpm>
       <Value>166</Value>
      </HeartRateBpm>
      <Extensions>
       <TPX xmlns="http://www.garmin.com/xmlschemas/ActivityExtension/v2">
        <Speed>3.7</Speed>
       </TPX>
      </Extensions>
     </Trackpoint>
     <Trackpoint>
      <Time>2026-08-18T10:35:12Z</Time>
      <Position>
       <LatitudeDegrees>5.2376920</LatitudeDegrees>
       <LongitudeDegrees>100.4377390</LongitudeDegrees>
      </Position>
      <AltitudeMeters>5.9</AltitudeMeters>
      <DistanceMeters>3648.1</DistanceMeters>
      <HeartRateBpm>
       <Value>166</Value>
      </HeartRateBpm>
      <Extensions>
       <TPX xmlns="http://www.garmin.com/xmlschemas/ActivityExtension/v2">
        <Speed>3.6</Speed>
       </TPX>
      </Extensions>
     </Trackpoint>
     <Trackpoint>
      <Time>2026-08-18T10:35:13Z</Time>
      <Position>
       <LatitudeDegrees>5.2377010</LatitudeDegrees>
       <LongitudeDegrees>100.4377680</LongitudeDegrees>
      </Position>
      <AltitudeMeters>5.9</AltitudeMeters>
      <DistanceMeters>3651.5</DistanceMeters>
      <HeartRateBpm>
       <Value>166</Value>
      </HeartRateBpm>
      <Extensions>
       <TPX xmlns="http://www.garmin.com/xmlschemas/ActivityExtension/v2">
        <Speed>3.6</Speed>
       </TPX>
      </Extensions>
     </Trackpoint>
     <Trackpoint>
      <Time>2026-08-18T10:35:14Z</Time>
      <Position>
       <LatitudeDegrees>5.2377110</LatitudeDegrees>
       <LongitudeDegrees>100.4377960</LongitudeDegrees>
      </Position>
      <AltitudeMeters>5.9</AltitudeMeters>
      <DistanceMeters>3654.8</DistanceMeters>
      <HeartRateBpm>
       <Value>166</Value>
      </HeartRateBpm>
      <Extensions>
       <TPX xmlns="http://www.garmin.com/xmlschemas/ActivityExtension/v2">
        <Speed>3.6</Speed>
       </TPX>
      </Extensions>
     </Trackpoint>
     <Trackpoint>
      <Time>2026-08-18T10:35:15Z</Time>
      <Position>
       <LatitudeDegrees>5.2377180</LatitudeDegrees>
       <LongitudeDegrees>100.4378250</LongitudeDegrees>
      </Position>
      <AltitudeMeters>5.9</AltitudeMeters>
      <DistanceMeters>3658.1</DistanceMeters>
      <HeartRateBpm>
       <Value>166</Value>
      </HeartRateBpm>
      <Extensions>
       <TPX xmlns="http://www.garmin.com/xmlschemas/ActivityExtension/v2">
        <Speed>3.5</Speed>
       </TPX>
      </Extensions>
     </Trackpoint>
     <Trackpoint>
      <Time>2026-08-18T10:35:16Z</Time>
      <Position>
       <LatitudeDegrees>5.2377250</LatitudeDegrees>
       <LongitudeDegrees>100.4378610</LongitudeDegrees>
      </Position>
      <AltitudeMeters>5.9</AltitudeMeters>
      <DistanceMeters>3662.1</DistanceMeters>
      <HeartRateBpm>
       <Value>166</Value>
      </HeartRateBpm>
      <Extensions>
       <TPX xmlns="http://www.garmin.com/xmlschemas/ActivityExtension/v2">
        <Speed>3.4</Speed>
       </TPX>
      </Extensions>
     </Trackpoint>
     <Trackpoint>
      <Time>2026-08-18T10:35:17Z</Time>
      <Position>
       <LatitudeDegrees>5.2377270</LatitudeDegrees>
       <LongitudeDegrees>100.4378950</LongitudeDegrees>
      </Position>
      <AltitudeMeters>5.9</AltitudeMeters>
      <DistanceMeters>3665.9</DistanceMeters>
      <HeartRateBpm>
       <Value>166</Value>
      </HeartRateBpm>
      <Extensions>
       <TPX xmlns="http://www.garmin.com/xmlschemas/ActivityExtension/v2">
        <Speed>3.6</Speed>
       </TPX>
      </Extensions>
     </Trackpoint>
     <Trackpoint>
      <Time>2026-08-18T10:35:18Z</Time>
      <Position>
       <LatitudeDegrees>5.2377310</LatitudeDegrees>
       <LongitudeDegrees>100.4379320</LongitudeDegrees>
      </Position>
      <AltitudeMeters>5.9</AltitudeMeters>
      <DistanceMeters>3670.0</DistanceMeters>
      <HeartRateBpm>
       <Value>165</Value>
      </HeartRateBpm>
      <Extensions>
       <TPX xmlns="http://www.garmin.com/xmlschemas/ActivityExtension/v2">
        <Speed>3.7</Speed>
       </TPX>
      </Extensions>
     </Trackpoint>
     <Trackpoint>
      <Time>2026-08-18T10:35:19Z</Time>
      <Position>
       <LatitudeDegrees>5.2377360</LatitudeDegrees>
       <LongitudeDegrees>100.4379620</LongitudeDegrees>
      </Position>
      <AltitudeMeters>5.9</AltitudeMeters>
      <DistanceMeters>3673.4</DistanceMeters>
      <HeartRateBpm>
       <Value>165</Value>
      </HeartRateBpm>
      <Extensions>
       <TPX xmlns="http://www.garmin.com/xmlschemas/ActivityExtension/v2">
        <Speed>3.7</Speed>
       </TPX>
      </Extensions>
     </Trackpoint>
     <Trackpoint>
      <Time>2026-08-18T10:35:20Z</Time>
      <Position>
       <LatitudeDegrees>5.2377430</LatitudeDegrees>
       <LongitudeDegrees>100.4379970</LongitudeDegrees>
      </Position>
      <AltitudeMeters>5.9</AltitudeMeters>
      <DistanceMeters>3677.3</DistanceMeters>
      <HeartRateBpm>
       <Value>165</Value>
      </HeartRateBpm>
      <Extensions>
       <TPX xmlns="http://www.garmin.com/xmlschemas/ActivityExtension/v2">
        <Speed>3.8</Speed>
       </TPX>
      </Extensions>
     </Trackpoint>
     <Trackpoint>
      <Time>2026-08-18T10:35:21Z</Time>
      <Position>
       <LatitudeDegrees>5.2377510</LatitudeDegrees>
       <LongitudeDegrees>100.4380290</LongitudeDegrees>
      </Position>
      <AltitudeMeters>5.9</AltitudeMeters>
      <DistanceMeters>3681.0</DistanceMeters>
      <HeartRateBpm>
       <Value>165</Value>
      </HeartRateBpm>
      <Extensions>
       <TPX xmlns="http://www.garmin.com/xmlschemas/ActivityExtension/v2">
        <Speed>3.8</Speed>
       </TPX>
      </Extensions>
     </Trackpoint>
     <Trackpoint>
      <Time>2026-08-18T10:35:22Z</Time>
      <Position>
       <LatitudeDegrees>5.2377580</LatitudeDegrees>
       <LongitudeDegrees>100.4380620</LongitudeDegrees>
      </Position>
      <AltitudeMeters>5.9</AltitudeMeters>
      <DistanceMeters>3684.7</DistanceMeters>
      <HeartRateBpm>
       <Value>165</Value>
      </HeartRateBpm>
      <Extensions>
       <TPX xmlns="http://www.garmin.com/xmlschemas/ActivityExtension/v2">
        <Speed>3.8</Speed>
       </TPX>
      </Extensions>
     </Trackpoint>
     <Trackpoint>
      <Time>2026-08-18T10:35:23Z</Time>
      <Position>
       <LatitudeDegrees>5.2377660</LatitudeDegrees>
       <LongitudeDegrees>100.4380930</LongitudeDegrees>
      </Position>
      <AltitudeMeters>5.9</AltitudeMeters>
      <DistanceMeters>3688.3</DistanceMeters>
      <HeartRateBpm>
       <Value>165</Value>
      </HeartRateBpm>
      <Extensions>
       <TPX xmlns="http://www.garmin.com/xmlschemas/ActivityExtension/v2">
        <Speed>3.7</Speed>
       </TPX>
      </Extensions>
     </Trackpoint>
     <Trackpoint>
      <Time>2026-08-18T10:35:24Z</Time>
      <Position>
       <LatitudeDegrees>5.2377730</LatitudeDegrees>
       <LongitudeDegrees>100.4381250</LongitudeDegrees>
      </Position>
      <AltitudeMeters>5.9</AltitudeMeters>
      <DistanceMeters>3691.9</DistanceMeters>
      <HeartRateBpm>
       <Value>164</Value>
      </HeartRateBpm>
      <Extensions>
       <TPX xmlns="http://www.garmin.com/xmlschemas/ActivityExtension/v2">
        <Speed>3.7</Speed>
       </TPX>
      </Extensions>
     </Trackpoint>
     <Trackpoint>
      <Time>2026-08-18T10:35:25Z</Time>
      <Position>
       <LatitudeDegrees>5.2377770</LatitudeDegrees>
       <LongitudeDegrees>100.4381520</LongitudeDegrees>
      </Position>
      <AltitudeMeters>5.9</AltitudeMeters>
      <DistanceMeters>3694.9</DistanceMeters>
      <HeartRateBpm>
       <Value>165</Value>
      </HeartRateBpm>
      <Extensions>
       <TPX xmlns="http://www.garmin.com/xmlschemas/ActivityExtension/v2">
        <Speed>3.5</Speed>
       </TPX>
      </Extensions>
     </Trackpoint>
     <Trackpoint>
      <Time>2026-08-18T10:35:26Z</Time>
      <Position>
       <LatitudeDegrees>5.2377780</LatitudeDegrees>
       <LongitudeDegrees>100.4381870</LongitudeDegrees>
      </Position>
      <AltitudeMeters>5.9</AltitudeMeters>
      <DistanceMeters>3698.8</DistanceMeters>
      <HeartRateBpm>
       <Value>165</Value>
      </HeartRateBpm>
      <Extensions>
       <TPX xmlns="http://www.garmin.com/xmlschemas/ActivityExtension/v2">
        <Speed>3.6</Speed>
       </TPX>
      </Extensions>
     </Trackpoint>
     <Trackpoint>
      <Time>2026-08-18T10:35:27Z</Time>
      <Position>
       <LatitudeDegrees>5.2377750</LatitudeDegrees>
       <LongitudeDegrees>100.4382220</LongitudeDegrees>
      </Position>
      <AltitudeMeters>5.9</AltitudeMeters>
      <DistanceMeters>3702.7</DistanceMeters>
      <HeartRateBpm>
       <Value>166</Value>
      </HeartRateBpm>
      <Extensions>
       <TPX xmlns="http://www.garmin.com/xmlschemas/ActivityExtension/v2">
        <Speed>3.6</Speed>
       </TPX>
      </Extensions>
     </Trackpoint>
     <Trackpoint>
      <Time>2026-08-18T10:35:28Z</Time>
      <Position>
       <LatitudeDegrees>5.2377740</LatitudeDegrees>
       <LongitudeDegrees>100.4382550</LongitudeDegrees>
      </Position>
      <AltitudeMeters>5.9</AltitudeMeters>
      <DistanceMeters>3706.3</DistanceMeters>
      <HeartRateBpm>
       <Value>166</Value>
      </HeartRateBpm>
      <Extensions>
       <TPX xmlns="http://www.garmin.com/xmlschemas/ActivityExtension/v2">
        <Speed>3.6</Speed>
       </TPX>
      </Extensions>
     </Trackpoint>
     <Trackpoint>
      <Time>2026-08-18T10:35:29Z</Time>
      <Position>
       <LatitudeDegrees>5.2377760</LatitudeDegrees>
       <LongitudeDegrees>100.4382860</LongitudeDegrees>
      </Position>
      <AltitudeMeters>5.9</AltitudeMeters>
      <DistanceMeters>3709.8</DistanceMeters>
      <HeartRateBpm>
       <Value>165</Value>
      </HeartRateBpm>
      <Extensions>
       <TPX xmlns="http://www.garmin.com/xmlschemas/ActivityExtension/v2">
        <Speed>3.6</Speed>
       </TPX>
      </Extensions>
     </Trackpoint>
     <Trackpoint>
      <Time>2026-08-18T10:35:30Z</Time>
      <Position>
       <LatitudeDegrees>5.2377810</LatitudeDegrees>
       <LongitudeDegrees>100.4383270</LongitudeDegrees>
      </Position>
      <AltitudeMeters>5.9</AltitudeMeters>
      <DistanceMeters>3714.3</DistanceMeters>
      <HeartRateBpm>
       <Value>165</Value>
      </HeartRateBpm>
      <Extensions>
       <TPX xmlns="http://www.garmin.com/xmlschemas/ActivityExtension/v2">
        <Speed>3.9</Speed>
       </TPX>
      </Extensions>
     </Trackpoint>
     <Trackpoint>
      <Time>2026-08-18T10:35:31Z</Time>
      <Position>
       <LatitudeDegrees>5.2377810</LatitudeDegrees>
       <LongitudeDegrees>100.4383500</LongitudeDegrees>
      </Position>
      <AltitudeMeters>5.9</AltitudeMeters>
      <DistanceMeters>3716.9</DistanceMeters>
      <HeartRateBpm>
       <Value>165</Value>
      </HeartRateBpm>
      <Extensions>
       <TPX xmlns="http://www.garmin.com/xmlschemas/ActivityExtension/v2">
        <Speed>3.6</Speed>
       </TPX>
      </Extensions>
     </Trackpoint>
     <Trackpoint>
      <Time>2026-08-18T10:35:32Z</Time>
      <Position>
       <LatitudeDegrees>5.2377770</LatitudeDegrees>
       <LongitudeDegrees>100.4383770</LongitudeDegrees>
      </Position>
      <AltitudeMeters>5.9</AltitudeMeters>
      <DistanceMeters>3719.9</DistanceMeters>
      <HeartRateBpm>
       <Value>165</Value>
      </HeartRateBpm>
      <Extensions>
       <TPX xmlns="http://www.garmin.com/xmlschemas/ActivityExtension/v2">
        <Speed>3.4</Speed>
       </TPX>
      </Extensions>
     </Trackpoint>
     <Trackpoint>
      <Time>2026-08-18T10:35:33Z</Time>
      <Position>
       <LatitudeDegrees>5.2377730</LatitudeDegrees>
       <LongitudeDegrees>100.4384040</LongitudeDegrees>
      </Position>
      <AltitudeMeters>5.9</AltitudeMeters>
      <DistanceMeters>3722.9</DistanceMeters>
      <HeartRateBpm>
       <Value>165</Value>
      </HeartRateBpm>
      <Extensions>
       <TPX xmlns="http://www.garmin.com/xmlschemas/ActivityExtension/v2">
        <Speed>3.3</Speed>
       </TPX>
      </Extensions>
     </Trackpoint>
     <Trackpoint>
      <Time>2026-08-18T10:35:34Z</Time>
      <Position>
       <LatitudeDegrees>5.2377650</LatitudeDegrees>
       <LongitudeDegrees>100.4384310</LongitudeDegrees>
      </Position>
      <AltitudeMeters>5.9</AltitudeMeters>
      <DistanceMeters>3726.0</DistanceMeters>
      <HeartRateBpm>
       <Value>166</Value>
      </HeartRateBpm>
      <Extensions>
       <TPX xmlns="http://www.garmin.com/xmlschemas/ActivityExtension/v2">
        <Speed>3.2</Speed>
       </TPX>
      </Extensions>
     </Trackpoint>
     <Trackpoint>
      <Time>2026-08-18T10:35:35Z</Time>
      <Position>
       <LatitudeDegrees>5.2377600</LatitudeDegrees>
       <LongitudeDegrees>100.4384600</LongitudeDegrees>
      </Position>
      <AltitudeMeters>5.9</AltitudeMeters>
      <DistanceMeters>3729.3</DistanceMeters>
      <HeartRateBpm>
       <Value>166</Value>
      </HeartRateBpm>
      <Extensions>
       <TPX xmlns="http://www.garmin.com/xmlschemas/ActivityExtension/v2">
        <Speed>3.0</Speed>
       </TPX>
      </Extensions>
     </Trackpoint>
     <Trackpoint>
      <Time>2026-08-18T10:35:36Z</Time>
      <Position>
       <LatitudeDegrees>5.2377590</LatitudeDegrees>
       <LongitudeDegrees>100.4384890</LongitudeDegrees>
      </Position>
      <AltitudeMeters>5.9</AltitudeMeters>
      <DistanceMeters>3732.5</DistanceMeters>
      <HeartRateBpm>
       <Value>166</Value>
      </HeartRateBpm>
      <Extensions>
       <TPX xmlns="http://www.garmin.com/xmlschemas/ActivityExtension/v2">
        <Speed>3.1</Speed>
       </TPX>
      </Extensions>
     </Trackpoint>
     <Trackpoint>
      <Time>2026-08-18T10:35:37Z</Time>
      <Position>
       <LatitudeDegrees>5.2377600</LatitudeDegrees>
       <LongitudeDegrees>100.4385220</LongitudeDegrees>
      </Position>
      <AltitudeMeters>5.9</AltitudeMeters>
      <DistanceMeters>3736.1</DistanceMeters>
      <HeartRateBpm>
       <Value>166</Value>
      </HeartRateBpm>
      <Extensions>
       <TPX xmlns="http://www.garmin.com/xmlschemas/ActivityExtension/v2">
        <Speed>3.2</Speed>
       </TPX>
      </Extensions>
     </Trackpoint>
     <Trackpoint>
      <Time>2026-08-18T10:35:38Z</Time>
      <Position>
       <LatitudeDegrees>5.2377630</LatitudeDegrees>
       <LongitudeDegrees>100.4385520</LongitudeDegrees>
      </Position>
      <AltitudeMeters>5.9</AltitudeMeters>
      <DistanceMeters>3739.5</DistanceMeters>
      <HeartRateBpm>
       <Value>165</Value>
      </HeartRateBpm>
      <Extensions>
       <TPX xmlns="http://www.garmin.com/xmlschemas/ActivityExtension/v2">
        <Speed>3.3</Speed>
       </TPX>
      </Extensions>
     </Trackpoint>
     <Trackpoint>
      <Time>2026-08-18T10:35:39Z</Time>
      <Position>
       <LatitudeDegrees>5.2377650</LatitudeDegrees>
       <LongitudeDegrees>100.4385860</LongitudeDegrees>
      </Position>
      <AltitudeMeters>5.9</AltitudeMeters>
      <DistanceMeters>3743.3</DistanceMeters>
      <HeartRateBpm>
       <Value>166</Value>
      </HeartRateBpm>
      <Extensions>
       <TPX xmlns="http://www.garmin.com/xmlschemas/ActivityExtension/v2">
        <Speed>3.5</Speed>
       </TPX>
      </Extensions>
     </Trackpoint>
     <Trackpoint>
      <Time>2026-08-18T10:35:40Z</Time>
      <Position>
       <LatitudeDegrees>5.2377610</LatitudeDegrees>
       <LongitudeDegrees>100.4386190</LongitudeDegrees>
      </Position>
      <AltitudeMeters>5.9</AltitudeMeters>
      <DistanceMeters>3746.9</DistanceMeters>
      <HeartRateBpm>
       <Value>166</Value>
      </HeartRateBpm>
      <Extensions>
       <TPX xmlns="http://www.garmin.com/xmlschemas/ActivityExtension/v2">
        <Speed>3.5</Speed>
       </TPX>
      </Extensions>
     </Trackpoint>
     <Trackpoint>
      <Time>2026-08-18T10:35:41Z</Time>
      <Position>
       <LatitudeDegrees>5.2377530</LatitudeDegrees>
       <LongitudeDegrees>100.4386470</LongitudeDegrees>
      </Position>
      <AltitudeMeters>5.9</AltitudeMeters>
      <DistanceMeters>3750.2</DistanceMeters>
      <HeartRateBpm>
       <Value>166</Value>
      </HeartRateBpm>
      <Extensions>
       <TPX xmlns="http://www.garmin.com/xmlschemas/ActivityExtension/v2">
        <Speed>3.5</Speed>
       </TPX>
      </Extensions>
     </Trackpoint>
     <Trackpoint>
      <Time>2026-08-18T10:35:42Z</Time>
      <Position>
       <LatitudeDegrees>5.2377430</LatitudeDegrees>
       <LongitudeDegrees>100.4386750</LongitudeDegrees>
      </Position>
      <AltitudeMeters>5.9</AltitudeMeters>
      <DistanceMeters>3753.4</DistanceMeters>
      <HeartRateBpm>
       <Value>167</Value>
      </HeartRateBpm>
      <Extensions>
       <TPX xmlns="http://www.garmin.com/xmlschemas/ActivityExtension/v2">
        <Speed>3.5</Speed>
       </TPX>
      </Extensions>
     </Trackpoint>
     <Trackpoint>
      <Time>2026-08-18T10:35:43Z</Time>
      <Position>
       <LatitudeDegrees>5.2377460</LatitudeDegrees>
       <LongitudeDegrees>100.4387240</LongitudeDegrees>
      </Position>
      <AltitudeMeters>5.9</AltitudeMeters>
      <DistanceMeters>3758.9</DistanceMeters>
      <HeartRateBpm>
       <Value>167</Value>
      </HeartRateBpm>
      <Extensions>
       <TPX xmlns="http://www.garmin.com/xmlschemas/ActivityExtension/v2">
        <Speed>3.9</Speed>
       </TPX>
      </Extensions>
     </Trackpoint>
     <Trackpoint>
      <Time>2026-08-18T10:35:44Z</Time>
      <Position>
       <LatitudeDegrees>5.2377280</LatitudeDegrees>
       <LongitudeDegrees>100.4387630</LongitudeDegrees>
      </Position>
      <AltitudeMeters>5.9</AltitudeMeters>
      <DistanceMeters>3763.7</DistanceMeters>
      <HeartRateBpm>
       <Value>166</Value>
      </HeartRateBpm>
      <Extensions>
       <TPX xmlns="http://www.garmin.com/xmlschemas/ActivityExtension/v2">
        <Speed>4.1</Speed>
       </TPX>
      </Extensions>
     </Trackpoint>
     <Trackpoint>
      <Time>2026-08-18T10:35:45Z</Time>
      <Position>
       <LatitudeDegrees>5.2377090</LatitudeDegrees>
       <LongitudeDegrees>100.4387940</LongitudeDegrees>
      </Position>
      <AltitudeMeters>5.9</AltitudeMeters>
      <DistanceMeters>3767.7</DistanceMeters>
      <HeartRateBpm>
       <Value>166</Value>
      </HeartRateBpm>
      <Extensions>
       <TPX xmlns="http://www.garmin.com/xmlschemas/ActivityExtension/v2">
        <Speed>4.2</Speed>
       </TPX>
      </Extensions>
     </Trackpoint>
     <Trackpoint>
      <Time>2026-08-18T10:35:46Z</Time>
      <Position>
       <LatitudeDegrees>5.2376900</LatitudeDegrees>
       <LongitudeDegrees>100.4388210</LongitudeDegrees>
      </Position>
      <AltitudeMeters>5.9</AltitudeMeters>
      <DistanceMeters>3771.3</DistanceMeters>
      <HeartRateBpm>
       <Value>166</Value>
      </HeartRateBpm>
      <Extensions>
       <TPX xmlns="http://www.garmin.com/xmlschemas/ActivityExtension/v2">
        <Speed>4.2</Speed>
       </TPX>
      </Extensions>
     </Trackpoint>
     <Trackpoint>
      <Time>2026-08-18T10:35:47Z</Time>
      <Position>
       <LatitudeDegrees>5.2376770</LatitudeDegrees>
       <LongitudeDegrees>100.4388480</LongitudeDegrees>
      </Position>
      <AltitudeMeters>5.9</AltitudeMeters>
      <DistanceMeters>3774.7</DistanceMeters>
      <HeartRateBpm>
       <Value>167</Value>
      </HeartRateBpm>
      <Extensions>
       <TPX xmlns="http://www.garmin.com/xmlschemas/ActivityExtension/v2">
        <Speed>4.3</Speed>
       </TPX>
      </Extensions>
     </Trackpoint>
     <Trackpoint>
      <Time>2026-08-18T10:35:48Z</Time>
      <Position>
       <LatitudeDegrees>5.2376650</LatitudeDegrees>
       <LongitudeDegrees>100.4388800</LongitudeDegrees>
      </Position>
      <AltitudeMeters>5.9</AltitudeMeters>
      <DistanceMeters>3778.5</DistanceMeters>
      <HeartRateBpm>
       <Value>166</Value>
      </HeartRateBpm>
      <Extensions>
       <TPX xmlns="http://www.garmin.com/xmlschemas/ActivityExtension/v2">
        <Speed>3.9</Speed>
       </TPX>
      </Extensions>
     </Trackpoint>
     <Trackpoint>
      <Time>2026-08-18T10:35:49Z</Time>
      <Position>
       <LatitudeDegrees>5.2376440</LatitudeDegrees>
       <LongitudeDegrees>100.4388990</LongitudeDegrees>
      </Position>
      <AltitudeMeters>5.9</AltitudeMeters>
      <DistanceMeters>3781.6</DistanceMeters>
      <HeartRateBpm>
       <Value>167</Value>
      </HeartRateBpm>
      <Extensions>
       <TPX xmlns="http://www.garmin.com/xmlschemas/ActivityExtension/v2">
        <Speed>3.6</Speed>
       </TPX>
      </Extensions>
     </Trackpoint>
     <Trackpoint>
      <Time>2026-08-18T10:35:50Z</Time>
      <Position>
       <LatitudeDegrees>5.2375950</LatitudeDegrees>
       <LongitudeDegrees>100.4389130</LongitudeDegrees>
      </Position>
      <AltitudeMeters>5.9</AltitudeMeters>
      <DistanceMeters>3787.3</DistanceMeters>
      <HeartRateBpm>
       <Value>167</Value>
      </HeartRateBpm>
      <Extensions>
       <TPX xmlns="http://www.garmin.com/xmlschemas/ActivityExtension/v2">
        <Speed>3.9</Speed>
       </TPX>
      </Extensions>
     </Trackpoint>
     <Trackpoint>
      <Time>2026-08-18T10:35:51Z</Time>
      <Position>
       <LatitudeDegrees>5.2375710</LatitudeDegrees>
       <LongitudeDegrees>100.4389150</LongitudeDegrees>
      </Position>
      <AltitudeMeters>5.9</AltitudeMeters>
      <DistanceMeters>3790.0</DistanceMeters>
      <HeartRateBpm>
       <Value>167</Value>
      </HeartRateBpm>
      <Extensions>
       <TPX xmlns="http://www.garmin.com/xmlschemas/ActivityExtension/v2">
        <Speed>3.7</Speed>
       </TPX>
      </Extensions>
     </Trackpoint>
     <Trackpoint>
      <Time>2026-08-18T10:35:52Z</Time>
      <Position>
       <LatitudeDegrees>5.2375420</LatitudeDegrees>
       <LongitudeDegrees>100.4389170</LongitudeDegrees>
      </Position>
      <AltitudeMeters>5.9</AltitudeMeters>
      <DistanceMeters>3793.2</DistanceMeters>
      <HeartRateBpm>
       <Value>166</Value>
      </HeartRateBpm>
      <Extensions>
       <TPX xmlns="http://www.garmin.com/xmlschemas/ActivityExtension/v2">
        <Speed>3.7</Speed>
       </TPX>
      </Extensions>
     </Trackpoint>
     <Trackpoint>
      <Time>2026-08-18T10:35:53Z</Time>
      <Position>
       <LatitudeDegrees>5.2375110</LatitudeDegrees>
       <LongitudeDegrees>100.4389120</LongitudeDegrees>
      </Position>
      <AltitudeMeters>5.9</AltitudeMeters>
      <DistanceMeters>3796.7</DistanceMeters>
      <HeartRateBpm>
       <Value>166</Value>
      </HeartRateBpm>
      <Extensions>
       <TPX xmlns="http://www.garmin.com/xmlschemas/ActivityExtension/v2">
        <Speed>3.6</Speed>
       </TPX>
      </Extensions>
     </Trackpoint>
     <Trackpoint>
      <Time>2026-08-18T10:35:54Z</Time>
      <Position>
       <LatitudeDegrees>5.2374810</LatitudeDegrees>
       <LongitudeDegrees>100.4389030</LongitudeDegrees>
      </Position>
      <AltitudeMeters>5.9</AltitudeMeters>
      <DistanceMeters>3800.1</DistanceMeters>
      <HeartRateBpm>
       <Value>166</Value>
      </HeartRateBpm>
      <Extensions>
       <TPX xmlns="http://www.garmin.com/xmlschemas/ActivityExtension/v2">
        <Speed>3.7</Speed>
       </TPX>
      </Extensions>
     </Trackpoint>
     <Trackpoint>
      <Time>2026-08-18T10:35:55Z</Time>
      <Position>
       <LatitudeDegrees>5.2374560</LatitudeDegrees>
       <LongitudeDegrees>100.4389020</LongitudeDegrees>
      </Position>
      <AltitudeMeters>5.9</AltitudeMeters>
      <DistanceMeters>3802.9</DistanceMeters>
      <HeartRateBpm>
       <Value>165</Value>
      </HeartRateBpm>
      <Extensions>
       <TPX xmlns="http://www.garmin.com/xmlschemas/ActivityExtension/v2">
        <Speed>3.1</Speed>
       </TPX>
      </Extensions>
     </Trackpoint>
     <Trackpoint>
      <Time>2026-08-18T10:35:56Z</Time>
      <Position>
       <LatitudeDegrees>5.2374260</LatitudeDegrees>
       <LongitudeDegrees>100.4389020</LongitudeDegrees>
      </Position>
      <AltitudeMeters>5.9</AltitudeMeters>
      <DistanceMeters>3806.3</DistanceMeters>
      <HeartRateBpm>
       <Value>165</Value>
      </HeartRateBpm>
      <Extensions>
       <TPX xmlns="http://www.garmin.com/xmlschemas/ActivityExtension/v2">
        <Speed>3.3</Speed>
       </TPX>
      </Extensions>
     </Trackpoint>
     <Trackpoint>
      <Time>2026-08-18T10:35:57Z</Time>
      <Position>
       <LatitudeDegrees>5.2373940</LatitudeDegrees>
       <LongitudeDegrees>100.4389020</LongitudeDegrees>
      </Position>
      <AltitudeMeters>5.9</AltitudeMeters>
      <DistanceMeters>3809.8</DistanceMeters>
      <HeartRateBpm>
       <Value>165</Value>
      </HeartRateBpm>
      <Extensions>
       <TPX xmlns="http://www.garmin.com/xmlschemas/ActivityExtension/v2">
        <Speed>3.3</Speed>
       </TPX>
      </Extensions>
     </Trackpoint>
     <Trackpoint>
      <Time>2026-08-18T10:35:58Z</Time>
      <Position>
       <LatitudeDegrees>5.2373620</LatitudeDegrees>
       <LongitudeDegrees>100.4389030</LongitudeDegrees>
      </Position>
      <AltitudeMeters>5.9</AltitudeMeters>
      <DistanceMeters>3813.4</DistanceMeters>
      <HeartRateBpm>
       <Value>165</Value>
      </HeartRateBpm>
      <Extensions>
       <TPX xmlns="http://www.garmin.com/xmlschemas/ActivityExtension/v2">
        <Speed>3.3</Speed>
       </TPX>
      </Extensions>
     </Trackpoint>
     <Trackpoint>
      <Time>2026-08-18T10:35:59Z</Time>
      <Position>
       <LatitudeDegrees>5.2373230</LatitudeDegrees>
       <LongitudeDegrees>100.4389120</LongitudeDegrees>
      </Position>
      <AltitudeMeters>5.9</AltitudeMeters>
      <DistanceMeters>3817.9</DistanceMeters>
      <HeartRateBpm>
       <Value>165</Value>
      </HeartRateBpm>
      <Extensions>
       <TPX xmlns="http://www.garmin.com/xmlschemas/ActivityExtension/v2">
        <Speed>3.6</Speed>
       </TPX>
      </Extensions>
     </Trackpoint>
     <Trackpoint>
      <Time>2026-08-18T10:36:00Z</Time>
      <Position>
       <LatitudeDegrees>5.2372860</LatitudeDegrees>
       <LongitudeDegrees>100.4389240</LongitudeDegrees>
      </Position>
      <AltitudeMeters>5.9</AltitudeMeters>
      <DistanceMeters>3822.2</DistanceMeters>
      <HeartRateBpm>
       <Value>166</Value>
      </HeartRateBpm>
      <Extensions>
       <TPX xmlns="http://www.garmin.com/xmlschemas/ActivityExtension/v2">
        <Speed>3.9</Speed>
       </TPX>
      </Extensions>
     </Trackpoint>
     <Trackpoint>
      <Time>2026-08-18T10:36:01Z</Time>
      <Position>
       <LatitudeDegrees>5.2372490</LatitudeDegrees>
       <LongitudeDegrees>100.4389390</LongitudeDegrees>
      </Position>
      <AltitudeMeters>5.9</AltitudeMeters>
      <DistanceMeters>3826.6</DistanceMeters>
      <HeartRateBpm>
       <Value>167</Value>
      </HeartRateBpm>
      <Extensions>
       <TPX xmlns="http://www.garmin.com/xmlschemas/ActivityExtension/v2">
        <Speed>4.1</Speed>
       </TPX>
      </Extensions>
     </Trackpoint>
     <Trackpoint>
      <Time>2026-08-18T10:36:02Z</Time>
      <Position>
       <LatitudeDegrees>5.2372170</LatitudeDegrees>
       <LongitudeDegrees>100.4389500</LongitudeDegrees>
      </Position>
      <AltitudeMeters>5.9</AltitudeMeters>
      <DistanceMeters>3830.4</DistanceMeters>
      <HeartRateBpm>
       <Value>168</Value>
      </HeartRateBpm>
      <Extensions>
       <TPX xmlns="http://www.garmin.com/xmlschemas/ActivityExtension/v2">
        <Speed>4.1</Speed>
       </TPX>
      </Extensions>
     </Trackpoint>
     <Trackpoint>
      <Time>2026-08-18T10:36:03Z</Time>
      <Position>
       <LatitudeDegrees>5.2371800</LatitudeDegrees>
       <LongitudeDegrees>100.4389630</LongitudeDegrees>
      </Position>
      <AltitudeMeters>5.9</AltitudeMeters>
      <DistanceMeters>3834.7</DistanceMeters>
      <HeartRateBpm>
       <Value>168</Value>
      </HeartRateBpm>
      <Extensions>
       <TPX xmlns="http://www.garmin.com/xmlschemas/ActivityExtension/v2">
        <Speed>4.3</Speed>
       </TPX>
      </Extensions>
     </Trackpoint>
     <Trackpoint>
      <Time>2026-08-18T10:36:04Z</Time>
      <Position>
       <LatitudeDegrees>5.2371390</LatitudeDegrees>
       <LongitudeDegrees>100.4389880</LongitudeDegrees>
      </Position>
      <AltitudeMeters>5.9</AltitudeMeters>
      <DistanceMeters>3840.1</DistanceMeters>
      <HeartRateBpm>
       <Value>167</Value>
      </HeartRateBpm>
      <Extensions>
       <TPX xmlns="http://www.garmin.com/xmlschemas/ActivityExtension/v2">
        <Speed>4.4</Speed>
       </TPX>
      </Extensions>
     </Trackpoint>
     <Trackpoint>
      <Time>2026-08-18T10:36:05Z</Time>
      <Position>
       <LatitudeDegrees>5.2371090</LatitudeDegrees>
       <LongitudeDegrees>100.4390010</LongitudeDegrees>
      </Position>
      <AltitudeMeters>5.9</AltitudeMeters>
      <DistanceMeters>3843.7</DistanceMeters>
      <HeartRateBpm>
       <Value>167</Value>
      </HeartRateBpm>
      <Extensions>
       <TPX xmlns="http://www.garmin.com/xmlschemas/ActivityExtension/v2">
        <Speed>4.3</Speed>
       </TPX>
      </Extensions>
     </Trackpoint>
     <Trackpoint>
      <Time>2026-08-18T10:36:06Z</Time>
      <Position>
       <LatitudeDegrees>5.2370780</LatitudeDegrees>
       <LongitudeDegrees>100.4390140</LongitudeDegrees>
      </Position>
      <AltitudeMeters>5.8</AltitudeMeters>
      <DistanceMeters>3847.4</DistanceMeters>
      <HeartRateBpm>
       <Value>166</Value>
      </HeartRateBpm>
      <Extensions>
       <TPX xmlns="http://www.garmin.com/xmlschemas/ActivityExtension/v2">
        <Speed>4.2</Speed>
       </TPX>
      </Extensions>
     </Trackpoint>
     <Trackpoint>
      <Time>2026-08-18T10:36:07Z</Time>
      <Position>
       <LatitudeDegrees>5.2370490</LatitudeDegrees>
       <LongitudeDegrees>100.4390250</LongitudeDegrees>
      </Position>
      <AltitudeMeters>5.8</AltitudeMeters>
      <DistanceMeters>3850.9</DistanceMeters>
      <HeartRateBpm>
       <Value>166</Value>
      </HeartRateBpm>
      <Extensions>
       <TPX xmlns="http://www.garmin.com/xmlschemas/ActivityExtension/v2">
        <Speed>4.1</Speed>
       </TPX>
      </Extensions>
     </Trackpoint>
     <Trackpoint>
      <Time>2026-08-18T10:36:08Z</Time>
      <Position>
       <LatitudeDegrees>5.2370210</LatitudeDegrees>
       <LongitudeDegrees>100.4390340</LongitudeDegrees>
      </Position>
      <AltitudeMeters>5.8</AltitudeMeters>
      <DistanceMeters>3854.2</DistanceMeters>
      <HeartRateBpm>
       <Value>166</Value>
      </HeartRateBpm>
      <Extensions>
       <TPX xmlns="http://www.garmin.com/xmlschemas/ActivityExtension/v2">
        <Speed>3.9</Speed>
       </TPX>
      </Extensions>
     </Trackpoint>
     <Trackpoint>
      <Time>2026-08-18T10:36:09Z</Time>
      <Position>
       <LatitudeDegrees>5.2369940</LatitudeDegrees>
       <LongitudeDegrees>100.4390430</LongitudeDegrees>
      </Position>
      <AltitudeMeters>5.8</AltitudeMeters>
      <DistanceMeters>3857.3</DistanceMeters>
      <HeartRateBpm>
       <Value>166</Value>
      </HeartRateBpm>
      <Extensions>
       <TPX xmlns="http://www.garmin.com/xmlschemas/ActivityExtension/v2">
        <Speed>3.4</Speed>
       </TPX>
      </Extensions>
     </Trackpoint>
     <Trackpoint>
      <Time>2026-08-18T10:36:10Z</Time>
      <Position>
       <LatitudeDegrees>5.2369680</LatitudeDegrees>
       <LongitudeDegrees>100.4390560</LongitudeDegrees>
      </Position>
      <AltitudeMeters>5.8</AltitudeMeters>
      <DistanceMeters>3860.5</DistanceMeters>
      <HeartRateBpm>
       <Value>166</Value>
      </HeartRateBpm>
      <Extensions>
       <TPX xmlns="http://www.garmin.com/xmlschemas/ActivityExtension/v2">
        <Speed>3.4</Speed>
       </TPX>
      </Extensions>
     </Trackpoint>
     <Trackpoint>
      <Time>2026-08-18T10:36:11Z</Time>
      <Position>
       <LatitudeDegrees>5.2369390</LatitudeDegrees>
       <LongitudeDegrees>100.4390660</LongitudeDegrees>
      </Position>
      <AltitudeMeters>5.8</AltitudeMeters>
      <DistanceMeters>3864.0</DistanceMeters>
      <HeartRateBpm>
       <Value>167</Value>
      </HeartRateBpm>
      <Extensions>
       <TPX xmlns="http://www.garmin.com/xmlschemas/ActivityExtension/v2">
        <Speed>3.3</Speed>
       </TPX>
      </Extensions>
     </Trackpoint>
     <Trackpoint>
      <Time>2026-08-18T10:36:12Z</Time>
      <Position>
       <LatitudeDegrees>5.2369040</LatitudeDegrees>
       <LongitudeDegrees>100.4390700</LongitudeDegrees>
      </Position>
      <AltitudeMeters>5.8</AltitudeMeters>
      <DistanceMeters>3867.9</DistanceMeters>
      <HeartRateBpm>
       <Value>167</Value>
      </HeartRateBpm>
      <Extensions>
       <TPX xmlns="http://www.garmin.com/xmlschemas/ActivityExtension/v2">
        <Speed>3.4</Speed>
       </TPX>
      </Extensions>
     </Trackpoint>
     <Trackpoint>
      <Time>2026-08-18T10:36:13Z</Time>
      <Position>
       <LatitudeDegrees>5.2368720</LatitudeDegrees>
       <LongitudeDegrees>100.4390770</LongitudeDegrees>
      </Position>
      <AltitudeMeters>5.8</AltitudeMeters>
      <DistanceMeters>3871.6</DistanceMeters>
      <HeartRateBpm>
       <Value>165</Value>
      </HeartRateBpm>
      <Extensions>
       <TPX xmlns="http://www.garmin.com/xmlschemas/ActivityExtension/v2">
        <Speed>3.5</Speed>
       </TPX>
      </Extensions>
     </Trackpoint>
     <Trackpoint>
      <Time>2026-08-18T10:36:14Z</Time>
      <Position>
       <LatitudeDegrees>5.2368400</LatitudeDegrees>
       <LongitudeDegrees>100.4390850</LongitudeDegrees>
      </Position>
      <AltitudeMeters>5.8</AltitudeMeters>
      <DistanceMeters>3875.2</DistanceMeters>
      <HeartRateBpm>
       <Value>165</Value>
      </HeartRateBpm>
      <Extensions>
       <TPX xmlns="http://www.garmin.com/xmlschemas/ActivityExtension/v2">
        <Speed>3.6</Speed>
       </TPX>
      </Extensions>
     </Trackpoint>
     <Trackpoint>
      <Time>2026-08-18T10:36:15Z</Time>
      <Position>
       <LatitudeDegrees>5.2368070</LatitudeDegrees>
       <LongitudeDegrees>100.4390880</LongitudeDegrees>
      </Position>
      <AltitudeMeters>5.7</AltitudeMeters>
      <DistanceMeters>3878.9</DistanceMeters>
      <HeartRateBpm>
       <Value>165</Value>
      </HeartRateBpm>
      <Extensions>
       <TPX xmlns="http://www.garmin.com/xmlschemas/ActivityExtension/v2">
        <Speed>3.7</Speed>
       </TPX>
      </Extensions>
     </Trackpoint>
     <Trackpoint>
      <Time>2026-08-18T10:36:16Z</Time>
      <Position>
       <LatitudeDegrees>5.2367710</LatitudeDegrees>
       <LongitudeDegrees>100.4390820</LongitudeDegrees>
      </Position>
      <AltitudeMeters>5.7</AltitudeMeters>
      <DistanceMeters>3882.9</DistanceMeters>
      <HeartRateBpm>
       <Value>166</Value>
      </HeartRateBpm>
      <Extensions>
       <TPX xmlns="http://www.garmin.com/xmlschemas/ActivityExtension/v2">
        <Speed>3.8</Speed>
       </TPX>
      </Extensions>
     </Trackpoint>
     <Trackpoint>
      <Time>2026-08-18T10:36:17Z</Time>
      <Position>
       <LatitudeDegrees>5.2367460</LatitudeDegrees>
       <LongitudeDegrees>100.4390820</LongitudeDegrees>
      </Position>
      <AltitudeMeters>5.7</AltitudeMeters>
      <DistanceMeters>3885.7</DistanceMeters>
      <HeartRateBpm>
       <Value>166</Value>
      </HeartRateBpm>
      <Extensions>
       <TPX xmlns="http://www.garmin.com/xmlschemas/ActivityExtension/v2">
        <Speed>3.6</Speed>
       </TPX>
      </Extensions>
     </Trackpoint>
     <Trackpoint>
      <Time>2026-08-18T10:36:18Z</Time>
      <Position>
       <LatitudeDegrees>5.2367280</LatitudeDegrees>
       <LongitudeDegrees>100.4390880</LongitudeDegrees>
      </Position>
      <AltitudeMeters>5.7</AltitudeMeters>
      <DistanceMeters>3887.8</DistanceMeters>
      <HeartRateBpm>
       <Value>166</Value>
      </HeartRateBpm>
      <Extensions>
       <TPX xmlns="http://www.garmin.com/xmlschemas/ActivityExtension/v2">
        <Speed>3.2</Speed>
       </TPX>
      </Extensions>
     </Trackpoint>
     <Trackpoint>
      <Time>2026-08-18T10:36:19Z</Time>
      <Position>
       <LatitudeDegrees>5.2367090</LatitudeDegrees>
       <LongitudeDegrees>100.4390940</LongitudeDegrees>
      </Position>
      <AltitudeMeters>5.7</AltitudeMeters>
      <DistanceMeters>3890.0</DistanceMeters>
      <HeartRateBpm>
       <Value>166</Value>
      </HeartRateBpm>
      <Extensions>
       <TPX xmlns="http://www.garmin.com/xmlschemas/ActivityExtension/v2">
        <Speed>3.0</Speed>
       </TPX>
      </Extensions>
     </Trackpoint>
     <Trackpoint>
      <Time>2026-08-18T10:36:20Z</Time>
      <Position>
       <LatitudeDegrees>5.2366880</LatitudeDegrees>
       <LongitudeDegrees>100.4390980</LongitudeDegrees>
      </Position>
      <AltitudeMeters>5.7</AltitudeMeters>
      <DistanceMeters>3892.3</DistanceMeters>
      <HeartRateBpm>
       <Value>167</Value>
      </HeartRateBpm>
      <Extensions>
       <TPX xmlns="http://www.garmin.com/xmlschemas/ActivityExtension/v2">
        <Speed>2.7</Speed>
       </TPX>
      </Extensions>
     </Trackpoint>
     <Trackpoint>
      <Time>2026-08-18T10:36:21Z</Time>
      <Position>
       <LatitudeDegrees>5.2366680</LatitudeDegrees>
       <LongitudeDegrees>100.4390980</LongitudeDegrees>
      </Position>
      <AltitudeMeters>5.7</AltitudeMeters>
      <DistanceMeters>3894.5</DistanceMeters>
      <HeartRateBpm>
       <Value>166</Value>
      </HeartRateBpm>
      <Extensions>
       <TPX xmlns="http://www.garmin.com/xmlschemas/ActivityExtension/v2">
        <Speed>2.3</Speed>
       </TPX>
      </Extensions>
     </Trackpoint>
     <Trackpoint>
      <Time>2026-08-18T10:36:22Z</Time>
      <Position>
       <LatitudeDegrees>5.2366510</LatitudeDegrees>
       <LongitudeDegrees>100.4390980</LongitudeDegrees>
      </Position>
      <AltitudeMeters>5.7</AltitudeMeters>
      <DistanceMeters>3896.4</DistanceMeters>
      <HeartRateBpm>
       <Value>165</Value>
      </HeartRateBpm>
      <Extensions>
       <TPX xmlns="http://www.garmin.com/xmlschemas/ActivityExtension/v2">
        <Speed>2.1</Speed>
       </TPX>
      </Extensions>
     </Trackpoint>
     <Trackpoint>
      <Time>2026-08-18T10:36:23Z</Time>
      <Position>
       <LatitudeDegrees>5.2366330</LatitudeDegrees>
       <LongitudeDegrees>100.4391030</LongitudeDegrees>
      </Position>
      <AltitudeMeters>5.7</AltitudeMeters>
      <DistanceMeters>3898.5</DistanceMeters>
      <HeartRateBpm>
       <Value>165</Value>
      </HeartRateBpm>
      <Extensions>
       <TPX xmlns="http://www.garmin.com/xmlschemas/ActivityExtension/v2">
        <Speed>2.1</Speed>
       </TPX>
      </Extensions>
     </Trackpoint>
     <Trackpoint>
      <Time>2026-08-18T10:36:24Z</Time>
      <Position>
       <LatitudeDegrees>5.2366140</LatitudeDegrees>
       <LongitudeDegrees>100.4391080</LongitudeDegrees>
      </Position>
      <AltitudeMeters>5.7</AltitudeMeters>
      <DistanceMeters>3900.7</DistanceMeters>
      <HeartRateBpm>
       <Value>165</Value>
      </HeartRateBpm>
      <Extensions>
       <TPX xmlns="http://www.garmin.com/xmlschemas/ActivityExtension/v2">
        <Speed>2.1</Speed>
       </TPX>
      </Extensions>
     </Trackpoint>
     <Trackpoint>
      <Time>2026-08-18T10:36:25Z</Time>
      <Position>
       <LatitudeDegrees>5.2365880</LatitudeDegrees>
       <LongitudeDegrees>100.4391230</LongitudeDegrees>
      </Position>
      <AltitudeMeters>5.6</AltitudeMeters>
      <DistanceMeters>3904.1</DistanceMeters>
      <HeartRateBpm>
       <Value>165</Value>
      </HeartRateBpm>
      <Extensions>
       <TPX xmlns="http://www.garmin.com/xmlschemas/ActivityExtension/v2">
        <Speed>2.4</Speed>
       </TPX>
      </Extensions>
     </Trackpoint>
     <Trackpoint>
      <Time>2026-08-18T10:36:26Z</Time>
      <Position>
       <LatitudeDegrees>5.2365650</LatitudeDegrees>
       <LongitudeDegrees>100.4391340</LongitudeDegrees>
      </Position>
      <AltitudeMeters>5.6</AltitudeMeters>
      <DistanceMeters>3906.9</DistanceMeters>
      <HeartRateBpm>
       <Value>165</Value>
      </HeartRateBpm>
      <Extensions>
       <TPX xmlns="http://www.garmin.com/xmlschemas/ActivityExtension/v2">
        <Speed>2.5</Speed>
       </TPX>
      </Extensions>
     </Trackpoint>
     <Trackpoint>
      <Time>2026-08-18T10:36:27Z</Time>
      <Position>
       <LatitudeDegrees>5.2365400</LatitudeDegrees>
       <LongitudeDegrees>100.4391410</LongitudeDegrees>
      </Position>
      <AltitudeMeters>5.6</AltitudeMeters>
      <DistanceMeters>3909.8</DistanceMeters>
      <HeartRateBpm>
       <Value>166</Value>
      </HeartRateBpm>
      <Extensions>
       <TPX xmlns="http://www.garmin.com/xmlschemas/ActivityExtension/v2">
        <Speed>2.7</Speed>
       </TPX>
      </Extensions>
     </Trackpoint>
     <Trackpoint>
      <Time>2026-08-18T10:36:28Z</Time>
      <Position>
       <LatitudeDegrees>5.2365140</LatitudeDegrees>
       <LongitudeDegrees>100.4391460</LongitudeDegrees>
      </Position>
      <AltitudeMeters>5.6</AltitudeMeters>
      <DistanceMeters>3912.7</DistanceMeters>
      <HeartRateBpm>
       <Value>167</Value>
      </HeartRateBpm>
      <Extensions>
       <TPX xmlns="http://www.garmin.com/xmlschemas/ActivityExtension/v2">
        <Speed>2.8</Speed>
       </TPX>
      </Extensions>
     </Trackpoint>
     <Trackpoint>
      <Time>2026-08-18T10:36:29Z</Time>
      <Position>
       <LatitudeDegrees>5.2364880</LatitudeDegrees>
       <LongitudeDegrees>100.4391520</LongitudeDegrees>
      </Position>
      <AltitudeMeters>5.6</AltitudeMeters>
      <DistanceMeters>3915.7</DistanceMeters>
      <HeartRateBpm>
       <Value>167</Value>
      </HeartRateBpm>
      <Extensions>
       <TPX xmlns="http://www.garmin.com/xmlschemas/ActivityExtension/v2">
        <Speed>3.0</Speed>
       </TPX>
      </Extensions>
     </Trackpoint>
     <Trackpoint>
      <Time>2026-08-18T10:36:30Z</Time>
      <Position>
       <LatitudeDegrees>5.2364630</LatitudeDegrees>
       <LongitudeDegrees>100.4391570</LongitudeDegrees>
      </Position>
      <AltitudeMeters>5.6</AltitudeMeters>
      <DistanceMeters>3918.6</DistanceMeters>
      <HeartRateBpm>
       <Value>167</Value>
      </HeartRateBpm>
      <Extensions>
       <TPX xmlns="http://www.garmin.com/xmlschemas/ActivityExtension/v2">
        <Speed>2.9</Speed>
       </TPX>
      </Extensions>
     </Trackpoint>
     <Trackpoint>
      <Time>2026-08-18T10:36:31Z</Time>
      <Position>
       <LatitudeDegrees>5.2364350</LatitudeDegrees>
       <LongitudeDegrees>100.4391640</LongitudeDegrees>
      </Position>
      <AltitudeMeters>5.6</AltitudeMeters>
      <DistanceMeters>3921.8</DistanceMeters>
      <HeartRateBpm>
       <Value>167</Value>
      </HeartRateBpm>
      <Extensions>
       <TPX xmlns="http://www.garmin.com/xmlschemas/ActivityExtension/v2">
        <Speed>3.0</Speed>
       </TPX>
      </Extensions>
     </Trackpoint>
     <Trackpoint>
      <Time>2026-08-18T10:36:32Z</Time>
      <Position>
       <LatitudeDegrees>5.2364070</LatitudeDegrees>
       <LongitudeDegrees>100.4391710</LongitudeDegrees>
      </Position>
      <AltitudeMeters>5.5</AltitudeMeters>
      <DistanceMeters>3925.0</DistanceMeters>
      <HeartRateBpm>
       <Value>167</Value>
      </HeartRateBpm>
      <Extensions>
       <TPX xmlns="http://www.garmin.com/xmlschemas/ActivityExtension/v2">
        <Speed>3.0</Speed>
       </TPX>
      </Extensions>
     </Trackpoint>
     <Trackpoint>
      <Time>2026-08-18T10:36:33Z</Time>
      <Position>
       <LatitudeDegrees>5.2363810</LatitudeDegrees>
       <LongitudeDegrees>100.4391780</LongitudeDegrees>
      </Position>
      <AltitudeMeters>5.5</AltitudeMeters>
      <DistanceMeters>3928.0</DistanceMeters>
      <HeartRateBpm>
       <Value>167</Value>
      </HeartRateBpm>
      <Extensions>
       <TPX xmlns="http://www.garmin.com/xmlschemas/ActivityExtension/v2">
        <Speed>3.0</Speed>
       </TPX>
      </Extensions>
     </Trackpoint>
     <Trackpoint>
      <Time>2026-08-18T10:36:34Z</Time>
      <Position>
       <LatitudeDegrees>5.2363550</LatitudeDegrees>
       <LongitudeDegrees>100.4391840</LongitudeDegrees>
      </Position>
      <AltitudeMeters>5.5</AltitudeMeters>
      <DistanceMeters>3930.9</DistanceMeters>
      <HeartRateBpm>
       <Value>167</Value>
      </HeartRateBpm>
      <Extensions>
       <TPX xmlns="http://www.garmin.com/xmlschemas/ActivityExtension/v2">
        <Speed>3.0</Speed>
       </TPX>
      </Extensions>
     </Trackpoint>
     <Trackpoint>
      <Time>2026-08-18T10:36:35Z</Time>
      <Position>
       <LatitudeDegrees>5.2363250</LatitudeDegrees>
       <LongitudeDegrees>100.4391870</LongitudeDegrees>
      </Position>
      <AltitudeMeters>5.5</AltitudeMeters>
      <DistanceMeters>3934.3</DistanceMeters>
      <HeartRateBpm>
       <Value>167</Value>
      </HeartRateBpm>
      <Extensions>
       <TPX xmlns="http://www.garmin.com/xmlschemas/ActivityExtension/v2">
        <Speed>3.1</Speed>
       </TPX>
      </Extensions>
     </Trackpoint>
     <Trackpoint>
      <Time>2026-08-18T10:36:36Z</Time>
      <Position>
       <LatitudeDegrees>5.2362970</LatitudeDegrees>
       <LongitudeDegrees>100.4391880</LongitudeDegrees>
      </Position>
      <AltitudeMeters>5.5</AltitudeMeters>
      <DistanceMeters>3937.4</DistanceMeters>
      <HeartRateBpm>
       <Value>166</Value>
      </HeartRateBpm>
      <Extensions>
       <TPX xmlns="http://www.garmin.com/xmlschemas/ActivityExtension/v2">
        <Speed>3.1</Speed>
       </TPX>
      </Extensions>
     </Trackpoint>
     <Trackpoint>
      <Time>2026-08-18T10:36:37Z</Time>
      <Position>
       <LatitudeDegrees>5.2362670</LatitudeDegrees>
       <LongitudeDegrees>100.4391870</LongitudeDegrees>
      </Position>
      <AltitudeMeters>5.5</AltitudeMeters>
      <DistanceMeters>3940.7</DistanceMeters>
      <HeartRateBpm>
       <Value>167</Value>
      </HeartRateBpm>
      <Extensions>
       <TPX xmlns="http://www.garmin.com/xmlschemas/ActivityExtension/v2">
        <Speed>3.1</Speed>
       </TPX>
      </Extensions>
     </Trackpoint>
     <Trackpoint>
      <Time>2026-08-18T10:36:38Z</Time>
      <Position>
       <LatitudeDegrees>5.2362390</LatitudeDegrees>
       <LongitudeDegrees>100.4391820</LongitudeDegrees>
      </Position>
      <AltitudeMeters>5.5</AltitudeMeters>
      <DistanceMeters>3943.9</DistanceMeters>
      <HeartRateBpm>
       <Value>167</Value>
      </HeartRateBpm>
      <Extensions>
       <TPX xmlns="http://www.garmin.com/xmlschemas/ActivityExtension/v2">
        <Speed>3.2</Speed>
       </TPX>
      </Extensions>
     </Trackpoint>
     <Trackpoint>
      <Time>2026-08-18T10:36:39Z</Time>
      <Position>
       <LatitudeDegrees>5.2361990</LatitudeDegrees>
       <LongitudeDegrees>100.4391730</LongitudeDegrees>
      </Position>
      <AltitudeMeters>5.4</AltitudeMeters>
      <DistanceMeters>3948.4</DistanceMeters>
      <HeartRateBpm>
       <Value>167</Value>
      </HeartRateBpm>
      <Extensions>
       <TPX xmlns="http://www.garmin.com/xmlschemas/ActivityExtension/v2">
        <Speed>3.5</Speed>
       </TPX>
      </Extensions>
     </Trackpoint>
     <Trackpoint>
      <Time>2026-08-18T10:36:40Z</Time>
      <Position>
       <LatitudeDegrees>5.2361610</LatitudeDegrees>
       <LongitudeDegrees>100.4391630</LongitudeDegrees>
      </Position>
      <AltitudeMeters>5.4</AltitudeMeters>
      <DistanceMeters>3952.8</DistanceMeters>
      <HeartRateBpm>
       <Value>167</Value>
      </HeartRateBpm>
      <Extensions>
       <TPX xmlns="http://www.garmin.com/xmlschemas/ActivityExtension/v2">
        <Speed>3.7</Speed>
       </TPX>
      </Extensions>
     </Trackpoint>
     <Trackpoint>
      <Time>2026-08-18T10:36:41Z</Time>
      <Position>
       <LatitudeDegrees>5.2361340</LatitudeDegrees>
       <LongitudeDegrees>100.4391550</LongitudeDegrees>
      </Position>
      <AltitudeMeters>5.4</AltitudeMeters>
      <DistanceMeters>3955.9</DistanceMeters>
      <HeartRateBpm>
       <Value>167</Value>
      </HeartRateBpm>
      <Extensions>
       <TPX xmlns="http://www.garmin.com/xmlschemas/ActivityExtension/v2">
        <Speed>3.7</Speed>
       </TPX>
      </Extensions>
     </Trackpoint>
     <Trackpoint>
      <Time>2026-08-18T10:36:42Z</Time>
      <Position>
       <LatitudeDegrees>5.2360980</LatitudeDegrees>
       <LongitudeDegrees>100.4391460</LongitudeDegrees>
      </Position>
      <AltitudeMeters>5.4</AltitudeMeters>
      <DistanceMeters>3960.1</DistanceMeters>
      <HeartRateBpm>
       <Value>167</Value>
      </HeartRateBpm>
      <Extensions>
       <TPX xmlns="http://www.garmin.com/xmlschemas/ActivityExtension/v2">
        <Speed>3.9</Speed>
       </TPX>
      </Extensions>
     </Trackpoint>
     <Trackpoint>
      <Time>2026-08-18T10:36:43Z</Time>
      <Position>
       <LatitudeDegrees>5.2360640</LatitudeDegrees>
       <LongitudeDegrees>100.4391400</LongitudeDegrees>
      </Position>
      <AltitudeMeters>5.4</AltitudeMeters>
      <DistanceMeters>3963.9</DistanceMeters>
      <HeartRateBpm>
       <Value>167</Value>
      </HeartRateBpm>
      <Extensions>
       <TPX xmlns="http://www.garmin.com/xmlschemas/ActivityExtension/v2">
        <Speed>4.0</Speed>
       </TPX>
      </Extensions>
     </Trackpoint>
     <Trackpoint>
      <Time>2026-08-18T10:36:44Z</Time>
      <Position>
       <LatitudeDegrees>5.2360280</LatitudeDegrees>
       <LongitudeDegrees>100.4391390</LongitudeDegrees>
      </Position>
      <AltitudeMeters>5.3</AltitudeMeters>
      <DistanceMeters>3967.9</DistanceMeters>
      <HeartRateBpm>
       <Value>167</Value>
      </HeartRateBpm>
      <Extensions>
       <TPX xmlns="http://www.garmin.com/xmlschemas/ActivityExtension/v2">
        <Speed>3.9</Speed>
       </TPX>
      </Extensions>
     </Trackpoint>
     <Trackpoint>
      <Time>2026-08-18T10:36:45Z</Time>
      <Position>
       <LatitudeDegrees>5.2359910</LatitudeDegrees>
       <LongitudeDegrees>100.4391360</LongitudeDegrees>
      </Position>
      <AltitudeMeters>5.3</AltitudeMeters>
      <DistanceMeters>3972.1</DistanceMeters>
      <HeartRateBpm>
       <Value>167</Value>
      </HeartRateBpm>
      <Extensions>
       <TPX xmlns="http://www.garmin.com/xmlschemas/ActivityExtension/v2">
        <Speed>3.9</Speed>
       </TPX>
      </Extensions>
     </Trackpoint>
     <Trackpoint>
      <Time>2026-08-18T10:36:46Z</Time>
      <Position>
       <LatitudeDegrees>5.2359360</LatitudeDegrees>
       <LongitudeDegrees>100.4391360</LongitudeDegrees>
      </Position>
      <AltitudeMeters>5.3</AltitudeMeters>
      <DistanceMeters>3978.1</DistanceMeters>
      <HeartRateBpm>
       <Value>168</Value>
      </HeartRateBpm>
      <Extensions>
       <TPX xmlns="http://www.garmin.com/xmlschemas/ActivityExtension/v2">
        <Speed>4.4</Speed>
       </TPX>
      </Extensions>
     </Trackpoint>
     <Trackpoint>
      <Time>2026-08-18T10:36:47Z</Time>
      <Position>
       <LatitudeDegrees>5.2358950</LatitudeDegrees>
       <LongitudeDegrees>100.4391420</LongitudeDegrees>
      </Position>
      <AltitudeMeters>5.3</AltitudeMeters>
      <DistanceMeters>3982.8</DistanceMeters>
      <HeartRateBpm>
       <Value>167</Value>
      </HeartRateBpm>
      <Extensions>
       <TPX xmlns="http://www.garmin.com/xmlschemas/ActivityExtension/v2">
        <Speed>4.5</Speed>
       </TPX>
      </Extensions>
     </Trackpoint>
     <Trackpoint>
      <Time>2026-08-18T10:36:48Z</Time>
      <Position>
       <LatitudeDegrees>5.2358450</LatitudeDegrees>
       <LongitudeDegrees>100.4391630</LongitudeDegrees>
      </Position>
      <AltitudeMeters>5.3</AltitudeMeters>
      <DistanceMeters>3988.8</DistanceMeters>
      <HeartRateBpm>
       <Value>167</Value>
      </HeartRateBpm>
      <Extensions>
       <TPX xmlns="http://www.garmin.com/xmlschemas/ActivityExtension/v2">
        <Speed>5.0</Speed>
       </TPX>
      </Extensions>
     </Trackpoint>
     <Trackpoint>
      <Time>2026-08-18T10:36:49Z</Time>
      <Position>
       <LatitudeDegrees>5.2358100</LatitudeDegrees>
       <LongitudeDegrees>100.4391790</LongitudeDegrees>
      </Position>
      <AltitudeMeters>5.2</AltitudeMeters>
      <DistanceMeters>3993.0</DistanceMeters>
      <HeartRateBpm>
       <Value>167</Value>
      </HeartRateBpm>
      <Extensions>
       <TPX xmlns="http://www.garmin.com/xmlschemas/ActivityExtension/v2">
        <Speed>5.0</Speed>
       </TPX>
      </Extensions>
     </Trackpoint>
     <Trackpoint>
      <Time>2026-08-18T10:36:50Z</Time>
      <Position>
       <LatitudeDegrees>5.2357730</LatitudeDegrees>
       <LongitudeDegrees>100.4391920</LongitudeDegrees>
      </Position>
      <AltitudeMeters>5.2</AltitudeMeters>
      <DistanceMeters>3997.4</DistanceMeters>
      <HeartRateBpm>
       <Value>166</Value>
      </HeartRateBpm>
      <Extensions>
       <TPX xmlns="http://www.garmin.com/xmlschemas/ActivityExtension/v2">
        <Speed>5.1</Speed>
       </TPX>
      </Extensions>
     </Trackpoint>
     <Trackpoint>
      <Time>2026-08-18T10:36:51Z</Time>
      <Position>
       <LatitudeDegrees>5.2357350</LatitudeDegrees>
       <LongitudeDegrees>100.4392040</LongitudeDegrees>
      </Position>
      <AltitudeMeters>5.2</AltitudeMeters>
      <DistanceMeters>4001.8</DistanceMeters>
      <HeartRateBpm>
       <Value>167</Value>
      </HeartRateBpm>
      <Extensions>
       <TPX xmlns="http://www.garmin.com/xmlschemas/ActivityExtension/v2">
        <Speed>4.7</Speed>
       </TPX>
      </Extensions>
     </Trackpoint>
     <Trackpoint>
      <Time>2026-08-18T10:36:52Z</Time>
      <Position>
       <LatitudeDegrees>5.2356950</LatitudeDegrees>
       <LongitudeDegrees>100.4392120</LongitudeDegrees>
      </Position>
      <AltitudeMeters>5.2</AltitudeMeters>
      <DistanceMeters>4006.3</DistanceMeters>
      <HeartRateBpm>
       <Value>168</Value>
      </HeartRateBpm>
      <Extensions>
       <TPX xmlns="http://www.garmin.com/xmlschemas/ActivityExtension/v2">
        <Speed>4.7</Speed>
       </TPX>
      </Extensions>
     </Trackpoint>
     <Trackpoint>
      <Time>2026-08-18T10:36:53Z</Time>
      <Position>
       <LatitudeDegrees>5.2356640</LatitudeDegrees>
       <LongitudeDegrees>100.4392240</LongitudeDegrees>
      </Position>
      <AltitudeMeters>5.2</AltitudeMeters>
      <DistanceMeters>4010.1</DistanceMeters>
      <HeartRateBpm>
       <Value>168</Value>
      </HeartRateBpm>
      <Extensions>
       <TPX xmlns="http://www.garmin.com/xmlschemas/ActivityExtension/v2">
        <Speed>4.3</Speed>
       </TPX>
      </Extensions>
     </Trackpoint>
     <Trackpoint>
      <Time>2026-08-18T10:36:54Z</Time>
      <Position>
       <LatitudeDegrees>5.2356400</LatitudeDegrees>
       <LongitudeDegrees>100.4392420</LongitudeDegrees>
      </Position>
      <AltitudeMeters>5.2</AltitudeMeters>
      <DistanceMeters>4013.4</DistanceMeters>
      <HeartRateBpm>
       <Value>168</Value>
      </HeartRateBpm>
      <Extensions>
       <TPX xmlns="http://www.garmin.com/xmlschemas/ActivityExtension/v2">
        <Speed>4.1</Speed>
       </TPX>
      </Extensions>
     </Trackpoint>
     <Trackpoint>
      <Time>2026-08-18T10:36:55Z</Time>
      <Position>
       <LatitudeDegrees>5.2356190</LatitudeDegrees>
       <LongitudeDegrees>100.4392620</LongitudeDegrees>
      </Position>
      <AltitudeMeters>5.1</AltitudeMeters>
      <DistanceMeters>4016.7</DistanceMeters>
      <HeartRateBpm>
       <Value>168</Value>
      </HeartRateBpm>
      <Extensions>
       <TPX xmlns="http://www.garmin.com/xmlschemas/ActivityExtension/v2">
        <Speed>3.9</Speed>
       </TPX>
      </Extensions>
     </Trackpoint>
     <Trackpoint>
      <Time>2026-08-18T10:36:56Z</Time>
      <Position>
       <LatitudeDegrees>5.2355980</LatitudeDegrees>
       <LongitudeDegrees>100.4392830</LongitudeDegrees>
      </Position>
      <AltitudeMeters>5.1</AltitudeMeters>
      <DistanceMeters>4019.9</DistanceMeters>
      <HeartRateBpm>
       <Value>168</Value>
      </HeartRateBpm>
      <Extensions>
       <TPX xmlns="http://www.garmin.com/xmlschemas/ActivityExtension/v2">
        <Speed>3.6</Speed>
       </TPX>
      </Extensions>
     </Trackpoint>
     <Trackpoint>
      <Time>2026-08-18T10:36:57Z</Time>
      <Position>
       <LatitudeDegrees>5.2355730</LatitudeDegrees>
       <LongitudeDegrees>100.4393030</LongitudeDegrees>
      </Position>
      <AltitudeMeters>5.1</AltitudeMeters>
      <DistanceMeters>4023.5</DistanceMeters>
      <HeartRateBpm>
       <Value>168</Value>
      </HeartRateBpm>
      <Extensions>
       <TPX xmlns="http://www.garmin.com/xmlschemas/ActivityExtension/v2">
        <Speed>3.4</Speed>
       </TPX>
      </Extensions>
     </Trackpoint>
     <Trackpoint>
      <Time>2026-08-18T10:36:58Z</Time>
      <Position>
       <LatitudeDegrees>5.2355530</LatitudeDegrees>
       <LongitudeDegrees>100.4393280</LongitudeDegrees>
      </Position>
      <AltitudeMeters>5.1</AltitudeMeters>
      <DistanceMeters>4027.0</DistanceMeters>
      <HeartRateBpm>
       <Value>168</Value>
      </HeartRateBpm>
      <Extensions>
       <TPX xmlns="http://www.garmin.com/xmlschemas/ActivityExtension/v2">
        <Speed>3.4</Speed>
       </TPX>
      </Extensions>
     </Trackpoint>
     <Trackpoint>
      <Time>2026-08-18T10:36:59Z</Time>
      <Position>
       <LatitudeDegrees>5.2355330</LatitudeDegrees>
       <LongitudeDegrees>100.4393620</LongitudeDegrees>
      </Position>
      <AltitudeMeters>5.1</AltitudeMeters>
      <DistanceMeters>4031.4</DistanceMeters>
      <HeartRateBpm>
       <Value>167</Value>
      </HeartRateBpm>
      <Extensions>
       <TPX xmlns="http://www.garmin.com/xmlschemas/ActivityExtension/v2">
        <Speed>3.6</Speed>
       </TPX>
      </Extensions>
     </Trackpoint>
     <Trackpoint>
      <Time>2026-08-18T10:37:00Z</Time>
      <Position>
       <LatitudeDegrees>5.2355170</LatitudeDegrees>
       <LongitudeDegrees>100.4393960</LongitudeDegrees>
      </Position>
      <AltitudeMeters>5.1</AltitudeMeters>
      <DistanceMeters>4035.6</DistanceMeters>
      <HeartRateBpm>
       <Value>167</Value>
      </HeartRateBpm>
      <Extensions>
       <TPX xmlns="http://www.garmin.com/xmlschemas/ActivityExtension/v2">
        <Speed>3.8</Speed>
       </TPX>
      </Extensions>
     </Trackpoint>
     <Trackpoint>
      <Time>2026-08-18T10:37:01Z</Time>
      <Position>
       <LatitudeDegrees>5.2355000</LatitudeDegrees>
       <LongitudeDegrees>100.4394270</LongitudeDegrees>
      </Position>
      <AltitudeMeters>5.1</AltitudeMeters>
      <DistanceMeters>4039.5</DistanceMeters>
      <HeartRateBpm>
       <Value>167</Value>
      </HeartRateBpm>
      <Extensions>
       <TPX xmlns="http://www.garmin.com/xmlschemas/ActivityExtension/v2">
        <Speed>3.9</Speed>
       </TPX>
      </Extensions>
     </Trackpoint>
     <Trackpoint>
      <Time>2026-08-18T10:37:02Z</Time>
      <Position>
       <LatitudeDegrees>5.2354780</LatitudeDegrees>
       <LongitudeDegrees>100.4394510</LongitudeDegrees>
      </Position>
      <AltitudeMeters>5.1</AltitudeMeters>
      <DistanceMeters>4043.2</DistanceMeters>
      <HeartRateBpm>
       <Value>167</Value>
      </HeartRateBpm>
      <Extensions>
       <TPX xmlns="http://www.garmin.com/xmlschemas/ActivityExtension/v2">
        <Speed>3.9</Speed>
       </TPX>
      </Extensions>
     </Trackpoint>
     <Trackpoint>
      <Time>2026-08-18T10:37:03Z</Time>
      <Position>
       <LatitudeDegrees>5.2354480</LatitudeDegrees>
       <LongitudeDegrees>100.4394680</LongitudeDegrees>
      </Position>
      <AltitudeMeters>5.1</AltitudeMeters>
      <DistanceMeters>4046.9</DistanceMeters>
      <HeartRateBpm>
       <Value>167</Value>
      </HeartRateBpm>
      <Extensions>
       <TPX xmlns="http://www.garmin.com/xmlschemas/ActivityExtension/v2">
        <Speed>4.0</Speed>
       </TPX>
      </Extensions>
     </Trackpoint>
     <Trackpoint>
      <Time>2026-08-18T10:37:04Z</Time>
      <Position>
       <LatitudeDegrees>5.2354180</LatitudeDegrees>
       <LongitudeDegrees>100.4394840</LongitudeDegrees>
      </Position>
      <AltitudeMeters>5.1</AltitudeMeters>
      <DistanceMeters>4050.7</DistanceMeters>
      <HeartRateBpm>
       <Value>168</Value>
      </HeartRateBpm>
      <Extensions>
       <TPX xmlns="http://www.garmin.com/xmlschemas/ActivityExtension/v2">
        <Speed>3.9</Speed>
       </TPX>
      </Extensions>
     </Trackpoint>
     <Trackpoint>
      <Time>2026-08-18T10:37:05Z</Time>
      <Position>
       <LatitudeDegrees>5.2353880</LatitudeDegrees>
       <LongitudeDegrees>100.4394970</LongitudeDegrees>
      </Position>
      <AltitudeMeters>5.1</AltitudeMeters>
      <DistanceMeters>4054.3</DistanceMeters>
      <HeartRateBpm>
       <Value>167</Value>
      </HeartRateBpm>
      <Extensions>
       <TPX xmlns="http://www.garmin.com/xmlschemas/ActivityExtension/v2">
        <Speed>3.7</Speed>
       </TPX>
      </Extensions>
     </Trackpoint>
     <Trackpoint>
      <Time>2026-08-18T10:37:06Z</Time>
      <Position>
       <LatitudeDegrees>5.2353570</LatitudeDegrees>
       <LongitudeDegrees>100.4395060</LongitudeDegrees>
      </Position>
      <AltitudeMeters>5.1</AltitudeMeters>
      <DistanceMeters>4057.9</DistanceMeters>
      <HeartRateBpm>
       <Value>166</Value>
      </HeartRateBpm>
      <Extensions>
       <TPX xmlns="http://www.garmin.com/xmlschemas/ActivityExtension/v2">
        <Speed>3.7</Speed>
       </TPX>
      </Extensions>
     </Trackpoint>
     <Trackpoint>
      <Time>2026-08-18T10:37:07Z</Time>
      <Position>
       <LatitudeDegrees>5.2353260</LatitudeDegrees>
       <LongitudeDegrees>100.4395120</LongitudeDegrees>
      </Position>
      <AltitudeMeters>5.1</AltitudeMeters>
      <DistanceMeters>4061.5</DistanceMeters>
      <HeartRateBpm>
       <Value>166</Value>
      </HeartRateBpm>
      <Extensions>
       <TPX xmlns="http://www.garmin.com/xmlschemas/ActivityExtension/v2">
        <Speed>3.7</Speed>
       </TPX>
      </Extensions>
     </Trackpoint>
     <Trackpoint>
      <Time>2026-08-18T10:37:08Z</Time>
      <Position>
       <LatitudeDegrees>5.2352950</LatitudeDegrees>
       <LongitudeDegrees>100.4395170</LongitudeDegrees>
      </Position>
      <AltitudeMeters>5.1</AltitudeMeters>
      <DistanceMeters>4064.9</DistanceMeters>
      <HeartRateBpm>
       <Value>166</Value>
      </HeartRateBpm>
      <Extensions>
       <TPX xmlns="http://www.garmin.com/xmlschemas/ActivityExtension/v2">
        <Speed>3.6</Speed>
       </TPX>
      </Extensions>
     </Trackpoint>
     <Trackpoint>
      <Time>2026-08-18T10:37:09Z</Time>
      <Position>
       <LatitudeDegrees>5.2352680</LatitudeDegrees>
       <LongitudeDegrees>100.4395200</LongitudeDegrees>
      </Position>
      <AltitudeMeters>5.1</AltitudeMeters>
      <DistanceMeters>4068.0</DistanceMeters>
      <HeartRateBpm>
       <Value>166</Value>
      </HeartRateBpm>
      <Extensions>
       <TPX xmlns="http://www.garmin.com/xmlschemas/ActivityExtension/v2">
        <Speed>3.5</Speed>
       </TPX>
      </Extensions>
     </Trackpoint>
     <Trackpoint>
      <Time>2026-08-18T10:37:10Z</Time>
      <Position>
       <LatitudeDegrees>5.2352320</LatitudeDegrees>
       <LongitudeDegrees>100.4395190</LongitudeDegrees>
      </Position>
      <AltitudeMeters>5.1</AltitudeMeters>
      <DistanceMeters>4071.9</DistanceMeters>
      <HeartRateBpm>
       <Value>166</Value>
      </HeartRateBpm>
      <Extensions>
       <TPX xmlns="http://www.garmin.com/xmlschemas/ActivityExtension/v2">
        <Speed>3.5</Speed>
       </TPX>
      </Extensions>
     </Trackpoint>
     <Trackpoint>
      <Time>2026-08-18T10:37:11Z</Time>
      <Position>
       <LatitudeDegrees>5.2351920</LatitudeDegrees>
       <LongitudeDegrees>100.4395210</LongitudeDegrees>
      </Position>
      <AltitudeMeters>5.1</AltitudeMeters>
      <DistanceMeters>4076.5</DistanceMeters>
      <HeartRateBpm>
       <Value>167</Value>
      </HeartRateBpm>
      <Extensions>
       <TPX xmlns="http://www.garmin.com/xmlschemas/ActivityExtension/v2">
        <Speed>3.7</Speed>
       </TPX>
      </Extensions>
     </Trackpoint>
     <Trackpoint>
      <Time>2026-08-18T10:37:12Z</Time>
      <Position>
       <LatitudeDegrees>5.2351450</LatitudeDegrees>
       <LongitudeDegrees>100.4395220</LongitudeDegrees>
      </Position>
      <AltitudeMeters>5.1</AltitudeMeters>
      <DistanceMeters>4081.6</DistanceMeters>
      <HeartRateBpm>
       <Value>168</Value>
      </HeartRateBpm>
      <Extensions>
       <TPX xmlns="http://www.garmin.com/xmlschemas/ActivityExtension/v2">
        <Speed>4.0</Speed>
       </TPX>
      </Extensions>
     </Trackpoint>
     <Trackpoint>
      <Time>2026-08-18T10:37:13Z</Time>
      <Position>
       <LatitudeDegrees>5.2351060</LatitudeDegrees>
       <LongitudeDegrees>100.4395210</LongitudeDegrees>
      </Position>
      <AltitudeMeters>5.1</AltitudeMeters>
      <DistanceMeters>4086.0</DistanceMeters>
      <HeartRateBpm>
       <Value>167</Value>
      </HeartRateBpm>
      <Extensions>
       <TPX xmlns="http://www.garmin.com/xmlschemas/ActivityExtension/v2">
        <Speed>4.2</Speed>
       </TPX>
      </Extensions>
     </Trackpoint>
     <Trackpoint>
      <Time>2026-08-18T10:37:14Z</Time>
      <Position>
       <LatitudeDegrees>5.2350750</LatitudeDegrees>
       <LongitudeDegrees>100.4395210</LongitudeDegrees>
      </Position>
      <AltitudeMeters>5.1</AltitudeMeters>
      <DistanceMeters>4089.4</DistanceMeters>
      <HeartRateBpm>
       <Value>167</Value>
      </HeartRateBpm>
      <Extensions>
       <TPX xmlns="http://www.garmin.com/xmlschemas/ActivityExtension/v2">
        <Speed>4.3</Speed>
       </TPX>
      </Extensions>
     </Trackpoint>
     <Trackpoint>
      <Time>2026-08-18T10:37:15Z</Time>
      <Position>
       <LatitudeDegrees>5.2350540</LatitudeDegrees>
       <LongitudeDegrees>100.4395300</LongitudeDegrees>
      </Position>
      <AltitudeMeters>5.1</AltitudeMeters>
      <DistanceMeters>4091.9</DistanceMeters>
      <HeartRateBpm>
       <Value>168</Value>
      </HeartRateBpm>
      <Extensions>
       <TPX xmlns="http://www.garmin.com/xmlschemas/ActivityExtension/v2">
        <Speed>4.0</Speed>
       </TPX>
      </Extensions>
     </Trackpoint>
     <Trackpoint>
      <Time>2026-08-18T10:37:16Z</Time>
      <Position>
       <LatitudeDegrees>5.2350280</LatitudeDegrees>
       <LongitudeDegrees>100.4395410</LongitudeDegrees>
      </Position>
      <AltitudeMeters>5.1</AltitudeMeters>
      <DistanceMeters>4095.1</DistanceMeters>
      <HeartRateBpm>
       <Value>167</Value>
      </HeartRateBpm>
      <Extensions>
       <TPX xmlns="http://www.garmin.com/xmlschemas/ActivityExtension/v2">
        <Speed>3.7</Speed>
       </TPX>
      </Extensions>
     </Trackpoint>
     <Trackpoint>
      <Time>2026-08-18T10:37:17Z</Time>
      <Position>
       <LatitudeDegrees>5.2350010</LatitudeDegrees>
       <LongitudeDegrees>100.4395520</LongitudeDegrees>
      </Position>
      <AltitudeMeters>5.1</AltitudeMeters>
      <DistanceMeters>4098.4</DistanceMeters>
      <HeartRateBpm>
       <Value>167</Value>
      </HeartRateBpm>
      <Extensions>
       <TPX xmlns="http://www.garmin.com/xmlschemas/ActivityExtension/v2">
        <Speed>3.4</Speed>
       </TPX>
      </Extensions>
     </Trackpoint>
     <Trackpoint>
      <Time>2026-08-18T10:37:18Z</Time>
      <Position>
       <LatitudeDegrees>5.2349750</LatitudeDegrees>
       <LongitudeDegrees>100.4395600</LongitudeDegrees>
      </Position>
      <AltitudeMeters>5.1</AltitudeMeters>
      <DistanceMeters>4101.4</DistanceMeters>
      <HeartRateBpm>
       <Value>167</Value>
      </HeartRateBpm>
      <Extensions>
       <TPX xmlns="http://www.garmin.com/xmlschemas/ActivityExtension/v2">
        <Speed>3.1</Speed>
       </TPX>
      </Extensions>
     </Trackpoint>
     <Trackpoint>
      <Time>2026-08-18T10:37:19Z</Time>
      <Position>
       <LatitudeDegrees>5.2349490</LatitudeDegrees>
       <LongitudeDegrees>100.4395670</LongitudeDegrees>
      </Position>
      <AltitudeMeters>5.1</AltitudeMeters>
      <DistanceMeters>4104.4</DistanceMeters>
      <HeartRateBpm>
       <Value>168</Value>
      </HeartRateBpm>
      <Extensions>
       <TPX xmlns="http://www.garmin.com/xmlschemas/ActivityExtension/v2">
        <Speed>3.0</Speed>
       </TPX>
      </Extensions>
     </Trackpoint>
     <Trackpoint>
      <Time>2026-08-18T10:37:20Z</Time>
      <Position>
       <LatitudeDegrees>5.2349250</LatitudeDegrees>
       <LongitudeDegrees>100.4395750</LongitudeDegrees>
      </Position>
      <AltitudeMeters>5.1</AltitudeMeters>
      <DistanceMeters>4107.2</DistanceMeters>
      <HeartRateBpm>
       <Value>168</Value>
      </HeartRateBpm>
      <Extensions>
       <TPX xmlns="http://www.garmin.com/xmlschemas/ActivityExtension/v2">
        <Speed>3.1</Speed>
       </TPX>
      </Extensions>
     </Trackpoint>
     <Trackpoint>
      <Time>2026-08-18T10:37:21Z</Time>
      <Position>
       <LatitudeDegrees>5.2348980</LatitudeDegrees>
       <LongitudeDegrees>100.4395810</LongitudeDegrees>
      </Position>
      <AltitudeMeters>5.1</AltitudeMeters>
      <DistanceMeters>4110.3</DistanceMeters>
      <HeartRateBpm>
       <Value>168</Value>
      </HeartRateBpm>
      <Extensions>
       <TPX xmlns="http://www.garmin.com/xmlschemas/ActivityExtension/v2">
        <Speed>3.0</Speed>
       </TPX>
      </Extensions>
     </Trackpoint>
     <Trackpoint>
      <Time>2026-08-18T10:37:22Z</Time>
      <Position>
       <LatitudeDegrees>5.2348660</LatitudeDegrees>
       <LongitudeDegrees>100.4395910</LongitudeDegrees>
      </Position>
      <AltitudeMeters>5.1</AltitudeMeters>
      <DistanceMeters>4114.0</DistanceMeters>
      <HeartRateBpm>
       <Value>167</Value>
      </HeartRateBpm>
      <Extensions>
       <TPX xmlns="http://www.garmin.com/xmlschemas/ActivityExtension/v2">
        <Speed>3.1</Speed>
       </TPX>
      </Extensions>
     </Trackpoint>
     <Trackpoint>
      <Time>2026-08-18T10:37:23Z</Time>
      <Position>
       <LatitudeDegrees>5.2348350</LatitudeDegrees>
       <LongitudeDegrees>100.4395950</LongitudeDegrees>
      </Position>
      <AltitudeMeters>5.1</AltitudeMeters>
      <DistanceMeters>4117.5</DistanceMeters>
      <HeartRateBpm>
       <Value>167</Value>
      </HeartRateBpm>
      <Extensions>
       <TPX xmlns="http://www.garmin.com/xmlschemas/ActivityExtension/v2">
        <Speed>3.2</Speed>
       </TPX>
      </Extensions>
     </Trackpoint>
     <Trackpoint>
      <Time>2026-08-18T10:37:24Z</Time>
      <Position>
       <LatitudeDegrees>5.2348010</LatitudeDegrees>
       <LongitudeDegrees>100.4395970</LongitudeDegrees>
      </Position>
      <AltitudeMeters>5.1</AltitudeMeters>
      <DistanceMeters>4121.3</DistanceMeters>
      <HeartRateBpm>
       <Value>167</Value>
      </HeartRateBpm>
      <Extensions>
       <TPX xmlns="http://www.garmin.com/xmlschemas/ActivityExtension/v2">
        <Speed>3.4</Speed>
       </TPX>
      </Extensions>
     </Trackpoint>
     <Trackpoint>
      <Time>2026-08-18T10:37:25Z</Time>
      <Position>
       <LatitudeDegrees>5.2347630</LatitudeDegrees>
       <LongitudeDegrees>100.4396070</LongitudeDegrees>
      </Position>
      <AltitudeMeters>5.1</AltitudeMeters>
      <DistanceMeters>4125.6</DistanceMeters>
      <HeartRateBpm>
       <Value>167</Value>
      </HeartRateBpm>
      <Extensions>
       <TPX xmlns="http://www.garmin.com/xmlschemas/ActivityExtension/v2">
        <Speed>3.7</Speed>
       </TPX>
      </Extensions>
     </Trackpoint>
     <Trackpoint>
      <Time>2026-08-18T10:37:26Z</Time>
      <Position>
       <LatitudeDegrees>5.2347260</LatitudeDegrees>
       <LongitudeDegrees>100.4396160</LongitudeDegrees>
      </Position>
      <AltitudeMeters>5.1</AltitudeMeters>
      <DistanceMeters>4129.8</DistanceMeters>
      <HeartRateBpm>
       <Value>167</Value>
      </HeartRateBpm>
      <Extensions>
       <TPX xmlns="http://www.garmin.com/xmlschemas/ActivityExtension/v2">
        <Speed>3.9</Speed>
       </TPX>
      </Extensions>
     </Trackpoint>
     <Trackpoint>
      <Time>2026-08-18T10:37:27Z</Time>
      <Position>
       <LatitudeDegrees>5.2346890</LatitudeDegrees>
       <LongitudeDegrees>100.4396240</LongitudeDegrees>
      </Position>
      <AltitudeMeters>5.1</AltitudeMeters>
      <DistanceMeters>4134.0</DistanceMeters>
      <HeartRateBpm>
       <Value>167</Value>
      </HeartRateBpm>
      <Extensions>
       <TPX xmlns="http://www.garmin.com/xmlschemas/ActivityExtension/v2">
        <Speed>4.0</Speed>
       </TPX>
      </Extensions>
     </Trackpoint>
     <Trackpoint>
      <Time>2026-08-18T10:37:28Z</Time>
      <Position>
       <LatitudeDegrees>5.2346570</LatitudeDegrees>
       <LongitudeDegrees>100.4396260</LongitudeDegrees>
      </Position>
      <AltitudeMeters>5.1</AltitudeMeters>
      <DistanceMeters>4137.6</DistanceMeters>
      <HeartRateBpm>
       <Value>168</Value>
      </HeartRateBpm>
      <Extensions>
       <TPX xmlns="http://www.garmin.com/xmlschemas/ActivityExtension/v2">
        <Speed>4.0</Speed>
       </TPX>
      </Extensions>
     </Trackpoint>
     <Trackpoint>
      <Time>2026-08-18T10:37:29Z</Time>
      <Position>
       <LatitudeDegrees>5.2346250</LatitudeDegrees>
       <LongitudeDegrees>100.4396250</LongitudeDegrees>
      </Position>
      <AltitudeMeters>5.1</AltitudeMeters>
      <DistanceMeters>4141.1</DistanceMeters>
      <HeartRateBpm>
       <Value>168</Value>
      </HeartRateBpm>
      <Extensions>
       <TPX xmlns="http://www.garmin.com/xmlschemas/ActivityExtension/v2">
        <Speed>4.0</Speed>
       </TPX>
      </Extensions>
     </Trackpoint>
     <Trackpoint>
      <Time>2026-08-18T10:37:30Z</Time>
      <Position>
       <LatitudeDegrees>5.2345930</LatitudeDegrees>
       <LongitudeDegrees>100.4396190</LongitudeDegrees>
      </Position>
      <AltitudeMeters>5.1</AltitudeMeters>
      <DistanceMeters>4144.8</DistanceMeters>
      <HeartRateBpm>
       <Value>167</Value>
      </HeartRateBpm>
      <Extensions>
       <TPX xmlns="http://www.garmin.com/xmlschemas/ActivityExtension/v2">
        <Speed>3.8</Speed>
       </TPX>
      </Extensions>
     </Trackpoint>
     <Trackpoint>
      <Time>2026-08-18T10:37:31Z</Time>
      <Position>
       <LatitudeDegrees>5.2345610</LatitudeDegrees>
       <LongitudeDegrees>100.4396110</LongitudeDegrees>
      </Position>
      <AltitudeMeters>5.1</AltitudeMeters>
      <DistanceMeters>4148.4</DistanceMeters>
      <HeartRateBpm>
       <Value>167</Value>
      </HeartRateBpm>
      <Extensions>
       <TPX xmlns="http://www.garmin.com/xmlschemas/ActivityExtension/v2">
        <Speed>3.7</Speed>
       </TPX>
      </Extensions>
     </Trackpoint>
     <Trackpoint>
      <Time>2026-08-18T10:37:32Z</Time>
      <Position>
       <LatitudeDegrees>5.2345340</LatitudeDegrees>
       <LongitudeDegrees>100.4395980</LongitudeDegrees>
      </Position>
      <AltitudeMeters>5.1</AltitudeMeters>
      <DistanceMeters>4151.8</DistanceMeters>
      <HeartRateBpm>
       <Value>167</Value>
      </HeartRateBpm>
      <Extensions>
       <TPX xmlns="http://www.garmin.com/xmlschemas/ActivityExtension/v2">
        <Speed>3.6</Speed>
       </TPX>
      </Extensions>
     </Trackpoint>
     <Trackpoint>
      <Time>2026-08-18T10:37:33Z</Time>
      <Position>
       <LatitudeDegrees>5.2345080</LatitudeDegrees>
       <LongitudeDegrees>100.4395820</LongitudeDegrees>
      </Position>
      <AltitudeMeters>5.1</AltitudeMeters>
      <DistanceMeters>4155.2</DistanceMeters>
      <HeartRateBpm>
       <Value>167</Value>
      </HeartRateBpm>
      <Extensions>
       <TPX xmlns="http://www.garmin.com/xmlschemas/ActivityExtension/v2">
        <Speed>3.5</Speed>
       </TPX>
      </Extensions>
     </Trackpoint>
     <Trackpoint>
      <Time>2026-08-18T10:37:34Z</Time>
      <Position>
       <LatitudeDegrees>5.2344850</LatitudeDegrees>
       <LongitudeDegrees>100.4395580</LongitudeDegrees>
      </Position>
      <AltitudeMeters>5.1</AltitudeMeters>
      <DistanceMeters>4158.9</DistanceMeters>
      <HeartRateBpm>
       <Value>167</Value>
      </HeartRateBpm>
      <Extensions>
       <TPX xmlns="http://www.garmin.com/xmlschemas/ActivityExtension/v2">
        <Speed>3.6</Speed>
       </TPX>
      </Extensions>
     </Trackpoint>
     <Trackpoint>
      <Time>2026-08-18T10:37:35Z</Time>
      <Position>
       <LatitudeDegrees>5.2344820</LatitudeDegrees>
       <LongitudeDegrees>100.4395330</LongitudeDegrees>
      </Position>
      <AltitudeMeters>5.1</AltitudeMeters>
      <DistanceMeters>4161.7</DistanceMeters>
      <HeartRateBpm>
       <Value>167</Value>
      </HeartRateBpm>
      <Extensions>
       <TPX xmlns="http://www.garmin.com/xmlschemas/ActivityExtension/v2">
        <Speed>3.4</Speed>
       </TPX>
      </Extensions>
     </Trackpoint>
     <Trackpoint>
      <Time>2026-08-18T10:37:36Z</Time>
      <Position>
       <LatitudeDegrees>5.2344870</LatitudeDegrees>
       <LongitudeDegrees>100.4395010</LongitudeDegrees>
      </Position>
      <AltitudeMeters>5.1</AltitudeMeters>
      <DistanceMeters>4165.2</DistanceMeters>
      <HeartRateBpm>
       <Value>168</Value>
      </HeartRateBpm>
      <Extensions>
       <TPX xmlns="http://www.garmin.com/xmlschemas/ActivityExtension/v2">
        <Speed>3.4</Speed>
       </TPX>
      </Extensions>
     </Trackpoint>
     <Trackpoint>
      <Time>2026-08-18T10:37:37Z</Time>
      <Position>
       <LatitudeDegrees>5.2344950</LatitudeDegrees>
       <LongitudeDegrees>100.4394660</LongitudeDegrees>
      </Position>
      <AltitudeMeters>5.1</AltitudeMeters>
      <DistanceMeters>4169.2</DistanceMeters>
      <HeartRateBpm>
       <Value>168</Value>
      </HeartRateBpm>
      <Extensions>
       <TPX xmlns="http://www.garmin.com/xmlschemas/ActivityExtension/v2">
        <Speed>3.5</Speed>
       </TPX>
      </Extensions>
     </Trackpoint>
     <Trackpoint>
      <Time>2026-08-18T10:37:38Z</Time>
      <Position>
       <LatitudeDegrees>5.2344970</LatitudeDegrees>
       <LongitudeDegrees>100.4394360</LongitudeDegrees>
      </Position>
      <AltitudeMeters>5.2</AltitudeMeters>
      <DistanceMeters>4172.5</DistanceMeters>
      <HeartRateBpm>
       <Value>167</Value>
      </HeartRateBpm>
      <Extensions>
       <TPX xmlns="http://www.garmin.com/xmlschemas/ActivityExtension/v2">
        <Speed>3.5</Speed>
       </TPX>
      </Extensions>
     </Trackpoint>
     <Trackpoint>
      <Time>2026-08-18T10:37:39Z</Time>
      <Position>
       <LatitudeDegrees>5.2345000</LatitudeDegrees>
       <LongitudeDegrees>100.4393950</LongitudeDegrees>
      </Position>
      <AltitudeMeters>5.2</AltitudeMeters>
      <DistanceMeters>4177.1</DistanceMeters>
      <HeartRateBpm>
       <Value>167</Value>
      </HeartRateBpm>
      <Extensions>
       <TPX xmlns="http://www.garmin.com/xmlschemas/ActivityExtension/v2">
        <Speed>3.6</Speed>
       </TPX>
      </Extensions>
     </Trackpoint>
     <Trackpoint>
      <Time>2026-08-18T10:37:40Z</Time>
      <Position>
       <LatitudeDegrees>5.2344960</LatitudeDegrees>
       <LongitudeDegrees>100.4393520</LongitudeDegrees>
      </Position>
      <AltitudeMeters>5.2</AltitudeMeters>
      <DistanceMeters>4181.8</DistanceMeters>
      <HeartRateBpm>
       <Value>167</Value>
      </HeartRateBpm>
      <Extensions>
       <TPX xmlns="http://www.garmin.com/xmlschemas/ActivityExtension/v2">
        <Speed>4.0</Speed>
       </TPX>
      </Extensions>
     </Trackpoint>
     <Trackpoint>
      <Time>2026-08-18T10:37:41Z</Time>
      <Position>
       <LatitudeDegrees>5.2344860</LatitudeDegrees>
       <LongitudeDegrees>100.4393090</LongitudeDegrees>
      </Position>
      <AltitudeMeters>5.2</AltitudeMeters>
      <DistanceMeters>4186.7</DistanceMeters>
      <HeartRateBpm>
       <Value>167</Value>
      </HeartRateBpm>
      <Extensions>
       <TPX xmlns="http://www.garmin.com/xmlschemas/ActivityExtension/v2">
        <Speed>4.3</Speed>
       </TPX>
      </Extensions>
     </Trackpoint>
     <Trackpoint>
      <Time>2026-08-18T10:37:42Z</Time>
      <Position>
       <LatitudeDegrees>5.2344740</LatitudeDegrees>
       <LongitudeDegrees>100.4392640</LongitudeDegrees>
      </Position>
      <AltitudeMeters>5.2</AltitudeMeters>
      <DistanceMeters>4191.9</DistanceMeters>
      <HeartRateBpm>
       <Value>167</Value>
      </HeartRateBpm>
      <Extensions>
       <TPX xmlns="http://www.garmin.com/xmlschemas/ActivityExtension/v2">
        <Speed>4.5</Speed>
       </TPX>
      </Extensions>
     </Trackpoint>
     <Trackpoint>
      <Time>2026-08-18T10:37:43Z</Time>
      <Position>
       <LatitudeDegrees>5.2344620</LatitudeDegrees>
       <LongitudeDegrees>100.4392180</LongitudeDegrees>
      </Position>
      <AltitudeMeters>5.2</AltitudeMeters>
      <DistanceMeters>4197.2</DistanceMeters>
      <HeartRateBpm>
       <Value>168</Value>
      </HeartRateBpm>
      <Extensions>
       <TPX xmlns="http://www.garmin.com/xmlschemas/ActivityExtension/v2">
        <Speed>4.9</Speed>
       </TPX>
      </Extensions>
     </Trackpoint>
     <Trackpoint>
      <Time>2026-08-18T10:37:44Z</Time>
      <Position>
       <LatitudeDegrees>5.2344510</LatitudeDegrees>
       <LongitudeDegrees>100.4391740</LongitudeDegrees>
      </Position>
      <AltitudeMeters>5.2</AltitudeMeters>
      <DistanceMeters>4202.2</DistanceMeters>
      <HeartRateBpm>
       <Value>168</Value>
      </HeartRateBpm>
      <Extensions>
       <TPX xmlns="http://www.garmin.com/xmlschemas/ActivityExtension/v2">
        <Speed>5.0</Speed>
       </TPX>
      </Extensions>
     </Trackpoint>
     <Trackpoint>
      <Time>2026-08-18T10:37:45Z</Time>
      <Position>
       <LatitudeDegrees>5.2344390</LatitudeDegrees>
       <LongitudeDegrees>100.4391330</LongitudeDegrees>
      </Position>
      <AltitudeMeters>5.2</AltitudeMeters>
      <DistanceMeters>4206.9</DistanceMeters>
      <HeartRateBpm>
       <Value>168</Value>
      </HeartRateBpm>
      <Extensions>
       <TPX xmlns="http://www.garmin.com/xmlschemas/ActivityExtension/v2">
        <Speed>5.0</Speed>
       </TPX>
      </Extensions>
     </Trackpoint>
     <Trackpoint>
      <Time>2026-08-18T10:37:46Z</Time>
      <Position>
       <LatitudeDegrees>5.2344300</LatitudeDegrees>
       <LongitudeDegrees>100.4391010</LongitudeDegrees>
      </Position>
      <AltitudeMeters>5.2</AltitudeMeters>
      <DistanceMeters>4210.6</DistanceMeters>
      <HeartRateBpm>
       <Value>168</Value>
      </HeartRateBpm>
      <Extensions>
       <TPX xmlns="http://www.garmin.com/xmlschemas/ActivityExtension/v2">
        <Speed>4.8</Speed>
       </TPX>
      </Extensions>
     </Trackpoint>
     <Trackpoint>
      <Time>2026-08-18T10:37:47Z</Time>
      <Position>
       <LatitudeDegrees>5.2344250</LatitudeDegrees>
       <LongitudeDegrees>100.4390750</LongitudeDegrees>
      </Position>
      <AltitudeMeters>5.3</AltitudeMeters>
      <DistanceMeters>4213.6</DistanceMeters>
      <HeartRateBpm>
       <Value>167</Value>
      </HeartRateBpm>
      <Extensions>
       <TPX xmlns="http://www.garmin.com/xmlschemas/ActivityExtension/v2">
        <Speed>4.3</Speed>
       </TPX>
      </Extensions>
     </Trackpoint>
     <Trackpoint>
      <Time>2026-08-18T10:37:48Z</Time>
      <Position>
       <LatitudeDegrees>5.2344150</LatitudeDegrees>
       <LongitudeDegrees>100.4390490</LongitudeDegrees>
      </Position>
      <AltitudeMeters>5.3</AltitudeMeters>
      <DistanceMeters>4216.6</DistanceMeters>
      <HeartRateBpm>
       <Value>167</Value>
      </HeartRateBpm>
      <Extensions>
       <TPX xmlns="http://www.garmin.com/xmlschemas/ActivityExtension/v2">
        <Speed>3.9</Speed>
       </TPX>
      </Extensions>
     </Trackpoint>
     <Trackpoint>
      <Time>2026-08-18T10:37:49Z</Time>
      <Position>
       <LatitudeDegrees>5.2344040</LatitudeDegrees>
       <LongitudeDegrees>100.4390310</LongitudeDegrees>
      </Position>
      <AltitudeMeters>5.3</AltitudeMeters>
      <DistanceMeters>4219.0</DistanceMeters>
      <HeartRateBpm>
       <Value>167</Value>
      </HeartRateBpm>
      <Extensions>
       <TPX xmlns="http://www.garmin.com/xmlschemas/ActivityExtension/v2">
        <Speed>3.4</Speed>
       </TPX>
      </Extensions>
     </Trackpoint>
     <Trackpoint>
      <Time>2026-08-18T10:37:50Z</Time>
      <Position>
       <LatitudeDegrees>5.2343920</LatitudeDegrees>
       <LongitudeDegrees>100.4390040</LongitudeDegrees>
      </Position>
      <AltitudeMeters>5.3</AltitudeMeters>
      <DistanceMeters>4222.3</DistanceMeters>
      <HeartRateBpm>
       <Value>167</Value>
      </HeartRateBpm>
      <Extensions>
       <TPX xmlns="http://www.garmin.com/xmlschemas/ActivityExtension/v2">
        <Speed>3.1</Speed>
       </TPX>
      </Extensions>
     </Trackpoint>
     <Trackpoint>
      <Time>2026-08-18T10:37:51Z</Time>
      <Position>
       <LatitudeDegrees>5.2343810</LatitudeDegrees>
       <LongitudeDegrees>100.4389750</LongitudeDegrees>
      </Position>
      <AltitudeMeters>5.3</AltitudeMeters>
      <DistanceMeters>4225.7</DistanceMeters>
      <HeartRateBpm>
       <Value>167</Value>
      </HeartRateBpm>
      <Extensions>
       <TPX xmlns="http://www.garmin.com/xmlschemas/ActivityExtension/v2">
        <Speed>3.0</Speed>
       </TPX>
      </Extensions>
     </Trackpoint>
     <Trackpoint>
      <Time>2026-08-18T10:37:52Z</Time>
      <Position>
       <LatitudeDegrees>5.2343700</LatitudeDegrees>
       <LongitudeDegrees>100.4389430</LongitudeDegrees>
      </Position>
      <AltitudeMeters>5.3</AltitudeMeters>
      <DistanceMeters>4229.4</DistanceMeters>
      <HeartRateBpm>
       <Value>168</Value>
      </HeartRateBpm>
      <Extensions>
       <TPX xmlns="http://www.garmin.com/xmlschemas/ActivityExtension/v2">
        <Speed>3.2</Speed>
       </TPX>
      </Extensions>
     </Trackpoint>
     <Trackpoint>
      <Time>2026-08-18T10:37:53Z</Time>
      <Position>
       <LatitudeDegrees>5.2343630</LatitudeDegrees>
       <LongitudeDegrees>100.4389150</LongitudeDegrees>
      </Position>
      <AltitudeMeters>5.3</AltitudeMeters>
      <DistanceMeters>4232.5</DistanceMeters>
      <HeartRateBpm>
       <Value>168</Value>
      </HeartRateBpm>
      <Extensions>
       <TPX xmlns="http://www.garmin.com/xmlschemas/ActivityExtension/v2">
        <Speed>3.2</Speed>
       </TPX>
      </Extensions>
     </Trackpoint>
     <Trackpoint>
      <Time>2026-08-18T10:37:54Z</Time>
      <Position>
       <LatitudeDegrees>5.2343570</LatitudeDegrees>
       <LongitudeDegrees>100.4388870</LongitudeDegrees>
      </Position>
      <AltitudeMeters>5.3</AltitudeMeters>
      <DistanceMeters>4235.8</DistanceMeters>
      <HeartRateBpm>
       <Value>169</Value>
      </HeartRateBpm>
      <Extensions>
       <TPX xmlns="http://www.garmin.com/xmlschemas/ActivityExtension/v2">
        <Speed>3.4</Speed>
       </TPX>
      </Extensions>
     </Trackpoint>
     <Trackpoint>
      <Time>2026-08-18T10:37:55Z</Time>
      <Position>
       <LatitudeDegrees>5.2343530</LatitudeDegrees>
       <LongitudeDegrees>100.4388570</LongitudeDegrees>
      </Position>
      <AltitudeMeters>5.3</AltitudeMeters>
      <DistanceMeters>4239.2</DistanceMeters>
      <HeartRateBpm>
       <Value>167</Value>
      </HeartRateBpm>
      <Extensions>
       <TPX xmlns="http://www.garmin.com/xmlschemas/ActivityExtension/v2">
        <Speed>3.4</Speed>
       </TPX>
      </Extensions>
     </Trackpoint>
     <Trackpoint>
      <Time>2026-08-18T10:37:56Z</Time>
      <Position>
       <LatitudeDegrees>5.2343510</LatitudeDegrees>
       <LongitudeDegrees>100.4388280</LongitudeDegrees>
      </Position>
      <AltitudeMeters>5.3</AltitudeMeters>
      <DistanceMeters>4242.3</DistanceMeters>
      <HeartRateBpm>
       <Value>167</Value>
      </HeartRateBpm>
      <Extensions>
       <TPX xmlns="http://www.garmin.com/xmlschemas/ActivityExtension/v2">
        <Speed>3.3</Speed>
       </TPX>
      </Extensions>
     </Trackpoint>
     <Trackpoint>
      <Time>2026-08-18T10:37:57Z</Time>
      <Position>
       <LatitudeDegrees>5.2343460</LatitudeDegrees>
       <LongitudeDegrees>100.4388000</LongitudeDegrees>
      </Position>
      <AltitudeMeters>5.3</AltitudeMeters>
      <DistanceMeters>4245.5</DistanceMeters>
      <HeartRateBpm>
       <Value>168</Value>
      </HeartRateBpm>
      <Extensions>
       <TPX xmlns="http://www.garmin.com/xmlschemas/ActivityExtension/v2">
        <Speed>3.2</Speed>
       </TPX>
      </Extensions>
     </Trackpoint>
     <Trackpoint>
      <Time>2026-08-18T10:37:58Z</Time>
      <Position>
       <LatitudeDegrees>5.2343390</LatitudeDegrees>
       <LongitudeDegrees>100.4387720</LongitudeDegrees>
      </Position>
      <AltitudeMeters>5.3</AltitudeMeters>
      <DistanceMeters>4248.6</DistanceMeters>
      <HeartRateBpm>
       <Value>169</Value>
      </HeartRateBpm>
      <Extensions>
       <TPX xmlns="http://www.garmin.com/xmlschemas/ActivityExtension/v2">
        <Speed>3.2</Speed>
       </TPX>
      </Extensions>
     </Trackpoint>
     <Trackpoint>
      <Time>2026-08-18T10:37:59Z</Time>
      <Position>
       <LatitudeDegrees>5.2343320</LatitudeDegrees>
       <LongitudeDegrees>100.4387460</LongitudeDegrees>
      </Position>
      <AltitudeMeters>5.3</AltitudeMeters>
      <DistanceMeters>4251.7</DistanceMeters>
      <HeartRateBpm>
       <Value>169</Value>
      </HeartRateBpm>
      <Extensions>
       <TPX xmlns="http://www.garmin.com/xmlschemas/ActivityExtension/v2">
        <Speed>3.2</Speed>
       </TPX>
      </Extensions>
     </Trackpoint>
     <Trackpoint>
      <Time>2026-08-18T10:38:00Z</Time>
      <Position>
       <LatitudeDegrees>5.2343250</LatitudeDegrees>
       <LongitudeDegrees>100.4387210</LongitudeDegrees>
      </Position>
      <AltitudeMeters>5.3</AltitudeMeters>
      <DistanceMeters>4254.6</DistanceMeters>
      <HeartRateBpm>
       <Value>169</Value>
      </HeartRateBpm>
      <Extensions>
       <TPX xmlns="http://www.garmin.com/xmlschemas/ActivityExtension/v2">
        <Speed>3.1</Speed>
       </TPX>
      </Extensions>
     </Trackpoint>
     <Trackpoint>
      <Time>2026-08-18T10:38:01Z</Time>
      <Position>
       <LatitudeDegrees>5.2343190</LatitudeDegrees>
       <LongitudeDegrees>100.4386970</LongitudeDegrees>
      </Position>
      <AltitudeMeters>5.2</AltitudeMeters>
      <DistanceMeters>4257.3</DistanceMeters>
      <HeartRateBpm>
       <Value>168</Value>
      </HeartRateBpm>
      <Extensions>
       <TPX xmlns="http://www.garmin.com/xmlschemas/ActivityExtension/v2">
        <Speed>3.0</Speed>
       </TPX>
      </Extensions>
     </Trackpoint>
     <Trackpoint>
      <Time>2026-08-18T10:38:02Z</Time>
      <Position>
       <LatitudeDegrees>5.2343140</LatitudeDegrees>
       <LongitudeDegrees>100.4386720</LongitudeDegrees>
      </Position>
      <AltitudeMeters>5.2</AltitudeMeters>
      <DistanceMeters>4260.1</DistanceMeters>
      <HeartRateBpm>
       <Value>168</Value>
      </HeartRateBpm>
      <Extensions>
       <TPX xmlns="http://www.garmin.com/xmlschemas/ActivityExtension/v2">
        <Speed>2.9</Speed>
       </TPX>
      </Extensions>
     </Trackpoint>
     <Trackpoint>
      <Time>2026-08-18T10:38:03Z</Time>
      <Position>
       <LatitudeDegrees>5.2343070</LatitudeDegrees>
       <LongitudeDegrees>100.4386460</LongitudeDegrees>
      </Position>
      <AltitudeMeters>5.2</AltitudeMeters>
      <DistanceMeters>4263.1</DistanceMeters>
      <HeartRateBpm>
       <Value>167</Value>
      </HeartRateBpm>
      <Extensions>
       <TPX xmlns="http://www.garmin.com/xmlschemas/ActivityExtension/v2">
        <Speed>2.9</Speed>
       </TPX>
      </Extensions>
     </Trackpoint>
     <Trackpoint>
      <Time>2026-08-18T10:38:04Z</Time>
      <Position>
       <LatitudeDegrees>5.2343010</LatitudeDegrees>
       <LongitudeDegrees>100.4386170</LongitudeDegrees>
      </Position>
      <AltitudeMeters>5.2</AltitudeMeters>
      <DistanceMeters>4266.3</DistanceMeters>
      <HeartRateBpm>
       <Value>168</Value>
      </HeartRateBpm>
      <Extensions>
       <TPX xmlns="http://www.garmin.com/xmlschemas/ActivityExtension/v2">
        <Speed>2.9</Speed>
       </TPX>
      </Extensions>
     </Trackpoint>
     <Trackpoint>
      <Time>2026-08-18T10:38:05Z</Time>
      <Position>
       <LatitudeDegrees>5.2342940</LatitudeDegrees>
       <LongitudeDegrees>100.4385890</LongitudeDegrees>
      </Position>
      <AltitudeMeters>5.2</AltitudeMeters>
      <DistanceMeters>4269.6</DistanceMeters>
      <HeartRateBpm>
       <Value>169</Value>
      </HeartRateBpm>
      <Extensions>
       <TPX xmlns="http://www.garmin.com/xmlschemas/ActivityExtension/v2">
        <Speed>3.0</Speed>
       </TPX>
      </Extensions>
     </Trackpoint>
     <Trackpoint>
      <Time>2026-08-18T10:38:06Z</Time>
      <Position>
       <LatitudeDegrees>5.2342880</LatitudeDegrees>
       <LongitudeDegrees>100.4385640</LongitudeDegrees>
      </Position>
      <AltitudeMeters>5.2</AltitudeMeters>
      <DistanceMeters>4272.4</DistanceMeters>
      <HeartRateBpm>
       <Value>169</Value>
      </HeartRateBpm>
      <Extensions>
       <TPX xmlns="http://www.garmin.com/xmlschemas/ActivityExtension/v2">
        <Speed>3.0</Speed>
       </TPX>
      </Extensions>
     </Trackpoint>
     <Trackpoint>
      <Time>2026-08-18T10:38:07Z</Time>
      <Position>
       <LatitudeDegrees>5.2342790</LatitudeDegrees>
       <LongitudeDegrees>100.4385350</LongitudeDegrees>
      </Position>
      <AltitudeMeters>5.2</AltitudeMeters>
      <DistanceMeters>4275.8</DistanceMeters>
      <HeartRateBpm>
       <Value>168</Value>
      </HeartRateBpm>
      <Extensions>
       <TPX xmlns="http://www.garmin.com/xmlschemas/ActivityExtension/v2">
        <Speed>3.1</Speed>
       </TPX>
      </Extensions>
     </Trackpoint>
     <Trackpoint>
      <Time>2026-08-18T10:38:08Z</Time>
      <Position>
       <LatitudeDegrees>5.2342710</LatitudeDegrees>
       <LongitudeDegrees>100.4385030</LongitudeDegrees>
      </Position>
      <AltitudeMeters>5.2</AltitudeMeters>
      <DistanceMeters>4279.4</DistanceMeters>
      <HeartRateBpm>
       <Value>168</Value>
      </HeartRateBpm>
      <Extensions>
       <TPX xmlns="http://www.garmin.com/xmlschemas/ActivityExtension/v2">
        <Speed>3.3</Speed>
       </TPX>
      </Extensions>
     </Trackpoint>
     <Trackpoint>
      <Time>2026-08-18T10:38:09Z</Time>
      <Position>
       <LatitudeDegrees>5.2342600</LatitudeDegrees>
       <LongitudeDegrees>100.4384640</LongitudeDegrees>
      </Position>
      <AltitudeMeters>5.3</AltitudeMeters>
      <DistanceMeters>4283.9</DistanceMeters>
      <HeartRateBpm>
       <Value>168</Value>
      </HeartRateBpm>
      <Extensions>
       <TPX xmlns="http://www.garmin.com/xmlschemas/ActivityExtension/v2">
        <Speed>3.5</Speed>
       </TPX>
      </Extensions>
     </Trackpoint>
     <Trackpoint>
      <Time>2026-08-18T10:38:10Z</Time>
      <Position>
       <LatitudeDegrees>5.2342480</LatitudeDegrees>
       <LongitudeDegrees>100.4384210</LongitudeDegrees>
      </Position>
      <AltitudeMeters>5.3</AltitudeMeters>
      <DistanceMeters>4288.9</DistanceMeters>
      <HeartRateBpm>
       <Value>168</Value>
      </HeartRateBpm>
      <Extensions>
       <TPX xmlns="http://www.garmin.com/xmlschemas/ActivityExtension/v2">
        <Speed>3.9</Speed>
       </TPX>
      </Extensions>
     </Trackpoint>
     <Trackpoint>
      <Time>2026-08-18T10:38:11Z</Time>
      <Position>
       <LatitudeDegrees>5.2342370</LatitudeDegrees>
       <LongitudeDegrees>100.4383760</LongitudeDegrees>
      </Position>
      <AltitudeMeters>5.3</AltitudeMeters>
      <DistanceMeters>4294.0</DistanceMeters>
      <HeartRateBpm>
       <Value>169</Value>
      </HeartRateBpm>
      <Extensions>
       <TPX xmlns="http://www.garmin.com/xmlschemas/ActivityExtension/v2">
        <Speed>4.3</Speed>
       </TPX>
      </Extensions>
     </Trackpoint>
     <Trackpoint>
      <Time>2026-08-18T10:38:12Z</Time>
      <Position>
       <LatitudeDegrees>5.2342260</LatitudeDegrees>
       <LongitudeDegrees>100.4383380</LongitudeDegrees>
      </Position>
      <AltitudeMeters>5.3</AltitudeMeters>
      <DistanceMeters>4298.4</DistanceMeters>
      <HeartRateBpm>
       <Value>170</Value>
      </HeartRateBpm>
      <Extensions>
       <TPX xmlns="http://www.garmin.com/xmlschemas/ActivityExtension/v2">
        <Speed>4.5</Speed>
       </TPX>
      </Extensions>
     </Trackpoint>
     <Trackpoint>
      <Time>2026-08-18T10:38:13Z</Time>
      <Position>
       <LatitudeDegrees>5.2342190</LatitudeDegrees>
       <LongitudeDegrees>100.4383000</LongitudeDegrees>
      </Position>
      <AltitudeMeters>5.3</AltitudeMeters>
      <DistanceMeters>4302.7</DistanceMeters>
      <HeartRateBpm>
       <Value>170</Value>
      </HeartRateBpm>
      <Extensions>
       <TPX xmlns="http://www.garmin.com/xmlschemas/ActivityExtension/v2">
        <Speed>4.7</Speed>
       </TPX>
      </Extensions>
     </Trackpoint>
     <Trackpoint>
      <Time>2026-08-18T10:38:14Z</Time>
      <Position>
       <LatitudeDegrees>5.2342170</LatitudeDegrees>
       <LongitudeDegrees>100.4382630</LongitudeDegrees>
      </Position>
      <AltitudeMeters>5.3</AltitudeMeters>
      <DistanceMeters>4306.7</DistanceMeters>
      <HeartRateBpm>
       <Value>170</Value>
      </HeartRateBpm>
      <Extensions>
       <TPX xmlns="http://www.garmin.com/xmlschemas/ActivityExtension/v2">
        <Speed>4.6</Speed>
       </TPX>
      </Extensions>
     </Trackpoint>
     <Trackpoint>
      <Time>2026-08-18T10:38:15Z</Time>
      <Position>
       <LatitudeDegrees>5.2342160</LatitudeDegrees>
       <LongitudeDegrees>100.4382330</LongitudeDegrees>
      </Position>
      <AltitudeMeters>5.3</AltitudeMeters>
      <DistanceMeters>4310.1</DistanceMeters>
      <HeartRateBpm>
       <Value>169</Value>
      </HeartRateBpm>
      <Extensions>
       <TPX xmlns="http://www.garmin.com/xmlschemas/ActivityExtension/v2">
        <Speed>4.2</Speed>
       </TPX>
      </Extensions>
     </Trackpoint>
     <Trackpoint>
      <Time>2026-08-18T10:38:16Z</Time>
      <Position>
       <LatitudeDegrees>5.2342070</LatitudeDegrees>
       <LongitudeDegrees>100.4382050</LongitudeDegrees>
      </Position>
      <AltitudeMeters>5.3</AltitudeMeters>
      <DistanceMeters>4313.3</DistanceMeters>
      <HeartRateBpm>
       <Value>168</Value>
      </HeartRateBpm>
      <Extensions>
       <TPX xmlns="http://www.garmin.com/xmlschemas/ActivityExtension/v2">
        <Speed>3.9</Speed>
       </TPX>
      </Extensions>
     </Trackpoint>
     <Trackpoint>
      <Time>2026-08-18T10:38:17Z</Time>
      <Position>
       <LatitudeDegrees>5.2341980</LatitudeDegrees>
       <LongitudeDegrees>100.4381770</LongitudeDegrees>
      </Position>
      <AltitudeMeters>5.3</AltitudeMeters>
      <DistanceMeters>4316.5</DistanceMeters>
      <HeartRateBpm>
       <Value>168</Value>
      </HeartRateBpm>
      <Extensions>
       <TPX xmlns="http://www.garmin.com/xmlschemas/ActivityExtension/v2">
        <Speed>3.6</Speed>
       </TPX>
      </Extensions>
     </Trackpoint>
     <Trackpoint>
      <Time>2026-08-18T10:38:18Z</Time>
      <Position>
       <LatitudeDegrees>5.2341870</LatitudeDegrees>
       <LongitudeDegrees>100.4381510</LongitudeDegrees>
      </Position>
      <AltitudeMeters>5.3</AltitudeMeters>
      <DistanceMeters>4319.8</DistanceMeters>
      <HeartRateBpm>
       <Value>168</Value>
      </HeartRateBpm>
      <Extensions>
       <TPX xmlns="http://www.garmin.com/xmlschemas/ActivityExtension/v2">
        <Speed>3.4</Speed>
       </TPX>
      </Extensions>
     </Trackpoint>
     <Trackpoint>
      <Time>2026-08-18T10:38:19Z</Time>
      <Position>
       <LatitudeDegrees>5.2341770</LatitudeDegrees>
       <LongitudeDegrees>100.4381260</LongitudeDegrees>
      </Position>
      <AltitudeMeters>5.3</AltitudeMeters>
      <DistanceMeters>4322.7</DistanceMeters>
      <HeartRateBpm>
       <Value>168</Value>
      </HeartRateBpm>
      <Extensions>
       <TPX xmlns="http://www.garmin.com/xmlschemas/ActivityExtension/v2">
        <Speed>3.2</Speed>
       </TPX>
      </Extensions>
     </Trackpoint>
     <Trackpoint>
      <Time>2026-08-18T10:38:20Z</Time>
      <Position>
       <LatitudeDegrees>5.2341670</LatitudeDegrees>
       <LongitudeDegrees>100.4380990</LongitudeDegrees>
      </Position>
      <AltitudeMeters>5.3</AltitudeMeters>
      <DistanceMeters>4325.9</DistanceMeters>
      <HeartRateBpm>
       <Value>169</Value>
      </HeartRateBpm>
      <Extensions>
       <TPX xmlns="http://www.garmin.com/xmlschemas/ActivityExtension/v2">
        <Speed>3.2</Speed>
       </TPX>
      </Extensions>
     </Trackpoint>
     <Trackpoint>
      <Time>2026-08-18T10:38:21Z</Time>
      <Position>
       <LatitudeDegrees>5.2341590</LatitudeDegrees>
       <LongitudeDegrees>100.4380730</LongitudeDegrees>
      </Position>
      <AltitudeMeters>5.3</AltitudeMeters>
      <DistanceMeters>4328.9</DistanceMeters>
      <HeartRateBpm>
       <Value>170</Value>
      </HeartRateBpm>
      <Extensions>
       <TPX xmlns="http://www.garmin.com/xmlschemas/ActivityExtension/v2">
        <Speed>3.1</Speed>
       </TPX>
      </Extensions>
     </Trackpoint>
     <Trackpoint>
      <Time>2026-08-18T10:38:22Z</Time>
      <Position>
       <LatitudeDegrees>5.2341470</LatitudeDegrees>
       <LongitudeDegrees>100.4380460</LongitudeDegrees>
      </Position>
      <AltitudeMeters>5.3</AltitudeMeters>
      <DistanceMeters>4332.1</DistanceMeters>
      <HeartRateBpm>
       <Value>171</Value>
      </HeartRateBpm>
      <Extensions>
       <TPX xmlns="http://www.garmin.com/xmlschemas/ActivityExtension/v2">
        <Speed>3.1</Speed>
       </TPX>
      </Extensions>
     </Trackpoint>
     <Trackpoint>
      <Time>2026-08-18T10:38:23Z</Time>
      <Position>
       <LatitudeDegrees>5.2341370</LatitudeDegrees>
       <LongitudeDegrees>100.4380160</LongitudeDegrees>
      </Position>
      <AltitudeMeters>5.3</AltitudeMeters>
      <DistanceMeters>4335.7</DistanceMeters>
      <HeartRateBpm>
       <Value>170</Value>
      </HeartRateBpm>
      <Extensions>
       <TPX xmlns="http://www.garmin.com/xmlschemas/ActivityExtension/v2">
        <Speed>3.2</Speed>
       </TPX>
      </Extensions>
     </Trackpoint>
     <Trackpoint>
      <Time>2026-08-18T10:38:24Z</Time>
      <Position>
       <LatitudeDegrees>5.2341310</LatitudeDegrees>
       <LongitudeDegrees>100.4379830</LongitudeDegrees>
      </Position>
      <AltitudeMeters>5.3</AltitudeMeters>
      <DistanceMeters>4339.4</DistanceMeters>
      <HeartRateBpm>
       <Value>170</Value>
      </HeartRateBpm>
      <Extensions>
       <TPX xmlns="http://www.garmin.com/xmlschemas/ActivityExtension/v2">
        <Speed>3.3</Speed>
       </TPX>
      </Extensions>
     </Trackpoint>
     <Trackpoint>
      <Time>2026-08-18T10:38:25Z</Time>
      <Position>
       <LatitudeDegrees>5.2341230</LatitudeDegrees>
       <LongitudeDegrees>100.4379480</LongitudeDegrees>
      </Position>
      <AltitudeMeters>5.3</AltitudeMeters>
      <DistanceMeters>4343.3</DistanceMeters>
      <HeartRateBpm>
       <Value>170</Value>
      </HeartRateBpm>
      <Extensions>
       <TPX xmlns="http://www.garmin.com/xmlschemas/ActivityExtension/v2">
        <Speed>3.5</Speed>
       </TPX>
      </Extensions>
     </Trackpoint>
     <Trackpoint>
      <Time>2026-08-18T10:38:26Z</Time>
      <Position>
       <LatitudeDegrees>5.2341090</LatitudeDegrees>
       <LongitudeDegrees>100.4379190</LongitudeDegrees>
      </Position>
      <AltitudeMeters>5.3</AltitudeMeters>
      <DistanceMeters>4346.9</DistanceMeters>
      <HeartRateBpm>
       <Value>170</Value>
      </HeartRateBpm>
      <Extensions>
       <TPX xmlns="http://www.garmin.com/xmlschemas/ActivityExtension/v2">
        <Speed>3.6</Speed>
       </TPX>
      </Extensions>
     </Trackpoint>
     <Trackpoint>
      <Time>2026-08-18T10:38:27Z</Time>
      <Position>
       <LatitudeDegrees>5.2341000</LatitudeDegrees>
       <LongitudeDegrees>100.4378910</LongitudeDegrees>
      </Position>
      <AltitudeMeters>5.3</AltitudeMeters>
      <DistanceMeters>4350.1</DistanceMeters>
      <HeartRateBpm>
       <Value>169</Value>
      </HeartRateBpm>
      <Extensions>
       <TPX xmlns="http://www.garmin.com/xmlschemas/ActivityExtension/v2">
        <Speed>3.6</Speed>
       </TPX>
      </Extensions>
     </Trackpoint>
     <Trackpoint>
      <Time>2026-08-18T10:38:28Z</Time>
      <Position>
       <LatitudeDegrees>5.2340940</LatitudeDegrees>
       <LongitudeDegrees>100.4378670</LongitudeDegrees>
      </Position>
      <AltitudeMeters>5.3</AltitudeMeters>
      <DistanceMeters>4352.9</DistanceMeters>
      <HeartRateBpm>
       <Value>169</Value>
      </HeartRateBpm>
      <Extensions>
       <TPX xmlns="http://www.garmin.com/xmlschemas/ActivityExtension/v2">
        <Speed>3.4</Speed>
       </TPX>
      </Extensions>
     </Trackpoint>
     <Trackpoint>
      <Time>2026-08-18T10:38:29Z</Time>
      <Position>
       <LatitudeDegrees>5.2340900</LatitudeDegrees>
       <LongitudeDegrees>100.4378410</LongitudeDegrees>
      </Position>
      <AltitudeMeters>5.3</AltitudeMeters>
      <DistanceMeters>4355.9</DistanceMeters>
      <HeartRateBpm>
       <Value>170</Value>
      </HeartRateBpm>
      <Extensions>
       <TPX xmlns="http://www.garmin.com/xmlschemas/ActivityExtension/v2">
        <Speed>3.3</Speed>
       </TPX>
      </Extensions>
     </Trackpoint>
     <Trackpoint>
      <Time>2026-08-18T10:38:30Z</Time>
      <Position>
       <LatitudeDegrees>5.2340860</LatitudeDegrees>
       <LongitudeDegrees>100.4378110</LongitudeDegrees>
      </Position>
      <AltitudeMeters>5.3</AltitudeMeters>
      <DistanceMeters>4359.2</DistanceMeters>
      <HeartRateBpm>
       <Value>171</Value>
      </HeartRateBpm>
      <Extensions>
       <TPX xmlns="http://www.garmin.com/xmlschemas/ActivityExtension/v2">
        <Speed>3.2</Speed>
       </TPX>
      </Extensions>
     </Trackpoint>
     <Trackpoint>
      <Time>2026-08-18T10:38:31Z</Time>
      <Position>
       <LatitudeDegrees>5.2340800</LatitudeDegrees>
       <LongitudeDegrees>100.4377800</LongitudeDegrees>
      </Position>
      <AltitudeMeters>5.3</AltitudeMeters>
      <DistanceMeters>4362.8</DistanceMeters>
      <HeartRateBpm>
       <Value>171</Value>
      </HeartRateBpm>
      <Extensions>
       <TPX xmlns="http://www.garmin.com/xmlschemas/ActivityExtension/v2">
        <Speed>3.2</Speed>
       </TPX>
      </Extensions>
     </Trackpoint>
     <Trackpoint>
      <Time>2026-08-18T10:38:32Z</Time>
      <Position>
       <LatitudeDegrees>5.2340750</LatitudeDegrees>
       <LongitudeDegrees>100.4377480</LongitudeDegrees>
      </Position>
      <AltitudeMeters>5.3</AltitudeMeters>
      <DistanceMeters>4366.3</DistanceMeters>
      <HeartRateBpm>
       <Value>170</Value>
      </HeartRateBpm>
      <Extensions>
       <TPX xmlns="http://www.garmin.com/xmlschemas/ActivityExtension/v2">
        <Speed>3.2</Speed>
       </TPX>
      </Extensions>
     </Trackpoint>
     <Trackpoint>
      <Time>2026-08-18T10:38:33Z</Time>
      <Position>
       <LatitudeDegrees>5.2340700</LatitudeDegrees>
       <LongitudeDegrees>100.4377170</LongitudeDegrees>
      </Position>
      <AltitudeMeters>5.3</AltitudeMeters>
      <DistanceMeters>4369.7</DistanceMeters>
      <HeartRateBpm>
       <Value>170</Value>
      </HeartRateBpm>
      <Extensions>
       <TPX xmlns="http://www.garmin.com/xmlschemas/ActivityExtension/v2">
        <Speed>3.4</Speed>
       </TPX>
      </Extensions>
     </Trackpoint>
     <Trackpoint>
      <Time>2026-08-18T10:38:34Z</Time>
      <Position>
       <LatitudeDegrees>5.2340650</LatitudeDegrees>
       <LongitudeDegrees>100.4376880</LongitudeDegrees>
      </Position>
      <AltitudeMeters>5.4</AltitudeMeters>
      <DistanceMeters>4372.9</DistanceMeters>
      <HeartRateBpm>
       <Value>169</Value>
      </HeartRateBpm>
      <Extensions>
       <TPX xmlns="http://www.garmin.com/xmlschemas/ActivityExtension/v2">
        <Speed>3.4</Speed>
       </TPX>
      </Extensions>
     </Trackpoint>
     <Trackpoint>
      <Time>2026-08-18T10:38:35Z</Time>
      <Position>
       <LatitudeDegrees>5.2340590</LatitudeDegrees>
       <LongitudeDegrees>100.4376550</LongitudeDegrees>
      </Position>
      <AltitudeMeters>5.4</AltitudeMeters>
      <DistanceMeters>4376.7</DistanceMeters>
      <HeartRateBpm>
       <Value>169</Value>
      </HeartRateBpm>
      <Extensions>
       <TPX xmlns="http://www.garmin.com/xmlschemas/ActivityExtension/v2">
        <Speed>3.5</Speed>
       </TPX>
      </Extensions>
     </Trackpoint>
     <Trackpoint>
      <Time>2026-08-18T10:38:36Z</Time>
      <Position>
       <LatitudeDegrees>5.2340560</LatitudeDegrees>
       <LongitudeDegrees>100.4376220</LongitudeDegrees>
      </Position>
      <AltitudeMeters>5.4</AltitudeMeters>
      <DistanceMeters>4380.3</DistanceMeters>
      <HeartRateBpm>
       <Value>170</Value>
      </HeartRateBpm>
      <Extensions>
       <TPX xmlns="http://www.garmin.com/xmlschemas/ActivityExtension/v2">
        <Speed>3.5</Speed>
       </TPX>
      </Extensions>
     </Trackpoint>
     <Trackpoint>
      <Time>2026-08-18T10:38:37Z</Time>
      <Position>
       <LatitudeDegrees>5.2340520</LatitudeDegrees>
       <LongitudeDegrees>100.4375920</LongitudeDegrees>
      </Position>
      <AltitudeMeters>5.4</AltitudeMeters>
      <DistanceMeters>4383.7</DistanceMeters>
      <HeartRateBpm>
       <Value>170</Value>
      </HeartRateBpm>
      <Extensions>
       <TPX xmlns="http://www.garmin.com/xmlschemas/ActivityExtension/v2">
        <Speed>3.5</Speed>
       </TPX>
      </Extensions>
     </Trackpoint>
     <Trackpoint>
      <Time>2026-08-18T10:38:38Z</Time>
      <Position>
       <LatitudeDegrees>5.2340470</LatitudeDegrees>
       <LongitudeDegrees>100.4375590</LongitudeDegrees>
      </Position>
      <AltitudeMeters>5.4</AltitudeMeters>
      <DistanceMeters>4387.4</DistanceMeters>
      <HeartRateBpm>
       <Value>169</Value>
      </HeartRateBpm>
      <Extensions>
       <TPX xmlns="http://www.garmin.com/xmlschemas/ActivityExtension/v2">
        <Speed>3.5</Speed>
       </TPX>
      </Extensions>
     </Trackpoint>
     <Trackpoint>
      <Time>2026-08-18T10:38:39Z</Time>
      <Position>
       <LatitudeDegrees>5.2340420</LatitudeDegrees>
       <LongitudeDegrees>100.4375270</LongitudeDegrees>
      </Position>
      <AltitudeMeters>5.4</AltitudeMeters>
      <DistanceMeters>4391.0</DistanceMeters>
      <HeartRateBpm>
       <Value>170</Value>
      </HeartRateBpm>
      <Extensions>
       <TPX xmlns="http://www.garmin.com/xmlschemas/ActivityExtension/v2">
        <Speed>3.6</Speed>
       </TPX>
      </Extensions>
     </Trackpoint>
     <Trackpoint>
      <Time>2026-08-18T10:38:40Z</Time>
      <Position>
       <LatitudeDegrees>5.2340380</LatitudeDegrees>
       <LongitudeDegrees>100.4374970</LongitudeDegrees>
      </Position>
      <AltitudeMeters>5.4</AltitudeMeters>
      <DistanceMeters>4394.3</DistanceMeters>
      <HeartRateBpm>
       <Value>170</Value>
      </HeartRateBpm>
      <Extensions>
       <TPX xmlns="http://www.garmin.com/xmlschemas/ActivityExtension/v2">
        <Speed>3.5</Speed>
       </TPX>
      </Extensions>
     </Trackpoint>
     <Trackpoint>
      <Time>2026-08-18T10:38:41Z</Time>
      <Position>
       <LatitudeDegrees>5.2340260</LatitudeDegrees>
       <LongitudeDegrees>100.4374630</LongitudeDegrees>
      </Position>
      <AltitudeMeters>5.4</AltitudeMeters>
      <DistanceMeters>4398.3</DistanceMeters>
      <HeartRateBpm>
       <Value>170</Value>
      </HeartRateBpm>
      <Extensions>
       <TPX xmlns="http://www.garmin.com/xmlschemas/ActivityExtension/v2">
        <Speed>3.6</Speed>
       </TPX>
      </Extensions>
     </Trackpoint>
     <Trackpoint>
      <Time>2026-08-18T10:38:42Z</Time>
      <Position>
       <LatitudeDegrees>5.2340160</LatitudeDegrees>
       <LongitudeDegrees>100.4374330</LongitudeDegrees>
      </Position>
      <AltitudeMeters>5.4</AltitudeMeters>
      <DistanceMeters>4401.9</DistanceMeters>
      <HeartRateBpm>
       <Value>170</Value>
      </HeartRateBpm>
      <Extensions>
       <TPX xmlns="http://www.garmin.com/xmlschemas/ActivityExtension/v2">
        <Speed>3.6</Speed>
       </TPX>
      </Extensions>
     </Trackpoint>
     <Trackpoint>
      <Time>2026-08-18T10:38:43Z</Time>
      <Position>
       <LatitudeDegrees>5.2340060</LatitudeDegrees>
       <LongitudeDegrees>100.4374020</LongitudeDegrees>
      </Position>
      <AltitudeMeters>5.4</AltitudeMeters>
      <DistanceMeters>4405.4</DistanceMeters>
      <HeartRateBpm>
       <Value>170</Value>
      </HeartRateBpm>
      <Extensions>
       <TPX xmlns="http://www.garmin.com/xmlschemas/ActivityExtension/v2">
        <Speed>3.6</Speed>
       </TPX>
      </Extensions>
     </Trackpoint>
     <Trackpoint>
      <Time>2026-08-18T10:38:44Z</Time>
      <Position>
       <LatitudeDegrees>5.2339980</LatitudeDegrees>
       <LongitudeDegrees>100.4373760</LongitudeDegrees>
      </Position>
      <AltitudeMeters>5.4</AltitudeMeters>
      <DistanceMeters>4408.4</DistanceMeters>
      <HeartRateBpm>
       <Value>170</Value>
      </HeartRateBpm>
      <Extensions>
       <TPX xmlns="http://www.garmin.com/xmlschemas/ActivityExtension/v2">
        <Speed>3.5</Speed>
       </TPX>
      </Extensions>
     </Trackpoint>
     <Trackpoint>
      <Time>2026-08-18T10:38:45Z</Time>
      <Position>
       <LatitudeDegrees>5.2339870</LatitudeDegrees>
       <LongitudeDegrees>100.4373440</LongitudeDegrees>
      </Position>
      <AltitudeMeters>5.4</AltitudeMeters>
      <DistanceMeters>4412.3</DistanceMeters>
      <HeartRateBpm>
       <Value>170</Value>
      </HeartRateBpm>
      <Extensions>
       <TPX xmlns="http://www.garmin.com/xmlschemas/ActivityExtension/v2">
        <Speed>3.6</Speed>
       </TPX>
      </Extensions>
     </Trackpoint>
     <Trackpoint>
      <Time>2026-08-18T10:38:46Z</Time>
      <Position>
       <LatitudeDegrees>5.2339760</LatitudeDegrees>
       <LongitudeDegrees>100.4373130</LongitudeDegrees>
      </Position>
      <AltitudeMeters>5.4</AltitudeMeters>
      <DistanceMeters>4415.9</DistanceMeters>
      <HeartRateBpm>
       <Value>169</Value>
      </HeartRateBpm>
      <Extensions>
       <TPX xmlns="http://www.garmin.com/xmlschemas/ActivityExtension/v2">
        <Speed>3.5</Speed>
       </TPX>
      </Extensions>
     </Trackpoint>
     <Trackpoint>
      <Time>2026-08-18T10:38:47Z</Time>
      <Position>
       <LatitudeDegrees>5.2339680</LatitudeDegrees>
       <LongitudeDegrees>100.4372820</LongitudeDegrees>
      </Position>
      <AltitudeMeters>5.4</AltitudeMeters>
      <DistanceMeters>4419.4</DistanceMeters>
      <HeartRateBpm>
       <Value>169</Value>
      </HeartRateBpm>
      <Extensions>
       <TPX xmlns="http://www.garmin.com/xmlschemas/ActivityExtension/v2">
        <Speed>3.5</Speed>
       </TPX>
      </Extensions>
     </Trackpoint>
     <Trackpoint>
      <Time>2026-08-18T10:38:48Z</Time>
      <Position>
       <LatitudeDegrees>5.2339610</LatitudeDegrees>
       <LongitudeDegrees>100.4372490</LongitudeDegrees>
      </Position>
      <AltitudeMeters>5.4</AltitudeMeters>
      <DistanceMeters>4423.1</DistanceMeters>
      <HeartRateBpm>
       <Value>168</Value>
      </HeartRateBpm>
      <Extensions>
       <TPX xmlns="http://www.garmin.com/xmlschemas/ActivityExtension/v2">
        <Speed>3.5</Speed>
       </TPX>
      </Extensions>
     </Trackpoint>
     <Trackpoint>
      <Time>2026-08-18T10:38:49Z</Time>
      <Position>
       <LatitudeDegrees>5.2339560</LatitudeDegrees>
       <LongitudeDegrees>100.4372230</LongitudeDegrees>
      </Position>
      <AltitudeMeters>5.4</AltitudeMeters>
      <DistanceMeters>4423.1</DistanceMeters>
      <HeartRateBpm>
       <Value>168</Value>
      </HeartRateBpm>
      <Extensions>
       <TPX xmlns="http://www.garmin.com/xmlschemas/ActivityExtension/v2">
        <Speed>2.9</Speed>
       </TPX>
      </Extensions>
     </Trackpoint>
     <Trackpoint>
      <Time>2026-08-18T10:38:50Z</Time>
      <Position>
       <LatitudeDegrees>5.2339540</LatitudeDegrees>
       <LongitudeDegrees>100.4372160</LongitudeDegrees>
      </Position>
      <AltitudeMeters>5.4</AltitudeMeters>
      <DistanceMeters>4426.9</DistanceMeters>
      <HeartRateBpm>
       <Value>169</Value>
      </HeartRateBpm>
      <Extensions>
       <TPX xmlns="http://www.garmin.com/xmlschemas/ActivityExtension/v2">
        <Speed>2.9</Speed>
       </TPX>
      </Extensions>
     </Trackpoint>
     <Trackpoint>
      <Time>2026-08-18T10:38:51Z</Time>
      <Position>
       <LatitudeDegrees>5.2339460</LatitudeDegrees>
       <LongitudeDegrees>100.4371810</LongitudeDegrees>
      </Position>
      <AltitudeMeters>5.4</AltitudeMeters>
      <DistanceMeters>4430.9</DistanceMeters>
      <HeartRateBpm>
       <Value>170</Value>
      </HeartRateBpm>
      <Extensions>
       <TPX xmlns="http://www.garmin.com/xmlschemas/ActivityExtension/v2">
        <Speed>3.0</Speed>
       </TPX>
      </Extensions>
     </Trackpoint>
     <Trackpoint>
      <Time>2026-08-18T10:38:52Z</Time>
      <Position>
       <LatitudeDegrees>5.2339350</LatitudeDegrees>
       <LongitudeDegrees>100.4371510</LongitudeDegrees>
      </Position>
      <AltitudeMeters>5.4</AltitudeMeters>
      <DistanceMeters>4434.4</DistanceMeters>
      <HeartRateBpm>
       <Value>170</Value>
      </HeartRateBpm>
      <Extensions>
       <TPX xmlns="http://www.garmin.com/xmlschemas/ActivityExtension/v2">
        <Speed>3.0</Speed>
       </TPX>
      </Extensions>
     </Trackpoint>
     <Trackpoint>
      <Time>2026-08-18T10:38:53Z</Time>
      <Position>
       <LatitudeDegrees>5.2339230</LatitudeDegrees>
       <LongitudeDegrees>100.4371110</LongitudeDegrees>
      </Position>
      <AltitudeMeters>5.4</AltitudeMeters>
      <DistanceMeters>4439.0</DistanceMeters>
      <HeartRateBpm>
       <Value>170</Value>
      </HeartRateBpm>
      <Extensions>
       <TPX xmlns="http://www.garmin.com/xmlschemas/ActivityExtension/v2">
        <Speed>3.2</Speed>
       </TPX>
      </Extensions>
     </Trackpoint>
     <Trackpoint>
      <Time>2026-08-18T10:38:54Z</Time>
      <Position>
       <LatitudeDegrees>5.2339130</LatitudeDegrees>
       <LongitudeDegrees>100.4370730</LongitudeDegrees>
      </Position>
      <AltitudeMeters>5.4</AltitudeMeters>
      <DistanceMeters>4443.4</DistanceMeters>
      <HeartRateBpm>
       <Value>169</Value>
      </HeartRateBpm>
      <Extensions>
       <TPX xmlns="http://www.garmin.com/xmlschemas/ActivityExtension/v2">
        <Speed>4.1</Speed>
       </TPX>
      </Extensions>
     </Trackpoint>
     <Trackpoint>
      <Time>2026-08-18T10:38:55Z</Time>
      <Position>
       <LatitudeDegrees>5.2339000</LatitudeDegrees>
       <LongitudeDegrees>100.4370450</LongitudeDegrees>
      </Position>
      <AltitudeMeters>5.4</AltitudeMeters>
      <DistanceMeters>4446.8</DistanceMeters>
      <HeartRateBpm>
       <Value>169</Value>
      </HeartRateBpm>
      <Extensions>
       <TPX xmlns="http://www.garmin.com/xmlschemas/ActivityExtension/v2">
        <Speed>4.0</Speed>
       </TPX>
      </Extensions>
     </Trackpoint>
     <Trackpoint>
      <Time>2026-08-18T10:38:56Z</Time>
      <Position>
       <LatitudeDegrees>5.2338870</LatitudeDegrees>
       <LongitudeDegrees>100.4370070</LongitudeDegrees>
      </Position>
      <AltitudeMeters>5.4</AltitudeMeters>
      <DistanceMeters>4451.3</DistanceMeters>
      <HeartRateBpm>
       <Value>169</Value>
      </HeartRateBpm>
      <Extensions>
       <TPX xmlns="http://www.garmin.com/xmlschemas/ActivityExtension/v2">
        <Speed>4.1</Speed>
       </TPX>
      </Extensions>
     </Trackpoint>
     <Trackpoint>
      <Time>2026-08-18T10:38:57Z</Time>
      <Position>
       <LatitudeDegrees>5.2338730</LatitudeDegrees>
       <LongitudeDegrees>100.4369730</LongitudeDegrees>
      </Position>
      <AltitudeMeters>5.4</AltitudeMeters>
      <DistanceMeters>4455.4</DistanceMeters>
      <HeartRateBpm>
       <Value>169</Value>
      </HeartRateBpm>
      <Extensions>
       <TPX xmlns="http://www.garmin.com/xmlschemas/ActivityExtension/v2">
        <Speed>4.2</Speed>
       </TPX>
      </Extensions>
     </Trackpoint>
     <Trackpoint>
      <Time>2026-08-18T10:38:58Z</Time>
      <Position>
       <LatitudeDegrees>5.2338650</LatitudeDegrees>
       <LongitudeDegrees>100.4369370</LongitudeDegrees>
      </Position>
      <AltitudeMeters>5.4</AltitudeMeters>
      <DistanceMeters>4459.4</DistanceMeters>
      <HeartRateBpm>
       <Value>168</Value>
      </HeartRateBpm>
      <Extensions>
       <TPX xmlns="http://www.garmin.com/xmlschemas/ActivityExtension/v2">
        <Speed>4.1</Speed>
       </TPX>
      </Extensions>
     </Trackpoint>
     <Trackpoint>
      <Time>2026-08-18T10:38:59Z</Time>
      <Position>
       <LatitudeDegrees>5.2338600</LatitudeDegrees>
       <LongitudeDegrees>100.4369040</LongitudeDegrees>
      </Position>
      <AltitudeMeters>5.4</AltitudeMeters>
      <DistanceMeters>4463.1</DistanceMeters>
      <HeartRateBpm>
       <Value>168</Value>
      </HeartRateBpm>
      <Extensions>
       <TPX xmlns="http://www.garmin.com/xmlschemas/ActivityExtension/v2">
        <Speed>3.9</Speed>
       </TPX>
      </Extensions>
     </Trackpoint>
     <Trackpoint>
      <Time>2026-08-18T10:39:00Z</Time>
      <Position>
       <LatitudeDegrees>5.2338580</LatitudeDegrees>
       <LongitudeDegrees>100.4368720</LongitudeDegrees>
      </Position>
      <AltitudeMeters>5.4</AltitudeMeters>
      <DistanceMeters>4466.7</DistanceMeters>
      <HeartRateBpm>
       <Value>168</Value>
      </HeartRateBpm>
      <Extensions>
       <TPX xmlns="http://www.garmin.com/xmlschemas/ActivityExtension/v2">
        <Speed>4.0</Speed>
       </TPX>
      </Extensions>
     </Trackpoint>
     <Trackpoint>
      <Time>2026-08-18T10:39:01Z</Time>
      <Position>
       <LatitudeDegrees>5.2338540</LatitudeDegrees>
       <LongitudeDegrees>100.4368410</LongitudeDegrees>
      </Position>
      <AltitudeMeters>5.5</AltitudeMeters>
      <DistanceMeters>4470.1</DistanceMeters>
      <HeartRateBpm>
       <Value>168</Value>
      </HeartRateBpm>
      <Extensions>
       <TPX xmlns="http://www.garmin.com/xmlschemas/ActivityExtension/v2">
        <Speed>3.8</Speed>
       </TPX>
      </Extensions>
     </Trackpoint>
     <Trackpoint>
      <Time>2026-08-18T10:39:02Z</Time>
      <Position>
       <LatitudeDegrees>5.2338480</LatitudeDegrees>
       <LongitudeDegrees>100.4368130</LongitudeDegrees>
      </Position>
      <AltitudeMeters>5.5</AltitudeMeters>
      <DistanceMeters>4473.3</DistanceMeters>
      <HeartRateBpm>
       <Value>169</Value>
      </HeartRateBpm>
      <Extensions>
       <TPX xmlns="http://www.garmin.com/xmlschemas/ActivityExtension/v2">
        <Speed>3.6</Speed>
       </TPX>
      </Extensions>
     </Trackpoint>
     <Trackpoint>
      <Time>2026-08-18T10:39:03Z</Time>
      <Position>
       <LatitudeDegrees>5.2338410</LatitudeDegrees>
       <LongitudeDegrees>100.4367850</LongitudeDegrees>
      </Position>
      <AltitudeMeters>5.5</AltitudeMeters>
      <DistanceMeters>4476.5</DistanceMeters>
      <HeartRateBpm>
       <Value>169</Value>
      </HeartRateBpm>
      <Extensions>
       <TPX xmlns="http://www.garmin.com/xmlschemas/ActivityExtension/v2">
        <Speed>3.4</Speed>
       </TPX>
      </Extensions>
     </Trackpoint>
     <Trackpoint>
      <Time>2026-08-18T10:39:04Z</Time>
      <Position>
       <LatitudeDegrees>5.2338340</LatitudeDegrees>
       <LongitudeDegrees>100.4367540</LongitudeDegrees>
      </Position>
      <AltitudeMeters>5.5</AltitudeMeters>
      <DistanceMeters>4479.9</DistanceMeters>
      <HeartRateBpm>
       <Value>169</Value>
      </HeartRateBpm>
      <Extensions>
       <TPX xmlns="http://www.garmin.com/xmlschemas/ActivityExtension/v2">
        <Speed>3.4</Speed>
       </TPX>
      </Extensions>
     </Trackpoint>
     <Trackpoint>
      <Time>2026-08-18T10:39:05Z</Time>
      <Position>
       <LatitudeDegrees>5.2338240</LatitudeDegrees>
       <LongitudeDegrees>100.4367210</LongitudeDegrees>
      </Position>
      <AltitudeMeters>5.5</AltitudeMeters>
      <DistanceMeters>4483.8</DistanceMeters>
      <HeartRateBpm>
       <Value>168</Value>
      </HeartRateBpm>
      <Extensions>
       <TPX xmlns="http://www.garmin.com/xmlschemas/ActivityExtension/v2">
        <Speed>3.4</Speed>
       </TPX>
      </Extensions>
     </Trackpoint>
     <Trackpoint>
      <Time>2026-08-18T10:39:06Z</Time>
      <Position>
       <LatitudeDegrees>5.2338140</LatitudeDegrees>
       <LongitudeDegrees>100.4366930</LongitudeDegrees>
      </Position>
      <AltitudeMeters>5.5</AltitudeMeters>
      <DistanceMeters>4487.0</DistanceMeters>
      <HeartRateBpm>
       <Value>168</Value>
      </HeartRateBpm>
      <Extensions>
       <TPX xmlns="http://www.garmin.com/xmlschemas/ActivityExtension/v2">
        <Speed>3.4</Speed>
       </TPX>
      </Extensions>
     </Trackpoint>
     <Trackpoint>
      <Time>2026-08-18T10:39:07Z</Time>
      <Position>
       <LatitudeDegrees>5.2338060</LatitudeDegrees>
       <LongitudeDegrees>100.4366610</LongitudeDegrees>
      </Position>
      <AltitudeMeters>5.5</AltitudeMeters>
      <DistanceMeters>4490.7</DistanceMeters>
      <HeartRateBpm>
       <Value>168</Value>
      </HeartRateBpm>
      <Extensions>
       <TPX xmlns="http://www.garmin.com/xmlschemas/ActivityExtension/v2">
        <Speed>3.5</Speed>
       </TPX>
      </Extensions>
     </Trackpoint>
     <Trackpoint>
      <Time>2026-08-18T10:39:08Z</Time>
      <Position>
       <LatitudeDegrees>5.2337950</LatitudeDegrees>
       <LongitudeDegrees>100.4366240</LongitudeDegrees>
      </Position>
      <AltitudeMeters>5.5</AltitudeMeters>
      <DistanceMeters>4495.0</DistanceMeters>
      <HeartRateBpm>
       <Value>168</Value>
      </HeartRateBpm>
      <Extensions>
       <TPX xmlns="http://www.garmin.com/xmlschemas/ActivityExtension/v2">
        <Speed>3.7</Speed>
       </TPX>
      </Extensions>
     </Trackpoint>
     <Trackpoint>
      <Time>2026-08-18T10:39:09Z</Time>
      <Position>
       <LatitudeDegrees>5.2337860</LatitudeDegrees>
       <LongitudeDegrees>100.4365870</LongitudeDegrees>
      </Position>
      <AltitudeMeters>5.5</AltitudeMeters>
      <DistanceMeters>4499.3</DistanceMeters>
      <HeartRateBpm>
       <Value>168</Value>
      </HeartRateBpm>
      <Extensions>
       <TPX xmlns="http://www.garmin.com/xmlschemas/ActivityExtension/v2">
        <Speed>3.9</Speed>
       </TPX>
      </Extensions>
     </Trackpoint>
     <Trackpoint>
      <Time>2026-08-18T10:39:10Z</Time>
      <Position>
       <LatitudeDegrees>5.2337740</LatitudeDegrees>
       <LongitudeDegrees>100.4365450</LongitudeDegrees>
      </Position>
      <AltitudeMeters>5.5</AltitudeMeters>
      <DistanceMeters>4504.1</DistanceMeters>
      <HeartRateBpm>
       <Value>168</Value>
      </HeartRateBpm>
      <Extensions>
       <TPX xmlns="http://www.garmin.com/xmlschemas/ActivityExtension/v2">
        <Speed>4.1</Speed>
       </TPX>
      </Extensions>
     </Trackpoint>
     <Trackpoint>
      <Time>2026-08-18T10:39:11Z</Time>
      <Position>
       <LatitudeDegrees>5.2337650</LatitudeDegrees>
       <LongitudeDegrees>100.4365050</LongitudeDegrees>
      </Position>
      <AltitudeMeters>5.5</AltitudeMeters>
      <DistanceMeters>4508.6</DistanceMeters>
      <HeartRateBpm>
       <Value>169</Value>
      </HeartRateBpm>
      <Extensions>
       <TPX xmlns="http://www.garmin.com/xmlschemas/ActivityExtension/v2">
        <Speed>4.3</Speed>
       </TPX>
      </Extensions>
     </Trackpoint>
     <Trackpoint>
      <Time>2026-08-18T10:39:12Z</Time>
      <Position>
       <LatitudeDegrees>5.2337540</LatitudeDegrees>
       <LongitudeDegrees>100.4364720</LongitudeDegrees>
      </Position>
      <AltitudeMeters>5.5</AltitudeMeters>
      <DistanceMeters>4512.5</DistanceMeters>
      <HeartRateBpm>
       <Value>169</Value>
      </HeartRateBpm>
      <Extensions>
       <TPX xmlns="http://www.garmin.com/xmlschemas/ActivityExtension/v2">
        <Speed>4.4</Speed>
       </TPX>
      </Extensions>
     </Trackpoint>
     <Trackpoint>
      <Time>2026-08-18T10:39:13Z</Time>
      <Position>
       <LatitudeDegrees>5.2337440</LatitudeDegrees>
       <LongitudeDegrees>100.4364440</LongitudeDegrees>
      </Position>
      <AltitudeMeters>5.5</AltitudeMeters>
      <DistanceMeters>4515.8</DistanceMeters>
      <HeartRateBpm>
       <Value>169</Value>
      </HeartRateBpm>
      <Extensions>
       <TPX xmlns="http://www.garmin.com/xmlschemas/ActivityExtension/v2">
        <Speed>4.2</Speed>
       </TPX>
      </Extensions>
     </Trackpoint>
     <Trackpoint>
      <Time>2026-08-18T10:39:14Z</Time>
      <Position>
       <LatitudeDegrees>5.2337380</LatitudeDegrees>
       <LongitudeDegrees>100.4364150</LongitudeDegrees>
      </Position>
      <AltitudeMeters>5.5</AltitudeMeters>
      <DistanceMeters>4519.0</DistanceMeters>
      <HeartRateBpm>
       <Value>170</Value>
      </HeartRateBpm>
      <Extensions>
       <TPX xmlns="http://www.garmin.com/xmlschemas/ActivityExtension/v2">
        <Speed>3.9</Speed>
       </TPX>
      </Extensions>
     </Trackpoint>
     <Trackpoint>
      <Time>2026-08-18T10:39:15Z</Time>
      <Position>
       <LatitudeDegrees>5.2337330</LatitudeDegrees>
       <LongitudeDegrees>100.4363870</LongitudeDegrees>
      </Position>
      <AltitudeMeters>5.5</AltitudeMeters>
      <DistanceMeters>4522.2</DistanceMeters>
      <HeartRateBpm>
       <Value>170</Value>
      </HeartRateBpm>
      <Extensions>
       <TPX xmlns="http://www.garmin.com/xmlschemas/ActivityExtension/v2">
        <Speed>3.6</Speed>
       </TPX>
      </Extensions>
     </Trackpoint>
     <Trackpoint>
      <Time>2026-08-18T10:39:16Z</Time>
      <Position>
       <LatitudeDegrees>5.2337280</LatitudeDegrees>
       <LongitudeDegrees>100.4363620</LongitudeDegrees>
      </Position>
      <AltitudeMeters>5.5</AltitudeMeters>
      <DistanceMeters>4525.0</DistanceMeters>
      <HeartRateBpm>
       <Value>169</Value>
      </HeartRateBpm>
      <Extensions>
       <TPX xmlns="http://www.garmin.com/xmlschemas/ActivityExtension/v2">
        <Speed>3.3</Speed>
       </TPX>
      </Extensions>
     </Trackpoint>
     <Trackpoint>
      <Time>2026-08-18T10:39:17Z</Time>
      <Position>
       <LatitudeDegrees>5.2337240</LatitudeDegrees>
       <LongitudeDegrees>100.4363390</LongitudeDegrees>
      </Position>
      <AltitudeMeters>5.5</AltitudeMeters>
      <DistanceMeters>4527.6</DistanceMeters>
      <HeartRateBpm>
       <Value>170</Value>
      </HeartRateBpm>
      <Extensions>
       <TPX xmlns="http://www.garmin.com/xmlschemas/ActivityExtension/v2">
        <Speed>3.0</Speed>
       </TPX>
      </Extensions>
     </Trackpoint>
     <Trackpoint>
      <Time>2026-08-18T10:39:18Z</Time>
      <Position>
       <LatitudeDegrees>5.2337210</LatitudeDegrees>
       <LongitudeDegrees>100.4363170</LongitudeDegrees>
      </Position>
      <AltitudeMeters>5.5</AltitudeMeters>
      <DistanceMeters>4530.1</DistanceMeters>
      <HeartRateBpm>
       <Value>170</Value>
      </HeartRateBpm>
      <Extensions>
       <TPX xmlns="http://www.garmin.com/xmlschemas/ActivityExtension/v2">
        <Speed>2.9</Speed>
       </TPX>
      </Extensions>
     </Trackpoint>
     <Trackpoint>
      <Time>2026-08-18T10:39:19Z</Time>
      <Position>
       <LatitudeDegrees>5.2337190</LatitudeDegrees>
       <LongitudeDegrees>100.4362950</LongitudeDegrees>
      </Position>
      <AltitudeMeters>5.5</AltitudeMeters>
      <DistanceMeters>4532.5</DistanceMeters>
      <HeartRateBpm>
       <Value>170</Value>
      </HeartRateBpm>
      <Extensions>
       <TPX xmlns="http://www.garmin.com/xmlschemas/ActivityExtension/v2">
        <Speed>2.7</Speed>
       </TPX>
      </Extensions>
     </Trackpoint>
     <Trackpoint>
      <Time>2026-08-18T10:39:20Z</Time>
      <Position>
       <LatitudeDegrees>5.2337190</LatitudeDegrees>
       <LongitudeDegrees>100.4362710</LongitudeDegrees>
      </Position>
      <AltitudeMeters>5.5</AltitudeMeters>
      <DistanceMeters>4535.2</DistanceMeters>
      <HeartRateBpm>
       <Value>169</Value>
      </HeartRateBpm>
      <Extensions>
       <TPX xmlns="http://www.garmin.com/xmlschemas/ActivityExtension/v2">
        <Speed>2.6</Speed>
       </TPX>
      </Extensions>
     </Trackpoint>
     <Trackpoint>
      <Time>2026-08-18T10:39:21Z</Time>
      <Position>
       <LatitudeDegrees>5.2337150</LatitudeDegrees>
       <LongitudeDegrees>100.4362420</LongitudeDegrees>
      </Position>
      <AltitudeMeters>5.5</AltitudeMeters>
      <DistanceMeters>4538.4</DistanceMeters>
      <HeartRateBpm>
       <Value>169</Value>
      </HeartRateBpm>
      <Extensions>
       <TPX xmlns="http://www.garmin.com/xmlschemas/ActivityExtension/v2">
        <Speed>2.7</Speed>
       </TPX>
      </Extensions>
     </Trackpoint>
     <Trackpoint>
      <Time>2026-08-18T10:39:22Z</Time>
      <Position>
       <LatitudeDegrees>5.2337100</LatitudeDegrees>
       <LongitudeDegrees>100.4362140</LongitudeDegrees>
      </Position>
      <AltitudeMeters>5.5</AltitudeMeters>
      <DistanceMeters>4541.6</DistanceMeters>
      <HeartRateBpm>
       <Value>169</Value>
      </HeartRateBpm>
      <Extensions>
       <TPX xmlns="http://www.garmin.com/xmlschemas/ActivityExtension/v2">
        <Speed>2.8</Speed>
       </TPX>
      </Extensions>
     </Trackpoint>
     <Trackpoint>
      <Time>2026-08-18T10:39:23Z</Time>
      <Position>
       <LatitudeDegrees>5.2337000</LatitudeDegrees>
       <LongitudeDegrees>100.4361810</LongitudeDegrees>
      </Position>
      <AltitudeMeters>5.5</AltitudeMeters>
      <DistanceMeters>4545.3</DistanceMeters>
      <HeartRateBpm>
       <Value>169</Value>
      </HeartRateBpm>
      <Extensions>
       <TPX xmlns="http://www.garmin.com/xmlschemas/ActivityExtension/v2">
        <Speed>3.0</Speed>
       </TPX>
      </Extensions>
     </Trackpoint>
     <Trackpoint>
      <Time>2026-08-18T10:39:24Z</Time>
      <Position>
       <LatitudeDegrees>5.2336920</LatitudeDegrees>
       <LongitudeDegrees>100.4361480</LongitudeDegrees>
      </Position>
      <AltitudeMeters>5.5</AltitudeMeters>
      <DistanceMeters>4549.1</DistanceMeters>
      <HeartRateBpm>
       <Value>169</Value>
      </HeartRateBpm>
      <Extensions>
       <TPX xmlns="http://www.garmin.com/xmlschemas/ActivityExtension/v2">
        <Speed>3.3</Speed>
       </TPX>
      </Extensions>
     </Trackpoint>
     <Trackpoint>
      <Time>2026-08-18T10:39:25Z</Time>
      <Position>
       <LatitudeDegrees>5.2336840</LatitudeDegrees>
       <LongitudeDegrees>100.4361160</LongitudeDegrees>
      </Position>
      <AltitudeMeters>5.5</AltitudeMeters>
      <DistanceMeters>4552.7</DistanceMeters>
      <HeartRateBpm>
       <Value>169</Value>
      </HeartRateBpm>
      <Extensions>
       <TPX xmlns="http://www.garmin.com/xmlschemas/ActivityExtension/v2">
        <Speed>3.5</Speed>
       </TPX>
      </Extensions>
     </Trackpoint>
     <Trackpoint>
      <Time>2026-08-18T10:39:26Z</Time>
      <Position>
       <LatitudeDegrees>5.2336750</LatitudeDegrees>
       <LongitudeDegrees>100.4360840</LongitudeDegrees>
      </Position>
      <AltitudeMeters>5.5</AltitudeMeters>
      <DistanceMeters>4556.5</DistanceMeters>
      <HeartRateBpm>
       <Value>169</Value>
      </HeartRateBpm>
      <Extensions>
       <TPX xmlns="http://www.garmin.com/xmlschemas/ActivityExtension/v2">
        <Speed>3.6</Speed>
       </TPX>
      </Extensions>
     </Trackpoint>
     <Trackpoint>
      <Time>2026-08-18T10:39:27Z</Time>
      <Position>
       <LatitudeDegrees>5.2336650</LatitudeDegrees>
       <LongitudeDegrees>100.4360510</LongitudeDegrees>
      </Position>
      <AltitudeMeters>5.5</AltitudeMeters>
      <DistanceMeters>4560.3</DistanceMeters>
      <HeartRateBpm>
       <Value>168</Value>
      </HeartRateBpm>
      <Extensions>
       <TPX xmlns="http://www.garmin.com/xmlschemas/ActivityExtension/v2">
        <Speed>3.7</Speed>
       </TPX>
      </Extensions>
     </Trackpoint>
     <Trackpoint>
      <Time>2026-08-18T10:39:28Z</Time>
      <Position>
       <LatitudeDegrees>5.2336520</LatitudeDegrees>
       <LongitudeDegrees>100.4360180</LongitudeDegrees>
      </Position>
      <AltitudeMeters>5.5</AltitudeMeters>
      <DistanceMeters>4564.2</DistanceMeters>
      <HeartRateBpm>
       <Value>170</Value>
      </HeartRateBpm>
      <Extensions>
       <TPX xmlns="http://www.garmin.com/xmlschemas/ActivityExtension/v2">
        <Speed>3.8</Speed>
       </TPX>
      </Extensions>
     </Trackpoint>
     <Trackpoint>
      <Time>2026-08-18T10:39:29Z</Time>
      <Position>
       <LatitudeDegrees>5.2336400</LatitudeDegrees>
       <LongitudeDegrees>100.4359900</LongitudeDegrees>
      </Position>
      <AltitudeMeters>5.5</AltitudeMeters>
      <DistanceMeters>4567.6</DistanceMeters>
      <HeartRateBpm>
       <Value>169</Value>
      </HeartRateBpm>
      <Extensions>
       <TPX xmlns="http://www.garmin.com/xmlschemas/ActivityExtension/v2">
        <Speed>3.7</Speed>
       </TPX>
      </Extensions>
     </Trackpoint>
     <Trackpoint>
      <Time>2026-08-18T10:39:30Z</Time>
      <Position>
       <LatitudeDegrees>5.2336350</LatitudeDegrees>
       <LongitudeDegrees>100.4359610</LongitudeDegrees>
      </Position>
      <AltitudeMeters>5.5</AltitudeMeters>
      <DistanceMeters>4570.9</DistanceMeters>
      <HeartRateBpm>
       <Value>169</Value>
      </HeartRateBpm>
      <Extensions>
       <TPX xmlns="http://www.garmin.com/xmlschemas/ActivityExtension/v2">
        <Speed>3.6</Speed>
       </TPX>
      </Extensions>
     </Trackpoint>
     <Trackpoint>
      <Time>2026-08-18T10:39:31Z</Time>
      <Position>
       <LatitudeDegrees>5.2336280</LatitudeDegrees>
       <LongitudeDegrees>100.4359300</LongitudeDegrees>
      </Position>
      <AltitudeMeters>5.5</AltitudeMeters>
      <DistanceMeters>4574.3</DistanceMeters>
      <HeartRateBpm>
       <Value>169</Value>
      </HeartRateBpm>
      <Extensions>
       <TPX xmlns="http://www.garmin.com/xmlschemas/ActivityExtension/v2">
        <Speed>3.6</Speed>
       </TPX>
      </Extensions>
     </Trackpoint>
     <Trackpoint>
      <Time>2026-08-18T10:39:32Z</Time>
      <Position>
       <LatitudeDegrees>5.2336220</LatitudeDegrees>
       <LongitudeDegrees>100.4359020</LongitudeDegrees>
      </Position>
      <AltitudeMeters>5.5</AltitudeMeters>
      <DistanceMeters>4577.5</DistanceMeters>
      <HeartRateBpm>
       <Value>169</Value>
      </HeartRateBpm>
      <Extensions>
       <TPX xmlns="http://www.garmin.com/xmlschemas/ActivityExtension/v2">
        <Speed>3.4</Speed>
       </TPX>
      </Extensions>
     </Trackpoint>
     <Trackpoint>
      <Time>2026-08-18T10:39:33Z</Time>
      <Position>
       <LatitudeDegrees>5.2336170</LatitudeDegrees>
       <LongitudeDegrees>100.4358730</LongitudeDegrees>
      </Position>
      <AltitudeMeters>5.5</AltitudeMeters>
      <DistanceMeters>4580.8</DistanceMeters>
      <HeartRateBpm>
       <Value>169</Value>
      </HeartRateBpm>
      <Extensions>
       <TPX xmlns="http://www.garmin.com/xmlschemas/ActivityExtension/v2">
        <Speed>3.3</Speed>
       </TPX>
      </Extensions>
     </Trackpoint>
     <Trackpoint>
      <Time>2026-08-18T10:39:34Z</Time>
      <Position>
       <LatitudeDegrees>5.2336090</LatitudeDegrees>
       <LongitudeDegrees>100.4358460</LongitudeDegrees>
      </Position>
      <AltitudeMeters>5.5</AltitudeMeters>
      <DistanceMeters>4583.9</DistanceMeters>
      <HeartRateBpm>
       <Value>168</Value>
      </HeartRateBpm>
      <Extensions>
       <TPX xmlns="http://www.garmin.com/xmlschemas/ActivityExtension/v2">
        <Speed>3.3</Speed>
       </TPX>
      </Extensions>
     </Trackpoint>
     <Trackpoint>
      <Time>2026-08-18T10:39:35Z</Time>
      <Position>
       <LatitudeDegrees>5.2336070</LatitudeDegrees>
       <LongitudeDegrees>100.4358190</LongitudeDegrees>
      </Position>
      <AltitudeMeters>5.5</AltitudeMeters>
      <DistanceMeters>4586.9</DistanceMeters>
      <HeartRateBpm>
       <Value>168</Value>
      </HeartRateBpm>
      <Extensions>
       <TPX xmlns="http://www.garmin.com/xmlschemas/ActivityExtension/v2">
        <Speed>3.2</Speed>
       </TPX>
      </Extensions>
     </Trackpoint>
     <Trackpoint>
      <Time>2026-08-18T10:39:36Z</Time>
      <Position>
       <LatitudeDegrees>5.2336010</LatitudeDegrees>
       <LongitudeDegrees>100.4357910</LongitudeDegrees>
      </Position>
      <AltitudeMeters>5.5</AltitudeMeters>
      <DistanceMeters>4590.0</DistanceMeters>
      <HeartRateBpm>
       <Value>169</Value>
      </HeartRateBpm>
      <Extensions>
       <TPX xmlns="http://www.garmin.com/xmlschemas/ActivityExtension/v2">
        <Speed>3.1</Speed>
       </TPX>
      </Extensions>
     </Trackpoint>
     <Trackpoint>
      <Time>2026-08-18T10:39:37Z</Time>
      <Position>
       <LatitudeDegrees>5.2335960</LatitudeDegrees>
       <LongitudeDegrees>100.4357700</LongitudeDegrees>
      </Position>
      <AltitudeMeters>5.5</AltitudeMeters>
      <DistanceMeters>4592.4</DistanceMeters>
      <HeartRateBpm>
       <Value>168</Value>
      </HeartRateBpm>
      <Extensions>
       <TPX xmlns="http://www.garmin.com/xmlschemas/ActivityExtension/v2">
        <Speed>3.0</Speed>
       </TPX>
      </Extensions>
     </Trackpoint>
     <Trackpoint>
      <Time>2026-08-18T10:39:38Z</Time>
      <Position>
       <LatitudeDegrees>5.2335960</LatitudeDegrees>
       <LongitudeDegrees>100.4357470</LongitudeDegrees>
      </Position>
      <AltitudeMeters>5.5</AltitudeMeters>
      <DistanceMeters>4594.9</DistanceMeters>
      <HeartRateBpm>
       <Value>168</Value>
      </HeartRateBpm>
      <Extensions>
       <TPX xmlns="http://www.garmin.com/xmlschemas/ActivityExtension/v2">
        <Speed>2.8</Speed>
       </TPX>
      </Extensions>
     </Trackpoint>
     <Trackpoint>
      <Time>2026-08-18T10:39:39Z</Time>
      <Position>
       <LatitudeDegrees>5.2335910</LatitudeDegrees>
       <LongitudeDegrees>100.4357220</LongitudeDegrees>
      </Position>
      <AltitudeMeters>5.5</AltitudeMeters>
      <DistanceMeters>4597.8</DistanceMeters>
      <HeartRateBpm>
       <Value>168</Value>
      </HeartRateBpm>
      <Extensions>
       <TPX xmlns="http://www.garmin.com/xmlschemas/ActivityExtension/v2">
        <Speed>2.8</Speed>
       </TPX>
      </Extensions>
     </Trackpoint>
     <Trackpoint>
      <Time>2026-08-18T10:39:40Z</Time>
      <Position>
       <LatitudeDegrees>5.2335840</LatitudeDegrees>
       <LongitudeDegrees>100.4356940</LongitudeDegrees>
      </Position>
      <AltitudeMeters>5.5</AltitudeMeters>
      <DistanceMeters>4601.0</DistanceMeters>
      <HeartRateBpm>
       <Value>169</Value>
      </HeartRateBpm>
      <Extensions>
       <TPX xmlns="http://www.garmin.com/xmlschemas/ActivityExtension/v2">
        <Speed>2.8</Speed>
       </TPX>
      </Extensions>
     </Trackpoint>
     <Trackpoint>
      <Time>2026-08-18T10:39:41Z</Time>
      <Position>
       <LatitudeDegrees>5.2335810</LatitudeDegrees>
       <LongitudeDegrees>100.4356620</LongitudeDegrees>
      </Position>
      <AltitudeMeters>5.6</AltitudeMeters>
      <DistanceMeters>4604.5</DistanceMeters>
      <HeartRateBpm>
       <Value>169</Value>
      </HeartRateBpm>
      <Extensions>
       <TPX xmlns="http://www.garmin.com/xmlschemas/ActivityExtension/v2">
        <Speed>2.9</Speed>
       </TPX>
      </Extensions>
     </Trackpoint>
     <Trackpoint>
      <Time>2026-08-18T10:39:42Z</Time>
      <Position>
       <LatitudeDegrees>5.2335860</LatitudeDegrees>
       <LongitudeDegrees>100.4356300</LongitudeDegrees>
      </Position>
      <AltitudeMeters>5.6</AltitudeMeters>
      <DistanceMeters>4608.1</DistanceMeters>
      <HeartRateBpm>
       <Value>169</Value>
      </HeartRateBpm>
      <Extensions>
       <TPX xmlns="http://www.garmin.com/xmlschemas/ActivityExtension/v2">
        <Speed>3.1</Speed>
       </TPX>
      </Extensions>
     </Trackpoint>
     <Trackpoint>
      <Time>2026-08-18T10:39:43Z</Time>
      <Position>
       <LatitudeDegrees>5.2335870</LatitudeDegrees>
       <LongitudeDegrees>100.4356010</LongitudeDegrees>
      </Position>
      <AltitudeMeters>5.6</AltitudeMeters>
      <DistanceMeters>4611.3</DistanceMeters>
      <HeartRateBpm>
       <Value>169</Value>
      </HeartRateBpm>
      <Extensions>
       <TPX xmlns="http://www.garmin.com/xmlschemas/ActivityExtension/v2">
        <Speed>3.3</Speed>
       </TPX>
      </Extensions>
     </Trackpoint>
     <Trackpoint>
      <Time>2026-08-18T10:39:44Z</Time>
      <Position>
       <LatitudeDegrees>5.2335830</LatitudeDegrees>
       <LongitudeDegrees>100.4355650</LongitudeDegrees>
      </Position>
      <AltitudeMeters>5.6</AltitudeMeters>
      <DistanceMeters>4615.4</DistanceMeters>
      <HeartRateBpm>
       <Value>169</Value>
      </HeartRateBpm>
      <Extensions>
       <TPX xmlns="http://www.garmin.com/xmlschemas/ActivityExtension/v2">
        <Speed>3.5</Speed>
       </TPX>
      </Extensions>
     </Trackpoint>
     <Trackpoint>
      <Time>2026-08-18T10:39:45Z</Time>
      <Position>
       <LatitudeDegrees>5.2335800</LatitudeDegrees>
       <LongitudeDegrees>100.4355230</LongitudeDegrees>
      </Position>
      <AltitudeMeters>5.6</AltitudeMeters>
      <DistanceMeters>4620.0</DistanceMeters>
      <HeartRateBpm>
       <Value>169</Value>
      </HeartRateBpm>
      <Extensions>
       <TPX xmlns="http://www.garmin.com/xmlschemas/ActivityExtension/v2">
        <Speed>3.8</Speed>
       </TPX>
      </Extensions>
     </Trackpoint>
     <Trackpoint>
      <Time>2026-08-18T10:39:46Z</Time>
      <Position>
       <LatitudeDegrees>5.2335740</LatitudeDegrees>
       <LongitudeDegrees>100.4354800</LongitudeDegrees>
      </Position>
      <AltitudeMeters>5.6</AltitudeMeters>
      <DistanceMeters>4624.8</DistanceMeters>
      <HeartRateBpm>
       <Value>168</Value>
      </HeartRateBpm>
      <Extensions>
       <TPX xmlns="http://www.garmin.com/xmlschemas/ActivityExtension/v2">
        <Speed>4.1</Speed>
       </TPX>
      </Extensions>
     </Trackpoint>
     <Trackpoint>
      <Time>2026-08-18T10:39:47Z</Time>
      <Position>
       <LatitudeDegrees>5.2335680</LatitudeDegrees>
       <LongitudeDegrees>100.4354330</LongitudeDegrees>
      </Position>
      <AltitudeMeters>5.6</AltitudeMeters>
      <DistanceMeters>4630.1</DistanceMeters>
      <HeartRateBpm>
       <Value>169</Value>
      </HeartRateBpm>
      <Extensions>
       <TPX xmlns="http://www.garmin.com/xmlschemas/ActivityExtension/v2">
        <Speed>4.4</Speed>
       </TPX>
      </Extensions>
     </Trackpoint>
     <Trackpoint>
      <Time>2026-08-18T10:39:48Z</Time>
      <Position>
       <LatitudeDegrees>5.2335550</LatitudeDegrees>
       <LongitudeDegrees>100.4353930</LongitudeDegrees>
      </Position>
      <AltitudeMeters>5.6</AltitudeMeters>
      <DistanceMeters>4634.7</DistanceMeters>
      <HeartRateBpm>
       <Value>169</Value>
      </HeartRateBpm>
      <Extensions>
       <TPX xmlns="http://www.garmin.com/xmlschemas/ActivityExtension/v2">
        <Speed>4.7</Speed>
       </TPX>
      </Extensions>
     </Trackpoint>
     <Trackpoint>
      <Time>2026-08-18T10:39:49Z</Time>
      <Position>
       <LatitudeDegrees>5.2335470</LatitudeDegrees>
       <LongitudeDegrees>100.4353600</LongitudeDegrees>
      </Position>
      <AltitudeMeters>5.6</AltitudeMeters>
      <DistanceMeters>4638.4</DistanceMeters>
      <HeartRateBpm>
       <Value>169</Value>
      </HeartRateBpm>
      <Extensions>
       <TPX xmlns="http://www.garmin.com/xmlschemas/ActivityExtension/v2">
        <Speed>4.6</Speed>
       </TPX>
      </Extensions>
     </Trackpoint>
     <Trackpoint>
      <Time>2026-08-18T10:39:50Z</Time>
      <Position>
       <LatitudeDegrees>5.2335410</LatitudeDegrees>
       <LongitudeDegrees>100.4353270</LongitudeDegrees>
      </Position>
      <AltitudeMeters>5.6</AltitudeMeters>
      <DistanceMeters>4642.2</DistanceMeters>
      <HeartRateBpm>
       <Value>169</Value>
      </HeartRateBpm>
      <Extensions>
       <TPX xmlns="http://www.garmin.com/xmlschemas/ActivityExtension/v2">
        <Speed>4.4</Speed>
       </TPX>
      </Extensions>
     </Trackpoint>
     <Trackpoint>
      <Time>2026-08-18T10:39:51Z</Time>
      <Position>
       <LatitudeDegrees>5.2335320</LatitudeDegrees>
       <LongitudeDegrees>100.4352930</LongitudeDegrees>
      </Position>
      <AltitudeMeters>5.6</AltitudeMeters>
      <DistanceMeters>4646.1</DistanceMeters>
      <HeartRateBpm>
       <Value>169</Value>
      </HeartRateBpm>
      <Extensions>
       <TPX xmlns="http://www.garmin.com/xmlschemas/ActivityExtension/v2">
        <Speed>4.3</Speed>
       </TPX>
      </Extensions>
     </Trackpoint>
     <Trackpoint>
      <Time>2026-08-18T10:39:52Z</Time>
      <Position>
       <LatitudeDegrees>5.2335110</LatitudeDegrees>
       <LongitudeDegrees>100.4352630</LongitudeDegrees>
      </Position>
      <AltitudeMeters>5.6</AltitudeMeters>
      <DistanceMeters>4650.1</DistanceMeters>
      <HeartRateBpm>
       <Value>169</Value>
      </HeartRateBpm>
      <Extensions>
       <TPX xmlns="http://www.garmin.com/xmlschemas/ActivityExtension/v2">
        <Speed>4.0</Speed>
       </TPX>
      </Extensions>
     </Trackpoint>
     <Trackpoint>
      <Time>2026-08-18T10:39:53Z</Time>
      <Position>
       <LatitudeDegrees>5.2334980</LatitudeDegrees>
       <LongitudeDegrees>100.4352330</LongitudeDegrees>
      </Position>
      <AltitudeMeters>5.6</AltitudeMeters>
      <DistanceMeters>4653.7</DistanceMeters>
      <HeartRateBpm>
       <Value>169</Value>
      </HeartRateBpm>
      <Extensions>
       <TPX xmlns="http://www.garmin.com/xmlschemas/ActivityExtension/v2">
        <Speed>3.8</Speed>
       </TPX>
      </Extensions>
     </Trackpoint>
     <Trackpoint>
      <Time>2026-08-18T10:39:54Z</Time>
      <Position>
       <LatitudeDegrees>5.2334930</LatitudeDegrees>
       <LongitudeDegrees>100.4352070</LongitudeDegrees>
      </Position>
      <AltitudeMeters>5.6</AltitudeMeters>
      <DistanceMeters>4656.6</DistanceMeters>
      <HeartRateBpm>
       <Value>169</Value>
      </HeartRateBpm>
      <Extensions>
       <TPX xmlns="http://www.garmin.com/xmlschemas/ActivityExtension/v2">
        <Speed>3.6</Speed>
       </TPX>
      </Extensions>
     </Trackpoint>
     <Trackpoint>
      <Time>2026-08-18T10:39:55Z</Time>
      <Position>
       <LatitudeDegrees>5.2334690</LatitudeDegrees>
       <LongitudeDegrees>100.4351860</LongitudeDegrees>
      </Position>
      <AltitudeMeters>5.6</AltitudeMeters>
      <DistanceMeters>4660.0</DistanceMeters>
      <HeartRateBpm>
       <Value>169</Value>
      </HeartRateBpm>
      <Extensions>
       <TPX xmlns="http://www.garmin.com/xmlschemas/ActivityExtension/v2">
        <Speed>3.6</Speed>
       </TPX>
      </Extensions>
     </Trackpoint>
     <Trackpoint>
      <Time>2026-08-18T10:39:56Z</Time>
      <Position>
       <LatitudeDegrees>5.2334440</LatitudeDegrees>
       <LongitudeDegrees>100.4351740</LongitudeDegrees>
      </Position>
      <AltitudeMeters>5.6</AltitudeMeters>
      <DistanceMeters>4663.0</DistanceMeters>
      <HeartRateBpm>
       <Value>169</Value>
      </HeartRateBpm>
      <Extensions>
       <TPX xmlns="http://www.garmin.com/xmlschemas/ActivityExtension/v2">
        <Speed>3.4</Speed>
       </TPX>
      </Extensions>
     </Trackpoint>
     <Trackpoint>
      <Time>2026-08-18T10:39:57Z</Time>
      <Position>
       <LatitudeDegrees>5.2334280</LatitudeDegrees>
       <LongitudeDegrees>100.4351640</LongitudeDegrees>
      </Position>
      <AltitudeMeters>5.6</AltitudeMeters>
      <DistanceMeters>4665.1</DistanceMeters>
      <HeartRateBpm>
       <Value>169</Value>
      </HeartRateBpm>
      <Extensions>
       <TPX xmlns="http://www.garmin.com/xmlschemas/ActivityExtension/v2">
        <Speed>3.0</Speed>
       </TPX>
      </Extensions>
     </Trackpoint>
     <Trackpoint>
      <Time>2026-08-18T10:39:58Z</Time>
      <Position>
       <LatitudeDegrees>5.2334120</LatitudeDegrees>
       <LongitudeDegrees>100.4351500</LongitudeDegrees>
      </Position>
      <AltitudeMeters>5.6</AltitudeMeters>
      <DistanceMeters>4667.4</DistanceMeters>
      <HeartRateBpm>
       <Value>168</Value>
      </HeartRateBpm>
      <Extensions>
       <TPX xmlns="http://www.garmin.com/xmlschemas/ActivityExtension/v2">
        <Speed>2.7</Speed>
       </TPX>
      </Extensions>
     </Trackpoint>
     <Trackpoint>
      <Time>2026-08-18T10:39:59Z</Time>
      <Position>
       <LatitudeDegrees>5.2334020</LatitudeDegrees>
       <LongitudeDegrees>100.4351140</LongitudeDegrees>
      </Position>
      <AltitudeMeters>5.6</AltitudeMeters>
      <DistanceMeters>4671.6</DistanceMeters>
      <HeartRateBpm>
       <Value>169</Value>
      </HeartRateBpm>
      <Extensions>
       <TPX xmlns="http://www.garmin.com/xmlschemas/ActivityExtension/v2">
        <Speed>3.0</Speed>
       </TPX>
      </Extensions>
     </Trackpoint>
     <Trackpoint>
      <Time>2026-08-18T10:40:00Z</Time>
      <Position>
       <LatitudeDegrees>5.2334040</LatitudeDegrees>
       <LongitudeDegrees>100.4350760</LongitudeDegrees>
      </Position>
      <AltitudeMeters>5.6</AltitudeMeters>
      <DistanceMeters>4675.8</DistanceMeters>
      <HeartRateBpm>
       <Value>168</Value>
      </HeartRateBpm>
      <Extensions>
       <TPX xmlns="http://www.garmin.com/xmlschemas/ActivityExtension/v2">
        <Speed>3.2</Speed>
       </TPX>
      </Extensions>
     </Trackpoint>
     <Trackpoint>
      <Time>2026-08-18T10:40:01Z</Time>
      <Position>
       <LatitudeDegrees>5.2334050</LatitudeDegrees>
       <LongitudeDegrees>100.4350440</LongitudeDegrees>
      </Position>
      <AltitudeMeters>5.6</AltitudeMeters>
      <DistanceMeters>4679.3</DistanceMeters>
      <HeartRateBpm>
       <Value>168</Value>
      </HeartRateBpm>
      <Extensions>
       <TPX xmlns="http://www.garmin.com/xmlschemas/ActivityExtension/v2">
        <Speed>3.3</Speed>
       </TPX>
      </Extensions>
     </Trackpoint>
     <Trackpoint>
      <Time>2026-08-18T10:40:02Z</Time>
      <Position>
       <LatitudeDegrees>5.2334100</LatitudeDegrees>
       <LongitudeDegrees>100.4350100</LongitudeDegrees>
      </Position>
      <AltitudeMeters>5.6</AltitudeMeters>
      <DistanceMeters>4683.1</DistanceMeters>
      <HeartRateBpm>
       <Value>169</Value>
      </HeartRateBpm>
      <Extensions>
       <TPX xmlns="http://www.garmin.com/xmlschemas/ActivityExtension/v2">
        <Speed>3.6</Speed>
       </TPX>
      </Extensions>
     </Trackpoint>
     <Trackpoint>
      <Time>2026-08-18T10:40:03Z</Time>
      <Position>
       <LatitudeDegrees>5.2334130</LatitudeDegrees>
       <LongitudeDegrees>100.4349760</LongitudeDegrees>
      </Position>
      <AltitudeMeters>5.6</AltitudeMeters>
      <DistanceMeters>4687.0</DistanceMeters>
      <HeartRateBpm>
       <Value>170</Value>
      </HeartRateBpm>
      <Extensions>
       <TPX xmlns="http://www.garmin.com/xmlschemas/ActivityExtension/v2">
        <Speed>3.9</Speed>
       </TPX>
      </Extensions>
     </Trackpoint>
     <Trackpoint>
      <Time>2026-08-18T10:40:04Z</Time>
      <Position>
       <LatitudeDegrees>5.2334190</LatitudeDegrees>
       <LongitudeDegrees>100.4349390</LongitudeDegrees>
      </Position>
      <AltitudeMeters>5.6</AltitudeMeters>
      <DistanceMeters>4691.1</DistanceMeters>
      <HeartRateBpm>
       <Value>170</Value>
      </HeartRateBpm>
      <Extensions>
       <TPX xmlns="http://www.garmin.com/xmlschemas/ActivityExtension/v2">
        <Speed>3.9</Speed>
       </TPX>
      </Extensions>
     </Trackpoint>
     <Trackpoint>
      <Time>2026-08-18T10:40:05Z</Time>
      <Position>
       <LatitudeDegrees>5.2334320</LatitudeDegrees>
       <LongitudeDegrees>100.4349080</LongitudeDegrees>
      </Position>
      <AltitudeMeters>5.6</AltitudeMeters>
      <DistanceMeters>4694.8</DistanceMeters>
      <HeartRateBpm>
       <Value>169</Value>
      </HeartRateBpm>
      <Extensions>
       <TPX xmlns="http://www.garmin.com/xmlschemas/ActivityExtension/v2">
        <Speed>3.8</Speed>
       </TPX>
      </Extensions>
     </Trackpoint>
     <Trackpoint>
      <Time>2026-08-18T10:40:06Z</Time>
      <Position>
       <LatitudeDegrees>5.2334490</LatitudeDegrees>
       <LongitudeDegrees>100.4348810</LongitudeDegrees>
      </Position>
      <AltitudeMeters>5.6</AltitudeMeters>
      <DistanceMeters>4698.3</DistanceMeters>
      <HeartRateBpm>
       <Value>169</Value>
      </HeartRateBpm>
      <Extensions>
       <TPX xmlns="http://www.garmin.com/xmlschemas/ActivityExtension/v2">
        <Speed>3.8</Speed>
       </TPX>
      </Extensions>
     </Trackpoint>
     <Trackpoint>
      <Time>2026-08-18T10:40:07Z</Time>
      <Position>
       <LatitudeDegrees>5.2334570</LatitudeDegrees>
       <LongitudeDegrees>100.4348500</LongitudeDegrees>
      </Position>
      <AltitudeMeters>5.6</AltitudeMeters>
      <DistanceMeters>4701.9</DistanceMeters>
      <HeartRateBpm>
       <Value>169</Value>
      </HeartRateBpm>
      <Extensions>
       <TPX xmlns="http://www.garmin.com/xmlschemas/ActivityExtension/v2">
        <Speed>3.8</Speed>
       </TPX>
      </Extensions>
     </Trackpoint>
     <Trackpoint>
      <Time>2026-08-18T10:40:08Z</Time>
      <Position>
       <LatitudeDegrees>5.2334640</LatitudeDegrees>
       <LongitudeDegrees>100.4348170</LongitudeDegrees>
      </Position>
      <AltitudeMeters>5.6</AltitudeMeters>
      <DistanceMeters>4705.6</DistanceMeters>
      <HeartRateBpm>
       <Value>168</Value>
      </HeartRateBpm>
      <Extensions>
       <TPX xmlns="http://www.garmin.com/xmlschemas/ActivityExtension/v2">
        <Speed>3.7</Speed>
       </TPX>
      </Extensions>
     </Trackpoint>
     <Trackpoint>
      <Time>2026-08-18T10:40:09Z</Time>
      <Position>
       <LatitudeDegrees>5.2334740</LatitudeDegrees>
       <LongitudeDegrees>100.4347860</LongitudeDegrees>
      </Position>
      <AltitudeMeters>5.7</AltitudeMeters>
      <DistanceMeters>4709.2</DistanceMeters>
      <HeartRateBpm>
       <Value>168</Value>
      </HeartRateBpm>
      <Extensions>
       <TPX xmlns="http://www.garmin.com/xmlschemas/ActivityExtension/v2">
        <Speed>3.6</Speed>
       </TPX>
      </Extensions>
     </Trackpoint>
     <Trackpoint>
      <Time>2026-08-18T10:40:10Z</Time>
      <Position>
       <LatitudeDegrees>5.2334890</LatitudeDegrees>
       <LongitudeDegrees>100.4347600</LongitudeDegrees>
      </Position>
      <AltitudeMeters>5.7</AltitudeMeters>
      <DistanceMeters>4712.5</DistanceMeters>
      <HeartRateBpm>
       <Value>168</Value>
      </HeartRateBpm>
      <Extensions>
       <TPX xmlns="http://www.garmin.com/xmlschemas/ActivityExtension/v2">
        <Speed>3.5</Speed>
       </TPX>
      </Extensions>
     </Trackpoint>
     <Trackpoint>
      <Time>2026-08-18T10:40:11Z</Time>
      <Position>
       <LatitudeDegrees>5.2335030</LatitudeDegrees>
       <LongitudeDegrees>100.4347340</LongitudeDegrees>
      </Position>
      <AltitudeMeters>5.7</AltitudeMeters>
      <DistanceMeters>4715.8</DistanceMeters>
      <HeartRateBpm>
       <Value>167</Value>
      </HeartRateBpm>
      <Extensions>
       <TPX xmlns="http://www.garmin.com/xmlschemas/ActivityExtension/v2">
        <Speed>3.5</Speed>
       </TPX>
      </Extensions>
     </Trackpoint>
     <Trackpoint>
      <Time>2026-08-18T10:40:12Z</Time>
      <Position>
       <LatitudeDegrees>5.2335280</LatitudeDegrees>
       <LongitudeDegrees>100.4347100</LongitudeDegrees>
      </Position>
      <AltitudeMeters>5.7</AltitudeMeters>
      <DistanceMeters>4719.7</DistanceMeters>
      <HeartRateBpm>
       <Value>168</Value>
      </HeartRateBpm>
      <Extensions>
       <TPX xmlns="http://www.garmin.com/xmlschemas/ActivityExtension/v2">
        <Speed>3.6</Speed>
       </TPX>
      </Extensions>
     </Trackpoint>
     <Trackpoint>
      <Time>2026-08-18T10:40:13Z</Time>
      <Position>
       <LatitudeDegrees>5.2335550</LatitudeDegrees>
       <LongitudeDegrees>100.4346900</LongitudeDegrees>
      </Position>
      <AltitudeMeters>5.7</AltitudeMeters>
      <DistanceMeters>4723.4</DistanceMeters>
      <HeartRateBpm>
       <Value>169</Value>
      </HeartRateBpm>
      <Extensions>
       <TPX xmlns="http://www.garmin.com/xmlschemas/ActivityExtension/v2">
        <Speed>3.6</Speed>
       </TPX>
      </Extensions>
     </Trackpoint>
     <Trackpoint>
      <Time>2026-08-18T10:40:14Z</Time>
      <Position>
       <LatitudeDegrees>5.2335800</LatitudeDegrees>
       <LongitudeDegrees>100.4346690</LongitudeDegrees>
      </Position>
      <AltitudeMeters>5.7</AltitudeMeters>
      <DistanceMeters>4727.1</DistanceMeters>
      <HeartRateBpm>
       <Value>169</Value>
      </HeartRateBpm>
      <Extensions>
       <TPX xmlns="http://www.garmin.com/xmlschemas/ActivityExtension/v2">
        <Speed>3.6</Speed>
       </TPX>
      </Extensions>
     </Trackpoint>
     <Trackpoint>
      <Time>2026-08-18T10:40:15Z</Time>
      <Position>
       <LatitudeDegrees>5.2335980</LatitudeDegrees>
       <LongitudeDegrees>100.4346450</LongitudeDegrees>
      </Position>
      <AltitudeMeters>5.7</AltitudeMeters>
      <DistanceMeters>4730.4</DistanceMeters>
      <HeartRateBpm>
       <Value>168</Value>
      </HeartRateBpm>
      <Extensions>
       <TPX xmlns="http://www.garmin.com/xmlschemas/ActivityExtension/v2">
        <Speed>3.6</Speed>
       </TPX>
      </Extensions>
     </Trackpoint>
     <Trackpoint>
      <Time>2026-08-18T10:40:16Z</Time>
      <Position>
       <LatitudeDegrees>5.2336240</LatitudeDegrees>
       <LongitudeDegrees>100.4346270</LongitudeDegrees>
      </Position>
      <AltitudeMeters>5.7</AltitudeMeters>
      <DistanceMeters>4733.9</DistanceMeters>
      <HeartRateBpm>
       <Value>168</Value>
      </HeartRateBpm>
      <Extensions>
       <TPX xmlns="http://www.garmin.com/xmlschemas/ActivityExtension/v2">
        <Speed>3.6</Speed>
       </TPX>
      </Extensions>
     </Trackpoint>
     <Trackpoint>
      <Time>2026-08-18T10:40:17Z</Time>
      <Position>
       <LatitudeDegrees>5.2336500</LatitudeDegrees>
       <LongitudeDegrees>100.4346170</LongitudeDegrees>
      </Position>
      <AltitudeMeters>5.7</AltitudeMeters>
      <DistanceMeters>4737.0</DistanceMeters>
      <HeartRateBpm>
       <Value>167</Value>
      </HeartRateBpm>
      <Extensions>
       <TPX xmlns="http://www.garmin.com/xmlschemas/ActivityExtension/v2">
        <Speed>3.5</Speed>
       </TPX>
      </Extensions>
     </Trackpoint>
     <Trackpoint>
      <Time>2026-08-18T10:40:18Z</Time>
      <Position>
       <LatitudeDegrees>5.2336760</LatitudeDegrees>
       <LongitudeDegrees>100.4346070</LongitudeDegrees>
      </Position>
      <AltitudeMeters>5.7</AltitudeMeters>
      <DistanceMeters>4740.2</DistanceMeters>
      <HeartRateBpm>
       <Value>167</Value>
      </HeartRateBpm>
      <Extensions>
       <TPX xmlns="http://www.garmin.com/xmlschemas/ActivityExtension/v2">
        <Speed>3.4</Speed>
       </TPX>
      </Extensions>
     </Trackpoint>
     <Trackpoint>
      <Time>2026-08-18T10:40:19Z</Time>
      <Position>
       <LatitudeDegrees>5.2336990</LatitudeDegrees>
       <LongitudeDegrees>100.4345860</LongitudeDegrees>
      </Position>
      <AltitudeMeters>5.7</AltitudeMeters>
      <DistanceMeters>4743.6</DistanceMeters>
      <HeartRateBpm>
       <Value>167</Value>
      </HeartRateBpm>
      <Extensions>
       <TPX xmlns="http://www.garmin.com/xmlschemas/ActivityExtension/v2">
        <Speed>3.3</Speed>
       </TPX>
      </Extensions>
     </Trackpoint>
     <Trackpoint>
      <Time>2026-08-18T10:40:20Z</Time>
      <Position>
       <LatitudeDegrees>5.2337240</LatitudeDegrees>
       <LongitudeDegrees>100.4345670</LongitudeDegrees>
      </Position>
      <AltitudeMeters>5.7</AltitudeMeters>
      <DistanceMeters>4747.1</DistanceMeters>
      <HeartRateBpm>
       <Value>168</Value>
      </HeartRateBpm>
      <Extensions>
       <TPX xmlns="http://www.garmin.com/xmlschemas/ActivityExtension/v2">
        <Speed>3.3</Speed>
       </TPX>
      </Extensions>
     </Trackpoint>
     <Trackpoint>
      <Time>2026-08-18T10:40:21Z</Time>
      <Position>
       <LatitudeDegrees>5.2337530</LatitudeDegrees>
       <LongitudeDegrees>100.4345510</LongitudeDegrees>
      </Position>
      <AltitudeMeters>5.7</AltitudeMeters>
      <DistanceMeters>4750.8</DistanceMeters>
      <HeartRateBpm>
       <Value>169</Value>
      </HeartRateBpm>
      <Extensions>
       <TPX xmlns="http://www.garmin.com/xmlschemas/ActivityExtension/v2">
        <Speed>3.4</Speed>
       </TPX>
      </Extensions>
     </Trackpoint>
     <Trackpoint>
      <Time>2026-08-18T10:40:22Z</Time>
      <Position>
       <LatitudeDegrees>5.2337850</LatitudeDegrees>
       <LongitudeDegrees>100.4345380</LongitudeDegrees>
      </Position>
      <AltitudeMeters>5.7</AltitudeMeters>
      <DistanceMeters>4754.7</DistanceMeters>
      <HeartRateBpm>
       <Value>168</Value>
      </HeartRateBpm>
      <Extensions>
       <TPX xmlns="http://www.garmin.com/xmlschemas/ActivityExtension/v2">
        <Speed>3.5</Speed>
       </TPX>
      </Extensions>
     </Trackpoint>
     <Trackpoint>
      <Time>2026-08-18T10:40:23Z</Time>
      <Position>
       <LatitudeDegrees>5.2338170</LatitudeDegrees>
       <LongitudeDegrees>100.4345250</LongitudeDegrees>
      </Position>
      <AltitudeMeters>5.6</AltitudeMeters>
      <DistanceMeters>4758.5</DistanceMeters>
      <HeartRateBpm>
       <Value>167</Value>
      </HeartRateBpm>
      <Extensions>
       <TPX xmlns="http://www.garmin.com/xmlschemas/ActivityExtension/v2">
        <Speed>3.7</Speed>
       </TPX>
      </Extensions>
     </Trackpoint>
     <Trackpoint>
      <Time>2026-08-18T10:40:24Z</Time>
      <Position>
       <LatitudeDegrees>5.2338530</LatitudeDegrees>
       <LongitudeDegrees>100.4345200</LongitudeDegrees>
      </Position>
      <AltitudeMeters>5.6</AltitudeMeters>
      <DistanceMeters>4762.6</DistanceMeters>
      <HeartRateBpm>
       <Value>166</Value>
      </HeartRateBpm>
      <Extensions>
       <TPX xmlns="http://www.garmin.com/xmlschemas/ActivityExtension/v2">
        <Speed>3.8</Speed>
       </TPX>
      </Extensions>
     </Trackpoint>
     <Trackpoint>
      <Time>2026-08-18T10:40:25Z</Time>
      <Position>
       <LatitudeDegrees>5.2338840</LatitudeDegrees>
       <LongitudeDegrees>100.4345180</LongitudeDegrees>
      </Position>
      <AltitudeMeters>5.6</AltitudeMeters>
      <DistanceMeters>4766.0</DistanceMeters>
      <HeartRateBpm>
       <Value>166</Value>
      </HeartRateBpm>
      <Extensions>
       <TPX xmlns="http://www.garmin.com/xmlschemas/ActivityExtension/v2">
        <Speed>3.8</Speed>
       </TPX>
      </Extensions>
     </Trackpoint>
     <Trackpoint>
      <Time>2026-08-18T10:40:26Z</Time>
      <Position>
       <LatitudeDegrees>5.2339150</LatitudeDegrees>
       <LongitudeDegrees>100.4345160</LongitudeDegrees>
      </Position>
      <AltitudeMeters>5.6</AltitudeMeters>
      <DistanceMeters>4769.5</DistanceMeters>
      <HeartRateBpm>
       <Value>167</Value>
      </HeartRateBpm>
      <Extensions>
       <TPX xmlns="http://www.garmin.com/xmlschemas/ActivityExtension/v2">
        <Speed>3.7</Speed>
       </TPX>
      </Extensions>
     </Trackpoint>
     <Trackpoint>
      <Time>2026-08-18T10:40:27Z</Time>
      <Position>
       <LatitudeDegrees>5.2339470</LatitudeDegrees>
       <LongitudeDegrees>100.4345170</LongitudeDegrees>
      </Position>
      <AltitudeMeters>5.6</AltitudeMeters>
      <DistanceMeters>4773.0</DistanceMeters>
      <HeartRateBpm>
       <Value>168</Value>
      </HeartRateBpm>
      <Extensions>
       <TPX xmlns="http://www.garmin.com/xmlschemas/ActivityExtension/v2">
        <Speed>3.7</Speed>
       </TPX>
      </Extensions>
     </Trackpoint>
     <Trackpoint>
      <Time>2026-08-18T10:40:28Z</Time>
      <Position>
       <LatitudeDegrees>5.2339800</LatitudeDegrees>
       <LongitudeDegrees>100.4345210</LongitudeDegrees>
      </Position>
      <AltitudeMeters>5.6</AltitudeMeters>
      <DistanceMeters>4776.8</DistanceMeters>
      <HeartRateBpm>
       <Value>169</Value>
      </HeartRateBpm>
      <Extensions>
       <TPX xmlns="http://www.garmin.com/xmlschemas/ActivityExtension/v2">
        <Speed>3.7</Speed>
       </TPX>
      </Extensions>
     </Trackpoint>
     <Trackpoint>
      <Time>2026-08-18T10:40:29Z</Time>
      <Position>
       <LatitudeDegrees>5.2340140</LatitudeDegrees>
       <LongitudeDegrees>100.4345220</LongitudeDegrees>
      </Position>
      <AltitudeMeters>5.6</AltitudeMeters>
      <DistanceMeters>4780.6</DistanceMeters>
      <HeartRateBpm>
       <Value>168</Value>
      </HeartRateBpm>
      <Extensions>
       <TPX xmlns="http://www.garmin.com/xmlschemas/ActivityExtension/v2">
        <Speed>3.6</Speed>
       </TPX>
      </Extensions>
     </Trackpoint>
     <Trackpoint>
      <Time>2026-08-18T10:40:30Z</Time>
      <Position>
       <LatitudeDegrees>5.2340490</LatitudeDegrees>
       <LongitudeDegrees>100.4345290</LongitudeDegrees>
      </Position>
      <AltitudeMeters>5.6</AltitudeMeters>
      <DistanceMeters>4784.5</DistanceMeters>
      <HeartRateBpm>
       <Value>168</Value>
      </HeartRateBpm>
      <Extensions>
       <TPX xmlns="http://www.garmin.com/xmlschemas/ActivityExtension/v2">
        <Speed>3.7</Speed>
       </TPX>
      </Extensions>
     </Trackpoint>
     <Trackpoint>
      <Time>2026-08-18T10:40:31Z</Time>
      <Position>
       <LatitudeDegrees>5.2340790</LatitudeDegrees>
       <LongitudeDegrees>100.4345300</LongitudeDegrees>
      </Position>
      <AltitudeMeters>5.6</AltitudeMeters>
      <DistanceMeters>4787.9</DistanceMeters>
      <HeartRateBpm>
       <Value>168</Value>
      </HeartRateBpm>
      <Extensions>
       <TPX xmlns="http://www.garmin.com/xmlschemas/ActivityExtension/v2">
        <Speed>3.7</Speed>
       </TPX>
      </Extensions>
     </Trackpoint>
     <Trackpoint>
      <Time>2026-08-18T10:40:32Z</Time>
      <Position>
       <LatitudeDegrees>5.2341140</LatitudeDegrees>
       <LongitudeDegrees>100.4345220</LongitudeDegrees>
      </Position>
      <AltitudeMeters>5.6</AltitudeMeters>
      <DistanceMeters>4791.8</DistanceMeters>
      <HeartRateBpm>
       <Value>168</Value>
      </HeartRateBpm>
      <Extensions>
       <TPX xmlns="http://www.garmin.com/xmlschemas/ActivityExtension/v2">
        <Speed>3.8</Speed>
       </TPX>
      </Extensions>
     </Trackpoint>
     <Trackpoint>
      <Time>2026-08-18T10:40:33Z</Time>
      <Position>
       <LatitudeDegrees>5.2341510</LatitudeDegrees>
       <LongitudeDegrees>100.4345080</LongitudeDegrees>
      </Position>
      <AltitudeMeters>5.6</AltitudeMeters>
      <DistanceMeters>4796.2</DistanceMeters>
      <HeartRateBpm>
       <Value>167</Value>
      </HeartRateBpm>
      <Extensions>
       <TPX xmlns="http://www.garmin.com/xmlschemas/ActivityExtension/v2">
        <Speed>3.9</Speed>
       </TPX>
      </Extensions>
     </Trackpoint>
     <Trackpoint>
      <Time>2026-08-18T10:40:34Z</Time>
      <Position>
       <LatitudeDegrees>5.2341870</LatitudeDegrees>
       <LongitudeDegrees>100.4344930</LongitudeDegrees>
      </Position>
      <AltitudeMeters>5.6</AltitudeMeters>
      <DistanceMeters>4800.5</DistanceMeters>
      <HeartRateBpm>
       <Value>167</Value>
      </HeartRateBpm>
      <Extensions>
       <TPX xmlns="http://www.garmin.com/xmlschemas/ActivityExtension/v2">
        <Speed>4.0</Speed>
       </TPX>
      </Extensions>
     </Trackpoint>
     <Trackpoint>
      <Time>2026-08-18T10:40:35Z</Time>
      <Position>
       <LatitudeDegrees>5.2342150</LatitudeDegrees>
       <LongitudeDegrees>100.4344780</LongitudeDegrees>
      </Position>
      <AltitudeMeters>5.6</AltitudeMeters>
      <DistanceMeters>4804.1</DistanceMeters>
      <HeartRateBpm>
       <Value>168</Value>
      </HeartRateBpm>
      <Extensions>
       <TPX xmlns="http://www.garmin.com/xmlschemas/ActivityExtension/v2">
        <Speed>3.9</Speed>
       </TPX>
      </Extensions>
     </Trackpoint>
     <Trackpoint>
      <Time>2026-08-18T10:40:36Z</Time>
      <Position>
       <LatitudeDegrees>5.2342480</LatitudeDegrees>
       <LongitudeDegrees>100.4344740</LongitudeDegrees>
      </Position>
      <AltitudeMeters>5.6</AltitudeMeters>
      <DistanceMeters>4807.8</DistanceMeters>
      <HeartRateBpm>
       <Value>168</Value>
      </HeartRateBpm>
      <Extensions>
       <TPX xmlns="http://www.garmin.com/xmlschemas/ActivityExtension/v2">
        <Speed>4.0</Speed>
       </TPX>
      </Extensions>
     </Trackpoint>
     <Trackpoint>
      <Time>2026-08-18T10:40:37Z</Time>
      <Position>
       <LatitudeDegrees>5.2342820</LatitudeDegrees>
       <LongitudeDegrees>100.4344720</LongitudeDegrees>
      </Position>
      <AltitudeMeters>5.6</AltitudeMeters>
      <DistanceMeters>4811.6</DistanceMeters>
      <HeartRateBpm>
       <Value>169</Value>
      </HeartRateBpm>
      <Extensions>
       <TPX xmlns="http://www.garmin.com/xmlschemas/ActivityExtension/v2">
        <Speed>4.0</Speed>
       </TPX>
      </Extensions>
     </Trackpoint>
     <Trackpoint>
      <Time>2026-08-18T10:40:38Z</Time>
      <Position>
       <LatitudeDegrees>5.2343130</LatitudeDegrees>
       <LongitudeDegrees>100.4344610</LongitudeDegrees>
      </Position>
      <AltitudeMeters>5.7</AltitudeMeters>
      <DistanceMeters>4815.3</DistanceMeters>
      <HeartRateBpm>
       <Value>169</Value>
      </HeartRateBpm>
      <Extensions>
       <TPX xmlns="http://www.garmin.com/xmlschemas/ActivityExtension/v2">
        <Speed>3.8</Speed>
       </TPX>
      </Extensions>
     </Trackpoint>
     <Trackpoint>
      <Time>2026-08-18T10:40:39Z</Time>
      <Position>
       <LatitudeDegrees>5.2343460</LatitudeDegrees>
       <LongitudeDegrees>100.4344490</LongitudeDegrees>
      </Position>
      <AltitudeMeters>5.7</AltitudeMeters>
      <DistanceMeters>4819.2</DistanceMeters>
      <HeartRateBpm>
       <Value>169</Value>
      </HeartRateBpm>
      <Extensions>
       <TPX xmlns="http://www.garmin.com/xmlschemas/ActivityExtension/v2">
        <Speed>3.7</Speed>
       </TPX>
      </Extensions>
     </Trackpoint>
     <Trackpoint>
      <Time>2026-08-18T10:40:40Z</Time>
      <Position>
       <LatitudeDegrees>5.2343810</LatitudeDegrees>
       <LongitudeDegrees>100.4344410</LongitudeDegrees>
      </Position>
      <AltitudeMeters>5.7</AltitudeMeters>
      <DistanceMeters>4823.1</DistanceMeters>
      <HeartRateBpm>
       <Value>169</Value>
      </HeartRateBpm>
      <Extensions>
       <TPX xmlns="http://www.garmin.com/xmlschemas/ActivityExtension/v2">
        <Speed>3.8</Speed>
       </TPX>
      </Extensions>
     </Trackpoint>
     <Trackpoint>
      <Time>2026-08-18T10:40:41Z</Time>
      <Position>
       <LatitudeDegrees>5.2344160</LatitudeDegrees>
       <LongitudeDegrees>100.4344280</LongitudeDegrees>
      </Position>
      <AltitudeMeters>5.7</AltitudeMeters>
      <DistanceMeters>4827.2</DistanceMeters>
      <HeartRateBpm>
       <Value>168</Value>
      </HeartRateBpm>
      <Extensions>
       <TPX xmlns="http://www.garmin.com/xmlschemas/ActivityExtension/v2">
        <Speed>3.9</Speed>
       </TPX>
      </Extensions>
     </Trackpoint>
     <Trackpoint>
      <Time>2026-08-18T10:40:42Z</Time>
      <Position>
       <LatitudeDegrees>5.2344520</LatitudeDegrees>
       <LongitudeDegrees>100.4344130</LongitudeDegrees>
      </Position>
      <AltitudeMeters>5.7</AltitudeMeters>
      <DistanceMeters>4831.5</DistanceMeters>
      <HeartRateBpm>
       <Value>168</Value>
      </HeartRateBpm>
      <Extensions>
       <TPX xmlns="http://www.garmin.com/xmlschemas/ActivityExtension/v2">
        <Speed>4.0</Speed>
       </TPX>
      </Extensions>
     </Trackpoint>
     <Trackpoint>
      <Time>2026-08-18T10:40:43Z</Time>
      <Position>
       <LatitudeDegrees>5.2344840</LatitudeDegrees>
       <LongitudeDegrees>100.4343960</LongitudeDegrees>
      </Position>
      <AltitudeMeters>5.6</AltitudeMeters>
      <DistanceMeters>4835.6</DistanceMeters>
      <HeartRateBpm>
       <Value>169</Value>
      </HeartRateBpm>
      <Extensions>
       <TPX xmlns="http://www.garmin.com/xmlschemas/ActivityExtension/v2">
        <Speed>4.1</Speed>
       </TPX>
      </Extensions>
     </Trackpoint>
     <Trackpoint>
      <Time>2026-08-18T10:40:44Z</Time>
      <Position>
       <LatitudeDegrees>5.2345130</LatitudeDegrees>
       <LongitudeDegrees>100.4343800</LongitudeDegrees>
      </Position>
      <AltitudeMeters>5.6</AltitudeMeters>
      <DistanceMeters>4839.3</DistanceMeters>
      <HeartRateBpm>
       <Value>169</Value>
      </HeartRateBpm>
      <Extensions>
       <TPX xmlns="http://www.garmin.com/xmlschemas/ActivityExtension/v2">
        <Speed>4.0</Speed>
       </TPX>
      </Extensions>
     </Trackpoint>
     <Trackpoint>
      <Time>2026-08-18T10:40:45Z</Time>
      <Position>
       <LatitudeDegrees>5.2345510</LatitudeDegrees>
       <LongitudeDegrees>100.4343770</LongitudeDegrees>
      </Position>
      <AltitudeMeters>5.6</AltitudeMeters>
      <DistanceMeters>4843.6</DistanceMeters>
      <HeartRateBpm>
       <Value>169</Value>
      </HeartRateBpm>
      <Extensions>
       <TPX xmlns="http://www.garmin.com/xmlschemas/ActivityExtension/v2">
        <Speed>4.1</Speed>
       </TPX>
      </Extensions>
     </Trackpoint>
     <Trackpoint>
      <Time>2026-08-18T10:40:46Z</Time>
      <Position>
       <LatitudeDegrees>5.2345860</LatitudeDegrees>
       <LongitudeDegrees>100.4343690</LongitudeDegrees>
      </Position>
      <AltitudeMeters>5.6</AltitudeMeters>
      <DistanceMeters>4847.5</DistanceMeters>
      <HeartRateBpm>
       <Value>168</Value>
      </HeartRateBpm>
      <Extensions>
       <TPX xmlns="http://www.garmin.com/xmlschemas/ActivityExtension/v2">
        <Speed>4.1</Speed>
       </TPX>
      </Extensions>
     </Trackpoint>
     <Trackpoint>
      <Time>2026-08-18T10:40:47Z</Time>
      <Position>
       <LatitudeDegrees>5.2346220</LatitudeDegrees>
       <LongitudeDegrees>100.4343690</LongitudeDegrees>
      </Position>
      <AltitudeMeters>5.6</AltitudeMeters>
      <DistanceMeters>4851.6</DistanceMeters>
      <HeartRateBpm>
       <Value>168</Value>
      </HeartRateBpm>
      <Extensions>
       <TPX xmlns="http://www.garmin.com/xmlschemas/ActivityExtension/v2">
        <Speed>4.0</Speed>
       </TPX>
      </Extensions>
     </Trackpoint>
     <Trackpoint>
      <Time>2026-08-18T10:40:48Z</Time>
      <Position>
       <LatitudeDegrees>5.2346540</LatitudeDegrees>
       <LongitudeDegrees>100.4343650</LongitudeDegrees>
      </Position>
      <AltitudeMeters>5.6</AltitudeMeters>
      <DistanceMeters>4855.1</DistanceMeters>
      <HeartRateBpm>
       <Value>168</Value>
      </HeartRateBpm>
      <Extensions>
       <TPX xmlns="http://www.garmin.com/xmlschemas/ActivityExtension/v2">
        <Speed>3.9</Speed>
       </TPX>
      </Extensions>
     </Trackpoint>
     <Trackpoint>
      <Time>2026-08-18T10:40:49Z</Time>
      <Position>
       <LatitudeDegrees>5.2346850</LatitudeDegrees>
       <LongitudeDegrees>100.4343620</LongitudeDegrees>
      </Position>
      <AltitudeMeters>5.6</AltitudeMeters>
      <DistanceMeters>4858.6</DistanceMeters>
      <HeartRateBpm>
       <Value>168</Value>
      </HeartRateBpm>
      <Extensions>
       <TPX xmlns="http://www.garmin.com/xmlschemas/ActivityExtension/v2">
        <Speed>3.8</Speed>
       </TPX>
      </Extensions>
     </Trackpoint>
     <Trackpoint>
      <Time>2026-08-18T10:40:50Z</Time>
      <Position>
       <LatitudeDegrees>5.2347160</LatitudeDegrees>
       <LongitudeDegrees>100.4343580</LongitudeDegrees>
      </Position>
      <AltitudeMeters>5.6</AltitudeMeters>
      <DistanceMeters>4862.0</DistanceMeters>
      <HeartRateBpm>
       <Value>169</Value>
      </HeartRateBpm>
      <Extensions>
       <TPX xmlns="http://www.garmin.com/xmlschemas/ActivityExtension/v2">
        <Speed>3.7</Speed>
       </TPX>
      </Extensions>
     </Trackpoint>
     <Trackpoint>
      <Time>2026-08-18T10:40:51Z</Time>
      <Position>
       <LatitudeDegrees>5.2347500</LatitudeDegrees>
       <LongitudeDegrees>100.4343560</LongitudeDegrees>
      </Position>
      <AltitudeMeters>5.6</AltitudeMeters>
      <DistanceMeters>4865.8</DistanceMeters>
      <HeartRateBpm>
       <Value>169</Value>
      </HeartRateBpm>
      <Extensions>
       <TPX xmlns="http://www.garmin.com/xmlschemas/ActivityExtension/v2">
        <Speed>3.7</Speed>
       </TPX>
      </Extensions>
     </Trackpoint>
     <Trackpoint>
      <Time>2026-08-18T10:40:52Z</Time>
      <Position>
       <LatitudeDegrees>5.2347820</LatitudeDegrees>
       <LongitudeDegrees>100.4343540</LongitudeDegrees>
      </Position>
      <AltitudeMeters>5.6</AltitudeMeters>
      <DistanceMeters>4869.4</DistanceMeters>
      <HeartRateBpm>
       <Value>169</Value>
      </HeartRateBpm>
      <Extensions>
       <TPX xmlns="http://www.garmin.com/xmlschemas/ActivityExtension/v2">
        <Speed>3.6</Speed>
       </TPX>
      </Extensions>
     </Trackpoint>
     <Trackpoint>
      <Time>2026-08-18T10:40:53Z</Time>
      <Position>
       <LatitudeDegrees>5.2348110</LatitudeDegrees>
       <LongitudeDegrees>100.4343580</LongitudeDegrees>
      </Position>
      <AltitudeMeters>5.6</AltitudeMeters>
      <DistanceMeters>4872.7</DistanceMeters>
      <HeartRateBpm>
       <Value>169</Value>
      </HeartRateBpm>
      <Extensions>
       <TPX xmlns="http://www.garmin.com/xmlschemas/ActivityExtension/v2">
        <Speed>3.5</Speed>
       </TPX>
      </Extensions>
     </Trackpoint>
     <Trackpoint>
      <Time>2026-08-18T10:40:54Z</Time>
      <Position>
       <LatitudeDegrees>5.2348420</LatitudeDegrees>
       <LongitudeDegrees>100.4343480</LongitudeDegrees>
      </Position>
      <AltitudeMeters>5.6</AltitudeMeters>
      <DistanceMeters>4876.3</DistanceMeters>
      <HeartRateBpm>
       <Value>169</Value>
      </HeartRateBpm>
      <Extensions>
       <TPX xmlns="http://www.garmin.com/xmlschemas/ActivityExtension/v2">
        <Speed>3.6</Speed>
       </TPX>
      </Extensions>
     </Trackpoint>
     <Trackpoint>
      <Time>2026-08-18T10:40:55Z</Time>
      <Position>
       <LatitudeDegrees>5.2348690</LatitudeDegrees>
       <LongitudeDegrees>100.4343440</LongitudeDegrees>
      </Position>
      <AltitudeMeters>5.6</AltitudeMeters>
      <DistanceMeters>4879.4</DistanceMeters>
      <HeartRateBpm>
       <Value>169</Value>
      </HeartRateBpm>
      <Extensions>
       <TPX xmlns="http://www.garmin.com/xmlschemas/ActivityExtension/v2">
        <Speed>3.5</Speed>
       </TPX>
      </Extensions>
     </Trackpoint>
     <Trackpoint>
      <Time>2026-08-18T10:40:56Z</Time>
      <Position>
       <LatitudeDegrees>5.2348980</LatitudeDegrees>
       <LongitudeDegrees>100.4343430</LongitudeDegrees>
      </Position>
      <AltitudeMeters>5.6</AltitudeMeters>
      <DistanceMeters>4882.6</DistanceMeters>
      <HeartRateBpm>
       <Value>169</Value>
      </HeartRateBpm>
      <Extensions>
       <TPX xmlns="http://www.garmin.com/xmlschemas/ActivityExtension/v2">
        <Speed>3.4</Speed>
       </TPX>
      </Extensions>
     </Trackpoint>
     <Trackpoint>
      <Time>2026-08-18T10:40:57Z</Time>
      <Position>
       <LatitudeDegrees>5.2349270</LatitudeDegrees>
       <LongitudeDegrees>100.4343350</LongitudeDegrees>
      </Position>
      <AltitudeMeters>5.6</AltitudeMeters>
      <DistanceMeters>4885.9</DistanceMeters>
      <HeartRateBpm>
       <Value>169</Value>
      </HeartRateBpm>
      <Extensions>
       <TPX xmlns="http://www.garmin.com/xmlschemas/ActivityExtension/v2">
        <Speed>3.3</Speed>
       </TPX>
      </Extensions>
     </Trackpoint>
     <Trackpoint>
      <Time>2026-08-18T10:40:58Z</Time>
      <Position>
       <LatitudeDegrees>5.2349550</LatitudeDegrees>
       <LongitudeDegrees>100.4343130</LongitudeDegrees>
      </Position>
      <AltitudeMeters>5.6</AltitudeMeters>
      <DistanceMeters>4889.8</DistanceMeters>
      <HeartRateBpm>
       <Value>169</Value>
      </HeartRateBpm>
      <Extensions>
       <TPX xmlns="http://www.garmin.com/xmlschemas/ActivityExtension/v2">
        <Speed>3.4</Speed>
       </TPX>
      </Extensions>
     </Trackpoint>
     <Trackpoint>
      <Time>2026-08-18T10:40:59Z</Time>
      <Position>
       <LatitudeDegrees>5.2349830</LatitudeDegrees>
       <LongitudeDegrees>100.4342830</LongitudeDegrees>
      </Position>
      <AltitudeMeters>5.6</AltitudeMeters>
      <DistanceMeters>4894.4</DistanceMeters>
      <HeartRateBpm>
       <Value>169</Value>
      </HeartRateBpm>
      <Extensions>
       <TPX xmlns="http://www.garmin.com/xmlschemas/ActivityExtension/v2">
        <Speed>3.6</Speed>
       </TPX>
      </Extensions>
     </Trackpoint>
     <Trackpoint>
      <Time>2026-08-18T10:41:00Z</Time>
      <Position>
       <LatitudeDegrees>5.2350200</LatitudeDegrees>
       <LongitudeDegrees>100.4342640</LongitudeDegrees>
      </Position>
      <AltitudeMeters>5.6</AltitudeMeters>
      <DistanceMeters>4899.0</DistanceMeters>
      <HeartRateBpm>
       <Value>169</Value>
      </HeartRateBpm>
      <Extensions>
       <TPX xmlns="http://www.garmin.com/xmlschemas/ActivityExtension/v2">
        <Speed>3.9</Speed>
       </TPX>
      </Extensions>
     </Trackpoint>
     <Trackpoint>
      <Time>2026-08-18T10:41:01Z</Time>
      <Position>
       <LatitudeDegrees>5.2350510</LatitudeDegrees>
       <LongitudeDegrees>100.4342490</LongitudeDegrees>
      </Position>
      <AltitudeMeters>5.6</AltitudeMeters>
      <DistanceMeters>4902.9</DistanceMeters>
      <HeartRateBpm>
       <Value>167</Value>
      </HeartRateBpm>
      <Extensions>
       <TPX xmlns="http://www.garmin.com/xmlschemas/ActivityExtension/v2">
        <Speed>4.1</Speed>
       </TPX>
      </Extensions>
     </Trackpoint>
     <Trackpoint>
      <Time>2026-08-18T10:41:02Z</Time>
      <Position>
       <LatitudeDegrees>5.2350880</LatitudeDegrees>
       <LongitudeDegrees>100.4342420</LongitudeDegrees>
      </Position>
      <AltitudeMeters>5.6</AltitudeMeters>
      <DistanceMeters>4907.0</DistanceMeters>
      <HeartRateBpm>
       <Value>168</Value>
      </HeartRateBpm>
      <Extensions>
       <TPX xmlns="http://www.garmin.com/xmlschemas/ActivityExtension/v2">
        <Speed>4.2</Speed>
       </TPX>
      </Extensions>
     </Trackpoint>
     <Trackpoint>
      <Time>2026-08-18T10:41:03Z</Time>
      <Position>
       <LatitudeDegrees>5.2351230</LatitudeDegrees>
       <LongitudeDegrees>100.4342410</LongitudeDegrees>
      </Position>
      <AltitudeMeters>5.6</AltitudeMeters>
      <DistanceMeters>4910.9</DistanceMeters>
      <HeartRateBpm>
       <Value>169</Value>
      </HeartRateBpm>
      <Extensions>
       <TPX xmlns="http://www.garmin.com/xmlschemas/ActivityExtension/v2">
        <Speed>4.2</Speed>
       </TPX>
      </Extensions>
     </Trackpoint>
     <Trackpoint>
      <Time>2026-08-18T10:41:04Z</Time>
      <Position>
       <LatitudeDegrees>5.2351590</LatitudeDegrees>
       <LongitudeDegrees>100.4342470</LongitudeDegrees>
      </Position>
      <AltitudeMeters>5.6</AltitudeMeters>
      <DistanceMeters>4915.0</DistanceMeters>
      <HeartRateBpm>
       <Value>169</Value>
      </HeartRateBpm>
      <Extensions>
       <TPX xmlns="http://www.garmin.com/xmlschemas/ActivityExtension/v2">
        <Speed>4.1</Speed>
       </TPX>
      </Extensions>
     </Trackpoint>
     <Trackpoint>
      <Time>2026-08-18T10:41:05Z</Time>
      <Position>
       <LatitudeDegrees>5.2351930</LatitudeDegrees>
       <LongitudeDegrees>100.4342460</LongitudeDegrees>
      </Position>
      <AltitudeMeters>5.6</AltitudeMeters>
      <DistanceMeters>4918.7</DistanceMeters>
      <HeartRateBpm>
       <Value>169</Value>
      </HeartRateBpm>
      <Extensions>
       <TPX xmlns="http://www.garmin.com/xmlschemas/ActivityExtension/v2">
        <Speed>3.9</Speed>
       </TPX>
      </Extensions>
     </Trackpoint>
     <Trackpoint>
      <Time>2026-08-18T10:41:06Z</Time>
      <Position>
       <LatitudeDegrees>5.2352260</LatitudeDegrees>
       <LongitudeDegrees>100.4342360</LongitudeDegrees>
      </Position>
      <AltitudeMeters>5.6</AltitudeMeters>
      <DistanceMeters>4922.6</DistanceMeters>
      <HeartRateBpm>
       <Value>169</Value>
      </HeartRateBpm>
      <Extensions>
       <TPX xmlns="http://www.garmin.com/xmlschemas/ActivityExtension/v2">
        <Speed>3.9</Speed>
       </TPX>
      </Extensions>
     </Trackpoint>
     <Trackpoint>
      <Time>2026-08-18T10:41:07Z</Time>
      <Position>
       <LatitudeDegrees>5.2352550</LatitudeDegrees>
       <LongitudeDegrees>100.4342310</LongitudeDegrees>
      </Position>
      <AltitudeMeters>5.6</AltitudeMeters>
      <DistanceMeters>4925.8</DistanceMeters>
      <HeartRateBpm>
       <Value>168</Value>
      </HeartRateBpm>
      <Extensions>
       <TPX xmlns="http://www.garmin.com/xmlschemas/ActivityExtension/v2">
        <Speed>3.8</Speed>
       </TPX>
      </Extensions>
     </Trackpoint>
     <Trackpoint>
      <Time>2026-08-18T10:41:08Z</Time>
      <Position>
       <LatitudeDegrees>5.2352870</LatitudeDegrees>
       <LongitudeDegrees>100.4342240</LongitudeDegrees>
      </Position>
      <AltitudeMeters>5.6</AltitudeMeters>
      <DistanceMeters>4929.5</DistanceMeters>
      <HeartRateBpm>
       <Value>169</Value>
      </HeartRateBpm>
      <Extensions>
       <TPX xmlns="http://www.garmin.com/xmlschemas/ActivityExtension/v2">
        <Speed>3.7</Speed>
       </TPX>
      </Extensions>
     </Trackpoint>
     <Trackpoint>
      <Time>2026-08-18T10:41:09Z</Time>
      <Position>
       <LatitudeDegrees>5.2353150</LatitudeDegrees>
       <LongitudeDegrees>100.4342160</LongitudeDegrees>
      </Position>
      <AltitudeMeters>5.6</AltitudeMeters>
      <DistanceMeters>4932.8</DistanceMeters>
      <HeartRateBpm>
       <Value>170</Value>
      </HeartRateBpm>
      <Extensions>
       <TPX xmlns="http://www.garmin.com/xmlschemas/ActivityExtension/v2">
        <Speed>3.6</Speed>
       </TPX>
      </Extensions>
     </Trackpoint>
     <Trackpoint>
      <Time>2026-08-18T10:41:10Z</Time>
      <Position>
       <LatitudeDegrees>5.2353510</LatitudeDegrees>
       <LongitudeDegrees>100.4342040</LongitudeDegrees>
      </Position>
      <AltitudeMeters>5.6</AltitudeMeters>
      <DistanceMeters>4937.0</DistanceMeters>
      <HeartRateBpm>
       <Value>169</Value>
      </HeartRateBpm>
      <Extensions>
       <TPX xmlns="http://www.garmin.com/xmlschemas/ActivityExtension/v2">
        <Speed>3.7</Speed>
       </TPX>
      </Extensions>
     </Trackpoint>
     <Trackpoint>
      <Time>2026-08-18T10:41:11Z</Time>
      <Position>
       <LatitudeDegrees>5.2353830</LatitudeDegrees>
       <LongitudeDegrees>100.4341910</LongitudeDegrees>
      </Position>
      <AltitudeMeters>5.6</AltitudeMeters>
      <DistanceMeters>4940.8</DistanceMeters>
      <HeartRateBpm>
       <Value>169</Value>
      </HeartRateBpm>
      <Extensions>
       <TPX xmlns="http://www.garmin.com/xmlschemas/ActivityExtension/v2">
        <Speed>3.6</Speed>
       </TPX>
      </Extensions>
     </Trackpoint>
     <Trackpoint>
      <Time>2026-08-18T10:41:12Z</Time>
      <Position>
       <LatitudeDegrees>5.2354150</LatitudeDegrees>
       <LongitudeDegrees>100.4341810</LongitudeDegrees>
      </Position>
      <AltitudeMeters>5.6</AltitudeMeters>
      <DistanceMeters>4944.5</DistanceMeters>
      <HeartRateBpm>
       <Value>169</Value>
      </HeartRateBpm>
      <Extensions>
       <TPX xmlns="http://www.garmin.com/xmlschemas/ActivityExtension/v2">
        <Speed>3.7</Speed>
       </TPX>
      </Extensions>
     </Trackpoint>
     <Trackpoint>
      <Time>2026-08-18T10:41:13Z</Time>
      <Position>
       <LatitudeDegrees>5.2354540</LatitudeDegrees>
       <LongitudeDegrees>100.4341710</LongitudeDegrees>
      </Position>
      <AltitudeMeters>5.6</AltitudeMeters>
      <DistanceMeters>4949.0</DistanceMeters>
      <HeartRateBpm>
       <Value>169</Value>
      </HeartRateBpm>
      <Extensions>
       <TPX xmlns="http://www.garmin.com/xmlschemas/ActivityExtension/v2">
        <Speed>3.9</Speed>
       </TPX>
      </Extensions>
     </Trackpoint>
     <Trackpoint>
      <Time>2026-08-18T10:41:14Z</Time>
      <Position>
       <LatitudeDegrees>5.2354940</LatitudeDegrees>
       <LongitudeDegrees>100.4341650</LongitudeDegrees>
      </Position>
      <AltitudeMeters>5.6</AltitudeMeters>
      <DistanceMeters>4953.5</DistanceMeters>
      <HeartRateBpm>
       <Value>169</Value>
      </HeartRateBpm>
      <Extensions>
       <TPX xmlns="http://www.garmin.com/xmlschemas/ActivityExtension/v2">
        <Speed>4.1</Speed>
       </TPX>
      </Extensions>
     </Trackpoint>
     <Trackpoint>
      <Time>2026-08-18T10:41:15Z</Time>
      <Position>
       <LatitudeDegrees>5.2355310</LatitudeDegrees>
       <LongitudeDegrees>100.4341620</LongitudeDegrees>
      </Position>
      <AltitudeMeters>5.6</AltitudeMeters>
      <DistanceMeters>4957.6</DistanceMeters>
      <HeartRateBpm>
       <Value>169</Value>
      </HeartRateBpm>
      <Extensions>
       <TPX xmlns="http://www.garmin.com/xmlschemas/ActivityExtension/v2">
        <Speed>4.1</Speed>
       </TPX>
      </Extensions>
     </Trackpoint>
     <Trackpoint>
      <Time>2026-08-18T10:41:16Z</Time>
      <Position>
       <LatitudeDegrees>5.2355680</LatitudeDegrees>
       <LongitudeDegrees>100.4341620</LongitudeDegrees>
      </Position>
      <AltitudeMeters>5.6</AltitudeMeters>
      <DistanceMeters>4961.7</DistanceMeters>
      <HeartRateBpm>
       <Value>169</Value>
      </HeartRateBpm>
      <Extensions>
       <TPX xmlns="http://www.garmin.com/xmlschemas/ActivityExtension/v2">
        <Speed>4.2</Speed>
       </TPX>
      </Extensions>
     </Trackpoint>
     <Trackpoint>
      <Time>2026-08-18T10:41:17Z</Time>
      <Position>
       <LatitudeDegrees>5.2355980</LatitudeDegrees>
       <LongitudeDegrees>100.4341580</LongitudeDegrees>
      </Position>
      <AltitudeMeters>5.6</AltitudeMeters>
      <DistanceMeters>4965.1</DistanceMeters>
      <HeartRateBpm>
       <Value>169</Value>
      </HeartRateBpm>
      <Extensions>
       <TPX xmlns="http://www.garmin.com/xmlschemas/ActivityExtension/v2">
        <Speed>4.1</Speed>
       </TPX>
      </Extensions>
     </Trackpoint>
     <Trackpoint>
      <Time>2026-08-18T10:41:18Z</Time>
      <Position>
       <LatitudeDegrees>5.2356370</LatitudeDegrees>
       <LongitudeDegrees>100.4341410</LongitudeDegrees>
      </Position>
      <AltitudeMeters>5.6</AltitudeMeters>
      <DistanceMeters>4969.8</DistanceMeters>
      <HeartRateBpm>
       <Value>169</Value>
      </HeartRateBpm>
      <Extensions>
       <TPX xmlns="http://www.garmin.com/xmlschemas/ActivityExtension/v2">
        <Speed>4.2</Speed>
       </TPX>
      </Extensions>
     </Trackpoint>
     <Trackpoint>
      <Time>2026-08-18T10:41:19Z</Time>
      <Position>
       <LatitudeDegrees>5.2356710</LatitudeDegrees>
       <LongitudeDegrees>100.4341290</LongitudeDegrees>
      </Position>
      <AltitudeMeters>5.6</AltitudeMeters>
      <DistanceMeters>4973.9</DistanceMeters>
      <HeartRateBpm>
       <Value>170</Value>
      </HeartRateBpm>
      <Extensions>
       <TPX xmlns="http://www.garmin.com/xmlschemas/ActivityExtension/v2">
        <Speed>4.1</Speed>
       </TPX>
      </Extensions>
     </Trackpoint>
     <Trackpoint>
      <Time>2026-08-18T10:41:20Z</Time>
      <Position>
       <LatitudeDegrees>5.2357070</LatitudeDegrees>
       <LongitudeDegrees>100.4341230</LongitudeDegrees>
      </Position>
      <AltitudeMeters>5.6</AltitudeMeters>
      <DistanceMeters>4978.0</DistanceMeters>
      <HeartRateBpm>
       <Value>170</Value>
      </HeartRateBpm>
      <Extensions>
       <TPX xmlns="http://www.garmin.com/xmlschemas/ActivityExtension/v2">
        <Speed>4.1</Speed>
       </TPX>
      </Extensions>
     </Trackpoint>
     <Trackpoint>
      <Time>2026-08-18T10:41:21Z</Time>
      <Position>
       <LatitudeDegrees>5.2357440</LatitudeDegrees>
       <LongitudeDegrees>100.4341220</LongitudeDegrees>
      </Position>
      <AltitudeMeters>5.6</AltitudeMeters>
      <DistanceMeters>4982.0</DistanceMeters>
      <HeartRateBpm>
       <Value>170</Value>
      </HeartRateBpm>
      <Extensions>
       <TPX xmlns="http://www.garmin.com/xmlschemas/ActivityExtension/v2">
        <Speed>4.1</Speed>
       </TPX>
      </Extensions>
     </Trackpoint>
     <Trackpoint>
      <Time>2026-08-18T10:41:22Z</Time>
      <Position>
       <LatitudeDegrees>5.2357780</LatitudeDegrees>
       <LongitudeDegrees>100.4341190</LongitudeDegrees>
      </Position>
      <AltitudeMeters>5.6</AltitudeMeters>
      <DistanceMeters>4985.8</DistanceMeters>
      <HeartRateBpm>
       <Value>170</Value>
      </HeartRateBpm>
      <Extensions>
       <TPX xmlns="http://www.garmin.com/xmlschemas/ActivityExtension/v2">
        <Speed>4.1</Speed>
       </TPX>
      </Extensions>
     </Trackpoint>
     <Trackpoint>
      <Time>2026-08-18T10:41:23Z</Time>
      <Position>
       <LatitudeDegrees>5.2358100</LatitudeDegrees>
       <LongitudeDegrees>100.4341140</LongitudeDegrees>
      </Position>
      <AltitudeMeters>5.6</AltitudeMeters>
      <DistanceMeters>4989.4</DistanceMeters>
      <HeartRateBpm>
       <Value>170</Value>
      </HeartRateBpm>
      <Extensions>
       <TPX xmlns="http://www.garmin.com/xmlschemas/ActivityExtension/v2">
        <Speed>3.9</Speed>
       </TPX>
      </Extensions>
     </Trackpoint>
     <Trackpoint>
      <Time>2026-08-18T10:41:24Z</Time>
      <Position>
       <LatitudeDegrees>5.2358390</LatitudeDegrees>
       <LongitudeDegrees>100.4341070</LongitudeDegrees>
      </Position>
      <AltitudeMeters>5.6</AltitudeMeters>
      <DistanceMeters>4992.7</DistanceMeters>
      <HeartRateBpm>
       <Value>168</Value>
      </HeartRateBpm>
      <Extensions>
       <TPX xmlns="http://www.garmin.com/xmlschemas/ActivityExtension/v2">
        <Speed>3.8</Speed>
       </TPX>
      </Extensions>
     </Trackpoint>
     <Trackpoint>
      <Time>2026-08-18T10:41:25Z</Time>
      <Position>
       <LatitudeDegrees>5.2358680</LatitudeDegrees>
       <LongitudeDegrees>100.4340970</LongitudeDegrees>
      </Position>
      <AltitudeMeters>5.6</AltitudeMeters>
      <DistanceMeters>4996.1</DistanceMeters>
      <HeartRateBpm>
       <Value>169</Value>
      </HeartRateBpm>
      <Extensions>
       <TPX xmlns="http://www.garmin.com/xmlschemas/ActivityExtension/v2">
        <Speed>3.6</Speed>
       </TPX>
      </Extensions>
     </Trackpoint>
     <Trackpoint>
      <Time>2026-08-18T10:41:26Z</Time>
      <Position>
       <LatitudeDegrees>5.2358960</LatitudeDegrees>
       <LongitudeDegrees>100.4340860</LongitudeDegrees>
      </Position>
      <AltitudeMeters>5.6</AltitudeMeters>
      <DistanceMeters>4999.6</DistanceMeters>
      <HeartRateBpm>
       <Value>169</Value>
      </HeartRateBpm>
      <Extensions>
       <TPX xmlns="http://www.garmin.com/xmlschemas/ActivityExtension/v2">
        <Speed>3.5</Speed>
       </TPX>
      </Extensions>
     </Trackpoint>
     <Trackpoint>
      <Time>2026-08-18T10:41:27Z</Time>
      <Position>
       <LatitudeDegrees>5.2359270</LatitudeDegrees>
       <LongitudeDegrees>100.4340720</LongitudeDegrees>
      </Position>
      <AltitudeMeters>5.6</AltitudeMeters>
      <DistanceMeters>5003.2</DistanceMeters>
      <HeartRateBpm>
       <Value>169</Value>
      </HeartRateBpm>
      <Extensions>
       <TPX xmlns="http://www.garmin.com/xmlschemas/ActivityExtension/v2">
        <Speed>3.5</Speed>
       </TPX>
      </Extensions>
     </Trackpoint>
     <Trackpoint>
      <Time>2026-08-18T10:41:28Z</Time>
      <Position>
       <LatitudeDegrees>5.2359630</LatitudeDegrees>
       <LongitudeDegrees>100.4340650</LongitudeDegrees>
      </Position>
      <AltitudeMeters>5.6</AltitudeMeters>
      <DistanceMeters>5007.4</DistanceMeters>
      <HeartRateBpm>
       <Value>168</Value>
      </HeartRateBpm>
      <Extensions>
       <TPX xmlns="http://www.garmin.com/xmlschemas/ActivityExtension/v2">
        <Speed>3.6</Speed>
       </TPX>
      </Extensions>
     </Trackpoint>
     <Trackpoint>
      <Time>2026-08-18T10:41:29Z</Time>
      <Position>
       <LatitudeDegrees>5.2359630</LatitudeDegrees>
       <LongitudeDegrees>100.4340650</LongitudeDegrees>
      </Position>
      <AltitudeMeters>5.6</AltitudeMeters>
      <DistanceMeters>5007.4</DistanceMeters>
      <HeartRateBpm>
       <Value>169</Value>
      </HeartRateBpm>
      <Extensions>
       <TPX xmlns="http://www.garmin.com/xmlschemas/ActivityExtension/v2">
        <Speed>2.9</Speed>
       </TPX>
      </Extensions>
     </Trackpoint>
    </Track>
   </Lap>
  </Activity>
 </Activities>
</TrainingCenterDatabase>
