<?xml version="1.0" encoding="UTF-8"?>
<!-- Written by Strava -->
<TrainingCenterDatabase xsi:schemaLocation="http://www.garmin.com/xmlschemas/TrainingCenterDatabase/v2 http://www.garmin.com/xmlschemas/TrainingCenterDatabasev2.xsd" xmlns:ns5="http://www.garmin.com/xmlschemas/ActivityGoals/v1" xmlns:ns3="http://www.garmin.com/xmlschemas/ActivityExtension/v2" xmlns:ns2="http://www.garmin.com/xmlschemas/UserProfile/v2" xmlns="http://www.garmin.com/xmlschemas/TrainingCenterDatabase/v2" xmlns:xsi="http://www.w3.org/2001/XMLSchema-instance">
 <Activities>
  <Activity Sport="Running">
   <Id>2026-08-19T11:17:28Z</Id>
   <Lap StartTime="2026-08-19T11:17:28Z">
    <TotalTimeSeconds>486</TotalTimeSeconds>
    <DistanceMeters>1509.36</DistanceMeters>
    <MaximumSpeed>4.4</MaximumSpeed>
    <Calories>0</Calories>
    <AverageHeartRateBpm>
     <Value>153</Value>
    </AverageHeartRateBpm>
    <MaximumHeartRateBpm>
     <Value>161</Value>
    </MaximumHeartRateBpm>
    <Intensity>Active</Intensity>
    <TriggerMethod>Manual</TriggerMethod>
    <Track>
     <Trackpoint>
      <Time>2026-08-19T11:17:28Z</Time>
      <Position>
       <LatitudeDegrees>5.2346240</LatitudeDegrees>
       <LongitudeDegrees>100.4396500</LongitudeDegrees>
      </Position>
      <AltitudeMeters>5.1</AltitudeMeters>
      <DistanceMeters>0.0</DistanceMeters>
      <HeartRateBpm>
       <Value>125</Value>
      </HeartRateBpm>
      <Extensions>
       <TPX xmlns="http://www.garmin.com/xmlschemas/ActivityExtension/v2">
        <Speed>0.0</Speed>
       </TPX>
      </Extensions>
     </Trackpoint>
     <Trackpoint>
      <Time>2026-08-19T11:17:29Z</Time>
      <Position>
       <LatitudeDegrees>5.2346240</LatitudeDegrees>
       <LongitudeDegrees>100.4396500</LongitudeDegrees>
      </Position>
      <AltitudeMeters>5.1</AltitudeMeters>
      <DistanceMeters>0.0</DistanceMeters>
      <HeartRateBpm>
       <Value>125</Value>
      </HeartRateBpm>
      <Extensions>
       <TPX xmlns="http://www.garmin.com/xmlschemas/ActivityExtension/v2">
        <Speed>0.0</Speed>
       </TPX>
      </Extensions>
     </Trackpoint>
     <Trackpoint>
      <Time>2026-08-19T11:17:30Z</Time>
      <Position>
       <LatitudeDegrees>5.2346020</LatitudeDegrees>
       <LongitudeDegrees>100.4396340</LongitudeDegrees>
      </Position>
      <AltitudeMeters>5.1</AltitudeMeters>
      <DistanceMeters>4.2</DistanceMeters>
      <HeartRateBpm>
       <Value>125</Value>
      </HeartRateBpm>
      <Extensions>
       <TPX xmlns="http://www.garmin.com/xmlschemas/ActivityExtension/v2">
        <Speed>0.0</Speed>
       </TPX>
      </Extensions>
     </Trackpoint>
     <Trackpoint>
      <Time>2026-08-19T11:17:31Z</Time>
      <Position>
       <LatitudeDegrees>5.2345900</LatitudeDegrees>
       <LongitudeDegrees>100.4396260</LongitudeDegrees>
      </Position>
      <AltitudeMeters>5.1</AltitudeMeters>
      <DistanceMeters>4.2</DistanceMeters>
      <HeartRateBpm>
       <Value>126</Value>
      </HeartRateBpm>
      <Extensions>
       <TPX xmlns="http://www.garmin.com/xmlschemas/ActivityExtension/v2">
        <Speed>1.4</Speed>
       </TPX>
      </Extensions>
     </Trackpoint>
     <Trackpoint>
      <Time>2026-08-19T11:17:32Z</Time>
      <Position>
       <LatitudeDegrees>5.2345780</LatitudeDegrees>
       <LongitudeDegrees>100.4396140</LongitudeDegrees>
      </Position>
      <AltitudeMeters>5.1</AltitudeMeters>
      <DistanceMeters>7.6</DistanceMeters>
      <HeartRateBpm>
       <Value>126</Value>
      </HeartRateBpm>
      <Extensions>
       <TPX xmlns="http://www.garmin.com/xmlschemas/ActivityExtension/v2">
        <Speed>1.9</Speed>
       </TPX>
      </Extensions>
     </Trackpoint>
     <Trackpoint>
      <Time>2026-08-19T11:17:33Z</Time>
      <Position>
       <LatitudeDegrees>5.2345660</LatitudeDegrees>
       <LongitudeDegrees>100.4396010</LongitudeDegrees>
      </Position>
      <AltitudeMeters>5.1</AltitudeMeters>
      <DistanceMeters>9.5</DistanceMeters>
      <HeartRateBpm>
       <Value>126</Value>
      </HeartRateBpm>
      <Extensions>
       <TPX xmlns="http://www.garmin.com/xmlschemas/ActivityExtension/v2">
        <Speed>1.9</Speed>
       </TPX>
      </Extensions>
     </Trackpoint>
     <Trackpoint>
      <Time>2026-08-19T11:17:34Z</Time>
      <Position>
       <LatitudeDegrees>5.2345420</LatitudeDegrees>
       <LongitudeDegrees>100.4395730</LongitudeDegrees>
      </Position>
      <AltitudeMeters>5.1</AltitudeMeters>
      <DistanceMeters>13.6</DistanceMeters>
      <HeartRateBpm>
       <Value>126</Value>
      </HeartRateBpm>
      <Extensions>
       <TPX xmlns="http://www.garmin.com/xmlschemas/ActivityExtension/v2">
        <Speed>2.7</Speed>
       </TPX>
      </Extensions>
     </Trackpoint>
     <Trackpoint>
      <Time>2026-08-19T11:17:35Z</Time>
      <Position>
       <LatitudeDegrees>5.2345240</LatitudeDegrees>
       <LongitudeDegrees>100.4395520</LongitudeDegrees>
      </Position>
      <AltitudeMeters>5.1</AltitudeMeters>
      <DistanceMeters>16.7</DistanceMeters>
      <HeartRateBpm>
       <Value>127</Value>
      </HeartRateBpm>
      <Extensions>
       <TPX xmlns="http://www.garmin.com/xmlschemas/ActivityExtension/v2">
        <Speed>2.5</Speed>
       </TPX>
      </Extensions>
     </Trackpoint>
     <Trackpoint>
      <Time>2026-08-19T11:17:36Z</Time>
      <Position>
       <LatitudeDegrees>5.2345060</LatitudeDegrees>
       <LongitudeDegrees>100.4395190</LongitudeDegrees>
      </Position>
      <AltitudeMeters>5.1</AltitudeMeters>
      <DistanceMeters>20.9</DistanceMeters>
      <HeartRateBpm>
       <Value>128</Value>
      </HeartRateBpm>
      <Extensions>
       <TPX xmlns="http://www.garmin.com/xmlschemas/ActivityExtension/v2">
        <Speed>3.3</Speed>
       </TPX>
      </Extensions>
     </Trackpoint>
     <Trackpoint>
      <Time>2026-08-19T11:17:37Z</Time>
      <Position>
       <LatitudeDegrees>5.2344960</LatitudeDegrees>
       <LongitudeDegrees>100.4394940</LongitudeDegrees>
      </Position>
      <AltitudeMeters>5.1</AltitudeMeters>
      <DistanceMeters>23.9</DistanceMeters>
      <HeartRateBpm>
       <Value>129</Value>
      </HeartRateBpm>
      <Extensions>
       <TPX xmlns="http://www.garmin.com/xmlschemas/ActivityExtension/v2">
        <Speed>3.3</Speed>
       </TPX>
      </Extensions>
     </Trackpoint>
     <Trackpoint>
      <Time>2026-08-19T11:17:38Z</Time>
      <Position>
       <LatitudeDegrees>5.2344820</LatitudeDegrees>
       <LongitudeDegrees>100.4394560</LongitudeDegrees>
      </Position>
      <AltitudeMeters>5.1</AltitudeMeters>
      <DistanceMeters>28.4</DistanceMeters>
      <HeartRateBpm>
       <Value>129</Value>
      </HeartRateBpm>
      <Extensions>
       <TPX xmlns="http://www.garmin.com/xmlschemas/ActivityExtension/v2">
        <Speed>3.8</Speed>
       </TPX>
      </Extensions>
     </Trackpoint>
     <Trackpoint>
      <Time>2026-08-19T11:17:39Z</Time>
      <Position>
       <LatitudeDegrees>5.2344720</LatitudeDegrees>
       <LongitudeDegrees>100.4394290</LongitudeDegrees>
      </Position>
      <AltitudeMeters>5.2</AltitudeMeters>
      <DistanceMeters>31.6</DistanceMeters>
      <HeartRateBpm>
       <Value>130</Value>
      </HeartRateBpm>
      <Extensions>
       <TPX xmlns="http://www.garmin.com/xmlschemas/ActivityExtension/v2">
        <Speed>3.6</Speed>
       </TPX>
      </Extensions>
     </Trackpoint>
     <Trackpoint>
      <Time>2026-08-19T11:17:40Z</Time>
      <Position>
       <LatitudeDegrees>5.2344610</LatitudeDegrees>
       <LongitudeDegrees>100.4393970</LongitudeDegrees>
      </Position>
      <AltitudeMeters>5.2</AltitudeMeters>
      <DistanceMeters>35.3</DistanceMeters>
      <HeartRateBpm>
       <Value>131</Value>
      </HeartRateBpm>
      <Extensions>
       <TPX xmlns="http://www.garmin.com/xmlschemas/ActivityExtension/v2">
        <Speed>3.7</Speed>
       </TPX>
      </Extensions>
     </Trackpoint>
     <Trackpoint>
      <Time>2026-08-19T11:17:41Z</Time>
      <Position>
       <LatitudeDegrees>5.2344510</LatitudeDegrees>
       <LongitudeDegrees>100.4393670</LongitudeDegrees>
      </Position>
      <AltitudeMeters>5.2</AltitudeMeters>
      <DistanceMeters>38.8</DistanceMeters>
      <HeartRateBpm>
       <Value>131</Value>
      </HeartRateBpm>
      <Extensions>
       <TPX xmlns="http://www.garmin.com/xmlschemas/ActivityExtension/v2">
        <Speed>3.6</Speed>
       </TPX>
      </Extensions>
     </Trackpoint>
     <Trackpoint>
      <Time>2026-08-19T11:17:42Z</Time>
      <Position>
       <LatitudeDegrees>5.2344430</LatitudeDegrees>
       <LongitudeDegrees>100.4393370</LongitudeDegrees>
      </Position>
      <AltitudeMeters>5.2</AltitudeMeters>
      <DistanceMeters>42.3</DistanceMeters>
      <HeartRateBpm>
       <Value>131</Value>
      </HeartRateBpm>
      <Extensions>
       <TPX xmlns="http://www.garmin.com/xmlschemas/ActivityExtension/v2">
        <Speed>3.7</Speed>
       </TPX>
      </Extensions>
     </Trackpoint>
     <Trackpoint>
      <Time>2026-08-19T11:17:43Z</Time>
      <Position>
       <LatitudeDegrees>5.2344360</LatitudeDegrees>
       <LongitudeDegrees>100.4393070</LongitudeDegrees>
      </Position>
      <AltitudeMeters>5.2</AltitudeMeters>
      <DistanceMeters>45.7</DistanceMeters>
      <HeartRateBpm>
       <Value>132</Value>
      </HeartRateBpm>
      <Extensions>
       <TPX xmlns="http://www.garmin.com/xmlschemas/ActivityExtension/v2">
        <Speed>3.5</Speed>
       </TPX>
      </Extensions>
     </Trackpoint>
     <Trackpoint>
      <Time>2026-08-19T11:17:44Z</Time>
      <Position>
       <LatitudeDegrees>5.2344320</LatitudeDegrees>
       <LongitudeDegrees>100.4392760</LongitudeDegrees>
      </Position>
      <AltitudeMeters>5.2</AltitudeMeters>
      <DistanceMeters>49.1</DistanceMeters>
      <HeartRateBpm>
       <Value>132</Value>
      </HeartRateBpm>
      <Extensions>
       <TPX xmlns="http://www.garmin.com/xmlschemas/ActivityExtension/v2">
        <Speed>3.5</Speed>
       </TPX>
      </Extensions>
     </Trackpoint>
     <Trackpoint>
      <Time>2026-08-19T11:17:45Z</Time>
      <Position>
       <LatitudeDegrees>5.2344280</LatitudeDegrees>
       <LongitudeDegrees>100.4392470</LongitudeDegrees>
      </Position>
      <AltitudeMeters>5.2</AltitudeMeters>
      <DistanceMeters>52.3</DistanceMeters>
      <HeartRateBpm>
       <Value>133</Value>
      </HeartRateBpm>
      <Extensions>
       <TPX xmlns="http://www.garmin.com/xmlschemas/ActivityExtension/v2">
        <Speed>3.4</Speed>
       </TPX>
      </Extensions>
     </Trackpoint>
     <Trackpoint>
      <Time>2026-08-19T11:17:46Z</Time>
      <Position>
       <LatitudeDegrees>5.2344180</LatitudeDegrees>
       <LongitudeDegrees>100.4392190</LongitudeDegrees>
      </Position>
      <AltitudeMeters>5.2</AltitudeMeters>
      <DistanceMeters>55.7</DistanceMeters>
      <HeartRateBpm>
       <Value>134</Value>
      </HeartRateBpm>
      <Extensions>
       <TPX xmlns="http://www.garmin.com/xmlschemas/ActivityExtension/v2">
        <Speed>3.4</Speed>
       </TPX>
      </Extensions>
     </Trackpoint>
     <Trackpoint>
      <Time>2026-08-19T11:17:47Z</Time>
      <Position>
       <LatitudeDegrees>5.2344100</LatitudeDegrees>
       <LongitudeDegrees>100.4391940</LongitudeDegrees>
      </Position>
      <AltitudeMeters>5.2</AltitudeMeters>
      <DistanceMeters>58.6</DistanceMeters>
      <HeartRateBpm>
       <Value>134</Value>
      </HeartRateBpm>
      <Extensions>
       <TPX xmlns="http://www.garmin.com/xmlschemas/ActivityExtension/v2">
        <Speed>3.3</Speed>
       </TPX>
      </Extensions>
     </Trackpoint>
     <Trackpoint>
      <Time>2026-08-19T11:17:48Z</Time>
      <Position>
       <LatitudeDegrees>5.2344050</LatitudeDegrees>
       <LongitudeDegrees>100.4391620</LongitudeDegrees>
      </Position>
      <AltitudeMeters>5.2</AltitudeMeters>
      <DistanceMeters>62.2</DistanceMeters>
      <HeartRateBpm>
       <Value>134</Value>
      </HeartRateBpm>
      <Extensions>
       <TPX xmlns="http://www.garmin.com/xmlschemas/ActivityExtension/v2">
        <Speed>3.3</Speed>
       </TPX>
      </Extensions>
     </Trackpoint>
     <Trackpoint>
      <Time>2026-08-19T11:17:49Z</Time>
      <Position>
       <LatitudeDegrees>5.2344000</LatitudeDegrees>
       <LongitudeDegrees>100.4391340</LongitudeDegrees>
      </Position>
      <AltitudeMeters>5.2</AltitudeMeters>
      <DistanceMeters>65.3</DistanceMeters>
      <HeartRateBpm>
       <Value>134</Value>
      </HeartRateBpm>
      <Extensions>
       <TPX xmlns="http://www.garmin.com/xmlschemas/ActivityExtension/v2">
        <Speed>3.2</Speed>
       </TPX>
      </Extensions>
     </Trackpoint>
     <Trackpoint>
      <Time>2026-08-19T11:17:50Z</Time>
      <Position>
       <LatitudeDegrees>5.2343940</LatitudeDegrees>
       <LongitudeDegrees>100.4391080</LongitudeDegrees>
      </Position>
      <AltitudeMeters>5.2</AltitudeMeters>
      <DistanceMeters>68.3</DistanceMeters>
      <HeartRateBpm>
       <Value>135</Value>
      </HeartRateBpm>
      <Extensions>
       <TPX xmlns="http://www.garmin.com/xmlschemas/ActivityExtension/v2">
        <Speed>3.2</Speed>
       </TPX>
      </Extensions>
     </Trackpoint>
     <Trackpoint>
      <Time>2026-08-19T11:17:51Z</Time>
      <Position>
       <LatitudeDegrees>5.2343850</LatitudeDegrees>
       <LongitudeDegrees>100.4390790</LongitudeDegrees>
      </Position>
      <AltitudeMeters>5.2</AltitudeMeters>
      <DistanceMeters>71.7</DistanceMeters>
      <HeartRateBpm>
       <Value>136</Value>
      </HeartRateBpm>
      <Extensions>
       <TPX xmlns="http://www.garmin.com/xmlschemas/ActivityExtension/v2">
        <Speed>3.2</Speed>
       </TPX>
      </Extensions>
     </Trackpoint>
     <Trackpoint>
      <Time>2026-08-19T11:17:52Z</Time>
      <Position>
       <LatitudeDegrees>5.2343770</LatitudeDegrees>
       <LongitudeDegrees>100.4390500</LongitudeDegrees>
      </Position>
      <AltitudeMeters>5.3</AltitudeMeters>
      <DistanceMeters>75.0</DistanceMeters>
      <HeartRateBpm>
       <Value>136</Value>
      </HeartRateBpm>
      <Extensions>
       <TPX xmlns="http://www.garmin.com/xmlschemas/ActivityExtension/v2">
        <Speed>3.3</Speed>
       </TPX>
      </Extensions>
     </Trackpoint>
     <Trackpoint>
      <Time>2026-08-19T11:17:53Z</Time>
      <Position>
       <LatitudeDegrees>5.2343670</LatitudeDegrees>
       <LongitudeDegrees>100.4390210</LongitudeDegrees>
      </Position>
      <AltitudeMeters>5.3</AltitudeMeters>
      <DistanceMeters>78.3</DistanceMeters>
      <HeartRateBpm>
       <Value>136</Value>
      </HeartRateBpm>
      <Extensions>
       <TPX xmlns="http://www.garmin.com/xmlschemas/ActivityExtension/v2">
        <Speed>3.2</Speed>
       </TPX>
      </Extensions>
     </Trackpoint>
     <Trackpoint>
      <Time>2026-08-19T11:17:54Z</Time>
      <Position>
       <LatitudeDegrees>5.2343580</LatitudeDegrees>
       <LongitudeDegrees>100.4389910</LongitudeDegrees>
      </Position>
      <AltitudeMeters>5.3</AltitudeMeters>
      <DistanceMeters>81.8</DistanceMeters>
      <HeartRateBpm>
       <Value>137</Value>
      </HeartRateBpm>
      <Extensions>
       <TPX xmlns="http://www.garmin.com/xmlschemas/ActivityExtension/v2">
        <Speed>3.3</Speed>
       </TPX>
      </Extensions>
     </Trackpoint>
     <Trackpoint>
      <Time>2026-08-19T11:17:55Z</Time>
      <Position>
       <LatitudeDegrees>5.2343510</LatitudeDegrees>
       <LongitudeDegrees>100.4389590</LongitudeDegrees>
      </Position>
      <AltitudeMeters>5.3</AltitudeMeters>
      <DistanceMeters>85.4</DistanceMeters>
      <HeartRateBpm>
       <Value>138</Value>
      </HeartRateBpm>
      <Extensions>
       <TPX xmlns="http://www.garmin.com/xmlschemas/ActivityExtension/v2">
        <Speed>3.4</Speed>
       </TPX>
      </Extensions>
     </Trackpoint>
     <Trackpoint>
      <Time>2026-08-19T11:17:56Z</Time>
      <Position>
       <LatitudeDegrees>5.2343460</LatitudeDegrees>
       <LongitudeDegrees>100.4389270</LongitudeDegrees>
      </Position>
      <AltitudeMeters>5.3</AltitudeMeters>
      <DistanceMeters>89.1</DistanceMeters>
      <HeartRateBpm>
       <Value>138</Value>
      </HeartRateBpm>
      <Extensions>
       <TPX xmlns="http://www.garmin.com/xmlschemas/ActivityExtension/v2">
        <Speed>3.5</Speed>
       </TPX>
      </Extensions>
     </Trackpoint>
     <Trackpoint>
      <Time>2026-08-19T11:17:57Z</Time>
      <Position>
       <LatitudeDegrees>5.2343400</LatitudeDegrees>
       <LongitudeDegrees>100.4388950</LongitudeDegrees>
      </Position>
      <AltitudeMeters>5.3</AltitudeMeters>
      <DistanceMeters>92.6</DistanceMeters>
      <HeartRateBpm>
       <Value>139</Value>
      </HeartRateBpm>
      <Extensions>
       <TPX xmlns="http://www.garmin.com/xmlschemas/ActivityExtension/v2">
        <Speed>3.5</Speed>
       </TPX>
      </Extensions>
     </Trackpoint>
     <Trackpoint>
      <Time>2026-08-19T11:17:58Z</Time>
      <Position>
       <LatitudeDegrees>5.2343340</LatitudeDegrees>
       <LongitudeDegrees>100.4388660</LongitudeDegrees>
      </Position>
      <AltitudeMeters>5.3</AltitudeMeters>
      <DistanceMeters>95.8</DistanceMeters>
      <HeartRateBpm>
       <Value>139</Value>
      </HeartRateBpm>
      <Extensions>
       <TPX xmlns="http://www.garmin.com/xmlschemas/ActivityExtension/v2">
        <Speed>3.5</Speed>
       </TPX>
      </Extensions>
     </Trackpoint>
     <Trackpoint>
      <Time>2026-08-19T11:17:59Z</Time>
      <Position>
       <LatitudeDegrees>5.2343280</LatitudeDegrees>
       <LongitudeDegrees>100.4388400</LongitudeDegrees>
      </Position>
      <AltitudeMeters>5.3</AltitudeMeters>
      <DistanceMeters>98.9</DistanceMeters>
      <HeartRateBpm>
       <Value>140</Value>
      </HeartRateBpm>
      <Extensions>
       <TPX xmlns="http://www.garmin.com/xmlschemas/ActivityExtension/v2">
        <Speed>3.4</Speed>
       </TPX>
      </Extensions>
     </Trackpoint>
     <Trackpoint>
      <Time>2026-08-19T11:18:00Z</Time>
      <Position>
       <LatitudeDegrees>5.2343200</LatitudeDegrees>
       <LongitudeDegrees>100.4388110</LongitudeDegrees>
      </Position>
      <AltitudeMeters>5.3</AltitudeMeters>
      <DistanceMeters>102.1</DistanceMeters>
      <HeartRateBpm>
       <Value>140</Value>
      </HeartRateBpm>
      <Extensions>
       <TPX xmlns="http://www.garmin.com/xmlschemas/ActivityExtension/v2">
        <Speed>3.3</Speed>
       </TPX>
      </Extensions>
     </Trackpoint>
     <Trackpoint>
      <Time>2026-08-19T11:18:01Z</Time>
      <Position>
       <LatitudeDegrees>5.2343110</LatitudeDegrees>
       <LongitudeDegrees>100.4387840</LongitudeDegrees>
      </Position>
      <AltitudeMeters>5.3</AltitudeMeters>
      <DistanceMeters>105.4</DistanceMeters>
      <HeartRateBpm>
       <Value>140</Value>
      </HeartRateBpm>
      <Extensions>
       <TPX xmlns="http://www.garmin.com/xmlschemas/ActivityExtension/v2">
        <Speed>3.3</Speed>
       </TPX>
      </Extensions>
     </Trackpoint>
     <Trackpoint>
      <Time>2026-08-19T11:18:02Z</Time>
      <Position>
       <LatitudeDegrees>5.2343040</LatitudeDegrees>
       <LongitudeDegrees>100.4387580</LongitudeDegrees>
      </Position>
      <AltitudeMeters>5.3</AltitudeMeters>
      <DistanceMeters>108.3</DistanceMeters>
      <HeartRateBpm>
       <Value>141</Value>
      </HeartRateBpm>
      <Extensions>
       <TPX xmlns="http://www.garmin.com/xmlschemas/ActivityExtension/v2">
        <Speed>3.1</Speed>
       </TPX>
      </Extensions>
     </Trackpoint>
     <Trackpoint>
      <Time>2026-08-19T11:18:03Z</Time>
      <Position>
       <LatitudeDegrees>5.2342950</LatitudeDegrees>
       <LongitudeDegrees>100.4387320</LongitudeDegrees>
      </Position>
      <AltitudeMeters>5.3</AltitudeMeters>
      <DistanceMeters>111.3</DistanceMeters>
      <HeartRateBpm>
       <Value>141</Value>
      </HeartRateBpm>
      <Extensions>
       <TPX xmlns="http://www.garmin.com/xmlschemas/ActivityExtension/v2">
        <Speed>3.1</Speed>
       </TPX>
      </Extensions>
     </Trackpoint>
     <Trackpoint>
      <Time>2026-08-19T11:18:04Z</Time>
      <Position>
       <LatitudeDegrees>5.2342880</LatitudeDegrees>
       <LongitudeDegrees>100.4387070</LongitudeDegrees>
      </Position>
      <AltitudeMeters>5.3</AltitudeMeters>
      <DistanceMeters>114.2</DistanceMeters>
      <HeartRateBpm>
       <Value>141</Value>
      </HeartRateBpm>
      <Extensions>
       <TPX xmlns="http://www.garmin.com/xmlschemas/ActivityExtension/v2">
        <Speed>3.1</Speed>
       </TPX>
      </Extensions>
     </Trackpoint>
     <Trackpoint>
      <Time>2026-08-19T11:18:05Z</Time>
      <Position>
       <LatitudeDegrees>5.2342810</LatitudeDegrees>
       <LongitudeDegrees>100.4386830</LongitudeDegrees>
      </Position>
      <AltitudeMeters>5.2</AltitudeMeters>
      <DistanceMeters>117.0</DistanceMeters>
      <HeartRateBpm>
       <Value>142</Value>
      </HeartRateBpm>
      <Extensions>
       <TPX xmlns="http://www.garmin.com/xmlschemas/ActivityExtension/v2">
        <Speed>3.0</Speed>
       </TPX>
      </Extensions>
     </Trackpoint>
     <Trackpoint>
      <Time>2026-08-19T11:18:06Z</Time>
      <Position>
       <LatitudeDegrees>5.2342720</LatitudeDegrees>
       <LongitudeDegrees>100.4386580</LongitudeDegrees>
      </Position>
      <AltitudeMeters>5.2</AltitudeMeters>
      <DistanceMeters>119.9</DistanceMeters>
      <HeartRateBpm>
       <Value>142</Value>
      </HeartRateBpm>
      <Extensions>
       <TPX xmlns="http://www.garmin.com/xmlschemas/ActivityExtension/v2">
        <Speed>2.9</Speed>
       </TPX>
      </Extensions>
     </Trackpoint>
     <Trackpoint>
      <Time>2026-08-19T11:18:07Z</Time>
      <Position>
       <LatitudeDegrees>5.2342660</LatitudeDegrees>
       <LongitudeDegrees>100.4386310</LongitudeDegrees>
      </Position>
      <AltitudeMeters>5.2</AltitudeMeters>
      <DistanceMeters>123.0</DistanceMeters>
      <HeartRateBpm>
       <Value>142</Value>
      </HeartRateBpm>
      <Extensions>
       <TPX xmlns="http://www.garmin.com/xmlschemas/ActivityExtension/v2">
        <Speed>2.9</Speed>
       </TPX>
      </Extensions>
     </Trackpoint>
     <Trackpoint>
      <Time>2026-08-19T11:18:08Z</Time>
      <Position>
       <LatitudeDegrees>5.2342610</LatitudeDegrees>
       <LongitudeDegrees>100.4386040</LongitudeDegrees>
      </Position>
      <AltitudeMeters>5.2</AltitudeMeters>
      <DistanceMeters>126.1</DistanceMeters>
      <HeartRateBpm>
       <Value>143</Value>
      </HeartRateBpm>
      <Extensions>
       <TPX xmlns="http://www.garmin.com/xmlschemas/ActivityExtension/v2">
        <Speed>3.0</Speed>
       </TPX>
      </Extensions>
     </Trackpoint>
     <Trackpoint>
      <Time>2026-08-19T11:18:09Z</Time>
      <Position>
       <LatitudeDegrees>5.2342550</LatitudeDegrees>
       <LongitudeDegrees>100.4385760</LongitudeDegrees>
      </Position>
      <AltitudeMeters>5.2</AltitudeMeters>
      <DistanceMeters>129.2</DistanceMeters>
      <HeartRateBpm>
       <Value>143</Value>
      </HeartRateBpm>
      <Extensions>
       <TPX xmlns="http://www.garmin.com/xmlschemas/ActivityExtension/v2">
        <Speed>3.0</Speed>
       </TPX>
      </Extensions>
     </Trackpoint>
     <Trackpoint>
      <Time>2026-08-19T11:18:10Z</Time>
      <Position>
       <LatitudeDegrees>5.2342490</LatitudeDegrees>
       <LongitudeDegrees>100.4385490</LongitudeDegrees>
      </Position>
      <AltitudeMeters>5.2</AltitudeMeters>
      <DistanceMeters>132.3</DistanceMeters>
      <HeartRateBpm>
       <Value>143</Value>
      </HeartRateBpm>
      <Extensions>
       <TPX xmlns="http://www.garmin.com/xmlschemas/ActivityExtension/v2">
        <Speed>3.1</Speed>
       </TPX>
      </Extensions>
     </Trackpoint>
     <Trackpoint>
      <Time>2026-08-19T11:18:11Z</Time>
      <Position>
       <LatitudeDegrees>5.2342430</LatitudeDegrees>
       <LongitudeDegrees>100.4385210</LongitudeDegrees>
      </Position>
      <AltitudeMeters>5.2</AltitudeMeters>
      <DistanceMeters>135.5</DistanceMeters>
      <HeartRateBpm>
       <Value>144</Value>
      </HeartRateBpm>
      <Extensions>
       <TPX xmlns="http://www.garmin.com/xmlschemas/ActivityExtension/v2">
        <Speed>3.1</Speed>
       </TPX>
      </Extensions>
     </Trackpoint>
     <Trackpoint>
      <Time>2026-08-19T11:18:12Z</Time>
      <Position>
       <LatitudeDegrees>5.2342360</LatitudeDegrees>
       <LongitudeDegrees>100.4384950</LongitudeDegrees>
      </Position>
      <AltitudeMeters>5.2</AltitudeMeters>
      <DistanceMeters>138.5</DistanceMeters>
      <HeartRateBpm>
       <Value>144</Value>
      </HeartRateBpm>
      <Extensions>
       <TPX xmlns="http://www.garmin.com/xmlschemas/ActivityExtension/v2">
        <Speed>3.1</Speed>
       </TPX>
      </Extensions>
     </Trackpoint>
     <Trackpoint>
      <Time>2026-08-19T11:18:13Z</Time>
      <Position>
       <LatitudeDegrees>5.2342250</LatitudeDegrees>
       <LongitudeDegrees>100.4384690</LongitudeDegrees>
      </Position>
      <AltitudeMeters>5.2</AltitudeMeters>
      <DistanceMeters>141.6</DistanceMeters>
      <HeartRateBpm>
       <Value>144</Value>
      </HeartRateBpm>
      <Extensions>
       <TPX xmlns="http://www.garmin.com/xmlschemas/ActivityExtension/v2">
        <Speed>3.1</Speed>
       </TPX>
      </Extensions>
     </Trackpoint>
     <Trackpoint>
      <Time>2026-08-19T11:18:14Z</Time>
      <Position>
       <LatitudeDegrees>5.2342160</LatitudeDegrees>
       <LongitudeDegrees>100.4384430</LongitudeDegrees>
      </Position>
      <AltitudeMeters>5.3</AltitudeMeters>
      <DistanceMeters>144.6</DistanceMeters>
      <HeartRateBpm>
       <Value>144</Value>
      </HeartRateBpm>
      <Extensions>
       <TPX xmlns="http://www.garmin.com/xmlschemas/ActivityExtension/v2">
        <Speed>3.1</Speed>
       </TPX>
      </Extensions>
     </Trackpoint>
     <Trackpoint>
      <Time>2026-08-19T11:18:15Z</Time>
      <Position>
       <LatitudeDegrees>5.2342110</LatitudeDegrees>
       <LongitudeDegrees>100.4384160</LongitudeDegrees>
      </Position>
      <AltitudeMeters>5.3</AltitudeMeters>
      <DistanceMeters>147.6</DistanceMeters>
      <HeartRateBpm>
       <Value>144</Value>
      </HeartRateBpm>
      <Extensions>
       <TPX xmlns="http://www.garmin.com/xmlschemas/ActivityExtension/v2">
        <Speed>3.1</Speed>
       </TPX>
      </Extensions>
     </Trackpoint>
     <Trackpoint>
      <Time>2026-08-19T11:18:16Z</Time>
      <Position>
       <LatitudeDegrees>5.2342100</LatitudeDegrees>
       <LongitudeDegrees>100.4383850</LongitudeDegrees>
      </Position>
      <AltitudeMeters>5.3</AltitudeMeters>
      <DistanceMeters>151.0</DistanceMeters>
      <HeartRateBpm>
       <Value>144</Value>
      </HeartRateBpm>
      <Extensions>
       <TPX xmlns="http://www.garmin.com/xmlschemas/ActivityExtension/v2">
        <Speed>3.1</Speed>
       </TPX>
      </Extensions>
     </Trackpoint>
     <Trackpoint>
      <Time>2026-08-19T11:18:17Z</Time>
      <Position>
       <LatitudeDegrees>5.2342100</LatitudeDegrees>
       <LongitudeDegrees>100.4383570</LongitudeDegrees>
      </Position>
      <AltitudeMeters>5.3</AltitudeMeters>
      <DistanceMeters>154.2</DistanceMeters>
      <HeartRateBpm>
       <Value>144</Value>
      </HeartRateBpm>
      <Extensions>
       <TPX xmlns="http://www.garmin.com/xmlschemas/ActivityExtension/v2">
        <Speed>3.1</Speed>
       </TPX>
      </Extensions>
     </Trackpoint>
     <Trackpoint>
      <Time>2026-08-19T11:18:18Z</Time>
      <Position>
       <LatitudeDegrees>5.2342070</LatitudeDegrees>
       <LongitudeDegrees>100.4383290</LongitudeDegrees>
      </Position>
      <AltitudeMeters>5.3</AltitudeMeters>
      <DistanceMeters>157.4</DistanceMeters>
      <HeartRateBpm>
       <Value>144</Value>
      </HeartRateBpm>
      <Extensions>
       <TPX xmlns="http://www.garmin.com/xmlschemas/ActivityExtension/v2">
        <Speed>3.2</Speed>
       </TPX>
      </Extensions>
     </Trackpoint>
     <Trackpoint>
      <Time>2026-08-19T11:18:19Z</Time>
      <Position>
       <LatitudeDegrees>5.2341990</LatitudeDegrees>
       <LongitudeDegrees>100.4383020</LongitudeDegrees>
      </Position>
      <AltitudeMeters>5.3</AltitudeMeters>
      <DistanceMeters>160.4</DistanceMeters>
      <HeartRateBpm>
       <Value>145</Value>
      </HeartRateBpm>
      <Extensions>
       <TPX xmlns="http://www.garmin.com/xmlschemas/ActivityExtension/v2">
        <Speed>3.2</Speed>
       </TPX>
      </Extensions>
     </Trackpoint>
     <Trackpoint>
      <Time>2026-08-19T11:18:20Z</Time>
      <Position>
       <LatitudeDegrees>5.2341910</LatitudeDegrees>
       <LongitudeDegrees>100.4382750</LongitudeDegrees>
      </Position>
      <AltitudeMeters>5.3</AltitudeMeters>
      <DistanceMeters>163.5</DistanceMeters>
      <HeartRateBpm>
       <Value>145</Value>
      </HeartRateBpm>
      <Extensions>
       <TPX xmlns="http://www.garmin.com/xmlschemas/ActivityExtension/v2">
        <Speed>3.2</Speed>
       </TPX>
      </Extensions>
     </Trackpoint>
     <Trackpoint>
      <Time>2026-08-19T11:18:21Z</Time>
      <Position>
       <LatitudeDegrees>5.2341820</LatitudeDegrees>
       <LongitudeDegrees>100.4382500</LongitudeDegrees>
      </Position>
      <AltitudeMeters>5.3</AltitudeMeters>
      <DistanceMeters>166.5</DistanceMeters>
      <HeartRateBpm>
       <Value>145</Value>
      </HeartRateBpm>
      <Extensions>
       <TPX xmlns="http://www.garmin.com/xmlschemas/ActivityExtension/v2">
        <Speed>3.1</Speed>
       </TPX>
      </Extensions>
     </Trackpoint>
     <Trackpoint>
      <Time>2026-08-19T11:18:22Z</Time>
      <Position>
       <LatitudeDegrees>5.2341740</LatitudeDegrees>
       <LongitudeDegrees>100.4382250</LongitudeDegrees>
      </Position>
      <AltitudeMeters>5.3</AltitudeMeters>
      <DistanceMeters>169.5</DistanceMeters>
      <HeartRateBpm>
       <Value>146</Value>
      </HeartRateBpm>
      <Extensions>
       <TPX xmlns="http://www.garmin.com/xmlschemas/ActivityExtension/v2">
        <Speed>3.1</Speed>
       </TPX>
      </Extensions>
     </Trackpoint>
     <Trackpoint>
      <Time>2026-08-19T11:18:23Z</Time>
      <Position>
       <LatitudeDegrees>5.2341660</LatitudeDegrees>
       <LongitudeDegrees>100.4381970</LongitudeDegrees>
      </Position>
      <AltitudeMeters>5.3</AltitudeMeters>
      <DistanceMeters>172.7</DistanceMeters>
      <HeartRateBpm>
       <Value>146</Value>
      </HeartRateBpm>
      <Extensions>
       <TPX xmlns="http://www.garmin.com/xmlschemas/ActivityExtension/v2">
        <Speed>3.1</Speed>
       </TPX>
      </Extensions>
     </Trackpoint>
     <Trackpoint>
      <Time>2026-08-19T11:18:24Z</Time>
      <Position>
       <LatitudeDegrees>5.2341580</LatitudeDegrees>
       <LongitudeDegrees>100.4381710</LongitudeDegrees>
      </Position>
      <AltitudeMeters>5.3</AltitudeMeters>
      <DistanceMeters>175.7</DistanceMeters>
      <HeartRateBpm>
       <Value>146</Value>
      </HeartRateBpm>
      <Extensions>
       <TPX xmlns="http://www.garmin.com/xmlschemas/ActivityExtension/v2">
        <Speed>3.1</Speed>
       </TPX>
      </Extensions>
     </Trackpoint>
     <Trackpoint>
      <Time>2026-08-19T11:18:25Z</Time>
      <Position>
       <LatitudeDegrees>5.2341510</LatitudeDegrees>
       <LongitudeDegrees>100.4381430</LongitudeDegrees>
      </Position>
      <AltitudeMeters>5.3</AltitudeMeters>
      <DistanceMeters>178.8</DistanceMeters>
      <HeartRateBpm>
       <Value>146</Value>
      </HeartRateBpm>
      <Extensions>
       <TPX xmlns="http://www.garmin.com/xmlschemas/ActivityExtension/v2">
        <Speed>3.1</Speed>
       </TPX>
      </Extensions>
     </Trackpoint>
     <Trackpoint>
      <Time>2026-08-19T11:18:26Z</Time>
      <Position>
       <LatitudeDegrees>5.2341440</LatitudeDegrees>
       <LongitudeDegrees>100.4381170</LongitudeDegrees>
      </Position>
      <AltitudeMeters>5.3</AltitudeMeters>
      <DistanceMeters>181.8</DistanceMeters>
      <HeartRateBpm>
       <Value>146</Value>
      </HeartRateBpm>
      <Extensions>
       <TPX xmlns="http://www.garmin.com/xmlschemas/ActivityExtension/v2">
        <Speed>3.1</Speed>
       </TPX>
      </Extensions>
     </Trackpoint>
     <Trackpoint>
      <Time>2026-08-19T11:18:27Z</Time>
      <Position>
       <LatitudeDegrees>5.2341370</LatitudeDegrees>
       <LongitudeDegrees>100.4380900</LongitudeDegrees>
      </Position>
      <AltitudeMeters>5.3</AltitudeMeters>
      <DistanceMeters>184.9</DistanceMeters>
      <HeartRateBpm>
       <Value>146</Value>
      </HeartRateBpm>
      <Extensions>
       <TPX xmlns="http://www.garmin.com/xmlschemas/ActivityExtension/v2">
        <Speed>3.1</Speed>
       </TPX>
      </Extensions>
     </Trackpoint>
     <Trackpoint>
      <Time>2026-08-19T11:18:28Z</Time>
      <Position>
       <LatitudeDegrees>5.2341310</LatitudeDegrees>
       <LongitudeDegrees>100.4380640</LongitudeDegrees>
      </Position>
      <AltitudeMeters>5.3</AltitudeMeters>
      <DistanceMeters>187.9</DistanceMeters>
      <HeartRateBpm>
       <Value>146</Value>
      </HeartRateBpm>
      <Extensions>
       <TPX xmlns="http://www.garmin.com/xmlschemas/ActivityExtension/v2">
        <Speed>3.0</Speed>
       </TPX>
      </Extensions>
     </Trackpoint>
     <Trackpoint>
      <Time>2026-08-19T11:18:29Z</Time>
      <Position>
       <LatitudeDegrees>5.2341260</LatitudeDegrees>
       <LongitudeDegrees>100.4380390</LongitudeDegrees>
      </Position>
      <AltitudeMeters>5.3</AltitudeMeters>
      <DistanceMeters>190.7</DistanceMeters>
      <HeartRateBpm>
       <Value>146</Value>
      </HeartRateBpm>
      <Extensions>
       <TPX xmlns="http://www.garmin.com/xmlschemas/ActivityExtension/v2">
        <Speed>3.0</Speed>
       </TPX>
      </Extensions>
     </Trackpoint>
     <Trackpoint>
      <Time>2026-08-19T11:18:30Z</Time>
      <Position>
       <LatitudeDegrees>5.2341180</LatitudeDegrees>
       <LongitudeDegrees>100.4380110</LongitudeDegrees>
      </Position>
      <AltitudeMeters>5.3</AltitudeMeters>
      <DistanceMeters>194.0</DistanceMeters>
      <HeartRateBpm>
       <Value>146</Value>
      </HeartRateBpm>
      <Extensions>
       <TPX xmlns="http://www.garmin.com/xmlschemas/ActivityExtension/v2">
        <Speed>3.0</Speed>
       </TPX>
      </Extensions>
     </Trackpoint>
     <Trackpoint>
      <Time>2026-08-19T11:18:31Z</Time>
      <Position>
       <LatitudeDegrees>5.2341130</LatitudeDegrees>
       <LongitudeDegrees>100.4379840</LongitudeDegrees>
      </Position>
      <AltitudeMeters>5.3</AltitudeMeters>
      <DistanceMeters>197.0</DistanceMeters>
      <HeartRateBpm>
       <Value>146</Value>
      </HeartRateBpm>
      <Extensions>
       <TPX xmlns="http://www.garmin.com/xmlschemas/ActivityExtension/v2">
        <Speed>3.0</Speed>
       </TPX>
      </Extensions>
     </Trackpoint>
     <Trackpoint>
      <Time>2026-08-19T11:18:32Z</Time>
      <Position>
       <LatitudeDegrees>5.2341080</LatitudeDegrees>
       <LongitudeDegrees>100.4379570</LongitudeDegrees>
      </Position>
      <AltitudeMeters>5.3</AltitudeMeters>
      <DistanceMeters>200.0</DistanceMeters>
      <HeartRateBpm>
       <Value>147</Value>
      </HeartRateBpm>
      <Extensions>
       <TPX xmlns="http://www.garmin.com/xmlschemas/ActivityExtension/v2">
        <Speed>3.0</Speed>
       </TPX>
      </Extensions>
     </Trackpoint>
     <Trackpoint>
      <Time>2026-08-19T11:18:33Z</Time>
      <Position>
       <LatitudeDegrees>5.2341030</LatitudeDegrees>
       <LongitudeDegrees>100.4379290</LongitudeDegrees>
      </Position>
      <AltitudeMeters>5.3</AltitudeMeters>
      <DistanceMeters>203.2</DistanceMeters>
      <HeartRateBpm>
       <Value>147</Value>
      </HeartRateBpm>
      <Extensions>
       <TPX xmlns="http://www.garmin.com/xmlschemas/ActivityExtension/v2">
        <Speed>3.1</Speed>
       </TPX>
      </Extensions>
     </Trackpoint>
     <Trackpoint>
      <Time>2026-08-19T11:18:34Z</Time>
      <Position>
       <LatitudeDegrees>5.2340970</LatitudeDegrees>
       <LongitudeDegrees>100.4379010</LongitudeDegrees>
      </Position>
      <AltitudeMeters>5.3</AltitudeMeters>
      <DistanceMeters>206.3</DistanceMeters>
      <HeartRateBpm>
       <Value>147</Value>
      </HeartRateBpm>
      <Extensions>
       <TPX xmlns="http://www.garmin.com/xmlschemas/ActivityExtension/v2">
        <Speed>3.1</Speed>
       </TPX>
      </Extensions>
     </Trackpoint>
     <Trackpoint>
      <Time>2026-08-19T11:18:35Z</Time>
      <Position>
       <LatitudeDegrees>5.2340920</LatitudeDegrees>
       <LongitudeDegrees>100.4378740</LongitudeDegrees>
      </Position>
      <AltitudeMeters>5.3</AltitudeMeters>
      <DistanceMeters>209.4</DistanceMeters>
      <HeartRateBpm>
       <Value>147</Value>
      </HeartRateBpm>
      <Extensions>
       <TPX xmlns="http://www.garmin.com/xmlschemas/ActivityExtension/v2">
        <Speed>3.1</Speed>
       </TPX>
      </Extensions>
     </Trackpoint>
     <Trackpoint>
      <Time>2026-08-19T11:18:36Z</Time>
      <Position>
       <LatitudeDegrees>5.2340890</LatitudeDegrees>
       <LongitudeDegrees>100.4378480</LongitudeDegrees>
      </Position>
      <AltitudeMeters>5.3</AltitudeMeters>
      <DistanceMeters>212.3</DistanceMeters>
      <HeartRateBpm>
       <Value>147</Value>
      </HeartRateBpm>
      <Extensions>
       <TPX xmlns="http://www.garmin.com/xmlschemas/ActivityExtension/v2">
        <Speed>3.1</Speed>
       </TPX>
      </Extensions>
     </Trackpoint>
     <Trackpoint>
      <Time>2026-08-19T11:18:37Z</Time>
      <Position>
       <LatitudeDegrees>5.2340840</LatitudeDegrees>
       <LongitudeDegrees>100.4378210</LongitudeDegrees>
      </Position>
      <AltitudeMeters>5.3</AltitudeMeters>
      <DistanceMeters>215.3</DistanceMeters>
      <HeartRateBpm>
       <Value>147</Value>
      </HeartRateBpm>
      <Extensions>
       <TPX xmlns="http://www.garmin.com/xmlschemas/ActivityExtension/v2">
        <Speed>3.1</Speed>
       </TPX>
      </Extensions>
     </Trackpoint>
     <Trackpoint>
      <Time>2026-08-19T11:18:38Z</Time>
      <Position>
       <LatitudeDegrees>5.2340780</LatitudeDegrees>
       <LongitudeDegrees>100.4377940</LongitudeDegrees>
      </Position>
      <AltitudeMeters>5.3</AltitudeMeters>
      <DistanceMeters>218.4</DistanceMeters>
      <HeartRateBpm>
       <Value>147</Value>
      </HeartRateBpm>
      <Extensions>
       <TPX xmlns="http://www.garmin.com/xmlschemas/ActivityExtension/v2">
        <Speed>3.0</Speed>
       </TPX>
      </Extensions>
     </Trackpoint>
     <Trackpoint>
      <Time>2026-08-19T11:18:39Z</Time>
      <Position>
       <LatitudeDegrees>5.2340710</LatitudeDegrees>
       <LongitudeDegrees>100.4377660</LongitudeDegrees>
      </Position>
      <AltitudeMeters>5.3</AltitudeMeters>
      <DistanceMeters>221.6</DistanceMeters>
      <HeartRateBpm>
       <Value>148</Value>
      </HeartRateBpm>
      <Extensions>
       <TPX xmlns="http://www.garmin.com/xmlschemas/ActivityExtension/v2">
        <Speed>3.1</Speed>
       </TPX>
      </Extensions>
     </Trackpoint>
     <Trackpoint>
      <Time>2026-08-19T11:18:40Z</Time>
      <Position>
       <LatitudeDegrees>5.2340630</LatitudeDegrees>
       <LongitudeDegrees>100.4377370</LongitudeDegrees>
      </Position>
      <AltitudeMeters>5.3</AltitudeMeters>
      <DistanceMeters>224.9</DistanceMeters>
      <HeartRateBpm>
       <Value>148</Value>
      </HeartRateBpm>
      <Extensions>
       <TPX xmlns="http://www.garmin.com/xmlschemas/ActivityExtension/v2">
        <Speed>3.1</Speed>
       </TPX>
      </Extensions>
     </Trackpoint>
     <Trackpoint>
      <Time>2026-08-19T11:18:41Z</Time>
      <Position>
       <LatitudeDegrees>5.2340570</LatitudeDegrees>
       <LongitudeDegrees>100.4377090</LongitudeDegrees>
      </Position>
      <AltitudeMeters>5.3</AltitudeMeters>
      <DistanceMeters>228.1</DistanceMeters>
      <HeartRateBpm>
       <Value>148</Value>
      </HeartRateBpm>
      <Extensions>
       <TPX xmlns="http://www.garmin.com/xmlschemas/ActivityExtension/v2">
        <Speed>3.2</Speed>
       </TPX>
      </Extensions>
     </Trackpoint>
     <Trackpoint>
      <Time>2026-08-19T11:18:42Z</Time>
      <Position>
       <LatitudeDegrees>5.2340500</LatitudeDegrees>
       <LongitudeDegrees>100.4376810</LongitudeDegrees>
      </Position>
      <AltitudeMeters>5.4</AltitudeMeters>
      <DistanceMeters>231.3</DistanceMeters>
      <HeartRateBpm>
       <Value>148</Value>
      </HeartRateBpm>
      <Extensions>
       <TPX xmlns="http://www.garmin.com/xmlschemas/ActivityExtension/v2">
        <Speed>3.2</Speed>
       </TPX>
      </Extensions>
     </Trackpoint>
     <Trackpoint>
      <Time>2026-08-19T11:18:43Z</Time>
      <Position>
       <LatitudeDegrees>5.2340440</LatitudeDegrees>
       <LongitudeDegrees>100.4376530</LongitudeDegrees>
      </Position>
      <AltitudeMeters>5.4</AltitudeMeters>
      <DistanceMeters>234.5</DistanceMeters>
      <HeartRateBpm>
       <Value>148</Value>
      </HeartRateBpm>
      <Extensions>
       <TPX xmlns="http://www.garmin.com/xmlschemas/ActivityExtension/v2">
        <Speed>3.2</Speed>
       </TPX>
      </Extensions>
     </Trackpoint>
     <Trackpoint>
      <Time>2026-08-19T11:18:44Z</Time>
      <Position>
       <LatitudeDegrees>5.2340370</LatitudeDegrees>
       <LongitudeDegrees>100.4376240</LongitudeDegrees>
      </Position>
      <AltitudeMeters>5.4</AltitudeMeters>
      <DistanceMeters>237.7</DistanceMeters>
      <HeartRateBpm>
       <Value>148</Value>
      </HeartRateBpm>
      <Extensions>
       <TPX xmlns="http://www.garmin.com/xmlschemas/ActivityExtension/v2">
        <Speed>3.2</Speed>
       </TPX>
      </Extensions>
     </Trackpoint>
     <Trackpoint>
      <Time>2026-08-19T11:18:45Z</Time>
      <Position>
       <LatitudeDegrees>5.2340290</LatitudeDegrees>
       <LongitudeDegrees>100.4375960</LongitudeDegrees>
      </Position>
      <AltitudeMeters>5.4</AltitudeMeters>
      <DistanceMeters>241.0</DistanceMeters>
      <HeartRateBpm>
       <Value>148</Value>
      </HeartRateBpm>
      <Extensions>
       <TPX xmlns="http://www.garmin.com/xmlschemas/ActivityExtension/v2">
        <Speed>3.2</Speed>
       </TPX>
      </Extensions>
     </Trackpoint>
     <Trackpoint>
      <Time>2026-08-19T11:18:46Z</Time>
      <Position>
       <LatitudeDegrees>5.2340270</LatitudeDegrees>
       <LongitudeDegrees>100.4375700</LongitudeDegrees>
      </Position>
      <AltitudeMeters>5.4</AltitudeMeters>
      <DistanceMeters>243.9</DistanceMeters>
      <HeartRateBpm>
       <Value>148</Value>
      </HeartRateBpm>
      <Extensions>
       <TPX xmlns="http://www.garmin.com/xmlschemas/ActivityExtension/v2">
        <Speed>3.2</Speed>
       </TPX>
      </Extensions>
     </Trackpoint>
     <Trackpoint>
      <Time>2026-08-19T11:18:47Z</Time>
      <Position>
       <LatitudeDegrees>5.2340190</LatitudeDegrees>
       <LongitudeDegrees>100.4375380</LongitudeDegrees>
      </Position>
      <AltitudeMeters>5.4</AltitudeMeters>
      <DistanceMeters>247.5</DistanceMeters>
      <HeartRateBpm>
       <Value>149</Value>
      </HeartRateBpm>
      <Extensions>
       <TPX xmlns="http://www.garmin.com/xmlschemas/ActivityExtension/v2">
        <Speed>3.2</Speed>
       </TPX>
      </Extensions>
     </Trackpoint>
     <Trackpoint>
      <Time>2026-08-19T11:18:48Z</Time>
      <Position>
       <LatitudeDegrees>5.2340120</LatitudeDegrees>
       <LongitudeDegrees>100.4375110</LongitudeDegrees>
      </Position>
      <AltitudeMeters>5.4</AltitudeMeters>
      <DistanceMeters>250.5</DistanceMeters>
      <HeartRateBpm>
       <Value>149</Value>
      </HeartRateBpm>
      <Extensions>
       <TPX xmlns="http://www.garmin.com/xmlschemas/ActivityExtension/v2">
        <Speed>3.2</Speed>
       </TPX>
      </Extensions>
     </Trackpoint>
     <Trackpoint>
      <Time>2026-08-19T11:18:49Z</Time>
      <Position>
       <LatitudeDegrees>5.2339990</LatitudeDegrees>
       <LongitudeDegrees>100.4374810</LongitudeDegrees>
      </Position>
      <AltitudeMeters>5.4</AltitudeMeters>
      <DistanceMeters>254.2</DistanceMeters>
      <HeartRateBpm>
       <Value>149</Value>
      </HeartRateBpm>
      <Extensions>
       <TPX xmlns="http://www.garmin.com/xmlschemas/ActivityExtension/v2">
        <Speed>3.3</Speed>
       </TPX>
      </Extensions>
     </Trackpoint>
     <Trackpoint>
      <Time>2026-08-19T11:18:50Z</Time>
      <Position>
       <LatitudeDegrees>5.2339870</LatitudeDegrees>
       <LongitudeDegrees>100.4374530</LongitudeDegrees>
      </Position>
      <AltitudeMeters>5.4</AltitudeMeters>
      <DistanceMeters>257.6</DistanceMeters>
      <HeartRateBpm>
       <Value>149</Value>
      </HeartRateBpm>
      <Extensions>
       <TPX xmlns="http://www.garmin.com/xmlschemas/ActivityExtension/v2">
        <Speed>3.3</Speed>
       </TPX>
      </Extensions>
     </Trackpoint>
     <Trackpoint>
      <Time>2026-08-19T11:18:51Z</Time>
      <Position>
       <LatitudeDegrees>5.2339740</LatitudeDegrees>
       <LongitudeDegrees>100.4374250</LongitudeDegrees>
      </Position>
      <AltitudeMeters>5.4</AltitudeMeters>
      <DistanceMeters>261.0</DistanceMeters>
      <HeartRateBpm>
       <Value>149</Value>
      </HeartRateBpm>
      <Extensions>
       <TPX xmlns="http://www.garmin.com/xmlschemas/ActivityExtension/v2">
        <Speed>3.4</Speed>
       </TPX>
      </Extensions>
     </Trackpoint>
     <Trackpoint>
      <Time>2026-08-19T11:18:52Z</Time>
      <Position>
       <LatitudeDegrees>5.2339650</LatitudeDegrees>
       <LongitudeDegrees>100.4373980</LongitudeDegrees>
      </Position>
      <AltitudeMeters>5.4</AltitudeMeters>
      <DistanceMeters>264.1</DistanceMeters>
      <HeartRateBpm>
       <Value>149</Value>
      </HeartRateBpm>
      <Extensions>
       <TPX xmlns="http://www.garmin.com/xmlschemas/ActivityExtension/v2">
        <Speed>3.3</Speed>
       </TPX>
      </Extensions>
     </Trackpoint>
     <Trackpoint>
      <Time>2026-08-19T11:18:53Z</Time>
      <Position>
       <LatitudeDegrees>5.2339590</LatitudeDegrees>
       <LongitudeDegrees>100.4373690</LongitudeDegrees>
      </Position>
      <AltitudeMeters>5.4</AltitudeMeters>
      <DistanceMeters>267.4</DistanceMeters>
      <HeartRateBpm>
       <Value>149</Value>
      </HeartRateBpm>
      <Extensions>
       <TPX xmlns="http://www.garmin.com/xmlschemas/ActivityExtension/v2">
        <Speed>3.4</Speed>
       </TPX>
      </Extensions>
     </Trackpoint>
     <Trackpoint>
      <Time>2026-08-19T11:18:54Z</Time>
      <Position>
       <LatitudeDegrees>5.2339510</LatitudeDegrees>
       <LongitudeDegrees>100.4373430</LongitudeDegrees>
      </Position>
      <AltitudeMeters>5.4</AltitudeMeters>
      <DistanceMeters>270.5</DistanceMeters>
      <HeartRateBpm>
       <Value>150</Value>
      </HeartRateBpm>
      <Extensions>
       <TPX xmlns="http://www.garmin.com/xmlschemas/ActivityExtension/v2">
        <Speed>3.3</Speed>
       </TPX>
      </Extensions>
     </Trackpoint>
     <Trackpoint>
      <Time>2026-08-19T11:18:55Z</Time>
      <Position>
       <LatitudeDegrees>5.2339410</LatitudeDegrees>
       <LongitudeDegrees>100.4373170</LongitudeDegrees>
      </Position>
      <AltitudeMeters>5.4</AltitudeMeters>
      <DistanceMeters>273.5</DistanceMeters>
      <HeartRateBpm>
       <Value>150</Value>
      </HeartRateBpm>
      <Extensions>
       <TPX xmlns="http://www.garmin.com/xmlschemas/ActivityExtension/v2">
        <Speed>3.2</Speed>
       </TPX>
      </Extensions>
     </Trackpoint>
     <Trackpoint>
      <Time>2026-08-19T11:18:56Z</Time>
      <Position>
       <LatitudeDegrees>5.2339270</LatitudeDegrees>
       <LongitudeDegrees>100.4372930</LongitudeDegrees>
      </Position>
      <AltitudeMeters>5.4</AltitudeMeters>
      <DistanceMeters>276.6</DistanceMeters>
      <HeartRateBpm>
       <Value>150</Value>
      </HeartRateBpm>
      <Extensions>
       <TPX xmlns="http://www.garmin.com/xmlschemas/ActivityExtension/v2">
        <Speed>3.1</Speed>
       </TPX>
      </Extensions>
     </Trackpoint>
     <Trackpoint>
      <Time>2026-08-19T11:18:57Z</Time>
      <Position>
       <LatitudeDegrees>5.2339210</LatitudeDegrees>
       <LongitudeDegrees>100.4372720</LongitudeDegrees>
      </Position>
      <AltitudeMeters>5.4</AltitudeMeters>
      <DistanceMeters>279.0</DistanceMeters>
      <HeartRateBpm>
       <Value>150</Value>
      </HeartRateBpm>
      <Extensions>
       <TPX xmlns="http://www.garmin.com/xmlschemas/ActivityExtension/v2">
        <Speed>3.0</Speed>
       </TPX>
      </Extensions>
     </Trackpoint>
     <Trackpoint>
      <Time>2026-08-19T11:18:58Z</Time>
      <Position>
       <LatitudeDegrees>5.2339200</LatitudeDegrees>
       <LongitudeDegrees>100.4372710</LongitudeDegrees>
      </Position>
      <AltitudeMeters>5.4</AltitudeMeters>
      <DistanceMeters>279.2</DistanceMeters>
      <HeartRateBpm>
       <Value>150</Value>
      </HeartRateBpm>
      <Extensions>
       <TPX xmlns="http://www.garmin.com/xmlschemas/ActivityExtension/v2">
        <Speed>2.4</Speed>
       </TPX>
      </Extensions>
     </Trackpoint>
     <Trackpoint>
      <Time>2026-08-19T11:18:59Z</Time>
      <Position>
       <LatitudeDegrees>5.2339180</LatitudeDegrees>
       <LongitudeDegrees>100.4372350</LongitudeDegrees>
      </Position>
      <AltitudeMeters>5.4</AltitudeMeters>
      <DistanceMeters>283.1</DistanceMeters>
      <HeartRateBpm>
       <Value>150</Value>
      </HeartRateBpm>
      <Extensions>
       <TPX xmlns="http://www.garmin.com/xmlschemas/ActivityExtension/v2">
        <Speed>2.5</Speed>
       </TPX>
      </Extensions>
     </Trackpoint>
     <Trackpoint>
      <Time>2026-08-19T11:19:00Z</Time>
      <Position>
       <LatitudeDegrees>5.2339200</LatitudeDegrees>
       <LongitudeDegrees>100.4372070</LongitudeDegrees>
      </Position>
      <AltitudeMeters>5.4</AltitudeMeters>
      <DistanceMeters>286.2</DistanceMeters>
      <HeartRateBpm>
       <Value>150</Value>
      </HeartRateBpm>
      <Extensions>
       <TPX xmlns="http://www.garmin.com/xmlschemas/ActivityExtension/v2">
        <Speed>2.5</Speed>
       </TPX>
      </Extensions>
     </Trackpoint>
     <Trackpoint>
      <Time>2026-08-19T11:19:01Z</Time>
      <Position>
       <LatitudeDegrees>5.2339120</LatitudeDegrees>
       <LongitudeDegrees>100.4371720</LongitudeDegrees>
      </Position>
      <AltitudeMeters>5.4</AltitudeMeters>
      <DistanceMeters>290.2</DistanceMeters>
      <HeartRateBpm>
       <Value>150</Value>
      </HeartRateBpm>
      <Extensions>
       <TPX xmlns="http://www.garmin.com/xmlschemas/ActivityExtension/v2">
        <Speed>2.7</Speed>
       </TPX>
      </Extensions>
     </Trackpoint>
     <Trackpoint>
      <Time>2026-08-19T11:19:02Z</Time>
      <Position>
       <LatitudeDegrees>5.2339130</LatitudeDegrees>
       <LongitudeDegrees>100.4371450</LongitudeDegrees>
      </Position>
      <AltitudeMeters>5.4</AltitudeMeters>
      <DistanceMeters>293.2</DistanceMeters>
      <HeartRateBpm>
       <Value>150</Value>
      </HeartRateBpm>
      <Extensions>
       <TPX xmlns="http://www.garmin.com/xmlschemas/ActivityExtension/v2">
        <Speed>2.8</Speed>
       </TPX>
      </Extensions>
     </Trackpoint>
     <Trackpoint>
      <Time>2026-08-19T11:19:03Z</Time>
      <Position>
       <LatitudeDegrees>5.2338970</LatitudeDegrees>
       <LongitudeDegrees>100.4371090</LongitudeDegrees>
      </Position>
      <AltitudeMeters>5.4</AltitudeMeters>
      <DistanceMeters>297.5</DistanceMeters>
      <HeartRateBpm>
       <Value>151</Value>
      </HeartRateBpm>
      <Extensions>
       <TPX xmlns="http://www.garmin.com/xmlschemas/ActivityExtension/v2">
        <Speed>3.7</Speed>
       </TPX>
      </Extensions>
     </Trackpoint>
     <Trackpoint>
      <Time>2026-08-19T11:19:04Z</Time>
      <Position>
       <LatitudeDegrees>5.2338900</LatitudeDegrees>
       <LongitudeDegrees>100.4370780</LongitudeDegrees>
      </Position>
      <AltitudeMeters>5.4</AltitudeMeters>
      <DistanceMeters>301.0</DistanceMeters>
      <HeartRateBpm>
       <Value>151</Value>
      </HeartRateBpm>
      <Extensions>
       <TPX xmlns="http://www.garmin.com/xmlschemas/ActivityExtension/v2">
        <Speed>3.6</Speed>
       </TPX>
      </Extensions>
     </Trackpoint>
     <Trackpoint>
      <Time>2026-08-19T11:19:05Z</Time>
      <Position>
       <LatitudeDegrees>5.2338770</LatitudeDegrees>
       <LongitudeDegrees>100.4370500</LongitudeDegrees>
      </Position>
      <AltitudeMeters>5.4</AltitudeMeters>
      <DistanceMeters>304.5</DistanceMeters>
      <HeartRateBpm>
       <Value>151</Value>
      </HeartRateBpm>
      <Extensions>
       <TPX xmlns="http://www.garmin.com/xmlschemas/ActivityExtension/v2">
        <Speed>3.7</Speed>
       </TPX>
      </Extensions>
     </Trackpoint>
     <Trackpoint>
      <Time>2026-08-19T11:19:06Z</Time>
      <Position>
       <LatitudeDegrees>5.2338690</LatitudeDegrees>
       <LongitudeDegrees>100.4370210</LongitudeDegrees>
      </Position>
      <AltitudeMeters>5.4</AltitudeMeters>
      <DistanceMeters>307.8</DistanceMeters>
      <HeartRateBpm>
       <Value>152</Value>
      </HeartRateBpm>
      <Extensions>
       <TPX xmlns="http://www.garmin.com/xmlschemas/ActivityExtension/v2">
        <Speed>3.5</Speed>
       </TPX>
      </Extensions>
     </Trackpoint>
     <Trackpoint>
      <Time>2026-08-19T11:19:07Z</Time>
      <Position>
       <LatitudeDegrees>5.2338660</LatitudeDegrees>
       <LongitudeDegrees>100.4369930</LongitudeDegrees>
      </Position>
      <AltitudeMeters>5.4</AltitudeMeters>
      <DistanceMeters>310.9</DistanceMeters>
      <HeartRateBpm>
       <Value>151</Value>
      </HeartRateBpm>
      <Extensions>
       <TPX xmlns="http://www.garmin.com/xmlschemas/ActivityExtension/v2">
        <Speed>3.5</Speed>
       </TPX>
      </Extensions>
     </Trackpoint>
     <Trackpoint>
      <Time>2026-08-19T11:19:08Z</Time>
      <Position>
       <LatitudeDegrees>5.2338580</LatitudeDegrees>
       <LongitudeDegrees>100.4369680</LongitudeDegrees>
      </Position>
      <AltitudeMeters>5.4</AltitudeMeters>
      <DistanceMeters>313.8</DistanceMeters>
      <HeartRateBpm>
       <Value>151</Value>
      </HeartRateBpm>
      <Extensions>
       <TPX xmlns="http://www.garmin.com/xmlschemas/ActivityExtension/v2">
        <Speed>3.3</Speed>
       </TPX>
      </Extensions>
     </Trackpoint>
     <Trackpoint>
      <Time>2026-08-19T11:19:09Z</Time>
      <Position>
       <LatitudeDegrees>5.2338510</LatitudeDegrees>
       <LongitudeDegrees>100.4369450</LongitudeDegrees>
      </Position>
      <AltitudeMeters>5.4</AltitudeMeters>
      <DistanceMeters>316.5</DistanceMeters>
      <HeartRateBpm>
       <Value>151</Value>
      </HeartRateBpm>
      <Extensions>
       <TPX xmlns="http://www.garmin.com/xmlschemas/ActivityExtension/v2">
        <Speed>3.1</Speed>
       </TPX>
      </Extensions>
     </Trackpoint>
     <Trackpoint>
      <Time>2026-08-19T11:19:10Z</Time>
      <Position>
       <LatitudeDegrees>5.2338380</LatitudeDegrees>
       <LongitudeDegrees>100.4369180</LongitudeDegrees>
      </Position>
      <AltitudeMeters>5.4</AltitudeMeters>
      <DistanceMeters>319.8</DistanceMeters>
      <HeartRateBpm>
       <Value>152</Value>
      </HeartRateBpm>
      <Extensions>
       <TPX xmlns="http://www.garmin.com/xmlschemas/ActivityExtension/v2">
        <Speed>3.1</Speed>
       </TPX>
      </Extensions>
     </Trackpoint>
     <Trackpoint>
      <Time>2026-08-19T11:19:11Z</Time>
      <Position>
       <LatitudeDegrees>5.2338360</LatitudeDegrees>
       <LongitudeDegrees>100.4368930</LongitudeDegrees>
      </Position>
      <AltitudeMeters>5.4</AltitudeMeters>
      <DistanceMeters>322.6</DistanceMeters>
      <HeartRateBpm>
       <Value>152</Value>
      </HeartRateBpm>
      <Extensions>
       <TPX xmlns="http://www.garmin.com/xmlschemas/ActivityExtension/v2">
        <Speed>3.0</Speed>
       </TPX>
      </Extensions>
     </Trackpoint>
     <Trackpoint>
      <Time>2026-08-19T11:19:12Z</Time>
      <Position>
       <LatitudeDegrees>5.2338370</LatitudeDegrees>
       <LongitudeDegrees>100.4368630</LongitudeDegrees>
      </Position>
      <AltitudeMeters>5.4</AltitudeMeters>
      <DistanceMeters>325.9</DistanceMeters>
      <HeartRateBpm>
       <Value>152</Value>
      </HeartRateBpm>
      <Extensions>
       <TPX xmlns="http://www.garmin.com/xmlschemas/ActivityExtension/v2">
        <Speed>3.0</Speed>
       </TPX>
      </Extensions>
     </Trackpoint>
     <Trackpoint>
      <Time>2026-08-19T11:19:13Z</Time>
      <Position>
       <LatitudeDegrees>5.2338370</LatitudeDegrees>
       <LongitudeDegrees>100.4368360</LongitudeDegrees>
      </Position>
      <AltitudeMeters>5.5</AltitudeMeters>
      <DistanceMeters>328.9</DistanceMeters>
      <HeartRateBpm>
       <Value>152</Value>
      </HeartRateBpm>
      <Extensions>
       <TPX xmlns="http://www.garmin.com/xmlschemas/ActivityExtension/v2">
        <Speed>3.0</Speed>
       </TPX>
      </Extensions>
     </Trackpoint>
     <Trackpoint>
      <Time>2026-08-19T11:19:14Z</Time>
      <Position>
       <LatitudeDegrees>5.2338330</LatitudeDegrees>
       <LongitudeDegrees>100.4368090</LongitudeDegrees>
      </Position>
      <AltitudeMeters>5.5</AltitudeMeters>
      <DistanceMeters>331.9</DistanceMeters>
      <HeartRateBpm>
       <Value>151</Value>
      </HeartRateBpm>
      <Extensions>
       <TPX xmlns="http://www.garmin.com/xmlschemas/ActivityExtension/v2">
        <Speed>3.1</Speed>
       </TPX>
      </Extensions>
     </Trackpoint>
     <Trackpoint>
      <Time>2026-08-19T11:19:15Z</Time>
      <Position>
       <LatitudeDegrees>5.2338260</LatitudeDegrees>
       <LongitudeDegrees>100.4367850</LongitudeDegrees>
      </Position>
      <AltitudeMeters>5.5</AltitudeMeters>
      <DistanceMeters>334.7</DistanceMeters>
      <HeartRateBpm>
       <Value>151</Value>
      </HeartRateBpm>
      <Extensions>
       <TPX xmlns="http://www.garmin.com/xmlschemas/ActivityExtension/v2">
        <Speed>3.0</Speed>
       </TPX>
      </Extensions>
     </Trackpoint>
     <Trackpoint>
      <Time>2026-08-19T11:19:16Z</Time>
      <Position>
       <LatitudeDegrees>5.2338210</LatitudeDegrees>
       <LongitudeDegrees>100.4367610</LongitudeDegrees>
      </Position>
      <AltitudeMeters>5.5</AltitudeMeters>
      <DistanceMeters>337.4</DistanceMeters>
      <HeartRateBpm>
       <Value>151</Value>
      </HeartRateBpm>
      <Extensions>
       <TPX xmlns="http://www.garmin.com/xmlschemas/ActivityExtension/v2">
        <Speed>3.0</Speed>
       </TPX>
      </Extensions>
     </Trackpoint>
     <Trackpoint>
      <Time>2026-08-19T11:19:17Z</Time>
      <Position>
       <LatitudeDegrees>5.2338120</LatitudeDegrees>
       <LongitudeDegrees>100.4367280</LongitudeDegrees>
      </Position>
      <AltitudeMeters>5.5</AltitudeMeters>
      <DistanceMeters>341.1</DistanceMeters>
      <HeartRateBpm>
       <Value>151</Value>
      </HeartRateBpm>
      <Extensions>
       <TPX xmlns="http://www.garmin.com/xmlschemas/ActivityExtension/v2">
        <Speed>3.0</Speed>
       </TPX>
      </Extensions>
     </Trackpoint>
     <Trackpoint>
      <Time>2026-08-19T11:19:18Z</Time>
      <Position>
       <LatitudeDegrees>5.2338020</LatitudeDegrees>
       <LongitudeDegrees>100.4367000</LongitudeDegrees>
      </Position>
      <AltitudeMeters>5.5</AltitudeMeters>
      <DistanceMeters>344.5</DistanceMeters>
      <HeartRateBpm>
       <Value>151</Value>
      </HeartRateBpm>
      <Extensions>
       <TPX xmlns="http://www.garmin.com/xmlschemas/ActivityExtension/v2">
        <Speed>3.1</Speed>
       </TPX>
      </Extensions>
     </Trackpoint>
     <Trackpoint>
      <Time>2026-08-19T11:19:19Z</Time>
      <Position>
       <LatitudeDegrees>5.2337940</LatitudeDegrees>
       <LongitudeDegrees>100.4366720</LongitudeDegrees>
      </Position>
      <AltitudeMeters>5.5</AltitudeMeters>
      <DistanceMeters>347.7</DistanceMeters>
      <HeartRateBpm>
       <Value>151</Value>
      </HeartRateBpm>
      <Extensions>
       <TPX xmlns="http://www.garmin.com/xmlschemas/ActivityExtension/v2">
        <Speed>3.2</Speed>
       </TPX>
      </Extensions>
     </Trackpoint>
     <Trackpoint>
      <Time>2026-08-19T11:19:20Z</Time>
      <Position>
       <LatitudeDegrees>5.2337850</LatitudeDegrees>
       <LongitudeDegrees>100.4366440</LongitudeDegrees>
      </Position>
      <AltitudeMeters>5.5</AltitudeMeters>
      <DistanceMeters>350.9</DistanceMeters>
      <HeartRateBpm>
       <Value>151</Value>
      </HeartRateBpm>
      <Extensions>
       <TPX xmlns="http://www.garmin.com/xmlschemas/ActivityExtension/v2">
        <Speed>3.2</Speed>
       </TPX>
      </Extensions>
     </Trackpoint>
     <Trackpoint>
      <Time>2026-08-19T11:19:21Z</Time>
      <Position>
       <LatitudeDegrees>5.2337740</LatitudeDegrees>
       <LongitudeDegrees>100.4366160</LongitudeDegrees>
      </Position>
      <AltitudeMeters>5.5</AltitudeMeters>
      <DistanceMeters>354.2</DistanceMeters>
      <HeartRateBpm>
       <Value>151</Value>
      </HeartRateBpm>
      <Extensions>
       <TPX xmlns="http://www.garmin.com/xmlschemas/ActivityExtension/v2">
        <Speed>3.4</Speed>
       </TPX>
      </Extensions>
     </Trackpoint>
     <Trackpoint>
      <Time>2026-08-19T11:19:22Z</Time>
      <Position>
       <LatitudeDegrees>5.2337660</LatitudeDegrees>
       <LongitudeDegrees>100.4365860</LongitudeDegrees>
      </Position>
      <AltitudeMeters>5.5</AltitudeMeters>
      <DistanceMeters>357.7</DistanceMeters>
      <HeartRateBpm>
       <Value>152</Value>
      </HeartRateBpm>
      <Extensions>
       <TPX xmlns="http://www.garmin.com/xmlschemas/ActivityExtension/v2">
        <Speed>3.3</Speed>
       </TPX>
      </Extensions>
     </Trackpoint>
     <Trackpoint>
      <Time>2026-08-19T11:19:23Z</Time>
      <Position>
       <LatitudeDegrees>5.2337570</LatitudeDegrees>
       <LongitudeDegrees>100.4365570</LongitudeDegrees>
      </Position>
      <AltitudeMeters>5.5</AltitudeMeters>
      <DistanceMeters>361.1</DistanceMeters>
      <HeartRateBpm>
       <Value>152</Value>
      </HeartRateBpm>
      <Extensions>
       <TPX xmlns="http://www.garmin.com/xmlschemas/ActivityExtension/v2">
        <Speed>3.3</Speed>
       </TPX>
      </Extensions>
     </Trackpoint>
     <Trackpoint>
      <Time>2026-08-19T11:19:24Z</Time>
      <Position>
       <LatitudeDegrees>5.2337480</LatitudeDegrees>
       <LongitudeDegrees>100.4365290</LongitudeDegrees>
      </Position>
      <AltitudeMeters>5.5</AltitudeMeters>
      <DistanceMeters>364.3</DistanceMeters>
      <HeartRateBpm>
       <Value>152</Value>
      </HeartRateBpm>
      <Extensions>
       <TPX xmlns="http://www.garmin.com/xmlschemas/ActivityExtension/v2">
        <Speed>3.3</Speed>
       </TPX>
      </Extensions>
     </Trackpoint>
     <Trackpoint>
      <Time>2026-08-19T11:19:25Z</Time>
      <Position>
       <LatitudeDegrees>5.2337400</LatitudeDegrees>
       <LongitudeDegrees>100.4365030</LongitudeDegrees>
      </Position>
      <AltitudeMeters>5.5</AltitudeMeters>
      <DistanceMeters>367.3</DistanceMeters>
      <HeartRateBpm>
       <Value>152</Value>
      </HeartRateBpm>
      <Extensions>
       <TPX xmlns="http://www.garmin.com/xmlschemas/ActivityExtension/v2">
        <Speed>3.3</Speed>
       </TPX>
      </Extensions>
     </Trackpoint>
     <Trackpoint>
      <Time>2026-08-19T11:19:26Z</Time>
      <Position>
       <LatitudeDegrees>5.2337330</LatitudeDegrees>
       <LongitudeDegrees>100.4364770</LongitudeDegrees>
      </Position>
      <AltitudeMeters>5.5</AltitudeMeters>
      <DistanceMeters>370.3</DistanceMeters>
      <HeartRateBpm>
       <Value>152</Value>
      </HeartRateBpm>
      <Extensions>
       <TPX xmlns="http://www.garmin.com/xmlschemas/ActivityExtension/v2">
        <Speed>3.2</Speed>
       </TPX>
      </Extensions>
     </Trackpoint>
     <Trackpoint>
      <Time>2026-08-19T11:19:27Z</Time>
      <Position>
       <LatitudeDegrees>5.2337270</LatitudeDegrees>
       <LongitudeDegrees>100.4364510</LongitudeDegrees>
      </Position>
      <AltitudeMeters>5.5</AltitudeMeters>
      <DistanceMeters>373.3</DistanceMeters>
      <HeartRateBpm>
       <Value>152</Value>
      </HeartRateBpm>
      <Extensions>
       <TPX xmlns="http://www.garmin.com/xmlschemas/ActivityExtension/v2">
        <Speed>3.1</Speed>
       </TPX>
      </Extensions>
     </Trackpoint>
     <Trackpoint>
      <Time>2026-08-19T11:19:28Z</Time>
      <Position>
       <LatitudeDegrees>5.2337200</LatitudeDegrees>
       <LongitudeDegrees>100.4364240</LongitudeDegrees>
      </Position>
      <AltitudeMeters>5.5</AltitudeMeters>
      <DistanceMeters>376.3</DistanceMeters>
      <HeartRateBpm>
       <Value>152</Value>
      </HeartRateBpm>
      <Extensions>
       <TPX xmlns="http://www.garmin.com/xmlschemas/ActivityExtension/v2">
        <Speed>3.0</Speed>
       </TPX>
      </Extensions>
     </Trackpoint>
     <Trackpoint>
      <Time>2026-08-19T11:19:29Z</Time>
      <Position>
       <LatitudeDegrees>5.2337140</LatitudeDegrees>
       <LongitudeDegrees>100.4363970</LongitudeDegrees>
      </Position>
      <AltitudeMeters>5.5</AltitudeMeters>
      <DistanceMeters>379.4</DistanceMeters>
      <HeartRateBpm>
       <Value>152</Value>
      </HeartRateBpm>
      <Extensions>
       <TPX xmlns="http://www.garmin.com/xmlschemas/ActivityExtension/v2">
        <Speed>3.0</Speed>
       </TPX>
      </Extensions>
     </Trackpoint>
     <Trackpoint>
      <Time>2026-08-19T11:19:30Z</Time>
      <Position>
       <LatitudeDegrees>5.2337090</LatitudeDegrees>
       <LongitudeDegrees>100.4363690</LongitudeDegrees>
      </Position>
      <AltitudeMeters>5.5</AltitudeMeters>
      <DistanceMeters>382.5</DistanceMeters>
      <HeartRateBpm>
       <Value>153</Value>
      </HeartRateBpm>
      <Extensions>
       <TPX xmlns="http://www.garmin.com/xmlschemas/ActivityExtension/v2">
        <Speed>3.0</Speed>
       </TPX>
      </Extensions>
     </Trackpoint>
     <Trackpoint>
      <Time>2026-08-19T11:19:31Z</Time>
      <Position>
       <LatitudeDegrees>5.2337030</LatitudeDegrees>
       <LongitudeDegrees>100.4363440</LongitudeDegrees>
      </Position>
      <AltitudeMeters>5.5</AltitudeMeters>
      <DistanceMeters>385.4</DistanceMeters>
      <HeartRateBpm>
       <Value>153</Value>
      </HeartRateBpm>
      <Extensions>
       <TPX xmlns="http://www.garmin.com/xmlschemas/ActivityExtension/v2">
        <Speed>3.0</Speed>
       </TPX>
      </Extensions>
     </Trackpoint>
     <Trackpoint>
      <Time>2026-08-19T11:19:32Z</Time>
      <Position>
       <LatitudeDegrees>5.2336990</LatitudeDegrees>
       <LongitudeDegrees>100.4363200</LongitudeDegrees>
      </Position>
      <AltitudeMeters>5.5</AltitudeMeters>
      <DistanceMeters>388.1</DistanceMeters>
      <HeartRateBpm>
       <Value>152</Value>
      </HeartRateBpm>
      <Extensions>
       <TPX xmlns="http://www.garmin.com/xmlschemas/ActivityExtension/v2">
        <Speed>3.0</Speed>
       </TPX>
      </Extensions>
     </Trackpoint>
     <Trackpoint>
      <Time>2026-08-19T11:19:33Z</Time>
      <Position>
       <LatitudeDegrees>5.2336900</LatitudeDegrees>
       <LongitudeDegrees>100.4362920</LongitudeDegrees>
      </Position>
      <AltitudeMeters>5.5</AltitudeMeters>
      <DistanceMeters>391.3</DistanceMeters>
      <HeartRateBpm>
       <Value>152</Value>
      </HeartRateBpm>
      <Extensions>
       <TPX xmlns="http://www.garmin.com/xmlschemas/ActivityExtension/v2">
        <Speed>3.0</Speed>
       </TPX>
      </Extensions>
     </Trackpoint>
     <Trackpoint>
      <Time>2026-08-19T11:19:34Z</Time>
      <Position>
       <LatitudeDegrees>5.2336820</LatitudeDegrees>
       <LongitudeDegrees>100.4362660</LongitudeDegrees>
      </Position>
      <AltitudeMeters>5.5</AltitudeMeters>
      <DistanceMeters>394.4</DistanceMeters>
      <HeartRateBpm>
       <Value>152</Value>
      </HeartRateBpm>
      <Extensions>
       <TPX xmlns="http://www.garmin.com/xmlschemas/ActivityExtension/v2">
        <Speed>3.0</Speed>
       </TPX>
      </Extensions>
     </Trackpoint>
     <Trackpoint>
      <Time>2026-08-19T11:19:35Z</Time>
      <Position>
       <LatitudeDegrees>5.2336730</LatitudeDegrees>
       <LongitudeDegrees>100.4362410</LongitudeDegrees>
      </Position>
      <AltitudeMeters>5.5</AltitudeMeters>
      <DistanceMeters>397.3</DistanceMeters>
      <HeartRateBpm>
       <Value>152</Value>
      </HeartRateBpm>
      <Extensions>
       <TPX xmlns="http://www.garmin.com/xmlschemas/ActivityExtension/v2">
        <Speed>3.0</Speed>
       </TPX>
      </Extensions>
     </Trackpoint>
     <Trackpoint>
      <Time>2026-08-19T11:19:36Z</Time>
      <Position>
       <LatitudeDegrees>5.2336600</LatitudeDegrees>
       <LongitudeDegrees>100.4362150</LongitudeDegrees>
      </Position>
      <AltitudeMeters>5.5</AltitudeMeters>
      <DistanceMeters>400.5</DistanceMeters>
      <HeartRateBpm>
       <Value>152</Value>
      </HeartRateBpm>
      <Extensions>
       <TPX xmlns="http://www.garmin.com/xmlschemas/ActivityExtension/v2">
        <Speed>3.0</Speed>
       </TPX>
      </Extensions>
     </Trackpoint>
     <Trackpoint>
      <Time>2026-08-19T11:19:37Z</Time>
      <Position>
       <LatitudeDegrees>5.2336470</LatitudeDegrees>
       <LongitudeDegrees>100.4361880</LongitudeDegrees>
      </Position>
      <AltitudeMeters>5.5</AltitudeMeters>
      <DistanceMeters>403.8</DistanceMeters>
      <HeartRateBpm>
       <Value>153</Value>
      </HeartRateBpm>
      <Extensions>
       <TPX xmlns="http://www.garmin.com/xmlschemas/ActivityExtension/v2">
        <Speed>3.1</Speed>
       </TPX>
      </Extensions>
     </Trackpoint>
     <Trackpoint>
      <Time>2026-08-19T11:19:38Z</Time>
      <Position>
       <LatitudeDegrees>5.2336430</LatitudeDegrees>
       <LongitudeDegrees>100.4361610</LongitudeDegrees>
      </Position>
      <AltitudeMeters>5.5</AltitudeMeters>
      <DistanceMeters>406.9</DistanceMeters>
      <HeartRateBpm>
       <Value>153</Value>
      </HeartRateBpm>
      <Extensions>
       <TPX xmlns="http://www.garmin.com/xmlschemas/ActivityExtension/v2">
        <Speed>3.1</Speed>
       </TPX>
      </Extensions>
     </Trackpoint>
     <Trackpoint>
      <Time>2026-08-19T11:19:39Z</Time>
      <Position>
       <LatitudeDegrees>5.2336370</LatitudeDegrees>
       <LongitudeDegrees>100.4361350</LongitudeDegrees>
      </Position>
      <AltitudeMeters>5.5</AltitudeMeters>
      <DistanceMeters>409.8</DistanceMeters>
      <HeartRateBpm>
       <Value>153</Value>
      </HeartRateBpm>
      <Extensions>
       <TPX xmlns="http://www.garmin.com/xmlschemas/ActivityExtension/v2">
        <Speed>3.1</Speed>
       </TPX>
      </Extensions>
     </Trackpoint>
     <Trackpoint>
      <Time>2026-08-19T11:19:40Z</Time>
      <Position>
       <LatitudeDegrees>5.2336370</LatitudeDegrees>
       <LongitudeDegrees>100.4361020</LongitudeDegrees>
      </Position>
      <AltitudeMeters>5.5</AltitudeMeters>
      <DistanceMeters>413.4</DistanceMeters>
      <HeartRateBpm>
       <Value>154</Value>
      </HeartRateBpm>
      <Extensions>
       <TPX xmlns="http://www.garmin.com/xmlschemas/ActivityExtension/v2">
        <Speed>3.2</Speed>
       </TPX>
      </Extensions>
     </Trackpoint>
     <Trackpoint>
      <Time>2026-08-19T11:19:41Z</Time>
      <Position>
       <LatitudeDegrees>5.2336330</LatitudeDegrees>
       <LongitudeDegrees>100.4360760</LongitudeDegrees>
      </Position>
      <AltitudeMeters>5.5</AltitudeMeters>
      <DistanceMeters>416.3</DistanceMeters>
      <HeartRateBpm>
       <Value>154</Value>
      </HeartRateBpm>
      <Extensions>
       <TPX xmlns="http://www.garmin.com/xmlschemas/ActivityExtension/v2">
        <Speed>3.2</Speed>
       </TPX>
      </Extensions>
     </Trackpoint>
     <Trackpoint>
      <Time>2026-08-19T11:19:42Z</Time>
      <Position>
       <LatitudeDegrees>5.2336360</LatitudeDegrees>
       <LongitudeDegrees>100.4360460</LongitudeDegrees>
      </Position>
      <AltitudeMeters>5.5</AltitudeMeters>
      <DistanceMeters>419.6</DistanceMeters>
      <HeartRateBpm>
       <Value>154</Value>
      </HeartRateBpm>
      <Extensions>
       <TPX xmlns="http://www.garmin.com/xmlschemas/ActivityExtension/v2">
        <Speed>3.2</Speed>
       </TPX>
      </Extensions>
     </Trackpoint>
     <Trackpoint>
      <Time>2026-08-19T11:19:43Z</Time>
      <Position>
       <LatitudeDegrees>5.2336360</LatitudeDegrees>
       <LongitudeDegrees>100.4360180</LongitudeDegrees>
      </Position>
      <AltitudeMeters>5.5</AltitudeMeters>
      <DistanceMeters>422.8</DistanceMeters>
      <HeartRateBpm>
       <Value>153</Value>
      </HeartRateBpm>
      <Extensions>
       <TPX xmlns="http://www.garmin.com/xmlschemas/ActivityExtension/v2">
        <Speed>3.2</Speed>
       </TPX>
      </Extensions>
     </Trackpoint>
     <Trackpoint>
      <Time>2026-08-19T11:19:44Z</Time>
      <Position>
       <LatitudeDegrees>5.2336320</LatitudeDegrees>
       <LongitudeDegrees>100.4359910</LongitudeDegrees>
      </Position>
      <AltitudeMeters>5.5</AltitudeMeters>
      <DistanceMeters>425.8</DistanceMeters>
      <HeartRateBpm>
       <Value>154</Value>
      </HeartRateBpm>
      <Extensions>
       <TPX xmlns="http://www.garmin.com/xmlschemas/ActivityExtension/v2">
        <Speed>3.2</Speed>
       </TPX>
      </Extensions>
     </Trackpoint>
     <Trackpoint>
      <Time>2026-08-19T11:19:45Z</Time>
      <Position>
       <LatitudeDegrees>5.2336220</LatitudeDegrees>
       <LongitudeDegrees>100.4359650</LongitudeDegrees>
      </Position>
      <AltitudeMeters>5.5</AltitudeMeters>
      <DistanceMeters>428.9</DistanceMeters>
      <HeartRateBpm>
       <Value>154</Value>
      </HeartRateBpm>
      <Extensions>
       <TPX xmlns="http://www.garmin.com/xmlschemas/ActivityExtension/v2">
        <Speed>3.1</Speed>
       </TPX>
      </Extensions>
     </Trackpoint>
     <Trackpoint>
      <Time>2026-08-19T11:19:46Z</Time>
      <Position>
       <LatitudeDegrees>5.2336140</LatitudeDegrees>
       <LongitudeDegrees>100.4359410</LongitudeDegrees>
      </Position>
      <AltitudeMeters>5.5</AltitudeMeters>
      <DistanceMeters>431.7</DistanceMeters>
      <HeartRateBpm>
       <Value>154</Value>
      </HeartRateBpm>
      <Extensions>
       <TPX xmlns="http://www.garmin.com/xmlschemas/ActivityExtension/v2">
        <Speed>3.1</Speed>
       </TPX>
      </Extensions>
     </Trackpoint>
     <Trackpoint>
      <Time>2026-08-19T11:19:47Z</Time>
      <Position>
       <LatitudeDegrees>5.2335990</LatitudeDegrees>
       <LongitudeDegrees>100.4359110</LongitudeDegrees>
      </Position>
      <AltitudeMeters>5.5</AltitudeMeters>
      <DistanceMeters>435.3</DistanceMeters>
      <HeartRateBpm>
       <Value>154</Value>
      </HeartRateBpm>
      <Extensions>
       <TPX xmlns="http://www.garmin.com/xmlschemas/ActivityExtension/v2">
        <Speed>3.1</Speed>
       </TPX>
      </Extensions>
     </Trackpoint>
     <Trackpoint>
      <Time>2026-08-19T11:19:48Z</Time>
      <Position>
       <LatitudeDegrees>5.2335900</LatitudeDegrees>
       <LongitudeDegrees>100.4358840</LongitudeDegrees>
      </Position>
      <AltitudeMeters>5.5</AltitudeMeters>
      <DistanceMeters>438.5</DistanceMeters>
      <HeartRateBpm>
       <Value>155</Value>
      </HeartRateBpm>
      <Extensions>
       <TPX xmlns="http://www.garmin.com/xmlschemas/ActivityExtension/v2">
        <Speed>3.1</Speed>
       </TPX>
      </Extensions>
     </Trackpoint>
     <Trackpoint>
      <Time>2026-08-19T11:19:49Z</Time>
      <Position>
       <LatitudeDegrees>5.2335840</LatitudeDegrees>
       <LongitudeDegrees>100.4358540</LongitudeDegrees>
      </Position>
      <AltitudeMeters>5.5</AltitudeMeters>
      <DistanceMeters>441.9</DistanceMeters>
      <HeartRateBpm>
       <Value>154</Value>
      </HeartRateBpm>
      <Extensions>
       <TPX xmlns="http://www.garmin.com/xmlschemas/ActivityExtension/v2">
        <Speed>3.2</Speed>
       </TPX>
      </Extensions>
     </Trackpoint>
     <Trackpoint>
      <Time>2026-08-19T11:19:50Z</Time>
      <Position>
       <LatitudeDegrees>5.2335790</LatitudeDegrees>
       <LongitudeDegrees>100.4358270</LongitudeDegrees>
      </Position>
      <AltitudeMeters>5.5</AltitudeMeters>
      <DistanceMeters>445.0</DistanceMeters>
      <HeartRateBpm>
       <Value>154</Value>
      </HeartRateBpm>
      <Extensions>
       <TPX xmlns="http://www.garmin.com/xmlschemas/ActivityExtension/v2">
        <Speed>3.2</Speed>
       </TPX>
      </Extensions>
     </Trackpoint>
     <Trackpoint>
      <Time>2026-08-19T11:19:51Z</Time>
      <Position>
       <LatitudeDegrees>5.2335730</LatitudeDegrees>
       <LongitudeDegrees>100.4357960</LongitudeDegrees>
      </Position>
      <AltitudeMeters>5.5</AltitudeMeters>
      <DistanceMeters>448.5</DistanceMeters>
      <HeartRateBpm>
       <Value>154</Value>
      </HeartRateBpm>
      <Extensions>
       <TPX xmlns="http://www.garmin.com/xmlschemas/ActivityExtension/v2">
        <Speed>3.4</Speed>
       </TPX>
      </Extensions>
     </Trackpoint>
     <Trackpoint>
      <Time>2026-08-19T11:19:52Z</Time>
      <Position>
       <LatitudeDegrees>5.2335650</LatitudeDegrees>
       <LongitudeDegrees>100.4357690</LongitudeDegrees>
      </Position>
      <AltitudeMeters>5.5</AltitudeMeters>
      <DistanceMeters>451.6</DistanceMeters>
      <HeartRateBpm>
       <Value>155</Value>
      </HeartRateBpm>
      <Extensions>
       <TPX xmlns="http://www.garmin.com/xmlschemas/ActivityExtension/v2">
        <Speed>3.3</Speed>
       </TPX>
      </Extensions>
     </Trackpoint>
     <Trackpoint>
      <Time>2026-08-19T11:19:53Z</Time>
      <Position>
       <LatitudeDegrees>5.2335580</LatitudeDegrees>
       <LongitudeDegrees>100.4357420</LongitudeDegrees>
      </Position>
      <AltitudeMeters>5.5</AltitudeMeters>
      <DistanceMeters>454.7</DistanceMeters>
      <HeartRateBpm>
       <Value>154</Value>
      </HeartRateBpm>
      <Extensions>
       <TPX xmlns="http://www.garmin.com/xmlschemas/ActivityExtension/v2">
        <Speed>3.2</Speed>
       </TPX>
      </Extensions>
     </Trackpoint>
     <Trackpoint>
      <Time>2026-08-19T11:19:54Z</Time>
      <Position>
       <LatitudeDegrees>5.2335510</LatitudeDegrees>
       <LongitudeDegrees>100.4357070</LongitudeDegrees>
      </Position>
      <AltitudeMeters>5.6</AltitudeMeters>
      <DistanceMeters>458.7</DistanceMeters>
      <HeartRateBpm>
       <Value>153</Value>
      </HeartRateBpm>
      <Extensions>
       <TPX xmlns="http://www.garmin.com/xmlschemas/ActivityExtension/v2">
        <Speed>3.4</Speed>
       </TPX>
      </Extensions>
     </Trackpoint>
     <Trackpoint>
      <Time>2026-08-19T11:19:55Z</Time>
      <Position>
       <LatitudeDegrees>5.2335450</LatitudeDegrees>
       <LongitudeDegrees>100.4356770</LongitudeDegrees>
      </Position>
      <AltitudeMeters>5.6</AltitudeMeters>
      <DistanceMeters>462.0</DistanceMeters>
      <HeartRateBpm>
       <Value>153</Value>
      </HeartRateBpm>
      <Extensions>
       <TPX xmlns="http://www.garmin.com/xmlschemas/ActivityExtension/v2">
        <Speed>3.4</Speed>
       </TPX>
      </Extensions>
     </Trackpoint>
     <Trackpoint>
      <Time>2026-08-19T11:19:56Z</Time>
      <Position>
       <LatitudeDegrees>5.2335380</LatitudeDegrees>
       <LongitudeDegrees>100.4356500</LongitudeDegrees>
      </Position>
      <AltitudeMeters>5.6</AltitudeMeters>
      <DistanceMeters>465.1</DistanceMeters>
      <HeartRateBpm>
       <Value>153</Value>
      </HeartRateBpm>
      <Extensions>
       <TPX xmlns="http://www.garmin.com/xmlschemas/ActivityExtension/v2">
        <Speed>3.3</Speed>
       </TPX>
      </Extensions>
     </Trackpoint>
     <Trackpoint>
      <Time>2026-08-19T11:19:57Z</Time>
      <Position>
       <LatitudeDegrees>5.2335320</LatitudeDegrees>
       <LongitudeDegrees>100.4356210</LongitudeDegrees>
      </Position>
      <AltitudeMeters>5.6</AltitudeMeters>
      <DistanceMeters>468.4</DistanceMeters>
      <HeartRateBpm>
       <Value>153</Value>
      </HeartRateBpm>
      <Extensions>
       <TPX xmlns="http://www.garmin.com/xmlschemas/ActivityExtension/v2">
        <Speed>3.4</Speed>
       </TPX>
      </Extensions>
     </Trackpoint>
     <Trackpoint>
      <Time>2026-08-19T11:19:58Z</Time>
      <Position>
       <LatitudeDegrees>5.2335250</LatitudeDegrees>
       <LongitudeDegrees>100.4355920</LongitudeDegrees>
      </Position>
      <AltitudeMeters>5.6</AltitudeMeters>
      <DistanceMeters>471.7</DistanceMeters>
      <HeartRateBpm>
       <Value>153</Value>
      </HeartRateBpm>
      <Extensions>
       <TPX xmlns="http://www.garmin.com/xmlschemas/ActivityExtension/v2">
        <Speed>3.4</Speed>
       </TPX>
      </Extensions>
     </Trackpoint>
     <Trackpoint>
      <Time>2026-08-19T11:19:59Z</Time>
      <Position>
       <LatitudeDegrees>5.2335160</LatitudeDegrees>
       <LongitudeDegrees>100.4355650</LongitudeDegrees>
      </Position>
      <AltitudeMeters>5.6</AltitudeMeters>
      <DistanceMeters>474.9</DistanceMeters>
      <HeartRateBpm>
       <Value>153</Value>
      </HeartRateBpm>
      <Extensions>
       <TPX xmlns="http://www.garmin.com/xmlschemas/ActivityExtension/v2">
        <Speed>3.2</Speed>
       </TPX>
      </Extensions>
     </Trackpoint>
     <Trackpoint>
      <Time>2026-08-19T11:20:00Z</Time>
      <Position>
       <LatitudeDegrees>5.2335090</LatitudeDegrees>
       <LongitudeDegrees>100.4355370</LongitudeDegrees>
      </Position>
      <AltitudeMeters>5.6</AltitudeMeters>
      <DistanceMeters>478.0</DistanceMeters>
      <HeartRateBpm>
       <Value>154</Value>
      </HeartRateBpm>
      <Extensions>
       <TPX xmlns="http://www.garmin.com/xmlschemas/ActivityExtension/v2">
        <Speed>3.2</Speed>
       </TPX>
      </Extensions>
     </Trackpoint>
     <Trackpoint>
      <Time>2026-08-19T11:20:01Z</Time>
      <Position>
       <LatitudeDegrees>5.2335030</LatitudeDegrees>
       <LongitudeDegrees>100.4355110</LongitudeDegrees>
      </Position>
      <AltitudeMeters>5.6</AltitudeMeters>
      <DistanceMeters>481.0</DistanceMeters>
      <HeartRateBpm>
       <Value>154</Value>
      </HeartRateBpm>
      <Extensions>
       <TPX xmlns="http://www.garmin.com/xmlschemas/ActivityExtension/v2">
        <Speed>3.2</Speed>
       </TPX>
      </Extensions>
     </Trackpoint>
     <Trackpoint>
      <Time>2026-08-19T11:20:02Z</Time>
      <Position>
       <LatitudeDegrees>5.2334980</LatitudeDegrees>
       <LongitudeDegrees>100.4354850</LongitudeDegrees>
      </Position>
      <AltitudeMeters>5.6</AltitudeMeters>
      <DistanceMeters>484.0</DistanceMeters>
      <HeartRateBpm>
       <Value>154</Value>
      </HeartRateBpm>
      <Extensions>
       <TPX xmlns="http://www.garmin.com/xmlschemas/ActivityExtension/v2">
        <Speed>3.1</Speed>
       </TPX>
      </Extensions>
     </Trackpoint>
     <Trackpoint>
      <Time>2026-08-19T11:20:03Z</Time>
      <Position>
       <LatitudeDegrees>5.2334920</LatitudeDegrees>
       <LongitudeDegrees>100.4354570</LongitudeDegrees>
      </Position>
      <AltitudeMeters>5.6</AltitudeMeters>
      <DistanceMeters>487.1</DistanceMeters>
      <HeartRateBpm>
       <Value>154</Value>
      </HeartRateBpm>
      <Extensions>
       <TPX xmlns="http://www.garmin.com/xmlschemas/ActivityExtension/v2">
        <Speed>3.1</Speed>
       </TPX>
      </Extensions>
     </Trackpoint>
     <Trackpoint>
      <Time>2026-08-19T11:20:04Z</Time>
      <Position>
       <LatitudeDegrees>5.2334860</LatitudeDegrees>
       <LongitudeDegrees>100.4354290</LongitudeDegrees>
      </Position>
      <AltitudeMeters>5.6</AltitudeMeters>
      <DistanceMeters>490.3</DistanceMeters>
      <HeartRateBpm>
       <Value>153</Value>
      </HeartRateBpm>
      <Extensions>
       <TPX xmlns="http://www.garmin.com/xmlschemas/ActivityExtension/v2">
        <Speed>3.1</Speed>
       </TPX>
      </Extensions>
     </Trackpoint>
     <Trackpoint>
      <Time>2026-08-19T11:20:05Z</Time>
      <Position>
       <LatitudeDegrees>5.2334790</LatitudeDegrees>
       <LongitudeDegrees>100.4354000</LongitudeDegrees>
      </Position>
      <AltitudeMeters>5.6</AltitudeMeters>
      <DistanceMeters>493.6</DistanceMeters>
      <HeartRateBpm>
       <Value>153</Value>
      </HeartRateBpm>
      <Extensions>
       <TPX xmlns="http://www.garmin.com/xmlschemas/ActivityExtension/v2">
        <Speed>3.1</Speed>
       </TPX>
      </Extensions>
     </Trackpoint>
     <Trackpoint>
      <Time>2026-08-19T11:20:06Z</Time>
      <Position>
       <LatitudeDegrees>5.2334720</LatitudeDegrees>
       <LongitudeDegrees>100.4353720</LongitudeDegrees>
      </Position>
      <AltitudeMeters>5.6</AltitudeMeters>
      <DistanceMeters>496.8</DistanceMeters>
      <HeartRateBpm>
       <Value>153</Value>
      </HeartRateBpm>
      <Extensions>
       <TPX xmlns="http://www.garmin.com/xmlschemas/ActivityExtension/v2">
        <Speed>3.2</Speed>
       </TPX>
      </Extensions>
     </Trackpoint>
     <Trackpoint>
      <Time>2026-08-19T11:20:07Z</Time>
      <Position>
       <LatitudeDegrees>5.2334640</LatitudeDegrees>
       <LongitudeDegrees>100.4353460</LongitudeDegrees>
      </Position>
      <AltitudeMeters>5.6</AltitudeMeters>
      <DistanceMeters>499.8</DistanceMeters>
      <HeartRateBpm>
       <Value>153</Value>
      </HeartRateBpm>
      <Extensions>
       <TPX xmlns="http://www.garmin.com/xmlschemas/ActivityExtension/v2">
        <Speed>3.2</Speed>
       </TPX>
      </Extensions>
     </Trackpoint>
     <Trackpoint>
      <Time>2026-08-19T11:20:08Z</Time>
      <Position>
       <LatitudeDegrees>5.2334550</LatitudeDegrees>
       <LongitudeDegrees>100.4353150</LongitudeDegrees>
      </Position>
      <AltitudeMeters>5.6</AltitudeMeters>
      <DistanceMeters>503.3</DistanceMeters>
      <HeartRateBpm>
       <Value>153</Value>
      </HeartRateBpm>
      <Extensions>
       <TPX xmlns="http://www.garmin.com/xmlschemas/ActivityExtension/v2">
        <Speed>3.2</Speed>
       </TPX>
      </Extensions>
     </Trackpoint>
     <Trackpoint>
      <Time>2026-08-19T11:20:09Z</Time>
      <Position>
       <LatitudeDegrees>5.2334480</LatitudeDegrees>
       <LongitudeDegrees>100.4352880</LongitudeDegrees>
      </Position>
      <AltitudeMeters>5.6</AltitudeMeters>
      <DistanceMeters>506.4</DistanceMeters>
      <HeartRateBpm>
       <Value>153</Value>
      </HeartRateBpm>
      <Extensions>
       <TPX xmlns="http://www.garmin.com/xmlschemas/ActivityExtension/v2">
        <Speed>3.2</Speed>
       </TPX>
      </Extensions>
     </Trackpoint>
     <Trackpoint>
      <Time>2026-08-19T11:20:10Z</Time>
      <Position>
       <LatitudeDegrees>5.2334450</LatitudeDegrees>
       <LongitudeDegrees>100.4352610</LongitudeDegrees>
      </Position>
      <AltitudeMeters>5.6</AltitudeMeters>
      <DistanceMeters>509.5</DistanceMeters>
      <HeartRateBpm>
       <Value>153</Value>
      </HeartRateBpm>
      <Extensions>
       <TPX xmlns="http://www.garmin.com/xmlschemas/ActivityExtension/v2">
        <Speed>3.2</Speed>
       </TPX>
      </Extensions>
     </Trackpoint>
     <Trackpoint>
      <Time>2026-08-19T11:20:11Z</Time>
      <Position>
       <LatitudeDegrees>5.2334400</LatitudeDegrees>
       <LongitudeDegrees>100.4352360</LongitudeDegrees>
      </Position>
      <AltitudeMeters>5.6</AltitudeMeters>
      <DistanceMeters>512.3</DistanceMeters>
      <HeartRateBpm>
       <Value>153</Value>
      </HeartRateBpm>
      <Extensions>
       <TPX xmlns="http://www.garmin.com/xmlschemas/ActivityExtension/v2">
        <Speed>3.1</Speed>
       </TPX>
      </Extensions>
     </Trackpoint>
     <Trackpoint>
      <Time>2026-08-19T11:20:12Z</Time>
      <Position>
       <LatitudeDegrees>5.2334380</LatitudeDegrees>
       <LongitudeDegrees>100.4352110</LongitudeDegrees>
      </Position>
      <AltitudeMeters>5.6</AltitudeMeters>
      <DistanceMeters>515.0</DistanceMeters>
      <HeartRateBpm>
       <Value>154</Value>
      </HeartRateBpm>
      <Extensions>
       <TPX xmlns="http://www.garmin.com/xmlschemas/ActivityExtension/v2">
        <Speed>3.0</Speed>
       </TPX>
      </Extensions>
     </Trackpoint>
     <Trackpoint>
      <Time>2026-08-19T11:20:13Z</Time>
      <Position>
       <LatitudeDegrees>5.2334230</LatitudeDegrees>
       <LongitudeDegrees>100.4351820</LongitudeDegrees>
      </Position>
      <AltitudeMeters>5.6</AltitudeMeters>
      <DistanceMeters>518.6</DistanceMeters>
      <HeartRateBpm>
       <Value>154</Value>
      </HeartRateBpm>
      <Extensions>
       <TPX xmlns="http://www.garmin.com/xmlschemas/ActivityExtension/v2">
        <Speed>3.1</Speed>
       </TPX>
      </Extensions>
     </Trackpoint>
     <Trackpoint>
      <Time>2026-08-19T11:20:14Z</Time>
      <Position>
       <LatitudeDegrees>5.2334150</LatitudeDegrees>
       <LongitudeDegrees>100.4351560</LongitudeDegrees>
      </Position>
      <AltitudeMeters>5.6</AltitudeMeters>
      <DistanceMeters>521.7</DistanceMeters>
      <HeartRateBpm>
       <Value>154</Value>
      </HeartRateBpm>
      <Extensions>
       <TPX xmlns="http://www.garmin.com/xmlschemas/ActivityExtension/v2">
        <Speed>3.1</Speed>
       </TPX>
      </Extensions>
     </Trackpoint>
     <Trackpoint>
      <Time>2026-08-19T11:20:15Z</Time>
      <Position>
       <LatitudeDegrees>5.2334060</LatitudeDegrees>
       <LongitudeDegrees>100.4351290</LongitudeDegrees>
      </Position>
      <AltitudeMeters>5.6</AltitudeMeters>
      <DistanceMeters>524.8</DistanceMeters>
      <HeartRateBpm>
       <Value>153</Value>
      </HeartRateBpm>
      <Extensions>
       <TPX xmlns="http://www.garmin.com/xmlschemas/ActivityExtension/v2">
        <Speed>3.1</Speed>
       </TPX>
      </Extensions>
     </Trackpoint>
     <Trackpoint>
      <Time>2026-08-19T11:20:16Z</Time>
      <Position>
       <LatitudeDegrees>5.2333960</LatitudeDegrees>
       <LongitudeDegrees>100.4351030</LongitudeDegrees>
      </Position>
      <AltitudeMeters>5.6</AltitudeMeters>
      <DistanceMeters>527.9</DistanceMeters>
      <HeartRateBpm>
       <Value>153</Value>
      </HeartRateBpm>
      <Extensions>
       <TPX xmlns="http://www.garmin.com/xmlschemas/ActivityExtension/v2">
        <Speed>3.1</Speed>
       </TPX>
      </Extensions>
     </Trackpoint>
     <Trackpoint>
      <Time>2026-08-19T11:20:17Z</Time>
      <Position>
       <LatitudeDegrees>5.2333830</LatitudeDegrees>
       <LongitudeDegrees>100.4350790</LongitudeDegrees>
      </Position>
      <AltitudeMeters>5.6</AltitudeMeters>
      <DistanceMeters>531.0</DistanceMeters>
      <HeartRateBpm>
       <Value>153</Value>
      </HeartRateBpm>
      <Extensions>
       <TPX xmlns="http://www.garmin.com/xmlschemas/ActivityExtension/v2">
        <Speed>3.2</Speed>
       </TPX>
      </Extensions>
     </Trackpoint>
     <Trackpoint>
      <Time>2026-08-19T11:20:18Z</Time>
      <Position>
       <LatitudeDegrees>5.2333690</LatitudeDegrees>
       <LongitudeDegrees>100.4350560</LongitudeDegrees>
      </Position>
      <AltitudeMeters>5.6</AltitudeMeters>
      <DistanceMeters>534.0</DistanceMeters>
      <HeartRateBpm>
       <Value>153</Value>
      </HeartRateBpm>
      <Extensions>
       <TPX xmlns="http://www.garmin.com/xmlschemas/ActivityExtension/v2">
        <Speed>3.1</Speed>
       </TPX>
      </Extensions>
     </Trackpoint>
     <Trackpoint>
      <Time>2026-08-19T11:20:19Z</Time>
      <Position>
       <LatitudeDegrees>5.2333580</LatitudeDegrees>
       <LongitudeDegrees>100.4350290</LongitudeDegrees>
      </Position>
      <AltitudeMeters>5.6</AltitudeMeters>
      <DistanceMeters>537.2</DistanceMeters>
      <HeartRateBpm>
       <Value>154</Value>
      </HeartRateBpm>
      <Extensions>
       <TPX xmlns="http://www.garmin.com/xmlschemas/ActivityExtension/v2">
        <Speed>3.1</Speed>
       </TPX>
      </Extensions>
     </Trackpoint>
     <Trackpoint>
      <Time>2026-08-19T11:20:20Z</Time>
      <Position>
       <LatitudeDegrees>5.2333540</LatitudeDegrees>
       <LongitudeDegrees>100.4350000</LongitudeDegrees>
      </Position>
      <AltitudeMeters>5.6</AltitudeMeters>
      <DistanceMeters>540.3</DistanceMeters>
      <HeartRateBpm>
       <Value>153</Value>
      </HeartRateBpm>
      <Extensions>
       <TPX xmlns="http://www.garmin.com/xmlschemas/ActivityExtension/v2">
        <Speed>3.1</Speed>
       </TPX>
      </Extensions>
     </Trackpoint>
     <Trackpoint>
      <Time>2026-08-19T11:20:21Z</Time>
      <Position>
       <LatitudeDegrees>5.2333510</LatitudeDegrees>
       <LongitudeDegrees>100.4349730</LongitudeDegrees>
      </Position>
      <AltitudeMeters>5.6</AltitudeMeters>
      <DistanceMeters>543.3</DistanceMeters>
      <HeartRateBpm>
       <Value>153</Value>
      </HeartRateBpm>
      <Extensions>
       <TPX xmlns="http://www.garmin.com/xmlschemas/ActivityExtension/v2">
        <Speed>3.1</Speed>
       </TPX>
      </Extensions>
     </Trackpoint>
     <Trackpoint>
      <Time>2026-08-19T11:20:22Z</Time>
      <Position>
       <LatitudeDegrees>5.2333590</LatitudeDegrees>
       <LongitudeDegrees>100.4349470</LongitudeDegrees>
      </Position>
      <AltitudeMeters>5.6</AltitudeMeters>
      <DistanceMeters>546.4</DistanceMeters>
      <HeartRateBpm>
       <Value>154</Value>
      </HeartRateBpm>
      <Extensions>
       <TPX xmlns="http://www.garmin.com/xmlschemas/ActivityExtension/v2">
        <Speed>3.1</Speed>
       </TPX>
      </Extensions>
     </Trackpoint>
     <Trackpoint>
      <Time>2026-08-19T11:20:23Z</Time>
      <Position>
       <LatitudeDegrees>5.2333640</LatitudeDegrees>
       <LongitudeDegrees>100.4349200</LongitudeDegrees>
      </Position>
      <AltitudeMeters>5.6</AltitudeMeters>
      <DistanceMeters>549.4</DistanceMeters>
      <HeartRateBpm>
       <Value>155</Value>
      </HeartRateBpm>
      <Extensions>
       <TPX xmlns="http://www.garmin.com/xmlschemas/ActivityExtension/v2">
        <Speed>3.1</Speed>
       </TPX>
      </Extensions>
     </Trackpoint>
     <Trackpoint>
      <Time>2026-08-19T11:20:24Z</Time>
      <Position>
       <LatitudeDegrees>5.2333790</LatitudeDegrees>
       <LongitudeDegrees>100.4348920</LongitudeDegrees>
      </Position>
      <AltitudeMeters>5.6</AltitudeMeters>
      <DistanceMeters>552.8</DistanceMeters>
      <HeartRateBpm>
       <Value>155</Value>
      </HeartRateBpm>
      <Extensions>
       <TPX xmlns="http://www.garmin.com/xmlschemas/ActivityExtension/v2">
        <Speed>3.1</Speed>
       </TPX>
      </Extensions>
     </Trackpoint>
     <Trackpoint>
      <Time>2026-08-19T11:20:25Z</Time>
      <Position>
       <LatitudeDegrees>5.2333930</LatitudeDegrees>
       <LongitudeDegrees>100.4348660</LongitudeDegrees>
      </Position>
      <AltitudeMeters>5.6</AltitudeMeters>
      <DistanceMeters>556.2</DistanceMeters>
      <HeartRateBpm>
       <Value>155</Value>
      </HeartRateBpm>
      <Extensions>
       <TPX xmlns="http://www.garmin.com/xmlschemas/ActivityExtension/v2">
        <Speed>3.2</Speed>
       </TPX>
      </Extensions>
     </Trackpoint>
     <Trackpoint>
      <Time>2026-08-19T11:20:26Z</Time>
      <Position>
       <LatitudeDegrees>5.2334070</LatitudeDegrees>
       <LongitudeDegrees>100.4348380</LongitudeDegrees>
      </Position>
      <AltitudeMeters>5.6</AltitudeMeters>
      <DistanceMeters>559.6</DistanceMeters>
      <HeartRateBpm>
       <Value>155</Value>
      </HeartRateBpm>
      <Extensions>
       <TPX xmlns="http://www.garmin.com/xmlschemas/ActivityExtension/v2">
        <Speed>3.3</Speed>
       </TPX>
      </Extensions>
     </Trackpoint>
     <Trackpoint>
      <Time>2026-08-19T11:20:27Z</Time>
      <Position>
       <LatitudeDegrees>5.2334200</LatitudeDegrees>
       <LongitudeDegrees>100.4348120</LongitudeDegrees>
      </Position>
      <AltitudeMeters>5.6</AltitudeMeters>
      <DistanceMeters>562.8</DistanceMeters>
      <HeartRateBpm>
       <Value>155</Value>
      </HeartRateBpm>
      <Extensions>
       <TPX xmlns="http://www.garmin.com/xmlschemas/ActivityExtension/v2">
        <Speed>3.3</Speed>
       </TPX>
      </Extensions>
     </Trackpoint>
     <Trackpoint>
      <Time>2026-08-19T11:20:28Z</Time>
      <Position>
       <LatitudeDegrees>5.2334340</LatitudeDegrees>
       <LongitudeDegrees>100.4347890</LongitudeDegrees>
      </Position>
      <AltitudeMeters>5.7</AltitudeMeters>
      <DistanceMeters>565.8</DistanceMeters>
      <HeartRateBpm>
       <Value>155</Value>
      </HeartRateBpm>
      <Extensions>
       <TPX xmlns="http://www.garmin.com/xmlschemas/ActivityExtension/v2">
        <Speed>3.3</Speed>
       </TPX>
      </Extensions>
     </Trackpoint>
     <Trackpoint>
      <Time>2026-08-19T11:20:29Z</Time>
      <Position>
       <LatitudeDegrees>5.2334510</LatitudeDegrees>
       <LongitudeDegrees>100.4347640</LongitudeDegrees>
      </Position>
      <AltitudeMeters>5.7</AltitudeMeters>
      <DistanceMeters>569.2</DistanceMeters>
      <HeartRateBpm>
       <Value>155</Value>
      </HeartRateBpm>
      <Extensions>
       <TPX xmlns="http://www.garmin.com/xmlschemas/ActivityExtension/v2">
        <Speed>3.3</Speed>
       </TPX>
      </Extensions>
     </Trackpoint>
     <Trackpoint>
      <Time>2026-08-19T11:20:30Z</Time>
      <Position>
       <LatitudeDegrees>5.2334690</LatitudeDegrees>
       <LongitudeDegrees>100.4347420</LongitudeDegrees>
      </Position>
      <AltitudeMeters>5.7</AltitudeMeters>
      <DistanceMeters>572.3</DistanceMeters>
      <HeartRateBpm>
       <Value>155</Value>
      </HeartRateBpm>
      <Extensions>
       <TPX xmlns="http://www.garmin.com/xmlschemas/ActivityExtension/v2">
        <Speed>3.2</Speed>
       </TPX>
      </Extensions>
     </Trackpoint>
     <Trackpoint>
      <Time>2026-08-19T11:20:31Z</Time>
      <Position>
       <LatitudeDegrees>5.2334870</LatitudeDegrees>
       <LongitudeDegrees>100.4347210</LongitudeDegrees>
      </Position>
      <AltitudeMeters>5.7</AltitudeMeters>
      <DistanceMeters>575.4</DistanceMeters>
      <HeartRateBpm>
       <Value>155</Value>
      </HeartRateBpm>
      <Extensions>
       <TPX xmlns="http://www.garmin.com/xmlschemas/ActivityExtension/v2">
        <Speed>3.2</Speed>
       </TPX>
      </Extensions>
     </Trackpoint>
     <Trackpoint>
      <Time>2026-08-19T11:20:32Z</Time>
      <Position>
       <LatitudeDegrees>5.2335050</LatitudeDegrees>
       <LongitudeDegrees>100.4347020</LongitudeDegrees>
      </Position>
      <AltitudeMeters>5.7</AltitudeMeters>
      <DistanceMeters>578.3</DistanceMeters>
      <HeartRateBpm>
       <Value>156</Value>
      </HeartRateBpm>
      <Extensions>
       <TPX xmlns="http://www.garmin.com/xmlschemas/ActivityExtension/v2">
        <Speed>3.1</Speed>
       </TPX>
      </Extensions>
     </Trackpoint>
     <Trackpoint>
      <Time>2026-08-19T11:20:33Z</Time>
      <Position>
       <LatitudeDegrees>5.2335230</LatitudeDegrees>
       <LongitudeDegrees>100.4346810</LongitudeDegrees>
      </Position>
      <AltitudeMeters>5.7</AltitudeMeters>
      <DistanceMeters>581.3</DistanceMeters>
      <HeartRateBpm>
       <Value>156</Value>
      </HeartRateBpm>
      <Extensions>
       <TPX xmlns="http://www.garmin.com/xmlschemas/ActivityExtension/v2">
        <Speed>3.1</Speed>
       </TPX>
      </Extensions>
     </Trackpoint>
     <Trackpoint>
      <Time>2026-08-19T11:20:34Z</Time>
      <Position>
       <LatitudeDegrees>5.2335420</LatitudeDegrees>
       <LongitudeDegrees>100.4346610</LongitudeDegrees>
      </Position>
      <AltitudeMeters>5.7</AltitudeMeters>
      <DistanceMeters>584.4</DistanceMeters>
      <HeartRateBpm>
       <Value>155</Value>
      </HeartRateBpm>
      <Extensions>
       <TPX xmlns="http://www.garmin.com/xmlschemas/ActivityExtension/v2">
        <Speed>3.0</Speed>
       </TPX>
      </Extensions>
     </Trackpoint>
     <Trackpoint>
      <Time>2026-08-19T11:20:35Z</Time>
      <Position>
       <LatitudeDegrees>5.2335610</LatitudeDegrees>
       <LongitudeDegrees>100.4346450</LongitudeDegrees>
      </Position>
      <AltitudeMeters>5.7</AltitudeMeters>
      <DistanceMeters>587.2</DistanceMeters>
      <HeartRateBpm>
       <Value>154</Value>
      </HeartRateBpm>
      <Extensions>
       <TPX xmlns="http://www.garmin.com/xmlschemas/ActivityExtension/v2">
        <Speed>3.0</Speed>
       </TPX>
      </Extensions>
     </Trackpoint>
     <Trackpoint>
      <Time>2026-08-19T11:20:36Z</Time>
      <Position>
       <LatitudeDegrees>5.2335830</LatitudeDegrees>
       <LongitudeDegrees>100.4346320</LongitudeDegrees>
      </Position>
      <AltitudeMeters>5.7</AltitudeMeters>
      <DistanceMeters>590.0</DistanceMeters>
      <HeartRateBpm>
       <Value>154</Value>
      </HeartRateBpm>
      <Extensions>
       <TPX xmlns="http://www.garmin.com/xmlschemas/ActivityExtension/v2">
        <Speed>2.9</Speed>
       </TPX>
      </Extensions>
     </Trackpoint>
     <Trackpoint>
      <Time>2026-08-19T11:20:37Z</Time>
      <Position>
       <LatitudeDegrees>5.2336070</LatitudeDegrees>
       <LongitudeDegrees>100.4346250</LongitudeDegrees>
      </Position>
      <AltitudeMeters>5.7</AltitudeMeters>
      <DistanceMeters>592.7</DistanceMeters>
      <HeartRateBpm>
       <Value>154</Value>
      </HeartRateBpm>
      <Extensions>
       <TPX xmlns="http://www.garmin.com/xmlschemas/ActivityExtension/v2">
        <Speed>2.9</Speed>
       </TPX>
      </Extensions>
     </Trackpoint>
     <Trackpoint>
      <Time>2026-08-19T11:20:38Z</Time>
      <Position>
       <LatitudeDegrees>5.2336320</LatitudeDegrees>
       <LongitudeDegrees>100.4346250</LongitudeDegrees>
      </Position>
      <AltitudeMeters>5.7</AltitudeMeters>
      <DistanceMeters>595.5</DistanceMeters>
      <HeartRateBpm>
       <Value>154</Value>
      </HeartRateBpm>
      <Extensions>
       <TPX xmlns="http://www.garmin.com/xmlschemas/ActivityExtension/v2">
        <Speed>2.8</Speed>
       </TPX>
      </Extensions>
     </Trackpoint>
     <Trackpoint>
      <Time>2026-08-19T11:20:39Z</Time>
      <Position>
       <LatitudeDegrees>5.2336590</LatitudeDegrees>
       <LongitudeDegrees>100.4346230</LongitudeDegrees>
      </Position>
      <AltitudeMeters>5.7</AltitudeMeters>
      <DistanceMeters>598.4</DistanceMeters>
      <HeartRateBpm>
       <Value>154</Value>
      </HeartRateBpm>
      <Extensions>
       <TPX xmlns="http://www.garmin.com/xmlschemas/ActivityExtension/v2">
        <Speed>2.8</Speed>
       </TPX>
      </Extensions>
     </Trackpoint>
     <Trackpoint>
      <Time>2026-08-19T11:20:40Z</Time>
      <Position>
       <LatitudeDegrees>5.2336820</LatitudeDegrees>
       <LongitudeDegrees>100.4346180</LongitudeDegrees>
      </Position>
      <AltitudeMeters>5.7</AltitudeMeters>
      <DistanceMeters>601.0</DistanceMeters>
      <HeartRateBpm>
       <Value>154</Value>
      </HeartRateBpm>
      <Extensions>
       <TPX xmlns="http://www.garmin.com/xmlschemas/ActivityExtension/v2">
        <Speed>2.8</Speed>
       </TPX>
      </Extensions>
     </Trackpoint>
     <Trackpoint>
      <Time>2026-08-19T11:20:41Z</Time>
      <Position>
       <LatitudeDegrees>5.2337060</LatitudeDegrees>
       <LongitudeDegrees>100.4346140</LongitudeDegrees>
      </Position>
      <AltitudeMeters>5.7</AltitudeMeters>
      <DistanceMeters>603.7</DistanceMeters>
      <HeartRateBpm>
       <Value>154</Value>
      </HeartRateBpm>
      <Extensions>
       <TPX xmlns="http://www.garmin.com/xmlschemas/ActivityExtension/v2">
        <Speed>2.7</Speed>
       </TPX>
      </Extensions>
     </Trackpoint>
     <Trackpoint>
      <Time>2026-08-19T11:20:42Z</Time>
      <Position>
       <LatitudeDegrees>5.2337310</LatitudeDegrees>
       <LongitudeDegrees>100.4346100</LongitudeDegrees>
      </Position>
      <AltitudeMeters>5.7</AltitudeMeters>
      <DistanceMeters>606.6</DistanceMeters>
      <HeartRateBpm>
       <Value>154</Value>
      </HeartRateBpm>
      <Extensions>
       <TPX xmlns="http://www.garmin.com/xmlschemas/ActivityExtension/v2">
        <Speed>2.8</Speed>
       </TPX>
      </Extensions>
     </Trackpoint>
     <Trackpoint>
      <Time>2026-08-19T11:20:43Z</Time>
      <Position>
       <LatitudeDegrees>5.2337580</LatitudeDegrees>
       <LongitudeDegrees>100.4346060</LongitudeDegrees>
      </Position>
      <AltitudeMeters>5.7</AltitudeMeters>
      <DistanceMeters>609.6</DistanceMeters>
      <HeartRateBpm>
       <Value>154</Value>
      </HeartRateBpm>
      <Extensions>
       <TPX xmlns="http://www.garmin.com/xmlschemas/ActivityExtension/v2">
        <Speed>2.8</Speed>
       </TPX>
      </Extensions>
     </Trackpoint>
     <Trackpoint>
      <Time>2026-08-19T11:20:44Z</Time>
      <Position>
       <LatitudeDegrees>5.2337830</LatitudeDegrees>
       <LongitudeDegrees>100.4346010</LongitudeDegrees>
      </Position>
      <AltitudeMeters>5.7</AltitudeMeters>
      <DistanceMeters>612.5</DistanceMeters>
      <HeartRateBpm>
       <Value>154</Value>
      </HeartRateBpm>
      <Extensions>
       <TPX xmlns="http://www.garmin.com/xmlschemas/ActivityExtension/v2">
        <Speed>2.8</Speed>
       </TPX>
      </Extensions>
     </Trackpoint>
     <Trackpoint>
      <Time>2026-08-19T11:20:45Z</Time>
      <Position>
       <LatitudeDegrees>5.2338120</LatitudeDegrees>
       <LongitudeDegrees>100.4345940</LongitudeDegrees>
      </Position>
      <AltitudeMeters>5.6</AltitudeMeters>
      <DistanceMeters>615.8</DistanceMeters>
      <HeartRateBpm>
       <Value>154</Value>
      </HeartRateBpm>
      <Extensions>
       <TPX xmlns="http://www.garmin.com/xmlschemas/ActivityExtension/v2">
        <Speed>3.0</Speed>
       </TPX>
      </Extensions>
     </Trackpoint>
     <Trackpoint>
      <Time>2026-08-19T11:20:46Z</Time>
      <Position>
       <LatitudeDegrees>5.2338390</LatitudeDegrees>
       <LongitudeDegrees>100.4345870</LongitudeDegrees>
      </Position>
      <AltitudeMeters>5.6</AltitudeMeters>
      <DistanceMeters>618.9</DistanceMeters>
      <HeartRateBpm>
       <Value>155</Value>
      </HeartRateBpm>
      <Extensions>
       <TPX xmlns="http://www.garmin.com/xmlschemas/ActivityExtension/v2">
        <Speed>3.0</Speed>
       </TPX>
      </Extensions>
     </Trackpoint>
     <Trackpoint>
      <Time>2026-08-19T11:20:47Z</Time>
      <Position>
       <LatitudeDegrees>5.2338640</LatitudeDegrees>
       <LongitudeDegrees>100.4345820</LongitudeDegrees>
      </Position>
      <AltitudeMeters>5.6</AltitudeMeters>
      <DistanceMeters>621.8</DistanceMeters>
      <HeartRateBpm>
       <Value>155</Value>
      </HeartRateBpm>
      <Extensions>
       <TPX xmlns="http://www.garmin.com/xmlschemas/ActivityExtension/v2">
        <Speed>3.0</Speed>
       </TPX>
      </Extensions>
     </Trackpoint>
     <Trackpoint>
      <Time>2026-08-19T11:20:48Z</Time>
      <Position>
       <LatitudeDegrees>5.2338900</LatitudeDegrees>
       <LongitudeDegrees>100.4345750</LongitudeDegrees>
      </Position>
      <AltitudeMeters>5.6</AltitudeMeters>
      <DistanceMeters>624.8</DistanceMeters>
      <HeartRateBpm>
       <Value>155</Value>
      </HeartRateBpm>
      <Extensions>
       <TPX xmlns="http://www.garmin.com/xmlschemas/ActivityExtension/v2">
        <Speed>3.0</Speed>
       </TPX>
      </Extensions>
     </Trackpoint>
     <Trackpoint>
      <Time>2026-08-19T11:20:49Z</Time>
      <Position>
       <LatitudeDegrees>5.2339180</LatitudeDegrees>
       <LongitudeDegrees>100.4345660</LongitudeDegrees>
      </Position>
      <AltitudeMeters>5.6</AltitudeMeters>
      <DistanceMeters>628.0</DistanceMeters>
      <HeartRateBpm>
       <Value>154</Value>
      </HeartRateBpm>
      <Extensions>
       <TPX xmlns="http://www.garmin.com/xmlschemas/ActivityExtension/v2">
        <Speed>3.1</Speed>
       </TPX>
      </Extensions>
     </Trackpoint>
     <Trackpoint>
      <Time>2026-08-19T11:20:50Z</Time>
      <Position>
       <LatitudeDegrees>5.2339420</LatitudeDegrees>
       <LongitudeDegrees>100.4345600</LongitudeDegrees>
      </Position>
      <AltitudeMeters>5.6</AltitudeMeters>
      <DistanceMeters>630.7</DistanceMeters>
      <HeartRateBpm>
       <Value>154</Value>
      </HeartRateBpm>
      <Extensions>
       <TPX xmlns="http://www.garmin.com/xmlschemas/ActivityExtension/v2">
        <Speed>3.0</Speed>
       </TPX>
      </Extensions>
     </Trackpoint>
     <Trackpoint>
      <Time>2026-08-19T11:20:51Z</Time>
      <Position>
       <LatitudeDegrees>5.2339700</LatitudeDegrees>
       <LongitudeDegrees>100.4345580</LongitudeDegrees>
      </Position>
      <AltitudeMeters>5.6</AltitudeMeters>
      <DistanceMeters>633.8</DistanceMeters>
      <HeartRateBpm>
       <Value>155</Value>
      </HeartRateBpm>
      <Extensions>
       <TPX xmlns="http://www.garmin.com/xmlschemas/ActivityExtension/v2">
        <Speed>3.0</Speed>
       </TPX>
      </Extensions>
     </Trackpoint>
     <Trackpoint>
      <Time>2026-08-19T11:20:52Z</Time>
      <Position>
       <LatitudeDegrees>5.2339960</LatitudeDegrees>
       <LongitudeDegrees>100.4345560</LongitudeDegrees>
      </Position>
      <AltitudeMeters>5.6</AltitudeMeters>
      <DistanceMeters>636.7</DistanceMeters>
      <HeartRateBpm>
       <Value>155</Value>
      </HeartRateBpm>
      <Extensions>
       <TPX xmlns="http://www.garmin.com/xmlschemas/ActivityExtension/v2">
        <Speed>3.0</Speed>
       </TPX>
      </Extensions>
     </Trackpoint>
     <Trackpoint>
      <Time>2026-08-19T11:20:53Z</Time>
      <Position>
       <LatitudeDegrees>5.2340240</LatitudeDegrees>
       <LongitudeDegrees>100.4345500</LongitudeDegrees>
      </Position>
      <AltitudeMeters>5.6</AltitudeMeters>
      <DistanceMeters>639.9</DistanceMeters>
      <HeartRateBpm>
       <Value>155</Value>
      </HeartRateBpm>
      <Extensions>
       <TPX xmlns="http://www.garmin.com/xmlschemas/ActivityExtension/v2">
        <Speed>3.0</Speed>
       </TPX>
      </Extensions>
     </Trackpoint>
     <Trackpoint>
      <Time>2026-08-19T11:20:54Z</Time>
      <Position>
       <LatitudeDegrees>5.2340530</LatitudeDegrees>
       <LongitudeDegrees>100.4345430</LongitudeDegrees>
      </Position>
      <AltitudeMeters>5.6</AltitudeMeters>
      <DistanceMeters>643.2</DistanceMeters>
      <HeartRateBpm>
       <Value>155</Value>
      </HeartRateBpm>
      <Extensions>
       <TPX xmlns="http://www.garmin.com/xmlschemas/ActivityExtension/v2">
        <Speed>3.0</Speed>
       </TPX>
      </Extensions>
     </Trackpoint>
     <Trackpoint>
      <Time>2026-08-19T11:20:55Z</Time>
      <Position>
       <LatitudeDegrees>5.2340810</LatitudeDegrees>
       <LongitudeDegrees>100.4345400</LongitudeDegrees>
      </Position>
      <AltitudeMeters>5.6</AltitudeMeters>
      <DistanceMeters>646.3</DistanceMeters>
      <HeartRateBpm>
       <Value>155</Value>
      </HeartRateBpm>
      <Extensions>
       <TPX xmlns="http://www.garmin.com/xmlschemas/ActivityExtension/v2">
        <Speed>3.1</Speed>
       </TPX>
      </Extensions>
     </Trackpoint>
     <Trackpoint>
      <Time>2026-08-19T11:20:56Z</Time>
      <Position>
       <LatitudeDegrees>5.2341080</LatitudeDegrees>
       <LongitudeDegrees>100.4345390</LongitudeDegrees>
      </Position>
      <AltitudeMeters>5.6</AltitudeMeters>
      <DistanceMeters>649.4</DistanceMeters>
      <HeartRateBpm>
       <Value>155</Value>
      </HeartRateBpm>
      <Extensions>
       <TPX xmlns="http://www.garmin.com/xmlschemas/ActivityExtension/v2">
        <Speed>3.1</Speed>
       </TPX>
      </Extensions>
     </Trackpoint>
     <Trackpoint>
      <Time>2026-08-19T11:20:57Z</Time>
      <Position>
       <LatitudeDegrees>5.2341340</LatitudeDegrees>
       <LongitudeDegrees>100.4345430</LongitudeDegrees>
      </Position>
      <AltitudeMeters>5.6</AltitudeMeters>
      <DistanceMeters>652.3</DistanceMeters>
      <HeartRateBpm>
       <Value>155</Value>
      </HeartRateBpm>
      <Extensions>
       <TPX xmlns="http://www.garmin.com/xmlschemas/ActivityExtension/v2">
        <Speed>3.1</Speed>
       </TPX>
      </Extensions>
     </Trackpoint>
     <Trackpoint>
      <Time>2026-08-19T11:20:58Z</Time>
      <Position>
       <LatitudeDegrees>5.2341610</LatitudeDegrees>
       <LongitudeDegrees>100.4345370</LongitudeDegrees>
      </Position>
      <AltitudeMeters>5.6</AltitudeMeters>
      <DistanceMeters>655.3</DistanceMeters>
      <HeartRateBpm>
       <Value>155</Value>
      </HeartRateBpm>
      <Extensions>
       <TPX xmlns="http://www.garmin.com/xmlschemas/ActivityExtension/v2">
        <Speed>3.1</Speed>
       </TPX>
      </Extensions>
     </Trackpoint>
     <Trackpoint>
      <Time>2026-08-19T11:20:59Z</Time>
      <Position>
       <LatitudeDegrees>5.2341860</LatitudeDegrees>
       <LongitudeDegrees>100.4345250</LongitudeDegrees>
      </Position>
      <AltitudeMeters>5.6</AltitudeMeters>
      <DistanceMeters>658.3</DistanceMeters>
      <HeartRateBpm>
       <Value>155</Value>
      </HeartRateBpm>
      <Extensions>
       <TPX xmlns="http://www.garmin.com/xmlschemas/ActivityExtension/v2">
        <Speed>3.0</Speed>
       </TPX>
      </Extensions>
     </Trackpoint>
     <Trackpoint>
      <Time>2026-08-19T11:21:00Z</Time>
      <Position>
       <LatitudeDegrees>5.2342060</LatitudeDegrees>
       <LongitudeDegrees>100.4345120</LongitudeDegrees>
      </Position>
      <AltitudeMeters>5.6</AltitudeMeters>
      <DistanceMeters>661.0</DistanceMeters>
      <HeartRateBpm>
       <Value>156</Value>
      </HeartRateBpm>
      <Extensions>
       <TPX xmlns="http://www.garmin.com/xmlschemas/ActivityExtension/v2">
        <Speed>2.9</Speed>
       </TPX>
      </Extensions>
     </Trackpoint>
     <Trackpoint>
      <Time>2026-08-19T11:21:01Z</Time>
      <Position>
       <LatitudeDegrees>5.2342260</LatitudeDegrees>
       <LongitudeDegrees>100.4345040</LongitudeDegrees>
      </Position>
      <AltitudeMeters>5.6</AltitudeMeters>
      <DistanceMeters>663.4</DistanceMeters>
      <HeartRateBpm>
       <Value>156</Value>
      </HeartRateBpm>
      <Extensions>
       <TPX xmlns="http://www.garmin.com/xmlschemas/ActivityExtension/v2">
        <Speed>2.8</Speed>
       </TPX>
      </Extensions>
     </Trackpoint>
     <Trackpoint>
      <Time>2026-08-19T11:21:02Z</Time>
      <Position>
       <LatitudeDegrees>5.2342490</LatitudeDegrees>
       <LongitudeDegrees>100.4344910</LongitudeDegrees>
      </Position>
      <AltitudeMeters>5.6</AltitudeMeters>
      <DistanceMeters>666.3</DistanceMeters>
      <HeartRateBpm>
       <Value>156</Value>
      </HeartRateBpm>
      <Extensions>
       <TPX xmlns="http://www.garmin.com/xmlschemas/ActivityExtension/v2">
        <Speed>2.8</Speed>
       </TPX>
      </Extensions>
     </Trackpoint>
     <Trackpoint>
      <Time>2026-08-19T11:21:03Z</Time>
      <Position>
       <LatitudeDegrees>5.2342780</LatitudeDegrees>
       <LongitudeDegrees>100.4344760</LongitudeDegrees>
      </Position>
      <AltitudeMeters>5.7</AltitudeMeters>
      <DistanceMeters>669.9</DistanceMeters>
      <HeartRateBpm>
       <Value>156</Value>
      </HeartRateBpm>
      <Extensions>
       <TPX xmlns="http://www.garmin.com/xmlschemas/ActivityExtension/v2">
        <Speed>2.9</Speed>
       </TPX>
      </Extensions>
     </Trackpoint>
     <Trackpoint>
      <Time>2026-08-19T11:21:04Z</Time>
      <Position>
       <LatitudeDegrees>5.2343010</LatitudeDegrees>
       <LongitudeDegrees>100.4344690</LongitudeDegrees>
      </Position>
      <AltitudeMeters>5.7</AltitudeMeters>
      <DistanceMeters>672.6</DistanceMeters>
      <HeartRateBpm>
       <Value>156</Value>
      </HeartRateBpm>
      <Extensions>
       <TPX xmlns="http://www.garmin.com/xmlschemas/ActivityExtension/v2">
        <Speed>2.9</Speed>
       </TPX>
      </Extensions>
     </Trackpoint>
     <Trackpoint>
      <Time>2026-08-19T11:21:05Z</Time>
      <Position>
       <LatitudeDegrees>5.2343280</LatitudeDegrees>
       <LongitudeDegrees>100.4344650</LongitudeDegrees>
      </Position>
      <AltitudeMeters>5.7</AltitudeMeters>
      <DistanceMeters>675.6</DistanceMeters>
      <HeartRateBpm>
       <Value>156</Value>
      </HeartRateBpm>
      <Extensions>
       <TPX xmlns="http://www.garmin.com/xmlschemas/ActivityExtension/v2">
        <Speed>2.9</Speed>
       </TPX>
      </Extensions>
     </Trackpoint>
     <Trackpoint>
      <Time>2026-08-19T11:21:06Z</Time>
      <Position>
       <LatitudeDegrees>5.2343530</LatitudeDegrees>
       <LongitudeDegrees>100.4344640</LongitudeDegrees>
      </Position>
      <AltitudeMeters>5.7</AltitudeMeters>
      <DistanceMeters>678.3</DistanceMeters>
      <HeartRateBpm>
       <Value>156</Value>
      </HeartRateBpm>
      <Extensions>
       <TPX xmlns="http://www.garmin.com/xmlschemas/ActivityExtension/v2">
        <Speed>3.0</Speed>
       </TPX>
      </Extensions>
     </Trackpoint>
     <Trackpoint>
      <Time>2026-08-19T11:21:07Z</Time>
      <Position>
       <LatitudeDegrees>5.2343800</LatitudeDegrees>
       <LongitudeDegrees>100.4344620</LongitudeDegrees>
      </Position>
      <AltitudeMeters>5.7</AltitudeMeters>
      <DistanceMeters>681.3</DistanceMeters>
      <HeartRateBpm>
       <Value>156</Value>
      </HeartRateBpm>
      <Extensions>
       <TPX xmlns="http://www.garmin.com/xmlschemas/ActivityExtension/v2">
        <Speed>3.0</Speed>
       </TPX>
      </Extensions>
     </Trackpoint>
     <Trackpoint>
      <Time>2026-08-19T11:21:08Z</Time>
      <Position>
       <LatitudeDegrees>5.2344040</LatitudeDegrees>
       <LongitudeDegrees>100.4344620</LongitudeDegrees>
      </Position>
      <AltitudeMeters>5.7</AltitudeMeters>
      <DistanceMeters>684.0</DistanceMeters>
      <HeartRateBpm>
       <Value>156</Value>
      </HeartRateBpm>
      <Extensions>
       <TPX xmlns="http://www.garmin.com/xmlschemas/ActivityExtension/v2">
        <Speed>2.8</Speed>
       </TPX>
      </Extensions>
     </Trackpoint>
     <Trackpoint>
      <Time>2026-08-19T11:21:09Z</Time>
      <Position>
       <LatitudeDegrees>5.2344260</LatitudeDegrees>
       <LongitudeDegrees>100.4344600</LongitudeDegrees>
      </Position>
      <AltitudeMeters>5.7</AltitudeMeters>
      <DistanceMeters>686.4</DistanceMeters>
      <HeartRateBpm>
       <Value>156</Value>
      </HeartRateBpm>
      <Extensions>
       <TPX xmlns="http://www.garmin.com/xmlschemas/ActivityExtension/v2">
        <Speed>2.8</Speed>
       </TPX>
      </Extensions>
     </Trackpoint>
     <Trackpoint>
      <Time>2026-08-19T11:21:10Z</Time>
      <Position>
       <LatitudeDegrees>5.2344580</LatitudeDegrees>
       <LongitudeDegrees>100.4344590</LongitudeDegrees>
      </Position>
      <AltitudeMeters>5.7</AltitudeMeters>
      <DistanceMeters>690.0</DistanceMeters>
      <HeartRateBpm>
       <Value>156</Value>
      </HeartRateBpm>
      <Extensions>
       <TPX xmlns="http://www.garmin.com/xmlschemas/ActivityExtension/v2">
        <Speed>2.9</Speed>
       </TPX>
      </Extensions>
     </Trackpoint>
     <Trackpoint>
      <Time>2026-08-19T11:21:11Z</Time>
      <Position>
       <LatitudeDegrees>5.2344920</LatitudeDegrees>
       <LongitudeDegrees>100.4344550</LongitudeDegrees>
      </Position>
      <AltitudeMeters>5.6</AltitudeMeters>
      <DistanceMeters>693.9</DistanceMeters>
      <HeartRateBpm>
       <Value>156</Value>
      </HeartRateBpm>
      <Extensions>
       <TPX xmlns="http://www.garmin.com/xmlschemas/ActivityExtension/v2">
        <Speed>3.1</Speed>
       </TPX>
      </Extensions>
     </Trackpoint>
     <Trackpoint>
      <Time>2026-08-19T11:21:12Z</Time>
      <Position>
       <LatitudeDegrees>5.2345240</LatitudeDegrees>
       <LongitudeDegrees>100.4344480</LongitudeDegrees>
      </Position>
      <AltitudeMeters>5.6</AltitudeMeters>
      <DistanceMeters>697.5</DistanceMeters>
      <HeartRateBpm>
       <Value>155</Value>
      </HeartRateBpm>
      <Extensions>
       <TPX xmlns="http://www.garmin.com/xmlschemas/ActivityExtension/v2">
        <Speed>3.2</Speed>
       </TPX>
      </Extensions>
     </Trackpoint>
     <Trackpoint>
      <Time>2026-08-19T11:21:13Z</Time>
      <Position>
       <LatitudeDegrees>5.2345540</LatitudeDegrees>
       <LongitudeDegrees>100.4344370</LongitudeDegrees>
      </Position>
      <AltitudeMeters>5.6</AltitudeMeters>
      <DistanceMeters>701.0</DistanceMeters>
      <HeartRateBpm>
       <Value>155</Value>
      </HeartRateBpm>
      <Extensions>
       <TPX xmlns="http://www.garmin.com/xmlschemas/ActivityExtension/v2">
        <Speed>3.4</Speed>
       </TPX>
      </Extensions>
     </Trackpoint>
     <Trackpoint>
      <Time>2026-08-19T11:21:14Z</Time>
      <Position>
       <LatitudeDegrees>5.2345780</LatitudeDegrees>
       <LongitudeDegrees>100.4344280</LongitudeDegrees>
      </Position>
      <AltitudeMeters>5.6</AltitudeMeters>
      <DistanceMeters>703.9</DistanceMeters>
      <HeartRateBpm>
       <Value>155</Value>
      </HeartRateBpm>
      <Extensions>
       <TPX xmlns="http://www.garmin.com/xmlschemas/ActivityExtension/v2">
        <Speed>3.5</Speed>
       </TPX>
      </Extensions>
     </Trackpoint>
     <Trackpoint>
      <Time>2026-08-19T11:21:15Z</Time>
      <Position>
       <LatitudeDegrees>5.2345950</LatitudeDegrees>
       <LongitudeDegrees>100.4344210</LongitudeDegrees>
      </Position>
      <AltitudeMeters>5.6</AltitudeMeters>
      <DistanceMeters>705.9</DistanceMeters>
      <HeartRateBpm>
       <Value>155</Value>
      </HeartRateBpm>
      <Extensions>
       <TPX xmlns="http://www.garmin.com/xmlschemas/ActivityExtension/v2">
        <Speed>3.2</Speed>
       </TPX>
      </Extensions>
     </Trackpoint>
     <Trackpoint>
      <Time>2026-08-19T11:21:16Z</Time>
      <Position>
       <LatitudeDegrees>5.2346130</LatitudeDegrees>
       <LongitudeDegrees>100.4344150</LongitudeDegrees>
      </Position>
      <AltitudeMeters>5.6</AltitudeMeters>
      <DistanceMeters>708.0</DistanceMeters>
      <HeartRateBpm>
       <Value>155</Value>
      </HeartRateBpm>
      <Extensions>
       <TPX xmlns="http://www.garmin.com/xmlschemas/ActivityExtension/v2">
        <Speed>2.8</Speed>
       </TPX>
      </Extensions>
     </Trackpoint>
     <Trackpoint>
      <Time>2026-08-19T11:21:17Z</Time>
      <Position>
       <LatitudeDegrees>5.2346350</LatitudeDegrees>
       <LongitudeDegrees>100.4344100</LongitudeDegrees>
      </Position>
      <AltitudeMeters>5.6</AltitudeMeters>
      <DistanceMeters>710.6</DistanceMeters>
      <HeartRateBpm>
       <Value>155</Value>
      </HeartRateBpm>
      <Extensions>
       <TPX xmlns="http://www.garmin.com/xmlschemas/ActivityExtension/v2">
        <Speed>2.6</Speed>
       </TPX>
      </Extensions>
     </Trackpoint>
     <Trackpoint>
      <Time>2026-08-19T11:21:18Z</Time>
      <Position>
       <LatitudeDegrees>5.2346600</LatitudeDegrees>
       <LongitudeDegrees>100.4344040</LongitudeDegrees>
      </Position>
      <AltitudeMeters>5.6</AltitudeMeters>
      <DistanceMeters>713.5</DistanceMeters>
      <HeartRateBpm>
       <Value>156</Value>
      </HeartRateBpm>
      <Extensions>
       <TPX xmlns="http://www.garmin.com/xmlschemas/ActivityExtension/v2">
        <Speed>2.5</Speed>
       </TPX>
      </Extensions>
     </Trackpoint>
     <Trackpoint>
      <Time>2026-08-19T11:21:19Z</Time>
      <Position>
       <LatitudeDegrees>5.2346870</LatitudeDegrees>
       <LongitudeDegrees>100.4343970</LongitudeDegrees>
      </Position>
      <AltitudeMeters>5.6</AltitudeMeters>
      <DistanceMeters>716.6</DistanceMeters>
      <HeartRateBpm>
       <Value>156</Value>
      </HeartRateBpm>
      <Extensions>
       <TPX xmlns="http://www.garmin.com/xmlschemas/ActivityExtension/v2">
        <Speed>2.5</Speed>
       </TPX>
      </Extensions>
     </Trackpoint>
     <Trackpoint>
      <Time>2026-08-19T11:21:20Z</Time>
      <Position>
       <LatitudeDegrees>5.2347170</LatitudeDegrees>
       <LongitudeDegrees>100.4343930</LongitudeDegrees>
      </Position>
      <AltitudeMeters>5.6</AltitudeMeters>
      <DistanceMeters>719.9</DistanceMeters>
      <HeartRateBpm>
       <Value>155</Value>
      </HeartRateBpm>
      <Extensions>
       <TPX xmlns="http://www.garmin.com/xmlschemas/ActivityExtension/v2">
        <Speed>2.8</Speed>
       </TPX>
      </Extensions>
     </Trackpoint>
     <Trackpoint>
      <Time>2026-08-19T11:21:21Z</Time>
      <Position>
       <LatitudeDegrees>5.2347460</LatitudeDegrees>
       <LongitudeDegrees>100.4343890</LongitudeDegrees>
      </Position>
      <AltitudeMeters>5.6</AltitudeMeters>
      <DistanceMeters>723.2</DistanceMeters>
      <HeartRateBpm>
       <Value>155</Value>
      </HeartRateBpm>
      <Extensions>
       <TPX xmlns="http://www.garmin.com/xmlschemas/ActivityExtension/v2">
        <Speed>3.0</Speed>
       </TPX>
      </Extensions>
     </Trackpoint>
     <Trackpoint>
      <Time>2026-08-19T11:21:22Z</Time>
      <Position>
       <LatitudeDegrees>5.2347740</LatitudeDegrees>
       <LongitudeDegrees>100.4343850</LongitudeDegrees>
      </Position>
      <AltitudeMeters>5.6</AltitudeMeters>
      <DistanceMeters>726.3</DistanceMeters>
      <HeartRateBpm>
       <Value>155</Value>
      </HeartRateBpm>
      <Extensions>
       <TPX xmlns="http://www.garmin.com/xmlschemas/ActivityExtension/v2">
        <Speed>3.1</Speed>
       </TPX>
      </Extensions>
     </Trackpoint>
     <Trackpoint>
      <Time>2026-08-19T11:21:23Z</Time>
      <Position>
       <LatitudeDegrees>5.2348050</LatitudeDegrees>
       <LongitudeDegrees>100.4343760</LongitudeDegrees>
      </Position>
      <AltitudeMeters>5.6</AltitudeMeters>
      <DistanceMeters>729.9</DistanceMeters>
      <HeartRateBpm>
       <Value>155</Value>
      </HeartRateBpm>
      <Extensions>
       <TPX xmlns="http://www.garmin.com/xmlschemas/ActivityExtension/v2">
        <Speed>3.3</Speed>
       </TPX>
      </Extensions>
     </Trackpoint>
     <Trackpoint>
      <Time>2026-08-19T11:21:24Z</Time>
      <Position>
       <LatitudeDegrees>5.2348320</LatitudeDegrees>
       <LongitudeDegrees>100.4343680</LongitudeDegrees>
      </Position>
      <AltitudeMeters>5.6</AltitudeMeters>
      <DistanceMeters>733.0</DistanceMeters>
      <HeartRateBpm>
       <Value>156</Value>
      </HeartRateBpm>
      <Extensions>
       <TPX xmlns="http://www.garmin.com/xmlschemas/ActivityExtension/v2">
        <Speed>3.3</Speed>
       </TPX>
      </Extensions>
     </Trackpoint>
     <Trackpoint>
      <Time>2026-08-19T11:21:25Z</Time>
      <Position>
       <LatitudeDegrees>5.2348570</LatitudeDegrees>
       <LongitudeDegrees>100.4343610</LongitudeDegrees>
      </Position>
      <AltitudeMeters>5.6</AltitudeMeters>
      <DistanceMeters>735.9</DistanceMeters>
      <HeartRateBpm>
       <Value>156</Value>
      </HeartRateBpm>
      <Extensions>
       <TPX xmlns="http://www.garmin.com/xmlschemas/ActivityExtension/v2">
        <Speed>3.2</Speed>
       </TPX>
      </Extensions>
     </Trackpoint>
     <Trackpoint>
      <Time>2026-08-19T11:21:26Z</Time>
      <Position>
       <LatitudeDegrees>5.2348820</LatitudeDegrees>
       <LongitudeDegrees>100.4343520</LongitudeDegrees>
      </Position>
      <AltitudeMeters>5.6</AltitudeMeters>
      <DistanceMeters>738.8</DistanceMeters>
      <HeartRateBpm>
       <Value>156</Value>
      </HeartRateBpm>
      <Extensions>
       <TPX xmlns="http://www.garmin.com/xmlschemas/ActivityExtension/v2">
        <Speed>3.1</Speed>
       </TPX>
      </Extensions>
     </Trackpoint>
     <Trackpoint>
      <Time>2026-08-19T11:21:27Z</Time>
      <Position>
       <LatitudeDegrees>5.2349050</LatitudeDegrees>
       <LongitudeDegrees>100.4343450</LongitudeDegrees>
      </Position>
      <AltitudeMeters>5.6</AltitudeMeters>
      <DistanceMeters>741.5</DistanceMeters>
      <HeartRateBpm>
       <Value>155</Value>
      </HeartRateBpm>
      <Extensions>
       <TPX xmlns="http://www.garmin.com/xmlschemas/ActivityExtension/v2">
        <Speed>3.0</Speed>
       </TPX>
      </Extensions>
     </Trackpoint>
     <Trackpoint>
      <Time>2026-08-19T11:21:28Z</Time>
      <Position>
       <LatitudeDegrees>5.2349270</LatitudeDegrees>
       <LongitudeDegrees>100.4343380</LongitudeDegrees>
      </Position>
      <AltitudeMeters>5.6</AltitudeMeters>
      <DistanceMeters>744.1</DistanceMeters>
      <HeartRateBpm>
       <Value>155</Value>
      </HeartRateBpm>
      <Extensions>
       <TPX xmlns="http://www.garmin.com/xmlschemas/ActivityExtension/v2">
        <Speed>2.8</Speed>
       </TPX>
      </Extensions>
     </Trackpoint>
     <Trackpoint>
      <Time>2026-08-19T11:21:29Z</Time>
      <Position>
       <LatitudeDegrees>5.2349480</LatitudeDegrees>
       <LongitudeDegrees>100.4343320</LongitudeDegrees>
      </Position>
      <AltitudeMeters>5.6</AltitudeMeters>
      <DistanceMeters>746.5</DistanceMeters>
      <HeartRateBpm>
       <Value>155</Value>
      </HeartRateBpm>
      <Extensions>
       <TPX xmlns="http://www.garmin.com/xmlschemas/ActivityExtension/v2">
        <Speed>2.7</Speed>
       </TPX>
      </Extensions>
     </Trackpoint>
     <Trackpoint>
      <Time>2026-08-19T11:21:30Z</Time>
      <Position>
       <LatitudeDegrees>5.2349730</LatitudeDegrees>
       <LongitudeDegrees>100.4343280</LongitudeDegrees>
      </Position>
      <AltitudeMeters>5.6</AltitudeMeters>
      <DistanceMeters>749.3</DistanceMeters>
      <HeartRateBpm>
       <Value>155</Value>
      </HeartRateBpm>
      <Extensions>
       <TPX xmlns="http://www.garmin.com/xmlschemas/ActivityExtension/v2">
        <Speed>2.7</Speed>
       </TPX>
      </Extensions>
     </Trackpoint>
     <Trackpoint>
      <Time>2026-08-19T11:21:31Z</Time>
      <Position>
       <LatitudeDegrees>5.2349990</LatitudeDegrees>
       <LongitudeDegrees>100.4343190</LongitudeDegrees>
      </Position>
      <AltitudeMeters>5.6</AltitudeMeters>
      <DistanceMeters>752.4</DistanceMeters>
      <HeartRateBpm>
       <Value>155</Value>
      </HeartRateBpm>
      <Extensions>
       <TPX xmlns="http://www.garmin.com/xmlschemas/ActivityExtension/v2">
        <Speed>2.7</Speed>
       </TPX>
      </Extensions>
     </Trackpoint>
     <Trackpoint>
      <Time>2026-08-19T11:21:32Z</Time>
      <Position>
       <LatitudeDegrees>5.2350280</LatitudeDegrees>
       <LongitudeDegrees>100.4343100</LongitudeDegrees>
      </Position>
      <AltitudeMeters>5.6</AltitudeMeters>
      <DistanceMeters>755.7</DistanceMeters>
      <HeartRateBpm>
       <Value>155</Value>
      </HeartRateBpm>
      <Extensions>
       <TPX xmlns="http://www.garmin.com/xmlschemas/ActivityExtension/v2">
        <Speed>2.8</Speed>
       </TPX>
      </Extensions>
     </Trackpoint>
     <Trackpoint>
      <Time>2026-08-19T11:21:33Z</Time>
      <Position>
       <LatitudeDegrees>5.2350580</LatitudeDegrees>
       <LongitudeDegrees>100.4343010</LongitudeDegrees>
      </Position>
      <AltitudeMeters>5.6</AltitudeMeters>
      <DistanceMeters>759.2</DistanceMeters>
      <HeartRateBpm>
       <Value>155</Value>
      </HeartRateBpm>
      <Extensions>
       <TPX xmlns="http://www.garmin.com/xmlschemas/ActivityExtension/v2">
        <Speed>3.0</Speed>
       </TPX>
      </Extensions>
     </Trackpoint>
     <Trackpoint>
      <Time>2026-08-19T11:21:34Z</Time>
      <Position>
       <LatitudeDegrees>5.2350900</LatitudeDegrees>
       <LongitudeDegrees>100.4342920</LongitudeDegrees>
      </Position>
      <AltitudeMeters>5.6</AltitudeMeters>
      <DistanceMeters>762.9</DistanceMeters>
      <HeartRateBpm>
       <Value>155</Value>
      </HeartRateBpm>
      <Extensions>
       <TPX xmlns="http://www.garmin.com/xmlschemas/ActivityExtension/v2">
        <Speed>3.3</Speed>
       </TPX>
      </Extensions>
     </Trackpoint>
     <Trackpoint>
      <Time>2026-08-19T11:21:35Z</Time>
      <Position>
       <LatitudeDegrees>5.2351170</LatitudeDegrees>
       <LongitudeDegrees>100.4342820</LongitudeDegrees>
      </Position>
      <AltitudeMeters>5.6</AltitudeMeters>
      <DistanceMeters>766.2</DistanceMeters>
      <HeartRateBpm>
       <Value>155</Value>
      </HeartRateBpm>
      <Extensions>
       <TPX xmlns="http://www.garmin.com/xmlschemas/ActivityExtension/v2">
        <Speed>3.4</Speed>
       </TPX>
      </Extensions>
     </Trackpoint>
     <Trackpoint>
      <Time>2026-08-19T11:21:36Z</Time>
      <Position>
       <LatitudeDegrees>5.2351520</LatitudeDegrees>
       <LongitudeDegrees>100.4342740</LongitudeDegrees>
      </Position>
      <AltitudeMeters>5.6</AltitudeMeters>
      <DistanceMeters>770.1</DistanceMeters>
      <HeartRateBpm>
       <Value>155</Value>
      </HeartRateBpm>
      <Extensions>
       <TPX xmlns="http://www.garmin.com/xmlschemas/ActivityExtension/v2">
        <Speed>3.5</Speed>
       </TPX>
      </Extensions>
     </Trackpoint>
     <Trackpoint>
      <Time>2026-08-19T11:21:37Z</Time>
      <Position>
       <LatitudeDegrees>5.2351820</LatitudeDegrees>
       <LongitudeDegrees>100.4342660</LongitudeDegrees>
      </Position>
      <AltitudeMeters>5.6</AltitudeMeters>
      <DistanceMeters>773.5</DistanceMeters>
      <HeartRateBpm>
       <Value>155</Value>
      </HeartRateBpm>
      <Extensions>
       <TPX xmlns="http://www.garmin.com/xmlschemas/ActivityExtension/v2">
        <Speed>3.6</Speed>
       </TPX>
      </Extensions>
     </Trackpoint>
     <Trackpoint>
      <Time>2026-08-19T11:21:38Z</Time>
      <Position>
       <LatitudeDegrees>5.2352110</LatitudeDegrees>
       <LongitudeDegrees>100.4342580</LongitudeDegrees>
      </Position>
      <AltitudeMeters>5.6</AltitudeMeters>
      <DistanceMeters>776.9</DistanceMeters>
      <HeartRateBpm>
       <Value>156</Value>
      </HeartRateBpm>
      <Extensions>
       <TPX xmlns="http://www.garmin.com/xmlschemas/ActivityExtension/v2">
        <Speed>3.5</Speed>
       </TPX>
      </Extensions>
     </Trackpoint>
     <Trackpoint>
      <Time>2026-08-19T11:21:39Z</Time>
      <Position>
       <LatitudeDegrees>5.2352380</LatitudeDegrees>
       <LongitudeDegrees>100.4342500</LongitudeDegrees>
      </Position>
      <AltitudeMeters>5.6</AltitudeMeters>
      <DistanceMeters>780.0</DistanceMeters>
      <HeartRateBpm>
       <Value>156</Value>
      </HeartRateBpm>
      <Extensions>
       <TPX xmlns="http://www.garmin.com/xmlschemas/ActivityExtension/v2">
        <Speed>3.4</Speed>
       </TPX>
      </Extensions>
     </Trackpoint>
     <Trackpoint>
      <Time>2026-08-19T11:21:40Z</Time>
      <Position>
       <LatitudeDegrees>5.2352630</LatitudeDegrees>
       <LongitudeDegrees>100.4342450</LongitudeDegrees>
      </Position>
      <AltitudeMeters>5.6</AltitudeMeters>
      <DistanceMeters>782.9</DistanceMeters>
      <HeartRateBpm>
       <Value>155</Value>
      </HeartRateBpm>
      <Extensions>
       <TPX xmlns="http://www.garmin.com/xmlschemas/ActivityExtension/v2">
        <Speed>3.3</Speed>
       </TPX>
      </Extensions>
     </Trackpoint>
     <Trackpoint>
      <Time>2026-08-19T11:21:41Z</Time>
      <Position>
       <LatitudeDegrees>5.2352890</LatitudeDegrees>
       <LongitudeDegrees>100.4342470</LongitudeDegrees>
      </Position>
      <AltitudeMeters>5.6</AltitudeMeters>
      <DistanceMeters>785.8</DistanceMeters>
      <HeartRateBpm>
       <Value>155</Value>
      </HeartRateBpm>
      <Extensions>
       <TPX xmlns="http://www.garmin.com/xmlschemas/ActivityExtension/v2">
        <Speed>3.1</Speed>
       </TPX>
      </Extensions>
     </Trackpoint>
     <Trackpoint>
      <Time>2026-08-19T11:21:42Z</Time>
      <Position>
       <LatitudeDegrees>5.2353150</LatitudeDegrees>
       <LongitudeDegrees>100.4342480</LongitudeDegrees>
      </Position>
      <AltitudeMeters>5.6</AltitudeMeters>
      <DistanceMeters>788.6</DistanceMeters>
      <HeartRateBpm>
       <Value>156</Value>
      </HeartRateBpm>
      <Extensions>
       <TPX xmlns="http://www.garmin.com/xmlschemas/ActivityExtension/v2">
        <Speed>3.0</Speed>
       </TPX>
      </Extensions>
     </Trackpoint>
     <Trackpoint>
      <Time>2026-08-19T11:21:43Z</Time>
      <Position>
       <LatitudeDegrees>5.2353410</LatitudeDegrees>
       <LongitudeDegrees>100.4342460</LongitudeDegrees>
      </Position>
      <AltitudeMeters>5.6</AltitudeMeters>
      <DistanceMeters>791.5</DistanceMeters>
      <HeartRateBpm>
       <Value>156</Value>
      </HeartRateBpm>
      <Extensions>
       <TPX xmlns="http://www.garmin.com/xmlschemas/ActivityExtension/v2">
        <Speed>2.9</Speed>
       </TPX>
      </Extensions>
     </Trackpoint>
     <Trackpoint>
      <Time>2026-08-19T11:21:44Z</Time>
      <Position>
       <LatitudeDegrees>5.2353630</LatitudeDegrees>
       <LongitudeDegrees>100.4342420</LongitudeDegrees>
      </Position>
      <AltitudeMeters>5.6</AltitudeMeters>
      <DistanceMeters>794.0</DistanceMeters>
      <HeartRateBpm>
       <Value>156</Value>
      </HeartRateBpm>
      <Extensions>
       <TPX xmlns="http://www.garmin.com/xmlschemas/ActivityExtension/v2">
        <Speed>2.8</Speed>
       </TPX>
      </Extensions>
     </Trackpoint>
     <Trackpoint>
      <Time>2026-08-19T11:21:45Z</Time>
      <Position>
       <LatitudeDegrees>5.2353830</LatitudeDegrees>
       <LongitudeDegrees>100.4342390</LongitudeDegrees>
      </Position>
      <AltitudeMeters>5.6</AltitudeMeters>
      <DistanceMeters>796.3</DistanceMeters>
      <HeartRateBpm>
       <Value>155</Value>
      </HeartRateBpm>
      <Extensions>
       <TPX xmlns="http://www.garmin.com/xmlschemas/ActivityExtension/v2">
        <Speed>2.7</Speed>
       </TPX>
      </Extensions>
     </Trackpoint>
     <Trackpoint>
      <Time>2026-08-19T11:21:46Z</Time>
      <Position>
       <LatitudeDegrees>5.2354060</LatitudeDegrees>
       <LongitudeDegrees>100.4342340</LongitudeDegrees>
      </Position>
      <AltitudeMeters>5.6</AltitudeMeters>
      <DistanceMeters>798.9</DistanceMeters>
      <HeartRateBpm>
       <Value>155</Value>
      </HeartRateBpm>
      <Extensions>
       <TPX xmlns="http://www.garmin.com/xmlschemas/ActivityExtension/v2">
        <Speed>2.6</Speed>
       </TPX>
      </Extensions>
     </Trackpoint>
     <Trackpoint>
      <Time>2026-08-19T11:21:47Z</Time>
      <Position>
       <LatitudeDegrees>5.2354290</LatitudeDegrees>
       <LongitudeDegrees>100.4342290</LongitudeDegrees>
      </Position>
      <AltitudeMeters>5.6</AltitudeMeters>
      <DistanceMeters>801.5</DistanceMeters>
      <HeartRateBpm>
       <Value>156</Value>
      </HeartRateBpm>
      <Extensions>
       <TPX xmlns="http://www.garmin.com/xmlschemas/ActivityExtension/v2">
        <Speed>2.6</Speed>
       </TPX>
      </Extensions>
     </Trackpoint>
     <Trackpoint>
      <Time>2026-08-19T11:21:48Z</Time>
      <Position>
       <LatitudeDegrees>5.2354550</LatitudeDegrees>
       <LongitudeDegrees>100.4342220</LongitudeDegrees>
      </Position>
      <AltitudeMeters>5.6</AltitudeMeters>
      <DistanceMeters>804.5</DistanceMeters>
      <HeartRateBpm>
       <Value>156</Value>
      </HeartRateBpm>
      <Extensions>
       <TPX xmlns="http://www.garmin.com/xmlschemas/ActivityExtension/v2">
        <Speed>2.6</Speed>
       </TPX>
      </Extensions>
     </Trackpoint>
     <Trackpoint>
      <Time>2026-08-19T11:21:49Z</Time>
      <Position>
       <LatitudeDegrees>5.2354840</LatitudeDegrees>
       <LongitudeDegrees>100.4342140</LongitudeDegrees>
      </Position>
      <AltitudeMeters>5.6</AltitudeMeters>
      <DistanceMeters>807.8</DistanceMeters>
      <HeartRateBpm>
       <Value>156</Value>
      </HeartRateBpm>
      <Extensions>
       <TPX xmlns="http://www.garmin.com/xmlschemas/ActivityExtension/v2">
        <Speed>2.8</Speed>
       </TPX>
      </Extensions>
     </Trackpoint>
     <Trackpoint>
      <Time>2026-08-19T11:21:50Z</Time>
      <Position>
       <LatitudeDegrees>5.2355120</LatitudeDegrees>
       <LongitudeDegrees>100.4342040</LongitudeDegrees>
      </Position>
      <AltitudeMeters>5.6</AltitudeMeters>
      <DistanceMeters>811.1</DistanceMeters>
      <HeartRateBpm>
       <Value>155</Value>
      </HeartRateBpm>
      <Extensions>
       <TPX xmlns="http://www.garmin.com/xmlschemas/ActivityExtension/v2">
        <Speed>3.0</Speed>
       </TPX>
      </Extensions>
     </Trackpoint>
     <Trackpoint>
      <Time>2026-08-19T11:21:51Z</Time>
      <Position>
       <LatitudeDegrees>5.2355430</LatitudeDegrees>
       <LongitudeDegrees>100.4341980</LongitudeDegrees>
      </Position>
      <AltitudeMeters>5.6</AltitudeMeters>
      <DistanceMeters>814.6</DistanceMeters>
      <HeartRateBpm>
       <Value>155</Value>
      </HeartRateBpm>
      <Extensions>
       <TPX xmlns="http://www.garmin.com/xmlschemas/ActivityExtension/v2">
        <Speed>3.1</Speed>
       </TPX>
      </Extensions>
     </Trackpoint>
     <Trackpoint>
      <Time>2026-08-19T11:21:52Z</Time>
      <Position>
       <LatitudeDegrees>5.2355720</LatitudeDegrees>
       <LongitudeDegrees>100.4341940</LongitudeDegrees>
      </Position>
      <AltitudeMeters>5.6</AltitudeMeters>
      <DistanceMeters>817.8</DistanceMeters>
      <HeartRateBpm>
       <Value>156</Value>
      </HeartRateBpm>
      <Extensions>
       <TPX xmlns="http://www.garmin.com/xmlschemas/ActivityExtension/v2">
        <Speed>3.3</Speed>
       </TPX>
      </Extensions>
     </Trackpoint>
     <Trackpoint>
      <Time>2026-08-19T11:21:53Z</Time>
      <Position>
       <LatitudeDegrees>5.2356000</LatitudeDegrees>
       <LongitudeDegrees>100.4341880</LongitudeDegrees>
      </Position>
      <AltitudeMeters>5.6</AltitudeMeters>
      <DistanceMeters>821.1</DistanceMeters>
      <HeartRateBpm>
       <Value>157</Value>
      </HeartRateBpm>
      <Extensions>
       <TPX xmlns="http://www.garmin.com/xmlschemas/ActivityExtension/v2">
        <Speed>3.3</Speed>
       </TPX>
      </Extensions>
     </Trackpoint>
     <Trackpoint>
      <Time>2026-08-19T11:21:54Z</Time>
      <Position>
       <LatitudeDegrees>5.2356270</LatitudeDegrees>
       <LongitudeDegrees>100.4341830</LongitudeDegrees>
      </Position>
      <AltitudeMeters>5.6</AltitudeMeters>
      <DistanceMeters>824.2</DistanceMeters>
      <HeartRateBpm>
       <Value>157</Value>
      </HeartRateBpm>
      <Extensions>
       <TPX xmlns="http://www.garmin.com/xmlschemas/ActivityExtension/v2">
        <Speed>3.3</Speed>
       </TPX>
      </Extensions>
     </Trackpoint>
     <Trackpoint>
      <Time>2026-08-19T11:21:55Z</Time>
      <Position>
       <LatitudeDegrees>5.2356610</LatitudeDegrees>
       <LongitudeDegrees>100.4341740</LongitudeDegrees>
      </Position>
      <AltitudeMeters>5.6</AltitudeMeters>
      <DistanceMeters>828.0</DistanceMeters>
      <HeartRateBpm>
       <Value>157</Value>
      </HeartRateBpm>
      <Extensions>
       <TPX xmlns="http://www.garmin.com/xmlschemas/ActivityExtension/v2">
        <Speed>3.4</Speed>
       </TPX>
      </Extensions>
     </Trackpoint>
     <Trackpoint>
      <Time>2026-08-19T11:21:56Z</Time>
      <Position>
       <LatitudeDegrees>5.2356890</LatitudeDegrees>
       <LongitudeDegrees>100.4341640</LongitudeDegrees>
      </Position>
      <AltitudeMeters>5.6</AltitudeMeters>
      <DistanceMeters>831.3</DistanceMeters>
      <HeartRateBpm>
       <Value>156</Value>
      </HeartRateBpm>
      <Extensions>
       <TPX xmlns="http://www.garmin.com/xmlschemas/ActivityExtension/v2">
        <Speed>3.3</Speed>
       </TPX>
      </Extensions>
     </Trackpoint>
     <Trackpoint>
      <Time>2026-08-19T11:21:57Z</Time>
      <Position>
       <LatitudeDegrees>5.2357130</LatitudeDegrees>
       <LongitudeDegrees>100.4341490</LongitudeDegrees>
      </Position>
      <AltitudeMeters>5.6</AltitudeMeters>
      <DistanceMeters>834.4</DistanceMeters>
      <HeartRateBpm>
       <Value>156</Value>
      </HeartRateBpm>
      <Extensions>
       <TPX xmlns="http://www.garmin.com/xmlschemas/ActivityExtension/v2">
        <Speed>3.3</Speed>
       </TPX>
      </Extensions>
     </Trackpoint>
     <Trackpoint>
      <Time>2026-08-19T11:21:58Z</Time>
      <Position>
       <LatitudeDegrees>5.2357310</LatitudeDegrees>
       <LongitudeDegrees>100.4341440</LongitudeDegrees>
      </Position>
      <AltitudeMeters>5.6</AltitudeMeters>
      <DistanceMeters>836.5</DistanceMeters>
      <HeartRateBpm>
       <Value>156</Value>
      </HeartRateBpm>
      <Extensions>
       <TPX xmlns="http://www.garmin.com/xmlschemas/ActivityExtension/v2">
        <Speed>3.1</Speed>
       </TPX>
      </Extensions>
     </Trackpoint>
     <Trackpoint>
      <Time>2026-08-19T11:21:59Z</Time>
      <Position>
       <LatitudeDegrees>5.2357510</LatitudeDegrees>
       <LongitudeDegrees>100.4341420</LongitudeDegrees>
      </Position>
      <AltitudeMeters>5.6</AltitudeMeters>
      <DistanceMeters>838.7</DistanceMeters>
      <HeartRateBpm>
       <Value>156</Value>
      </HeartRateBpm>
      <Extensions>
       <TPX xmlns="http://www.garmin.com/xmlschemas/ActivityExtension/v2">
        <Speed>2.9</Speed>
       </TPX>
      </Extensions>
     </Trackpoint>
     <Trackpoint>
      <Time>2026-08-19T11:22:00Z</Time>
      <Position>
       <LatitudeDegrees>5.2357730</LatitudeDegrees>
       <LongitudeDegrees>100.4341430</LongitudeDegrees>
      </Position>
      <AltitudeMeters>5.6</AltitudeMeters>
      <DistanceMeters>841.2</DistanceMeters>
      <HeartRateBpm>
       <Value>156</Value>
      </HeartRateBpm>
      <Extensions>
       <TPX xmlns="http://www.garmin.com/xmlschemas/ActivityExtension/v2">
        <Speed>2.6</Speed>
       </TPX>
      </Extensions>
     </Trackpoint>
     <Trackpoint>
      <Time>2026-08-19T11:22:01Z</Time>
      <Position>
       <LatitudeDegrees>5.2358020</LatitudeDegrees>
       <LongitudeDegrees>100.4341410</LongitudeDegrees>
      </Position>
      <AltitudeMeters>5.6</AltitudeMeters>
      <DistanceMeters>844.4</DistanceMeters>
      <HeartRateBpm>
       <Value>156</Value>
      </HeartRateBpm>
      <Extensions>
       <TPX xmlns="http://www.garmin.com/xmlschemas/ActivityExtension/v2">
        <Speed>2.6</Speed>
       </TPX>
      </Extensions>
     </Trackpoint>
     <Trackpoint>
      <Time>2026-08-19T11:22:02Z</Time>
      <Position>
       <LatitudeDegrees>5.2358330</LatitudeDegrees>
       <LongitudeDegrees>100.4341380</LongitudeDegrees>
      </Position>
      <AltitudeMeters>5.6</AltitudeMeters>
      <DistanceMeters>847.9</DistanceMeters>
      <HeartRateBpm>
       <Value>156</Value>
      </HeartRateBpm>
      <Extensions>
       <TPX xmlns="http://www.garmin.com/xmlschemas/ActivityExtension/v2">
        <Speed>2.7</Speed>
       </TPX>
      </Extensions>
     </Trackpoint>
     <Trackpoint>
      <Time>2026-08-19T11:22:03Z</Time>
      <Position>
       <LatitudeDegrees>5.2358620</LatitudeDegrees>
       <LongitudeDegrees>100.4341370</LongitudeDegrees>
      </Position>
      <AltitudeMeters>5.6</AltitudeMeters>
      <DistanceMeters>851.1</DistanceMeters>
      <HeartRateBpm>
       <Value>156</Value>
      </HeartRateBpm>
      <Extensions>
       <TPX xmlns="http://www.garmin.com/xmlschemas/ActivityExtension/v2">
        <Speed>2.9</Speed>
       </TPX>
      </Extensions>
     </Trackpoint>
     <Trackpoint>
      <Time>2026-08-19T11:22:04Z</Time>
      <Position>
       <LatitudeDegrees>5.2358870</LatitudeDegrees>
       <LongitudeDegrees>100.4341400</LongitudeDegrees>
      </Position>
      <AltitudeMeters>5.6</AltitudeMeters>
      <DistanceMeters>853.9</DistanceMeters>
      <HeartRateBpm>
       <Value>156</Value>
      </HeartRateBpm>
      <Extensions>
       <TPX xmlns="http://www.garmin.com/xmlschemas/ActivityExtension/v2">
        <Speed>3.0</Speed>
       </TPX>
      </Extensions>
     </Trackpoint>
     <Trackpoint>
      <Time>2026-08-19T11:22:05Z</Time>
      <Position>
       <LatitudeDegrees>5.2359140</LatitudeDegrees>
       <LongitudeDegrees>100.4341340</LongitudeDegrees>
      </Position>
      <AltitudeMeters>5.6</AltitudeMeters>
      <DistanceMeters>856.9</DistanceMeters>
      <HeartRateBpm>
       <Value>156</Value>
      </HeartRateBpm>
      <Extensions>
       <TPX xmlns="http://www.garmin.com/xmlschemas/ActivityExtension/v2">
        <Speed>3.1</Speed>
       </TPX>
      </Extensions>
     </Trackpoint>
     <Trackpoint>
      <Time>2026-08-19T11:22:06Z</Time>
      <Position>
       <LatitudeDegrees>5.2359390</LatitudeDegrees>
       <LongitudeDegrees>100.4341190</LongitudeDegrees>
      </Position>
      <AltitudeMeters>5.6</AltitudeMeters>
      <DistanceMeters>860.1</DistanceMeters>
      <HeartRateBpm>
       <Value>156</Value>
      </HeartRateBpm>
      <Extensions>
       <TPX xmlns="http://www.garmin.com/xmlschemas/ActivityExtension/v2">
        <Speed>3.1</Speed>
       </TPX>
      </Extensions>
     </Trackpoint>
     <Trackpoint>
      <Time>2026-08-19T11:22:07Z</Time>
      <Position>
       <LatitudeDegrees>5.2359630</LatitudeDegrees>
       <LongitudeDegrees>100.4341040</LongitudeDegrees>
      </Position>
      <AltitudeMeters>5.6</AltitudeMeters>
      <DistanceMeters>863.3</DistanceMeters>
      <HeartRateBpm>
       <Value>156</Value>
      </HeartRateBpm>
      <Extensions>
       <TPX xmlns="http://www.garmin.com/xmlschemas/ActivityExtension/v2">
        <Speed>3.1</Speed>
       </TPX>
      </Extensions>
     </Trackpoint>
     <Trackpoint>
      <Time>2026-08-19T11:22:08Z</Time>
      <Position>
       <LatitudeDegrees>5.2359860</LatitudeDegrees>
       <LongitudeDegrees>100.4340940</LongitudeDegrees>
      </Position>
      <AltitudeMeters>5.6</AltitudeMeters>
      <DistanceMeters>866.1</DistanceMeters>
      <HeartRateBpm>
       <Value>156</Value>
      </HeartRateBpm>
      <Extensions>
       <TPX xmlns="http://www.garmin.com/xmlschemas/ActivityExtension/v2">
        <Speed>3.0</Speed>
       </TPX>
      </Extensions>
     </Trackpoint>
     <Trackpoint>
      <Time>2026-08-19T11:22:09Z</Time>
      <Position>
       <LatitudeDegrees>5.2360160</LatitudeDegrees>
       <LongitudeDegrees>100.4340820</LongitudeDegrees>
      </Position>
      <AltitudeMeters>5.6</AltitudeMeters>
      <DistanceMeters>869.7</DistanceMeters>
      <HeartRateBpm>
       <Value>156</Value>
      </HeartRateBpm>
      <Extensions>
       <TPX xmlns="http://www.garmin.com/xmlschemas/ActivityExtension/v2">
        <Speed>3.2</Speed>
       </TPX>
      </Extensions>
     </Trackpoint>
     <Trackpoint>
      <Time>2026-08-19T11:22:10Z</Time>
      <Position>
       <LatitudeDegrees>5.2360420</LatitudeDegrees>
       <LongitudeDegrees>100.4340740</LongitudeDegrees>
      </Position>
      <AltitudeMeters>5.6</AltitudeMeters>
      <DistanceMeters>872.7</DistanceMeters>
      <HeartRateBpm>
       <Value>156</Value>
      </HeartRateBpm>
      <Extensions>
       <TPX xmlns="http://www.garmin.com/xmlschemas/ActivityExtension/v2">
        <Speed>3.2</Speed>
       </TPX>
      </Extensions>
     </Trackpoint>
     <Trackpoint>
      <Time>2026-08-19T11:22:11Z</Time>
      <Position>
       <LatitudeDegrees>5.2360690</LatitudeDegrees>
       <LongitudeDegrees>100.4340670</LongitudeDegrees>
      </Position>
      <AltitudeMeters>5.6</AltitudeMeters>
      <DistanceMeters>875.8</DistanceMeters>
      <HeartRateBpm>
       <Value>156</Value>
      </HeartRateBpm>
      <Extensions>
       <TPX xmlns="http://www.garmin.com/xmlschemas/ActivityExtension/v2">
        <Speed>3.1</Speed>
       </TPX>
      </Extensions>
     </Trackpoint>
     <Trackpoint>
      <Time>2026-08-19T11:22:12Z</Time>
      <Position>
       <LatitudeDegrees>5.2360980</LatitudeDegrees>
       <LongitudeDegrees>100.4340600</LongitudeDegrees>
      </Position>
      <AltitudeMeters>5.6</AltitudeMeters>
      <DistanceMeters>879.2</DistanceMeters>
      <HeartRateBpm>
       <Value>156</Value>
      </HeartRateBpm>
      <Extensions>
       <TPX xmlns="http://www.garmin.com/xmlschemas/ActivityExtension/v2">
        <Speed>3.2</Speed>
       </TPX>
      </Extensions>
     </Trackpoint>
     <Trackpoint>
      <Time>2026-08-19T11:22:13Z</Time>
      <Position>
       <LatitudeDegrees>5.2361230</LatitudeDegrees>
       <LongitudeDegrees>100.4340510</LongitudeDegrees>
      </Position>
      <AltitudeMeters>5.6</AltitudeMeters>
      <DistanceMeters>882.1</DistanceMeters>
      <HeartRateBpm>
       <Value>156</Value>
      </HeartRateBpm>
      <Extensions>
       <TPX xmlns="http://www.garmin.com/xmlschemas/ActivityExtension/v2">
        <Speed>3.2</Speed>
       </TPX>
      </Extensions>
     </Trackpoint>
     <Trackpoint>
      <Time>2026-08-19T11:22:14Z</Time>
      <Position>
       <LatitudeDegrees>5.2361560</LatitudeDegrees>
       <LongitudeDegrees>100.4340430</LongitudeDegrees>
      </Position>
      <AltitudeMeters>5.6</AltitudeMeters>
      <DistanceMeters>885.9</DistanceMeters>
      <HeartRateBpm>
       <Value>156</Value>
      </HeartRateBpm>
      <Extensions>
       <TPX xmlns="http://www.garmin.com/xmlschemas/ActivityExtension/v2">
        <Speed>3.2</Speed>
       </TPX>
      </Extensions>
     </Trackpoint>
     <Trackpoint>
      <Time>2026-08-19T11:22:15Z</Time>
      <Position>
       <LatitudeDegrees>5.2361860</LatitudeDegrees>
       <LongitudeDegrees>100.4340370</LongitudeDegrees>
      </Position>
      <AltitudeMeters>5.6</AltitudeMeters>
      <DistanceMeters>889.2</DistanceMeters>
      <HeartRateBpm>
       <Value>156</Value>
      </HeartRateBpm>
      <Extensions>
       <TPX xmlns="http://www.garmin.com/xmlschemas/ActivityExtension/v2">
        <Speed>3.3</Speed>
       </TPX>
      </Extensions>
     </Trackpoint>
     <Trackpoint>
      <Time>2026-08-19T11:22:16Z</Time>
      <Position>
       <LatitudeDegrees>5.2362160</LatitudeDegrees>
       <LongitudeDegrees>100.4340290</LongitudeDegrees>
      </Position>
      <AltitudeMeters>5.6</AltitudeMeters>
      <DistanceMeters>892.7</DistanceMeters>
      <HeartRateBpm>
       <Value>156</Value>
      </HeartRateBpm>
      <Extensions>
       <TPX xmlns="http://www.garmin.com/xmlschemas/ActivityExtension/v2">
        <Speed>3.4</Speed>
       </TPX>
      </Extensions>
     </Trackpoint>
     <Trackpoint>
      <Time>2026-08-19T11:22:17Z</Time>
      <Position>
       <LatitudeDegrees>5.2362490</LatitudeDegrees>
       <LongitudeDegrees>100.4340210</LongitudeDegrees>
      </Position>
      <AltitudeMeters>5.6</AltitudeMeters>
      <DistanceMeters>896.4</DistanceMeters>
      <HeartRateBpm>
       <Value>157</Value>
      </HeartRateBpm>
      <Extensions>
       <TPX xmlns="http://www.garmin.com/xmlschemas/ActivityExtension/v2">
        <Speed>3.4</Speed>
       </TPX>
      </Extensions>
     </Trackpoint>
     <Trackpoint>
      <Time>2026-08-19T11:22:18Z</Time>
      <Position>
       <LatitudeDegrees>5.2362820</LatitudeDegrees>
       <LongitudeDegrees>100.4340140</LongitudeDegrees>
      </Position>
      <AltitudeMeters>5.6</AltitudeMeters>
      <DistanceMeters>900.2</DistanceMeters>
      <HeartRateBpm>
       <Value>158</Value>
      </HeartRateBpm>
      <Extensions>
       <TPX xmlns="http://www.garmin.com/xmlschemas/ActivityExtension/v2">
        <Speed>3.6</Speed>
       </TPX>
      </Extensions>
     </Trackpoint>
     <Trackpoint>
      <Time>2026-08-19T11:22:19Z</Time>
      <Position>
       <LatitudeDegrees>5.2363140</LatitudeDegrees>
       <LongitudeDegrees>100.4340070</LongitudeDegrees>
      </Position>
      <AltitudeMeters>5.6</AltitudeMeters>
      <DistanceMeters>903.9</DistanceMeters>
      <HeartRateBpm>
       <Value>158</Value>
      </HeartRateBpm>
      <Extensions>
       <TPX xmlns="http://www.garmin.com/xmlschemas/ActivityExtension/v2">
        <Speed>3.6</Speed>
       </TPX>
      </Extensions>
     </Trackpoint>
     <Trackpoint>
      <Time>2026-08-19T11:22:20Z</Time>
      <Position>
       <LatitudeDegrees>5.2363450</LatitudeDegrees>
       <LongitudeDegrees>100.4340030</LongitudeDegrees>
      </Position>
      <AltitudeMeters>5.6</AltitudeMeters>
      <DistanceMeters>907.3</DistanceMeters>
      <HeartRateBpm>
       <Value>157</Value>
      </HeartRateBpm>
      <Extensions>
       <TPX xmlns="http://www.garmin.com/xmlschemas/ActivityExtension/v2">
        <Speed>3.6</Speed>
       </TPX>
      </Extensions>
     </Trackpoint>
     <Trackpoint>
      <Time>2026-08-19T11:22:21Z</Time>
      <Position>
       <LatitudeDegrees>5.2363760</LatitudeDegrees>
       <LongitudeDegrees>100.4339990</LongitudeDegrees>
      </Position>
      <AltitudeMeters>5.6</AltitudeMeters>
      <DistanceMeters>910.8</DistanceMeters>
      <HeartRateBpm>
       <Value>157</Value>
      </HeartRateBpm>
      <Extensions>
       <TPX xmlns="http://www.garmin.com/xmlschemas/ActivityExtension/v2">
        <Speed>3.6</Speed>
       </TPX>
      </Extensions>
     </Trackpoint>
     <Trackpoint>
      <Time>2026-08-19T11:22:22Z</Time>
      <Position>
       <LatitudeDegrees>5.2364020</LatitudeDegrees>
       <LongitudeDegrees>100.4339950</LongitudeDegrees>
      </Position>
      <AltitudeMeters>5.6</AltitudeMeters>
      <DistanceMeters>913.8</DistanceMeters>
      <HeartRateBpm>
       <Value>157</Value>
      </HeartRateBpm>
      <Extensions>
       <TPX xmlns="http://www.garmin.com/xmlschemas/ActivityExtension/v2">
        <Speed>3.5</Speed>
       </TPX>
      </Extensions>
     </Trackpoint>
     <Trackpoint>
      <Time>2026-08-19T11:22:23Z</Time>
      <Position>
       <LatitudeDegrees>5.2364260</LatitudeDegrees>
       <LongitudeDegrees>100.4339900</LongitudeDegrees>
      </Position>
      <AltitudeMeters>5.6</AltitudeMeters>
      <DistanceMeters>916.5</DistanceMeters>
      <HeartRateBpm>
       <Value>158</Value>
      </HeartRateBpm>
      <Extensions>
       <TPX xmlns="http://www.garmin.com/xmlschemas/ActivityExtension/v2">
        <Speed>3.3</Speed>
       </TPX>
      </Extensions>
     </Trackpoint>
     <Trackpoint>
      <Time>2026-08-19T11:22:24Z</Time>
      <Position>
       <LatitudeDegrees>5.2364510</LatitudeDegrees>
       <LongitudeDegrees>100.4339810</LongitudeDegrees>
      </Position>
      <AltitudeMeters>5.6</AltitudeMeters>
      <DistanceMeters>919.4</DistanceMeters>
      <HeartRateBpm>
       <Value>157</Value>
      </HeartRateBpm>
      <Extensions>
       <TPX xmlns="http://www.garmin.com/xmlschemas/ActivityExtension/v2">
        <Speed>3.1</Speed>
       </TPX>
      </Extensions>
     </Trackpoint>
     <Trackpoint>
      <Time>2026-08-19T11:22:25Z</Time>
      <Position>
       <LatitudeDegrees>5.2364770</LatitudeDegrees>
       <LongitudeDegrees>100.4339640</LongitudeDegrees>
      </Position>
      <AltitudeMeters>5.6</AltitudeMeters>
      <DistanceMeters>922.8</DistanceMeters>
      <HeartRateBpm>
       <Value>156</Value>
      </HeartRateBpm>
      <Extensions>
       <TPX xmlns="http://www.garmin.com/xmlschemas/ActivityExtension/v2">
        <Speed>3.1</Speed>
       </TPX>
      </Extensions>
     </Trackpoint>
     <Trackpoint>
      <Time>2026-08-19T11:22:26Z</Time>
      <Position>
       <LatitudeDegrees>5.2365040</LatitudeDegrees>
       <LongitudeDegrees>100.4339540</LongitudeDegrees>
      </Position>
      <AltitudeMeters>5.6</AltitudeMeters>
      <DistanceMeters>926.0</DistanceMeters>
      <HeartRateBpm>
       <Value>156</Value>
      </HeartRateBpm>
      <Extensions>
       <TPX xmlns="http://www.garmin.com/xmlschemas/ActivityExtension/v2">
        <Speed>3.0</Speed>
       </TPX>
      </Extensions>
     </Trackpoint>
     <Trackpoint>
      <Time>2026-08-19T11:22:27Z</Time>
      <Position>
       <LatitudeDegrees>5.2365250</LatitudeDegrees>
       <LongitudeDegrees>100.4339570</LongitudeDegrees>
      </Position>
      <AltitudeMeters>5.6</AltitudeMeters>
      <DistanceMeters>928.4</DistanceMeters>
      <HeartRateBpm>
       <Value>156</Value>
      </HeartRateBpm>
      <Extensions>
       <TPX xmlns="http://www.garmin.com/xmlschemas/ActivityExtension/v2">
        <Speed>2.9</Speed>
       </TPX>
      </Extensions>
     </Trackpoint>
     <Trackpoint>
      <Time>2026-08-19T11:22:28Z</Time>
      <Position>
       <LatitudeDegrees>5.2365460</LatitudeDegrees>
       <LongitudeDegrees>100.4339670</LongitudeDegrees>
      </Position>
      <AltitudeMeters>5.6</AltitudeMeters>
      <DistanceMeters>931.0</DistanceMeters>
      <HeartRateBpm>
       <Value>156</Value>
      </HeartRateBpm>
      <Extensions>
       <TPX xmlns="http://www.garmin.com/xmlschemas/ActivityExtension/v2">
        <Speed>2.9</Speed>
       </TPX>
      </Extensions>
     </Trackpoint>
     <Trackpoint>
      <Time>2026-08-19T11:22:29Z</Time>
      <Position>
       <LatitudeDegrees>5.2365770</LatitudeDegrees>
       <LongitudeDegrees>100.4339930</LongitudeDegrees>
      </Position>
      <AltitudeMeters>5.6</AltitudeMeters>
      <DistanceMeters>935.4</DistanceMeters>
      <HeartRateBpm>
       <Value>156</Value>
      </HeartRateBpm>
      <Extensions>
       <TPX xmlns="http://www.garmin.com/xmlschemas/ActivityExtension/v2">
        <Speed>3.2</Speed>
       </TPX>
      </Extensions>
     </Trackpoint>
     <Trackpoint>
      <Time>2026-08-19T11:22:30Z</Time>
      <Position>
       <LatitudeDegrees>5.2365980</LatitudeDegrees>
       <LongitudeDegrees>100.4340170</LongitudeDegrees>
      </Position>
      <AltitudeMeters>5.6</AltitudeMeters>
      <DistanceMeters>939.0</DistanceMeters>
      <HeartRateBpm>
       <Value>156</Value>
      </HeartRateBpm>
      <Extensions>
       <TPX xmlns="http://www.garmin.com/xmlschemas/ActivityExtension/v2">
        <Speed>3.2</Speed>
       </TPX>
      </Extensions>
     </Trackpoint>
     <Trackpoint>
      <Time>2026-08-19T11:22:31Z</Time>
      <Position>
       <LatitudeDegrees>5.2366210</LatitudeDegrees>
       <LongitudeDegrees>100.4340390</LongitudeDegrees>
      </Position>
      <AltitudeMeters>5.7</AltitudeMeters>
      <DistanceMeters>942.5</DistanceMeters>
      <HeartRateBpm>
       <Value>156</Value>
      </HeartRateBpm>
      <Extensions>
       <TPX xmlns="http://www.garmin.com/xmlschemas/ActivityExtension/v2">
        <Speed>3.3</Speed>
       </TPX>
      </Extensions>
     </Trackpoint>
     <Trackpoint>
      <Time>2026-08-19T11:22:32Z</Time>
      <Position>
       <LatitudeDegrees>5.2366440</LatitudeDegrees>
       <LongitudeDegrees>100.4340590</LongitudeDegrees>
      </Position>
      <AltitudeMeters>5.7</AltitudeMeters>
      <DistanceMeters>945.9</DistanceMeters>
      <HeartRateBpm>
       <Value>156</Value>
      </HeartRateBpm>
      <Extensions>
       <TPX xmlns="http://www.garmin.com/xmlschemas/ActivityExtension/v2">
        <Speed>3.5</Speed>
       </TPX>
      </Extensions>
     </Trackpoint>
     <Trackpoint>
      <Time>2026-08-19T11:22:33Z</Time>
      <Position>
       <LatitudeDegrees>5.2366640</LatitudeDegrees>
       <LongitudeDegrees>100.4340760</LongitudeDegrees>
      </Position>
      <AltitudeMeters>5.7</AltitudeMeters>
      <DistanceMeters>948.8</DistanceMeters>
      <HeartRateBpm>
       <Value>157</Value>
      </HeartRateBpm>
      <Extensions>
       <TPX xmlns="http://www.garmin.com/xmlschemas/ActivityExtension/v2">
        <Speed>3.6</Speed>
       </TPX>
      </Extensions>
     </Trackpoint>
     <Trackpoint>
      <Time>2026-08-19T11:22:34Z</Time>
      <Position>
       <LatitudeDegrees>5.2366860</LatitudeDegrees>
       <LongitudeDegrees>100.4340950</LongitudeDegrees>
      </Position>
      <AltitudeMeters>5.7</AltitudeMeters>
      <DistanceMeters>952.1</DistanceMeters>
      <HeartRateBpm>
       <Value>156</Value>
      </HeartRateBpm>
      <Extensions>
       <TPX xmlns="http://www.garmin.com/xmlschemas/ActivityExtension/v2">
        <Speed>3.3</Speed>
       </TPX>
      </Extensions>
     </Trackpoint>
     <Trackpoint>
      <Time>2026-08-19T11:22:35Z</Time>
      <Position>
       <LatitudeDegrees>5.2366950</LatitudeDegrees>
       <LongitudeDegrees>100.4341200</LongitudeDegrees>
      </Position>
      <AltitudeMeters>5.7</AltitudeMeters>
      <DistanceMeters>955.0</DistanceMeters>
      <HeartRateBpm>
       <Value>157</Value>
      </HeartRateBpm>
      <Extensions>
       <TPX xmlns="http://www.garmin.com/xmlschemas/ActivityExtension/v2">
        <Speed>3.2</Speed>
       </TPX>
      </Extensions>
     </Trackpoint>
     <Trackpoint>
      <Time>2026-08-19T11:22:36Z</Time>
      <Position>
       <LatitudeDegrees>5.2367010</LatitudeDegrees>
       <LongitudeDegrees>100.4341440</LongitudeDegrees>
      </Position>
      <AltitudeMeters>5.7</AltitudeMeters>
      <DistanceMeters>957.7</DistanceMeters>
      <HeartRateBpm>
       <Value>157</Value>
      </HeartRateBpm>
      <Extensions>
       <TPX xmlns="http://www.garmin.com/xmlschemas/ActivityExtension/v2">
        <Speed>3.0</Speed>
       </TPX>
      </Extensions>
     </Trackpoint>
     <Trackpoint>
      <Time>2026-08-19T11:22:37Z</Time>
      <Position>
       <LatitudeDegrees>5.2367060</LatitudeDegrees>
       <LongitudeDegrees>100.4341700</LongitudeDegrees>
      </Position>
      <AltitudeMeters>5.7</AltitudeMeters>
      <DistanceMeters>960.6</DistanceMeters>
      <HeartRateBpm>
       <Value>157</Value>
      </HeartRateBpm>
      <Extensions>
       <TPX xmlns="http://www.garmin.com/xmlschemas/ActivityExtension/v2">
        <Speed>2.9</Speed>
       </TPX>
      </Extensions>
     </Trackpoint>
     <Trackpoint>
      <Time>2026-08-19T11:22:38Z</Time>
      <Position>
       <LatitudeDegrees>5.2367120</LatitudeDegrees>
       <LongitudeDegrees>100.4341940</LongitudeDegrees>
      </Position>
      <AltitudeMeters>5.7</AltitudeMeters>
      <DistanceMeters>963.4</DistanceMeters>
      <HeartRateBpm>
       <Value>157</Value>
      </HeartRateBpm>
      <Extensions>
       <TPX xmlns="http://www.garmin.com/xmlschemas/ActivityExtension/v2">
        <Speed>2.9</Speed>
       </TPX>
      </Extensions>
     </Trackpoint>
     <Trackpoint>
      <Time>2026-08-19T11:22:39Z</Time>
      <Position>
       <LatitudeDegrees>5.2367200</LatitudeDegrees>
       <LongitudeDegrees>100.4342230</LongitudeDegrees>
      </Position>
      <AltitudeMeters>5.7</AltitudeMeters>
      <DistanceMeters>966.7</DistanceMeters>
      <HeartRateBpm>
       <Value>157</Value>
      </HeartRateBpm>
      <Extensions>
       <TPX xmlns="http://www.garmin.com/xmlschemas/ActivityExtension/v2">
        <Speed>2.9</Speed>
       </TPX>
      </Extensions>
     </Trackpoint>
     <Trackpoint>
      <Time>2026-08-19T11:22:40Z</Time>
      <Position>
       <LatitudeDegrees>5.2367250</LatitudeDegrees>
       <LongitudeDegrees>100.4342500</LongitudeDegrees>
      </Position>
      <AltitudeMeters>5.7</AltitudeMeters>
      <DistanceMeters>969.7</DistanceMeters>
      <HeartRateBpm>
       <Value>157</Value>
      </HeartRateBpm>
      <Extensions>
       <TPX xmlns="http://www.garmin.com/xmlschemas/ActivityExtension/v2">
        <Speed>2.9</Speed>
       </TPX>
      </Extensions>
     </Trackpoint>
     <Trackpoint>
      <Time>2026-08-19T11:22:41Z</Time>
      <Position>
       <LatitudeDegrees>5.2367310</LatitudeDegrees>
       <LongitudeDegrees>100.4342770</LongitudeDegrees>
      </Position>
      <AltitudeMeters>5.7</AltitudeMeters>
      <DistanceMeters>972.8</DistanceMeters>
      <HeartRateBpm>
       <Value>157</Value>
      </HeartRateBpm>
      <Extensions>
       <TPX xmlns="http://www.garmin.com/xmlschemas/ActivityExtension/v2">
        <Speed>3.0</Speed>
       </TPX>
      </Extensions>
     </Trackpoint>
     <Trackpoint>
      <Time>2026-08-19T11:22:42Z</Time>
      <Position>
       <LatitudeDegrees>5.2367370</LatitudeDegrees>
       <LongitudeDegrees>100.4343040</LongitudeDegrees>
      </Position>
      <AltitudeMeters>5.7</AltitudeMeters>
      <DistanceMeters>975.9</DistanceMeters>
      <HeartRateBpm>
       <Value>156</Value>
      </HeartRateBpm>
      <Extensions>
       <TPX xmlns="http://www.garmin.com/xmlschemas/ActivityExtension/v2">
        <Speed>3.1</Speed>
       </TPX>
      </Extensions>
     </Trackpoint>
     <Trackpoint>
      <Time>2026-08-19T11:22:43Z</Time>
      <Position>
       <LatitudeDegrees>5.2367430</LatitudeDegrees>
       <LongitudeDegrees>100.4343300</LongitudeDegrees>
      </Position>
      <AltitudeMeters>5.7</AltitudeMeters>
      <DistanceMeters>978.8</DistanceMeters>
      <HeartRateBpm>
       <Value>156</Value>
      </HeartRateBpm>
      <Extensions>
       <TPX xmlns="http://www.garmin.com/xmlschemas/ActivityExtension/v2">
        <Speed>3.1</Speed>
       </TPX>
      </Extensions>
     </Trackpoint>
     <Trackpoint>
      <Time>2026-08-19T11:22:44Z</Time>
      <Position>
       <LatitudeDegrees>5.2367490</LatitudeDegrees>
       <LongitudeDegrees>100.4343630</LongitudeDegrees>
      </Position>
      <AltitudeMeters>5.7</AltitudeMeters>
      <DistanceMeters>982.5</DistanceMeters>
      <HeartRateBpm>
       <Value>156</Value>
      </HeartRateBpm>
      <Extensions>
       <TPX xmlns="http://www.garmin.com/xmlschemas/ActivityExtension/v2">
        <Speed>3.2</Speed>
       </TPX>
      </Extensions>
     </Trackpoint>
     <Trackpoint>
      <Time>2026-08-19T11:22:45Z</Time>
      <Position>
       <LatitudeDegrees>5.2367550</LatitudeDegrees>
       <LongitudeDegrees>100.4343930</LongitudeDegrees>
      </Position>
      <AltitudeMeters>5.7</AltitudeMeters>
      <DistanceMeters>985.9</DistanceMeters>
      <HeartRateBpm>
       <Value>156</Value>
      </HeartRateBpm>
      <Extensions>
       <TPX xmlns="http://www.garmin.com/xmlschemas/ActivityExtension/v2">
        <Speed>3.2</Speed>
       </TPX>
      </Extensions>
     </Trackpoint>
     <Trackpoint>
      <Time>2026-08-19T11:22:46Z</Time>
      <Position>
       <LatitudeDegrees>5.2367620</LatitudeDegrees>
       <LongitudeDegrees>100.4344240</LongitudeDegrees>
      </Position>
      <AltitudeMeters>5.7</AltitudeMeters>
      <DistanceMeters>989.4</DistanceMeters>
      <HeartRateBpm>
       <Value>156</Value>
      </HeartRateBpm>
      <Extensions>
       <TPX xmlns="http://www.garmin.com/xmlschemas/ActivityExtension/v2">
        <Speed>3.3</Speed>
       </TPX>
      </Extensions>
     </Trackpoint>
     <Trackpoint>
      <Time>2026-08-19T11:22:47Z</Time>
      <Position>
       <LatitudeDegrees>5.2367660</LatitudeDegrees>
       <LongitudeDegrees>100.4344540</LongitudeDegrees>
      </Position>
      <AltitudeMeters>5.7</AltitudeMeters>
      <DistanceMeters>992.8</DistanceMeters>
      <HeartRateBpm>
       <Value>157</Value>
      </HeartRateBpm>
      <Extensions>
       <TPX xmlns="http://www.garmin.com/xmlschemas/ActivityExtension/v2">
        <Speed>3.4</Speed>
       </TPX>
      </Extensions>
     </Trackpoint>
     <Trackpoint>
      <Time>2026-08-19T11:22:48Z</Time>
      <Position>
       <LatitudeDegrees>5.2367720</LatitudeDegrees>
       <LongitudeDegrees>100.4344820</LongitudeDegrees>
      </Position>
      <AltitudeMeters>5.7</AltitudeMeters>
      <DistanceMeters>995.9</DistanceMeters>
      <HeartRateBpm>
       <Value>157</Value>
      </HeartRateBpm>
      <Extensions>
       <TPX xmlns="http://www.garmin.com/xmlschemas/ActivityExtension/v2">
        <Speed>3.4</Speed>
       </TPX>
      </Extensions>
     </Trackpoint>
     <Trackpoint>
      <Time>2026-08-19T11:22:49Z</Time>
      <Position>
       <LatitudeDegrees>5.2367760</LatitudeDegrees>
       <LongitudeDegrees>100.4345120</LongitudeDegrees>
      </Position>
      <AltitudeMeters>5.7</AltitudeMeters>
      <DistanceMeters>999.3</DistanceMeters>
      <HeartRateBpm>
       <Value>157</Value>
      </HeartRateBpm>
      <Extensions>
       <TPX xmlns="http://www.garmin.com/xmlschemas/ActivityExtension/v2">
        <Speed>3.4</Speed>
       </TPX>
      </Extensions>
     </Trackpoint>
     <Trackpoint>
      <Time>2026-08-19T11:22:50Z</Time>
      <Position>
       <LatitudeDegrees>5.2367830</LatitudeDegrees>
       <LongitudeDegrees>100.4345400</LongitudeDegrees>
      </Position>
      <AltitudeMeters>5.7</AltitudeMeters>
      <DistanceMeters>1002.5</DistanceMeters>
      <HeartRateBpm>
       <Value>157</Value>
      </HeartRateBpm>
      <Extensions>
       <TPX xmlns="http://www.garmin.com/xmlschemas/ActivityExtension/v2">
        <Speed>3.3</Speed>
       </TPX>
      </Extensions>
     </Trackpoint>
     <Trackpoint>
      <Time>2026-08-19T11:22:51Z</Time>
      <Position>
       <LatitudeDegrees>5.2367900</LatitudeDegrees>
       <LongitudeDegrees>100.4345670</LongitudeDegrees>
      </Position>
      <AltitudeMeters>5.7</AltitudeMeters>
      <DistanceMeters>1005.6</DistanceMeters>
      <HeartRateBpm>
       <Value>157</Value>
      </HeartRateBpm>
      <Extensions>
       <TPX xmlns="http://www.garmin.com/xmlschemas/ActivityExtension/v2">
        <Speed>3.2</Speed>
       </TPX>
      </Extensions>
     </Trackpoint>
     <Trackpoint>
      <Time>2026-08-19T11:22:52Z</Time>
      <Position>
       <LatitudeDegrees>5.2367990</LatitudeDegrees>
       <LongitudeDegrees>100.4345930</LongitudeDegrees>
      </Position>
      <AltitudeMeters>5.7</AltitudeMeters>
      <DistanceMeters>1008.7</DistanceMeters>
      <HeartRateBpm>
       <Value>157</Value>
      </HeartRateBpm>
      <Extensions>
       <TPX xmlns="http://www.garmin.com/xmlschemas/ActivityExtension/v2">
        <Speed>3.2</Speed>
       </TPX>
      </Extensions>
     </Trackpoint>
     <Trackpoint>
      <Time>2026-08-19T11:22:53Z</Time>
      <Position>
       <LatitudeDegrees>5.2368040</LatitudeDegrees>
       <LongitudeDegrees>100.4346180</LongitudeDegrees>
      </Position>
      <AltitudeMeters>5.7</AltitudeMeters>
      <DistanceMeters>1011.5</DistanceMeters>
      <HeartRateBpm>
       <Value>157</Value>
      </HeartRateBpm>
      <Extensions>
       <TPX xmlns="http://www.garmin.com/xmlschemas/ActivityExtension/v2">
        <Speed>3.1</Speed>
       </TPX>
      </Extensions>
     </Trackpoint>
     <Trackpoint>
      <Time>2026-08-19T11:22:54Z</Time>
      <Position>
       <LatitudeDegrees>5.2368080</LatitudeDegrees>
       <LongitudeDegrees>100.4346440</LongitudeDegrees>
      </Position>
      <AltitudeMeters>5.7</AltitudeMeters>
      <DistanceMeters>1014.4</DistanceMeters>
      <HeartRateBpm>
       <Value>157</Value>
      </HeartRateBpm>
      <Extensions>
       <TPX xmlns="http://www.garmin.com/xmlschemas/ActivityExtension/v2">
        <Speed>3.0</Speed>
       </TPX>
      </Extensions>
     </Trackpoint>
     <Trackpoint>
      <Time>2026-08-19T11:22:55Z</Time>
      <Position>
       <LatitudeDegrees>5.2368120</LatitudeDegrees>
       <LongitudeDegrees>100.4346700</LongitudeDegrees>
      </Position>
      <AltitudeMeters>5.7</AltitudeMeters>
      <DistanceMeters>1017.3</DistanceMeters>
      <HeartRateBpm>
       <Value>157</Value>
      </HeartRateBpm>
      <Extensions>
       <TPX xmlns="http://www.garmin.com/xmlschemas/ActivityExtension/v2">
        <Speed>3.0</Speed>
       </TPX>
      </Extensions>
     </Trackpoint>
     <Trackpoint>
      <Time>2026-08-19T11:22:56Z</Time>
      <Position>
       <LatitudeDegrees>5.2368190</LatitudeDegrees>
       <LongitudeDegrees>100.4346960</LongitudeDegrees>
      </Position>
      <AltitudeMeters>5.7</AltitudeMeters>
      <DistanceMeters>1020.2</DistanceMeters>
      <HeartRateBpm>
       <Value>157</Value>
      </HeartRateBpm>
      <Extensions>
       <TPX xmlns="http://www.garmin.com/xmlschemas/ActivityExtension/v2">
        <Speed>2.9</Speed>
       </TPX>
      </Extensions>
     </Trackpoint>
     <Trackpoint>
      <Time>2026-08-19T11:22:57Z</Time>
      <Position>
       <LatitudeDegrees>5.2368280</LatitudeDegrees>
       <LongitudeDegrees>100.4347200</LongitudeDegrees>
      </Position>
      <AltitudeMeters>5.7</AltitudeMeters>
      <DistanceMeters>1023.1</DistanceMeters>
      <HeartRateBpm>
       <Value>157</Value>
      </HeartRateBpm>
      <Extensions>
       <TPX xmlns="http://www.garmin.com/xmlschemas/ActivityExtension/v2">
        <Speed>2.9</Speed>
       </TPX>
      </Extensions>
     </Trackpoint>
     <Trackpoint>
      <Time>2026-08-19T11:22:58Z</Time>
      <Position>
       <LatitudeDegrees>5.2368380</LatitudeDegrees>
       <LongitudeDegrees>100.4347450</LongitudeDegrees>
      </Position>
      <AltitudeMeters>5.7</AltitudeMeters>
      <DistanceMeters>1026.1</DistanceMeters>
      <HeartRateBpm>
       <Value>157</Value>
      </HeartRateBpm>
      <Extensions>
       <TPX xmlns="http://www.garmin.com/xmlschemas/ActivityExtension/v2">
        <Speed>2.9</Speed>
       </TPX>
      </Extensions>
     </Trackpoint>
     <Trackpoint>
      <Time>2026-08-19T11:22:59Z</Time>
      <Position>
       <LatitudeDegrees>5.2368460</LatitudeDegrees>
       <LongitudeDegrees>100.4347700</LongitudeDegrees>
      </Position>
      <AltitudeMeters>5.8</AltitudeMeters>
      <DistanceMeters>1029.0</DistanceMeters>
      <HeartRateBpm>
       <Value>157</Value>
      </HeartRateBpm>
      <Extensions>
       <TPX xmlns="http://www.garmin.com/xmlschemas/ActivityExtension/v2">
        <Speed>2.9</Speed>
       </TPX>
      </Extensions>
     </Trackpoint>
     <Trackpoint>
      <Time>2026-08-19T11:23:00Z</Time>
      <Position>
       <LatitudeDegrees>5.2368530</LatitudeDegrees>
       <LongitudeDegrees>100.4347950</LongitudeDegrees>
      </Position>
      <AltitudeMeters>5.8</AltitudeMeters>
      <DistanceMeters>1031.9</DistanceMeters>
      <HeartRateBpm>
       <Value>157</Value>
      </HeartRateBpm>
      <Extensions>
       <TPX xmlns="http://www.garmin.com/xmlschemas/ActivityExtension/v2">
        <Speed>2.9</Speed>
       </TPX>
      </Extensions>
     </Trackpoint>
     <Trackpoint>
      <Time>2026-08-19T11:23:01Z</Time>
      <Position>
       <LatitudeDegrees>5.2368550</LatitudeDegrees>
       <LongitudeDegrees>100.4348240</LongitudeDegrees>
      </Position>
      <AltitudeMeters>5.8</AltitudeMeters>
      <DistanceMeters>1035.1</DistanceMeters>
      <HeartRateBpm>
       <Value>157</Value>
      </HeartRateBpm>
      <Extensions>
       <TPX xmlns="http://www.garmin.com/xmlschemas/ActivityExtension/v2">
        <Speed>3.0</Speed>
       </TPX>
      </Extensions>
     </Trackpoint>
     <Trackpoint>
      <Time>2026-08-19T11:23:02Z</Time>
      <Position>
       <LatitudeDegrees>5.2368620</LatitudeDegrees>
       <LongitudeDegrees>100.4348510</LongitudeDegrees>
      </Position>
      <AltitudeMeters>5.8</AltitudeMeters>
      <DistanceMeters>1038.2</DistanceMeters>
      <HeartRateBpm>
       <Value>157</Value>
      </HeartRateBpm>
      <Extensions>
       <TPX xmlns="http://www.garmin.com/xmlschemas/ActivityExtension/v2">
        <Speed>3.0</Speed>
       </TPX>
      </Extensions>
     </Trackpoint>
     <Trackpoint>
      <Time>2026-08-19T11:23:03Z</Time>
      <Position>
       <LatitudeDegrees>5.2368690</LatitudeDegrees>
       <LongitudeDegrees>100.4348780</LongitudeDegrees>
      </Position>
      <AltitudeMeters>5.8</AltitudeMeters>
      <DistanceMeters>1041.3</DistanceMeters>
      <HeartRateBpm>
       <Value>157</Value>
      </HeartRateBpm>
      <Extensions>
       <TPX xmlns="http://www.garmin.com/xmlschemas/ActivityExtension/v2">
        <Speed>3.0</Speed>
       </TPX>
      </Extensions>
     </Trackpoint>
     <Trackpoint>
      <Time>2026-08-19T11:23:04Z</Time>
      <Position>
       <LatitudeDegrees>5.2368740</LatitudeDegrees>
       <LongitudeDegrees>100.4349060</LongitudeDegrees>
      </Position>
      <AltitudeMeters>5.8</AltitudeMeters>
      <DistanceMeters>1044.3</DistanceMeters>
      <HeartRateBpm>
       <Value>157</Value>
      </HeartRateBpm>
      <Extensions>
       <TPX xmlns="http://www.garmin.com/xmlschemas/ActivityExtension/v2">
        <Speed>3.1</Speed>
       </TPX>
      </Extensions>
     </Trackpoint>
     <Trackpoint>
      <Time>2026-08-19T11:23:05Z</Time>
      <Position>
       <LatitudeDegrees>5.2368710</LatitudeDegrees>
       <LongitudeDegrees>100.4349300</LongitudeDegrees>
      </Position>
      <AltitudeMeters>5.8</AltitudeMeters>
      <DistanceMeters>1047.0</DistanceMeters>
      <HeartRateBpm>
       <Value>157</Value>
      </HeartRateBpm>
      <Extensions>
       <TPX xmlns="http://www.garmin.com/xmlschemas/ActivityExtension/v2">
        <Speed>3.0</Speed>
       </TPX>
      </Extensions>
     </Trackpoint>
     <Trackpoint>
      <Time>2026-08-19T11:23:06Z</Time>
      <Position>
       <LatitudeDegrees>5.2368740</LatitudeDegrees>
       <LongitudeDegrees>100.4349520</LongitudeDegrees>
      </Position>
      <AltitudeMeters>5.8</AltitudeMeters>
      <DistanceMeters>1049.5</DistanceMeters>
      <HeartRateBpm>
       <Value>157</Value>
      </HeartRateBpm>
      <Extensions>
       <TPX xmlns="http://www.garmin.com/xmlschemas/ActivityExtension/v2">
        <Speed>2.9</Speed>
       </TPX>
      </Extensions>
     </Trackpoint>
     <Trackpoint>
      <Time>2026-08-19T11:23:07Z</Time>
      <Position>
       <LatitudeDegrees>5.2368780</LatitudeDegrees>
       <LongitudeDegrees>100.4349760</LongitudeDegrees>
      </Position>
      <AltitudeMeters>5.8</AltitudeMeters>
      <DistanceMeters>1052.2</DistanceMeters>
      <HeartRateBpm>
       <Value>157</Value>
      </HeartRateBpm>
      <Extensions>
       <TPX xmlns="http://www.garmin.com/xmlschemas/ActivityExtension/v2">
        <Speed>2.8</Speed>
       </TPX>
      </Extensions>
     </Trackpoint>
     <Trackpoint>
      <Time>2026-08-19T11:23:08Z</Time>
      <Position>
       <LatitudeDegrees>5.2368830</LatitudeDegrees>
       <LongitudeDegrees>100.4350030</LongitudeDegrees>
      </Position>
      <AltitudeMeters>5.8</AltitudeMeters>
      <DistanceMeters>1055.2</DistanceMeters>
      <HeartRateBpm>
       <Value>157</Value>
      </HeartRateBpm>
      <Extensions>
       <TPX xmlns="http://www.garmin.com/xmlschemas/ActivityExtension/v2">
        <Speed>2.8</Speed>
       </TPX>
      </Extensions>
     </Trackpoint>
     <Trackpoint>
      <Time>2026-08-19T11:23:09Z</Time>
      <Position>
       <LatitudeDegrees>5.2368890</LatitudeDegrees>
       <LongitudeDegrees>100.4350310</LongitudeDegrees>
      </Position>
      <AltitudeMeters>5.8</AltitudeMeters>
      <DistanceMeters>1058.3</DistanceMeters>
      <HeartRateBpm>
       <Value>157</Value>
      </HeartRateBpm>
      <Extensions>
       <TPX xmlns="http://www.garmin.com/xmlschemas/ActivityExtension/v2">
        <Speed>2.8</Speed>
       </TPX>
      </Extensions>
     </Trackpoint>
     <Trackpoint>
      <Time>2026-08-19T11:23:10Z</Time>
      <Position>
       <LatitudeDegrees>5.2368970</LatitudeDegrees>
       <LongitudeDegrees>100.4350580</LongitudeDegrees>
      </Position>
      <AltitudeMeters>5.8</AltitudeMeters>
      <DistanceMeters>1061.5</DistanceMeters>
      <HeartRateBpm>
       <Value>157</Value>
      </HeartRateBpm>
      <Extensions>
       <TPX xmlns="http://www.garmin.com/xmlschemas/ActivityExtension/v2">
        <Speed>2.9</Speed>
       </TPX>
      </Extensions>
     </Trackpoint>
     <Trackpoint>
      <Time>2026-08-19T11:23:11Z</Time>
      <Position>
       <LatitudeDegrees>5.2369050</LatitudeDegrees>
       <LongitudeDegrees>100.4350860</LongitudeDegrees>
      </Position>
      <AltitudeMeters>5.8</AltitudeMeters>
      <DistanceMeters>1064.7</DistanceMeters>
      <HeartRateBpm>
       <Value>157</Value>
      </HeartRateBpm>
      <Extensions>
       <TPX xmlns="http://www.garmin.com/xmlschemas/ActivityExtension/v2">
        <Speed>3.0</Speed>
       </TPX>
      </Extensions>
     </Trackpoint>
     <Trackpoint>
      <Time>2026-08-19T11:23:12Z</Time>
      <Position>
       <LatitudeDegrees>5.2369120</LatitudeDegrees>
       <LongitudeDegrees>100.4351160</LongitudeDegrees>
      </Position>
      <AltitudeMeters>5.8</AltitudeMeters>
      <DistanceMeters>1068.1</DistanceMeters>
      <HeartRateBpm>
       <Value>157</Value>
      </HeartRateBpm>
      <Extensions>
       <TPX xmlns="http://www.garmin.com/xmlschemas/ActivityExtension/v2">
        <Speed>3.2</Speed>
       </TPX>
      </Extensions>
     </Trackpoint>
     <Trackpoint>
      <Time>2026-08-19T11:23:13Z</Time>
      <Position>
       <LatitudeDegrees>5.2369180</LatitudeDegrees>
       <LongitudeDegrees>100.4351440</LongitudeDegrees>
      </Position>
      <AltitudeMeters>5.8</AltitudeMeters>
      <DistanceMeters>1071.3</DistanceMeters>
      <HeartRateBpm>
       <Value>157</Value>
      </HeartRateBpm>
      <Extensions>
       <TPX xmlns="http://www.garmin.com/xmlschemas/ActivityExtension/v2">
        <Speed>3.2</Speed>
       </TPX>
      </Extensions>
     </Trackpoint>
     <Trackpoint>
      <Time>2026-08-19T11:23:14Z</Time>
      <Position>
       <LatitudeDegrees>5.2369250</LatitudeDegrees>
       <LongitudeDegrees>100.4351710</LongitudeDegrees>
      </Position>
      <AltitudeMeters>5.8</AltitudeMeters>
      <DistanceMeters>1074.4</DistanceMeters>
      <HeartRateBpm>
       <Value>157</Value>
      </HeartRateBpm>
      <Extensions>
       <TPX xmlns="http://www.garmin.com/xmlschemas/ActivityExtension/v2">
        <Speed>3.2</Speed>
       </TPX>
      </Extensions>
     </Trackpoint>
     <Trackpoint>
      <Time>2026-08-19T11:23:15Z</Time>
      <Position>
       <LatitudeDegrees>5.2369320</LatitudeDegrees>
       <LongitudeDegrees>100.4351960</LongitudeDegrees>
      </Position>
      <AltitudeMeters>5.7</AltitudeMeters>
      <DistanceMeters>1077.3</DistanceMeters>
      <HeartRateBpm>
       <Value>157</Value>
      </HeartRateBpm>
      <Extensions>
       <TPX xmlns="http://www.garmin.com/xmlschemas/ActivityExtension/v2">
        <Speed>3.2</Speed>
       </TPX>
      </Extensions>
     </Trackpoint>
     <Trackpoint>
      <Time>2026-08-19T11:23:16Z</Time>
      <Position>
       <LatitudeDegrees>5.2369370</LatitudeDegrees>
       <LongitudeDegrees>100.4352220</LongitudeDegrees>
      </Position>
      <AltitudeMeters>5.7</AltitudeMeters>
      <DistanceMeters>1080.3</DistanceMeters>
      <HeartRateBpm>
       <Value>157</Value>
      </HeartRateBpm>
      <Extensions>
       <TPX xmlns="http://www.garmin.com/xmlschemas/ActivityExtension/v2">
        <Speed>3.1</Speed>
       </TPX>
      </Extensions>
     </Trackpoint>
     <Trackpoint>
      <Time>2026-08-19T11:23:17Z</Time>
      <Position>
       <LatitudeDegrees>5.2369430</LatitudeDegrees>
       <LongitudeDegrees>100.4352500</LongitudeDegrees>
      </Position>
      <AltitudeMeters>5.7</AltitudeMeters>
      <DistanceMeters>1083.3</DistanceMeters>
      <HeartRateBpm>
       <Value>157</Value>
      </HeartRateBpm>
      <Extensions>
       <TPX xmlns="http://www.garmin.com/xmlschemas/ActivityExtension/v2">
        <Speed>3.0</Speed>
       </TPX>
      </Extensions>
     </Trackpoint>
     <Trackpoint>
      <Time>2026-08-19T11:23:18Z</Time>
      <Position>
       <LatitudeDegrees>5.2369470</LatitudeDegrees>
       <LongitudeDegrees>100.4352770</LongitudeDegrees>
      </Position>
      <AltitudeMeters>5.7</AltitudeMeters>
      <DistanceMeters>1086.4</DistanceMeters>
      <HeartRateBpm>
       <Value>156</Value>
      </HeartRateBpm>
      <Extensions>
       <TPX xmlns="http://www.garmin.com/xmlschemas/ActivityExtension/v2">
        <Speed>3.0</Speed>
       </TPX>
      </Extensions>
     </Trackpoint>
     <Trackpoint>
      <Time>2026-08-19T11:23:19Z</Time>
      <Position>
       <LatitudeDegrees>5.2369490</LatitudeDegrees>
       <LongitudeDegrees>100.4353050</LongitudeDegrees>
      </Position>
      <AltitudeMeters>5.7</AltitudeMeters>
      <DistanceMeters>1089.6</DistanceMeters>
      <HeartRateBpm>
       <Value>156</Value>
      </HeartRateBpm>
      <Extensions>
       <TPX xmlns="http://www.garmin.com/xmlschemas/ActivityExtension/v2">
        <Speed>3.0</Speed>
       </TPX>
      </Extensions>
     </Trackpoint>
     <Trackpoint>
      <Time>2026-08-19T11:23:20Z</Time>
      <Position>
       <LatitudeDegrees>5.2369540</LatitudeDegrees>
       <LongitudeDegrees>100.4353320</LongitudeDegrees>
      </Position>
      <AltitudeMeters>5.7</AltitudeMeters>
      <DistanceMeters>1092.6</DistanceMeters>
      <HeartRateBpm>
       <Value>157</Value>
      </HeartRateBpm>
      <Extensions>
       <TPX xmlns="http://www.garmin.com/xmlschemas/ActivityExtension/v2">
        <Speed>3.1</Speed>
       </TPX>
      </Extensions>
     </Trackpoint>
     <Trackpoint>
      <Time>2026-08-19T11:23:21Z</Time>
      <Position>
       <LatitudeDegrees>5.2369640</LatitudeDegrees>
       <LongitudeDegrees>100.4353600</LongitudeDegrees>
      </Position>
      <AltitudeMeters>5.7</AltitudeMeters>
      <DistanceMeters>1095.8</DistanceMeters>
      <HeartRateBpm>
       <Value>158</Value>
      </HeartRateBpm>
      <Extensions>
       <TPX xmlns="http://www.garmin.com/xmlschemas/ActivityExtension/v2">
        <Speed>3.1</Speed>
       </TPX>
      </Extensions>
     </Trackpoint>
     <Trackpoint>
      <Time>2026-08-19T11:23:22Z</Time>
      <Position>
       <LatitudeDegrees>5.2369700</LatitudeDegrees>
       <LongitudeDegrees>100.4353890</LongitudeDegrees>
      </Position>
      <AltitudeMeters>5.7</AltitudeMeters>
      <DistanceMeters>1099.1</DistanceMeters>
      <HeartRateBpm>
       <Value>157</Value>
      </HeartRateBpm>
      <Extensions>
       <TPX xmlns="http://www.garmin.com/xmlschemas/ActivityExtension/v2">
        <Speed>3.2</Speed>
       </TPX>
      </Extensions>
     </Trackpoint>
     <Trackpoint>
      <Time>2026-08-19T11:23:23Z</Time>
      <Position>
       <LatitudeDegrees>5.2369770</LatitudeDegrees>
       <LongitudeDegrees>100.4354170</LongitudeDegrees>
      </Position>
      <AltitudeMeters>5.7</AltitudeMeters>
      <DistanceMeters>1102.3</DistanceMeters>
      <HeartRateBpm>
       <Value>157</Value>
      </HeartRateBpm>
      <Extensions>
       <TPX xmlns="http://www.garmin.com/xmlschemas/ActivityExtension/v2">
        <Speed>3.2</Speed>
       </TPX>
      </Extensions>
     </Trackpoint>
     <Trackpoint>
      <Time>2026-08-19T11:23:24Z</Time>
      <Position>
       <LatitudeDegrees>5.2369840</LatitudeDegrees>
       <LongitudeDegrees>100.4354450</LongitudeDegrees>
      </Position>
      <AltitudeMeters>5.7</AltitudeMeters>
      <DistanceMeters>1105.6</DistanceMeters>
      <HeartRateBpm>
       <Value>157</Value>
      </HeartRateBpm>
      <Extensions>
       <TPX xmlns="http://www.garmin.com/xmlschemas/ActivityExtension/v2">
        <Speed>3.2</Speed>
       </TPX>
      </Extensions>
     </Trackpoint>
     <Trackpoint>
      <Time>2026-08-19T11:23:25Z</Time>
      <Position>
       <LatitudeDegrees>5.2369870</LatitudeDegrees>
       <LongitudeDegrees>100.4354730</LongitudeDegrees>
      </Position>
      <AltitudeMeters>5.7</AltitudeMeters>
      <DistanceMeters>1108.6</DistanceMeters>
      <HeartRateBpm>
       <Value>157</Value>
      </HeartRateBpm>
      <Extensions>
       <TPX xmlns="http://www.garmin.com/xmlschemas/ActivityExtension/v2">
        <Speed>3.2</Speed>
       </TPX>
      </Extensions>
     </Trackpoint>
     <Trackpoint>
      <Time>2026-08-19T11:23:26Z</Time>
      <Position>
       <LatitudeDegrees>5.2369910</LatitudeDegrees>
       <LongitudeDegrees>100.4354960</LongitudeDegrees>
      </Position>
      <AltitudeMeters>5.7</AltitudeMeters>
      <DistanceMeters>1111.2</DistanceMeters>
      <HeartRateBpm>
       <Value>157</Value>
      </HeartRateBpm>
      <Extensions>
       <TPX xmlns="http://www.garmin.com/xmlschemas/ActivityExtension/v2">
        <Speed>3.1</Speed>
       </TPX>
      </Extensions>
     </Trackpoint>
     <Trackpoint>
      <Time>2026-08-19T11:23:27Z</Time>
      <Position>
       <LatitudeDegrees>5.2369920</LatitudeDegrees>
       <LongitudeDegrees>100.4355230</LongitudeDegrees>
      </Position>
      <AltitudeMeters>5.7</AltitudeMeters>
      <DistanceMeters>1114.2</DistanceMeters>
      <HeartRateBpm>
       <Value>157</Value>
      </HeartRateBpm>
      <Extensions>
       <TPX xmlns="http://www.garmin.com/xmlschemas/ActivityExtension/v2">
        <Speed>3.0</Speed>
       </TPX>
      </Extensions>
     </Trackpoint>
     <Trackpoint>
      <Time>2026-08-19T11:23:28Z</Time>
      <Position>
       <LatitudeDegrees>5.2369960</LatitudeDegrees>
       <LongitudeDegrees>100.4355510</LongitudeDegrees>
      </Position>
      <AltitudeMeters>5.7</AltitudeMeters>
      <DistanceMeters>1117.3</DistanceMeters>
      <HeartRateBpm>
       <Value>157</Value>
      </HeartRateBpm>
      <Extensions>
       <TPX xmlns="http://www.garmin.com/xmlschemas/ActivityExtension/v2">
        <Speed>3.0</Speed>
       </TPX>
      </Extensions>
     </Trackpoint>
     <Trackpoint>
      <Time>2026-08-19T11:23:29Z</Time>
      <Position>
       <LatitudeDegrees>5.2370050</LatitudeDegrees>
       <LongitudeDegrees>100.4355800</LongitudeDegrees>
      </Position>
      <AltitudeMeters>5.7</AltitudeMeters>
      <DistanceMeters>1120.7</DistanceMeters>
      <HeartRateBpm>
       <Value>157</Value>
      </HeartRateBpm>
      <Extensions>
       <TPX xmlns="http://www.garmin.com/xmlschemas/ActivityExtension/v2">
        <Speed>3.0</Speed>
       </TPX>
      </Extensions>
     </Trackpoint>
     <Trackpoint>
      <Time>2026-08-19T11:23:30Z</Time>
      <Position>
       <LatitudeDegrees>5.2370170</LatitudeDegrees>
       <LongitudeDegrees>100.4356070</LongitudeDegrees>
      </Position>
      <AltitudeMeters>5.7</AltitudeMeters>
      <DistanceMeters>1124.0</DistanceMeters>
      <HeartRateBpm>
       <Value>157</Value>
      </HeartRateBpm>
      <Extensions>
       <TPX xmlns="http://www.garmin.com/xmlschemas/ActivityExtension/v2">
        <Speed>3.1</Speed>
       </TPX>
      </Extensions>
     </Trackpoint>
     <Trackpoint>
      <Time>2026-08-19T11:23:31Z</Time>
      <Position>
       <LatitudeDegrees>5.2370260</LatitudeDegrees>
       <LongitudeDegrees>100.4356320</LongitudeDegrees>
      </Position>
      <AltitudeMeters>5.7</AltitudeMeters>
      <DistanceMeters>1126.9</DistanceMeters>
      <HeartRateBpm>
       <Value>157</Value>
      </HeartRateBpm>
      <Extensions>
       <TPX xmlns="http://www.garmin.com/xmlschemas/ActivityExtension/v2">
        <Speed>3.1</Speed>
       </TPX>
      </Extensions>
     </Trackpoint>
     <Trackpoint>
      <Time>2026-08-19T11:23:32Z</Time>
      <Position>
       <LatitudeDegrees>5.2370350</LatitudeDegrees>
       <LongitudeDegrees>100.4356610</LongitudeDegrees>
      </Position>
      <AltitudeMeters>5.7</AltitudeMeters>
      <DistanceMeters>1130.3</DistanceMeters>
      <HeartRateBpm>
       <Value>157</Value>
      </HeartRateBpm>
      <Extensions>
       <TPX xmlns="http://www.garmin.com/xmlschemas/ActivityExtension/v2">
        <Speed>3.2</Speed>
       </TPX>
      </Extensions>
     </Trackpoint>
     <Trackpoint>
      <Time>2026-08-19T11:23:33Z</Time>
      <Position>
       <LatitudeDegrees>5.2370440</LatitudeDegrees>
       <LongitudeDegrees>100.4356900</LongitudeDegrees>
      </Position>
      <AltitudeMeters>5.7</AltitudeMeters>
      <DistanceMeters>1133.6</DistanceMeters>
      <HeartRateBpm>
       <Value>157</Value>
      </HeartRateBpm>
      <Extensions>
       <TPX xmlns="http://www.garmin.com/xmlschemas/ActivityExtension/v2">
        <Speed>3.3</Speed>
       </TPX>
      </Extensions>
     </Trackpoint>
     <Trackpoint>
      <Time>2026-08-19T11:23:34Z</Time>
      <Position>
       <LatitudeDegrees>5.2370520</LatitudeDegrees>
       <LongitudeDegrees>100.4357180</LongitudeDegrees>
      </Position>
      <AltitudeMeters>5.7</AltitudeMeters>
      <DistanceMeters>1136.9</DistanceMeters>
      <HeartRateBpm>
       <Value>157</Value>
      </HeartRateBpm>
      <Extensions>
       <TPX xmlns="http://www.garmin.com/xmlschemas/ActivityExtension/v2">
        <Speed>3.2</Speed>
       </TPX>
      </Extensions>
     </Trackpoint>
     <Trackpoint>
      <Time>2026-08-19T11:23:35Z</Time>
      <Position>
       <LatitudeDegrees>5.2370600</LatitudeDegrees>
       <LongitudeDegrees>100.4357460</LongitudeDegrees>
      </Position>
      <AltitudeMeters>5.7</AltitudeMeters>
      <DistanceMeters>1140.1</DistanceMeters>
      <HeartRateBpm>
       <Value>157</Value>
      </HeartRateBpm>
      <Extensions>
       <TPX xmlns="http://www.garmin.com/xmlschemas/ActivityExtension/v2">
        <Speed>3.2</Speed>
       </TPX>
      </Extensions>
     </Trackpoint>
     <Trackpoint>
      <Time>2026-08-19T11:23:36Z</Time>
      <Position>
       <LatitudeDegrees>5.2370690</LatitudeDegrees>
       <LongitudeDegrees>100.4357740</LongitudeDegrees>
      </Position>
      <AltitudeMeters>5.7</AltitudeMeters>
      <DistanceMeters>1143.3</DistanceMeters>
      <HeartRateBpm>
       <Value>157</Value>
      </HeartRateBpm>
      <Extensions>
       <TPX xmlns="http://www.garmin.com/xmlschemas/ActivityExtension/v2">
        <Speed>3.3</Speed>
       </TPX>
      </Extensions>
     </Trackpoint>
     <Trackpoint>
      <Time>2026-08-19T11:23:37Z</Time>
      <Position>
       <LatitudeDegrees>5.2370760</LatitudeDegrees>
       <LongitudeDegrees>100.4357990</LongitudeDegrees>
      </Position>
      <AltitudeMeters>5.7</AltitudeMeters>
      <DistanceMeters>1146.2</DistanceMeters>
      <HeartRateBpm>
       <Value>158</Value>
      </HeartRateBpm>
      <Extensions>
       <TPX xmlns="http://www.garmin.com/xmlschemas/ActivityExtension/v2">
        <Speed>3.2</Speed>
       </TPX>
      </Extensions>
     </Trackpoint>
     <Trackpoint>
      <Time>2026-08-19T11:23:38Z</Time>
      <Position>
       <LatitudeDegrees>5.2370820</LatitudeDegrees>
       <LongitudeDegrees>100.4358250</LongitudeDegrees>
      </Position>
      <AltitudeMeters>5.7</AltitudeMeters>
      <DistanceMeters>1149.2</DistanceMeters>
      <HeartRateBpm>
       <Value>157</Value>
      </HeartRateBpm>
      <Extensions>
       <TPX xmlns="http://www.garmin.com/xmlschemas/ActivityExtension/v2">
        <Speed>3.1</Speed>
       </TPX>
      </Extensions>
     </Trackpoint>
     <Trackpoint>
      <Time>2026-08-19T11:23:39Z</Time>
      <Position>
       <LatitudeDegrees>5.2370890</LatitudeDegrees>
       <LongitudeDegrees>100.4358500</LongitudeDegrees>
      </Position>
      <AltitudeMeters>5.7</AltitudeMeters>
      <DistanceMeters>1152.1</DistanceMeters>
      <HeartRateBpm>
       <Value>157</Value>
      </HeartRateBpm>
      <Extensions>
       <TPX xmlns="http://www.garmin.com/xmlschemas/ActivityExtension/v2">
        <Speed>3.0</Speed>
       </TPX>
      </Extensions>
     </Trackpoint>
     <Trackpoint>
      <Time>2026-08-19T11:23:40Z</Time>
      <Position>
       <LatitudeDegrees>5.2370960</LatitudeDegrees>
       <LongitudeDegrees>100.4358760</LongitudeDegrees>
      </Position>
      <AltitudeMeters>5.7</AltitudeMeters>
      <DistanceMeters>1155.1</DistanceMeters>
      <HeartRateBpm>
       <Value>157</Value>
      </HeartRateBpm>
      <Extensions>
       <TPX xmlns="http://www.garmin.com/xmlschemas/ActivityExtension/v2">
        <Speed>3.0</Speed>
       </TPX>
      </Extensions>
     </Trackpoint>
     <Trackpoint>
      <Time>2026-08-19T11:23:41Z</Time>
      <Position>
       <LatitudeDegrees>5.2371030</LatitudeDegrees>
       <LongitudeDegrees>100.4359030</LongitudeDegrees>
      </Position>
      <AltitudeMeters>5.7</AltitudeMeters>
      <DistanceMeters>1158.1</DistanceMeters>
      <HeartRateBpm>
       <Value>157</Value>
      </HeartRateBpm>
      <Extensions>
       <TPX xmlns="http://www.garmin.com/xmlschemas/ActivityExtension/v2">
        <Speed>3.0</Speed>
       </TPX>
      </Extensions>
     </Trackpoint>
     <Trackpoint>
      <Time>2026-08-19T11:23:42Z</Time>
      <Position>
       <LatitudeDegrees>5.2371070</LatitudeDegrees>
       <LongitudeDegrees>100.4359310</LongitudeDegrees>
      </Position>
      <AltitudeMeters>5.7</AltitudeMeters>
      <DistanceMeters>1161.3</DistanceMeters>
      <HeartRateBpm>
       <Value>157</Value>
      </HeartRateBpm>
      <Extensions>
       <TPX xmlns="http://www.garmin.com/xmlschemas/ActivityExtension/v2">
        <Speed>3.0</Speed>
       </TPX>
      </Extensions>
     </Trackpoint>
     <Trackpoint>
      <Time>2026-08-19T11:23:43Z</Time>
      <Position>
       <LatitudeDegrees>5.2371100</LatitudeDegrees>
       <LongitudeDegrees>100.4359580</LongitudeDegrees>
      </Position>
      <AltitudeMeters>5.7</AltitudeMeters>
      <DistanceMeters>1164.3</DistanceMeters>
      <HeartRateBpm>
       <Value>157</Value>
      </HeartRateBpm>
      <Extensions>
       <TPX xmlns="http://www.garmin.com/xmlschemas/ActivityExtension/v2">
        <Speed>3.0</Speed>
       </TPX>
      </Extensions>
     </Trackpoint>
     <Trackpoint>
      <Time>2026-08-19T11:23:44Z</Time>
      <Position>
       <LatitudeDegrees>5.2371080</LatitudeDegrees>
       <LongitudeDegrees>100.4359830</LongitudeDegrees>
      </Position>
      <AltitudeMeters>5.7</AltitudeMeters>
      <DistanceMeters>1167.1</DistanceMeters>
      <HeartRateBpm>
       <Value>157</Value>
      </HeartRateBpm>
      <Extensions>
       <TPX xmlns="http://www.garmin.com/xmlschemas/ActivityExtension/v2">
        <Speed>3.0</Speed>
       </TPX>
      </Extensions>
     </Trackpoint>
     <Trackpoint>
      <Time>2026-08-19T11:23:45Z</Time>
      <Position>
       <LatitudeDegrees>5.2371140</LatitudeDegrees>
       <LongitudeDegrees>100.4360110</LongitudeDegrees>
      </Position>
      <AltitudeMeters>5.7</AltitudeMeters>
      <DistanceMeters>1170.2</DistanceMeters>
      <HeartRateBpm>
       <Value>157</Value>
      </HeartRateBpm>
      <Extensions>
       <TPX xmlns="http://www.garmin.com/xmlschemas/ActivityExtension/v2">
        <Speed>3.0</Speed>
       </TPX>
      </Extensions>
     </Trackpoint>
     <Trackpoint>
      <Time>2026-08-19T11:23:46Z</Time>
      <Position>
       <LatitudeDegrees>5.2371170</LatitudeDegrees>
       <LongitudeDegrees>100.4360390</LongitudeDegrees>
      </Position>
      <AltitudeMeters>5.7</AltitudeMeters>
      <DistanceMeters>1173.3</DistanceMeters>
      <HeartRateBpm>
       <Value>157</Value>
      </HeartRateBpm>
      <Extensions>
       <TPX xmlns="http://www.garmin.com/xmlschemas/ActivityExtension/v2">
        <Speed>3.0</Speed>
       </TPX>
      </Extensions>
     </Trackpoint>
     <Trackpoint>
      <Time>2026-08-19T11:23:47Z</Time>
      <Position>
       <LatitudeDegrees>5.2371150</LatitudeDegrees>
       <LongitudeDegrees>100.4360680</LongitudeDegrees>
      </Position>
      <AltitudeMeters>5.7</AltitudeMeters>
      <DistanceMeters>1176.5</DistanceMeters>
      <HeartRateBpm>
       <Value>157</Value>
      </HeartRateBpm>
      <Extensions>
       <TPX xmlns="http://www.garmin.com/xmlschemas/ActivityExtension/v2">
        <Speed>3.0</Speed>
       </TPX>
      </Extensions>
     </Trackpoint>
     <Trackpoint>
      <Time>2026-08-19T11:23:48Z</Time>
      <Position>
       <LatitudeDegrees>5.2371210</LatitudeDegrees>
       <LongitudeDegrees>100.4360950</LongitudeDegrees>
      </Position>
      <AltitudeMeters>5.7</AltitudeMeters>
      <DistanceMeters>1179.6</DistanceMeters>
      <HeartRateBpm>
       <Value>157</Value>
      </HeartRateBpm>
      <Extensions>
       <TPX xmlns="http://www.garmin.com/xmlschemas/ActivityExtension/v2">
        <Speed>3.1</Speed>
       </TPX>
      </Extensions>
     </Trackpoint>
     <Trackpoint>
      <Time>2026-08-19T11:23:49Z</Time>
      <Position>
       <LatitudeDegrees>5.2371280</LatitudeDegrees>
       <LongitudeDegrees>100.4361270</LongitudeDegrees>
      </Position>
      <AltitudeMeters>5.7</AltitudeMeters>
      <DistanceMeters>1183.2</DistanceMeters>
      <HeartRateBpm>
       <Value>157</Value>
      </HeartRateBpm>
      <Extensions>
       <TPX xmlns="http://www.garmin.com/xmlschemas/ActivityExtension/v2">
        <Speed>3.2</Speed>
       </TPX>
      </Extensions>
     </Trackpoint>
     <Trackpoint>
      <Time>2026-08-19T11:23:50Z</Time>
      <Position>
       <LatitudeDegrees>5.2371410</LatitudeDegrees>
       <LongitudeDegrees>100.4361530</LongitudeDegrees>
      </Position>
      <AltitudeMeters>5.7</AltitudeMeters>
      <DistanceMeters>1186.4</DistanceMeters>
      <HeartRateBpm>
       <Value>157</Value>
      </HeartRateBpm>
      <Extensions>
       <TPX xmlns="http://www.garmin.com/xmlschemas/ActivityExtension/v2">
        <Speed>3.2</Speed>
       </TPX>
      </Extensions>
     </Trackpoint>
     <Trackpoint>
      <Time>2026-08-19T11:23:51Z</Time>
      <Position>
       <LatitudeDegrees>5.2371510</LatitudeDegrees>
       <LongitudeDegrees>100.4361800</LongitudeDegrees>
      </Position>
      <AltitudeMeters>5.7</AltitudeMeters>
      <DistanceMeters>1189.7</DistanceMeters>
      <HeartRateBpm>
       <Value>157</Value>
      </HeartRateBpm>
      <Extensions>
       <TPX xmlns="http://www.garmin.com/xmlschemas/ActivityExtension/v2">
        <Speed>3.3</Speed>
       </TPX>
      </Extensions>
     </Trackpoint>
     <Trackpoint>
      <Time>2026-08-19T11:23:52Z</Time>
      <Position>
       <LatitudeDegrees>5.2371610</LatitudeDegrees>
       <LongitudeDegrees>100.4362070</LongitudeDegrees>
      </Position>
      <AltitudeMeters>5.7</AltitudeMeters>
      <DistanceMeters>1192.8</DistanceMeters>
      <HeartRateBpm>
       <Value>157</Value>
      </HeartRateBpm>
      <Extensions>
       <TPX xmlns="http://www.garmin.com/xmlschemas/ActivityExtension/v2">
        <Speed>3.3</Speed>
       </TPX>
      </Extensions>
     </Trackpoint>
     <Trackpoint>
      <Time>2026-08-19T11:23:53Z</Time>
      <Position>
       <LatitudeDegrees>5.2371720</LatitudeDegrees>
       <LongitudeDegrees>100.4362340</LongitudeDegrees>
      </Position>
      <AltitudeMeters>5.7</AltitudeMeters>
      <DistanceMeters>1196.1</DistanceMeters>
      <HeartRateBpm>
       <Value>157</Value>
      </HeartRateBpm>
      <Extensions>
       <TPX xmlns="http://www.garmin.com/xmlschemas/ActivityExtension/v2">
        <Speed>3.3</Speed>
       </TPX>
      </Extensions>
     </Trackpoint>
     <Trackpoint>
      <Time>2026-08-19T11:23:54Z</Time>
      <Position>
       <LatitudeDegrees>5.2371840</LatitudeDegrees>
       <LongitudeDegrees>100.4362590</LongitudeDegrees>
      </Position>
      <AltitudeMeters>5.7</AltitudeMeters>
      <DistanceMeters>1199.1</DistanceMeters>
      <HeartRateBpm>
       <Value>156</Value>
      </HeartRateBpm>
      <Extensions>
       <TPX xmlns="http://www.garmin.com/xmlschemas/ActivityExtension/v2">
        <Speed>3.2</Speed>
       </TPX>
      </Extensions>
     </Trackpoint>
     <Trackpoint>
      <Time>2026-08-19T11:23:55Z</Time>
      <Position>
       <LatitudeDegrees>5.2371920</LatitudeDegrees>
       <LongitudeDegrees>100.4362840</LongitudeDegrees>
      </Position>
      <AltitudeMeters>5.7</AltitudeMeters>
      <DistanceMeters>1202.0</DistanceMeters>
      <HeartRateBpm>
       <Value>157</Value>
      </HeartRateBpm>
      <Extensions>
       <TPX xmlns="http://www.garmin.com/xmlschemas/ActivityExtension/v2">
        <Speed>3.1</Speed>
       </TPX>
      </Extensions>
     </Trackpoint>
     <Trackpoint>
      <Time>2026-08-19T11:23:56Z</Time>
      <Position>
       <LatitudeDegrees>5.2372090</LatitudeDegrees>
       <LongitudeDegrees>100.4363070</LongitudeDegrees>
      </Position>
      <AltitudeMeters>5.7</AltitudeMeters>
      <DistanceMeters>1205.1</DistanceMeters>
      <HeartRateBpm>
       <Value>157</Value>
      </HeartRateBpm>
      <Extensions>
       <TPX xmlns="http://www.garmin.com/xmlschemas/ActivityExtension/v2">
        <Speed>3.1</Speed>
       </TPX>
      </Extensions>
     </Trackpoint>
     <Trackpoint>
      <Time>2026-08-19T11:23:57Z</Time>
      <Position>
       <LatitudeDegrees>5.2372230</LatitudeDegrees>
       <LongitudeDegrees>100.4363290</LongitudeDegrees>
      </Position>
      <AltitudeMeters>5.7</AltitudeMeters>
      <DistanceMeters>1208.0</DistanceMeters>
      <HeartRateBpm>
       <Value>158</Value>
      </HeartRateBpm>
      <Extensions>
       <TPX xmlns="http://www.garmin.com/xmlschemas/ActivityExtension/v2">
        <Speed>3.0</Speed>
       </TPX>
      </Extensions>
     </Trackpoint>
     <Trackpoint>
      <Time>2026-08-19T11:23:58Z</Time>
      <Position>
       <LatitudeDegrees>5.2372330</LatitudeDegrees>
       <LongitudeDegrees>100.4363540</LongitudeDegrees>
      </Position>
      <AltitudeMeters>5.7</AltitudeMeters>
      <DistanceMeters>1211.0</DistanceMeters>
      <HeartRateBpm>
       <Value>158</Value>
      </HeartRateBpm>
      <Extensions>
       <TPX xmlns="http://www.garmin.com/xmlschemas/ActivityExtension/v2">
        <Speed>3.0</Speed>
       </TPX>
      </Extensions>
     </Trackpoint>
     <Trackpoint>
      <Time>2026-08-19T11:23:59Z</Time>
      <Position>
       <LatitudeDegrees>5.2372420</LatitudeDegrees>
       <LongitudeDegrees>100.4363820</LongitudeDegrees>
      </Position>
      <AltitudeMeters>5.7</AltitudeMeters>
      <DistanceMeters>1214.2</DistanceMeters>
      <HeartRateBpm>
       <Value>157</Value>
      </HeartRateBpm>
      <Extensions>
       <TPX xmlns="http://www.garmin.com/xmlschemas/ActivityExtension/v2">
        <Speed>3.0</Speed>
       </TPX>
      </Extensions>
     </Trackpoint>
     <Trackpoint>
      <Time>2026-08-19T11:24:00Z</Time>
      <Position>
       <LatitudeDegrees>5.2372500</LatitudeDegrees>
       <LongitudeDegrees>100.4364110</LongitudeDegrees>
      </Position>
      <AltitudeMeters>5.7</AltitudeMeters>
      <DistanceMeters>1217.5</DistanceMeters>
      <HeartRateBpm>
       <Value>157</Value>
      </HeartRateBpm>
      <Extensions>
       <TPX xmlns="http://www.garmin.com/xmlschemas/ActivityExtension/v2">
        <Speed>3.1</Speed>
       </TPX>
      </Extensions>
     </Trackpoint>
     <Trackpoint>
      <Time>2026-08-19T11:24:01Z</Time>
      <Position>
       <LatitudeDegrees>5.2372590</LatitudeDegrees>
       <LongitudeDegrees>100.4364390</LongitudeDegrees>
      </Position>
      <AltitudeMeters>5.7</AltitudeMeters>
      <DistanceMeters>1220.8</DistanceMeters>
      <HeartRateBpm>
       <Value>157</Value>
      </HeartRateBpm>
      <Extensions>
       <TPX xmlns="http://www.garmin.com/xmlschemas/ActivityExtension/v2">
        <Speed>3.1</Speed>
       </TPX>
      </Extensions>
     </Trackpoint>
     <Trackpoint>
      <Time>2026-08-19T11:24:02Z</Time>
      <Position>
       <LatitudeDegrees>5.2372620</LatitudeDegrees>
       <LongitudeDegrees>100.4364660</LongitudeDegrees>
      </Position>
      <AltitudeMeters>5.7</AltitudeMeters>
      <DistanceMeters>1223.8</DistanceMeters>
      <HeartRateBpm>
       <Value>158</Value>
      </HeartRateBpm>
      <Extensions>
       <TPX xmlns="http://www.garmin.com/xmlschemas/ActivityExtension/v2">
        <Speed>3.2</Speed>
       </TPX>
      </Extensions>
     </Trackpoint>
     <Trackpoint>
      <Time>2026-08-19T11:24:03Z</Time>
      <Position>
       <LatitudeDegrees>5.2372640</LatitudeDegrees>
       <LongitudeDegrees>100.4364990</LongitudeDegrees>
      </Position>
      <AltitudeMeters>5.7</AltitudeMeters>
      <DistanceMeters>1227.5</DistanceMeters>
      <HeartRateBpm>
       <Value>158</Value>
      </HeartRateBpm>
      <Extensions>
       <TPX xmlns="http://www.garmin.com/xmlschemas/ActivityExtension/v2">
        <Speed>3.3</Speed>
       </TPX>
      </Extensions>
     </Trackpoint>
     <Trackpoint>
      <Time>2026-08-19T11:24:04Z</Time>
      <Position>
       <LatitudeDegrees>5.2372710</LatitudeDegrees>
       <LongitudeDegrees>100.4365280</LongitudeDegrees>
      </Position>
      <AltitudeMeters>5.7</AltitudeMeters>
      <DistanceMeters>1230.8</DistanceMeters>
      <HeartRateBpm>
       <Value>157</Value>
      </HeartRateBpm>
      <Extensions>
       <TPX xmlns="http://www.garmin.com/xmlschemas/ActivityExtension/v2">
        <Speed>3.3</Speed>
       </TPX>
      </Extensions>
     </Trackpoint>
     <Trackpoint>
      <Time>2026-08-19T11:24:05Z</Time>
      <Position>
       <LatitudeDegrees>5.2372760</LatitudeDegrees>
       <LongitudeDegrees>100.4365600</LongitudeDegrees>
      </Position>
      <AltitudeMeters>5.7</AltitudeMeters>
      <DistanceMeters>1234.3</DistanceMeters>
      <HeartRateBpm>
       <Value>157</Value>
      </HeartRateBpm>
      <Extensions>
       <TPX xmlns="http://www.garmin.com/xmlschemas/ActivityExtension/v2">
        <Speed>3.4</Speed>
       </TPX>
      </Extensions>
     </Trackpoint>
     <Trackpoint>
      <Time>2026-08-19T11:24:06Z</Time>
      <Position>
       <LatitudeDegrees>5.2372850</LatitudeDegrees>
       <LongitudeDegrees>100.4365890</LongitudeDegrees>
      </Position>
      <AltitudeMeters>5.7</AltitudeMeters>
      <DistanceMeters>1237.7</DistanceMeters>
      <HeartRateBpm>
       <Value>158</Value>
      </HeartRateBpm>
      <Extensions>
       <TPX xmlns="http://www.garmin.com/xmlschemas/ActivityExtension/v2">
        <Speed>3.4</Speed>
       </TPX>
      </Extensions>
     </Trackpoint>
     <Trackpoint>
      <Time>2026-08-19T11:24:07Z</Time>
      <Position>
       <LatitudeDegrees>5.2372910</LatitudeDegrees>
       <LongitudeDegrees>100.4366180</LongitudeDegrees>
      </Position>
      <AltitudeMeters>5.7</AltitudeMeters>
      <DistanceMeters>1241.0</DistanceMeters>
      <HeartRateBpm>
       <Value>158</Value>
      </HeartRateBpm>
      <Extensions>
       <TPX xmlns="http://www.garmin.com/xmlschemas/ActivityExtension/v2">
        <Speed>3.4</Speed>
       </TPX>
      </Extensions>
     </Trackpoint>
     <Trackpoint>
      <Time>2026-08-19T11:24:08Z</Time>
      <Position>
       <LatitudeDegrees>5.2372940</LatitudeDegrees>
       <LongitudeDegrees>100.4366490</LongitudeDegrees>
      </Position>
      <AltitudeMeters>5.7</AltitudeMeters>
      <DistanceMeters>1244.5</DistanceMeters>
      <HeartRateBpm>
       <Value>158</Value>
      </HeartRateBpm>
      <Extensions>
       <TPX xmlns="http://www.garmin.com/xmlschemas/ActivityExtension/v2">
        <Speed>3.4</Speed>
       </TPX>
      </Extensions>
     </Trackpoint>
     <Trackpoint>
      <Time>2026-08-19T11:24:09Z</Time>
      <Position>
       <LatitudeDegrees>5.2372930</LatitudeDegrees>
       <LongitudeDegrees>100.4366770</LongitudeDegrees>
      </Position>
      <AltitudeMeters>5.7</AltitudeMeters>
      <DistanceMeters>1247.5</DistanceMeters>
      <HeartRateBpm>
       <Value>158</Value>
      </HeartRateBpm>
      <Extensions>
       <TPX xmlns="http://www.garmin.com/xmlschemas/ActivityExtension/v2">
        <Speed>3.3</Speed>
       </TPX>
      </Extensions>
     </Trackpoint>
     <Trackpoint>
      <Time>2026-08-19T11:24:10Z</Time>
      <Position>
       <LatitudeDegrees>5.2372940</LatitudeDegrees>
       <LongitudeDegrees>100.4367070</LongitudeDegrees>
      </Position>
      <AltitudeMeters>5.7</AltitudeMeters>
      <DistanceMeters>1250.8</DistanceMeters>
      <HeartRateBpm>
       <Value>158</Value>
      </HeartRateBpm>
      <Extensions>
       <TPX xmlns="http://www.garmin.com/xmlschemas/ActivityExtension/v2">
        <Speed>3.3</Speed>
       </TPX>
      </Extensions>
     </Trackpoint>
     <Trackpoint>
      <Time>2026-08-19T11:24:11Z</Time>
      <Position>
       <LatitudeDegrees>5.2372980</LatitudeDegrees>
       <LongitudeDegrees>100.4367400</LongitudeDegrees>
      </Position>
      <AltitudeMeters>5.8</AltitudeMeters>
      <DistanceMeters>1254.6</DistanceMeters>
      <HeartRateBpm>
       <Value>158</Value>
      </HeartRateBpm>
      <Extensions>
       <TPX xmlns="http://www.garmin.com/xmlschemas/ActivityExtension/v2">
        <Speed>3.4</Speed>
       </TPX>
      </Extensions>
     </Trackpoint>
     <Trackpoint>
      <Time>2026-08-19T11:24:12Z</Time>
      <Position>
       <LatitudeDegrees>5.2373030</LatitudeDegrees>
       <LongitudeDegrees>100.4367670</LongitudeDegrees>
      </Position>
      <AltitudeMeters>5.8</AltitudeMeters>
      <DistanceMeters>1257.6</DistanceMeters>
      <HeartRateBpm>
       <Value>157</Value>
      </HeartRateBpm>
      <Extensions>
       <TPX xmlns="http://www.garmin.com/xmlschemas/ActivityExtension/v2">
        <Speed>3.3</Speed>
       </TPX>
      </Extensions>
     </Trackpoint>
     <Trackpoint>
      <Time>2026-08-19T11:24:13Z</Time>
      <Position>
       <LatitudeDegrees>5.2373090</LatitudeDegrees>
       <LongitudeDegrees>100.4367920</LongitudeDegrees>
      </Position>
      <AltitudeMeters>5.8</AltitudeMeters>
      <DistanceMeters>1260.4</DistanceMeters>
      <HeartRateBpm>
       <Value>157</Value>
      </HeartRateBpm>
      <Extensions>
       <TPX xmlns="http://www.garmin.com/xmlschemas/ActivityExtension/v2">
        <Speed>3.2</Speed>
       </TPX>
      </Extensions>
     </Trackpoint>
     <Trackpoint>
      <Time>2026-08-19T11:24:14Z</Time>
      <Position>
       <LatitudeDegrees>5.2373200</LatitudeDegrees>
       <LongitudeDegrees>100.4368160</LongitudeDegrees>
      </Position>
      <AltitudeMeters>5.8</AltitudeMeters>
      <DistanceMeters>1263.3</DistanceMeters>
      <HeartRateBpm>
       <Value>157</Value>
      </HeartRateBpm>
      <Extensions>
       <TPX xmlns="http://www.garmin.com/xmlschemas/ActivityExtension/v2">
        <Speed>3.2</Speed>
       </TPX>
      </Extensions>
     </Trackpoint>
     <Trackpoint>
      <Time>2026-08-19T11:24:15Z</Time>
      <Position>
       <LatitudeDegrees>5.2373350</LatitudeDegrees>
       <LongitudeDegrees>100.4368370</LongitudeDegrees>
      </Position>
      <AltitudeMeters>5.8</AltitudeMeters>
      <DistanceMeters>1266.2</DistanceMeters>
      <HeartRateBpm>
       <Value>157</Value>
      </HeartRateBpm>
      <Extensions>
       <TPX xmlns="http://www.garmin.com/xmlschemas/ActivityExtension/v2">
        <Speed>3.1</Speed>
       </TPX>
      </Extensions>
     </Trackpoint>
     <Trackpoint>
      <Time>2026-08-19T11:24:16Z</Time>
      <Position>
       <LatitudeDegrees>5.2373460</LatitudeDegrees>
       <LongitudeDegrees>100.4368600</LongitudeDegrees>
      </Position>
      <AltitudeMeters>5.8</AltitudeMeters>
      <DistanceMeters>1269.0</DistanceMeters>
      <HeartRateBpm>
       <Value>157</Value>
      </HeartRateBpm>
      <Extensions>
       <TPX xmlns="http://www.garmin.com/xmlschemas/ActivityExtension/v2">
        <Speed>2.9</Speed>
       </TPX>
      </Extensions>
     </Trackpoint>
     <Trackpoint>
      <Time>2026-08-19T11:24:17Z</Time>
      <Position>
       <LatitudeDegrees>5.2373500</LatitudeDegrees>
       <LongitudeDegrees>100.4368880</LongitudeDegrees>
      </Position>
      <AltitudeMeters>5.8</AltitudeMeters>
      <DistanceMeters>1272.1</DistanceMeters>
      <HeartRateBpm>
       <Value>157</Value>
      </HeartRateBpm>
      <Extensions>
       <TPX xmlns="http://www.garmin.com/xmlschemas/ActivityExtension/v2">
        <Speed>2.9</Speed>
       </TPX>
      </Extensions>
     </Trackpoint>
     <Trackpoint>
      <Time>2026-08-19T11:24:18Z</Time>
      <Position>
       <LatitudeDegrees>5.2373470</LatitudeDegrees>
       <LongitudeDegrees>100.4369180</LongitudeDegrees>
      </Position>
      <AltitudeMeters>5.8</AltitudeMeters>
      <DistanceMeters>1275.5</DistanceMeters>
      <HeartRateBpm>
       <Value>156</Value>
      </HeartRateBpm>
      <Extensions>
       <TPX xmlns="http://www.garmin.com/xmlschemas/ActivityExtension/v2">
        <Speed>3.0</Speed>
       </TPX>
      </Extensions>
     </Trackpoint>
     <Trackpoint>
      <Time>2026-08-19T11:24:19Z</Time>
      <Position>
       <LatitudeDegrees>5.2373470</LatitudeDegrees>
       <LongitudeDegrees>100.4369500</LongitudeDegrees>
      </Position>
      <AltitudeMeters>5.8</AltitudeMeters>
      <DistanceMeters>1279.0</DistanceMeters>
      <HeartRateBpm>
       <Value>156</Value>
      </HeartRateBpm>
      <Extensions>
       <TPX xmlns="http://www.garmin.com/xmlschemas/ActivityExtension/v2">
        <Speed>3.1</Speed>
       </TPX>
      </Extensions>
     </Trackpoint>
     <Trackpoint>
      <Time>2026-08-19T11:24:20Z</Time>
      <Position>
       <LatitudeDegrees>5.2373490</LatitudeDegrees>
       <LongitudeDegrees>100.4369820</LongitudeDegrees>
      </Position>
      <AltitudeMeters>5.8</AltitudeMeters>
      <DistanceMeters>1282.5</DistanceMeters>
      <HeartRateBpm>
       <Value>157</Value>
      </HeartRateBpm>
      <Extensions>
       <TPX xmlns="http://www.garmin.com/xmlschemas/ActivityExtension/v2">
        <Speed>3.3</Speed>
       </TPX>
      </Extensions>
     </Trackpoint>
     <Trackpoint>
      <Time>2026-08-19T11:24:21Z</Time>
      <Position>
       <LatitudeDegrees>5.2373510</LatitudeDegrees>
       <LongitudeDegrees>100.4370130</LongitudeDegrees>
      </Position>
      <AltitudeMeters>5.8</AltitudeMeters>
      <DistanceMeters>1286.0</DistanceMeters>
      <HeartRateBpm>
       <Value>157</Value>
      </HeartRateBpm>
      <Extensions>
       <TPX xmlns="http://www.garmin.com/xmlschemas/ActivityExtension/v2">
        <Speed>3.4</Speed>
       </TPX>
      </Extensions>
     </Trackpoint>
     <Trackpoint>
      <Time>2026-08-19T11:24:22Z</Time>
      <Position>
       <LatitudeDegrees>5.2373520</LatitudeDegrees>
       <LongitudeDegrees>100.4370430</LongitudeDegrees>
      </Position>
      <AltitudeMeters>5.8</AltitudeMeters>
      <DistanceMeters>1289.4</DistanceMeters>
      <HeartRateBpm>
       <Value>157</Value>
      </HeartRateBpm>
      <Extensions>
       <TPX xmlns="http://www.garmin.com/xmlschemas/ActivityExtension/v2">
        <Speed>3.5</Speed>
       </TPX>
      </Extensions>
     </Trackpoint>
     <Trackpoint>
      <Time>2026-08-19T11:24:23Z</Time>
      <Position>
       <LatitudeDegrees>5.2373570</LatitudeDegrees>
       <LongitudeDegrees>100.4370710</LongitudeDegrees>
      </Position>
      <AltitudeMeters>5.8</AltitudeMeters>
      <DistanceMeters>1292.5</DistanceMeters>
      <HeartRateBpm>
       <Value>157</Value>
      </HeartRateBpm>
      <Extensions>
       <TPX xmlns="http://www.garmin.com/xmlschemas/ActivityExtension/v2">
        <Speed>3.4</Speed>
       </TPX>
      </Extensions>
     </Trackpoint>
     <Trackpoint>
      <Time>2026-08-19T11:24:24Z</Time>
      <Position>
       <LatitudeDegrees>5.2373670</LatitudeDegrees>
       <LongitudeDegrees>100.4370990</LongitudeDegrees>
      </Position>
      <AltitudeMeters>5.8</AltitudeMeters>
      <DistanceMeters>1295.7</DistanceMeters>
      <HeartRateBpm>
       <Value>157</Value>
      </HeartRateBpm>
      <Extensions>
       <TPX xmlns="http://www.garmin.com/xmlschemas/ActivityExtension/v2">
        <Speed>3.3</Speed>
       </TPX>
      </Extensions>
     </Trackpoint>
     <Trackpoint>
      <Time>2026-08-19T11:24:25Z</Time>
      <Position>
       <LatitudeDegrees>5.2373760</LatitudeDegrees>
       <LongitudeDegrees>100.4371270</LongitudeDegrees>
      </Position>
      <AltitudeMeters>5.8</AltitudeMeters>
      <DistanceMeters>1299.1</DistanceMeters>
      <HeartRateBpm>
       <Value>157</Value>
      </HeartRateBpm>
      <Extensions>
       <TPX xmlns="http://www.garmin.com/xmlschemas/ActivityExtension/v2">
        <Speed>3.3</Speed>
       </TPX>
      </Extensions>
     </Trackpoint>
     <Trackpoint>
      <Time>2026-08-19T11:24:26Z</Time>
      <Position>
       <LatitudeDegrees>5.2373860</LatitudeDegrees>
       <LongitudeDegrees>100.4371570</LongitudeDegrees>
      </Position>
      <AltitudeMeters>5.8</AltitudeMeters>
      <DistanceMeters>1302.5</DistanceMeters>
      <HeartRateBpm>
       <Value>157</Value>
      </HeartRateBpm>
      <Extensions>
       <TPX xmlns="http://www.garmin.com/xmlschemas/ActivityExtension/v2">
        <Speed>3.3</Speed>
       </TPX>
      </Extensions>
     </Trackpoint>
     <Trackpoint>
      <Time>2026-08-19T11:24:27Z</Time>
      <Position>
       <LatitudeDegrees>5.2374000</LatitudeDegrees>
       <LongitudeDegrees>100.4371860</LongitudeDegrees>
      </Position>
      <AltitudeMeters>5.9</AltitudeMeters>
      <DistanceMeters>1306.1</DistanceMeters>
      <HeartRateBpm>
       <Value>157</Value>
      </HeartRateBpm>
      <Extensions>
       <TPX xmlns="http://www.garmin.com/xmlschemas/ActivityExtension/v2">
        <Speed>3.3</Speed>
       </TPX>
      </Extensions>
     </Trackpoint>
     <Trackpoint>
      <Time>2026-08-19T11:24:28Z</Time>
      <Position>
       <LatitudeDegrees>5.2374130</LatitudeDegrees>
       <LongitudeDegrees>100.4372100</LongitudeDegrees>
      </Position>
      <AltitudeMeters>5.9</AltitudeMeters>
      <DistanceMeters>1309.1</DistanceMeters>
      <HeartRateBpm>
       <Value>157</Value>
      </HeartRateBpm>
      <Extensions>
       <TPX xmlns="http://www.garmin.com/xmlschemas/ActivityExtension/v2">
        <Speed>3.3</Speed>
       </TPX>
      </Extensions>
     </Trackpoint>
     <Trackpoint>
      <Time>2026-08-19T11:24:29Z</Time>
      <Position>
       <LatitudeDegrees>5.2374270</LatitudeDegrees>
       <LongitudeDegrees>100.4372410</LongitudeDegrees>
      </Position>
      <AltitudeMeters>5.9</AltitudeMeters>
      <DistanceMeters>1312.9</DistanceMeters>
      <HeartRateBpm>
       <Value>158</Value>
      </HeartRateBpm>
      <Extensions>
       <TPX xmlns="http://www.garmin.com/xmlschemas/ActivityExtension/v2">
        <Speed>3.4</Speed>
       </TPX>
      </Extensions>
     </Trackpoint>
     <Trackpoint>
      <Time>2026-08-19T11:24:30Z</Time>
      <Position>
       <LatitudeDegrees>5.2374400</LatitudeDegrees>
       <LongitudeDegrees>100.4372730</LongitudeDegrees>
      </Position>
      <AltitudeMeters>5.9</AltitudeMeters>
      <DistanceMeters>1316.8</DistanceMeters>
      <HeartRateBpm>
       <Value>158</Value>
      </HeartRateBpm>
      <Extensions>
       <TPX xmlns="http://www.garmin.com/xmlschemas/ActivityExtension/v2">
        <Speed>3.5</Speed>
       </TPX>
      </Extensions>
     </Trackpoint>
     <Trackpoint>
      <Time>2026-08-19T11:24:31Z</Time>
      <Position>
       <LatitudeDegrees>5.2374650</LatitudeDegrees>
       <LongitudeDegrees>100.4373030</LongitudeDegrees>
      </Position>
      <AltitudeMeters>5.9</AltitudeMeters>
      <DistanceMeters>1321.1</DistanceMeters>
      <HeartRateBpm>
       <Value>158</Value>
      </HeartRateBpm>
      <Extensions>
       <TPX xmlns="http://www.garmin.com/xmlschemas/ActivityExtension/v2">
        <Speed>3.7</Speed>
       </TPX>
      </Extensions>
     </Trackpoint>
     <Trackpoint>
      <Time>2026-08-19T11:24:32Z</Time>
      <Position>
       <LatitudeDegrees>5.2374760</LatitudeDegrees>
       <LongitudeDegrees>100.4373300</LongitudeDegrees>
      </Position>
      <AltitudeMeters>5.9</AltitudeMeters>
      <DistanceMeters>1324.3</DistanceMeters>
      <HeartRateBpm>
       <Value>158</Value>
      </HeartRateBpm>
      <Extensions>
       <TPX xmlns="http://www.garmin.com/xmlschemas/ActivityExtension/v2">
        <Speed>3.6</Speed>
       </TPX>
      </Extensions>
     </Trackpoint>
     <Trackpoint>
      <Time>2026-08-19T11:24:33Z</Time>
      <Position>
       <LatitudeDegrees>5.2374870</LatitudeDegrees>
       <LongitudeDegrees>100.4373550</LongitudeDegrees>
      </Position>
      <AltitudeMeters>5.9</AltitudeMeters>
      <DistanceMeters>1327.3</DistanceMeters>
      <HeartRateBpm>
       <Value>158</Value>
      </HeartRateBpm>
      <Extensions>
       <TPX xmlns="http://www.garmin.com/xmlschemas/ActivityExtension/v2">
        <Speed>3.6</Speed>
       </TPX>
      </Extensions>
     </Trackpoint>
     <Trackpoint>
      <Time>2026-08-19T11:24:34Z</Time>
      <Position>
       <LatitudeDegrees>5.2374980</LatitudeDegrees>
       <LongitudeDegrees>100.4373810</LongitudeDegrees>
      </Position>
      <AltitudeMeters>5.9</AltitudeMeters>
      <DistanceMeters>1330.4</DistanceMeters>
      <HeartRateBpm>
       <Value>159</Value>
      </HeartRateBpm>
      <Extensions>
       <TPX xmlns="http://www.garmin.com/xmlschemas/ActivityExtension/v2">
        <Speed>3.5</Speed>
       </TPX>
      </Extensions>
     </Trackpoint>
     <Trackpoint>
      <Time>2026-08-19T11:24:35Z</Time>
      <Position>
       <LatitudeDegrees>5.2375100</LatitudeDegrees>
       <LongitudeDegrees>100.4374080</LongitudeDegrees>
      </Position>
      <AltitudeMeters>5.9</AltitudeMeters>
      <DistanceMeters>1333.8</DistanceMeters>
      <HeartRateBpm>
       <Value>158</Value>
      </HeartRateBpm>
      <Extensions>
       <TPX xmlns="http://www.garmin.com/xmlschemas/ActivityExtension/v2">
        <Speed>3.4</Speed>
       </TPX>
      </Extensions>
     </Trackpoint>
     <Trackpoint>
      <Time>2026-08-19T11:24:36Z</Time>
      <Position>
       <LatitudeDegrees>5.2375270</LatitudeDegrees>
       <LongitudeDegrees>100.4374330</LongitudeDegrees>
      </Position>
      <AltitudeMeters>5.9</AltitudeMeters>
      <DistanceMeters>1337.1</DistanceMeters>
      <HeartRateBpm>
       <Value>158</Value>
      </HeartRateBpm>
      <Extensions>
       <TPX xmlns="http://www.garmin.com/xmlschemas/ActivityExtension/v2">
        <Speed>3.2</Speed>
       </TPX>
      </Extensions>
     </Trackpoint>
     <Trackpoint>
      <Time>2026-08-19T11:24:37Z</Time>
      <Position>
       <LatitudeDegrees>5.2375430</LatitudeDegrees>
       <LongitudeDegrees>100.4374570</LongitudeDegrees>
      </Position>
      <AltitudeMeters>5.9</AltitudeMeters>
      <DistanceMeters>1340.3</DistanceMeters>
      <HeartRateBpm>
       <Value>157</Value>
      </HeartRateBpm>
      <Extensions>
       <TPX xmlns="http://www.garmin.com/xmlschemas/ActivityExtension/v2">
        <Speed>3.2</Speed>
       </TPX>
      </Extensions>
     </Trackpoint>
     <Trackpoint>
      <Time>2026-08-19T11:24:38Z</Time>
      <Position>
       <LatitudeDegrees>5.2375530</LatitudeDegrees>
       <LongitudeDegrees>100.4374900</LongitudeDegrees>
      </Position>
      <AltitudeMeters>5.9</AltitudeMeters>
      <DistanceMeters>1344.1</DistanceMeters>
      <HeartRateBpm>
       <Value>157</Value>
      </HeartRateBpm>
      <Extensions>
       <TPX xmlns="http://www.garmin.com/xmlschemas/ActivityExtension/v2">
        <Speed>3.4</Speed>
       </TPX>
      </Extensions>
     </Trackpoint>
     <Trackpoint>
      <Time>2026-08-19T11:24:39Z</Time>
      <Position>
       <LatitudeDegrees>5.2375610</LatitudeDegrees>
       <LongitudeDegrees>100.4375240</LongitudeDegrees>
      </Position>
      <AltitudeMeters>5.9</AltitudeMeters>
      <DistanceMeters>1347.9</DistanceMeters>
      <HeartRateBpm>
       <Value>157</Value>
      </HeartRateBpm>
      <Extensions>
       <TPX xmlns="http://www.garmin.com/xmlschemas/ActivityExtension/v2">
        <Speed>3.5</Speed>
       </TPX>
      </Extensions>
     </Trackpoint>
     <Trackpoint>
      <Time>2026-08-19T11:24:40Z</Time>
      <Position>
       <LatitudeDegrees>5.2375690</LatitudeDegrees>
       <LongitudeDegrees>100.4375570</LongitudeDegrees>
      </Position>
      <AltitudeMeters>5.9</AltitudeMeters>
      <DistanceMeters>1351.8</DistanceMeters>
      <HeartRateBpm>
       <Value>158</Value>
      </HeartRateBpm>
      <Extensions>
       <TPX xmlns="http://www.garmin.com/xmlschemas/ActivityExtension/v2">
        <Speed>3.6</Speed>
       </TPX>
      </Extensions>
     </Trackpoint>
     <Trackpoint>
      <Time>2026-08-19T11:24:41Z</Time>
      <Position>
       <LatitudeDegrees>5.2375750</LatitudeDegrees>
       <LongitudeDegrees>100.4375860</LongitudeDegrees>
      </Position>
      <AltitudeMeters>5.9</AltitudeMeters>
      <DistanceMeters>1355.0</DistanceMeters>
      <HeartRateBpm>
       <Value>158</Value>
      </HeartRateBpm>
      <Extensions>
       <TPX xmlns="http://www.garmin.com/xmlschemas/ActivityExtension/v2">
        <Speed>3.6</Speed>
       </TPX>
      </Extensions>
     </Trackpoint>
     <Trackpoint>
      <Time>2026-08-19T11:24:42Z</Time>
      <Position>
       <LatitudeDegrees>5.2375800</LatitudeDegrees>
       <LongitudeDegrees>100.4376240</LongitudeDegrees>
      </Position>
      <AltitudeMeters>5.9</AltitudeMeters>
      <DistanceMeters>1359.3</DistanceMeters>
      <HeartRateBpm>
       <Value>158</Value>
      </HeartRateBpm>
      <Extensions>
       <TPX xmlns="http://www.garmin.com/xmlschemas/ActivityExtension/v2">
        <Speed>3.8</Speed>
       </TPX>
      </Extensions>
     </Trackpoint>
     <Trackpoint>
      <Time>2026-08-19T11:24:43Z</Time>
      <Position>
       <LatitudeDegrees>5.2375860</LatitudeDegrees>
       <LongitudeDegrees>100.4376550</LongitudeDegrees>
      </Position>
      <AltitudeMeters>5.9</AltitudeMeters>
      <DistanceMeters>1362.7</DistanceMeters>
      <HeartRateBpm>
       <Value>157</Value>
      </HeartRateBpm>
      <Extensions>
       <TPX xmlns="http://www.garmin.com/xmlschemas/ActivityExtension/v2">
        <Speed>3.7</Speed>
       </TPX>
      </Extensions>
     </Trackpoint>
     <Trackpoint>
      <Time>2026-08-19T11:24:44Z</Time>
      <Position>
       <LatitudeDegrees>5.2375870</LatitudeDegrees>
       <LongitudeDegrees>100.4376950</LongitudeDegrees>
      </Position>
      <AltitudeMeters>5.9</AltitudeMeters>
      <DistanceMeters>1367.2</DistanceMeters>
      <HeartRateBpm>
       <Value>158</Value>
      </HeartRateBpm>
      <Extensions>
       <TPX xmlns="http://www.garmin.com/xmlschemas/ActivityExtension/v2">
        <Speed>3.9</Speed>
       </TPX>
      </Extensions>
     </Trackpoint>
     <Trackpoint>
      <Time>2026-08-19T11:24:45Z</Time>
      <Position>
       <LatitudeDegrees>5.2375960</LatitudeDegrees>
       <LongitudeDegrees>100.4377280</LongitudeDegrees>
      </Position>
      <AltitudeMeters>5.9</AltitudeMeters>
      <DistanceMeters>1371.0</DistanceMeters>
      <HeartRateBpm>
       <Value>159</Value>
      </HeartRateBpm>
      <Extensions>
       <TPX xmlns="http://www.garmin.com/xmlschemas/ActivityExtension/v2">
        <Speed>3.8</Speed>
       </TPX>
      </Extensions>
     </Trackpoint>
     <Trackpoint>
      <Time>2026-08-19T11:24:46Z</Time>
      <Position>
       <LatitudeDegrees>5.2376060</LatitudeDegrees>
       <LongitudeDegrees>100.4377580</LongitudeDegrees>
      </Position>
      <AltitudeMeters>5.9</AltitudeMeters>
      <DistanceMeters>1374.5</DistanceMeters>
      <HeartRateBpm>
       <Value>159</Value>
      </HeartRateBpm>
      <Extensions>
       <TPX xmlns="http://www.garmin.com/xmlschemas/ActivityExtension/v2">
        <Speed>3.9</Speed>
       </TPX>
      </Extensions>
     </Trackpoint>
     <Trackpoint>
      <Time>2026-08-19T11:24:47Z</Time>
      <Position>
       <LatitudeDegrees>5.2376130</LatitudeDegrees>
       <LongitudeDegrees>100.4377840</LongitudeDegrees>
      </Position>
      <AltitudeMeters>5.9</AltitudeMeters>
      <DistanceMeters>1377.4</DistanceMeters>
      <HeartRateBpm>
       <Value>159</Value>
      </HeartRateBpm>
      <Extensions>
       <TPX xmlns="http://www.garmin.com/xmlschemas/ActivityExtension/v2">
        <Speed>3.6</Speed>
       </TPX>
      </Extensions>
     </Trackpoint>
     <Trackpoint>
      <Time>2026-08-19T11:24:48Z</Time>
      <Position>
       <LatitudeDegrees>5.2376210</LatitudeDegrees>
       <LongitudeDegrees>100.4378150</LongitudeDegrees>
      </Position>
      <AltitudeMeters>5.9</AltitudeMeters>
      <DistanceMeters>1380.9</DistanceMeters>
      <HeartRateBpm>
       <Value>159</Value>
      </HeartRateBpm>
      <Extensions>
       <TPX xmlns="http://www.garmin.com/xmlschemas/ActivityExtension/v2">
        <Speed>3.6</Speed>
       </TPX>
      </Extensions>
     </Trackpoint>
     <Trackpoint>
      <Time>2026-08-19T11:24:49Z</Time>
      <Position>
       <LatitudeDegrees>5.2376290</LatitudeDegrees>
       <LongitudeDegrees>100.4378500</LongitudeDegrees>
      </Position>
      <AltitudeMeters>5.9</AltitudeMeters>
      <DistanceMeters>1385.0</DistanceMeters>
      <HeartRateBpm>
       <Value>159</Value>
      </HeartRateBpm>
      <Extensions>
       <TPX xmlns="http://www.garmin.com/xmlschemas/ActivityExtension/v2">
        <Speed>3.6</Speed>
       </TPX>
      </Extensions>
     </Trackpoint>
     <Trackpoint>
      <Time>2026-08-19T11:24:50Z</Time>
      <Position>
       <LatitudeDegrees>5.2376370</LatitudeDegrees>
       <LongitudeDegrees>100.4378850</LongitudeDegrees>
      </Position>
      <AltitudeMeters>5.9</AltitudeMeters>
      <DistanceMeters>1389.0</DistanceMeters>
      <HeartRateBpm>
       <Value>159</Value>
      </HeartRateBpm>
      <Extensions>
       <TPX xmlns="http://www.garmin.com/xmlschemas/ActivityExtension/v2">
        <Speed>3.6</Speed>
       </TPX>
      </Extensions>
     </Trackpoint>
     <Trackpoint>
      <Time>2026-08-19T11:24:51Z</Time>
      <Position>
       <LatitudeDegrees>5.2376460</LatitudeDegrees>
       <LongitudeDegrees>100.4379220</LongitudeDegrees>
      </Position>
      <AltitudeMeters>5.9</AltitudeMeters>
      <DistanceMeters>1393.2</DistanceMeters>
      <HeartRateBpm>
       <Value>159</Value>
      </HeartRateBpm>
      <Extensions>
       <TPX xmlns="http://www.garmin.com/xmlschemas/ActivityExtension/v2">
        <Speed>3.7</Speed>
       </TPX>
      </Extensions>
     </Trackpoint>
     <Trackpoint>
      <Time>2026-08-19T11:24:52Z</Time>
      <Position>
       <LatitudeDegrees>5.2376600</LatitudeDegrees>
       <LongitudeDegrees>100.4379470</LongitudeDegrees>
      </Position>
      <AltitudeMeters>5.9</AltitudeMeters>
      <DistanceMeters>1396.3</DistanceMeters>
      <HeartRateBpm>
       <Value>159</Value>
      </HeartRateBpm>
      <Extensions>
       <TPX xmlns="http://www.garmin.com/xmlschemas/ActivityExtension/v2">
        <Speed>3.8</Speed>
       </TPX>
      </Extensions>
     </Trackpoint>
     <Trackpoint>
      <Time>2026-08-19T11:24:53Z</Time>
      <Position>
       <LatitudeDegrees>5.2376820</LatitudeDegrees>
       <LongitudeDegrees>100.4379670</LongitudeDegrees>
      </Position>
      <AltitudeMeters>5.9</AltitudeMeters>
      <DistanceMeters>1399.7</DistanceMeters>
      <HeartRateBpm>
       <Value>159</Value>
      </HeartRateBpm>
      <Extensions>
       <TPX xmlns="http://www.garmin.com/xmlschemas/ActivityExtension/v2">
        <Speed>3.8</Speed>
       </TPX>
      </Extensions>
     </Trackpoint>
     <Trackpoint>
      <Time>2026-08-19T11:24:54Z</Time>
      <Position>
       <LatitudeDegrees>5.2377040</LatitudeDegrees>
       <LongitudeDegrees>100.4379870</LongitudeDegrees>
      </Position>
      <AltitudeMeters>5.9</AltitudeMeters>
      <DistanceMeters>1403.0</DistanceMeters>
      <HeartRateBpm>
       <Value>159</Value>
      </HeartRateBpm>
      <Extensions>
       <TPX xmlns="http://www.garmin.com/xmlschemas/ActivityExtension/v2">
        <Speed>3.6</Speed>
       </TPX>
      </Extensions>
     </Trackpoint>
     <Trackpoint>
      <Time>2026-08-19T11:24:55Z</Time>
      <Position>
       <LatitudeDegrees>5.2377230</LatitudeDegrees>
       <LongitudeDegrees>100.4380070</LongitudeDegrees>
      </Position>
      <AltitudeMeters>5.9</AltitudeMeters>
      <DistanceMeters>1406.0</DistanceMeters>
      <HeartRateBpm>
       <Value>159</Value>
      </HeartRateBpm>
      <Extensions>
       <TPX xmlns="http://www.garmin.com/xmlschemas/ActivityExtension/v2">
        <Speed>3.4</Speed>
       </TPX>
      </Extensions>
     </Trackpoint>
     <Trackpoint>
      <Time>2026-08-19T11:24:56Z</Time>
      <Position>
       <LatitudeDegrees>5.2377250</LatitudeDegrees>
       <LongitudeDegrees>100.4380470</LongitudeDegrees>
      </Position>
      <AltitudeMeters>5.9</AltitudeMeters>
      <DistanceMeters>1410.5</DistanceMeters>
      <HeartRateBpm>
       <Value>158</Value>
      </HeartRateBpm>
      <Extensions>
       <TPX xmlns="http://www.garmin.com/xmlschemas/ActivityExtension/v2">
        <Speed>3.5</Speed>
       </TPX>
      </Extensions>
     </Trackpoint>
     <Trackpoint>
      <Time>2026-08-19T11:24:57Z</Time>
      <Position>
       <LatitudeDegrees>5.2377270</LatitudeDegrees>
       <LongitudeDegrees>100.4380820</LongitudeDegrees>
      </Position>
      <AltitudeMeters>5.9</AltitudeMeters>
      <DistanceMeters>1414.3</DistanceMeters>
      <HeartRateBpm>
       <Value>158</Value>
      </HeartRateBpm>
      <Extensions>
       <TPX xmlns="http://www.garmin.com/xmlschemas/ActivityExtension/v2">
        <Speed>3.6</Speed>
       </TPX>
      </Extensions>
     </Trackpoint>
     <Trackpoint>
      <Time>2026-08-19T11:24:58Z</Time>
      <Position>
       <LatitudeDegrees>5.2377190</LatitudeDegrees>
       <LongitudeDegrees>100.4381200</LongitudeDegrees>
      </Position>
      <AltitudeMeters>5.9</AltitudeMeters>
      <DistanceMeters>1418.6</DistanceMeters>
      <HeartRateBpm>
       <Value>159</Value>
      </HeartRateBpm>
      <Extensions>
       <TPX xmlns="http://www.garmin.com/xmlschemas/ActivityExtension/v2">
        <Speed>3.8</Speed>
       </TPX>
      </Extensions>
     </Trackpoint>
     <Trackpoint>
      <Time>2026-08-19T11:24:59Z</Time>
      <Position>
       <LatitudeDegrees>5.2377170</LatitudeDegrees>
       <LongitudeDegrees>100.4381500</LongitudeDegrees>
      </Position>
      <AltitudeMeters>5.9</AltitudeMeters>
      <DistanceMeters>1422.0</DistanceMeters>
      <HeartRateBpm>
       <Value>159</Value>
      </HeartRateBpm>
      <Extensions>
       <TPX xmlns="http://www.garmin.com/xmlschemas/ActivityExtension/v2">
        <Speed>3.8</Speed>
       </TPX>
      </Extensions>
     </Trackpoint>
     <Trackpoint>
      <Time>2026-08-19T11:25:00Z</Time>
      <Position>
       <LatitudeDegrees>5.2377140</LatitudeDegrees>
       <LongitudeDegrees>100.4381840</LongitudeDegrees>
      </Position>
      <AltitudeMeters>5.9</AltitudeMeters>
      <DistanceMeters>1425.8</DistanceMeters>
      <HeartRateBpm>
       <Value>159</Value>
      </HeartRateBpm>
      <Extensions>
       <TPX xmlns="http://www.garmin.com/xmlschemas/ActivityExtension/v2">
        <Speed>4.0</Speed>
       </TPX>
      </Extensions>
     </Trackpoint>
     <Trackpoint>
      <Time>2026-08-19T11:25:01Z</Time>
      <Position>
       <LatitudeDegrees>5.2377150</LatitudeDegrees>
       <LongitudeDegrees>100.4382130</LongitudeDegrees>
      </Position>
      <AltitudeMeters>5.9</AltitudeMeters>
      <DistanceMeters>1428.9</DistanceMeters>
      <HeartRateBpm>
       <Value>159</Value>
      </HeartRateBpm>
      <Extensions>
       <TPX xmlns="http://www.garmin.com/xmlschemas/ActivityExtension/v2">
        <Speed>3.7</Speed>
       </TPX>
      </Extensions>
     </Trackpoint>
     <Trackpoint>
      <Time>2026-08-19T11:25:02Z</Time>
      <Position>
       <LatitudeDegrees>5.2377120</LatitudeDegrees>
       <LongitudeDegrees>100.4382460</LongitudeDegrees>
      </Position>
      <AltitudeMeters>5.9</AltitudeMeters>
      <DistanceMeters>1432.6</DistanceMeters>
      <HeartRateBpm>
       <Value>159</Value>
      </HeartRateBpm>
      <Extensions>
       <TPX xmlns="http://www.garmin.com/xmlschemas/ActivityExtension/v2">
        <Speed>3.7</Speed>
       </TPX>
      </Extensions>
     </Trackpoint>
     <Trackpoint>
      <Time>2026-08-19T11:25:03Z</Time>
      <Position>
       <LatitudeDegrees>5.2377080</LatitudeDegrees>
       <LongitudeDegrees>100.4382820</LongitudeDegrees>
      </Position>
      <AltitudeMeters>5.9</AltitudeMeters>
      <DistanceMeters>1436.6</DistanceMeters>
      <HeartRateBpm>
       <Value>159</Value>
      </HeartRateBpm>
      <Extensions>
       <TPX xmlns="http://www.garmin.com/xmlschemas/ActivityExtension/v2">
        <Speed>3.6</Speed>
       </TPX>
      </Extensions>
     </Trackpoint>
     <Trackpoint>
      <Time>2026-08-19T11:25:04Z</Time>
      <Position>
       <LatitudeDegrees>5.2377190</LatitudeDegrees>
       <LongitudeDegrees>100.4383210</LongitudeDegrees>
      </Position>
      <AltitudeMeters>5.9</AltitudeMeters>
      <DistanceMeters>1441.1</DistanceMeters>
      <HeartRateBpm>
       <Value>159</Value>
      </HeartRateBpm>
      <Extensions>
       <TPX xmlns="http://www.garmin.com/xmlschemas/ActivityExtension/v2">
        <Speed>3.8</Speed>
       </TPX>
      </Extensions>
     </Trackpoint>
     <Trackpoint>
      <Time>2026-08-19T11:25:05Z</Time>
      <Position>
       <LatitudeDegrees>5.2377270</LatitudeDegrees>
       <LongitudeDegrees>100.4383520</LongitudeDegrees>
      </Position>
      <AltitudeMeters>5.9</AltitudeMeters>
      <DistanceMeters>1444.7</DistanceMeters>
      <HeartRateBpm>
       <Value>159</Value>
      </HeartRateBpm>
      <Extensions>
       <TPX xmlns="http://www.garmin.com/xmlschemas/ActivityExtension/v2">
        <Speed>3.8</Speed>
       </TPX>
      </Extensions>
     </Trackpoint>
     <Trackpoint>
      <Time>2026-08-19T11:25:06Z</Time>
      <Position>
       <LatitudeDegrees>5.2377390</LatitudeDegrees>
       <LongitudeDegrees>100.4383830</LongitudeDegrees>
      </Position>
      <AltitudeMeters>5.9</AltitudeMeters>
      <DistanceMeters>1448.3</DistanceMeters>
      <HeartRateBpm>
       <Value>159</Value>
      </HeartRateBpm>
      <Extensions>
       <TPX xmlns="http://www.garmin.com/xmlschemas/ActivityExtension/v2">
        <Speed>3.9</Speed>
       </TPX>
      </Extensions>
     </Trackpoint>
     <Trackpoint>
      <Time>2026-08-19T11:25:07Z</Time>
      <Position>
       <LatitudeDegrees>5.2377510</LatitudeDegrees>
       <LongitudeDegrees>100.4384130</LongitudeDegrees>
      </Position>
      <AltitudeMeters>5.9</AltitudeMeters>
      <DistanceMeters>1451.9</DistanceMeters>
      <HeartRateBpm>
       <Value>159</Value>
      </HeartRateBpm>
      <Extensions>
       <TPX xmlns="http://www.garmin.com/xmlschemas/ActivityExtension/v2">
        <Speed>3.9</Speed>
       </TPX>
      </Extensions>
     </Trackpoint>
     <Trackpoint>
      <Time>2026-08-19T11:25:08Z</Time>
      <Position>
       <LatitudeDegrees>5.2377590</LatitudeDegrees>
       <LongitudeDegrees>100.4384410</LongitudeDegrees>
      </Position>
      <AltitudeMeters>5.9</AltitudeMeters>
      <DistanceMeters>1455.1</DistanceMeters>
      <HeartRateBpm>
       <Value>159</Value>
      </HeartRateBpm>
      <Extensions>
       <TPX xmlns="http://www.garmin.com/xmlschemas/ActivityExtension/v2">
        <Speed>3.7</Speed>
       </TPX>
      </Extensions>
     </Trackpoint>
     <Trackpoint>
      <Time>2026-08-19T11:25:09Z</Time>
      <Position>
       <LatitudeDegrees>5.2377660</LatitudeDegrees>
       <LongitudeDegrees>100.4384810</LongitudeDegrees>
      </Position>
      <AltitudeMeters>5.9</AltitudeMeters>
      <DistanceMeters>1459.6</DistanceMeters>
      <HeartRateBpm>
       <Value>159</Value>
      </HeartRateBpm>
      <Extensions>
       <TPX xmlns="http://www.garmin.com/xmlschemas/ActivityExtension/v2">
        <Speed>3.7</Speed>
       </TPX>
      </Extensions>
     </Trackpoint>
     <Trackpoint>
      <Time>2026-08-19T11:25:10Z</Time>
      <Position>
       <LatitudeDegrees>5.2377750</LatitudeDegrees>
       <LongitudeDegrees>100.4385120</LongitudeDegrees>
      </Position>
      <AltitudeMeters>5.9</AltitudeMeters>
      <DistanceMeters>1463.2</DistanceMeters>
      <HeartRateBpm>
       <Value>159</Value>
      </HeartRateBpm>
      <Extensions>
       <TPX xmlns="http://www.garmin.com/xmlschemas/ActivityExtension/v2">
        <Speed>3.7</Speed>
       </TPX>
      </Extensions>
     </Trackpoint>
     <Trackpoint>
      <Time>2026-08-19T11:25:11Z</Time>
      <Position>
       <LatitudeDegrees>5.2377890</LatitudeDegrees>
       <LongitudeDegrees>100.4385530</LongitudeDegrees>
      </Position>
      <AltitudeMeters>5.9</AltitudeMeters>
      <DistanceMeters>1468.0</DistanceMeters>
      <HeartRateBpm>
       <Value>160</Value>
      </HeartRateBpm>
      <Extensions>
       <TPX xmlns="http://www.garmin.com/xmlschemas/ActivityExtension/v2">
        <Speed>3.9</Speed>
       </TPX>
      </Extensions>
     </Trackpoint>
     <Trackpoint>
      <Time>2026-08-19T11:25:12Z</Time>
      <Position>
       <LatitudeDegrees>5.2378030</LatitudeDegrees>
       <LongitudeDegrees>100.4385810</LongitudeDegrees>
      </Position>
      <AltitudeMeters>5.9</AltitudeMeters>
      <DistanceMeters>1471.4</DistanceMeters>
      <HeartRateBpm>
       <Value>160</Value>
      </HeartRateBpm>
      <Extensions>
       <TPX xmlns="http://www.garmin.com/xmlschemas/ActivityExtension/v2">
        <Speed>3.9</Speed>
       </TPX>
      </Extensions>
     </Trackpoint>
     <Trackpoint>
      <Time>2026-08-19T11:25:13Z</Time>
      <Position>
       <LatitudeDegrees>5.2378160</LatitudeDegrees>
       <LongitudeDegrees>100.4386090</LongitudeDegrees>
      </Position>
      <AltitudeMeters>5.9</AltitudeMeters>
      <DistanceMeters>1474.9</DistanceMeters>
      <HeartRateBpm>
       <Value>160</Value>
      </HeartRateBpm>
      <Extensions>
       <TPX xmlns="http://www.garmin.com/xmlschemas/ActivityExtension/v2">
        <Speed>4.0</Speed>
       </TPX>
      </Extensions>
     </Trackpoint>
     <Trackpoint>
      <Time>2026-08-19T11:25:14Z</Time>
      <Position>
       <LatitudeDegrees>5.2378260</LatitudeDegrees>
       <LongitudeDegrees>100.4386410</LongitudeDegrees>
      </Position>
      <AltitudeMeters>5.9</AltitudeMeters>
      <DistanceMeters>1478.6</DistanceMeters>
      <HeartRateBpm>
       <Value>160</Value>
      </HeartRateBpm>
      <Extensions>
       <TPX xmlns="http://www.garmin.com/xmlschemas/ActivityExtension/v2">
        <Speed>3.8</Speed>
       </TPX>
      </Extensions>
     </Trackpoint>
     <Trackpoint>
      <Time>2026-08-19T11:25:15Z</Time>
      <Position>
       <LatitudeDegrees>5.2378220</LatitudeDegrees>
       <LongitudeDegrees>100.4386800</LongitudeDegrees>
      </Position>
      <AltitudeMeters>5.9</AltitudeMeters>
      <DistanceMeters>1482.9</DistanceMeters>
      <HeartRateBpm>
       <Value>160</Value>
      </HeartRateBpm>
      <Extensions>
       <TPX xmlns="http://www.garmin.com/xmlschemas/ActivityExtension/v2">
        <Speed>3.9</Speed>
       </TPX>
      </Extensions>
     </Trackpoint>
     <Trackpoint>
      <Time>2026-08-19T11:25:16Z</Time>
      <Position>
       <LatitudeDegrees>5.2378030</LatitudeDegrees>
       <LongitudeDegrees>100.4387190</LongitudeDegrees>
      </Position>
      <AltitudeMeters>5.9</AltitudeMeters>
      <DistanceMeters>1487.8</DistanceMeters>
      <HeartRateBpm>
       <Value>160</Value>
      </HeartRateBpm>
      <Extensions>
       <TPX xmlns="http://www.garmin.com/xmlschemas/ActivityExtension/v2">
        <Speed>4.0</Speed>
       </TPX>
      </Extensions>
     </Trackpoint>
     <Trackpoint>
      <Time>2026-08-19T11:25:17Z</Time>
      <Position>
       <LatitudeDegrees>5.2377810</LatitudeDegrees>
       <LongitudeDegrees>100.4387550</LongitudeDegrees>
      </Position>
      <AltitudeMeters>5.9</AltitudeMeters>
      <DistanceMeters>1492.5</DistanceMeters>
      <HeartRateBpm>
       <Value>160</Value>
      </HeartRateBpm>
      <Extensions>
       <TPX xmlns="http://www.garmin.com/xmlschemas/ActivityExtension/v2">
        <Speed>4.2</Speed>
       </TPX>
      </Extensions>
     </Trackpoint>
     <Trackpoint>
      <Time>2026-08-19T11:25:18Z</Time>
      <Position>
       <LatitudeDegrees>5.2377540</LatitudeDegrees>
       <LongitudeDegrees>100.4387860</LongitudeDegrees>
      </Position>
      <AltitudeMeters>5.9</AltitudeMeters>
      <DistanceMeters>1497.1</DistanceMeters>
      <HeartRateBpm>
       <Value>160</Value>
      </HeartRateBpm>
      <Extensions>
       <TPX xmlns="http://www.garmin.com/xmlschemas/ActivityExtension/v2">
        <Speed>4.4</Speed>
       </TPX>
      </Extensions>
     </Trackpoint>
     <Trackpoint>
      <Time>2026-08-19T11:25:19Z</Time>
      <Position>
       <LatitudeDegrees>5.2377310</LatitudeDegrees>
       <LongitudeDegrees>100.4388120</LongitudeDegrees>
      </Position>
      <AltitudeMeters>5.9</AltitudeMeters>
      <DistanceMeters>1500.8</DistanceMeters>
      <HeartRateBpm>
       <Value>161</Value>
      </HeartRateBpm>
      <Extensions>
       <TPX xmlns="http://www.garmin.com/xmlschemas/ActivityExtension/v2">
        <Speed>4.4</Speed>
       </TPX>
      </Extensions>
     </Trackpoint>
     <Trackpoint>
      <Time>2026-08-19T11:25:20Z</Time>
      <Position>
       <LatitudeDegrees>5.2377010</LatitudeDegrees>
       <LongitudeDegrees>100.4388350</LongitudeDegrees>
      </Position>
      <AltitudeMeters>5.9</AltitudeMeters>
      <DistanceMeters>1505.0</DistanceMeters>
      <HeartRateBpm>
       <Value>161</Value>
      </HeartRateBpm>
      <Extensions>
       <TPX xmlns="http://www.garmin.com/xmlschemas/ActivityExtension/v2">
        <Speed>4.4</Speed>
       </TPX>
      </Extensions>
     </Trackpoint>
     <Trackpoint>
      <Time>2026-08-19T11:25:21Z</Time>
      <Position>
       <LatitudeDegrees>5.2376660</LatitudeDegrees>
       <LongitudeDegrees>100.4388500</LongitudeDegrees>
      </Position>
      <AltitudeMeters>5.9</AltitudeMeters>
      <DistanceMeters>1509.4</DistanceMeters>
      <HeartRateBpm>
       <Value>160</Value>
      </HeartRateBpm>
      <Extensions>
       <TPX xmlns="http://www.garmin.com/xmlschemas/ActivityExtension/v2">
        <Speed>4.3</Speed>
       </TPX>
      </Extensions>
     </Trackpoint>
    </Track>
   </Lap>
  </Activity>
 </Activities>
</TrainingCenterDatabase>
