<?xml version="1.0" encoding="UTF-8"?>
<!-- Written by Strava -->
<TrainingCenterDatabase xsi:schemaLocation="http://www.garmin.com/xmlschemas/TrainingCenterDatabase/v2 http://www.garmin.com/xmlschemas/TrainingCenterDatabasev2.xsd" xmlns:ns5="http://www.garmin.com/xmlschemas/ActivityGoals/v1" xmlns:ns3="http://www.garmin.com/xmlschemas/ActivityExtension/v2" xmlns:ns2="http://www.garmin.com/xmlschemas/UserProfile/v2" xmlns="http://www.garmin.com/xmlschemas/TrainingCenterDatabase/v2" xmlns:xsi="http://www.w3.org/2001/XMLSchema-instance">
 <Activities>
  <Activity Sport="Running">
   <Id>2026-08-01T11:07:19Z</Id>
   <Lap StartTime="2026-08-01T11:07:19Z">
    <TotalTimeSeconds>1283</TotalTimeSeconds>
    <DistanceMeters>1801.88</DistanceMeters>
    <MaximumSpeed>2.3</MaximumSpeed>
    <Calories>0</Calories>
    <AverageHeartRateBpm>
     <Value>126</Value>
    </AverageHeartRateBpm>
    <MaximumHeartRateBpm>
     <Value>152</Value>
    </MaximumHeartRateBpm>
    <Intensity>Active</Intensity>
    <TriggerMethod>Manual</TriggerMethod>
    <Track>
     <Trackpoint>
      <Time>2026-08-01T11:07:19Z</Time>
      <Position>
       <LatitudeDegrees>5.2348130</LatitudeDegrees>
       <LongitudeDegrees>100.4395760</LongitudeDegrees>
      </Position>
      <AltitudeMeters>5.1</AltitudeMeters>
      <DistanceMeters>0.0</DistanceMeters>
      <HeartRateBpm>
       <Value>152</Value>
      </HeartRateBpm>
      <Extensions>
       <TPX xmlns="http://www.garmin.com/xmlschemas/ActivityExtension/v2">
        <Speed>0.0</Speed>
       </TPX>
      </Extensions>
     </Trackpoint>
     <Trackpoint>
      <Time>2026-08-01T11:07:20Z</Time>
      <Position>
       <LatitudeDegrees>5.2348000</LatitudeDegrees>
       <LongitudeDegrees>100.4395780</LongitudeDegrees>
      </Position>
      <AltitudeMeters>5.1</AltitudeMeters>
      <DistanceMeters>1.5</DistanceMeters>
      <HeartRateBpm>
       <Value>152</Value>
      </HeartRateBpm>
      <Extensions>
       <TPX xmlns="http://www.garmin.com/xmlschemas/ActivityExtension/v2">
        <Speed>1.5</Speed>
       </TPX>
      </Extensions>
     </Trackpoint>
     <Trackpoint>
      <Time>2026-08-01T11:07:21Z</Time>
      <Position>
       <LatitudeDegrees>5.2347870</LatitudeDegrees>
       <LongitudeDegrees>100.4395800</LongitudeDegrees>
      </Position>
      <AltitudeMeters>5.1</AltitudeMeters>
      <DistanceMeters>2.9</DistanceMeters>
      <HeartRateBpm>
       <Value>152</Value>
      </HeartRateBpm>
      <Extensions>
       <TPX xmlns="http://www.garmin.com/xmlschemas/ActivityExtension/v2">
        <Speed>1.5</Speed>
       </TPX>
      </Extensions>
     </Trackpoint>
     <Trackpoint>
      <Time>2026-08-01T11:07:22Z</Time>
      <Position>
       <LatitudeDegrees>5.2347760</LatitudeDegrees>
       <LongitudeDegrees>100.4395830</LongitudeDegrees>
      </Position>
      <AltitudeMeters>5.1</AltitudeMeters>
      <DistanceMeters>4.2</DistanceMeters>
      <HeartRateBpm>
       <Value>152</Value>
      </HeartRateBpm>
      <Extensions>
       <TPX xmlns="http://www.garmin.com/xmlschemas/ActivityExtension/v2">
        <Speed>1.4</Speed>
       </TPX>
      </Extensions>
     </Trackpoint>
     <Trackpoint>
      <Time>2026-08-01T11:07:23Z</Time>
      <Position>
       <LatitudeDegrees>5.2347630</LatitudeDegrees>
       <LongitudeDegrees>100.4395870</LongitudeDegrees>
      </Position>
      <AltitudeMeters>5.1</AltitudeMeters>
      <DistanceMeters>5.7</DistanceMeters>
      <HeartRateBpm>
       <Value>151</Value>
      </HeartRateBpm>
      <Extensions>
       <TPX xmlns="http://www.garmin.com/xmlschemas/ActivityExtension/v2">
        <Speed>1.4</Speed>
       </TPX>
      </Extensions>
     </Trackpoint>
     <Trackpoint>
      <Time>2026-08-01T11:07:24Z</Time>
      <Position>
       <LatitudeDegrees>5.2347510</LatitudeDegrees>
       <LongitudeDegrees>100.4395910</LongitudeDegrees>
      </Position>
      <AltitudeMeters>5.1</AltitudeMeters>
      <DistanceMeters>7.1</DistanceMeters>
      <HeartRateBpm>
       <Value>151</Value>
      </HeartRateBpm>
      <Extensions>
       <TPX xmlns="http://www.garmin.com/xmlschemas/ActivityExtension/v2">
        <Speed>1.4</Speed>
       </TPX>
      </Extensions>
     </Trackpoint>
     <Trackpoint>
      <Time>2026-08-01T11:07:25Z</Time>
      <Position>
       <LatitudeDegrees>5.2347390</LatitudeDegrees>
       <LongitudeDegrees>100.4395980</LongitudeDegrees>
      </Position>
      <AltitudeMeters>5.1</AltitudeMeters>
      <DistanceMeters>8.6</DistanceMeters>
      <HeartRateBpm>
       <Value>151</Value>
      </HeartRateBpm>
      <Extensions>
       <TPX xmlns="http://www.garmin.com/xmlschemas/ActivityExtension/v2">
        <Speed>1.4</Speed>
       </TPX>
      </Extensions>
     </Trackpoint>
     <Trackpoint>
      <Time>2026-08-01T11:07:26Z</Time>
      <Position>
       <LatitudeDegrees>5.2347280</LatitudeDegrees>
       <LongitudeDegrees>100.4396050</LongitudeDegrees>
      </Position>
      <AltitudeMeters>5.1</AltitudeMeters>
      <DistanceMeters>8.6</DistanceMeters>
      <HeartRateBpm>
       <Value>151</Value>
      </HeartRateBpm>
      <Extensions>
       <TPX xmlns="http://www.garmin.com/xmlschemas/ActivityExtension/v2">
        <Speed>1.1</Speed>
       </TPX>
      </Extensions>
     </Trackpoint>
     <Trackpoint>
      <Time>2026-08-01T11:07:27Z</Time>
      <Position>
       <LatitudeDegrees>5.2347140</LatitudeDegrees>
       <LongitudeDegrees>100.4396100</LongitudeDegrees>
      </Position>
      <AltitudeMeters>5.1</AltitudeMeters>
      <DistanceMeters>11.6</DistanceMeters>
      <HeartRateBpm>
       <Value>150</Value>
      </HeartRateBpm>
      <Extensions>
       <TPX xmlns="http://www.garmin.com/xmlschemas/ActivityExtension/v2">
        <Speed>1.5</Speed>
       </TPX>
      </Extensions>
     </Trackpoint>
     <Trackpoint>
      <Time>2026-08-01T11:07:28Z</Time>
      <Position>
       <LatitudeDegrees>5.2346860</LatitudeDegrees>
       <LongitudeDegrees>100.4396130</LongitudeDegrees>
      </Position>
      <AltitudeMeters>5.1</AltitudeMeters>
      <DistanceMeters>14.8</DistanceMeters>
      <HeartRateBpm>
       <Value>150</Value>
      </HeartRateBpm>
      <Extensions>
       <TPX xmlns="http://www.garmin.com/xmlschemas/ActivityExtension/v2">
        <Speed>1.8</Speed>
       </TPX>
      </Extensions>
     </Trackpoint>
     <Trackpoint>
      <Time>2026-08-01T11:07:29Z</Time>
      <Position>
       <LatitudeDegrees>5.2346860</LatitudeDegrees>
       <LongitudeDegrees>100.4396130</LongitudeDegrees>
      </Position>
      <AltitudeMeters>5.1</AltitudeMeters>
      <DistanceMeters>14.8</DistanceMeters>
      <HeartRateBpm>
       <Value>150</Value>
      </HeartRateBpm>
      <Extensions>
       <TPX xmlns="http://www.garmin.com/xmlschemas/ActivityExtension/v2">
        <Speed>1.5</Speed>
       </TPX>
      </Extensions>
     </Trackpoint>
     <Trackpoint>
      <Time>2026-08-01T11:07:30Z</Time>
      <Position>
       <LatitudeDegrees>5.2346610</LatitudeDegrees>
       <LongitudeDegrees>100.4396110</LongitudeDegrees>
      </Position>
      <AltitudeMeters>5.1</AltitudeMeters>
      <DistanceMeters>17.6</DistanceMeters>
      <HeartRateBpm>
       <Value>150</Value>
      </HeartRateBpm>
      <Extensions>
       <TPX xmlns="http://www.garmin.com/xmlschemas/ActivityExtension/v2">
        <Speed>1.8</Speed>
       </TPX>
      </Extensions>
     </Trackpoint>
     <Trackpoint>
      <Time>2026-08-01T11:07:31Z</Time>
      <Position>
       <LatitudeDegrees>5.2346470</LatitudeDegrees>
       <LongitudeDegrees>100.4396080</LongitudeDegrees>
      </Position>
      <AltitudeMeters>5.1</AltitudeMeters>
      <DistanceMeters>19.2</DistanceMeters>
      <HeartRateBpm>
       <Value>149</Value>
      </HeartRateBpm>
      <Extensions>
       <TPX xmlns="http://www.garmin.com/xmlschemas/ActivityExtension/v2">
        <Speed>2.1</Speed>
       </TPX>
      </Extensions>
     </Trackpoint>
     <Trackpoint>
      <Time>2026-08-01T11:07:32Z</Time>
      <Position>
       <LatitudeDegrees>5.2346470</LatitudeDegrees>
       <LongitudeDegrees>100.4396080</LongitudeDegrees>
      </Position>
      <AltitudeMeters>5.1</AltitudeMeters>
      <DistanceMeters>19.2</DistanceMeters>
      <HeartRateBpm>
       <Value>149</Value>
      </HeartRateBpm>
      <Extensions>
       <TPX xmlns="http://www.garmin.com/xmlschemas/ActivityExtension/v2">
        <Speed>1.5</Speed>
       </TPX>
      </Extensions>
     </Trackpoint>
     <Trackpoint>
      <Time>2026-08-01T11:07:33Z</Time>
      <Position>
       <LatitudeDegrees>5.2346350</LatitudeDegrees>
       <LongitudeDegrees>100.4396030</LongitudeDegrees>
      </Position>
      <AltitudeMeters>5.1</AltitudeMeters>
      <DistanceMeters>20.6</DistanceMeters>
      <HeartRateBpm>
       <Value>148</Value>
      </HeartRateBpm>
      <Extensions>
       <TPX xmlns="http://www.garmin.com/xmlschemas/ActivityExtension/v2">
        <Speed>1.2</Speed>
       </TPX>
      </Extensions>
     </Trackpoint>
     <Trackpoint>
      <Time>2026-08-01T11:07:34Z</Time>
      <Position>
       <LatitudeDegrees>5.2346080</LatitudeDegrees>
       <LongitudeDegrees>100.4395840</LongitudeDegrees>
      </Position>
      <AltitudeMeters>5.1</AltitudeMeters>
      <DistanceMeters>24.3</DistanceMeters>
      <HeartRateBpm>
       <Value>148</Value>
      </HeartRateBpm>
      <Extensions>
       <TPX xmlns="http://www.garmin.com/xmlschemas/ActivityExtension/v2">
        <Speed>1.9</Speed>
       </TPX>
      </Extensions>
     </Trackpoint>
     <Trackpoint>
      <Time>2026-08-01T11:07:35Z</Time>
      <Position>
       <LatitudeDegrees>5.2346080</LatitudeDegrees>
       <LongitudeDegrees>100.4395840</LongitudeDegrees>
      </Position>
      <AltitudeMeters>5.1</AltitudeMeters>
      <DistanceMeters>24.3</DistanceMeters>
      <HeartRateBpm>
       <Value>148</Value>
      </HeartRateBpm>
      <Extensions>
       <TPX xmlns="http://www.garmin.com/xmlschemas/ActivityExtension/v2">
        <Speed>1.3</Speed>
       </TPX>
      </Extensions>
     </Trackpoint>
     <Trackpoint>
      <Time>2026-08-01T11:07:36Z</Time>
      <Position>
       <LatitudeDegrees>5.2346020</LatitudeDegrees>
       <LongitudeDegrees>100.4395780</LongitudeDegrees>
      </Position>
      <AltitudeMeters>5.1</AltitudeMeters>
      <DistanceMeters>25.2</DistanceMeters>
      <HeartRateBpm>
       <Value>148</Value>
      </HeartRateBpm>
      <Extensions>
       <TPX xmlns="http://www.garmin.com/xmlschemas/ActivityExtension/v2">
        <Speed>1.2</Speed>
       </TPX>
      </Extensions>
     </Trackpoint>
     <Trackpoint>
      <Time>2026-08-01T11:07:37Z</Time>
      <Position>
       <LatitudeDegrees>5.2345910</LatitudeDegrees>
       <LongitudeDegrees>100.4395680</LongitudeDegrees>
      </Position>
      <AltitudeMeters>5.1</AltitudeMeters>
      <DistanceMeters>26.9</DistanceMeters>
      <HeartRateBpm>
       <Value>148</Value>
      </HeartRateBpm>
      <Extensions>
       <TPX xmlns="http://www.garmin.com/xmlschemas/ActivityExtension/v2">
        <Speed>1.5</Speed>
       </TPX>
      </Extensions>
     </Trackpoint>
     <Trackpoint>
      <Time>2026-08-01T11:07:38Z</Time>
      <Position>
       <LatitudeDegrees>5.2345810</LatitudeDegrees>
       <LongitudeDegrees>100.4395590</LongitudeDegrees>
      </Position>
      <AltitudeMeters>5.1</AltitudeMeters>
      <DistanceMeters>28.4</DistanceMeters>
      <HeartRateBpm>
       <Value>148</Value>
      </HeartRateBpm>
      <Extensions>
       <TPX xmlns="http://www.garmin.com/xmlschemas/ActivityExtension/v2">
        <Speed>1.6</Speed>
       </TPX>
      </Extensions>
     </Trackpoint>
     <Trackpoint>
      <Time>2026-08-01T11:07:39Z</Time>
      <Position>
       <LatitudeDegrees>5.2345710</LatitudeDegrees>
       <LongitudeDegrees>100.4395490</LongitudeDegrees>
      </Position>
      <AltitudeMeters>5.1</AltitudeMeters>
      <DistanceMeters>28.4</DistanceMeters>
      <HeartRateBpm>
       <Value>148</Value>
      </HeartRateBpm>
      <Extensions>
       <TPX xmlns="http://www.garmin.com/xmlschemas/ActivityExtension/v2">
        <Speed>0.8</Speed>
       </TPX>
      </Extensions>
     </Trackpoint>
     <Trackpoint>
      <Time>2026-08-01T11:07:40Z</Time>
      <Position>
       <LatitudeDegrees>5.2345580</LatitudeDegrees>
       <LongitudeDegrees>100.4395400</LongitudeDegrees>
      </Position>
      <AltitudeMeters>5.1</AltitudeMeters>
      <DistanceMeters>31.6</DistanceMeters>
      <HeartRateBpm>
       <Value>148</Value>
      </HeartRateBpm>
      <Extensions>
       <TPX xmlns="http://www.garmin.com/xmlschemas/ActivityExtension/v2">
        <Speed>1.5</Speed>
       </TPX>
      </Extensions>
     </Trackpoint>
     <Trackpoint>
      <Time>2026-08-01T11:07:41Z</Time>
      <Position>
       <LatitudeDegrees>5.2345460</LatitudeDegrees>
       <LongitudeDegrees>100.4395310</LongitudeDegrees>
      </Position>
      <AltitudeMeters>5.1</AltitudeMeters>
      <DistanceMeters>31.6</DistanceMeters>
      <HeartRateBpm>
       <Value>148</Value>
      </HeartRateBpm>
      <Extensions>
       <TPX xmlns="http://www.garmin.com/xmlschemas/ActivityExtension/v2">
        <Speed>1.3</Speed>
       </TPX>
      </Extensions>
     </Trackpoint>
     <Trackpoint>
      <Time>2026-08-01T11:07:42Z</Time>
      <Position>
       <LatitudeDegrees>5.2345340</LatitudeDegrees>
       <LongitudeDegrees>100.4395220</LongitudeDegrees>
      </Position>
      <AltitudeMeters>5.1</AltitudeMeters>
      <DistanceMeters>35.0</DistanceMeters>
      <HeartRateBpm>
       <Value>147</Value>
      </HeartRateBpm>
      <Extensions>
       <TPX xmlns="http://www.garmin.com/xmlschemas/ActivityExtension/v2">
        <Speed>1.6</Speed>
       </TPX>
      </Extensions>
     </Trackpoint>
     <Trackpoint>
      <Time>2026-08-01T11:07:43Z</Time>
      <Position>
       <LatitudeDegrees>5.2345240</LatitudeDegrees>
       <LongitudeDegrees>100.4395130</LongitudeDegrees>
      </Position>
      <AltitudeMeters>5.1</AltitudeMeters>
      <DistanceMeters>36.5</DistanceMeters>
      <HeartRateBpm>
       <Value>148</Value>
      </HeartRateBpm>
      <Extensions>
       <TPX xmlns="http://www.garmin.com/xmlschemas/ActivityExtension/v2">
        <Speed>1.6</Speed>
       </TPX>
      </Extensions>
     </Trackpoint>
     <Trackpoint>
      <Time>2026-08-01T11:07:44Z</Time>
      <Position>
       <LatitudeDegrees>5.2345130</LatitudeDegrees>
       <LongitudeDegrees>100.4395060</LongitudeDegrees>
      </Position>
      <AltitudeMeters>5.1</AltitudeMeters>
      <DistanceMeters>38.0</DistanceMeters>
      <HeartRateBpm>
       <Value>148</Value>
      </HeartRateBpm>
      <Extensions>
       <TPX xmlns="http://www.garmin.com/xmlschemas/ActivityExtension/v2">
        <Speed>1.9</Speed>
       </TPX>
      </Extensions>
     </Trackpoint>
     <Trackpoint>
      <Time>2026-08-01T11:07:45Z</Time>
      <Position>
       <LatitudeDegrees>5.2345020</LatitudeDegrees>
       <LongitudeDegrees>100.4394980</LongitudeDegrees>
      </Position>
      <AltitudeMeters>5.1</AltitudeMeters>
      <DistanceMeters>39.5</DistanceMeters>
      <HeartRateBpm>
       <Value>148</Value>
      </HeartRateBpm>
      <Extensions>
       <TPX xmlns="http://www.garmin.com/xmlschemas/ActivityExtension/v2">
        <Speed>1.6</Speed>
       </TPX>
      </Extensions>
     </Trackpoint>
     <Trackpoint>
      <Time>2026-08-01T11:07:46Z</Time>
      <Position>
       <LatitudeDegrees>5.2344900</LatitudeDegrees>
       <LongitudeDegrees>100.4394830</LongitudeDegrees>
      </Position>
      <AltitudeMeters>5.1</AltitudeMeters>
      <DistanceMeters>39.5</DistanceMeters>
      <HeartRateBpm>
       <Value>148</Value>
      </HeartRateBpm>
      <Extensions>
       <TPX xmlns="http://www.garmin.com/xmlschemas/ActivityExtension/v2">
        <Speed>1.6</Speed>
       </TPX>
      </Extensions>
     </Trackpoint>
     <Trackpoint>
      <Time>2026-08-01T11:07:47Z</Time>
      <Position>
       <LatitudeDegrees>5.2344880</LatitudeDegrees>
       <LongitudeDegrees>100.4394730</LongitudeDegrees>
      </Position>
      <AltitudeMeters>5.1</AltitudeMeters>
      <DistanceMeters>42.6</DistanceMeters>
      <HeartRateBpm>
       <Value>148</Value>
      </HeartRateBpm>
      <Extensions>
       <TPX xmlns="http://www.garmin.com/xmlschemas/ActivityExtension/v2">
        <Speed>1.5</Speed>
       </TPX>
      </Extensions>
     </Trackpoint>
     <Trackpoint>
      <Time>2026-08-01T11:07:48Z</Time>
      <Position>
       <LatitudeDegrees>5.2344860</LatitudeDegrees>
       <LongitudeDegrees>100.4394610</LongitudeDegrees>
      </Position>
      <AltitudeMeters>5.1</AltitudeMeters>
      <DistanceMeters>43.9</DistanceMeters>
      <HeartRateBpm>
       <Value>148</Value>
      </HeartRateBpm>
      <Extensions>
       <TPX xmlns="http://www.garmin.com/xmlschemas/ActivityExtension/v2">
        <Speed>1.5</Speed>
       </TPX>
      </Extensions>
     </Trackpoint>
     <Trackpoint>
      <Time>2026-08-01T11:07:49Z</Time>
      <Position>
       <LatitudeDegrees>5.2344840</LatitudeDegrees>
       <LongitudeDegrees>100.4394480</LongitudeDegrees>
      </Position>
      <AltitudeMeters>5.1</AltitudeMeters>
      <DistanceMeters>45.4</DistanceMeters>
      <HeartRateBpm>
       <Value>147</Value>
      </HeartRateBpm>
      <Extensions>
       <TPX xmlns="http://www.garmin.com/xmlschemas/ActivityExtension/v2">
        <Speed>1.5</Speed>
       </TPX>
      </Extensions>
     </Trackpoint>
     <Trackpoint>
      <Time>2026-08-01T11:07:50Z</Time>
      <Position>
       <LatitudeDegrees>5.2344830</LatitudeDegrees>
       <LongitudeDegrees>100.4394350</LongitudeDegrees>
      </Position>
      <AltitudeMeters>5.1</AltitudeMeters>
      <DistanceMeters>46.8</DistanceMeters>
      <HeartRateBpm>
       <Value>147</Value>
      </HeartRateBpm>
      <Extensions>
       <TPX xmlns="http://www.garmin.com/xmlschemas/ActivityExtension/v2">
        <Speed>1.5</Speed>
       </TPX>
      </Extensions>
     </Trackpoint>
     <Trackpoint>
      <Time>2026-08-01T11:07:51Z</Time>
      <Position>
       <LatitudeDegrees>5.2344840</LatitudeDegrees>
       <LongitudeDegrees>100.4394220</LongitudeDegrees>
      </Position>
      <AltitudeMeters>5.1</AltitudeMeters>
      <DistanceMeters>48.3</DistanceMeters>
      <HeartRateBpm>
       <Value>147</Value>
      </HeartRateBpm>
      <Extensions>
       <TPX xmlns="http://www.garmin.com/xmlschemas/ActivityExtension/v2">
        <Speed>1.8</Speed>
       </TPX>
      </Extensions>
     </Trackpoint>
     <Trackpoint>
      <Time>2026-08-01T11:07:52Z</Time>
      <Position>
       <LatitudeDegrees>5.2344830</LatitudeDegrees>
       <LongitudeDegrees>100.4394170</LongitudeDegrees>
      </Position>
      <AltitudeMeters>5.1</AltitudeMeters>
      <DistanceMeters>48.8</DistanceMeters>
      <HeartRateBpm>
       <Value>147</Value>
      </HeartRateBpm>
      <Extensions>
       <TPX xmlns="http://www.garmin.com/xmlschemas/ActivityExtension/v2">
        <Speed>1.2</Speed>
       </TPX>
      </Extensions>
     </Trackpoint>
     <Trackpoint>
      <Time>2026-08-01T11:07:53Z</Time>
      <Position>
       <LatitudeDegrees>5.2344810</LatitudeDegrees>
       <LongitudeDegrees>100.4393950</LongitudeDegrees>
      </Position>
      <AltitudeMeters>5.1</AltitudeMeters>
      <DistanceMeters>51.3</DistanceMeters>
      <HeartRateBpm>
       <Value>147</Value>
      </HeartRateBpm>
      <Extensions>
       <TPX xmlns="http://www.garmin.com/xmlschemas/ActivityExtension/v2">
        <Speed>1.5</Speed>
       </TPX>
      </Extensions>
     </Trackpoint>
     <Trackpoint>
      <Time>2026-08-01T11:07:54Z</Time>
      <Position>
       <LatitudeDegrees>5.2344780</LatitudeDegrees>
       <LongitudeDegrees>100.4393830</LongitudeDegrees>
      </Position>
      <AltitudeMeters>5.2</AltitudeMeters>
      <DistanceMeters>52.7</DistanceMeters>
      <HeartRateBpm>
       <Value>146</Value>
      </HeartRateBpm>
      <Extensions>
       <TPX xmlns="http://www.garmin.com/xmlschemas/ActivityExtension/v2">
        <Speed>1.5</Speed>
       </TPX>
      </Extensions>
     </Trackpoint>
     <Trackpoint>
      <Time>2026-08-01T11:07:55Z</Time>
      <Position>
       <LatitudeDegrees>5.2344760</LatitudeDegrees>
       <LongitudeDegrees>100.4393690</LongitudeDegrees>
      </Position>
      <AltitudeMeters>5.2</AltitudeMeters>
      <DistanceMeters>54.2</DistanceMeters>
      <HeartRateBpm>
       <Value>146</Value>
      </HeartRateBpm>
      <Extensions>
       <TPX xmlns="http://www.garmin.com/xmlschemas/ActivityExtension/v2">
        <Speed>1.5</Speed>
       </TPX>
      </Extensions>
     </Trackpoint>
     <Trackpoint>
      <Time>2026-08-01T11:07:56Z</Time>
      <Position>
       <LatitudeDegrees>5.2344730</LatitudeDegrees>
       <LongitudeDegrees>100.4393560</LongitudeDegrees>
      </Position>
      <AltitudeMeters>5.2</AltitudeMeters>
      <DistanceMeters>55.7</DistanceMeters>
      <HeartRateBpm>
       <Value>146</Value>
      </HeartRateBpm>
      <Extensions>
       <TPX xmlns="http://www.garmin.com/xmlschemas/ActivityExtension/v2">
        <Speed>1.5</Speed>
       </TPX>
      </Extensions>
     </Trackpoint>
     <Trackpoint>
      <Time>2026-08-01T11:07:57Z</Time>
      <Position>
       <LatitudeDegrees>5.2344680</LatitudeDegrees>
       <LongitudeDegrees>100.4393430</LongitudeDegrees>
      </Position>
      <AltitudeMeters>5.2</AltitudeMeters>
      <DistanceMeters>55.7</DistanceMeters>
      <HeartRateBpm>
       <Value>146</Value>
      </HeartRateBpm>
      <Extensions>
       <TPX xmlns="http://www.garmin.com/xmlschemas/ActivityExtension/v2">
        <Speed>1.4</Speed>
       </TPX>
      </Extensions>
     </Trackpoint>
     <Trackpoint>
      <Time>2026-08-01T11:07:58Z</Time>
      <Position>
       <LatitudeDegrees>5.2344640</LatitudeDegrees>
       <LongitudeDegrees>100.4393310</LongitudeDegrees>
      </Position>
      <AltitudeMeters>5.2</AltitudeMeters>
      <DistanceMeters>58.7</DistanceMeters>
      <HeartRateBpm>
       <Value>146</Value>
      </HeartRateBpm>
      <Extensions>
       <TPX xmlns="http://www.garmin.com/xmlschemas/ActivityExtension/v2">
        <Speed>1.5</Speed>
       </TPX>
      </Extensions>
     </Trackpoint>
     <Trackpoint>
      <Time>2026-08-01T11:07:59Z</Time>
      <Position>
       <LatitudeDegrees>5.2344590</LatitudeDegrees>
       <LongitudeDegrees>100.4393150</LongitudeDegrees>
      </Position>
      <AltitudeMeters>5.2</AltitudeMeters>
      <DistanceMeters>58.7</DistanceMeters>
      <HeartRateBpm>
       <Value>146</Value>
      </HeartRateBpm>
      <Extensions>
       <TPX xmlns="http://www.garmin.com/xmlschemas/ActivityExtension/v2">
        <Speed>1.2</Speed>
       </TPX>
      </Extensions>
     </Trackpoint>
     <Trackpoint>
      <Time>2026-08-01T11:08:00Z</Time>
      <Position>
       <LatitudeDegrees>5.2344560</LatitudeDegrees>
       <LongitudeDegrees>100.4393040</LongitudeDegrees>
      </Position>
      <AltitudeMeters>5.2</AltitudeMeters>
      <DistanceMeters>61.8</DistanceMeters>
      <HeartRateBpm>
       <Value>145</Value>
      </HeartRateBpm>
      <Extensions>
       <TPX xmlns="http://www.garmin.com/xmlschemas/ActivityExtension/v2">
        <Speed>1.5</Speed>
       </TPX>
      </Extensions>
     </Trackpoint>
     <Trackpoint>
      <Time>2026-08-01T11:08:01Z</Time>
      <Position>
       <LatitudeDegrees>5.2344530</LatitudeDegrees>
       <LongitudeDegrees>100.4392920</LongitudeDegrees>
      </Position>
      <AltitudeMeters>5.2</AltitudeMeters>
      <DistanceMeters>63.1</DistanceMeters>
      <HeartRateBpm>
       <Value>145</Value>
      </HeartRateBpm>
      <Extensions>
       <TPX xmlns="http://www.garmin.com/xmlschemas/ActivityExtension/v2">
        <Speed>1.5</Speed>
       </TPX>
      </Extensions>
     </Trackpoint>
     <Trackpoint>
      <Time>2026-08-01T11:08:02Z</Time>
      <Position>
       <LatitudeDegrees>5.2344490</LatitudeDegrees>
       <LongitudeDegrees>100.4392790</LongitudeDegrees>
      </Position>
      <AltitudeMeters>5.2</AltitudeMeters>
      <DistanceMeters>64.6</DistanceMeters>
      <HeartRateBpm>
       <Value>145</Value>
      </HeartRateBpm>
      <Extensions>
       <TPX xmlns="http://www.garmin.com/xmlschemas/ActivityExtension/v2">
        <Speed>1.8</Speed>
       </TPX>
      </Extensions>
     </Trackpoint>
     <Trackpoint>
      <Time>2026-08-01T11:08:03Z</Time>
      <Position>
       <LatitudeDegrees>5.2344450</LatitudeDegrees>
       <LongitudeDegrees>100.4392680</LongitudeDegrees>
      </Position>
      <AltitudeMeters>5.2</AltitudeMeters>
      <DistanceMeters>65.9</DistanceMeters>
      <HeartRateBpm>
       <Value>144</Value>
      </HeartRateBpm>
      <Extensions>
       <TPX xmlns="http://www.garmin.com/xmlschemas/ActivityExtension/v2">
        <Speed>1.4</Speed>
       </TPX>
      </Extensions>
     </Trackpoint>
     <Trackpoint>
      <Time>2026-08-01T11:08:04Z</Time>
      <Position>
       <LatitudeDegrees>5.2344440</LatitudeDegrees>
       <LongitudeDegrees>100.4392570</LongitudeDegrees>
      </Position>
      <AltitudeMeters>5.2</AltitudeMeters>
      <DistanceMeters>65.9</DistanceMeters>
      <HeartRateBpm>
       <Value>145</Value>
      </HeartRateBpm>
      <Extensions>
       <TPX xmlns="http://www.garmin.com/xmlschemas/ActivityExtension/v2">
        <Speed>1.4</Speed>
       </TPX>
      </Extensions>
     </Trackpoint>
     <Trackpoint>
      <Time>2026-08-01T11:08:05Z</Time>
      <Position>
       <LatitudeDegrees>5.2344390</LatitudeDegrees>
       <LongitudeDegrees>100.4392420</LongitudeDegrees>
      </Position>
      <AltitudeMeters>5.2</AltitudeMeters>
      <DistanceMeters>68.9</DistanceMeters>
      <HeartRateBpm>
       <Value>144</Value>
      </HeartRateBpm>
      <Extensions>
       <TPX xmlns="http://www.garmin.com/xmlschemas/ActivityExtension/v2">
        <Speed>1.4</Speed>
       </TPX>
      </Extensions>
     </Trackpoint>
     <Trackpoint>
      <Time>2026-08-01T11:08:06Z</Time>
      <Position>
       <LatitudeDegrees>5.2344260</LatitudeDegrees>
       <LongitudeDegrees>100.4392330</LongitudeDegrees>
      </Position>
      <AltitudeMeters>5.2</AltitudeMeters>
      <DistanceMeters>68.9</DistanceMeters>
      <HeartRateBpm>
       <Value>144</Value>
      </HeartRateBpm>
      <Extensions>
       <TPX xmlns="http://www.garmin.com/xmlschemas/ActivityExtension/v2">
        <Speed>1.2</Speed>
       </TPX>
      </Extensions>
     </Trackpoint>
     <Trackpoint>
      <Time>2026-08-01T11:08:07Z</Time>
      <Position>
       <LatitudeDegrees>5.2344190</LatitudeDegrees>
       <LongitudeDegrees>100.4392220</LongitudeDegrees>
      </Position>
      <AltitudeMeters>5.2</AltitudeMeters>
      <DistanceMeters>72.0</DistanceMeters>
      <HeartRateBpm>
       <Value>144</Value>
      </HeartRateBpm>
      <Extensions>
       <TPX xmlns="http://www.garmin.com/xmlschemas/ActivityExtension/v2">
        <Speed>1.5</Speed>
       </TPX>
      </Extensions>
     </Trackpoint>
     <Trackpoint>
      <Time>2026-08-01T11:08:08Z</Time>
      <Position>
       <LatitudeDegrees>5.2344140</LatitudeDegrees>
       <LongitudeDegrees>100.4392100</LongitudeDegrees>
      </Position>
      <AltitudeMeters>5.2</AltitudeMeters>
      <DistanceMeters>73.4</DistanceMeters>
      <HeartRateBpm>
       <Value>144</Value>
      </HeartRateBpm>
      <Extensions>
       <TPX xmlns="http://www.garmin.com/xmlschemas/ActivityExtension/v2">
        <Speed>1.5</Speed>
       </TPX>
      </Extensions>
     </Trackpoint>
     <Trackpoint>
      <Time>2026-08-01T11:08:09Z</Time>
      <Position>
       <LatitudeDegrees>5.2344100</LatitudeDegrees>
       <LongitudeDegrees>100.4391980</LongitudeDegrees>
      </Position>
      <AltitudeMeters>5.2</AltitudeMeters>
      <DistanceMeters>74.9</DistanceMeters>
      <HeartRateBpm>
       <Value>144</Value>
      </HeartRateBpm>
      <Extensions>
       <TPX xmlns="http://www.garmin.com/xmlschemas/ActivityExtension/v2">
        <Speed>1.8</Speed>
       </TPX>
      </Extensions>
     </Trackpoint>
     <Trackpoint>
      <Time>2026-08-01T11:08:10Z</Time>
      <Position>
       <LatitudeDegrees>5.2344050</LatitudeDegrees>
       <LongitudeDegrees>100.4391870</LongitudeDegrees>
      </Position>
      <AltitudeMeters>5.2</AltitudeMeters>
      <DistanceMeters>76.2</DistanceMeters>
      <HeartRateBpm>
       <Value>144</Value>
      </HeartRateBpm>
      <Extensions>
       <TPX xmlns="http://www.garmin.com/xmlschemas/ActivityExtension/v2">
        <Speed>1.5</Speed>
       </TPX>
      </Extensions>
     </Trackpoint>
     <Trackpoint>
      <Time>2026-08-01T11:08:11Z</Time>
      <Position>
       <LatitudeDegrees>5.2344020</LatitudeDegrees>
       <LongitudeDegrees>100.4391750</LongitudeDegrees>
      </Position>
      <AltitudeMeters>5.2</AltitudeMeters>
      <DistanceMeters>76.2</DistanceMeters>
      <HeartRateBpm>
       <Value>144</Value>
      </HeartRateBpm>
      <Extensions>
       <TPX xmlns="http://www.garmin.com/xmlschemas/ActivityExtension/v2">
        <Speed>1.5</Speed>
       </TPX>
      </Extensions>
     </Trackpoint>
     <Trackpoint>
      <Time>2026-08-01T11:08:12Z</Time>
      <Position>
       <LatitudeDegrees>5.2343980</LatitudeDegrees>
       <LongitudeDegrees>100.4391580</LongitudeDegrees>
      </Position>
      <AltitudeMeters>5.2</AltitudeMeters>
      <DistanceMeters>79.5</DistanceMeters>
      <HeartRateBpm>
       <Value>144</Value>
      </HeartRateBpm>
      <Extensions>
       <TPX xmlns="http://www.garmin.com/xmlschemas/ActivityExtension/v2">
        <Speed>1.5</Speed>
       </TPX>
      </Extensions>
     </Trackpoint>
     <Trackpoint>
      <Time>2026-08-01T11:08:13Z</Time>
      <Position>
       <LatitudeDegrees>5.2343970</LatitudeDegrees>
       <LongitudeDegrees>100.4391490</LongitudeDegrees>
      </Position>
      <AltitudeMeters>5.2</AltitudeMeters>
      <DistanceMeters>79.5</DistanceMeters>
      <HeartRateBpm>
       <Value>144</Value>
      </HeartRateBpm>
      <Extensions>
       <TPX xmlns="http://www.garmin.com/xmlschemas/ActivityExtension/v2">
        <Speed>1.2</Speed>
       </TPX>
      </Extensions>
     </Trackpoint>
     <Trackpoint>
      <Time>2026-08-01T11:08:14Z</Time>
      <Position>
       <LatitudeDegrees>5.2343940</LatitudeDegrees>
       <LongitudeDegrees>100.4391380</LongitudeDegrees>
      </Position>
      <AltitudeMeters>5.2</AltitudeMeters>
      <DistanceMeters>79.5</DistanceMeters>
      <HeartRateBpm>
       <Value>144</Value>
      </HeartRateBpm>
      <Extensions>
       <TPX xmlns="http://www.garmin.com/xmlschemas/ActivityExtension/v2">
        <Speed>0.9</Speed>
       </TPX>
      </Extensions>
     </Trackpoint>
     <Trackpoint>
      <Time>2026-08-01T11:08:15Z</Time>
      <Position>
       <LatitudeDegrees>5.2343910</LatitudeDegrees>
       <LongitudeDegrees>100.4391260</LongitudeDegrees>
      </Position>
      <AltitudeMeters>5.2</AltitudeMeters>
      <DistanceMeters>83.1</DistanceMeters>
      <HeartRateBpm>
       <Value>144</Value>
      </HeartRateBpm>
      <Extensions>
       <TPX xmlns="http://www.garmin.com/xmlschemas/ActivityExtension/v2">
        <Speed>1.4</Speed>
       </TPX>
      </Extensions>
     </Trackpoint>
     <Trackpoint>
      <Time>2026-08-01T11:08:16Z</Time>
      <Position>
       <LatitudeDegrees>5.2343880</LatitudeDegrees>
       <LongitudeDegrees>100.4391150</LongitudeDegrees>
      </Position>
      <AltitudeMeters>5.2</AltitudeMeters>
      <DistanceMeters>83.1</DistanceMeters>
      <HeartRateBpm>
       <Value>144</Value>
      </HeartRateBpm>
      <Extensions>
       <TPX xmlns="http://www.garmin.com/xmlschemas/ActivityExtension/v2">
        <Speed>1.4</Speed>
       </TPX>
      </Extensions>
     </Trackpoint>
     <Trackpoint>
      <Time>2026-08-01T11:08:17Z</Time>
      <Position>
       <LatitudeDegrees>5.2343860</LatitudeDegrees>
       <LongitudeDegrees>100.4391030</LongitudeDegrees>
      </Position>
      <AltitudeMeters>5.2</AltitudeMeters>
      <DistanceMeters>83.1</DistanceMeters>
      <HeartRateBpm>
       <Value>143</Value>
      </HeartRateBpm>
      <Extensions>
       <TPX xmlns="http://www.garmin.com/xmlschemas/ActivityExtension/v2">
        <Speed>0.7</Speed>
       </TPX>
      </Extensions>
     </Trackpoint>
     <Trackpoint>
      <Time>2026-08-01T11:08:18Z</Time>
      <Position>
       <LatitudeDegrees>5.2343840</LatitudeDegrees>
       <LongitudeDegrees>100.4390920</LongitudeDegrees>
      </Position>
      <AltitudeMeters>5.2</AltitudeMeters>
      <DistanceMeters>87.0</DistanceMeters>
      <HeartRateBpm>
       <Value>143</Value>
      </HeartRateBpm>
      <Extensions>
       <TPX xmlns="http://www.garmin.com/xmlschemas/ActivityExtension/v2">
        <Speed>1.5</Speed>
       </TPX>
      </Extensions>
     </Trackpoint>
     <Trackpoint>
      <Time>2026-08-01T11:08:19Z</Time>
      <Position>
       <LatitudeDegrees>5.2343830</LatitudeDegrees>
       <LongitudeDegrees>100.4390730</LongitudeDegrees>
      </Position>
      <AltitudeMeters>5.2</AltitudeMeters>
      <DistanceMeters>87.0</DistanceMeters>
      <HeartRateBpm>
       <Value>143</Value>
      </HeartRateBpm>
      <Extensions>
       <TPX xmlns="http://www.garmin.com/xmlschemas/ActivityExtension/v2">
        <Speed>1.5</Speed>
       </TPX>
      </Extensions>
     </Trackpoint>
     <Trackpoint>
      <Time>2026-08-01T11:08:20Z</Time>
      <Position>
       <LatitudeDegrees>5.2343830</LatitudeDegrees>
       <LongitudeDegrees>100.4390630</LongitudeDegrees>
      </Position>
      <AltitudeMeters>5.2</AltitudeMeters>
      <DistanceMeters>90.2</DistanceMeters>
      <HeartRateBpm>
       <Value>143</Value>
      </HeartRateBpm>
      <Extensions>
       <TPX xmlns="http://www.garmin.com/xmlschemas/ActivityExtension/v2">
        <Speed>1.4</Speed>
       </TPX>
      </Extensions>
     </Trackpoint>
     <Trackpoint>
      <Time>2026-08-01T11:08:21Z</Time>
      <Position>
       <LatitudeDegrees>5.2343830</LatitudeDegrees>
       <LongitudeDegrees>100.4390500</LongitudeDegrees>
      </Position>
      <AltitudeMeters>5.2</AltitudeMeters>
      <DistanceMeters>91.6</DistanceMeters>
      <HeartRateBpm>
       <Value>143</Value>
      </HeartRateBpm>
      <Extensions>
       <TPX xmlns="http://www.garmin.com/xmlschemas/ActivityExtension/v2">
        <Speed>1.7</Speed>
       </TPX>
      </Extensions>
     </Trackpoint>
     <Trackpoint>
      <Time>2026-08-01T11:08:22Z</Time>
      <Position>
       <LatitudeDegrees>5.2343810</LatitudeDegrees>
       <LongitudeDegrees>100.4390370</LongitudeDegrees>
      </Position>
      <AltitudeMeters>5.3</AltitudeMeters>
      <DistanceMeters>93.0</DistanceMeters>
      <HeartRateBpm>
       <Value>143</Value>
      </HeartRateBpm>
      <Extensions>
       <TPX xmlns="http://www.garmin.com/xmlschemas/ActivityExtension/v2">
        <Speed>2.0</Speed>
       </TPX>
      </Extensions>
     </Trackpoint>
     <Trackpoint>
      <Time>2026-08-01T11:08:23Z</Time>
      <Position>
       <LatitudeDegrees>5.2343770</LatitudeDegrees>
       <LongitudeDegrees>100.4390230</LongitudeDegrees>
      </Position>
      <AltitudeMeters>5.3</AltitudeMeters>
      <DistanceMeters>94.6</DistanceMeters>
      <HeartRateBpm>
       <Value>143</Value>
      </HeartRateBpm>
      <Extensions>
       <TPX xmlns="http://www.garmin.com/xmlschemas/ActivityExtension/v2">
        <Speed>1.5</Speed>
       </TPX>
      </Extensions>
     </Trackpoint>
     <Trackpoint>
      <Time>2026-08-01T11:08:24Z</Time>
      <Position>
       <LatitudeDegrees>5.2343720</LatitudeDegrees>
       <LongitudeDegrees>100.4390110</LongitudeDegrees>
      </Position>
      <AltitudeMeters>5.3</AltitudeMeters>
      <DistanceMeters>94.6</DistanceMeters>
      <HeartRateBpm>
       <Value>143</Value>
      </HeartRateBpm>
      <Extensions>
       <TPX xmlns="http://www.garmin.com/xmlschemas/ActivityExtension/v2">
        <Speed>1.5</Speed>
       </TPX>
      </Extensions>
     </Trackpoint>
     <Trackpoint>
      <Time>2026-08-01T11:08:25Z</Time>
      <Position>
       <LatitudeDegrees>5.2343680</LatitudeDegrees>
       <LongitudeDegrees>100.4389970</LongitudeDegrees>
      </Position>
      <AltitudeMeters>5.3</AltitudeMeters>
      <DistanceMeters>97.7</DistanceMeters>
      <HeartRateBpm>
       <Value>143</Value>
      </HeartRateBpm>
      <Extensions>
       <TPX xmlns="http://www.garmin.com/xmlschemas/ActivityExtension/v2">
        <Speed>1.5</Speed>
       </TPX>
      </Extensions>
     </Trackpoint>
     <Trackpoint>
      <Time>2026-08-01T11:08:26Z</Time>
      <Position>
       <LatitudeDegrees>5.2343630</LatitudeDegrees>
       <LongitudeDegrees>100.4389790</LongitudeDegrees>
      </Position>
      <AltitudeMeters>5.3</AltitudeMeters>
      <DistanceMeters>97.7</DistanceMeters>
      <HeartRateBpm>
       <Value>142</Value>
      </HeartRateBpm>
      <Extensions>
       <TPX xmlns="http://www.garmin.com/xmlschemas/ActivityExtension/v2">
        <Speed>1.2</Speed>
       </TPX>
      </Extensions>
     </Trackpoint>
     <Trackpoint>
      <Time>2026-08-01T11:08:27Z</Time>
      <Position>
       <LatitudeDegrees>5.2343590</LatitudeDegrees>
       <LongitudeDegrees>100.4389700</LongitudeDegrees>
      </Position>
      <AltitudeMeters>5.3</AltitudeMeters>
      <DistanceMeters>100.9</DistanceMeters>
      <HeartRateBpm>
       <Value>142</Value>
      </HeartRateBpm>
      <Extensions>
       <TPX xmlns="http://www.garmin.com/xmlschemas/ActivityExtension/v2">
        <Speed>1.6</Speed>
       </TPX>
      </Extensions>
     </Trackpoint>
     <Trackpoint>
      <Time>2026-08-01T11:08:28Z</Time>
      <Position>
       <LatitudeDegrees>5.2343540</LatitudeDegrees>
       <LongitudeDegrees>100.4389570</LongitudeDegrees>
      </Position>
      <AltitudeMeters>5.3</AltitudeMeters>
      <DistanceMeters>102.4</DistanceMeters>
      <HeartRateBpm>
       <Value>142</Value>
      </HeartRateBpm>
      <Extensions>
       <TPX xmlns="http://www.garmin.com/xmlschemas/ActivityExtension/v2">
        <Speed>1.6</Speed>
       </TPX>
      </Extensions>
     </Trackpoint>
     <Trackpoint>
      <Time>2026-08-01T11:08:29Z</Time>
      <Position>
       <LatitudeDegrees>5.2343510</LatitudeDegrees>
       <LongitudeDegrees>100.4389450</LongitudeDegrees>
      </Position>
      <AltitudeMeters>5.3</AltitudeMeters>
      <DistanceMeters>103.8</DistanceMeters>
      <HeartRateBpm>
       <Value>142</Value>
      </HeartRateBpm>
      <Extensions>
       <TPX xmlns="http://www.garmin.com/xmlschemas/ActivityExtension/v2">
        <Speed>1.8</Speed>
       </TPX>
      </Extensions>
     </Trackpoint>
     <Trackpoint>
      <Time>2026-08-01T11:08:30Z</Time>
      <Position>
       <LatitudeDegrees>5.2343470</LatitudeDegrees>
       <LongitudeDegrees>100.4389320</LongitudeDegrees>
      </Position>
      <AltitudeMeters>5.3</AltitudeMeters>
      <DistanceMeters>105.3</DistanceMeters>
      <HeartRateBpm>
       <Value>142</Value>
      </HeartRateBpm>
      <Extensions>
       <TPX xmlns="http://www.garmin.com/xmlschemas/ActivityExtension/v2">
        <Speed>1.5</Speed>
       </TPX>
      </Extensions>
     </Trackpoint>
     <Trackpoint>
      <Time>2026-08-01T11:08:31Z</Time>
      <Position>
       <LatitudeDegrees>5.2343440</LatitudeDegrees>
       <LongitudeDegrees>100.4389180</LongitudeDegrees>
      </Position>
      <AltitudeMeters>5.3</AltitudeMeters>
      <DistanceMeters>105.3</DistanceMeters>
      <HeartRateBpm>
       <Value>141</Value>
      </HeartRateBpm>
      <Extensions>
       <TPX xmlns="http://www.garmin.com/xmlschemas/ActivityExtension/v2">
        <Speed>1.5</Speed>
       </TPX>
      </Extensions>
     </Trackpoint>
     <Trackpoint>
      <Time>2026-08-01T11:08:32Z</Time>
      <Position>
       <LatitudeDegrees>5.2343410</LatitudeDegrees>
       <LongitudeDegrees>100.4388920</LongitudeDegrees>
      </Position>
      <AltitudeMeters>5.3</AltitudeMeters>
      <DistanceMeters>108.7</DistanceMeters>
      <HeartRateBpm>
       <Value>141</Value>
      </HeartRateBpm>
      <Extensions>
       <TPX xmlns="http://www.garmin.com/xmlschemas/ActivityExtension/v2">
        <Speed>1.6</Speed>
       </TPX>
      </Extensions>
     </Trackpoint>
     <Trackpoint>
      <Time>2026-08-01T11:08:33Z</Time>
      <Position>
       <LatitudeDegrees>5.2343410</LatitudeDegrees>
       <LongitudeDegrees>100.4388920</LongitudeDegrees>
      </Position>
      <AltitudeMeters>5.3</AltitudeMeters>
      <DistanceMeters>108.7</DistanceMeters>
      <HeartRateBpm>
       <Value>141</Value>
      </HeartRateBpm>
      <Extensions>
       <TPX xmlns="http://www.garmin.com/xmlschemas/ActivityExtension/v2">
        <Speed>1.3</Speed>
       </TPX>
      </Extensions>
     </Trackpoint>
     <Trackpoint>
      <Time>2026-08-01T11:08:34Z</Time>
      <Position>
       <LatitudeDegrees>5.2343410</LatitudeDegrees>
       <LongitudeDegrees>100.4388790</LongitudeDegrees>
      </Position>
      <AltitudeMeters>5.3</AltitudeMeters>
      <DistanceMeters>108.7</DistanceMeters>
      <HeartRateBpm>
       <Value>141</Value>
      </HeartRateBpm>
      <Extensions>
       <TPX xmlns="http://www.garmin.com/xmlschemas/ActivityExtension/v2">
        <Speed>1.0</Speed>
       </TPX>
      </Extensions>
     </Trackpoint>
     <Trackpoint>
      <Time>2026-08-01T11:08:35Z</Time>
      <Position>
       <LatitudeDegrees>5.2343400</LatitudeDegrees>
       <LongitudeDegrees>100.4388670</LongitudeDegrees>
      </Position>
      <AltitudeMeters>5.3</AltitudeMeters>
      <DistanceMeters>112.6</DistanceMeters>
      <HeartRateBpm>
       <Value>141</Value>
      </HeartRateBpm>
      <Extensions>
       <TPX xmlns="http://www.garmin.com/xmlschemas/ActivityExtension/v2">
        <Speed>1.5</Speed>
       </TPX>
      </Extensions>
     </Trackpoint>
     <Trackpoint>
      <Time>2026-08-01T11:08:36Z</Time>
      <Position>
       <LatitudeDegrees>5.2343340</LatitudeDegrees>
       <LongitudeDegrees>100.4388550</LongitudeDegrees>
      </Position>
      <AltitudeMeters>5.3</AltitudeMeters>
      <DistanceMeters>114.0</DistanceMeters>
      <HeartRateBpm>
       <Value>141</Value>
      </HeartRateBpm>
      <Extensions>
       <TPX xmlns="http://www.garmin.com/xmlschemas/ActivityExtension/v2">
        <Speed>1.7</Speed>
       </TPX>
      </Extensions>
     </Trackpoint>
     <Trackpoint>
      <Time>2026-08-01T11:08:37Z</Time>
      <Position>
       <LatitudeDegrees>5.2343310</LatitudeDegrees>
       <LongitudeDegrees>100.4388430</LongitudeDegrees>
      </Position>
      <AltitudeMeters>5.3</AltitudeMeters>
      <DistanceMeters>115.4</DistanceMeters>
      <HeartRateBpm>
       <Value>141</Value>
      </HeartRateBpm>
      <Extensions>
       <TPX xmlns="http://www.garmin.com/xmlschemas/ActivityExtension/v2">
        <Speed>1.3</Speed>
       </TPX>
      </Extensions>
     </Trackpoint>
     <Trackpoint>
      <Time>2026-08-01T11:08:38Z</Time>
      <Position>
       <LatitudeDegrees>5.2343280</LatitudeDegrees>
       <LongitudeDegrees>100.4388310</LongitudeDegrees>
      </Position>
      <AltitudeMeters>5.3</AltitudeMeters>
      <DistanceMeters>116.7</DistanceMeters>
      <HeartRateBpm>
       <Value>140</Value>
      </HeartRateBpm>
      <Extensions>
       <TPX xmlns="http://www.garmin.com/xmlschemas/ActivityExtension/v2">
        <Speed>1.6</Speed>
       </TPX>
      </Extensions>
     </Trackpoint>
     <Trackpoint>
      <Time>2026-08-01T11:08:39Z</Time>
      <Position>
       <LatitudeDegrees>5.2343240</LatitudeDegrees>
       <LongitudeDegrees>100.4388150</LongitudeDegrees>
      </Position>
      <AltitudeMeters>5.3</AltitudeMeters>
      <DistanceMeters>118.5</DistanceMeters>
      <HeartRateBpm>
       <Value>140</Value>
      </HeartRateBpm>
      <Extensions>
       <TPX xmlns="http://www.garmin.com/xmlschemas/ActivityExtension/v2">
        <Speed>2.0</Speed>
       </TPX>
      </Extensions>
     </Trackpoint>
     <Trackpoint>
      <Time>2026-08-01T11:08:40Z</Time>
      <Position>
       <LatitudeDegrees>5.2343220</LatitudeDegrees>
       <LongitudeDegrees>100.4388060</LongitudeDegrees>
      </Position>
      <AltitudeMeters>5.3</AltitudeMeters>
      <DistanceMeters>119.5</DistanceMeters>
      <HeartRateBpm>
       <Value>140</Value>
      </HeartRateBpm>
      <Extensions>
       <TPX xmlns="http://www.garmin.com/xmlschemas/ActivityExtension/v2">
        <Speed>1.4</Speed>
       </TPX>
      </Extensions>
     </Trackpoint>
     <Trackpoint>
      <Time>2026-08-01T11:08:41Z</Time>
      <Position>
       <LatitudeDegrees>5.2343190</LatitudeDegrees>
       <LongitudeDegrees>100.4387950</LongitudeDegrees>
      </Position>
      <AltitudeMeters>5.3</AltitudeMeters>
      <DistanceMeters>120.8</DistanceMeters>
      <HeartRateBpm>
       <Value>140</Value>
      </HeartRateBpm>
      <Extensions>
       <TPX xmlns="http://www.garmin.com/xmlschemas/ActivityExtension/v2">
        <Speed>1.4</Speed>
       </TPX>
      </Extensions>
     </Trackpoint>
     <Trackpoint>
      <Time>2026-08-01T11:08:42Z</Time>
      <Position>
       <LatitudeDegrees>5.2343170</LatitudeDegrees>
       <LongitudeDegrees>100.4387830</LongitudeDegrees>
      </Position>
      <AltitudeMeters>5.3</AltitudeMeters>
      <DistanceMeters>122.1</DistanceMeters>
      <HeartRateBpm>
       <Value>140</Value>
      </HeartRateBpm>
      <Extensions>
       <TPX xmlns="http://www.garmin.com/xmlschemas/ActivityExtension/v2">
        <Speed>1.4</Speed>
       </TPX>
      </Extensions>
     </Trackpoint>
     <Trackpoint>
      <Time>2026-08-01T11:08:43Z</Time>
      <Position>
       <LatitudeDegrees>5.2343130</LatitudeDegrees>
       <LongitudeDegrees>100.4387710</LongitudeDegrees>
      </Position>
      <AltitudeMeters>5.3</AltitudeMeters>
      <DistanceMeters>123.6</DistanceMeters>
      <HeartRateBpm>
       <Value>140</Value>
      </HeartRateBpm>
      <Extensions>
       <TPX xmlns="http://www.garmin.com/xmlschemas/ActivityExtension/v2">
        <Speed>1.4</Speed>
       </TPX>
      </Extensions>
     </Trackpoint>
     <Trackpoint>
      <Time>2026-08-01T11:08:44Z</Time>
      <Position>
       <LatitudeDegrees>5.2343080</LatitudeDegrees>
       <LongitudeDegrees>100.4387580</LongitudeDegrees>
      </Position>
      <AltitudeMeters>5.3</AltitudeMeters>
      <DistanceMeters>125.1</DistanceMeters>
      <HeartRateBpm>
       <Value>140</Value>
      </HeartRateBpm>
      <Extensions>
       <TPX xmlns="http://www.garmin.com/xmlschemas/ActivityExtension/v2">
        <Speed>1.3</Speed>
       </TPX>
      </Extensions>
     </Trackpoint>
     <Trackpoint>
      <Time>2026-08-01T11:08:45Z</Time>
      <Position>
       <LatitudeDegrees>5.2343020</LatitudeDegrees>
       <LongitudeDegrees>100.4387460</LongitudeDegrees>
      </Position>
      <AltitudeMeters>5.3</AltitudeMeters>
      <DistanceMeters>125.1</DistanceMeters>
      <HeartRateBpm>
       <Value>140</Value>
      </HeartRateBpm>
      <Extensions>
       <TPX xmlns="http://www.garmin.com/xmlschemas/ActivityExtension/v2">
        <Speed>1.1</Speed>
       </TPX>
      </Extensions>
     </Trackpoint>
     <Trackpoint>
      <Time>2026-08-01T11:08:46Z</Time>
      <Position>
       <LatitudeDegrees>5.2342960</LatitudeDegrees>
       <LongitudeDegrees>100.4387290</LongitudeDegrees>
      </Position>
      <AltitudeMeters>5.3</AltitudeMeters>
      <DistanceMeters>128.6</DistanceMeters>
      <HeartRateBpm>
       <Value>140</Value>
      </HeartRateBpm>
      <Extensions>
       <TPX xmlns="http://www.garmin.com/xmlschemas/ActivityExtension/v2">
        <Speed>1.6</Speed>
       </TPX>
      </Extensions>
     </Trackpoint>
     <Trackpoint>
      <Time>2026-08-01T11:08:47Z</Time>
      <Position>
       <LatitudeDegrees>5.2342930</LatitudeDegrees>
       <LongitudeDegrees>100.4387200</LongitudeDegrees>
      </Position>
      <AltitudeMeters>5.3</AltitudeMeters>
      <DistanceMeters>128.6</DistanceMeters>
      <HeartRateBpm>
       <Value>140</Value>
      </HeartRateBpm>
      <Extensions>
       <TPX xmlns="http://www.garmin.com/xmlschemas/ActivityExtension/v2">
        <Speed>1.3</Speed>
       </TPX>
      </Extensions>
     </Trackpoint>
     <Trackpoint>
      <Time>2026-08-01T11:08:48Z</Time>
      <Position>
       <LatitudeDegrees>5.2342920</LatitudeDegrees>
       <LongitudeDegrees>100.4387090</LongitudeDegrees>
      </Position>
      <AltitudeMeters>5.3</AltitudeMeters>
      <DistanceMeters>128.6</DistanceMeters>
      <HeartRateBpm>
       <Value>139</Value>
      </HeartRateBpm>
      <Extensions>
       <TPX xmlns="http://www.garmin.com/xmlschemas/ActivityExtension/v2">
        <Speed>1.0</Speed>
       </TPX>
      </Extensions>
     </Trackpoint>
     <Trackpoint>
      <Time>2026-08-01T11:08:49Z</Time>
      <Position>
       <LatitudeDegrees>5.2342920</LatitudeDegrees>
       <LongitudeDegrees>100.4386960</LongitudeDegrees>
      </Position>
      <AltitudeMeters>5.3</AltitudeMeters>
      <DistanceMeters>132.3</DistanceMeters>
      <HeartRateBpm>
       <Value>139</Value>
      </HeartRateBpm>
      <Extensions>
       <TPX xmlns="http://www.garmin.com/xmlschemas/ActivityExtension/v2">
        <Speed>1.4</Speed>
       </TPX>
      </Extensions>
     </Trackpoint>
     <Trackpoint>
      <Time>2026-08-01T11:08:50Z</Time>
      <Position>
       <LatitudeDegrees>5.2342920</LatitudeDegrees>
       <LongitudeDegrees>100.4386840</LongitudeDegrees>
      </Position>
      <AltitudeMeters>5.3</AltitudeMeters>
      <DistanceMeters>133.6</DistanceMeters>
      <HeartRateBpm>
       <Value>139</Value>
      </HeartRateBpm>
      <Extensions>
       <TPX xmlns="http://www.garmin.com/xmlschemas/ActivityExtension/v2">
        <Speed>1.7</Speed>
       </TPX>
      </Extensions>
     </Trackpoint>
     <Trackpoint>
      <Time>2026-08-01T11:08:51Z</Time>
      <Position>
       <LatitudeDegrees>5.2342910</LatitudeDegrees>
       <LongitudeDegrees>100.4386720</LongitudeDegrees>
      </Position>
      <AltitudeMeters>5.3</AltitudeMeters>
      <DistanceMeters>134.9</DistanceMeters>
      <HeartRateBpm>
       <Value>139</Value>
      </HeartRateBpm>
      <Extensions>
       <TPX xmlns="http://www.garmin.com/xmlschemas/ActivityExtension/v2">
        <Speed>1.3</Speed>
       </TPX>
      </Extensions>
     </Trackpoint>
     <Trackpoint>
      <Time>2026-08-01T11:08:52Z</Time>
      <Position>
       <LatitudeDegrees>5.2342850</LatitudeDegrees>
       <LongitudeDegrees>100.4386580</LongitudeDegrees>
      </Position>
      <AltitudeMeters>5.3</AltitudeMeters>
      <DistanceMeters>136.6</DistanceMeters>
      <HeartRateBpm>
       <Value>138</Value>
      </HeartRateBpm>
      <Extensions>
       <TPX xmlns="http://www.garmin.com/xmlschemas/ActivityExtension/v2">
        <Speed>1.6</Speed>
       </TPX>
      </Extensions>
     </Trackpoint>
     <Trackpoint>
      <Time>2026-08-01T11:08:53Z</Time>
      <Position>
       <LatitudeDegrees>5.2342800</LatitudeDegrees>
       <LongitudeDegrees>100.4386510</LongitudeDegrees>
      </Position>
      <AltitudeMeters>5.2</AltitudeMeters>
      <DistanceMeters>136.6</DistanceMeters>
      <HeartRateBpm>
       <Value>138</Value>
      </HeartRateBpm>
      <Extensions>
       <TPX xmlns="http://www.garmin.com/xmlschemas/ActivityExtension/v2">
        <Speed>1.6</Speed>
       </TPX>
      </Extensions>
     </Trackpoint>
     <Trackpoint>
      <Time>2026-08-01T11:08:54Z</Time>
      <Position>
       <LatitudeDegrees>5.2342760</LatitudeDegrees>
       <LongitudeDegrees>100.4386410</LongitudeDegrees>
      </Position>
      <AltitudeMeters>5.2</AltitudeMeters>
      <DistanceMeters>136.6</DistanceMeters>
      <HeartRateBpm>
       <Value>138</Value>
      </HeartRateBpm>
      <Extensions>
       <TPX xmlns="http://www.garmin.com/xmlschemas/ActivityExtension/v2">
        <Speed>0.9</Speed>
       </TPX>
      </Extensions>
     </Trackpoint>
     <Trackpoint>
      <Time>2026-08-01T11:08:55Z</Time>
      <Position>
       <LatitudeDegrees>5.2342740</LatitudeDegrees>
       <LongitudeDegrees>100.4386310</LongitudeDegrees>
      </Position>
      <AltitudeMeters>5.2</AltitudeMeters>
      <DistanceMeters>139.8</DistanceMeters>
      <HeartRateBpm>
       <Value>138</Value>
      </HeartRateBpm>
      <Extensions>
       <TPX xmlns="http://www.garmin.com/xmlschemas/ActivityExtension/v2">
        <Speed>1.2</Speed>
       </TPX>
      </Extensions>
     </Trackpoint>
     <Trackpoint>
      <Time>2026-08-01T11:08:56Z</Time>
      <Position>
       <LatitudeDegrees>5.2342720</LatitudeDegrees>
       <LongitudeDegrees>100.4386200</LongitudeDegrees>
      </Position>
      <AltitudeMeters>5.2</AltitudeMeters>
      <DistanceMeters>139.8</DistanceMeters>
      <HeartRateBpm>
       <Value>138</Value>
      </HeartRateBpm>
      <Extensions>
       <TPX xmlns="http://www.garmin.com/xmlschemas/ActivityExtension/v2">
        <Speed>1.0</Speed>
       </TPX>
      </Extensions>
     </Trackpoint>
     <Trackpoint>
      <Time>2026-08-01T11:08:57Z</Time>
      <Position>
       <LatitudeDegrees>5.2342690</LatitudeDegrees>
       <LongitudeDegrees>100.4386100</LongitudeDegrees>
      </Position>
      <AltitudeMeters>5.2</AltitudeMeters>
      <DistanceMeters>139.8</DistanceMeters>
      <HeartRateBpm>
       <Value>138</Value>
      </HeartRateBpm>
      <Extensions>
       <TPX xmlns="http://www.garmin.com/xmlschemas/ActivityExtension/v2">
        <Speed>0.6</Speed>
       </TPX>
      </Extensions>
     </Trackpoint>
     <Trackpoint>
      <Time>2026-08-01T11:08:58Z</Time>
      <Position>
       <LatitudeDegrees>5.2342660</LatitudeDegrees>
       <LongitudeDegrees>100.4385990</LongitudeDegrees>
      </Position>
      <AltitudeMeters>5.2</AltitudeMeters>
      <DistanceMeters>143.5</DistanceMeters>
      <HeartRateBpm>
       <Value>137</Value>
      </HeartRateBpm>
      <Extensions>
       <TPX xmlns="http://www.garmin.com/xmlschemas/ActivityExtension/v2">
        <Speed>1.4</Speed>
       </TPX>
      </Extensions>
     </Trackpoint>
     <Trackpoint>
      <Time>2026-08-01T11:08:59Z</Time>
      <Position>
       <LatitudeDegrees>5.2342620</LatitudeDegrees>
       <LongitudeDegrees>100.4385830</LongitudeDegrees>
      </Position>
      <AltitudeMeters>5.2</AltitudeMeters>
      <DistanceMeters>143.5</DistanceMeters>
      <HeartRateBpm>
       <Value>137</Value>
      </HeartRateBpm>
      <Extensions>
       <TPX xmlns="http://www.garmin.com/xmlschemas/ActivityExtension/v2">
        <Speed>1.4</Speed>
       </TPX>
      </Extensions>
     </Trackpoint>
     <Trackpoint>
      <Time>2026-08-01T11:09:00Z</Time>
      <Position>
       <LatitudeDegrees>5.2342590</LatitudeDegrees>
       <LongitudeDegrees>100.4385750</LongitudeDegrees>
      </Position>
      <AltitudeMeters>5.2</AltitudeMeters>
      <DistanceMeters>143.5</DistanceMeters>
      <HeartRateBpm>
       <Value>137</Value>
      </HeartRateBpm>
      <Extensions>
       <TPX xmlns="http://www.garmin.com/xmlschemas/ActivityExtension/v2">
        <Speed>0.7</Speed>
       </TPX>
      </Extensions>
     </Trackpoint>
     <Trackpoint>
      <Time>2026-08-01T11:09:01Z</Time>
      <Position>
       <LatitudeDegrees>5.2342580</LatitudeDegrees>
       <LongitudeDegrees>100.4385640</LongitudeDegrees>
      </Position>
      <AltitudeMeters>5.2</AltitudeMeters>
      <DistanceMeters>147.4</DistanceMeters>
      <HeartRateBpm>
       <Value>137</Value>
      </HeartRateBpm>
      <Extensions>
       <TPX xmlns="http://www.garmin.com/xmlschemas/ActivityExtension/v2">
        <Speed>1.5</Speed>
       </TPX>
      </Extensions>
     </Trackpoint>
     <Trackpoint>
      <Time>2026-08-01T11:09:02Z</Time>
      <Position>
       <LatitudeDegrees>5.2342590</LatitudeDegrees>
       <LongitudeDegrees>100.4385530</LongitudeDegrees>
      </Position>
      <AltitudeMeters>5.2</AltitudeMeters>
      <DistanceMeters>147.4</DistanceMeters>
      <HeartRateBpm>
       <Value>137</Value>
      </HeartRateBpm>
      <Extensions>
       <TPX xmlns="http://www.garmin.com/xmlschemas/ActivityExtension/v2">
        <Speed>1.5</Speed>
       </TPX>
      </Extensions>
     </Trackpoint>
     <Trackpoint>
      <Time>2026-08-01T11:09:03Z</Time>
      <Position>
       <LatitudeDegrees>5.2342600</LatitudeDegrees>
       <LongitudeDegrees>100.4385410</LongitudeDegrees>
      </Position>
      <AltitudeMeters>5.2</AltitudeMeters>
      <DistanceMeters>147.4</DistanceMeters>
      <HeartRateBpm>
       <Value>137</Value>
      </HeartRateBpm>
      <Extensions>
       <TPX xmlns="http://www.garmin.com/xmlschemas/ActivityExtension/v2">
        <Speed>0.8</Speed>
       </TPX>
      </Extensions>
     </Trackpoint>
     <Trackpoint>
      <Time>2026-08-01T11:09:04Z</Time>
      <Position>
       <LatitudeDegrees>5.2342590</LatitudeDegrees>
       <LongitudeDegrees>100.4385290</LongitudeDegrees>
      </Position>
      <AltitudeMeters>5.2</AltitudeMeters>
      <DistanceMeters>151.3</DistanceMeters>
      <HeartRateBpm>
       <Value>136</Value>
      </HeartRateBpm>
      <Extensions>
       <TPX xmlns="http://www.garmin.com/xmlschemas/ActivityExtension/v2">
        <Speed>1.6</Speed>
       </TPX>
      </Extensions>
     </Trackpoint>
     <Trackpoint>
      <Time>2026-08-01T11:09:05Z</Time>
      <Position>
       <LatitudeDegrees>5.2342570</LatitudeDegrees>
       <LongitudeDegrees>100.4385180</LongitudeDegrees>
      </Position>
      <AltitudeMeters>5.2</AltitudeMeters>
      <DistanceMeters>151.3</DistanceMeters>
      <HeartRateBpm>
       <Value>136</Value>
      </HeartRateBpm>
      <Extensions>
       <TPX xmlns="http://www.garmin.com/xmlschemas/ActivityExtension/v2">
        <Speed>1.6</Speed>
       </TPX>
      </Extensions>
     </Trackpoint>
     <Trackpoint>
      <Time>2026-08-01T11:09:06Z</Time>
      <Position>
       <LatitudeDegrees>5.2342550</LatitudeDegrees>
       <LongitudeDegrees>100.4385030</LongitudeDegrees>
      </Position>
      <AltitudeMeters>5.2</AltitudeMeters>
      <DistanceMeters>151.3</DistanceMeters>
      <HeartRateBpm>
       <Value>136</Value>
      </HeartRateBpm>
      <Extensions>
       <TPX xmlns="http://www.garmin.com/xmlschemas/ActivityExtension/v2">
        <Speed>0.8</Speed>
       </TPX>
      </Extensions>
     </Trackpoint>
     <Trackpoint>
      <Time>2026-08-01T11:09:07Z</Time>
      <Position>
       <LatitudeDegrees>5.2342510</LatitudeDegrees>
       <LongitudeDegrees>100.4384960</LongitudeDegrees>
      </Position>
      <AltitudeMeters>5.2</AltitudeMeters>
      <DistanceMeters>155.0</DistanceMeters>
      <HeartRateBpm>
       <Value>136</Value>
      </HeartRateBpm>
      <Extensions>
       <TPX xmlns="http://www.garmin.com/xmlschemas/ActivityExtension/v2">
        <Speed>1.5</Speed>
       </TPX>
      </Extensions>
     </Trackpoint>
     <Trackpoint>
      <Time>2026-08-01T11:09:08Z</Time>
      <Position>
       <LatitudeDegrees>5.2342470</LatitudeDegrees>
       <LongitudeDegrees>100.4384870</LongitudeDegrees>
      </Position>
      <AltitudeMeters>5.2</AltitudeMeters>
      <DistanceMeters>155.0</DistanceMeters>
      <HeartRateBpm>
       <Value>136</Value>
      </HeartRateBpm>
      <Extensions>
       <TPX xmlns="http://www.garmin.com/xmlschemas/ActivityExtension/v2">
        <Speed>1.5</Speed>
       </TPX>
      </Extensions>
     </Trackpoint>
     <Trackpoint>
      <Time>2026-08-01T11:09:09Z</Time>
      <Position>
       <LatitudeDegrees>5.2342420</LatitudeDegrees>
       <LongitudeDegrees>100.4384770</LongitudeDegrees>
      </Position>
      <AltitudeMeters>5.2</AltitudeMeters>
      <DistanceMeters>155.0</DistanceMeters>
      <HeartRateBpm>
       <Value>136</Value>
      </HeartRateBpm>
      <Extensions>
       <TPX xmlns="http://www.garmin.com/xmlschemas/ActivityExtension/v2">
        <Speed>0.7</Speed>
       </TPX>
      </Extensions>
     </Trackpoint>
     <Trackpoint>
      <Time>2026-08-01T11:09:10Z</Time>
      <Position>
       <LatitudeDegrees>5.2342360</LatitudeDegrees>
       <LongitudeDegrees>100.4384670</LongitudeDegrees>
      </Position>
      <AltitudeMeters>5.2</AltitudeMeters>
      <DistanceMeters>158.7</DistanceMeters>
      <HeartRateBpm>
       <Value>136</Value>
      </HeartRateBpm>
      <Extensions>
       <TPX xmlns="http://www.garmin.com/xmlschemas/ActivityExtension/v2">
        <Speed>1.5</Speed>
       </TPX>
      </Extensions>
     </Trackpoint>
     <Trackpoint>
      <Time>2026-08-01T11:09:11Z</Time>
      <Position>
       <LatitudeDegrees>5.2342320</LatitudeDegrees>
       <LongitudeDegrees>100.4384570</LongitudeDegrees>
      </Position>
      <AltitudeMeters>5.2</AltitudeMeters>
      <DistanceMeters>158.7</DistanceMeters>
      <HeartRateBpm>
       <Value>136</Value>
      </HeartRateBpm>
      <Extensions>
       <TPX xmlns="http://www.garmin.com/xmlschemas/ActivityExtension/v2">
        <Speed>1.5</Speed>
       </TPX>
      </Extensions>
     </Trackpoint>
     <Trackpoint>
      <Time>2026-08-01T11:09:12Z</Time>
      <Position>
       <LatitudeDegrees>5.2342270</LatitudeDegrees>
       <LongitudeDegrees>100.4384430</LongitudeDegrees>
      </Position>
      <AltitudeMeters>5.2</AltitudeMeters>
      <DistanceMeters>158.7</DistanceMeters>
      <HeartRateBpm>
       <Value>136</Value>
      </HeartRateBpm>
      <Extensions>
       <TPX xmlns="http://www.garmin.com/xmlschemas/ActivityExtension/v2">
        <Speed>0.7</Speed>
       </TPX>
      </Extensions>
     </Trackpoint>
     <Trackpoint>
      <Time>2026-08-01T11:09:13Z</Time>
      <Position>
       <LatitudeDegrees>5.2342240</LatitudeDegrees>
       <LongitudeDegrees>100.4384350</LongitudeDegrees>
      </Position>
      <AltitudeMeters>5.2</AltitudeMeters>
      <DistanceMeters>162.5</DistanceMeters>
      <HeartRateBpm>
       <Value>136</Value>
      </HeartRateBpm>
      <Extensions>
       <TPX xmlns="http://www.garmin.com/xmlschemas/ActivityExtension/v2">
        <Speed>1.5</Speed>
       </TPX>
      </Extensions>
     </Trackpoint>
     <Trackpoint>
      <Time>2026-08-01T11:09:14Z</Time>
      <Position>
       <LatitudeDegrees>5.2342230</LatitudeDegrees>
       <LongitudeDegrees>100.4384240</LongitudeDegrees>
      </Position>
      <AltitudeMeters>5.2</AltitudeMeters>
      <DistanceMeters>162.5</DistanceMeters>
      <HeartRateBpm>
       <Value>136</Value>
      </HeartRateBpm>
      <Extensions>
       <TPX xmlns="http://www.garmin.com/xmlschemas/ActivityExtension/v2">
        <Speed>1.5</Speed>
       </TPX>
      </Extensions>
     </Trackpoint>
     <Trackpoint>
      <Time>2026-08-01T11:09:15Z</Time>
      <Position>
       <LatitudeDegrees>5.2342230</LatitudeDegrees>
       <LongitudeDegrees>100.4384130</LongitudeDegrees>
      </Position>
      <AltitudeMeters>5.3</AltitudeMeters>
      <DistanceMeters>162.5</DistanceMeters>
      <HeartRateBpm>
       <Value>135</Value>
      </HeartRateBpm>
      <Extensions>
       <TPX xmlns="http://www.garmin.com/xmlschemas/ActivityExtension/v2">
        <Speed>0.8</Speed>
       </TPX>
      </Extensions>
     </Trackpoint>
     <Trackpoint>
      <Time>2026-08-01T11:09:16Z</Time>
      <Position>
       <LatitudeDegrees>5.2342210</LatitudeDegrees>
       <LongitudeDegrees>100.4384020</LongitudeDegrees>
      </Position>
      <AltitudeMeters>5.3</AltitudeMeters>
      <DistanceMeters>166.1</DistanceMeters>
      <HeartRateBpm>
       <Value>135</Value>
      </HeartRateBpm>
      <Extensions>
       <TPX xmlns="http://www.garmin.com/xmlschemas/ActivityExtension/v2">
        <Speed>1.5</Speed>
       </TPX>
      </Extensions>
     </Trackpoint>
     <Trackpoint>
      <Time>2026-08-01T11:09:17Z</Time>
      <Position>
       <LatitudeDegrees>5.2342190</LatitudeDegrees>
       <LongitudeDegrees>100.4383910</LongitudeDegrees>
      </Position>
      <AltitudeMeters>5.3</AltitudeMeters>
      <DistanceMeters>167.4</DistanceMeters>
      <HeartRateBpm>
       <Value>135</Value>
      </HeartRateBpm>
      <Extensions>
       <TPX xmlns="http://www.garmin.com/xmlschemas/ActivityExtension/v2">
        <Speed>1.7</Speed>
       </TPX>
      </Extensions>
     </Trackpoint>
     <Trackpoint>
      <Time>2026-08-01T11:09:18Z</Time>
      <Position>
       <LatitudeDegrees>5.2342200</LatitudeDegrees>
       <LongitudeDegrees>100.4383800</LongitudeDegrees>
      </Position>
      <AltitudeMeters>5.3</AltitudeMeters>
      <DistanceMeters>168.6</DistanceMeters>
      <HeartRateBpm>
       <Value>135</Value>
      </HeartRateBpm>
      <Extensions>
       <TPX xmlns="http://www.garmin.com/xmlschemas/ActivityExtension/v2">
        <Speed>1.2</Speed>
       </TPX>
      </Extensions>
     </Trackpoint>
     <Trackpoint>
      <Time>2026-08-01T11:09:19Z</Time>
      <Position>
       <LatitudeDegrees>5.2342230</LatitudeDegrees>
       <LongitudeDegrees>100.4383660</LongitudeDegrees>
      </Position>
      <AltitudeMeters>5.3</AltitudeMeters>
      <DistanceMeters>170.2</DistanceMeters>
      <HeartRateBpm>
       <Value>135</Value>
      </HeartRateBpm>
      <Extensions>
       <TPX xmlns="http://www.garmin.com/xmlschemas/ActivityExtension/v2">
        <Speed>1.5</Speed>
       </TPX>
      </Extensions>
     </Trackpoint>
     <Trackpoint>
      <Time>2026-08-01T11:09:20Z</Time>
      <Position>
       <LatitudeDegrees>5.2342250</LatitudeDegrees>
       <LongitudeDegrees>100.4383580</LongitudeDegrees>
      </Position>
      <AltitudeMeters>5.3</AltitudeMeters>
      <DistanceMeters>170.2</DistanceMeters>
      <HeartRateBpm>
       <Value>134</Value>
      </HeartRateBpm>
      <Extensions>
       <TPX xmlns="http://www.garmin.com/xmlschemas/ActivityExtension/v2">
        <Speed>1.5</Speed>
       </TPX>
      </Extensions>
     </Trackpoint>
     <Trackpoint>
      <Time>2026-08-01T11:09:21Z</Time>
      <Position>
       <LatitudeDegrees>5.2342260</LatitudeDegrees>
       <LongitudeDegrees>100.4383480</LongitudeDegrees>
      </Position>
      <AltitudeMeters>5.3</AltitudeMeters>
      <DistanceMeters>170.2</DistanceMeters>
      <HeartRateBpm>
       <Value>134</Value>
      </HeartRateBpm>
      <Extensions>
       <TPX xmlns="http://www.garmin.com/xmlschemas/ActivityExtension/v2">
        <Speed>0.8</Speed>
       </TPX>
      </Extensions>
     </Trackpoint>
     <Trackpoint>
      <Time>2026-08-01T11:09:22Z</Time>
      <Position>
       <LatitudeDegrees>5.2342270</LatitudeDegrees>
       <LongitudeDegrees>100.4383360</LongitudeDegrees>
      </Position>
      <AltitudeMeters>5.3</AltitudeMeters>
      <DistanceMeters>173.4</DistanceMeters>
      <HeartRateBpm>
       <Value>134</Value>
      </HeartRateBpm>
      <Extensions>
       <TPX xmlns="http://www.garmin.com/xmlschemas/ActivityExtension/v2">
        <Speed>1.2</Speed>
       </TPX>
      </Extensions>
     </Trackpoint>
     <Trackpoint>
      <Time>2026-08-01T11:09:23Z</Time>
      <Position>
       <LatitudeDegrees>5.2342250</LatitudeDegrees>
       <LongitudeDegrees>100.4383230</LongitudeDegrees>
      </Position>
      <AltitudeMeters>5.3</AltitudeMeters>
      <DistanceMeters>174.9</DistanceMeters>
      <HeartRateBpm>
       <Value>134</Value>
      </HeartRateBpm>
      <Extensions>
       <TPX xmlns="http://www.garmin.com/xmlschemas/ActivityExtension/v2">
        <Speed>1.3</Speed>
       </TPX>
      </Extensions>
     </Trackpoint>
     <Trackpoint>
      <Time>2026-08-01T11:09:24Z</Time>
      <Position>
       <LatitudeDegrees>5.2342210</LatitudeDegrees>
       <LongitudeDegrees>100.4383100</LongitudeDegrees>
      </Position>
      <AltitudeMeters>5.3</AltitudeMeters>
      <DistanceMeters>176.4</DistanceMeters>
      <HeartRateBpm>
       <Value>134</Value>
      </HeartRateBpm>
      <Extensions>
       <TPX xmlns="http://www.garmin.com/xmlschemas/ActivityExtension/v2">
        <Speed>1.2</Speed>
       </TPX>
      </Extensions>
     </Trackpoint>
     <Trackpoint>
      <Time>2026-08-01T11:09:25Z</Time>
      <Position>
       <LatitudeDegrees>5.2342170</LatitudeDegrees>
       <LongitudeDegrees>100.4382970</LongitudeDegrees>
      </Position>
      <AltitudeMeters>5.3</AltitudeMeters>
      <DistanceMeters>177.9</DistanceMeters>
      <HeartRateBpm>
       <Value>134</Value>
      </HeartRateBpm>
      <Extensions>
       <TPX xmlns="http://www.garmin.com/xmlschemas/ActivityExtension/v2">
        <Speed>1.5</Speed>
       </TPX>
      </Extensions>
     </Trackpoint>
     <Trackpoint>
      <Time>2026-08-01T11:09:26Z</Time>
      <Position>
       <LatitudeDegrees>5.2342120</LatitudeDegrees>
       <LongitudeDegrees>100.4382840</LongitudeDegrees>
      </Position>
      <AltitudeMeters>5.3</AltitudeMeters>
      <DistanceMeters>179.4</DistanceMeters>
      <HeartRateBpm>
       <Value>134</Value>
      </HeartRateBpm>
      <Extensions>
       <TPX xmlns="http://www.garmin.com/xmlschemas/ActivityExtension/v2">
        <Speed>1.8</Speed>
       </TPX>
      </Extensions>
     </Trackpoint>
     <Trackpoint>
      <Time>2026-08-01T11:09:27Z</Time>
      <Position>
       <LatitudeDegrees>5.2342090</LatitudeDegrees>
       <LongitudeDegrees>100.4382720</LongitudeDegrees>
      </Position>
      <AltitudeMeters>5.3</AltitudeMeters>
      <DistanceMeters>180.8</DistanceMeters>
      <HeartRateBpm>
       <Value>134</Value>
      </HeartRateBpm>
      <Extensions>
       <TPX xmlns="http://www.garmin.com/xmlschemas/ActivityExtension/v2">
        <Speed>1.5</Speed>
       </TPX>
      </Extensions>
     </Trackpoint>
     <Trackpoint>
      <Time>2026-08-01T11:09:28Z</Time>
      <Position>
       <LatitudeDegrees>5.2342030</LatitudeDegrees>
       <LongitudeDegrees>100.4382590</LongitudeDegrees>
      </Position>
      <AltitudeMeters>5.3</AltitudeMeters>
      <DistanceMeters>182.4</DistanceMeters>
      <HeartRateBpm>
       <Value>134</Value>
      </HeartRateBpm>
      <Extensions>
       <TPX xmlns="http://www.garmin.com/xmlschemas/ActivityExtension/v2">
        <Speed>1.5</Speed>
       </TPX>
      </Extensions>
     </Trackpoint>
     <Trackpoint>
      <Time>2026-08-01T11:09:29Z</Time>
      <Position>
       <LatitudeDegrees>5.2341980</LatitudeDegrees>
       <LongitudeDegrees>100.4382460</LongitudeDegrees>
      </Position>
      <AltitudeMeters>5.3</AltitudeMeters>
      <DistanceMeters>182.4</DistanceMeters>
      <HeartRateBpm>
       <Value>134</Value>
      </HeartRateBpm>
      <Extensions>
       <TPX xmlns="http://www.garmin.com/xmlschemas/ActivityExtension/v2">
        <Speed>1.2</Speed>
       </TPX>
      </Extensions>
     </Trackpoint>
     <Trackpoint>
      <Time>2026-08-01T11:09:30Z</Time>
      <Position>
       <LatitudeDegrees>5.2341910</LatitudeDegrees>
       <LongitudeDegrees>100.4382330</LongitudeDegrees>
      </Position>
      <AltitudeMeters>5.3</AltitudeMeters>
      <DistanceMeters>185.6</DistanceMeters>
      <HeartRateBpm>
       <Value>134</Value>
      </HeartRateBpm>
      <Extensions>
       <TPX xmlns="http://www.garmin.com/xmlschemas/ActivityExtension/v2">
        <Speed>1.5</Speed>
       </TPX>
      </Extensions>
     </Trackpoint>
     <Trackpoint>
      <Time>2026-08-01T11:09:31Z</Time>
      <Position>
       <LatitudeDegrees>5.2341830</LatitudeDegrees>
       <LongitudeDegrees>100.4382190</LongitudeDegrees>
      </Position>
      <AltitudeMeters>5.3</AltitudeMeters>
      <DistanceMeters>185.6</DistanceMeters>
      <HeartRateBpm>
       <Value>134</Value>
      </HeartRateBpm>
      <Extensions>
       <TPX xmlns="http://www.garmin.com/xmlschemas/ActivityExtension/v2">
        <Speed>1.2</Speed>
       </TPX>
      </Extensions>
     </Trackpoint>
     <Trackpoint>
      <Time>2026-08-01T11:09:32Z</Time>
      <Position>
       <LatitudeDegrees>5.2341770</LatitudeDegrees>
       <LongitudeDegrees>100.4382020</LongitudeDegrees>
      </Position>
      <AltitudeMeters>5.3</AltitudeMeters>
      <DistanceMeters>189.3</DistanceMeters>
      <HeartRateBpm>
       <Value>135</Value>
      </HeartRateBpm>
      <Extensions>
       <TPX xmlns="http://www.garmin.com/xmlschemas/ActivityExtension/v2">
        <Speed>1.7</Speed>
       </TPX>
      </Extensions>
     </Trackpoint>
     <Trackpoint>
      <Time>2026-08-01T11:09:33Z</Time>
      <Position>
       <LatitudeDegrees>5.2341730</LatitudeDegrees>
       <LongitudeDegrees>100.4381930</LongitudeDegrees>
      </Position>
      <AltitudeMeters>5.3</AltitudeMeters>
      <DistanceMeters>189.3</DistanceMeters>
      <HeartRateBpm>
       <Value>135</Value>
      </HeartRateBpm>
      <Extensions>
       <TPX xmlns="http://www.garmin.com/xmlschemas/ActivityExtension/v2">
        <Speed>1.4</Speed>
       </TPX>
      </Extensions>
     </Trackpoint>
     <Trackpoint>
      <Time>2026-08-01T11:09:34Z</Time>
      <Position>
       <LatitudeDegrees>5.2341680</LatitudeDegrees>
       <LongitudeDegrees>100.4381820</LongitudeDegrees>
      </Position>
      <AltitudeMeters>5.3</AltitudeMeters>
      <DistanceMeters>189.3</DistanceMeters>
      <HeartRateBpm>
       <Value>135</Value>
      </HeartRateBpm>
      <Extensions>
       <TPX xmlns="http://www.garmin.com/xmlschemas/ActivityExtension/v2">
        <Speed>1.4</Speed>
       </TPX>
      </Extensions>
     </Trackpoint>
     <Trackpoint>
      <Time>2026-08-01T11:09:35Z</Time>
      <Position>
       <LatitudeDegrees>5.2341620</LatitudeDegrees>
       <LongitudeDegrees>100.4381710</LongitudeDegrees>
      </Position>
      <AltitudeMeters>5.3</AltitudeMeters>
      <DistanceMeters>193.1</DistanceMeters>
      <HeartRateBpm>
       <Value>134</Value>
      </HeartRateBpm>
      <Extensions>
       <TPX xmlns="http://www.garmin.com/xmlschemas/ActivityExtension/v2">
        <Speed>1.5</Speed>
       </TPX>
      </Extensions>
     </Trackpoint>
     <Trackpoint>
      <Time>2026-08-01T11:09:36Z</Time>
      <Position>
       <LatitudeDegrees>5.2341560</LatitudeDegrees>
       <LongitudeDegrees>100.4381600</LongitudeDegrees>
      </Position>
      <AltitudeMeters>5.3</AltitudeMeters>
      <DistanceMeters>194.5</DistanceMeters>
      <HeartRateBpm>
       <Value>134</Value>
      </HeartRateBpm>
      <Extensions>
       <TPX xmlns="http://www.garmin.com/xmlschemas/ActivityExtension/v2">
        <Speed>1.8</Speed>
       </TPX>
      </Extensions>
     </Trackpoint>
     <Trackpoint>
      <Time>2026-08-01T11:09:37Z</Time>
      <Position>
       <LatitudeDegrees>5.2341500</LatitudeDegrees>
       <LongitudeDegrees>100.4381480</LongitudeDegrees>
      </Position>
      <AltitudeMeters>5.3</AltitudeMeters>
      <DistanceMeters>196.1</DistanceMeters>
      <HeartRateBpm>
       <Value>134</Value>
      </HeartRateBpm>
      <Extensions>
       <TPX xmlns="http://www.garmin.com/xmlschemas/ActivityExtension/v2">
        <Speed>1.4</Speed>
       </TPX>
      </Extensions>
     </Trackpoint>
     <Trackpoint>
      <Time>2026-08-01T11:09:38Z</Time>
      <Position>
       <LatitudeDegrees>5.2341440</LatitudeDegrees>
       <LongitudeDegrees>100.4381320</LongitudeDegrees>
      </Position>
      <AltitudeMeters>5.3</AltitudeMeters>
      <DistanceMeters>198.0</DistanceMeters>
      <HeartRateBpm>
       <Value>134</Value>
      </HeartRateBpm>
      <Extensions>
       <TPX xmlns="http://www.garmin.com/xmlschemas/ActivityExtension/v2">
        <Speed>1.7</Speed>
       </TPX>
      </Extensions>
     </Trackpoint>
     <Trackpoint>
      <Time>2026-08-01T11:09:39Z</Time>
      <Position>
       <LatitudeDegrees>5.2341410</LatitudeDegrees>
       <LongitudeDegrees>100.4381220</LongitudeDegrees>
      </Position>
      <AltitudeMeters>5.3</AltitudeMeters>
      <DistanceMeters>198.0</DistanceMeters>
      <HeartRateBpm>
       <Value>134</Value>
      </HeartRateBpm>
      <Extensions>
       <TPX xmlns="http://www.garmin.com/xmlschemas/ActivityExtension/v2">
        <Speed>1.7</Speed>
       </TPX>
      </Extensions>
     </Trackpoint>
     <Trackpoint>
      <Time>2026-08-01T11:09:40Z</Time>
      <Position>
       <LatitudeDegrees>5.2341380</LatitudeDegrees>
       <LongitudeDegrees>100.4381100</LongitudeDegrees>
      </Position>
      <AltitudeMeters>5.3</AltitudeMeters>
      <DistanceMeters>198.0</DistanceMeters>
      <HeartRateBpm>
       <Value>134</Value>
      </HeartRateBpm>
      <Extensions>
       <TPX xmlns="http://www.garmin.com/xmlschemas/ActivityExtension/v2">
        <Speed>1.0</Speed>
       </TPX>
      </Extensions>
     </Trackpoint>
     <Trackpoint>
      <Time>2026-08-01T11:09:41Z</Time>
      <Position>
       <LatitudeDegrees>5.2341360</LatitudeDegrees>
       <LongitudeDegrees>100.4380980</LongitudeDegrees>
      </Position>
      <AltitudeMeters>5.3</AltitudeMeters>
      <DistanceMeters>201.8</DistanceMeters>
      <HeartRateBpm>
       <Value>134</Value>
      </HeartRateBpm>
      <Extensions>
       <TPX xmlns="http://www.garmin.com/xmlschemas/ActivityExtension/v2">
        <Speed>1.5</Speed>
       </TPX>
      </Extensions>
     </Trackpoint>
     <Trackpoint>
      <Time>2026-08-01T11:09:42Z</Time>
      <Position>
       <LatitudeDegrees>5.2341340</LatitudeDegrees>
       <LongitudeDegrees>100.4380850</LongitudeDegrees>
      </Position>
      <AltitudeMeters>5.3</AltitudeMeters>
      <DistanceMeters>201.8</DistanceMeters>
      <HeartRateBpm>
       <Value>134</Value>
      </HeartRateBpm>
      <Extensions>
       <TPX xmlns="http://www.garmin.com/xmlschemas/ActivityExtension/v2">
        <Speed>1.1</Speed>
       </TPX>
      </Extensions>
     </Trackpoint>
     <Trackpoint>
      <Time>2026-08-01T11:09:43Z</Time>
      <Position>
       <LatitudeDegrees>5.2341300</LatitudeDegrees>
       <LongitudeDegrees>100.4380750</LongitudeDegrees>
      </Position>
      <AltitudeMeters>5.3</AltitudeMeters>
      <DistanceMeters>201.8</DistanceMeters>
      <HeartRateBpm>
       <Value>134</Value>
      </HeartRateBpm>
      <Extensions>
       <TPX xmlns="http://www.garmin.com/xmlschemas/ActivityExtension/v2">
        <Speed>0.8</Speed>
       </TPX>
      </Extensions>
     </Trackpoint>
     <Trackpoint>
      <Time>2026-08-01T11:09:44Z</Time>
      <Position>
       <LatitudeDegrees>5.2341250</LatitudeDegrees>
       <LongitudeDegrees>100.4380650</LongitudeDegrees>
      </Position>
      <AltitudeMeters>5.3</AltitudeMeters>
      <DistanceMeters>205.6</DistanceMeters>
      <HeartRateBpm>
       <Value>133</Value>
      </HeartRateBpm>
      <Extensions>
       <TPX xmlns="http://www.garmin.com/xmlschemas/ActivityExtension/v2">
        <Speed>1.5</Speed>
       </TPX>
      </Extensions>
     </Trackpoint>
     <Trackpoint>
      <Time>2026-08-01T11:09:45Z</Time>
      <Position>
       <LatitudeDegrees>5.2341220</LatitudeDegrees>
       <LongitudeDegrees>100.4380530</LongitudeDegrees>
      </Position>
      <AltitudeMeters>5.3</AltitudeMeters>
      <DistanceMeters>207.0</DistanceMeters>
      <HeartRateBpm>
       <Value>133</Value>
      </HeartRateBpm>
      <Extensions>
       <TPX xmlns="http://www.garmin.com/xmlschemas/ActivityExtension/v2">
        <Speed>1.8</Speed>
       </TPX>
      </Extensions>
     </Trackpoint>
     <Trackpoint>
      <Time>2026-08-01T11:09:46Z</Time>
      <Position>
       <LatitudeDegrees>5.2341250</LatitudeDegrees>
       <LongitudeDegrees>100.4380410</LongitudeDegrees>
      </Position>
      <AltitudeMeters>5.3</AltitudeMeters>
      <DistanceMeters>208.3</DistanceMeters>
      <HeartRateBpm>
       <Value>133</Value>
      </HeartRateBpm>
      <Extensions>
       <TPX xmlns="http://www.garmin.com/xmlschemas/ActivityExtension/v2">
        <Speed>1.3</Speed>
       </TPX>
      </Extensions>
     </Trackpoint>
     <Trackpoint>
      <Time>2026-08-01T11:09:47Z</Time>
      <Position>
       <LatitudeDegrees>5.2341280</LatitudeDegrees>
       <LongitudeDegrees>100.4380290</LongitudeDegrees>
      </Position>
      <AltitudeMeters>5.3</AltitudeMeters>
      <DistanceMeters>209.7</DistanceMeters>
      <HeartRateBpm>
       <Value>133</Value>
      </HeartRateBpm>
      <Extensions>
       <TPX xmlns="http://www.garmin.com/xmlschemas/ActivityExtension/v2">
        <Speed>1.6</Speed>
       </TPX>
      </Extensions>
     </Trackpoint>
     <Trackpoint>
      <Time>2026-08-01T11:09:48Z</Time>
      <Position>
       <LatitudeDegrees>5.2341290</LatitudeDegrees>
       <LongitudeDegrees>100.4380180</LongitudeDegrees>
      </Position>
      <AltitudeMeters>5.3</AltitudeMeters>
      <DistanceMeters>209.7</DistanceMeters>
      <HeartRateBpm>
       <Value>134</Value>
      </HeartRateBpm>
      <Extensions>
       <TPX xmlns="http://www.garmin.com/xmlschemas/ActivityExtension/v2">
        <Speed>1.6</Speed>
       </TPX>
      </Extensions>
     </Trackpoint>
     <Trackpoint>
      <Time>2026-08-01T11:09:49Z</Time>
      <Position>
       <LatitudeDegrees>5.2341280</LatitudeDegrees>
       <LongitudeDegrees>100.4380050</LongitudeDegrees>
      </Position>
      <AltitudeMeters>5.3</AltitudeMeters>
      <DistanceMeters>209.7</DistanceMeters>
      <HeartRateBpm>
       <Value>134</Value>
      </HeartRateBpm>
      <Extensions>
       <TPX xmlns="http://www.garmin.com/xmlschemas/ActivityExtension/v2">
        <Speed>0.8</Speed>
       </TPX>
      </Extensions>
     </Trackpoint>
     <Trackpoint>
      <Time>2026-08-01T11:09:50Z</Time>
      <Position>
       <LatitudeDegrees>5.2341260</LatitudeDegrees>
       <LongitudeDegrees>100.4379930</LongitudeDegrees>
      </Position>
      <AltitudeMeters>5.3</AltitudeMeters>
      <DistanceMeters>213.7</DistanceMeters>
      <HeartRateBpm>
       <Value>133</Value>
      </HeartRateBpm>
      <Extensions>
       <TPX xmlns="http://www.garmin.com/xmlschemas/ActivityExtension/v2">
        <Speed>1.3</Speed>
       </TPX>
      </Extensions>
     </Trackpoint>
     <Trackpoint>
      <Time>2026-08-01T11:09:51Z</Time>
      <Position>
       <LatitudeDegrees>5.2341230</LatitudeDegrees>
       <LongitudeDegrees>100.4379770</LongitudeDegrees>
      </Position>
      <AltitudeMeters>5.3</AltitudeMeters>
      <DistanceMeters>215.4</DistanceMeters>
      <HeartRateBpm>
       <Value>133</Value>
      </HeartRateBpm>
      <Extensions>
       <TPX xmlns="http://www.garmin.com/xmlschemas/ActivityExtension/v2">
        <Speed>1.4</Speed>
       </TPX>
      </Extensions>
     </Trackpoint>
     <Trackpoint>
      <Time>2026-08-01T11:09:52Z</Time>
      <Position>
       <LatitudeDegrees>5.2341200</LatitudeDegrees>
       <LongitudeDegrees>100.4379670</LongitudeDegrees>
      </Position>
      <AltitudeMeters>5.3</AltitudeMeters>
      <DistanceMeters>216.5</DistanceMeters>
      <HeartRateBpm>
       <Value>133</Value>
      </HeartRateBpm>
      <Extensions>
       <TPX xmlns="http://www.garmin.com/xmlschemas/ActivityExtension/v2">
        <Speed>1.4</Speed>
       </TPX>
      </Extensions>
     </Trackpoint>
     <Trackpoint>
      <Time>2026-08-01T11:09:53Z</Time>
      <Position>
       <LatitudeDegrees>5.2341110</LatitudeDegrees>
       <LongitudeDegrees>100.4379580</LongitudeDegrees>
      </Position>
      <AltitudeMeters>5.3</AltitudeMeters>
      <DistanceMeters>217.9</DistanceMeters>
      <HeartRateBpm>
       <Value>133</Value>
      </HeartRateBpm>
      <Extensions>
       <TPX xmlns="http://www.garmin.com/xmlschemas/ActivityExtension/v2">
        <Speed>1.6</Speed>
       </TPX>
      </Extensions>
     </Trackpoint>
     <Trackpoint>
      <Time>2026-08-01T11:09:54Z</Time>
      <Position>
       <LatitudeDegrees>5.2340990</LatitudeDegrees>
       <LongitudeDegrees>100.4379510</LongitudeDegrees>
      </Position>
      <AltitudeMeters>5.3</AltitudeMeters>
      <DistanceMeters>217.9</DistanceMeters>
      <HeartRateBpm>
       <Value>133</Value>
      </HeartRateBpm>
      <Extensions>
       <TPX xmlns="http://www.garmin.com/xmlschemas/ActivityExtension/v2">
        <Speed>1.6</Speed>
       </TPX>
      </Extensions>
     </Trackpoint>
     <Trackpoint>
      <Time>2026-08-01T11:09:55Z</Time>
      <Position>
       <LatitudeDegrees>5.2340930</LatitudeDegrees>
       <LongitudeDegrees>100.4379420</LongitudeDegrees>
      </Position>
      <AltitudeMeters>5.3</AltitudeMeters>
      <DistanceMeters>217.9</DistanceMeters>
      <HeartRateBpm>
       <Value>133</Value>
      </HeartRateBpm>
      <Extensions>
       <TPX xmlns="http://www.garmin.com/xmlschemas/ActivityExtension/v2">
        <Speed>0.8</Speed>
       </TPX>
      </Extensions>
     </Trackpoint>
     <Trackpoint>
      <Time>2026-08-01T11:09:56Z</Time>
      <Position>
       <LatitudeDegrees>5.2340920</LatitudeDegrees>
       <LongitudeDegrees>100.4379300</LongitudeDegrees>
      </Position>
      <AltitudeMeters>5.3</AltitudeMeters>
      <DistanceMeters>221.6</DistanceMeters>
      <HeartRateBpm>
       <Value>133</Value>
      </HeartRateBpm>
      <Extensions>
       <TPX xmlns="http://www.garmin.com/xmlschemas/ActivityExtension/v2">
        <Speed>1.2</Speed>
       </TPX>
      </Extensions>
     </Trackpoint>
     <Trackpoint>
      <Time>2026-08-01T11:09:57Z</Time>
      <Position>
       <LatitudeDegrees>5.2340900</LatitudeDegrees>
       <LongitudeDegrees>100.4379130</LongitudeDegrees>
      </Position>
      <AltitudeMeters>5.3</AltitudeMeters>
      <DistanceMeters>223.5</DistanceMeters>
      <HeartRateBpm>
       <Value>133</Value>
      </HeartRateBpm>
      <Extensions>
       <TPX xmlns="http://www.garmin.com/xmlschemas/ActivityExtension/v2">
        <Speed>1.4</Speed>
       </TPX>
      </Extensions>
     </Trackpoint>
     <Trackpoint>
      <Time>2026-08-01T11:09:58Z</Time>
      <Position>
       <LatitudeDegrees>5.2340900</LatitudeDegrees>
       <LongitudeDegrees>100.4379130</LongitudeDegrees>
      </Position>
      <AltitudeMeters>5.3</AltitudeMeters>
      <DistanceMeters>223.5</DistanceMeters>
      <HeartRateBpm>
       <Value>133</Value>
      </HeartRateBpm>
      <Extensions>
       <TPX xmlns="http://www.garmin.com/xmlschemas/ActivityExtension/v2">
        <Speed>1.1</Speed>
       </TPX>
      </Extensions>
     </Trackpoint>
     <Trackpoint>
      <Time>2026-08-01T11:09:59Z</Time>
      <Position>
       <LatitudeDegrees>5.2340920</LatitudeDegrees>
       <LongitudeDegrees>100.4378930</LongitudeDegrees>
      </Position>
      <AltitudeMeters>5.3</AltitudeMeters>
      <DistanceMeters>225.8</DistanceMeters>
      <HeartRateBpm>
       <Value>134</Value>
      </HeartRateBpm>
      <Extensions>
       <TPX xmlns="http://www.garmin.com/xmlschemas/ActivityExtension/v2">
        <Speed>1.6</Speed>
       </TPX>
      </Extensions>
     </Trackpoint>
     <Trackpoint>
      <Time>2026-08-01T11:10:00Z</Time>
      <Position>
       <LatitudeDegrees>5.2340960</LatitudeDegrees>
       <LongitudeDegrees>100.4378810</LongitudeDegrees>
      </Position>
      <AltitudeMeters>5.3</AltitudeMeters>
      <DistanceMeters>227.2</DistanceMeters>
      <HeartRateBpm>
       <Value>134</Value>
      </HeartRateBpm>
      <Extensions>
       <TPX xmlns="http://www.garmin.com/xmlschemas/ActivityExtension/v2">
        <Speed>1.9</Speed>
       </TPX>
      </Extensions>
     </Trackpoint>
     <Trackpoint>
      <Time>2026-08-01T11:10:01Z</Time>
      <Position>
       <LatitudeDegrees>5.2341000</LatitudeDegrees>
       <LongitudeDegrees>100.4378680</LongitudeDegrees>
      </Position>
      <AltitudeMeters>5.3</AltitudeMeters>
      <DistanceMeters>228.7</DistanceMeters>
      <HeartRateBpm>
       <Value>134</Value>
      </HeartRateBpm>
      <Extensions>
       <TPX xmlns="http://www.garmin.com/xmlschemas/ActivityExtension/v2">
        <Speed>1.4</Speed>
       </TPX>
      </Extensions>
     </Trackpoint>
     <Trackpoint>
      <Time>2026-08-01T11:10:02Z</Time>
      <Position>
       <LatitudeDegrees>5.2341020</LatitudeDegrees>
       <LongitudeDegrees>100.4378560</LongitudeDegrees>
      </Position>
      <AltitudeMeters>5.3</AltitudeMeters>
      <DistanceMeters>230.0</DistanceMeters>
      <HeartRateBpm>
       <Value>134</Value>
      </HeartRateBpm>
      <Extensions>
       <TPX xmlns="http://www.garmin.com/xmlschemas/ActivityExtension/v2">
        <Speed>1.3</Speed>
       </TPX>
      </Extensions>
     </Trackpoint>
     <Trackpoint>
      <Time>2026-08-01T11:10:03Z</Time>
      <Position>
       <LatitudeDegrees>5.2341030</LatitudeDegrees>
       <LongitudeDegrees>100.4378420</LongitudeDegrees>
      </Position>
      <AltitudeMeters>5.3</AltitudeMeters>
      <DistanceMeters>231.6</DistanceMeters>
      <HeartRateBpm>
       <Value>135</Value>
      </HeartRateBpm>
      <Extensions>
       <TPX xmlns="http://www.garmin.com/xmlschemas/ActivityExtension/v2">
        <Speed>1.6</Speed>
       </TPX>
      </Extensions>
     </Trackpoint>
     <Trackpoint>
      <Time>2026-08-01T11:10:04Z</Time>
      <Position>
       <LatitudeDegrees>5.2341060</LatitudeDegrees>
       <LongitudeDegrees>100.4378110</LongitudeDegrees>
      </Position>
      <AltitudeMeters>5.3</AltitudeMeters>
      <DistanceMeters>235.0</DistanceMeters>
      <HeartRateBpm>
       <Value>134</Value>
      </HeartRateBpm>
      <Extensions>
       <TPX xmlns="http://www.garmin.com/xmlschemas/ActivityExtension/v2">
        <Speed>1.8</Speed>
       </TPX>
      </Extensions>
     </Trackpoint>
     <Trackpoint>
      <Time>2026-08-01T11:10:05Z</Time>
      <Position>
       <LatitudeDegrees>5.2341060</LatitudeDegrees>
       <LongitudeDegrees>100.4378030</LongitudeDegrees>
      </Position>
      <AltitudeMeters>5.3</AltitudeMeters>
      <DistanceMeters>235.0</DistanceMeters>
      <HeartRateBpm>
       <Value>134</Value>
      </HeartRateBpm>
      <Extensions>
       <TPX xmlns="http://www.garmin.com/xmlschemas/ActivityExtension/v2">
        <Speed>1.6</Speed>
       </TPX>
      </Extensions>
     </Trackpoint>
     <Trackpoint>
      <Time>2026-08-01T11:10:06Z</Time>
      <Position>
       <LatitudeDegrees>5.2341060</LatitudeDegrees>
       <LongitudeDegrees>100.4378030</LongitudeDegrees>
      </Position>
      <AltitudeMeters>5.3</AltitudeMeters>
      <DistanceMeters>235.0</DistanceMeters>
      <HeartRateBpm>
       <Value>134</Value>
      </HeartRateBpm>
      <Extensions>
       <TPX xmlns="http://www.garmin.com/xmlschemas/ActivityExtension/v2">
        <Speed>1.3</Speed>
       </TPX>
      </Extensions>
     </Trackpoint>
     <Trackpoint>
      <Time>2026-08-01T11:10:07Z</Time>
      <Position>
       <LatitudeDegrees>5.2341040</LatitudeDegrees>
       <LongitudeDegrees>100.4377890</LongitudeDegrees>
      </Position>
      <AltitudeMeters>5.3</AltitudeMeters>
      <DistanceMeters>235.0</DistanceMeters>
      <HeartRateBpm>
       <Value>134</Value>
      </HeartRateBpm>
      <Extensions>
       <TPX xmlns="http://www.garmin.com/xmlschemas/ActivityExtension/v2">
        <Speed>1.0</Speed>
       </TPX>
      </Extensions>
     </Trackpoint>
     <Trackpoint>
      <Time>2026-08-01T11:10:08Z</Time>
      <Position>
       <LatitudeDegrees>5.2341020</LatitudeDegrees>
       <LongitudeDegrees>100.4377750</LongitudeDegrees>
      </Position>
      <AltitudeMeters>5.3</AltitudeMeters>
      <DistanceMeters>239.0</DistanceMeters>
      <HeartRateBpm>
       <Value>134</Value>
      </HeartRateBpm>
      <Extensions>
       <TPX xmlns="http://www.garmin.com/xmlschemas/ActivityExtension/v2">
        <Speed>1.5</Speed>
       </TPX>
      </Extensions>
     </Trackpoint>
     <Trackpoint>
      <Time>2026-08-01T11:10:09Z</Time>
      <Position>
       <LatitudeDegrees>5.2340980</LatitudeDegrees>
       <LongitudeDegrees>100.4377620</LongitudeDegrees>
      </Position>
      <AltitudeMeters>5.3</AltitudeMeters>
      <DistanceMeters>240.5</DistanceMeters>
      <HeartRateBpm>
       <Value>134</Value>
      </HeartRateBpm>
      <Extensions>
       <TPX xmlns="http://www.garmin.com/xmlschemas/ActivityExtension/v2">
        <Speed>1.1</Speed>
       </TPX>
      </Extensions>
     </Trackpoint>
     <Trackpoint>
      <Time>2026-08-01T11:10:10Z</Time>
      <Position>
       <LatitudeDegrees>5.2340910</LatitudeDegrees>
       <LongitudeDegrees>100.4377500</LongitudeDegrees>
      </Position>
      <AltitudeMeters>5.3</AltitudeMeters>
      <DistanceMeters>242.1</DistanceMeters>
      <HeartRateBpm>
       <Value>134</Value>
      </HeartRateBpm>
      <Extensions>
       <TPX xmlns="http://www.garmin.com/xmlschemas/ActivityExtension/v2">
        <Speed>1.4</Speed>
       </TPX>
      </Extensions>
     </Trackpoint>
     <Trackpoint>
      <Time>2026-08-01T11:10:11Z</Time>
      <Position>
       <LatitudeDegrees>5.2340860</LatitudeDegrees>
       <LongitudeDegrees>100.4377370</LongitudeDegrees>
      </Position>
      <AltitudeMeters>5.3</AltitudeMeters>
      <DistanceMeters>243.6</DistanceMeters>
      <HeartRateBpm>
       <Value>134</Value>
      </HeartRateBpm>
      <Extensions>
       <TPX xmlns="http://www.garmin.com/xmlschemas/ActivityExtension/v2">
        <Speed>1.7</Speed>
       </TPX>
      </Extensions>
     </Trackpoint>
     <Trackpoint>
      <Time>2026-08-01T11:10:12Z</Time>
      <Position>
       <LatitudeDegrees>5.2340810</LatitudeDegrees>
       <LongitudeDegrees>100.4377230</LongitudeDegrees>
      </Position>
      <AltitudeMeters>5.3</AltitudeMeters>
      <DistanceMeters>243.6</DistanceMeters>
      <HeartRateBpm>
       <Value>134</Value>
      </HeartRateBpm>
      <Extensions>
       <TPX xmlns="http://www.garmin.com/xmlschemas/ActivityExtension/v2">
        <Speed>1.7</Speed>
       </TPX>
      </Extensions>
     </Trackpoint>
     <Trackpoint>
      <Time>2026-08-01T11:10:13Z</Time>
      <Position>
       <LatitudeDegrees>5.2340770</LatitudeDegrees>
       <LongitudeDegrees>100.4377100</LongitudeDegrees>
      </Position>
      <AltitudeMeters>5.3</AltitudeMeters>
      <DistanceMeters>246.7</DistanceMeters>
      <HeartRateBpm>
       <Value>134</Value>
      </HeartRateBpm>
      <Extensions>
       <TPX xmlns="http://www.garmin.com/xmlschemas/ActivityExtension/v2">
        <Speed>1.5</Speed>
       </TPX>
      </Extensions>
     </Trackpoint>
     <Trackpoint>
      <Time>2026-08-01T11:10:14Z</Time>
      <Position>
       <LatitudeDegrees>5.2340730</LatitudeDegrees>
       <LongitudeDegrees>100.4376980</LongitudeDegrees>
      </Position>
      <AltitudeMeters>5.3</AltitudeMeters>
      <DistanceMeters>248.1</DistanceMeters>
      <HeartRateBpm>
       <Value>134</Value>
      </HeartRateBpm>
      <Extensions>
       <TPX xmlns="http://www.garmin.com/xmlschemas/ActivityExtension/v2">
        <Speed>1.5</Speed>
       </TPX>
      </Extensions>
     </Trackpoint>
     <Trackpoint>
      <Time>2026-08-01T11:10:15Z</Time>
      <Position>
       <LatitudeDegrees>5.2340710</LatitudeDegrees>
       <LongitudeDegrees>100.4376850</LongitudeDegrees>
      </Position>
      <AltitudeMeters>5.4</AltitudeMeters>
      <DistanceMeters>249.6</DistanceMeters>
      <HeartRateBpm>
       <Value>134</Value>
      </HeartRateBpm>
      <Extensions>
       <TPX xmlns="http://www.garmin.com/xmlschemas/ActivityExtension/v2">
        <Speed>1.5</Speed>
       </TPX>
      </Extensions>
     </Trackpoint>
     <Trackpoint>
      <Time>2026-08-01T11:10:16Z</Time>
      <Position>
       <LatitudeDegrees>5.2340690</LatitudeDegrees>
       <LongitudeDegrees>100.4376730</LongitudeDegrees>
      </Position>
      <AltitudeMeters>5.4</AltitudeMeters>
      <DistanceMeters>250.9</DistanceMeters>
      <HeartRateBpm>
       <Value>134</Value>
      </HeartRateBpm>
      <Extensions>
       <TPX xmlns="http://www.garmin.com/xmlschemas/ActivityExtension/v2">
        <Speed>1.5</Speed>
       </TPX>
      </Extensions>
     </Trackpoint>
     <Trackpoint>
      <Time>2026-08-01T11:10:17Z</Time>
      <Position>
       <LatitudeDegrees>5.2340640</LatitudeDegrees>
       <LongitudeDegrees>100.4376580</LongitudeDegrees>
      </Position>
      <AltitudeMeters>5.4</AltitudeMeters>
      <DistanceMeters>250.9</DistanceMeters>
      <HeartRateBpm>
       <Value>134</Value>
      </HeartRateBpm>
      <Extensions>
       <TPX xmlns="http://www.garmin.com/xmlschemas/ActivityExtension/v2">
        <Speed>1.5</Speed>
       </TPX>
      </Extensions>
     </Trackpoint>
     <Trackpoint>
      <Time>2026-08-01T11:10:18Z</Time>
      <Position>
       <LatitudeDegrees>5.2340580</LatitudeDegrees>
       <LongitudeDegrees>100.4376480</LongitudeDegrees>
      </Position>
      <AltitudeMeters>5.4</AltitudeMeters>
      <DistanceMeters>254.0</DistanceMeters>
      <HeartRateBpm>
       <Value>134</Value>
      </HeartRateBpm>
      <Extensions>
       <TPX xmlns="http://www.garmin.com/xmlschemas/ActivityExtension/v2">
        <Speed>1.5</Speed>
       </TPX>
      </Extensions>
     </Trackpoint>
     <Trackpoint>
      <Time>2026-08-01T11:10:19Z</Time>
      <Position>
       <LatitudeDegrees>5.2340590</LatitudeDegrees>
       <LongitudeDegrees>100.4376350</LongitudeDegrees>
      </Position>
      <AltitudeMeters>5.4</AltitudeMeters>
      <DistanceMeters>254.0</DistanceMeters>
      <HeartRateBpm>
       <Value>134</Value>
      </HeartRateBpm>
      <Extensions>
       <TPX xmlns="http://www.garmin.com/xmlschemas/ActivityExtension/v2">
        <Speed>1.2</Speed>
       </TPX>
      </Extensions>
     </Trackpoint>
     <Trackpoint>
      <Time>2026-08-01T11:10:20Z</Time>
      <Position>
       <LatitudeDegrees>5.2340640</LatitudeDegrees>
       <LongitudeDegrees>100.4376240</LongitudeDegrees>
      </Position>
      <AltitudeMeters>5.4</AltitudeMeters>
      <DistanceMeters>254.0</DistanceMeters>
      <HeartRateBpm>
       <Value>134</Value>
      </HeartRateBpm>
      <Extensions>
       <TPX xmlns="http://www.garmin.com/xmlschemas/ActivityExtension/v2">
        <Speed>0.9</Speed>
       </TPX>
      </Extensions>
     </Trackpoint>
     <Trackpoint>
      <Time>2026-08-01T11:10:21Z</Time>
      <Position>
       <LatitudeDegrees>5.2340660</LatitudeDegrees>
       <LongitudeDegrees>100.4376130</LongitudeDegrees>
      </Position>
      <AltitudeMeters>5.4</AltitudeMeters>
      <DistanceMeters>257.9</DistanceMeters>
      <HeartRateBpm>
       <Value>134</Value>
      </HeartRateBpm>
      <Extensions>
       <TPX xmlns="http://www.garmin.com/xmlschemas/ActivityExtension/v2">
        <Speed>1.4</Speed>
       </TPX>
      </Extensions>
     </Trackpoint>
     <Trackpoint>
      <Time>2026-08-01T11:10:22Z</Time>
      <Position>
       <LatitudeDegrees>5.2340680</LatitudeDegrees>
       <LongitudeDegrees>100.4376020</LongitudeDegrees>
      </Position>
      <AltitudeMeters>5.4</AltitudeMeters>
      <DistanceMeters>257.9</DistanceMeters>
      <HeartRateBpm>
       <Value>134</Value>
      </HeartRateBpm>
      <Extensions>
       <TPX xmlns="http://www.garmin.com/xmlschemas/ActivityExtension/v2">
        <Speed>1.4</Speed>
       </TPX>
      </Extensions>
     </Trackpoint>
     <Trackpoint>
      <Time>2026-08-01T11:10:23Z</Time>
      <Position>
       <LatitudeDegrees>5.2340520</LatitudeDegrees>
       <LongitudeDegrees>100.4375820</LongitudeDegrees>
      </Position>
      <AltitudeMeters>5.4</AltitudeMeters>
      <DistanceMeters>261.7</DistanceMeters>
      <HeartRateBpm>
       <Value>134</Value>
      </HeartRateBpm>
      <Extensions>
       <TPX xmlns="http://www.garmin.com/xmlschemas/ActivityExtension/v2">
        <Speed>1.5</Speed>
       </TPX>
      </Extensions>
     </Trackpoint>
     <Trackpoint>
      <Time>2026-08-01T11:10:24Z</Time>
      <Position>
       <LatitudeDegrees>5.2340470</LatitudeDegrees>
       <LongitudeDegrees>100.4375750</LongitudeDegrees>
      </Position>
      <AltitudeMeters>5.4</AltitudeMeters>
      <DistanceMeters>261.7</DistanceMeters>
      <HeartRateBpm>
       <Value>134</Value>
      </HeartRateBpm>
      <Extensions>
       <TPX xmlns="http://www.garmin.com/xmlschemas/ActivityExtension/v2">
        <Speed>1.5</Speed>
       </TPX>
      </Extensions>
     </Trackpoint>
     <Trackpoint>
      <Time>2026-08-01T11:10:25Z</Time>
      <Position>
       <LatitudeDegrees>5.2340400</LatitudeDegrees>
       <LongitudeDegrees>100.4375630</LongitudeDegrees>
      </Position>
      <AltitudeMeters>5.4</AltitudeMeters>
      <DistanceMeters>261.7</DistanceMeters>
      <HeartRateBpm>
       <Value>134</Value>
      </HeartRateBpm>
      <Extensions>
       <TPX xmlns="http://www.garmin.com/xmlschemas/ActivityExtension/v2">
        <Speed>1.5</Speed>
       </TPX>
      </Extensions>
     </Trackpoint>
     <Trackpoint>
      <Time>2026-08-01T11:10:26Z</Time>
      <Position>
       <LatitudeDegrees>5.2340360</LatitudeDegrees>
       <LongitudeDegrees>100.4375510</LongitudeDegrees>
      </Position>
      <AltitudeMeters>5.4</AltitudeMeters>
      <DistanceMeters>265.6</DistanceMeters>
      <HeartRateBpm>
       <Value>134</Value>
      </HeartRateBpm>
      <Extensions>
       <TPX xmlns="http://www.garmin.com/xmlschemas/ActivityExtension/v2">
        <Speed>1.5</Speed>
       </TPX>
      </Extensions>
     </Trackpoint>
     <Trackpoint>
      <Time>2026-08-01T11:10:27Z</Time>
      <Position>
       <LatitudeDegrees>5.2340320</LatitudeDegrees>
       <LongitudeDegrees>100.4375380</LongitudeDegrees>
      </Position>
      <AltitudeMeters>5.4</AltitudeMeters>
      <DistanceMeters>267.1</DistanceMeters>
      <HeartRateBpm>
       <Value>134</Value>
      </HeartRateBpm>
      <Extensions>
       <TPX xmlns="http://www.garmin.com/xmlschemas/ActivityExtension/v2">
        <Speed>1.8</Speed>
       </TPX>
      </Extensions>
     </Trackpoint>
     <Trackpoint>
      <Time>2026-08-01T11:10:28Z</Time>
      <Position>
       <LatitudeDegrees>5.2340270</LatitudeDegrees>
       <LongitudeDegrees>100.4375260</LongitudeDegrees>
      </Position>
      <AltitudeMeters>5.4</AltitudeMeters>
      <DistanceMeters>268.5</DistanceMeters>
      <HeartRateBpm>
       <Value>134</Value>
      </HeartRateBpm>
      <Extensions>
       <TPX xmlns="http://www.garmin.com/xmlschemas/ActivityExtension/v2">
        <Speed>1.4</Speed>
       </TPX>
      </Extensions>
     </Trackpoint>
     <Trackpoint>
      <Time>2026-08-01T11:10:29Z</Time>
      <Position>
       <LatitudeDegrees>5.2340220</LatitudeDegrees>
       <LongitudeDegrees>100.4375130</LongitudeDegrees>
      </Position>
      <AltitudeMeters>5.4</AltitudeMeters>
      <DistanceMeters>270.0</DistanceMeters>
      <HeartRateBpm>
       <Value>134</Value>
      </HeartRateBpm>
      <Extensions>
       <TPX xmlns="http://www.garmin.com/xmlschemas/ActivityExtension/v2">
        <Speed>1.7</Speed>
       </TPX>
      </Extensions>
     </Trackpoint>
     <Trackpoint>
      <Time>2026-08-01T11:10:30Z</Time>
      <Position>
       <LatitudeDegrees>5.2340160</LatitudeDegrees>
       <LongitudeDegrees>100.4374950</LongitudeDegrees>
      </Position>
      <AltitudeMeters>5.4</AltitudeMeters>
      <DistanceMeters>270.0</DistanceMeters>
      <HeartRateBpm>
       <Value>134</Value>
      </HeartRateBpm>
      <Extensions>
       <TPX xmlns="http://www.garmin.com/xmlschemas/ActivityExtension/v2">
        <Speed>1.7</Speed>
       </TPX>
      </Extensions>
     </Trackpoint>
     <Trackpoint>
      <Time>2026-08-01T11:10:31Z</Time>
      <Position>
       <LatitudeDegrees>5.2340130</LatitudeDegrees>
       <LongitudeDegrees>100.4374850</LongitudeDegrees>
      </Position>
      <AltitudeMeters>5.4</AltitudeMeters>
      <DistanceMeters>273.3</DistanceMeters>
      <HeartRateBpm>
       <Value>134</Value>
      </HeartRateBpm>
      <Extensions>
       <TPX xmlns="http://www.garmin.com/xmlschemas/ActivityExtension/v2">
        <Speed>1.5</Speed>
       </TPX>
      </Extensions>
     </Trackpoint>
     <Trackpoint>
      <Time>2026-08-01T11:10:32Z</Time>
      <Position>
       <LatitudeDegrees>5.2340090</LatitudeDegrees>
       <LongitudeDegrees>100.4374730</LongitudeDegrees>
      </Position>
      <AltitudeMeters>5.4</AltitudeMeters>
      <DistanceMeters>274.7</DistanceMeters>
      <HeartRateBpm>
       <Value>134</Value>
      </HeartRateBpm>
      <Extensions>
       <TPX xmlns="http://www.garmin.com/xmlschemas/ActivityExtension/v2">
        <Speed>1.5</Speed>
       </TPX>
      </Extensions>
     </Trackpoint>
     <Trackpoint>
      <Time>2026-08-01T11:10:33Z</Time>
      <Position>
       <LatitudeDegrees>5.2340060</LatitudeDegrees>
       <LongitudeDegrees>100.4374590</LongitudeDegrees>
      </Position>
      <AltitudeMeters>5.4</AltitudeMeters>
      <DistanceMeters>276.3</DistanceMeters>
      <HeartRateBpm>
       <Value>134</Value>
      </HeartRateBpm>
      <Extensions>
       <TPX xmlns="http://www.garmin.com/xmlschemas/ActivityExtension/v2">
        <Speed>1.6</Speed>
       </TPX>
      </Extensions>
     </Trackpoint>
     <Trackpoint>
      <Time>2026-08-01T11:10:34Z</Time>
      <Position>
       <LatitudeDegrees>5.2340020</LatitudeDegrees>
       <LongitudeDegrees>100.4374460</LongitudeDegrees>
      </Position>
      <AltitudeMeters>5.4</AltitudeMeters>
      <DistanceMeters>277.8</DistanceMeters>
      <HeartRateBpm>
       <Value>134</Value>
      </HeartRateBpm>
      <Extensions>
       <TPX xmlns="http://www.garmin.com/xmlschemas/ActivityExtension/v2">
        <Speed>1.6</Speed>
       </TPX>
      </Extensions>
     </Trackpoint>
     <Trackpoint>
      <Time>2026-08-01T11:10:35Z</Time>
      <Position>
       <LatitudeDegrees>5.2339980</LatitudeDegrees>
       <LongitudeDegrees>100.4374340</LongitudeDegrees>
      </Position>
      <AltitudeMeters>5.4</AltitudeMeters>
      <DistanceMeters>279.2</DistanceMeters>
      <HeartRateBpm>
       <Value>134</Value>
      </HeartRateBpm>
      <Extensions>
       <TPX xmlns="http://www.garmin.com/xmlschemas/ActivityExtension/v2">
        <Speed>1.8</Speed>
       </TPX>
      </Extensions>
     </Trackpoint>
     <Trackpoint>
      <Time>2026-08-01T11:10:36Z</Time>
      <Position>
       <LatitudeDegrees>5.2339930</LatitudeDegrees>
       <LongitudeDegrees>100.4374220</LongitudeDegrees>
      </Position>
      <AltitudeMeters>5.4</AltitudeMeters>
      <DistanceMeters>280.6</DistanceMeters>
      <HeartRateBpm>
       <Value>134</Value>
      </HeartRateBpm>
      <Extensions>
       <TPX xmlns="http://www.garmin.com/xmlschemas/ActivityExtension/v2">
        <Speed>1.5</Speed>
       </TPX>
      </Extensions>
     </Trackpoint>
     <Trackpoint>
      <Time>2026-08-01T11:10:37Z</Time>
      <Position>
       <LatitudeDegrees>5.2339880</LatitudeDegrees>
       <LongitudeDegrees>100.4374090</LongitudeDegrees>
      </Position>
      <AltitudeMeters>5.4</AltitudeMeters>
      <DistanceMeters>282.1</DistanceMeters>
      <HeartRateBpm>
       <Value>134</Value>
      </HeartRateBpm>
      <Extensions>
       <TPX xmlns="http://www.garmin.com/xmlschemas/ActivityExtension/v2">
        <Speed>1.5</Speed>
       </TPX>
      </Extensions>
     </Trackpoint>
     <Trackpoint>
      <Time>2026-08-01T11:10:38Z</Time>
      <Position>
       <LatitudeDegrees>5.2339850</LatitudeDegrees>
       <LongitudeDegrees>100.4373950</LongitudeDegrees>
      </Position>
      <AltitudeMeters>5.4</AltitudeMeters>
      <DistanceMeters>282.1</DistanceMeters>
      <HeartRateBpm>
       <Value>135</Value>
      </HeartRateBpm>
      <Extensions>
       <TPX xmlns="http://www.garmin.com/xmlschemas/ActivityExtension/v2">
        <Speed>1.2</Speed>
       </TPX>
      </Extensions>
     </Trackpoint>
     <Trackpoint>
      <Time>2026-08-01T11:10:39Z</Time>
      <Position>
       <LatitudeDegrees>5.2339810</LatitudeDegrees>
       <LongitudeDegrees>100.4373830</LongitudeDegrees>
      </Position>
      <AltitudeMeters>5.4</AltitudeMeters>
      <DistanceMeters>285.2</DistanceMeters>
      <HeartRateBpm>
       <Value>135</Value>
      </HeartRateBpm>
      <Extensions>
       <TPX xmlns="http://www.garmin.com/xmlschemas/ActivityExtension/v2">
        <Speed>1.5</Speed>
       </TPX>
      </Extensions>
     </Trackpoint>
     <Trackpoint>
      <Time>2026-08-01T11:10:40Z</Time>
      <Position>
       <LatitudeDegrees>5.2339780</LatitudeDegrees>
       <LongitudeDegrees>100.4373700</LongitudeDegrees>
      </Position>
      <AltitudeMeters>5.4</AltitudeMeters>
      <DistanceMeters>286.6</DistanceMeters>
      <HeartRateBpm>
       <Value>135</Value>
      </HeartRateBpm>
      <Extensions>
       <TPX xmlns="http://www.garmin.com/xmlschemas/ActivityExtension/v2">
        <Speed>1.5</Speed>
       </TPX>
      </Extensions>
     </Trackpoint>
     <Trackpoint>
      <Time>2026-08-01T11:10:41Z</Time>
      <Position>
       <LatitudeDegrees>5.2339740</LatitudeDegrees>
       <LongitudeDegrees>100.4373570</LongitudeDegrees>
      </Position>
      <AltitudeMeters>5.4</AltitudeMeters>
      <DistanceMeters>288.1</DistanceMeters>
      <HeartRateBpm>
       <Value>135</Value>
      </HeartRateBpm>
      <Extensions>
       <TPX xmlns="http://www.garmin.com/xmlschemas/ActivityExtension/v2">
        <Speed>1.5</Speed>
       </TPX>
      </Extensions>
     </Trackpoint>
     <Trackpoint>
      <Time>2026-08-01T11:10:42Z</Time>
      <Position>
       <LatitudeDegrees>5.2339690</LatitudeDegrees>
       <LongitudeDegrees>100.4373440</LongitudeDegrees>
      </Position>
      <AltitudeMeters>5.4</AltitudeMeters>
      <DistanceMeters>289.6</DistanceMeters>
      <HeartRateBpm>
       <Value>135</Value>
      </HeartRateBpm>
      <Extensions>
       <TPX xmlns="http://www.garmin.com/xmlschemas/ActivityExtension/v2">
        <Speed>1.5</Speed>
       </TPX>
      </Extensions>
     </Trackpoint>
     <Trackpoint>
      <Time>2026-08-01T11:10:43Z</Time>
      <Position>
       <LatitudeDegrees>5.2339670</LatitudeDegrees>
       <LongitudeDegrees>100.4373400</LongitudeDegrees>
      </Position>
      <AltitudeMeters>5.4</AltitudeMeters>
      <DistanceMeters>289.6</DistanceMeters>
      <HeartRateBpm>
       <Value>135</Value>
      </HeartRateBpm>
      <Extensions>
       <TPX xmlns="http://www.garmin.com/xmlschemas/ActivityExtension/v2">
        <Speed>1.5</Speed>
       </TPX>
      </Extensions>
     </Trackpoint>
     <Trackpoint>
      <Time>2026-08-01T11:10:44Z</Time>
      <Position>
       <LatitudeDegrees>5.2339550</LatitudeDegrees>
       <LongitudeDegrees>100.4373210</LongitudeDegrees>
      </Position>
      <AltitudeMeters>5.4</AltitudeMeters>
      <DistanceMeters>292.6</DistanceMeters>
      <HeartRateBpm>
       <Value>135</Value>
      </HeartRateBpm>
      <Extensions>
       <TPX xmlns="http://www.garmin.com/xmlschemas/ActivityExtension/v2">
        <Speed>1.5</Speed>
       </TPX>
      </Extensions>
     </Trackpoint>
     <Trackpoint>
      <Time>2026-08-01T11:10:45Z</Time>
      <Position>
       <LatitudeDegrees>5.2339500</LatitudeDegrees>
       <LongitudeDegrees>100.4373110</LongitudeDegrees>
      </Position>
      <AltitudeMeters>5.4</AltitudeMeters>
      <DistanceMeters>292.6</DistanceMeters>
      <HeartRateBpm>
       <Value>135</Value>
      </HeartRateBpm>
      <Extensions>
       <TPX xmlns="http://www.garmin.com/xmlschemas/ActivityExtension/v2">
        <Speed>1.2</Speed>
       </TPX>
      </Extensions>
     </Trackpoint>
     <Trackpoint>
      <Time>2026-08-01T11:10:46Z</Time>
      <Position>
       <LatitudeDegrees>5.2339450</LatitudeDegrees>
       <LongitudeDegrees>100.4373000</LongitudeDegrees>
      </Position>
      <AltitudeMeters>5.4</AltitudeMeters>
      <DistanceMeters>292.6</DistanceMeters>
      <HeartRateBpm>
       <Value>135</Value>
      </HeartRateBpm>
      <Extensions>
       <TPX xmlns="http://www.garmin.com/xmlschemas/ActivityExtension/v2">
        <Speed>0.9</Speed>
       </TPX>
      </Extensions>
     </Trackpoint>
     <Trackpoint>
      <Time>2026-08-01T11:10:47Z</Time>
      <Position>
       <LatitudeDegrees>5.2339420</LatitudeDegrees>
       <LongitudeDegrees>100.4372890</LongitudeDegrees>
      </Position>
      <AltitudeMeters>5.4</AltitudeMeters>
      <DistanceMeters>296.5</DistanceMeters>
      <HeartRateBpm>
       <Value>135</Value>
      </HeartRateBpm>
      <Extensions>
       <TPX xmlns="http://www.garmin.com/xmlschemas/ActivityExtension/v2">
        <Speed>1.4</Speed>
       </TPX>
      </Extensions>
     </Trackpoint>
     <Trackpoint>
      <Time>2026-08-01T11:10:48Z</Time>
      <Position>
       <LatitudeDegrees>5.2339370</LatitudeDegrees>
       <LongitudeDegrees>100.4372790</LongitudeDegrees>
      </Position>
      <AltitudeMeters>5.4</AltitudeMeters>
      <DistanceMeters>296.5</DistanceMeters>
      <HeartRateBpm>
       <Value>135</Value>
      </HeartRateBpm>
      <Extensions>
       <TPX xmlns="http://www.garmin.com/xmlschemas/ActivityExtension/v2">
        <Speed>1.4</Speed>
       </TPX>
      </Extensions>
     </Trackpoint>
     <Trackpoint>
      <Time>2026-08-01T11:10:49Z</Time>
      <Position>
       <LatitudeDegrees>5.2339340</LatitudeDegrees>
       <LongitudeDegrees>100.4372680</LongitudeDegrees>
      </Position>
      <AltitudeMeters>5.4</AltitudeMeters>
      <DistanceMeters>296.5</DistanceMeters>
      <HeartRateBpm>
       <Value>134</Value>
      </HeartRateBpm>
      <Extensions>
       <TPX xmlns="http://www.garmin.com/xmlschemas/ActivityExtension/v2">
        <Speed>0.8</Speed>
       </TPX>
      </Extensions>
     </Trackpoint>
     <Trackpoint>
      <Time>2026-08-01T11:10:50Z</Time>
      <Position>
       <LatitudeDegrees>5.2339280</LatitudeDegrees>
       <LongitudeDegrees>100.4372450</LongitudeDegrees>
      </Position>
      <AltitudeMeters>5.4</AltitudeMeters>
      <DistanceMeters>300.3</DistanceMeters>
      <HeartRateBpm>
       <Value>134</Value>
      </HeartRateBpm>
      <Extensions>
       <TPX xmlns="http://www.garmin.com/xmlschemas/ActivityExtension/v2">
        <Speed>1.5</Speed>
       </TPX>
      </Extensions>
     </Trackpoint>
     <Trackpoint>
      <Time>2026-08-01T11:10:51Z</Time>
      <Position>
       <LatitudeDegrees>5.2339270</LatitudeDegrees>
       <LongitudeDegrees>100.4372330</LongitudeDegrees>
      </Position>
      <AltitudeMeters>5.4</AltitudeMeters>
      <DistanceMeters>302.3</DistanceMeters>
      <HeartRateBpm>
       <Value>134</Value>
      </HeartRateBpm>
      <Extensions>
       <TPX xmlns="http://www.garmin.com/xmlschemas/ActivityExtension/v2">
        <Speed>1.9</Speed>
       </TPX>
      </Extensions>
     </Trackpoint>
     <Trackpoint>
      <Time>2026-08-01T11:10:52Z</Time>
      <Position>
       <LatitudeDegrees>5.2339270</LatitudeDegrees>
       <LongitudeDegrees>100.4372330</LongitudeDegrees>
      </Position>
      <AltitudeMeters>5.4</AltitudeMeters>
      <DistanceMeters>302.3</DistanceMeters>
      <HeartRateBpm>
       <Value>134</Value>
      </HeartRateBpm>
      <Extensions>
       <TPX xmlns="http://www.garmin.com/xmlschemas/ActivityExtension/v2">
        <Speed>1.2</Speed>
       </TPX>
      </Extensions>
     </Trackpoint>
     <Trackpoint>
      <Time>2026-08-01T11:10:53Z</Time>
      <Position>
       <LatitudeDegrees>5.2339250</LatitudeDegrees>
       <LongitudeDegrees>100.4372200</LongitudeDegrees>
      </Position>
      <AltitudeMeters>5.4</AltitudeMeters>
      <DistanceMeters>304.4</DistanceMeters>
      <HeartRateBpm>
       <Value>134</Value>
      </HeartRateBpm>
      <Extensions>
       <TPX xmlns="http://www.garmin.com/xmlschemas/ActivityExtension/v2">
        <Speed>1.6</Speed>
       </TPX>
      </Extensions>
     </Trackpoint>
     <Trackpoint>
      <Time>2026-08-01T11:10:54Z</Time>
      <Position>
       <LatitudeDegrees>5.2339240</LatitudeDegrees>
       <LongitudeDegrees>100.4372070</LongitudeDegrees>
      </Position>
      <AltitudeMeters>5.4</AltitudeMeters>
      <DistanceMeters>305.8</DistanceMeters>
      <HeartRateBpm>
       <Value>134</Value>
      </HeartRateBpm>
      <Extensions>
       <TPX xmlns="http://www.garmin.com/xmlschemas/ActivityExtension/v2">
        <Speed>1.9</Speed>
       </TPX>
      </Extensions>
     </Trackpoint>
     <Trackpoint>
      <Time>2026-08-01T11:10:55Z</Time>
      <Position>
       <LatitudeDegrees>5.2339200</LatitudeDegrees>
       <LongitudeDegrees>100.4371950</LongitudeDegrees>
      </Position>
      <AltitudeMeters>5.4</AltitudeMeters>
      <DistanceMeters>307.2</DistanceMeters>
      <HeartRateBpm>
       <Value>134</Value>
      </HeartRateBpm>
      <Extensions>
       <TPX xmlns="http://www.garmin.com/xmlschemas/ActivityExtension/v2">
        <Speed>1.4</Speed>
       </TPX>
      </Extensions>
     </Trackpoint>
     <Trackpoint>
      <Time>2026-08-01T11:10:56Z</Time>
      <Position>
       <LatitudeDegrees>5.2339150</LatitudeDegrees>
       <LongitudeDegrees>100.4371820</LongitudeDegrees>
      </Position>
      <AltitudeMeters>5.4</AltitudeMeters>
      <DistanceMeters>308.7</DistanceMeters>
      <HeartRateBpm>
       <Value>134</Value>
      </HeartRateBpm>
      <Extensions>
       <TPX xmlns="http://www.garmin.com/xmlschemas/ActivityExtension/v2">
        <Speed>1.3</Speed>
       </TPX>
      </Extensions>
     </Trackpoint>
     <Trackpoint>
      <Time>2026-08-01T11:10:57Z</Time>
      <Position>
       <LatitudeDegrees>5.2339090</LatitudeDegrees>
       <LongitudeDegrees>100.4371640</LongitudeDegrees>
      </Position>
      <AltitudeMeters>5.4</AltitudeMeters>
      <DistanceMeters>308.7</DistanceMeters>
      <HeartRateBpm>
       <Value>134</Value>
      </HeartRateBpm>
      <Extensions>
       <TPX xmlns="http://www.garmin.com/xmlschemas/ActivityExtension/v2">
        <Speed>1.3</Speed>
       </TPX>
      </Extensions>
     </Trackpoint>
     <Trackpoint>
      <Time>2026-08-01T11:10:58Z</Time>
      <Position>
       <LatitudeDegrees>5.2339070</LatitudeDegrees>
       <LongitudeDegrees>100.4371540</LongitudeDegrees>
      </Position>
      <AltitudeMeters>5.4</AltitudeMeters>
      <DistanceMeters>312.0</DistanceMeters>
      <HeartRateBpm>
       <Value>134</Value>
      </HeartRateBpm>
      <Extensions>
       <TPX xmlns="http://www.garmin.com/xmlschemas/ActivityExtension/v2">
        <Speed>1.5</Speed>
       </TPX>
      </Extensions>
     </Trackpoint>
     <Trackpoint>
      <Time>2026-08-01T11:10:59Z</Time>
      <Position>
       <LatitudeDegrees>5.2339060</LatitudeDegrees>
       <LongitudeDegrees>100.4371420</LongitudeDegrees>
      </Position>
      <AltitudeMeters>5.4</AltitudeMeters>
      <DistanceMeters>313.3</DistanceMeters>
      <HeartRateBpm>
       <Value>134</Value>
      </HeartRateBpm>
      <Extensions>
       <TPX xmlns="http://www.garmin.com/xmlschemas/ActivityExtension/v2">
        <Speed>1.5</Speed>
       </TPX>
      </Extensions>
     </Trackpoint>
     <Trackpoint>
      <Time>2026-08-01T11:11:00Z</Time>
      <Position>
       <LatitudeDegrees>5.2339040</LatitudeDegrees>
       <LongitudeDegrees>100.4371290</LongitudeDegrees>
      </Position>
      <AltitudeMeters>5.4</AltitudeMeters>
      <DistanceMeters>314.7</DistanceMeters>
      <HeartRateBpm>
       <Value>133</Value>
      </HeartRateBpm>
      <Extensions>
       <TPX xmlns="http://www.garmin.com/xmlschemas/ActivityExtension/v2">
        <Speed>1.5</Speed>
       </TPX>
      </Extensions>
     </Trackpoint>
     <Trackpoint>
      <Time>2026-08-01T11:11:01Z</Time>
      <Position>
       <LatitudeDegrees>5.2339000</LatitudeDegrees>
       <LongitudeDegrees>100.4371160</LongitudeDegrees>
      </Position>
      <AltitudeMeters>5.4</AltitudeMeters>
      <DistanceMeters>316.2</DistanceMeters>
      <HeartRateBpm>
       <Value>133</Value>
      </HeartRateBpm>
      <Extensions>
       <TPX xmlns="http://www.garmin.com/xmlschemas/ActivityExtension/v2">
        <Speed>1.5</Speed>
       </TPX>
      </Extensions>
     </Trackpoint>
     <Trackpoint>
      <Time>2026-08-01T11:11:02Z</Time>
      <Position>
       <LatitudeDegrees>5.2338970</LatitudeDegrees>
       <LongitudeDegrees>100.4371030</LongitudeDegrees>
      </Position>
      <AltitudeMeters>5.4</AltitudeMeters>
      <DistanceMeters>317.7</DistanceMeters>
      <HeartRateBpm>
       <Value>133</Value>
      </HeartRateBpm>
      <Extensions>
       <TPX xmlns="http://www.garmin.com/xmlschemas/ActivityExtension/v2">
        <Speed>1.8</Speed>
       </TPX>
      </Extensions>
     </Trackpoint>
     <Trackpoint>
      <Time>2026-08-01T11:11:03Z</Time>
      <Position>
       <LatitudeDegrees>5.2338950</LatitudeDegrees>
       <LongitudeDegrees>100.4370910</LongitudeDegrees>
      </Position>
      <AltitudeMeters>5.4</AltitudeMeters>
      <DistanceMeters>319.0</DistanceMeters>
      <HeartRateBpm>
       <Value>133</Value>
      </HeartRateBpm>
      <Extensions>
       <TPX xmlns="http://www.garmin.com/xmlschemas/ActivityExtension/v2">
        <Speed>1.4</Speed>
       </TPX>
      </Extensions>
     </Trackpoint>
     <Trackpoint>
      <Time>2026-08-01T11:11:04Z</Time>
      <Position>
       <LatitudeDegrees>5.2338970</LatitudeDegrees>
       <LongitudeDegrees>100.4370740</LongitudeDegrees>
      </Position>
      <AltitudeMeters>5.4</AltitudeMeters>
      <DistanceMeters>320.9</DistanceMeters>
      <HeartRateBpm>
       <Value>133</Value>
      </HeartRateBpm>
      <Extensions>
       <TPX xmlns="http://www.garmin.com/xmlschemas/ActivityExtension/v2">
        <Speed>1.5</Speed>
       </TPX>
      </Extensions>
     </Trackpoint>
     <Trackpoint>
      <Time>2026-08-01T11:11:05Z</Time>
      <Position>
       <LatitudeDegrees>5.2338980</LatitudeDegrees>
       <LongitudeDegrees>100.4370650</LongitudeDegrees>
      </Position>
      <AltitudeMeters>5.4</AltitudeMeters>
      <DistanceMeters>320.9</DistanceMeters>
      <HeartRateBpm>
       <Value>133</Value>
      </HeartRateBpm>
      <Extensions>
       <TPX xmlns="http://www.garmin.com/xmlschemas/ActivityExtension/v2">
        <Speed>1.2</Speed>
       </TPX>
      </Extensions>
     </Trackpoint>
     <Trackpoint>
      <Time>2026-08-01T11:11:06Z</Time>
      <Position>
       <LatitudeDegrees>5.2338980</LatitudeDegrees>
       <LongitudeDegrees>100.4370540</LongitudeDegrees>
      </Position>
      <AltitudeMeters>5.4</AltitudeMeters>
      <DistanceMeters>320.9</DistanceMeters>
      <HeartRateBpm>
       <Value>133</Value>
      </HeartRateBpm>
      <Extensions>
       <TPX xmlns="http://www.garmin.com/xmlschemas/ActivityExtension/v2">
        <Speed>0.9</Speed>
       </TPX>
      </Extensions>
     </Trackpoint>
     <Trackpoint>
      <Time>2026-08-01T11:11:07Z</Time>
      <Position>
       <LatitudeDegrees>5.2338950</LatitudeDegrees>
       <LongitudeDegrees>100.4370430</LongitudeDegrees>
      </Position>
      <AltitudeMeters>5.4</AltitudeMeters>
      <DistanceMeters>324.4</DistanceMeters>
      <HeartRateBpm>
       <Value>133</Value>
      </HeartRateBpm>
      <Extensions>
       <TPX xmlns="http://www.garmin.com/xmlschemas/ActivityExtension/v2">
        <Speed>1.3</Speed>
       </TPX>
      </Extensions>
     </Trackpoint>
     <Trackpoint>
      <Time>2026-08-01T11:11:08Z</Time>
      <Position>
       <LatitudeDegrees>5.2338910</LatitudeDegrees>
       <LongitudeDegrees>100.4370300</LongitudeDegrees>
      </Position>
      <AltitudeMeters>5.4</AltitudeMeters>
      <DistanceMeters>324.4</DistanceMeters>
      <HeartRateBpm>
       <Value>133</Value>
      </HeartRateBpm>
      <Extensions>
       <TPX xmlns="http://www.garmin.com/xmlschemas/ActivityExtension/v2">
        <Speed>1.1</Speed>
       </TPX>
      </Extensions>
     </Trackpoint>
     <Trackpoint>
      <Time>2026-08-01T11:11:09Z</Time>
      <Position>
       <LatitudeDegrees>5.2338880</LatitudeDegrees>
       <LongitudeDegrees>100.4370160</LongitudeDegrees>
      </Position>
      <AltitudeMeters>5.4</AltitudeMeters>
      <DistanceMeters>327.4</DistanceMeters>
      <HeartRateBpm>
       <Value>133</Value>
      </HeartRateBpm>
      <Extensions>
       <TPX xmlns="http://www.garmin.com/xmlschemas/ActivityExtension/v2">
        <Speed>1.3</Speed>
       </TPX>
      </Extensions>
     </Trackpoint>
     <Trackpoint>
      <Time>2026-08-01T11:11:10Z</Time>
      <Position>
       <LatitudeDegrees>5.2338850</LatitudeDegrees>
       <LongitudeDegrees>100.4370030</LongitudeDegrees>
      </Position>
      <AltitudeMeters>5.4</AltitudeMeters>
      <DistanceMeters>327.4</DistanceMeters>
      <HeartRateBpm>
       <Value>133</Value>
      </HeartRateBpm>
      <Extensions>
       <TPX xmlns="http://www.garmin.com/xmlschemas/ActivityExtension/v2">
        <Speed>1.3</Speed>
       </TPX>
      </Extensions>
     </Trackpoint>
     <Trackpoint>
      <Time>2026-08-01T11:11:11Z</Time>
      <Position>
       <LatitudeDegrees>5.2338800</LatitudeDegrees>
       <LongitudeDegrees>100.4369840</LongitudeDegrees>
      </Position>
      <AltitudeMeters>5.4</AltitudeMeters>
      <DistanceMeters>331.0</DistanceMeters>
      <HeartRateBpm>
       <Value>133</Value>
      </HeartRateBpm>
      <Extensions>
       <TPX xmlns="http://www.garmin.com/xmlschemas/ActivityExtension/v2">
        <Speed>2.0</Speed>
       </TPX>
      </Extensions>
     </Trackpoint>
     <Trackpoint>
      <Time>2026-08-01T11:11:12Z</Time>
      <Position>
       <LatitudeDegrees>5.2338770</LatitudeDegrees>
       <LongitudeDegrees>100.4369750</LongitudeDegrees>
      </Position>
      <AltitudeMeters>5.4</AltitudeMeters>
      <DistanceMeters>332.1</DistanceMeters>
      <HeartRateBpm>
       <Value>133</Value>
      </HeartRateBpm>
      <Extensions>
       <TPX xmlns="http://www.garmin.com/xmlschemas/ActivityExtension/v2">
        <Speed>1.5</Speed>
       </TPX>
      </Extensions>
     </Trackpoint>
     <Trackpoint>
      <Time>2026-08-01T11:11:13Z</Time>
      <Position>
       <LatitudeDegrees>5.2338730</LatitudeDegrees>
       <LongitudeDegrees>100.4369610</LongitudeDegrees>
      </Position>
      <AltitudeMeters>5.4</AltitudeMeters>
      <DistanceMeters>333.7</DistanceMeters>
      <HeartRateBpm>
       <Value>133</Value>
      </HeartRateBpm>
      <Extensions>
       <TPX xmlns="http://www.garmin.com/xmlschemas/ActivityExtension/v2">
        <Speed>1.9</Speed>
       </TPX>
      </Extensions>
     </Trackpoint>
     <Trackpoint>
      <Time>2026-08-01T11:11:14Z</Time>
      <Position>
       <LatitudeDegrees>5.2338680</LatitudeDegrees>
       <LongitudeDegrees>100.4369480</LongitudeDegrees>
      </Position>
      <AltitudeMeters>5.4</AltitudeMeters>
      <DistanceMeters>335.3</DistanceMeters>
      <HeartRateBpm>
       <Value>133</Value>
      </HeartRateBpm>
      <Extensions>
       <TPX xmlns="http://www.garmin.com/xmlschemas/ActivityExtension/v2">
        <Speed>1.6</Speed>
       </TPX>
      </Extensions>
     </Trackpoint>
     <Trackpoint>
      <Time>2026-08-01T11:11:15Z</Time>
      <Position>
       <LatitudeDegrees>5.2338650</LatitudeDegrees>
       <LongitudeDegrees>100.4369350</LongitudeDegrees>
      </Position>
      <AltitudeMeters>5.4</AltitudeMeters>
      <DistanceMeters>336.8</DistanceMeters>
      <HeartRateBpm>
       <Value>133</Value>
      </HeartRateBpm>
      <Extensions>
       <TPX xmlns="http://www.garmin.com/xmlschemas/ActivityExtension/v2">
        <Speed>1.9</Speed>
       </TPX>
      </Extensions>
     </Trackpoint>
     <Trackpoint>
      <Time>2026-08-01T11:11:16Z</Time>
      <Position>
       <LatitudeDegrees>5.2338630</LatitudeDegrees>
       <LongitudeDegrees>100.4369220</LongitudeDegrees>
      </Position>
      <AltitudeMeters>5.4</AltitudeMeters>
      <DistanceMeters>338.2</DistanceMeters>
      <HeartRateBpm>
       <Value>133</Value>
      </HeartRateBpm>
      <Extensions>
       <TPX xmlns="http://www.garmin.com/xmlschemas/ActivityExtension/v2">
        <Speed>1.4</Speed>
       </TPX>
      </Extensions>
     </Trackpoint>
     <Trackpoint>
      <Time>2026-08-01T11:11:17Z</Time>
      <Position>
       <LatitudeDegrees>5.2338610</LatitudeDegrees>
       <LongitudeDegrees>100.4369100</LongitudeDegrees>
      </Position>
      <AltitudeMeters>5.4</AltitudeMeters>
      <DistanceMeters>339.6</DistanceMeters>
      <HeartRateBpm>
       <Value>133</Value>
      </HeartRateBpm>
      <Extensions>
       <TPX xmlns="http://www.garmin.com/xmlschemas/ActivityExtension/v2">
        <Speed>1.5</Speed>
       </TPX>
      </Extensions>
     </Trackpoint>
     <Trackpoint>
      <Time>2026-08-01T11:11:18Z</Time>
      <Position>
       <LatitudeDegrees>5.2338570</LatitudeDegrees>
       <LongitudeDegrees>100.4368930</LongitudeDegrees>
      </Position>
      <AltitudeMeters>5.4</AltitudeMeters>
      <DistanceMeters>341.5</DistanceMeters>
      <HeartRateBpm>
       <Value>133</Value>
      </HeartRateBpm>
      <Extensions>
       <TPX xmlns="http://www.garmin.com/xmlschemas/ActivityExtension/v2">
        <Speed>1.6</Speed>
       </TPX>
      </Extensions>
     </Trackpoint>
     <Trackpoint>
      <Time>2026-08-01T11:11:19Z</Time>
      <Position>
       <LatitudeDegrees>5.2338560</LatitudeDegrees>
       <LongitudeDegrees>100.4368840</LongitudeDegrees>
      </Position>
      <AltitudeMeters>5.4</AltitudeMeters>
      <DistanceMeters>342.5</DistanceMeters>
      <HeartRateBpm>
       <Value>133</Value>
      </HeartRateBpm>
      <Extensions>
       <TPX xmlns="http://www.garmin.com/xmlschemas/ActivityExtension/v2">
        <Speed>1.4</Speed>
       </TPX>
      </Extensions>
     </Trackpoint>
     <Trackpoint>
      <Time>2026-08-01T11:11:20Z</Time>
      <Position>
       <LatitudeDegrees>5.2338550</LatitudeDegrees>
       <LongitudeDegrees>100.4368720</LongitudeDegrees>
      </Position>
      <AltitudeMeters>5.4</AltitudeMeters>
      <DistanceMeters>343.8</DistanceMeters>
      <HeartRateBpm>
       <Value>133</Value>
      </HeartRateBpm>
      <Extensions>
       <TPX xmlns="http://www.garmin.com/xmlschemas/ActivityExtension/v2">
        <Speed>1.4</Speed>
       </TPX>
      </Extensions>
     </Trackpoint>
     <Trackpoint>
      <Time>2026-08-01T11:11:21Z</Time>
      <Position>
       <LatitudeDegrees>5.2338540</LatitudeDegrees>
       <LongitudeDegrees>100.4368590</LongitudeDegrees>
      </Position>
      <AltitudeMeters>5.4</AltitudeMeters>
      <DistanceMeters>345.2</DistanceMeters>
      <HeartRateBpm>
       <Value>133</Value>
      </HeartRateBpm>
      <Extensions>
       <TPX xmlns="http://www.garmin.com/xmlschemas/ActivityExtension/v2">
        <Speed>1.4</Speed>
       </TPX>
      </Extensions>
     </Trackpoint>
     <Trackpoint>
      <Time>2026-08-01T11:11:22Z</Time>
      <Position>
       <LatitudeDegrees>5.2338520</LatitudeDegrees>
       <LongitudeDegrees>100.4368470</LongitudeDegrees>
      </Position>
      <AltitudeMeters>5.5</AltitudeMeters>
      <DistanceMeters>346.6</DistanceMeters>
      <HeartRateBpm>
       <Value>134</Value>
      </HeartRateBpm>
      <Extensions>
       <TPX xmlns="http://www.garmin.com/xmlschemas/ActivityExtension/v2">
        <Speed>1.4</Speed>
       </TPX>
      </Extensions>
     </Trackpoint>
     <Trackpoint>
      <Time>2026-08-01T11:11:23Z</Time>
      <Position>
       <LatitudeDegrees>5.2338480</LatitudeDegrees>
       <LongitudeDegrees>100.4368350</LongitudeDegrees>
      </Position>
      <AltitudeMeters>5.5</AltitudeMeters>
      <DistanceMeters>348.0</DistanceMeters>
      <HeartRateBpm>
       <Value>133</Value>
      </HeartRateBpm>
      <Extensions>
       <TPX xmlns="http://www.garmin.com/xmlschemas/ActivityExtension/v2">
        <Speed>1.3</Speed>
       </TPX>
      </Extensions>
     </Trackpoint>
     <Trackpoint>
      <Time>2026-08-01T11:11:24Z</Time>
      <Position>
       <LatitudeDegrees>5.2338410</LatitudeDegrees>
       <LongitudeDegrees>100.4368180</LongitudeDegrees>
      </Position>
      <AltitudeMeters>5.5</AltitudeMeters>
      <DistanceMeters>348.0</DistanceMeters>
      <HeartRateBpm>
       <Value>133</Value>
      </HeartRateBpm>
      <Extensions>
       <TPX xmlns="http://www.garmin.com/xmlschemas/ActivityExtension/v2">
        <Speed>1.1</Speed>
       </TPX>
      </Extensions>
     </Trackpoint>
     <Trackpoint>
      <Time>2026-08-01T11:11:25Z</Time>
      <Position>
       <LatitudeDegrees>5.2338360</LatitudeDegrees>
       <LongitudeDegrees>100.4368090</LongitudeDegrees>
      </Position>
      <AltitudeMeters>5.5</AltitudeMeters>
      <DistanceMeters>351.2</DistanceMeters>
      <HeartRateBpm>
       <Value>133</Value>
      </HeartRateBpm>
      <Extensions>
       <TPX xmlns="http://www.garmin.com/xmlschemas/ActivityExtension/v2">
        <Speed>1.5</Speed>
       </TPX>
      </Extensions>
     </Trackpoint>
     <Trackpoint>
      <Time>2026-08-01T11:11:26Z</Time>
      <Position>
       <LatitudeDegrees>5.2338280</LatitudeDegrees>
       <LongitudeDegrees>100.4367980</LongitudeDegrees>
      </Position>
      <AltitudeMeters>5.5</AltitudeMeters>
      <DistanceMeters>351.2</DistanceMeters>
      <HeartRateBpm>
       <Value>133</Value>
      </HeartRateBpm>
      <Extensions>
       <TPX xmlns="http://www.garmin.com/xmlschemas/ActivityExtension/v2">
        <Speed>1.2</Speed>
       </TPX>
      </Extensions>
     </Trackpoint>
     <Trackpoint>
      <Time>2026-08-01T11:11:27Z</Time>
      <Position>
       <LatitudeDegrees>5.2338210</LatitudeDegrees>
       <LongitudeDegrees>100.4367860</LongitudeDegrees>
      </Position>
      <AltitudeMeters>5.5</AltitudeMeters>
      <DistanceMeters>354.2</DistanceMeters>
      <HeartRateBpm>
       <Value>133</Value>
      </HeartRateBpm>
      <Extensions>
       <TPX xmlns="http://www.garmin.com/xmlschemas/ActivityExtension/v2">
        <Speed>1.5</Speed>
       </TPX>
      </Extensions>
     </Trackpoint>
     <Trackpoint>
      <Time>2026-08-01T11:11:28Z</Time>
      <Position>
       <LatitudeDegrees>5.2338160</LatitudeDegrees>
       <LongitudeDegrees>100.4367730</LongitudeDegrees>
      </Position>
      <AltitudeMeters>5.5</AltitudeMeters>
      <DistanceMeters>354.2</DistanceMeters>
      <HeartRateBpm>
       <Value>133</Value>
      </HeartRateBpm>
      <Extensions>
       <TPX xmlns="http://www.garmin.com/xmlschemas/ActivityExtension/v2">
        <Speed>1.2</Speed>
       </TPX>
      </Extensions>
     </Trackpoint>
     <Trackpoint>
      <Time>2026-08-01T11:11:29Z</Time>
      <Position>
       <LatitudeDegrees>5.2338070</LatitudeDegrees>
       <LongitudeDegrees>100.4367480</LongitudeDegrees>
      </Position>
      <AltitudeMeters>5.5</AltitudeMeters>
      <DistanceMeters>357.3</DistanceMeters>
      <HeartRateBpm>
       <Value>133</Value>
      </HeartRateBpm>
      <Extensions>
       <TPX xmlns="http://www.garmin.com/xmlschemas/ActivityExtension/v2">
        <Speed>1.9</Speed>
       </TPX>
      </Extensions>
     </Trackpoint>
     <Trackpoint>
      <Time>2026-08-01T11:11:30Z</Time>
      <Position>
       <LatitudeDegrees>5.2338070</LatitudeDegrees>
       <LongitudeDegrees>100.4367480</LongitudeDegrees>
      </Position>
      <AltitudeMeters>5.5</AltitudeMeters>
      <DistanceMeters>357.3</DistanceMeters>
      <HeartRateBpm>
       <Value>133</Value>
      </HeartRateBpm>
      <Extensions>
       <TPX xmlns="http://www.garmin.com/xmlschemas/ActivityExtension/v2">
        <Speed>1.2</Speed>
       </TPX>
      </Extensions>
     </Trackpoint>
     <Trackpoint>
      <Time>2026-08-01T11:11:31Z</Time>
      <Position>
       <LatitudeDegrees>5.2338020</LatitudeDegrees>
       <LongitudeDegrees>100.4367290</LongitudeDegrees>
      </Position>
      <AltitudeMeters>5.5</AltitudeMeters>
      <DistanceMeters>360.9</DistanceMeters>
      <HeartRateBpm>
       <Value>133</Value>
      </HeartRateBpm>
      <Extensions>
       <TPX xmlns="http://www.garmin.com/xmlschemas/ActivityExtension/v2">
        <Speed>1.9</Speed>
       </TPX>
      </Extensions>
     </Trackpoint>
     <Trackpoint>
      <Time>2026-08-01T11:11:32Z</Time>
      <Position>
       <LatitudeDegrees>5.2337990</LatitudeDegrees>
       <LongitudeDegrees>100.4367190</LongitudeDegrees>
      </Position>
      <AltitudeMeters>5.5</AltitudeMeters>
      <DistanceMeters>360.9</DistanceMeters>
      <HeartRateBpm>
       <Value>133</Value>
      </HeartRateBpm>
      <Extensions>
       <TPX xmlns="http://www.garmin.com/xmlschemas/ActivityExtension/v2">
        <Speed>1.3</Speed>
       </TPX>
      </Extensions>
     </Trackpoint>
     <Trackpoint>
      <Time>2026-08-01T11:11:33Z</Time>
      <Position>
       <LatitudeDegrees>5.2337950</LatitudeDegrees>
       <LongitudeDegrees>100.4367070</LongitudeDegrees>
      </Position>
      <AltitudeMeters>5.5</AltitudeMeters>
      <DistanceMeters>360.9</DistanceMeters>
      <HeartRateBpm>
       <Value>133</Value>
      </HeartRateBpm>
      <Extensions>
       <TPX xmlns="http://www.garmin.com/xmlschemas/ActivityExtension/v2">
        <Speed>1.3</Speed>
       </TPX>
      </Extensions>
     </Trackpoint>
     <Trackpoint>
      <Time>2026-08-01T11:11:34Z</Time>
      <Position>
       <LatitudeDegrees>5.2337910</LatitudeDegrees>
       <LongitudeDegrees>100.4366940</LongitudeDegrees>
      </Position>
      <AltitudeMeters>5.5</AltitudeMeters>
      <DistanceMeters>364.9</DistanceMeters>
      <HeartRateBpm>
       <Value>133</Value>
      </HeartRateBpm>
      <Extensions>
       <TPX xmlns="http://www.garmin.com/xmlschemas/ActivityExtension/v2">
        <Speed>1.5</Speed>
       </TPX>
      </Extensions>
     </Trackpoint>
     <Trackpoint>
      <Time>2026-08-01T11:11:35Z</Time>
      <Position>
       <LatitudeDegrees>5.2337900</LatitudeDegrees>
       <LongitudeDegrees>100.4366810</LongitudeDegrees>
      </Position>
      <AltitudeMeters>5.5</AltitudeMeters>
      <DistanceMeters>366.4</DistanceMeters>
      <HeartRateBpm>
       <Value>133</Value>
      </HeartRateBpm>
      <Extensions>
       <TPX xmlns="http://www.garmin.com/xmlschemas/ActivityExtension/v2">
        <Speed>1.8</Speed>
       </TPX>
      </Extensions>
     </Trackpoint>
     <Trackpoint>
      <Time>2026-08-01T11:11:36Z</Time>
      <Position>
       <LatitudeDegrees>5.2337890</LatitudeDegrees>
       <LongitudeDegrees>100.4366680</LongitudeDegrees>
      </Position>
      <AltitudeMeters>5.5</AltitudeMeters>
      <DistanceMeters>367.8</DistanceMeters>
      <HeartRateBpm>
       <Value>133</Value>
      </HeartRateBpm>
      <Extensions>
       <TPX xmlns="http://www.garmin.com/xmlschemas/ActivityExtension/v2">
        <Speed>1.4</Speed>
       </TPX>
      </Extensions>
     </Trackpoint>
     <Trackpoint>
      <Time>2026-08-01T11:11:37Z</Time>
      <Position>
       <LatitudeDegrees>5.2337860</LatitudeDegrees>
       <LongitudeDegrees>100.4366550</LongitudeDegrees>
      </Position>
      <AltitudeMeters>5.5</AltitudeMeters>
      <DistanceMeters>369.3</DistanceMeters>
      <HeartRateBpm>
       <Value>133</Value>
      </HeartRateBpm>
      <Extensions>
       <TPX xmlns="http://www.garmin.com/xmlschemas/ActivityExtension/v2">
        <Speed>1.7</Speed>
       </TPX>
      </Extensions>
     </Trackpoint>
     <Trackpoint>
      <Time>2026-08-01T11:11:38Z</Time>
      <Position>
       <LatitudeDegrees>5.2337820</LatitudeDegrees>
       <LongitudeDegrees>100.4366370</LongitudeDegrees>
      </Position>
      <AltitudeMeters>5.5</AltitudeMeters>
      <DistanceMeters>369.3</DistanceMeters>
      <HeartRateBpm>
       <Value>133</Value>
      </HeartRateBpm>
      <Extensions>
       <TPX xmlns="http://www.garmin.com/xmlschemas/ActivityExtension/v2">
        <Speed>1.7</Speed>
       </TPX>
      </Extensions>
     </Trackpoint>
     <Trackpoint>
      <Time>2026-08-01T11:11:39Z</Time>
      <Position>
       <LatitudeDegrees>5.2337820</LatitudeDegrees>
       <LongitudeDegrees>100.4366280</LongitudeDegrees>
      </Position>
      <AltitudeMeters>5.5</AltitudeMeters>
      <DistanceMeters>372.4</DistanceMeters>
      <HeartRateBpm>
       <Value>133</Value>
      </HeartRateBpm>
      <Extensions>
       <TPX xmlns="http://www.garmin.com/xmlschemas/ActivityExtension/v2">
        <Speed>1.5</Speed>
       </TPX>
      </Extensions>
     </Trackpoint>
     <Trackpoint>
      <Time>2026-08-01T11:11:40Z</Time>
      <Position>
       <LatitudeDegrees>5.2337820</LatitudeDegrees>
       <LongitudeDegrees>100.4366170</LongitudeDegrees>
      </Position>
      <AltitudeMeters>5.5</AltitudeMeters>
      <DistanceMeters>372.4</DistanceMeters>
      <HeartRateBpm>
       <Value>133</Value>
      </HeartRateBpm>
      <Extensions>
       <TPX xmlns="http://www.garmin.com/xmlschemas/ActivityExtension/v2">
        <Speed>1.2</Speed>
       </TPX>
      </Extensions>
     </Trackpoint>
     <Trackpoint>
      <Time>2026-08-01T11:11:41Z</Time>
      <Position>
       <LatitudeDegrees>5.2337810</LatitudeDegrees>
       <LongitudeDegrees>100.4366050</LongitudeDegrees>
      </Position>
      <AltitudeMeters>5.5</AltitudeMeters>
      <DistanceMeters>372.4</DistanceMeters>
      <HeartRateBpm>
       <Value>133</Value>
      </HeartRateBpm>
      <Extensions>
       <TPX xmlns="http://www.garmin.com/xmlschemas/ActivityExtension/v2">
        <Speed>0.9</Speed>
       </TPX>
      </Extensions>
     </Trackpoint>
     <Trackpoint>
      <Time>2026-08-01T11:11:42Z</Time>
      <Position>
       <LatitudeDegrees>5.2337770</LatitudeDegrees>
       <LongitudeDegrees>100.4365940</LongitudeDegrees>
      </Position>
      <AltitudeMeters>5.5</AltitudeMeters>
      <DistanceMeters>376.1</DistanceMeters>
      <HeartRateBpm>
       <Value>133</Value>
      </HeartRateBpm>
      <Extensions>
       <TPX xmlns="http://www.garmin.com/xmlschemas/ActivityExtension/v2">
        <Speed>1.4</Speed>
       </TPX>
      </Extensions>
     </Trackpoint>
     <Trackpoint>
      <Time>2026-08-01T11:11:43Z</Time>
      <Position>
       <LatitudeDegrees>5.2337690</LatitudeDegrees>
       <LongitudeDegrees>100.4365830</LongitudeDegrees>
      </Position>
      <AltitudeMeters>5.5</AltitudeMeters>
      <DistanceMeters>376.1</DistanceMeters>
      <HeartRateBpm>
       <Value>133</Value>
      </HeartRateBpm>
      <Extensions>
       <TPX xmlns="http://www.garmin.com/xmlschemas/ActivityExtension/v2">
        <Speed>1.4</Speed>
       </TPX>
      </Extensions>
     </Trackpoint>
     <Trackpoint>
      <Time>2026-08-01T11:11:44Z</Time>
      <Position>
       <LatitudeDegrees>5.2337590</LatitudeDegrees>
       <LongitudeDegrees>100.4365690</LongitudeDegrees>
      </Position>
      <AltitudeMeters>5.5</AltitudeMeters>
      <DistanceMeters>379.5</DistanceMeters>
      <HeartRateBpm>
       <Value>133</Value>
      </HeartRateBpm>
      <Extensions>
       <TPX xmlns="http://www.garmin.com/xmlschemas/ActivityExtension/v2">
        <Speed>1.4</Speed>
       </TPX>
      </Extensions>
     </Trackpoint>
     <Trackpoint>
      <Time>2026-08-01T11:11:45Z</Time>
      <Position>
       <LatitudeDegrees>5.2337560</LatitudeDegrees>
       <LongitudeDegrees>100.4365600</LongitudeDegrees>
      </Position>
      <AltitudeMeters>5.5</AltitudeMeters>
      <DistanceMeters>379.5</DistanceMeters>
      <HeartRateBpm>
       <Value>133</Value>
      </HeartRateBpm>
      <Extensions>
       <TPX xmlns="http://www.garmin.com/xmlschemas/ActivityExtension/v2">
        <Speed>1.4</Speed>
       </TPX>
      </Extensions>
     </Trackpoint>
     <Trackpoint>
      <Time>2026-08-01T11:11:46Z</Time>
      <Position>
       <LatitudeDegrees>5.2337500</LatitudeDegrees>
       <LongitudeDegrees>100.4365490</LongitudeDegrees>
      </Position>
      <AltitudeMeters>5.5</AltitudeMeters>
      <DistanceMeters>379.5</DistanceMeters>
      <HeartRateBpm>
       <Value>132</Value>
      </HeartRateBpm>
      <Extensions>
       <TPX xmlns="http://www.garmin.com/xmlschemas/ActivityExtension/v2">
        <Speed>1.4</Speed>
       </TPX>
      </Extensions>
     </Trackpoint>
     <Trackpoint>
      <Time>2026-08-01T11:11:47Z</Time>
      <Position>
       <LatitudeDegrees>5.2337460</LatitudeDegrees>
       <LongitudeDegrees>100.4365370</LongitudeDegrees>
      </Position>
      <AltitudeMeters>5.5</AltitudeMeters>
      <DistanceMeters>383.3</DistanceMeters>
      <HeartRateBpm>
       <Value>132</Value>
      </HeartRateBpm>
      <Extensions>
       <TPX xmlns="http://www.garmin.com/xmlschemas/ActivityExtension/v2">
        <Speed>1.4</Speed>
       </TPX>
      </Extensions>
     </Trackpoint>
     <Trackpoint>
      <Time>2026-08-01T11:11:48Z</Time>
      <Position>
       <LatitudeDegrees>5.2337410</LatitudeDegrees>
       <LongitudeDegrees>100.4365250</LongitudeDegrees>
      </Position>
      <AltitudeMeters>5.5</AltitudeMeters>
      <DistanceMeters>384.7</DistanceMeters>
      <HeartRateBpm>
       <Value>133</Value>
      </HeartRateBpm>
      <Extensions>
       <TPX xmlns="http://www.garmin.com/xmlschemas/ActivityExtension/v2">
        <Speed>1.7</Speed>
       </TPX>
      </Extensions>
     </Trackpoint>
     <Trackpoint>
      <Time>2026-08-01T11:11:49Z</Time>
      <Position>
       <LatitudeDegrees>5.2337380</LatitudeDegrees>
       <LongitudeDegrees>100.4365120</LongitudeDegrees>
      </Position>
      <AltitudeMeters>5.5</AltitudeMeters>
      <DistanceMeters>386.2</DistanceMeters>
      <HeartRateBpm>
       <Value>133</Value>
      </HeartRateBpm>
      <Extensions>
       <TPX xmlns="http://www.garmin.com/xmlschemas/ActivityExtension/v2">
        <Speed>1.3</Speed>
       </TPX>
      </Extensions>
     </Trackpoint>
     <Trackpoint>
      <Time>2026-08-01T11:11:50Z</Time>
      <Position>
       <LatitudeDegrees>5.2337340</LatitudeDegrees>
       <LongitudeDegrees>100.4364990</LongitudeDegrees>
      </Position>
      <AltitudeMeters>5.5</AltitudeMeters>
      <DistanceMeters>387.7</DistanceMeters>
      <HeartRateBpm>
       <Value>133</Value>
      </HeartRateBpm>
      <Extensions>
       <TPX xmlns="http://www.garmin.com/xmlschemas/ActivityExtension/v2">
        <Speed>1.6</Speed>
       </TPX>
      </Extensions>
     </Trackpoint>
     <Trackpoint>
      <Time>2026-08-01T11:11:51Z</Time>
      <Position>
       <LatitudeDegrees>5.2337300</LatitudeDegrees>
       <LongitudeDegrees>100.4364800</LongitudeDegrees>
      </Position>
      <AltitudeMeters>5.5</AltitudeMeters>
      <DistanceMeters>387.7</DistanceMeters>
      <HeartRateBpm>
       <Value>133</Value>
      </HeartRateBpm>
      <Extensions>
       <TPX xmlns="http://www.garmin.com/xmlschemas/ActivityExtension/v2">
        <Speed>1.6</Speed>
       </TPX>
      </Extensions>
     </Trackpoint>
     <Trackpoint>
      <Time>2026-08-01T11:11:52Z</Time>
      <Position>
       <LatitudeDegrees>5.2337280</LatitudeDegrees>
       <LongitudeDegrees>100.4364690</LongitudeDegrees>
      </Position>
      <AltitudeMeters>5.5</AltitudeMeters>
      <DistanceMeters>391.1</DistanceMeters>
      <HeartRateBpm>
       <Value>133</Value>
      </HeartRateBpm>
      <Extensions>
       <TPX xmlns="http://www.garmin.com/xmlschemas/ActivityExtension/v2">
        <Speed>1.6</Speed>
       </TPX>
      </Extensions>
     </Trackpoint>
     <Trackpoint>
      <Time>2026-08-01T11:11:53Z</Time>
      <Position>
       <LatitudeDegrees>5.2337250</LatitudeDegrees>
       <LongitudeDegrees>100.4364560</LongitudeDegrees>
      </Position>
      <AltitudeMeters>5.5</AltitudeMeters>
      <DistanceMeters>391.1</DistanceMeters>
      <HeartRateBpm>
       <Value>133</Value>
      </HeartRateBpm>
      <Extensions>
       <TPX xmlns="http://www.garmin.com/xmlschemas/ActivityExtension/v2">
        <Speed>1.3</Speed>
       </TPX>
      </Extensions>
     </Trackpoint>
     <Trackpoint>
      <Time>2026-08-01T11:11:54Z</Time>
      <Position>
       <LatitudeDegrees>5.2337230</LatitudeDegrees>
       <LongitudeDegrees>100.4364430</LongitudeDegrees>
      </Position>
      <AltitudeMeters>5.5</AltitudeMeters>
      <DistanceMeters>394.1</DistanceMeters>
      <HeartRateBpm>
       <Value>134</Value>
      </HeartRateBpm>
      <Extensions>
       <TPX xmlns="http://www.garmin.com/xmlschemas/ActivityExtension/v2">
        <Speed>1.6</Speed>
       </TPX>
      </Extensions>
     </Trackpoint>
     <Trackpoint>
      <Time>2026-08-01T11:11:55Z</Time>
      <Position>
       <LatitudeDegrees>5.2337220</LatitudeDegrees>
       <LongitudeDegrees>100.4364290</LongitudeDegrees>
      </Position>
      <AltitudeMeters>5.5</AltitudeMeters>
      <DistanceMeters>394.1</DistanceMeters>
      <HeartRateBpm>
       <Value>134</Value>
      </HeartRateBpm>
      <Extensions>
       <TPX xmlns="http://www.garmin.com/xmlschemas/ActivityExtension/v2">
        <Speed>1.3</Speed>
       </TPX>
      </Extensions>
     </Trackpoint>
     <Trackpoint>
      <Time>2026-08-01T11:11:56Z</Time>
      <Position>
       <LatitudeDegrees>5.2337200</LatitudeDegrees>
       <LongitudeDegrees>100.4364150</LongitudeDegrees>
      </Position>
      <AltitudeMeters>5.5</AltitudeMeters>
      <DistanceMeters>397.2</DistanceMeters>
      <HeartRateBpm>
       <Value>134</Value>
      </HeartRateBpm>
      <Extensions>
       <TPX xmlns="http://www.garmin.com/xmlschemas/ActivityExtension/v2">
        <Speed>1.9</Speed>
       </TPX>
      </Extensions>
     </Trackpoint>
     <Trackpoint>
      <Time>2026-08-01T11:11:57Z</Time>
      <Position>
       <LatitudeDegrees>5.2337190</LatitudeDegrees>
       <LongitudeDegrees>100.4364020</LongitudeDegrees>
      </Position>
      <AltitudeMeters>5.5</AltitudeMeters>
      <DistanceMeters>397.2</DistanceMeters>
      <HeartRateBpm>
       <Value>134</Value>
      </HeartRateBpm>
      <Extensions>
       <TPX xmlns="http://www.garmin.com/xmlschemas/ActivityExtension/v2">
        <Speed>1.2</Speed>
       </TPX>
      </Extensions>
     </Trackpoint>
     <Trackpoint>
      <Time>2026-08-01T11:11:58Z</Time>
      <Position>
       <LatitudeDegrees>5.2337160</LatitudeDegrees>
       <LongitudeDegrees>100.4363840</LongitudeDegrees>
      </Position>
      <AltitudeMeters>5.5</AltitudeMeters>
      <DistanceMeters>400.7</DistanceMeters>
      <HeartRateBpm>
       <Value>134</Value>
      </HeartRateBpm>
      <Extensions>
       <TPX xmlns="http://www.garmin.com/xmlschemas/ActivityExtension/v2">
        <Speed>1.9</Speed>
       </TPX>
      </Extensions>
     </Trackpoint>
     <Trackpoint>
      <Time>2026-08-01T11:11:59Z</Time>
      <Position>
       <LatitudeDegrees>5.2337150</LatitudeDegrees>
       <LongitudeDegrees>100.4363750</LongitudeDegrees>
      </Position>
      <AltitudeMeters>5.5</AltitudeMeters>
      <DistanceMeters>400.7</DistanceMeters>
      <HeartRateBpm>
       <Value>134</Value>
      </HeartRateBpm>
      <Extensions>
       <TPX xmlns="http://www.garmin.com/xmlschemas/ActivityExtension/v2">
        <Speed>1.3</Speed>
       </TPX>
      </Extensions>
     </Trackpoint>
     <Trackpoint>
      <Time>2026-08-01T11:12:00Z</Time>
      <Position>
       <LatitudeDegrees>5.2337120</LatitudeDegrees>
       <LongitudeDegrees>100.4363620</LongitudeDegrees>
      </Position>
      <AltitudeMeters>5.5</AltitudeMeters>
      <DistanceMeters>400.7</DistanceMeters>
      <HeartRateBpm>
       <Value>133</Value>
      </HeartRateBpm>
      <Extensions>
       <TPX xmlns="http://www.garmin.com/xmlschemas/ActivityExtension/v2">
        <Speed>1.3</Speed>
       </TPX>
      </Extensions>
     </Trackpoint>
     <Trackpoint>
      <Time>2026-08-01T11:12:01Z</Time>
      <Position>
       <LatitudeDegrees>5.2337110</LatitudeDegrees>
       <LongitudeDegrees>100.4363480</LongitudeDegrees>
      </Position>
      <AltitudeMeters>5.5</AltitudeMeters>
      <DistanceMeters>404.6</DistanceMeters>
      <HeartRateBpm>
       <Value>133</Value>
      </HeartRateBpm>
      <Extensions>
       <TPX xmlns="http://www.garmin.com/xmlschemas/ActivityExtension/v2">
        <Speed>1.5</Speed>
       </TPX>
      </Extensions>
     </Trackpoint>
     <Trackpoint>
      <Time>2026-08-01T11:12:02Z</Time>
      <Position>
       <LatitudeDegrees>5.2337100</LatitudeDegrees>
       <LongitudeDegrees>100.4363350</LongitudeDegrees>
      </Position>
      <AltitudeMeters>5.5</AltitudeMeters>
      <DistanceMeters>406.1</DistanceMeters>
      <HeartRateBpm>
       <Value>133</Value>
      </HeartRateBpm>
      <Extensions>
       <TPX xmlns="http://www.garmin.com/xmlschemas/ActivityExtension/v2">
        <Speed>1.8</Speed>
       </TPX>
      </Extensions>
     </Trackpoint>
     <Trackpoint>
      <Time>2026-08-01T11:12:03Z</Time>
      <Position>
       <LatitudeDegrees>5.2337100</LatitudeDegrees>
       <LongitudeDegrees>100.4363230</LongitudeDegrees>
      </Position>
      <AltitudeMeters>5.5</AltitudeMeters>
      <DistanceMeters>407.4</DistanceMeters>
      <HeartRateBpm>
       <Value>133</Value>
      </HeartRateBpm>
      <Extensions>
       <TPX xmlns="http://www.garmin.com/xmlschemas/ActivityExtension/v2">
        <Speed>1.3</Speed>
       </TPX>
      </Extensions>
     </Trackpoint>
     <Trackpoint>
      <Time>2026-08-01T11:12:04Z</Time>
      <Position>
       <LatitudeDegrees>5.2337100</LatitudeDegrees>
       <LongitudeDegrees>100.4363110</LongitudeDegrees>
      </Position>
      <AltitudeMeters>5.5</AltitudeMeters>
      <DistanceMeters>408.8</DistanceMeters>
      <HeartRateBpm>
       <Value>133</Value>
      </HeartRateBpm>
      <Extensions>
       <TPX xmlns="http://www.garmin.com/xmlschemas/ActivityExtension/v2">
        <Speed>1.6</Speed>
       </TPX>
      </Extensions>
     </Trackpoint>
     <Trackpoint>
      <Time>2026-08-01T11:12:05Z</Time>
      <Position>
       <LatitudeDegrees>5.2337100</LatitudeDegrees>
       <LongitudeDegrees>100.4362930</LongitudeDegrees>
      </Position>
      <AltitudeMeters>5.5</AltitudeMeters>
      <DistanceMeters>408.8</DistanceMeters>
      <HeartRateBpm>
       <Value>133</Value>
      </HeartRateBpm>
      <Extensions>
       <TPX xmlns="http://www.garmin.com/xmlschemas/ActivityExtension/v2">
        <Speed>1.6</Speed>
       </TPX>
      </Extensions>
     </Trackpoint>
     <Trackpoint>
      <Time>2026-08-01T11:12:06Z</Time>
      <Position>
       <LatitudeDegrees>5.2337080</LatitudeDegrees>
       <LongitudeDegrees>100.4362830</LongitudeDegrees>
      </Position>
      <AltitudeMeters>5.5</AltitudeMeters>
      <DistanceMeters>411.9</DistanceMeters>
      <HeartRateBpm>
       <Value>132</Value>
      </HeartRateBpm>
      <Extensions>
       <TPX xmlns="http://www.garmin.com/xmlschemas/ActivityExtension/v2">
        <Speed>1.5</Speed>
       </TPX>
      </Extensions>
     </Trackpoint>
     <Trackpoint>
      <Time>2026-08-01T11:12:07Z</Time>
      <Position>
       <LatitudeDegrees>5.2337040</LatitudeDegrees>
       <LongitudeDegrees>100.4362710</LongitudeDegrees>
      </Position>
      <AltitudeMeters>5.5</AltitudeMeters>
      <DistanceMeters>413.3</DistanceMeters>
      <HeartRateBpm>
       <Value>132</Value>
      </HeartRateBpm>
      <Extensions>
       <TPX xmlns="http://www.garmin.com/xmlschemas/ActivityExtension/v2">
        <Speed>1.4</Speed>
       </TPX>
      </Extensions>
     </Trackpoint>
     <Trackpoint>
      <Time>2026-08-01T11:12:08Z</Time>
      <Position>
       <LatitudeDegrees>5.2337000</LatitudeDegrees>
       <LongitudeDegrees>100.4362580</LongitudeDegrees>
      </Position>
      <AltitudeMeters>5.5</AltitudeMeters>
      <DistanceMeters>414.8</DistanceMeters>
      <HeartRateBpm>
       <Value>132</Value>
      </HeartRateBpm>
      <Extensions>
       <TPX xmlns="http://www.garmin.com/xmlschemas/ActivityExtension/v2">
        <Speed>1.5</Speed>
       </TPX>
      </Extensions>
     </Trackpoint>
     <Trackpoint>
      <Time>2026-08-01T11:12:09Z</Time>
      <Position>
       <LatitudeDegrees>5.2336960</LatitudeDegrees>
       <LongitudeDegrees>100.4362440</LongitudeDegrees>
      </Position>
      <AltitudeMeters>5.5</AltitudeMeters>
      <DistanceMeters>416.4</DistanceMeters>
      <HeartRateBpm>
       <Value>131</Value>
      </HeartRateBpm>
      <Extensions>
       <TPX xmlns="http://www.garmin.com/xmlschemas/ActivityExtension/v2">
        <Speed>1.5</Speed>
       </TPX>
      </Extensions>
     </Trackpoint>
     <Trackpoint>
      <Time>2026-08-01T11:12:10Z</Time>
      <Position>
       <LatitudeDegrees>5.2336910</LatitudeDegrees>
       <LongitudeDegrees>100.4362300</LongitudeDegrees>
      </Position>
      <AltitudeMeters>5.5</AltitudeMeters>
      <DistanceMeters>416.4</DistanceMeters>
      <HeartRateBpm>
       <Value>130</Value>
      </HeartRateBpm>
      <Extensions>
       <TPX xmlns="http://www.garmin.com/xmlschemas/ActivityExtension/v2">
        <Speed>1.5</Speed>
       </TPX>
      </Extensions>
     </Trackpoint>
     <Trackpoint>
      <Time>2026-08-01T11:12:11Z</Time>
      <Position>
       <LatitudeDegrees>5.2336860</LatitudeDegrees>
       <LongitudeDegrees>100.4362170</LongitudeDegrees>
      </Position>
      <AltitudeMeters>5.5</AltitudeMeters>
      <DistanceMeters>419.7</DistanceMeters>
      <HeartRateBpm>
       <Value>129</Value>
      </HeartRateBpm>
      <Extensions>
       <TPX xmlns="http://www.garmin.com/xmlschemas/ActivityExtension/v2">
        <Speed>1.6</Speed>
       </TPX>
      </Extensions>
     </Trackpoint>
     <Trackpoint>
      <Time>2026-08-01T11:12:12Z</Time>
      <Position>
       <LatitudeDegrees>5.2336800</LatitudeDegrees>
       <LongitudeDegrees>100.4361980</LongitudeDegrees>
      </Position>
      <AltitudeMeters>5.5</AltitudeMeters>
      <DistanceMeters>419.7</DistanceMeters>
      <HeartRateBpm>
       <Value>129</Value>
      </HeartRateBpm>
      <Extensions>
       <TPX xmlns="http://www.garmin.com/xmlschemas/ActivityExtension/v2">
        <Speed>1.3</Speed>
       </TPX>
      </Extensions>
     </Trackpoint>
     <Trackpoint>
      <Time>2026-08-01T11:12:13Z</Time>
      <Position>
       <LatitudeDegrees>5.2336780</LatitudeDegrees>
       <LongitudeDegrees>100.4361890</LongitudeDegrees>
      </Position>
      <AltitudeMeters>5.5</AltitudeMeters>
      <DistanceMeters>422.8</DistanceMeters>
      <HeartRateBpm>
       <Value>128</Value>
      </HeartRateBpm>
      <Extensions>
       <TPX xmlns="http://www.garmin.com/xmlschemas/ActivityExtension/v2">
        <Speed>1.6</Speed>
       </TPX>
      </Extensions>
     </Trackpoint>
     <Trackpoint>
      <Time>2026-08-01T11:12:14Z</Time>
      <Position>
       <LatitudeDegrees>5.2336750</LatitudeDegrees>
       <LongitudeDegrees>100.4361770</LongitudeDegrees>
      </Position>
      <AltitudeMeters>5.5</AltitudeMeters>
      <DistanceMeters>424.2</DistanceMeters>
      <HeartRateBpm>
       <Value>128</Value>
      </HeartRateBpm>
      <Extensions>
       <TPX xmlns="http://www.garmin.com/xmlschemas/ActivityExtension/v2">
        <Speed>1.6</Speed>
       </TPX>
      </Extensions>
     </Trackpoint>
     <Trackpoint>
      <Time>2026-08-01T11:12:15Z</Time>
      <Position>
       <LatitudeDegrees>5.2336710</LatitudeDegrees>
       <LongitudeDegrees>100.4361650</LongitudeDegrees>
      </Position>
      <AltitudeMeters>5.5</AltitudeMeters>
      <DistanceMeters>425.6</DistanceMeters>
      <HeartRateBpm>
       <Value>128</Value>
      </HeartRateBpm>
      <Extensions>
       <TPX xmlns="http://www.garmin.com/xmlschemas/ActivityExtension/v2">
        <Speed>1.8</Speed>
       </TPX>
      </Extensions>
     </Trackpoint>
     <Trackpoint>
      <Time>2026-08-01T11:12:16Z</Time>
      <Position>
       <LatitudeDegrees>5.2336690</LatitudeDegrees>
       <LongitudeDegrees>100.4361530</LongitudeDegrees>
      </Position>
      <AltitudeMeters>5.5</AltitudeMeters>
      <DistanceMeters>427.0</DistanceMeters>
      <HeartRateBpm>
       <Value>128</Value>
      </HeartRateBpm>
      <Extensions>
       <TPX xmlns="http://www.garmin.com/xmlschemas/ActivityExtension/v2">
        <Speed>1.5</Speed>
       </TPX>
      </Extensions>
     </Trackpoint>
     <Trackpoint>
      <Time>2026-08-01T11:12:17Z</Time>
      <Position>
       <LatitudeDegrees>5.2336660</LatitudeDegrees>
       <LongitudeDegrees>100.4361400</LongitudeDegrees>
      </Position>
      <AltitudeMeters>5.5</AltitudeMeters>
      <DistanceMeters>428.5</DistanceMeters>
      <HeartRateBpm>
       <Value>128</Value>
      </HeartRateBpm>
      <Extensions>
       <TPX xmlns="http://www.garmin.com/xmlschemas/ActivityExtension/v2">
        <Speed>1.8</Speed>
       </TPX>
      </Extensions>
     </Trackpoint>
     <Trackpoint>
      <Time>2026-08-01T11:12:18Z</Time>
      <Position>
       <LatitudeDegrees>5.2336610</LatitudeDegrees>
       <LongitudeDegrees>100.4361280</LongitudeDegrees>
      </Position>
      <AltitudeMeters>5.5</AltitudeMeters>
      <DistanceMeters>429.9</DistanceMeters>
      <HeartRateBpm>
       <Value>128</Value>
      </HeartRateBpm>
      <Extensions>
       <TPX xmlns="http://www.garmin.com/xmlschemas/ActivityExtension/v2">
        <Speed>1.4</Speed>
       </TPX>
      </Extensions>
     </Trackpoint>
     <Trackpoint>
      <Time>2026-08-01T11:12:19Z</Time>
      <Position>
       <LatitudeDegrees>5.2336550</LatitudeDegrees>
       <LongitudeDegrees>100.4361160</LongitudeDegrees>
      </Position>
      <AltitudeMeters>5.5</AltitudeMeters>
      <DistanceMeters>431.4</DistanceMeters>
      <HeartRateBpm>
       <Value>128</Value>
      </HeartRateBpm>
      <Extensions>
       <TPX xmlns="http://www.garmin.com/xmlschemas/ActivityExtension/v2">
        <Speed>1.4</Speed>
       </TPX>
      </Extensions>
     </Trackpoint>
     <Trackpoint>
      <Time>2026-08-01T11:12:20Z</Time>
      <Position>
       <LatitudeDegrees>5.2336480</LatitudeDegrees>
       <LongitudeDegrees>100.4361040</LongitudeDegrees>
      </Position>
      <AltitudeMeters>5.5</AltitudeMeters>
      <DistanceMeters>431.4</DistanceMeters>
      <HeartRateBpm>
       <Value>128</Value>
      </HeartRateBpm>
      <Extensions>
       <TPX xmlns="http://www.garmin.com/xmlschemas/ActivityExtension/v2">
        <Speed>1.2</Speed>
       </TPX>
      </Extensions>
     </Trackpoint>
     <Trackpoint>
      <Time>2026-08-01T11:12:21Z</Time>
      <Position>
       <LatitudeDegrees>5.2336420</LatitudeDegrees>
       <LongitudeDegrees>100.4360910</LongitudeDegrees>
      </Position>
      <AltitudeMeters>5.5</AltitudeMeters>
      <DistanceMeters>434.5</DistanceMeters>
      <HeartRateBpm>
       <Value>129</Value>
      </HeartRateBpm>
      <Extensions>
       <TPX xmlns="http://www.garmin.com/xmlschemas/ActivityExtension/v2">
        <Speed>1.5</Speed>
       </TPX>
      </Extensions>
     </Trackpoint>
     <Trackpoint>
      <Time>2026-08-01T11:12:22Z</Time>
      <Position>
       <LatitudeDegrees>5.2336360</LatitudeDegrees>
       <LongitudeDegrees>100.4360780</LongitudeDegrees>
      </Position>
      <AltitudeMeters>5.5</AltitudeMeters>
      <DistanceMeters>434.5</DistanceMeters>
      <HeartRateBpm>
       <Value>129</Value>
      </HeartRateBpm>
      <Extensions>
       <TPX xmlns="http://www.garmin.com/xmlschemas/ActivityExtension/v2">
        <Speed>1.2</Speed>
       </TPX>
      </Extensions>
     </Trackpoint>
     <Trackpoint>
      <Time>2026-08-01T11:12:23Z</Time>
      <Position>
       <LatitudeDegrees>5.2336280</LatitudeDegrees>
       <LongitudeDegrees>100.4360600</LongitudeDegrees>
      </Position>
      <AltitudeMeters>5.5</AltitudeMeters>
      <DistanceMeters>438.2</DistanceMeters>
      <HeartRateBpm>
       <Value>129</Value>
      </HeartRateBpm>
      <Extensions>
       <TPX xmlns="http://www.garmin.com/xmlschemas/ActivityExtension/v2">
        <Speed>1.7</Speed>
       </TPX>
      </Extensions>
     </Trackpoint>
     <Trackpoint>
      <Time>2026-08-01T11:12:24Z</Time>
      <Position>
       <LatitudeDegrees>5.2336270</LatitudeDegrees>
       <LongitudeDegrees>100.4360510</LongitudeDegrees>
      </Position>
      <AltitudeMeters>5.5</AltitudeMeters>
      <DistanceMeters>438.2</DistanceMeters>
      <HeartRateBpm>
       <Value>129</Value>
      </HeartRateBpm>
      <Extensions>
       <TPX xmlns="http://www.garmin.com/xmlschemas/ActivityExtension/v2">
        <Speed>1.4</Speed>
       </TPX>
      </Extensions>
     </Trackpoint>
     <Trackpoint>
      <Time>2026-08-01T11:12:25Z</Time>
      <Position>
       <LatitudeDegrees>5.2336250</LatitudeDegrees>
       <LongitudeDegrees>100.4360380</LongitudeDegrees>
      </Position>
      <AltitudeMeters>5.5</AltitudeMeters>
      <DistanceMeters>438.2</DistanceMeters>
      <HeartRateBpm>
       <Value>129</Value>
      </HeartRateBpm>
      <Extensions>
       <TPX xmlns="http://www.garmin.com/xmlschemas/ActivityExtension/v2">
        <Speed>1.4</Speed>
       </TPX>
      </Extensions>
     </Trackpoint>
     <Trackpoint>
      <Time>2026-08-01T11:12:26Z</Time>
      <Position>
       <LatitudeDegrees>5.2336230</LatitudeDegrees>
       <LongitudeDegrees>100.4360250</LongitudeDegrees>
      </Position>
      <AltitudeMeters>5.5</AltitudeMeters>
      <DistanceMeters>442.1</DistanceMeters>
      <HeartRateBpm>
       <Value>130</Value>
      </HeartRateBpm>
      <Extensions>
       <TPX xmlns="http://www.garmin.com/xmlschemas/ActivityExtension/v2">
        <Speed>1.5</Speed>
       </TPX>
      </Extensions>
     </Trackpoint>
     <Trackpoint>
      <Time>2026-08-01T11:12:27Z</Time>
      <Position>
       <LatitudeDegrees>5.2336200</LatitudeDegrees>
       <LongitudeDegrees>100.4360120</LongitudeDegrees>
      </Position>
      <AltitudeMeters>5.5</AltitudeMeters>
      <DistanceMeters>443.6</DistanceMeters>
      <HeartRateBpm>
       <Value>130</Value>
      </HeartRateBpm>
      <Extensions>
       <TPX xmlns="http://www.garmin.com/xmlschemas/ActivityExtension/v2">
        <Speed>1.8</Speed>
       </TPX>
      </Extensions>
     </Trackpoint>
     <Trackpoint>
      <Time>2026-08-01T11:12:28Z</Time>
      <Position>
       <LatitudeDegrees>5.2336170</LatitudeDegrees>
       <LongitudeDegrees>100.4359990</LongitudeDegrees>
      </Position>
      <AltitudeMeters>5.5</AltitudeMeters>
      <DistanceMeters>445.1</DistanceMeters>
      <HeartRateBpm>
       <Value>130</Value>
      </HeartRateBpm>
      <Extensions>
       <TPX xmlns="http://www.garmin.com/xmlschemas/ActivityExtension/v2">
        <Speed>1.4</Speed>
       </TPX>
      </Extensions>
     </Trackpoint>
     <Trackpoint>
      <Time>2026-08-01T11:12:29Z</Time>
      <Position>
       <LatitudeDegrees>5.2336150</LatitudeDegrees>
       <LongitudeDegrees>100.4359870</LongitudeDegrees>
      </Position>
      <AltitudeMeters>5.5</AltitudeMeters>
      <DistanceMeters>446.4</DistanceMeters>
      <HeartRateBpm>
       <Value>130</Value>
      </HeartRateBpm>
      <Extensions>
       <TPX xmlns="http://www.garmin.com/xmlschemas/ActivityExtension/v2">
        <Speed>1.6</Speed>
       </TPX>
      </Extensions>
     </Trackpoint>
     <Trackpoint>
      <Time>2026-08-01T11:12:30Z</Time>
      <Position>
       <LatitudeDegrees>5.2336110</LatitudeDegrees>
       <LongitudeDegrees>100.4359710</LongitudeDegrees>
      </Position>
      <AltitudeMeters>5.5</AltitudeMeters>
      <DistanceMeters>446.4</DistanceMeters>
      <HeartRateBpm>
       <Value>130</Value>
      </HeartRateBpm>
      <Extensions>
       <TPX xmlns="http://www.garmin.com/xmlschemas/ActivityExtension/v2">
        <Speed>1.6</Speed>
       </TPX>
      </Extensions>
     </Trackpoint>
     <Trackpoint>
      <Time>2026-08-01T11:12:31Z</Time>
      <Position>
       <LatitudeDegrees>5.2336110</LatitudeDegrees>
       <LongitudeDegrees>100.4359600</LongitudeDegrees>
      </Position>
      <AltitudeMeters>5.5</AltitudeMeters>
      <DistanceMeters>449.4</DistanceMeters>
      <HeartRateBpm>
       <Value>130</Value>
      </HeartRateBpm>
      <Extensions>
       <TPX xmlns="http://www.garmin.com/xmlschemas/ActivityExtension/v2">
        <Speed>1.5</Speed>
       </TPX>
      </Extensions>
     </Trackpoint>
     <Trackpoint>
      <Time>2026-08-01T11:12:32Z</Time>
      <Position>
       <LatitudeDegrees>5.2336110</LatitudeDegrees>
       <LongitudeDegrees>100.4359470</LongitudeDegrees>
      </Position>
      <AltitudeMeters>5.5</AltitudeMeters>
      <DistanceMeters>450.9</DistanceMeters>
      <HeartRateBpm>
       <Value>130</Value>
      </HeartRateBpm>
      <Extensions>
       <TPX xmlns="http://www.garmin.com/xmlschemas/ActivityExtension/v2">
        <Speed>1.5</Speed>
       </TPX>
      </Extensions>
     </Trackpoint>
     <Trackpoint>
      <Time>2026-08-01T11:12:33Z</Time>
      <Position>
       <LatitudeDegrees>5.2336100</LatitudeDegrees>
       <LongitudeDegrees>100.4359210</LongitudeDegrees>
      </Position>
      <AltitudeMeters>5.5</AltitudeMeters>
      <DistanceMeters>453.8</DistanceMeters>
      <HeartRateBpm>
       <Value>130</Value>
      </HeartRateBpm>
      <Extensions>
       <TPX xmlns="http://www.garmin.com/xmlschemas/ActivityExtension/v2">
        <Speed>1.8</Speed>
       </TPX>
      </Extensions>
     </Trackpoint>
     <Trackpoint>
      <Time>2026-08-01T11:12:34Z</Time>
      <Position>
       <LatitudeDegrees>5.2336100</LatitudeDegrees>
       <LongitudeDegrees>100.4359210</LongitudeDegrees>
      </Position>
      <AltitudeMeters>5.5</AltitudeMeters>
      <DistanceMeters>453.8</DistanceMeters>
      <HeartRateBpm>
       <Value>130</Value>
      </HeartRateBpm>
      <Extensions>
       <TPX xmlns="http://www.garmin.com/xmlschemas/ActivityExtension/v2">
        <Speed>1.5</Speed>
       </TPX>
      </Extensions>
     </Trackpoint>
     <Trackpoint>
      <Time>2026-08-01T11:12:35Z</Time>
      <Position>
       <LatitudeDegrees>5.2336070</LatitudeDegrees>
       <LongitudeDegrees>100.4359060</LongitudeDegrees>
      </Position>
      <AltitudeMeters>5.5</AltitudeMeters>
      <DistanceMeters>453.8</DistanceMeters>
      <HeartRateBpm>
       <Value>130</Value>
      </HeartRateBpm>
      <Extensions>
       <TPX xmlns="http://www.garmin.com/xmlschemas/ActivityExtension/v2">
        <Speed>1.5</Speed>
       </TPX>
      </Extensions>
     </Trackpoint>
     <Trackpoint>
      <Time>2026-08-01T11:12:36Z</Time>
      <Position>
       <LatitudeDegrees>5.2336040</LatitudeDegrees>
       <LongitudeDegrees>100.4358930</LongitudeDegrees>
      </Position>
      <AltitudeMeters>5.5</AltitudeMeters>
      <DistanceMeters>457.0</DistanceMeters>
      <HeartRateBpm>
       <Value>130</Value>
      </HeartRateBpm>
      <Extensions>
       <TPX xmlns="http://www.garmin.com/xmlschemas/ActivityExtension/v2">
        <Speed>1.5</Speed>
       </TPX>
      </Extensions>
     </Trackpoint>
     <Trackpoint>
      <Time>2026-08-01T11:12:37Z</Time>
      <Position>
       <LatitudeDegrees>5.2336010</LatitudeDegrees>
       <LongitudeDegrees>100.4358800</LongitudeDegrees>
      </Position>
      <AltitudeMeters>5.5</AltitudeMeters>
      <DistanceMeters>457.0</DistanceMeters>
      <HeartRateBpm>
       <Value>130</Value>
      </HeartRateBpm>
      <Extensions>
       <TPX xmlns="http://www.garmin.com/xmlschemas/ActivityExtension/v2">
        <Speed>1.2</Speed>
       </TPX>
      </Extensions>
     </Trackpoint>
     <Trackpoint>
      <Time>2026-08-01T11:12:38Z</Time>
      <Position>
       <LatitudeDegrees>5.2335970</LatitudeDegrees>
       <LongitudeDegrees>100.4358630</LongitudeDegrees>
      </Position>
      <AltitudeMeters>5.5</AltitudeMeters>
      <DistanceMeters>460.4</DistanceMeters>
      <HeartRateBpm>
       <Value>130</Value>
      </HeartRateBpm>
      <Extensions>
       <TPX xmlns="http://www.garmin.com/xmlschemas/ActivityExtension/v2">
        <Speed>1.3</Speed>
       </TPX>
      </Extensions>
     </Trackpoint>
     <Trackpoint>
      <Time>2026-08-01T11:12:39Z</Time>
      <Position>
       <LatitudeDegrees>5.2335950</LatitudeDegrees>
       <LongitudeDegrees>100.4358530</LongitudeDegrees>
      </Position>
      <AltitudeMeters>5.5</AltitudeMeters>
      <DistanceMeters>460.4</DistanceMeters>
      <HeartRateBpm>
       <Value>130</Value>
      </HeartRateBpm>
      <Extensions>
       <TPX xmlns="http://www.garmin.com/xmlschemas/ActivityExtension/v2">
        <Speed>1.3</Speed>
       </TPX>
      </Extensions>
     </Trackpoint>
     <Trackpoint>
      <Time>2026-08-01T11:12:40Z</Time>
      <Position>
       <LatitudeDegrees>5.2335920</LatitudeDegrees>
       <LongitudeDegrees>100.4358410</LongitudeDegrees>
      </Position>
      <AltitudeMeters>5.5</AltitudeMeters>
      <DistanceMeters>460.4</DistanceMeters>
      <HeartRateBpm>
       <Value>130</Value>
      </HeartRateBpm>
      <Extensions>
       <TPX xmlns="http://www.garmin.com/xmlschemas/ActivityExtension/v2">
        <Speed>1.3</Speed>
       </TPX>
      </Extensions>
     </Trackpoint>
     <Trackpoint>
      <Time>2026-08-01T11:12:41Z</Time>
      <Position>
       <LatitudeDegrees>5.2335890</LatitudeDegrees>
       <LongitudeDegrees>100.4358270</LongitudeDegrees>
      </Position>
      <AltitudeMeters>5.5</AltitudeMeters>
      <DistanceMeters>464.4</DistanceMeters>
      <HeartRateBpm>
       <Value>130</Value>
      </HeartRateBpm>
      <Extensions>
       <TPX xmlns="http://www.garmin.com/xmlschemas/ActivityExtension/v2">
        <Speed>1.5</Speed>
       </TPX>
      </Extensions>
     </Trackpoint>
     <Trackpoint>
      <Time>2026-08-01T11:12:42Z</Time>
      <Position>
       <LatitudeDegrees>5.2335870</LatitudeDegrees>
       <LongitudeDegrees>100.4358140</LongitudeDegrees>
      </Position>
      <AltitudeMeters>5.5</AltitudeMeters>
      <DistanceMeters>465.9</DistanceMeters>
      <HeartRateBpm>
       <Value>130</Value>
      </HeartRateBpm>
      <Extensions>
       <TPX xmlns="http://www.garmin.com/xmlschemas/ActivityExtension/v2">
        <Speed>1.8</Speed>
       </TPX>
      </Extensions>
     </Trackpoint>
     <Trackpoint>
      <Time>2026-08-01T11:12:43Z</Time>
      <Position>
       <LatitudeDegrees>5.2335840</LatitudeDegrees>
       <LongitudeDegrees>100.4358010</LongitudeDegrees>
      </Position>
      <AltitudeMeters>5.5</AltitudeMeters>
      <DistanceMeters>467.3</DistanceMeters>
      <HeartRateBpm>
       <Value>130</Value>
      </HeartRateBpm>
      <Extensions>
       <TPX xmlns="http://www.garmin.com/xmlschemas/ActivityExtension/v2">
        <Speed>1.4</Speed>
       </TPX>
      </Extensions>
     </Trackpoint>
     <Trackpoint>
      <Time>2026-08-01T11:12:44Z</Time>
      <Position>
       <LatitudeDegrees>5.2335820</LatitudeDegrees>
       <LongitudeDegrees>100.4357880</LongitudeDegrees>
      </Position>
      <AltitudeMeters>5.5</AltitudeMeters>
      <DistanceMeters>468.8</DistanceMeters>
      <HeartRateBpm>
       <Value>131</Value>
      </HeartRateBpm>
      <Extensions>
       <TPX xmlns="http://www.garmin.com/xmlschemas/ActivityExtension/v2">
        <Speed>1.7</Speed>
       </TPX>
      </Extensions>
     </Trackpoint>
     <Trackpoint>
      <Time>2026-08-01T11:12:45Z</Time>
      <Position>
       <LatitudeDegrees>5.2335790</LatitudeDegrees>
       <LongitudeDegrees>100.4357750</LongitudeDegrees>
      </Position>
      <AltitudeMeters>5.5</AltitudeMeters>
      <DistanceMeters>468.8</DistanceMeters>
      <HeartRateBpm>
       <Value>131</Value>
      </HeartRateBpm>
      <Extensions>
       <TPX xmlns="http://www.garmin.com/xmlschemas/ActivityExtension/v2">
        <Speed>1.7</Speed>
       </TPX>
      </Extensions>
     </Trackpoint>
     <Trackpoint>
      <Time>2026-08-01T11:12:46Z</Time>
      <Position>
       <LatitudeDegrees>5.2335770</LatitudeDegrees>
       <LongitudeDegrees>100.4357550</LongitudeDegrees>
      </Position>
      <AltitudeMeters>5.5</AltitudeMeters>
      <DistanceMeters>472.5</DistanceMeters>
      <HeartRateBpm>
       <Value>131</Value>
      </HeartRateBpm>
      <Extensions>
       <TPX xmlns="http://www.garmin.com/xmlschemas/ActivityExtension/v2">
        <Speed>1.6</Speed>
       </TPX>
      </Extensions>
     </Trackpoint>
     <Trackpoint>
      <Time>2026-08-01T11:12:47Z</Time>
      <Position>
       <LatitudeDegrees>5.2335750</LatitudeDegrees>
       <LongitudeDegrees>100.4357470</LongitudeDegrees>
      </Position>
      <AltitudeMeters>5.5</AltitudeMeters>
      <DistanceMeters>472.5</DistanceMeters>
      <HeartRateBpm>
       <Value>131</Value>
      </HeartRateBpm>
      <Extensions>
       <TPX xmlns="http://www.garmin.com/xmlschemas/ActivityExtension/v2">
        <Speed>1.3</Speed>
       </TPX>
      </Extensions>
     </Trackpoint>
     <Trackpoint>
      <Time>2026-08-01T11:12:48Z</Time>
      <Position>
       <LatitudeDegrees>5.2335730</LatitudeDegrees>
       <LongitudeDegrees>100.4357340</LongitudeDegrees>
      </Position>
      <AltitudeMeters>5.5</AltitudeMeters>
      <DistanceMeters>472.5</DistanceMeters>
      <HeartRateBpm>
       <Value>131</Value>
      </HeartRateBpm>
      <Extensions>
       <TPX xmlns="http://www.garmin.com/xmlschemas/ActivityExtension/v2">
        <Speed>1.0</Speed>
       </TPX>
      </Extensions>
     </Trackpoint>
     <Trackpoint>
      <Time>2026-08-01T11:12:49Z</Time>
      <Position>
       <LatitudeDegrees>5.2335700</LatitudeDegrees>
       <LongitudeDegrees>100.4357210</LongitudeDegrees>
      </Position>
      <AltitudeMeters>5.5</AltitudeMeters>
      <DistanceMeters>476.4</DistanceMeters>
      <HeartRateBpm>
       <Value>131</Value>
      </HeartRateBpm>
      <Extensions>
       <TPX xmlns="http://www.garmin.com/xmlschemas/ActivityExtension/v2">
        <Speed>1.5</Speed>
       </TPX>
      </Extensions>
     </Trackpoint>
     <Trackpoint>
      <Time>2026-08-01T11:12:50Z</Time>
      <Position>
       <LatitudeDegrees>5.2335660</LatitudeDegrees>
       <LongitudeDegrees>100.4357070</LongitudeDegrees>
      </Position>
      <AltitudeMeters>5.5</AltitudeMeters>
      <DistanceMeters>476.4</DistanceMeters>
      <HeartRateBpm>
       <Value>131</Value>
      </HeartRateBpm>
      <Extensions>
       <TPX xmlns="http://www.garmin.com/xmlschemas/ActivityExtension/v2">
        <Speed>1.5</Speed>
       </TPX>
      </Extensions>
     </Trackpoint>
     <Trackpoint>
      <Time>2026-08-01T11:12:51Z</Time>
      <Position>
       <LatitudeDegrees>5.2335620</LatitudeDegrees>
       <LongitudeDegrees>100.4356940</LongitudeDegrees>
      </Position>
      <AltitudeMeters>5.5</AltitudeMeters>
      <DistanceMeters>479.5</DistanceMeters>
      <HeartRateBpm>
       <Value>131</Value>
      </HeartRateBpm>
      <Extensions>
       <TPX xmlns="http://www.garmin.com/xmlschemas/ActivityExtension/v2">
        <Speed>1.4</Speed>
       </TPX>
      </Extensions>
     </Trackpoint>
     <Trackpoint>
      <Time>2026-08-01T11:12:52Z</Time>
      <Position>
       <LatitudeDegrees>5.2335550</LatitudeDegrees>
       <LongitudeDegrees>100.4356750</LongitudeDegrees>
      </Position>
      <AltitudeMeters>5.6</AltitudeMeters>
      <DistanceMeters>479.5</DistanceMeters>
      <HeartRateBpm>
       <Value>131</Value>
      </HeartRateBpm>
      <Extensions>
       <TPX xmlns="http://www.garmin.com/xmlschemas/ActivityExtension/v2">
        <Speed>1.4</Speed>
       </TPX>
      </Extensions>
     </Trackpoint>
     <Trackpoint>
      <Time>2026-08-01T11:12:53Z</Time>
      <Position>
       <LatitudeDegrees>5.2335520</LatitudeDegrees>
       <LongitudeDegrees>100.4356660</LongitudeDegrees>
      </Position>
      <AltitudeMeters>5.6</AltitudeMeters>
      <DistanceMeters>482.8</DistanceMeters>
      <HeartRateBpm>
       <Value>131</Value>
      </HeartRateBpm>
      <Extensions>
       <TPX xmlns="http://www.garmin.com/xmlschemas/ActivityExtension/v2">
        <Speed>2.1</Speed>
       </TPX>
      </Extensions>
     </Trackpoint>
     <Trackpoint>
      <Time>2026-08-01T11:12:54Z</Time>
      <Position>
       <LatitudeDegrees>5.2335480</LatitudeDegrees>
       <LongitudeDegrees>100.4356540</LongitudeDegrees>
      </Position>
      <AltitudeMeters>5.6</AltitudeMeters>
      <DistanceMeters>484.2</DistanceMeters>
      <HeartRateBpm>
       <Value>131</Value>
      </HeartRateBpm>
      <Extensions>
       <TPX xmlns="http://www.garmin.com/xmlschemas/ActivityExtension/v2">
        <Speed>1.6</Speed>
       </TPX>
      </Extensions>
     </Trackpoint>
     <Trackpoint>
      <Time>2026-08-01T11:12:55Z</Time>
      <Position>
       <LatitudeDegrees>5.2335460</LatitudeDegrees>
       <LongitudeDegrees>100.4356420</LongitudeDegrees>
      </Position>
      <AltitudeMeters>5.6</AltitudeMeters>
      <DistanceMeters>485.5</DistanceMeters>
      <HeartRateBpm>
       <Value>131</Value>
      </HeartRateBpm>
      <Extensions>
       <TPX xmlns="http://www.garmin.com/xmlschemas/ActivityExtension/v2">
        <Speed>1.8</Speed>
       </TPX>
      </Extensions>
     </Trackpoint>
     <Trackpoint>
      <Time>2026-08-01T11:12:56Z</Time>
      <Position>
       <LatitudeDegrees>5.2335390</LatitudeDegrees>
       <LongitudeDegrees>100.4356300</LongitudeDegrees>
      </Position>
      <AltitudeMeters>5.6</AltitudeMeters>
      <DistanceMeters>487.0</DistanceMeters>
      <HeartRateBpm>
       <Value>131</Value>
      </HeartRateBpm>
      <Extensions>
       <TPX xmlns="http://www.garmin.com/xmlschemas/ActivityExtension/v2">
        <Speed>1.5</Speed>
       </TPX>
      </Extensions>
     </Trackpoint>
     <Trackpoint>
      <Time>2026-08-01T11:12:57Z</Time>
      <Position>
       <LatitudeDegrees>5.2335300</LatitudeDegrees>
       <LongitudeDegrees>100.4356200</LongitudeDegrees>
      </Position>
      <AltitudeMeters>5.6</AltitudeMeters>
      <DistanceMeters>488.4</DistanceMeters>
      <HeartRateBpm>
       <Value>131</Value>
      </HeartRateBpm>
      <Extensions>
       <TPX xmlns="http://www.garmin.com/xmlschemas/ActivityExtension/v2">
        <Speed>1.8</Speed>
       </TPX>
      </Extensions>
     </Trackpoint>
     <Trackpoint>
      <Time>2026-08-01T11:12:58Z</Time>
      <Position>
       <LatitudeDegrees>5.2335160</LatitudeDegrees>
       <LongitudeDegrees>100.4356180</LongitudeDegrees>
      </Position>
      <AltitudeMeters>5.6</AltitudeMeters>
      <DistanceMeters>490.0</DistanceMeters>
      <HeartRateBpm>
       <Value>131</Value>
      </HeartRateBpm>
      <Extensions>
       <TPX xmlns="http://www.garmin.com/xmlschemas/ActivityExtension/v2">
        <Speed>1.4</Speed>
       </TPX>
      </Extensions>
     </Trackpoint>
     <Trackpoint>
      <Time>2026-08-01T11:12:59Z</Time>
      <Position>
       <LatitudeDegrees>5.2335040</LatitudeDegrees>
       <LongitudeDegrees>100.4356060</LongitudeDegrees>
      </Position>
      <AltitudeMeters>5.6</AltitudeMeters>
      <DistanceMeters>491.8</DistanceMeters>
      <HeartRateBpm>
       <Value>131</Value>
      </HeartRateBpm>
      <Extensions>
       <TPX xmlns="http://www.garmin.com/xmlschemas/ActivityExtension/v2">
        <Speed>1.5</Speed>
       </TPX>
      </Extensions>
     </Trackpoint>
     <Trackpoint>
      <Time>2026-08-01T11:13:00Z</Time>
      <Position>
       <LatitudeDegrees>5.2335010</LatitudeDegrees>
       <LongitudeDegrees>100.4355980</LongitudeDegrees>
      </Position>
      <AltitudeMeters>5.6</AltitudeMeters>
      <DistanceMeters>491.8</DistanceMeters>
      <HeartRateBpm>
       <Value>131</Value>
      </HeartRateBpm>
      <Extensions>
       <TPX xmlns="http://www.garmin.com/xmlschemas/ActivityExtension/v2">
        <Speed>1.3</Speed>
       </TPX>
      </Extensions>
     </Trackpoint>
     <Trackpoint>
      <Time>2026-08-01T11:13:01Z</Time>
      <Position>
       <LatitudeDegrees>5.2334950</LatitudeDegrees>
       <LongitudeDegrees>100.4355880</LongitudeDegrees>
      </Position>
      <AltitudeMeters>5.6</AltitudeMeters>
      <DistanceMeters>491.8</DistanceMeters>
      <HeartRateBpm>
       <Value>131</Value>
      </HeartRateBpm>
      <Extensions>
       <TPX xmlns="http://www.garmin.com/xmlschemas/ActivityExtension/v2">
        <Speed>1.0</Speed>
       </TPX>
      </Extensions>
     </Trackpoint>
     <Trackpoint>
      <Time>2026-08-01T11:13:02Z</Time>
      <Position>
       <LatitudeDegrees>5.2335020</LatitudeDegrees>
       <LongitudeDegrees>100.4355560</LongitudeDegrees>
      </Position>
      <AltitudeMeters>5.6</AltitudeMeters>
      <DistanceMeters>495.8</DistanceMeters>
      <HeartRateBpm>
       <Value>131</Value>
      </HeartRateBpm>
      <Extensions>
       <TPX xmlns="http://www.garmin.com/xmlschemas/ActivityExtension/v2">
        <Speed>1.5</Speed>
       </TPX>
      </Extensions>
     </Trackpoint>
     <Trackpoint>
      <Time>2026-08-01T11:13:03Z</Time>
      <Position>
       <LatitudeDegrees>5.2335020</LatitudeDegrees>
       <LongitudeDegrees>100.4355560</LongitudeDegrees>
      </Position>
      <AltitudeMeters>5.6</AltitudeMeters>
      <DistanceMeters>495.8</DistanceMeters>
      <HeartRateBpm>
       <Value>131</Value>
      </HeartRateBpm>
      <Extensions>
       <TPX xmlns="http://www.garmin.com/xmlschemas/ActivityExtension/v2">
        <Speed>1.2</Speed>
       </TPX>
      </Extensions>
     </Trackpoint>
     <Trackpoint>
      <Time>2026-08-01T11:13:04Z</Time>
      <Position>
       <LatitudeDegrees>5.2335070</LatitudeDegrees>
       <LongitudeDegrees>100.4355410</LongitudeDegrees>
      </Position>
      <AltitudeMeters>5.6</AltitudeMeters>
      <DistanceMeters>499.0</DistanceMeters>
      <HeartRateBpm>
       <Value>130</Value>
      </HeartRateBpm>
      <Extensions>
       <TPX xmlns="http://www.garmin.com/xmlschemas/ActivityExtension/v2">
        <Speed>1.4</Speed>
       </TPX>
      </Extensions>
     </Trackpoint>
     <Trackpoint>
      <Time>2026-08-01T11:13:05Z</Time>
      <Position>
       <LatitudeDegrees>5.2335080</LatitudeDegrees>
       <LongitudeDegrees>100.4355280</LongitudeDegrees>
      </Position>
      <AltitudeMeters>5.6</AltitudeMeters>
      <DistanceMeters>499.0</DistanceMeters>
      <HeartRateBpm>
       <Value>131</Value>
      </HeartRateBpm>
      <Extensions>
       <TPX xmlns="http://www.garmin.com/xmlschemas/ActivityExtension/v2">
        <Speed>1.4</Speed>
       </TPX>
      </Extensions>
     </Trackpoint>
     <Trackpoint>
      <Time>2026-08-01T11:13:06Z</Time>
      <Position>
       <LatitudeDegrees>5.2335110</LatitudeDegrees>
       <LongitudeDegrees>100.4355140</LongitudeDegrees>
      </Position>
      <AltitudeMeters>5.6</AltitudeMeters>
      <DistanceMeters>502.0</DistanceMeters>
      <HeartRateBpm>
       <Value>130</Value>
      </HeartRateBpm>
      <Extensions>
       <TPX xmlns="http://www.garmin.com/xmlschemas/ActivityExtension/v2">
        <Speed>2.0</Speed>
       </TPX>
      </Extensions>
     </Trackpoint>
     <Trackpoint>
      <Time>2026-08-01T11:13:07Z</Time>
      <Position>
       <LatitudeDegrees>5.2335150</LatitudeDegrees>
       <LongitudeDegrees>100.4355010</LongitudeDegrees>
      </Position>
      <AltitudeMeters>5.6</AltitudeMeters>
      <DistanceMeters>502.0</DistanceMeters>
      <HeartRateBpm>
       <Value>130</Value>
      </HeartRateBpm>
      <Extensions>
       <TPX xmlns="http://www.garmin.com/xmlschemas/ActivityExtension/v2">
        <Speed>1.2</Speed>
       </TPX>
      </Extensions>
     </Trackpoint>
     <Trackpoint>
      <Time>2026-08-01T11:13:08Z</Time>
      <Position>
       <LatitudeDegrees>5.2335190</LatitudeDegrees>
       <LongitudeDegrees>100.4354880</LongitudeDegrees>
      </Position>
      <AltitudeMeters>5.6</AltitudeMeters>
      <DistanceMeters>505.1</DistanceMeters>
      <HeartRateBpm>
       <Value>130</Value>
      </HeartRateBpm>
      <Extensions>
       <TPX xmlns="http://www.garmin.com/xmlschemas/ActivityExtension/v2">
        <Speed>1.9</Speed>
       </TPX>
      </Extensions>
     </Trackpoint>
     <Trackpoint>
      <Time>2026-08-01T11:13:09Z</Time>
      <Position>
       <LatitudeDegrees>5.2335230</LatitudeDegrees>
       <LongitudeDegrees>100.4354740</LongitudeDegrees>
      </Position>
      <AltitudeMeters>5.6</AltitudeMeters>
      <DistanceMeters>505.1</DistanceMeters>
      <HeartRateBpm>
       <Value>131</Value>
      </HeartRateBpm>
      <Extensions>
       <TPX xmlns="http://www.garmin.com/xmlschemas/ActivityExtension/v2">
        <Speed>1.2</Speed>
       </TPX>
      </Extensions>
     </Trackpoint>
     <Trackpoint>
      <Time>2026-08-01T11:13:10Z</Time>
      <Position>
       <LatitudeDegrees>5.2335260</LatitudeDegrees>
       <LongitudeDegrees>100.4354610</LongitudeDegrees>
      </Position>
      <AltitudeMeters>5.6</AltitudeMeters>
      <DistanceMeters>508.2</DistanceMeters>
      <HeartRateBpm>
       <Value>131</Value>
      </HeartRateBpm>
      <Extensions>
       <TPX xmlns="http://www.garmin.com/xmlschemas/ActivityExtension/v2">
        <Speed>1.8</Speed>
       </TPX>
      </Extensions>
     </Trackpoint>
     <Trackpoint>
      <Time>2026-08-01T11:13:11Z</Time>
      <Position>
       <LatitudeDegrees>5.2335270</LatitudeDegrees>
       <LongitudeDegrees>100.4354510</LongitudeDegrees>
      </Position>
      <AltitudeMeters>5.6</AltitudeMeters>
      <DistanceMeters>508.2</DistanceMeters>
      <HeartRateBpm>
       <Value>130</Value>
      </HeartRateBpm>
      <Extensions>
       <TPX xmlns="http://www.garmin.com/xmlschemas/ActivityExtension/v2">
        <Speed>1.2</Speed>
       </TPX>
      </Extensions>
     </Trackpoint>
     <Trackpoint>
      <Time>2026-08-01T11:13:12Z</Time>
      <Position>
       <LatitudeDegrees>5.2335240</LatitudeDegrees>
       <LongitudeDegrees>100.4354400</LongitudeDegrees>
      </Position>
      <AltitudeMeters>5.6</AltitudeMeters>
      <DistanceMeters>508.2</DistanceMeters>
      <HeartRateBpm>
       <Value>130</Value>
      </HeartRateBpm>
      <Extensions>
       <TPX xmlns="http://www.garmin.com/xmlschemas/ActivityExtension/v2">
        <Speed>1.2</Speed>
       </TPX>
      </Extensions>
     </Trackpoint>
     <Trackpoint>
      <Time>2026-08-01T11:13:13Z</Time>
      <Position>
       <LatitudeDegrees>5.2335200</LatitudeDegrees>
       <LongitudeDegrees>100.4354270</LongitudeDegrees>
      </Position>
      <AltitudeMeters>5.6</AltitudeMeters>
      <DistanceMeters>512.0</DistanceMeters>
      <HeartRateBpm>
       <Value>131</Value>
      </HeartRateBpm>
      <Extensions>
       <TPX xmlns="http://www.garmin.com/xmlschemas/ActivityExtension/v2">
        <Speed>1.4</Speed>
       </TPX>
      </Extensions>
     </Trackpoint>
     <Trackpoint>
      <Time>2026-08-01T11:13:14Z</Time>
      <Position>
       <LatitudeDegrees>5.2335130</LatitudeDegrees>
       <LongitudeDegrees>100.4354140</LongitudeDegrees>
      </Position>
      <AltitudeMeters>5.6</AltitudeMeters>
      <DistanceMeters>512.0</DistanceMeters>
      <HeartRateBpm>
       <Value>131</Value>
      </HeartRateBpm>
      <Extensions>
       <TPX xmlns="http://www.garmin.com/xmlschemas/ActivityExtension/v2">
        <Speed>1.4</Speed>
       </TPX>
      </Extensions>
     </Trackpoint>
     <Trackpoint>
      <Time>2026-08-01T11:13:15Z</Time>
      <Position>
       <LatitudeDegrees>5.2335090</LatitudeDegrees>
       <LongitudeDegrees>100.4353960</LongitudeDegrees>
      </Position>
      <AltitudeMeters>5.6</AltitudeMeters>
      <DistanceMeters>515.6</DistanceMeters>
      <HeartRateBpm>
       <Value>130</Value>
      </HeartRateBpm>
      <Extensions>
       <TPX xmlns="http://www.garmin.com/xmlschemas/ActivityExtension/v2">
        <Speed>1.5</Speed>
       </TPX>
      </Extensions>
     </Trackpoint>
     <Trackpoint>
      <Time>2026-08-01T11:13:16Z</Time>
      <Position>
       <LatitudeDegrees>5.2335070</LatitudeDegrees>
       <LongitudeDegrees>100.4353880</LongitudeDegrees>
      </Position>
      <AltitudeMeters>5.6</AltitudeMeters>
      <DistanceMeters>515.6</DistanceMeters>
      <HeartRateBpm>
       <Value>131</Value>
      </HeartRateBpm>
      <Extensions>
       <TPX xmlns="http://www.garmin.com/xmlschemas/ActivityExtension/v2">
        <Speed>1.5</Speed>
       </TPX>
      </Extensions>
     </Trackpoint>
     <Trackpoint>
      <Time>2026-08-01T11:13:17Z</Time>
      <Position>
       <LatitudeDegrees>5.2335040</LatitudeDegrees>
       <LongitudeDegrees>100.4353780</LongitudeDegrees>
      </Position>
      <AltitudeMeters>5.6</AltitudeMeters>
      <DistanceMeters>515.6</DistanceMeters>
      <HeartRateBpm>
       <Value>130</Value>
      </HeartRateBpm>
      <Extensions>
       <TPX xmlns="http://www.garmin.com/xmlschemas/ActivityExtension/v2">
        <Speed>1.5</Speed>
       </TPX>
      </Extensions>
     </Trackpoint>
     <Trackpoint>
      <Time>2026-08-01T11:13:18Z</Time>
      <Position>
       <LatitudeDegrees>5.2334990</LatitudeDegrees>
       <LongitudeDegrees>100.4353660</LongitudeDegrees>
      </Position>
      <AltitudeMeters>5.6</AltitudeMeters>
      <DistanceMeters>519.2</DistanceMeters>
      <HeartRateBpm>
       <Value>130</Value>
      </HeartRateBpm>
      <Extensions>
       <TPX xmlns="http://www.garmin.com/xmlschemas/ActivityExtension/v2">
        <Speed>1.4</Speed>
       </TPX>
      </Extensions>
     </Trackpoint>
     <Trackpoint>
      <Time>2026-08-01T11:13:19Z</Time>
      <Position>
       <LatitudeDegrees>5.2334940</LatitudeDegrees>
       <LongitudeDegrees>100.4353540</LongitudeDegrees>
      </Position>
      <AltitudeMeters>5.6</AltitudeMeters>
      <DistanceMeters>520.6</DistanceMeters>
      <HeartRateBpm>
       <Value>130</Value>
      </HeartRateBpm>
      <Extensions>
       <TPX xmlns="http://www.garmin.com/xmlschemas/ActivityExtension/v2">
        <Speed>1.7</Speed>
       </TPX>
      </Extensions>
     </Trackpoint>
     <Trackpoint>
      <Time>2026-08-01T11:13:20Z</Time>
      <Position>
       <LatitudeDegrees>5.2334900</LatitudeDegrees>
       <LongitudeDegrees>100.4353430</LongitudeDegrees>
      </Position>
      <AltitudeMeters>5.6</AltitudeMeters>
      <DistanceMeters>521.9</DistanceMeters>
      <HeartRateBpm>
       <Value>129</Value>
      </HeartRateBpm>
      <Extensions>
       <TPX xmlns="http://www.garmin.com/xmlschemas/ActivityExtension/v2">
        <Speed>1.3</Speed>
       </TPX>
      </Extensions>
     </Trackpoint>
     <Trackpoint>
      <Time>2026-08-01T11:13:21Z</Time>
      <Position>
       <LatitudeDegrees>5.2334850</LatitudeDegrees>
       <LongitudeDegrees>100.4353300</LongitudeDegrees>
      </Position>
      <AltitudeMeters>5.6</AltitudeMeters>
      <DistanceMeters>523.4</DistanceMeters>
      <HeartRateBpm>
       <Value>130</Value>
      </HeartRateBpm>
      <Extensions>
       <TPX xmlns="http://www.garmin.com/xmlschemas/ActivityExtension/v2">
        <Speed>1.6</Speed>
       </TPX>
      </Extensions>
     </Trackpoint>
     <Trackpoint>
      <Time>2026-08-01T11:13:22Z</Time>
      <Position>
       <LatitudeDegrees>5.2334750</LatitudeDegrees>
       <LongitudeDegrees>100.4353180</LongitudeDegrees>
      </Position>
      <AltitudeMeters>5.6</AltitudeMeters>
      <DistanceMeters>525.1</DistanceMeters>
      <HeartRateBpm>
       <Value>131</Value>
      </HeartRateBpm>
      <Extensions>
       <TPX xmlns="http://www.garmin.com/xmlschemas/ActivityExtension/v2">
        <Speed>1.9</Speed>
       </TPX>
      </Extensions>
     </Trackpoint>
     <Trackpoint>
      <Time>2026-08-01T11:13:23Z</Time>
      <Position>
       <LatitudeDegrees>5.2334720</LatitudeDegrees>
       <LongitudeDegrees>100.4353090</LongitudeDegrees>
      </Position>
      <AltitudeMeters>5.6</AltitudeMeters>
      <DistanceMeters>526.1</DistanceMeters>
      <HeartRateBpm>
       <Value>131</Value>
      </HeartRateBpm>
      <Extensions>
       <TPX xmlns="http://www.garmin.com/xmlschemas/ActivityExtension/v2">
        <Speed>1.4</Speed>
       </TPX>
      </Extensions>
     </Trackpoint>
     <Trackpoint>
      <Time>2026-08-01T11:13:24Z</Time>
      <Position>
       <LatitudeDegrees>5.2334700</LatitudeDegrees>
       <LongitudeDegrees>100.4352960</LongitudeDegrees>
      </Position>
      <AltitudeMeters>5.6</AltitudeMeters>
      <DistanceMeters>527.5</DistanceMeters>
      <HeartRateBpm>
       <Value>132</Value>
      </HeartRateBpm>
      <Extensions>
       <TPX xmlns="http://www.garmin.com/xmlschemas/ActivityExtension/v2">
        <Speed>1.4</Speed>
       </TPX>
      </Extensions>
     </Trackpoint>
     <Trackpoint>
      <Time>2026-08-01T11:13:25Z</Time>
      <Position>
       <LatitudeDegrees>5.2334690</LatitudeDegrees>
       <LongitudeDegrees>100.4352840</LongitudeDegrees>
      </Position>
      <AltitudeMeters>5.6</AltitudeMeters>
      <DistanceMeters>528.8</DistanceMeters>
      <HeartRateBpm>
       <Value>132</Value>
      </HeartRateBpm>
      <Extensions>
       <TPX xmlns="http://www.garmin.com/xmlschemas/ActivityExtension/v2">
        <Speed>1.4</Speed>
       </TPX>
      </Extensions>
     </Trackpoint>
     <Trackpoint>
      <Time>2026-08-01T11:13:26Z</Time>
      <Position>
       <LatitudeDegrees>5.2334660</LatitudeDegrees>
       <LongitudeDegrees>100.4352710</LongitudeDegrees>
      </Position>
      <AltitudeMeters>5.6</AltitudeMeters>
      <DistanceMeters>530.3</DistanceMeters>
      <HeartRateBpm>
       <Value>132</Value>
      </HeartRateBpm>
      <Extensions>
       <TPX xmlns="http://www.garmin.com/xmlschemas/ActivityExtension/v2">
        <Speed>1.4</Speed>
       </TPX>
      </Extensions>
     </Trackpoint>
     <Trackpoint>
      <Time>2026-08-01T11:13:27Z</Time>
      <Position>
       <LatitudeDegrees>5.2334620</LatitudeDegrees>
       <LongitudeDegrees>100.4352590</LongitudeDegrees>
      </Position>
      <AltitudeMeters>5.6</AltitudeMeters>
      <DistanceMeters>531.7</DistanceMeters>
      <HeartRateBpm>
       <Value>133</Value>
      </HeartRateBpm>
      <Extensions>
       <TPX xmlns="http://www.garmin.com/xmlschemas/ActivityExtension/v2">
        <Speed>1.3</Speed>
       </TPX>
      </Extensions>
     </Trackpoint>
     <Trackpoint>
      <Time>2026-08-01T11:13:28Z</Time>
      <Position>
       <LatitudeDegrees>5.2334600</LatitudeDegrees>
       <LongitudeDegrees>100.4352410</LongitudeDegrees>
      </Position>
      <AltitudeMeters>5.6</AltitudeMeters>
      <DistanceMeters>533.7</DistanceMeters>
      <HeartRateBpm>
       <Value>132</Value>
      </HeartRateBpm>
      <Extensions>
       <TPX xmlns="http://www.garmin.com/xmlschemas/ActivityExtension/v2">
        <Speed>1.5</Speed>
       </TPX>
      </Extensions>
     </Trackpoint>
     <Trackpoint>
      <Time>2026-08-01T11:13:29Z</Time>
      <Position>
       <LatitudeDegrees>5.2334580</LatitudeDegrees>
       <LongitudeDegrees>100.4352330</LongitudeDegrees>
      </Position>
      <AltitudeMeters>5.6</AltitudeMeters>
      <DistanceMeters>534.6</DistanceMeters>
      <HeartRateBpm>
       <Value>131</Value>
      </HeartRateBpm>
      <Extensions>
       <TPX xmlns="http://www.garmin.com/xmlschemas/ActivityExtension/v2">
        <Speed>1.4</Speed>
       </TPX>
      </Extensions>
     </Trackpoint>
     <Trackpoint>
      <Time>2026-08-01T11:13:30Z</Time>
      <Position>
       <LatitudeDegrees>5.2334560</LatitudeDegrees>
       <LongitudeDegrees>100.4352210</LongitudeDegrees>
      </Position>
      <AltitudeMeters>5.6</AltitudeMeters>
      <DistanceMeters>536.0</DistanceMeters>
      <HeartRateBpm>
       <Value>131</Value>
      </HeartRateBpm>
      <Extensions>
       <TPX xmlns="http://www.garmin.com/xmlschemas/ActivityExtension/v2">
        <Speed>1.4</Speed>
       </TPX>
      </Extensions>
     </Trackpoint>
     <Trackpoint>
      <Time>2026-08-01T11:13:31Z</Time>
      <Position>
       <LatitudeDegrees>5.2334510</LatitudeDegrees>
       <LongitudeDegrees>100.4352090</LongitudeDegrees>
      </Position>
      <AltitudeMeters>5.6</AltitudeMeters>
      <DistanceMeters>537.4</DistanceMeters>
      <HeartRateBpm>
       <Value>130</Value>
      </HeartRateBpm>
      <Extensions>
       <TPX xmlns="http://www.garmin.com/xmlschemas/ActivityExtension/v2">
        <Speed>1.4</Speed>
       </TPX>
      </Extensions>
     </Trackpoint>
     <Trackpoint>
      <Time>2026-08-01T11:13:32Z</Time>
      <Position>
       <LatitudeDegrees>5.2334470</LatitudeDegrees>
       <LongitudeDegrees>100.4351970</LongitudeDegrees>
      </Position>
      <AltitudeMeters>5.6</AltitudeMeters>
      <DistanceMeters>538.8</DistanceMeters>
      <HeartRateBpm>
       <Value>130</Value>
      </HeartRateBpm>
      <Extensions>
       <TPX xmlns="http://www.garmin.com/xmlschemas/ActivityExtension/v2">
        <Speed>1.4</Speed>
       </TPX>
      </Extensions>
     </Trackpoint>
     <Trackpoint>
      <Time>2026-08-01T11:13:33Z</Time>
      <Position>
       <LatitudeDegrees>5.2334430</LatitudeDegrees>
       <LongitudeDegrees>100.4351840</LongitudeDegrees>
      </Position>
      <AltitudeMeters>5.6</AltitudeMeters>
      <DistanceMeters>540.3</DistanceMeters>
      <HeartRateBpm>
       <Value>131</Value>
      </HeartRateBpm>
      <Extensions>
       <TPX xmlns="http://www.garmin.com/xmlschemas/ActivityExtension/v2">
        <Speed>1.3</Speed>
       </TPX>
      </Extensions>
     </Trackpoint>
     <Trackpoint>
      <Time>2026-08-01T11:13:34Z</Time>
      <Position>
       <LatitudeDegrees>5.2334420</LatitudeDegrees>
       <LongitudeDegrees>100.4351710</LongitudeDegrees>
      </Position>
      <AltitudeMeters>5.6</AltitudeMeters>
      <DistanceMeters>540.3</DistanceMeters>
      <HeartRateBpm>
       <Value>131</Value>
      </HeartRateBpm>
      <Extensions>
       <TPX xmlns="http://www.garmin.com/xmlschemas/ActivityExtension/v2">
        <Speed>1.1</Speed>
       </TPX>
      </Extensions>
     </Trackpoint>
     <Trackpoint>
      <Time>2026-08-01T11:13:35Z</Time>
      <Position>
       <LatitudeDegrees>5.2334390</LatitudeDegrees>
       <LongitudeDegrees>100.4351570</LongitudeDegrees>
      </Position>
      <AltitudeMeters>5.6</AltitudeMeters>
      <DistanceMeters>543.3</DistanceMeters>
      <HeartRateBpm>
       <Value>131</Value>
      </HeartRateBpm>
      <Extensions>
       <TPX xmlns="http://www.garmin.com/xmlschemas/ActivityExtension/v2">
        <Speed>1.5</Speed>
       </TPX>
      </Extensions>
     </Trackpoint>
     <Trackpoint>
      <Time>2026-08-01T11:13:36Z</Time>
      <Position>
       <LatitudeDegrees>5.2334350</LatitudeDegrees>
       <LongitudeDegrees>100.4351450</LongitudeDegrees>
      </Position>
      <AltitudeMeters>5.6</AltitudeMeters>
      <DistanceMeters>543.3</DistanceMeters>
      <HeartRateBpm>
       <Value>131</Value>
      </HeartRateBpm>
      <Extensions>
       <TPX xmlns="http://www.garmin.com/xmlschemas/ActivityExtension/v2">
        <Speed>1.2</Speed>
       </TPX>
      </Extensions>
     </Trackpoint>
     <Trackpoint>
      <Time>2026-08-01T11:13:37Z</Time>
      <Position>
       <LatitudeDegrees>5.2334320</LatitudeDegrees>
       <LongitudeDegrees>100.4351350</LongitudeDegrees>
      </Position>
      <AltitudeMeters>5.6</AltitudeMeters>
      <DistanceMeters>543.3</DistanceMeters>
      <HeartRateBpm>
       <Value>131</Value>
      </HeartRateBpm>
      <Extensions>
       <TPX xmlns="http://www.garmin.com/xmlschemas/ActivityExtension/v2">
        <Speed>0.9</Speed>
       </TPX>
      </Extensions>
     </Trackpoint>
     <Trackpoint>
      <Time>2026-08-01T11:13:38Z</Time>
      <Position>
       <LatitudeDegrees>5.2334290</LatitudeDegrees>
       <LongitudeDegrees>100.4351220</LongitudeDegrees>
      </Position>
      <AltitudeMeters>5.6</AltitudeMeters>
      <DistanceMeters>547.3</DistanceMeters>
      <HeartRateBpm>
       <Value>131</Value>
      </HeartRateBpm>
      <Extensions>
       <TPX xmlns="http://www.garmin.com/xmlschemas/ActivityExtension/v2">
        <Speed>1.4</Speed>
       </TPX>
      </Extensions>
     </Trackpoint>
     <Trackpoint>
      <Time>2026-08-01T11:13:39Z</Time>
      <Position>
       <LatitudeDegrees>5.2334250</LatitudeDegrees>
       <LongitudeDegrees>100.4351130</LongitudeDegrees>
      </Position>
      <AltitudeMeters>5.6</AltitudeMeters>
      <DistanceMeters>547.3</DistanceMeters>
      <HeartRateBpm>
       <Value>131</Value>
      </HeartRateBpm>
      <Extensions>
       <TPX xmlns="http://www.garmin.com/xmlschemas/ActivityExtension/v2">
        <Speed>1.4</Speed>
       </TPX>
      </Extensions>
     </Trackpoint>
     <Trackpoint>
      <Time>2026-08-01T11:13:40Z</Time>
      <Position>
       <LatitudeDegrees>5.2334200</LatitudeDegrees>
       <LongitudeDegrees>100.4350960</LongitudeDegrees>
      </Position>
      <AltitudeMeters>5.6</AltitudeMeters>
      <DistanceMeters>550.4</DistanceMeters>
      <HeartRateBpm>
       <Value>131</Value>
      </HeartRateBpm>
      <Extensions>
       <TPX xmlns="http://www.garmin.com/xmlschemas/ActivityExtension/v2">
        <Speed>1.4</Speed>
       </TPX>
      </Extensions>
     </Trackpoint>
     <Trackpoint>
      <Time>2026-08-01T11:13:41Z</Time>
      <Position>
       <LatitudeDegrees>5.2334170</LatitudeDegrees>
       <LongitudeDegrees>100.4350890</LongitudeDegrees>
      </Position>
      <AltitudeMeters>5.6</AltitudeMeters>
      <DistanceMeters>550.4</DistanceMeters>
      <HeartRateBpm>
       <Value>131</Value>
      </HeartRateBpm>
      <Extensions>
       <TPX xmlns="http://www.garmin.com/xmlschemas/ActivityExtension/v2">
        <Speed>1.4</Speed>
       </TPX>
      </Extensions>
     </Trackpoint>
     <Trackpoint>
      <Time>2026-08-01T11:13:42Z</Time>
      <Position>
       <LatitudeDegrees>5.2334120</LatitudeDegrees>
       <LongitudeDegrees>100.4350790</LongitudeDegrees>
      </Position>
      <AltitudeMeters>5.6</AltitudeMeters>
      <DistanceMeters>550.4</DistanceMeters>
      <HeartRateBpm>
       <Value>131</Value>
      </HeartRateBpm>
      <Extensions>
       <TPX xmlns="http://www.garmin.com/xmlschemas/ActivityExtension/v2">
        <Speed>1.4</Speed>
       </TPX>
      </Extensions>
     </Trackpoint>
     <Trackpoint>
      <Time>2026-08-01T11:13:43Z</Time>
      <Position>
       <LatitudeDegrees>5.2334080</LatitudeDegrees>
       <LongitudeDegrees>100.4350670</LongitudeDegrees>
      </Position>
      <AltitudeMeters>5.6</AltitudeMeters>
      <DistanceMeters>553.9</DistanceMeters>
      <HeartRateBpm>
       <Value>130</Value>
      </HeartRateBpm>
      <Extensions>
       <TPX xmlns="http://www.garmin.com/xmlschemas/ActivityExtension/v2">
        <Speed>1.3</Speed>
       </TPX>
      </Extensions>
     </Trackpoint>
     <Trackpoint>
      <Time>2026-08-01T11:13:44Z</Time>
      <Position>
       <LatitudeDegrees>5.2334040</LatitudeDegrees>
       <LongitudeDegrees>100.4350550</LongitudeDegrees>
      </Position>
      <AltitudeMeters>5.6</AltitudeMeters>
      <DistanceMeters>555.3</DistanceMeters>
      <HeartRateBpm>
       <Value>130</Value>
      </HeartRateBpm>
      <Extensions>
       <TPX xmlns="http://www.garmin.com/xmlschemas/ActivityExtension/v2">
        <Speed>1.6</Speed>
       </TPX>
      </Extensions>
     </Trackpoint>
     <Trackpoint>
      <Time>2026-08-01T11:13:45Z</Time>
      <Position>
       <LatitudeDegrees>5.2334000</LatitudeDegrees>
       <LongitudeDegrees>100.4350420</LongitudeDegrees>
      </Position>
      <AltitudeMeters>5.6</AltitudeMeters>
      <DistanceMeters>556.8</DistanceMeters>
      <HeartRateBpm>
       <Value>131</Value>
      </HeartRateBpm>
      <Extensions>
       <TPX xmlns="http://www.garmin.com/xmlschemas/ActivityExtension/v2">
        <Speed>1.3</Speed>
       </TPX>
      </Extensions>
     </Trackpoint>
     <Trackpoint>
      <Time>2026-08-01T11:13:46Z</Time>
      <Position>
       <LatitudeDegrees>5.2333960</LatitudeDegrees>
       <LongitudeDegrees>100.4350290</LongitudeDegrees>
      </Position>
      <AltitudeMeters>5.6</AltitudeMeters>
      <DistanceMeters>558.3</DistanceMeters>
      <HeartRateBpm>
       <Value>131</Value>
      </HeartRateBpm>
      <Extensions>
       <TPX xmlns="http://www.garmin.com/xmlschemas/ActivityExtension/v2">
        <Speed>1.6</Speed>
       </TPX>
      </Extensions>
     </Trackpoint>
     <Trackpoint>
      <Time>2026-08-01T11:13:47Z</Time>
      <Position>
       <LatitudeDegrees>5.2333910</LatitudeDegrees>
       <LongitudeDegrees>100.4350140</LongitudeDegrees>
      </Position>
      <AltitudeMeters>5.6</AltitudeMeters>
      <DistanceMeters>558.3</DistanceMeters>
      <HeartRateBpm>
       <Value>131</Value>
      </HeartRateBpm>
      <Extensions>
       <TPX xmlns="http://www.garmin.com/xmlschemas/ActivityExtension/v2">
        <Speed>1.6</Speed>
       </TPX>
      </Extensions>
     </Trackpoint>
     <Trackpoint>
      <Time>2026-08-01T11:13:48Z</Time>
      <Position>
       <LatitudeDegrees>5.2333880</LatitudeDegrees>
       <LongitudeDegrees>100.4350020</LongitudeDegrees>
      </Position>
      <AltitudeMeters>5.6</AltitudeMeters>
      <DistanceMeters>561.5</DistanceMeters>
      <HeartRateBpm>
       <Value>131</Value>
      </HeartRateBpm>
      <Extensions>
       <TPX xmlns="http://www.garmin.com/xmlschemas/ActivityExtension/v2">
        <Speed>1.5</Speed>
       </TPX>
      </Extensions>
     </Trackpoint>
     <Trackpoint>
      <Time>2026-08-01T11:13:49Z</Time>
      <Position>
       <LatitudeDegrees>5.2333870</LatitudeDegrees>
       <LongitudeDegrees>100.4349890</LongitudeDegrees>
      </Position>
      <AltitudeMeters>5.6</AltitudeMeters>
      <DistanceMeters>562.9</DistanceMeters>
      <HeartRateBpm>
       <Value>131</Value>
      </HeartRateBpm>
      <Extensions>
       <TPX xmlns="http://www.garmin.com/xmlschemas/ActivityExtension/v2">
        <Speed>1.5</Speed>
       </TPX>
      </Extensions>
     </Trackpoint>
     <Trackpoint>
      <Time>2026-08-01T11:13:50Z</Time>
      <Position>
       <LatitudeDegrees>5.2333890</LatitudeDegrees>
       <LongitudeDegrees>100.4349760</LongitudeDegrees>
      </Position>
      <AltitudeMeters>5.6</AltitudeMeters>
      <DistanceMeters>564.3</DistanceMeters>
      <HeartRateBpm>
       <Value>131</Value>
      </HeartRateBpm>
      <Extensions>
       <TPX xmlns="http://www.garmin.com/xmlschemas/ActivityExtension/v2">
        <Speed>1.5</Speed>
       </TPX>
      </Extensions>
     </Trackpoint>
     <Trackpoint>
      <Time>2026-08-01T11:13:51Z</Time>
      <Position>
       <LatitudeDegrees>5.2333930</LatitudeDegrees>
       <LongitudeDegrees>100.4349610</LongitudeDegrees>
      </Position>
      <AltitudeMeters>5.6</AltitudeMeters>
      <DistanceMeters>566.0</DistanceMeters>
      <HeartRateBpm>
       <Value>131</Value>
      </HeartRateBpm>
      <Extensions>
       <TPX xmlns="http://www.garmin.com/xmlschemas/ActivityExtension/v2">
        <Speed>1.5</Speed>
       </TPX>
      </Extensions>
     </Trackpoint>
     <Trackpoint>
      <Time>2026-08-01T11:13:52Z</Time>
      <Position>
       <LatitudeDegrees>5.2334050</LatitudeDegrees>
       <LongitudeDegrees>100.4349350</LongitudeDegrees>
      </Position>
      <AltitudeMeters>5.6</AltitudeMeters>
      <DistanceMeters>569.2</DistanceMeters>
      <HeartRateBpm>
       <Value>131</Value>
      </HeartRateBpm>
      <Extensions>
       <TPX xmlns="http://www.garmin.com/xmlschemas/ActivityExtension/v2">
        <Speed>2.2</Speed>
       </TPX>
      </Extensions>
     </Trackpoint>
     <Trackpoint>
      <Time>2026-08-01T11:13:53Z</Time>
      <Position>
       <LatitudeDegrees>5.2334050</LatitudeDegrees>
       <LongitudeDegrees>100.4349350</LongitudeDegrees>
      </Position>
      <AltitudeMeters>5.6</AltitudeMeters>
      <DistanceMeters>569.2</DistanceMeters>
      <HeartRateBpm>
       <Value>131</Value>
      </HeartRateBpm>
      <Extensions>
       <TPX xmlns="http://www.garmin.com/xmlschemas/ActivityExtension/v2">
        <Speed>1.5</Speed>
       </TPX>
      </Extensions>
     </Trackpoint>
     <Trackpoint>
      <Time>2026-08-01T11:13:54Z</Time>
      <Position>
       <LatitudeDegrees>5.2334150</LatitudeDegrees>
       <LongitudeDegrees>100.4349230</LongitudeDegrees>
      </Position>
      <AltitudeMeters>5.6</AltitudeMeters>
      <DistanceMeters>569.2</DistanceMeters>
      <HeartRateBpm>
       <Value>130</Value>
      </HeartRateBpm>
      <Extensions>
       <TPX xmlns="http://www.garmin.com/xmlschemas/ActivityExtension/v2">
        <Speed>1.3</Speed>
       </TPX>
      </Extensions>
     </Trackpoint>
     <Trackpoint>
      <Time>2026-08-01T11:13:55Z</Time>
      <Position>
       <LatitudeDegrees>5.2334250</LatitudeDegrees>
       <LongitudeDegrees>100.4349130</LongitudeDegrees>
      </Position>
      <AltitudeMeters>5.6</AltitudeMeters>
      <DistanceMeters>572.5</DistanceMeters>
      <HeartRateBpm>
       <Value>130</Value>
      </HeartRateBpm>
      <Extensions>
       <TPX xmlns="http://www.garmin.com/xmlschemas/ActivityExtension/v2">
        <Speed>1.6</Speed>
       </TPX>
      </Extensions>
     </Trackpoint>
     <Trackpoint>
      <Time>2026-08-01T11:13:56Z</Time>
      <Position>
       <LatitudeDegrees>5.2334380</LatitudeDegrees>
       <LongitudeDegrees>100.4349000</LongitudeDegrees>
      </Position>
      <AltitudeMeters>5.6</AltitudeMeters>
      <DistanceMeters>574.6</DistanceMeters>
      <HeartRateBpm>
       <Value>130</Value>
      </HeartRateBpm>
      <Extensions>
       <TPX xmlns="http://www.garmin.com/xmlschemas/ActivityExtension/v2">
        <Speed>1.7</Speed>
       </TPX>
      </Extensions>
     </Trackpoint>
     <Trackpoint>
      <Time>2026-08-01T11:13:57Z</Time>
      <Position>
       <LatitudeDegrees>5.2334430</LatitudeDegrees>
       <LongitudeDegrees>100.4348950</LongitudeDegrees>
      </Position>
      <AltitudeMeters>5.6</AltitudeMeters>
      <DistanceMeters>575.4</DistanceMeters>
      <HeartRateBpm>
       <Value>131</Value>
      </HeartRateBpm>
      <Extensions>
       <TPX xmlns="http://www.garmin.com/xmlschemas/ActivityExtension/v2">
        <Speed>1.2</Speed>
       </TPX>
      </Extensions>
     </Trackpoint>
     <Trackpoint>
      <Time>2026-08-01T11:13:58Z</Time>
      <Position>
       <LatitudeDegrees>5.2334520</LatitudeDegrees>
       <LongitudeDegrees>100.4348870</LongitudeDegrees>
      </Position>
      <AltitudeMeters>5.6</AltitudeMeters>
      <DistanceMeters>576.7</DistanceMeters>
      <HeartRateBpm>
       <Value>131</Value>
      </HeartRateBpm>
      <Extensions>
       <TPX xmlns="http://www.garmin.com/xmlschemas/ActivityExtension/v2">
        <Speed>1.5</Speed>
       </TPX>
      </Extensions>
     </Trackpoint>
     <Trackpoint>
      <Time>2026-08-01T11:13:59Z</Time>
      <Position>
       <LatitudeDegrees>5.2334610</LatitudeDegrees>
       <LongitudeDegrees>100.4348780</LongitudeDegrees>
      </Position>
      <AltitudeMeters>5.6</AltitudeMeters>
      <DistanceMeters>578.1</DistanceMeters>
      <HeartRateBpm>
       <Value>131</Value>
      </HeartRateBpm>
      <Extensions>
       <TPX xmlns="http://www.garmin.com/xmlschemas/ActivityExtension/v2">
        <Speed>1.8</Speed>
       </TPX>
      </Extensions>
     </Trackpoint>
     <Trackpoint>
      <Time>2026-08-01T11:14:00Z</Time>
      <Position>
       <LatitudeDegrees>5.2334690</LatitudeDegrees>
       <LongitudeDegrees>100.4348690</LongitudeDegrees>
      </Position>
      <AltitudeMeters>5.6</AltitudeMeters>
      <DistanceMeters>579.5</DistanceMeters>
      <HeartRateBpm>
       <Value>131</Value>
      </HeartRateBpm>
      <Extensions>
       <TPX xmlns="http://www.garmin.com/xmlschemas/ActivityExtension/v2">
        <Speed>1.4</Speed>
       </TPX>
      </Extensions>
     </Trackpoint>
     <Trackpoint>
      <Time>2026-08-01T11:14:01Z</Time>
      <Position>
       <LatitudeDegrees>5.2334770</LatitudeDegrees>
       <LongitudeDegrees>100.4348600</LongitudeDegrees>
      </Position>
      <AltitudeMeters>5.6</AltitudeMeters>
      <DistanceMeters>580.8</DistanceMeters>
      <HeartRateBpm>
       <Value>130</Value>
      </HeartRateBpm>
      <Extensions>
       <TPX xmlns="http://www.garmin.com/xmlschemas/ActivityExtension/v2">
        <Speed>1.2</Speed>
       </TPX>
      </Extensions>
     </Trackpoint>
     <Trackpoint>
      <Time>2026-08-01T11:14:02Z</Time>
      <Position>
       <LatitudeDegrees>5.2334850</LatitudeDegrees>
       <LongitudeDegrees>100.4348500</LongitudeDegrees>
      </Position>
      <AltitudeMeters>5.6</AltitudeMeters>
      <DistanceMeters>580.8</DistanceMeters>
      <HeartRateBpm>
       <Value>131</Value>
      </HeartRateBpm>
      <Extensions>
       <TPX xmlns="http://www.garmin.com/xmlschemas/ActivityExtension/v2">
        <Speed>1.1</Speed>
       </TPX>
      </Extensions>
     </Trackpoint>
     <Trackpoint>
      <Time>2026-08-01T11:14:03Z</Time>
      <Position>
       <LatitudeDegrees>5.2334940</LatitudeDegrees>
       <LongitudeDegrees>100.4348380</LongitudeDegrees>
      </Position>
      <AltitudeMeters>5.6</AltitudeMeters>
      <DistanceMeters>583.8</DistanceMeters>
      <HeartRateBpm>
       <Value>131</Value>
      </HeartRateBpm>
      <Extensions>
       <TPX xmlns="http://www.garmin.com/xmlschemas/ActivityExtension/v2">
        <Speed>1.4</Speed>
       </TPX>
      </Extensions>
     </Trackpoint>
     <Trackpoint>
      <Time>2026-08-01T11:14:04Z</Time>
      <Position>
       <LatitudeDegrees>5.2335000</LatitudeDegrees>
       <LongitudeDegrees>100.4348280</LongitudeDegrees>
      </Position>
      <AltitudeMeters>5.7</AltitudeMeters>
      <DistanceMeters>585.1</DistanceMeters>
      <HeartRateBpm>
       <Value>131</Value>
      </HeartRateBpm>
      <Extensions>
       <TPX xmlns="http://www.garmin.com/xmlschemas/ActivityExtension/v2">
        <Speed>1.4</Speed>
       </TPX>
      </Extensions>
     </Trackpoint>
     <Trackpoint>
      <Time>2026-08-01T11:14:05Z</Time>
      <Position>
       <LatitudeDegrees>5.2335060</LatitudeDegrees>
       <LongitudeDegrees>100.4348150</LongitudeDegrees>
      </Position>
      <AltitudeMeters>5.7</AltitudeMeters>
      <DistanceMeters>586.7</DistanceMeters>
      <HeartRateBpm>
       <Value>131</Value>
      </HeartRateBpm>
      <Extensions>
       <TPX xmlns="http://www.garmin.com/xmlschemas/ActivityExtension/v2">
        <Speed>1.4</Speed>
       </TPX>
      </Extensions>
     </Trackpoint>
     <Trackpoint>
      <Time>2026-08-01T11:14:06Z</Time>
      <Position>
       <LatitudeDegrees>5.2335110</LatitudeDegrees>
       <LongitudeDegrees>100.4348030</LongitudeDegrees>
      </Position>
      <AltitudeMeters>5.7</AltitudeMeters>
      <DistanceMeters>588.1</DistanceMeters>
      <HeartRateBpm>
       <Value>131</Value>
      </HeartRateBpm>
      <Extensions>
       <TPX xmlns="http://www.garmin.com/xmlschemas/ActivityExtension/v2">
        <Speed>1.5</Speed>
       </TPX>
      </Extensions>
     </Trackpoint>
     <Trackpoint>
      <Time>2026-08-01T11:14:07Z</Time>
      <Position>
       <LatitudeDegrees>5.2335170</LatitudeDegrees>
       <LongitudeDegrees>100.4347910</LongitudeDegrees>
      </Position>
      <AltitudeMeters>5.7</AltitudeMeters>
      <DistanceMeters>589.6</DistanceMeters>
      <HeartRateBpm>
       <Value>131</Value>
      </HeartRateBpm>
      <Extensions>
       <TPX xmlns="http://www.garmin.com/xmlschemas/ActivityExtension/v2">
        <Speed>1.8</Speed>
       </TPX>
      </Extensions>
     </Trackpoint>
     <Trackpoint>
      <Time>2026-08-01T11:14:08Z</Time>
      <Position>
       <LatitudeDegrees>5.2335240</LatitudeDegrees>
       <LongitudeDegrees>100.4347790</LongitudeDegrees>
      </Position>
      <AltitudeMeters>5.7</AltitudeMeters>
      <DistanceMeters>591.1</DistanceMeters>
      <HeartRateBpm>
       <Value>131</Value>
      </HeartRateBpm>
      <Extensions>
       <TPX xmlns="http://www.garmin.com/xmlschemas/ActivityExtension/v2">
        <Speed>1.5</Speed>
       </TPX>
      </Extensions>
     </Trackpoint>
     <Trackpoint>
      <Time>2026-08-01T11:14:09Z</Time>
      <Position>
       <LatitudeDegrees>5.2335310</LatitudeDegrees>
       <LongitudeDegrees>100.4347680</LongitudeDegrees>
      </Position>
      <AltitudeMeters>5.7</AltitudeMeters>
      <DistanceMeters>592.6</DistanceMeters>
      <HeartRateBpm>
       <Value>131</Value>
      </HeartRateBpm>
      <Extensions>
       <TPX xmlns="http://www.garmin.com/xmlschemas/ActivityExtension/v2">
        <Speed>1.5</Speed>
       </TPX>
      </Extensions>
     </Trackpoint>
     <Trackpoint>
      <Time>2026-08-01T11:14:10Z</Time>
      <Position>
       <LatitudeDegrees>5.2335360</LatitudeDegrees>
       <LongitudeDegrees>100.4347570</LongitudeDegrees>
      </Position>
      <AltitudeMeters>5.7</AltitudeMeters>
      <DistanceMeters>592.6</DistanceMeters>
      <HeartRateBpm>
       <Value>130</Value>
      </HeartRateBpm>
      <Extensions>
       <TPX xmlns="http://www.garmin.com/xmlschemas/ActivityExtension/v2">
        <Speed>1.2</Speed>
       </TPX>
      </Extensions>
     </Trackpoint>
     <Trackpoint>
      <Time>2026-08-01T11:14:11Z</Time>
      <Position>
       <LatitudeDegrees>5.2335420</LatitudeDegrees>
       <LongitudeDegrees>100.4347470</LongitudeDegrees>
      </Position>
      <AltitudeMeters>5.7</AltitudeMeters>
      <DistanceMeters>592.6</DistanceMeters>
      <HeartRateBpm>
       <Value>129</Value>
      </HeartRateBpm>
      <Extensions>
       <TPX xmlns="http://www.garmin.com/xmlschemas/ActivityExtension/v2">
        <Speed>0.9</Speed>
       </TPX>
      </Extensions>
     </Trackpoint>
     <Trackpoint>
      <Time>2026-08-01T11:14:12Z</Time>
      <Position>
       <LatitudeDegrees>5.2335500</LatitudeDegrees>
       <LongitudeDegrees>100.4347370</LongitudeDegrees>
      </Position>
      <AltitudeMeters>5.7</AltitudeMeters>
      <DistanceMeters>596.6</DistanceMeters>
      <HeartRateBpm>
       <Value>129</Value>
      </HeartRateBpm>
      <Extensions>
       <TPX xmlns="http://www.garmin.com/xmlschemas/ActivityExtension/v2">
        <Speed>1.4</Speed>
       </TPX>
      </Extensions>
     </Trackpoint>
     <Trackpoint>
      <Time>2026-08-01T11:14:13Z</Time>
      <Position>
       <LatitudeDegrees>5.2335570</LatitudeDegrees>
       <LongitudeDegrees>100.4347280</LongitudeDegrees>
      </Position>
      <AltitudeMeters>5.7</AltitudeMeters>
      <DistanceMeters>597.9</DistanceMeters>
      <HeartRateBpm>
       <Value>129</Value>
      </HeartRateBpm>
      <Extensions>
       <TPX xmlns="http://www.garmin.com/xmlschemas/ActivityExtension/v2">
        <Speed>1.3</Speed>
       </TPX>
      </Extensions>
     </Trackpoint>
     <Trackpoint>
      <Time>2026-08-01T11:14:14Z</Time>
      <Position>
       <LatitudeDegrees>5.2335650</LatitudeDegrees>
       <LongitudeDegrees>100.4347190</LongitudeDegrees>
      </Position>
      <AltitudeMeters>5.7</AltitudeMeters>
      <DistanceMeters>599.2</DistanceMeters>
      <HeartRateBpm>
       <Value>129</Value>
      </HeartRateBpm>
      <Extensions>
       <TPX xmlns="http://www.garmin.com/xmlschemas/ActivityExtension/v2">
        <Speed>1.3</Speed>
       </TPX>
      </Extensions>
     </Trackpoint>
     <Trackpoint>
      <Time>2026-08-01T11:14:15Z</Time>
      <Position>
       <LatitudeDegrees>5.2335710</LatitudeDegrees>
       <LongitudeDegrees>100.4347070</LongitudeDegrees>
      </Position>
      <AltitudeMeters>5.7</AltitudeMeters>
      <DistanceMeters>600.7</DistanceMeters>
      <HeartRateBpm>
       <Value>129</Value>
      </HeartRateBpm>
      <Extensions>
       <TPX xmlns="http://www.garmin.com/xmlschemas/ActivityExtension/v2">
        <Speed>1.6</Speed>
       </TPX>
      </Extensions>
     </Trackpoint>
     <Trackpoint>
      <Time>2026-08-01T11:14:16Z</Time>
      <Position>
       <LatitudeDegrees>5.2335820</LatitudeDegrees>
       <LongitudeDegrees>100.4346800</LongitudeDegrees>
      </Position>
      <AltitudeMeters>5.7</AltitudeMeters>
      <DistanceMeters>603.9</DistanceMeters>
      <HeartRateBpm>
       <Value>128</Value>
      </HeartRateBpm>
      <Extensions>
       <TPX xmlns="http://www.garmin.com/xmlschemas/ActivityExtension/v2">
        <Speed>2.3</Speed>
       </TPX>
      </Extensions>
     </Trackpoint>
     <Trackpoint>
      <Time>2026-08-01T11:14:17Z</Time>
      <Position>
       <LatitudeDegrees>5.2335880</LatitudeDegrees>
       <LongitudeDegrees>100.4346680</LongitudeDegrees>
      </Position>
      <AltitudeMeters>5.7</AltitudeMeters>
      <DistanceMeters>603.9</DistanceMeters>
      <HeartRateBpm>
       <Value>129</Value>
      </HeartRateBpm>
      <Extensions>
       <TPX xmlns="http://www.garmin.com/xmlschemas/ActivityExtension/v2">
        <Speed>1.5</Speed>
       </TPX>
      </Extensions>
     </Trackpoint>
     <Trackpoint>
      <Time>2026-08-01T11:14:18Z</Time>
      <Position>
       <LatitudeDegrees>5.2335960</LatitudeDegrees>
       <LongitudeDegrees>100.4346550</LongitudeDegrees>
      </Position>
      <AltitudeMeters>5.7</AltitudeMeters>
      <DistanceMeters>607.1</DistanceMeters>
      <HeartRateBpm>
       <Value>129</Value>
      </HeartRateBpm>
      <Extensions>
       <TPX xmlns="http://www.garmin.com/xmlschemas/ActivityExtension/v2">
        <Speed>1.8</Speed>
       </TPX>
      </Extensions>
     </Trackpoint>
     <Trackpoint>
      <Time>2026-08-01T11:14:19Z</Time>
      <Position>
       <LatitudeDegrees>5.2335960</LatitudeDegrees>
       <LongitudeDegrees>100.4346550</LongitudeDegrees>
      </Position>
      <AltitudeMeters>5.7</AltitudeMeters>
      <DistanceMeters>607.1</DistanceMeters>
      <HeartRateBpm>
       <Value>128</Value>
      </HeartRateBpm>
      <Extensions>
       <TPX xmlns="http://www.garmin.com/xmlschemas/ActivityExtension/v2">
        <Speed>1.6</Speed>
       </TPX>
      </Extensions>
     </Trackpoint>
     <Trackpoint>
      <Time>2026-08-01T11:14:20Z</Time>
      <Position>
       <LatitudeDegrees>5.2336020</LatitudeDegrees>
       <LongitudeDegrees>100.4346410</LongitudeDegrees>
      </Position>
      <AltitudeMeters>5.7</AltitudeMeters>
      <DistanceMeters>607.1</DistanceMeters>
      <HeartRateBpm>
       <Value>127</Value>
      </HeartRateBpm>
      <Extensions>
       <TPX xmlns="http://www.garmin.com/xmlschemas/ActivityExtension/v2">
        <Speed>1.3</Speed>
       </TPX>
      </Extensions>
     </Trackpoint>
     <Trackpoint>
      <Time>2026-08-01T11:14:21Z</Time>
      <Position>
       <LatitudeDegrees>5.2336090</LatitudeDegrees>
       <LongitudeDegrees>100.4346270</LongitudeDegrees>
      </Position>
      <AltitudeMeters>5.7</AltitudeMeters>
      <DistanceMeters>610.5</DistanceMeters>
      <HeartRateBpm>
       <Value>128</Value>
      </HeartRateBpm>
      <Extensions>
       <TPX xmlns="http://www.garmin.com/xmlschemas/ActivityExtension/v2">
        <Speed>1.3</Speed>
       </TPX>
      </Extensions>
     </Trackpoint>
     <Trackpoint>
      <Time>2026-08-01T11:14:22Z</Time>
      <Position>
       <LatitudeDegrees>5.2336200</LatitudeDegrees>
       <LongitudeDegrees>100.4346100</LongitudeDegrees>
      </Position>
      <AltitudeMeters>5.7</AltitudeMeters>
      <DistanceMeters>610.5</DistanceMeters>
      <HeartRateBpm>
       <Value>128</Value>
      </HeartRateBpm>
      <Extensions>
       <TPX xmlns="http://www.garmin.com/xmlschemas/ActivityExtension/v2">
        <Speed>1.3</Speed>
       </TPX>
      </Extensions>
     </Trackpoint>
     <Trackpoint>
      <Time>2026-08-01T11:14:23Z</Time>
      <Position>
       <LatitudeDegrees>5.2336270</LatitudeDegrees>
       <LongitudeDegrees>100.4346020</LongitudeDegrees>
      </Position>
      <AltitudeMeters>5.7</AltitudeMeters>
      <DistanceMeters>613.9</DistanceMeters>
      <HeartRateBpm>
       <Value>128</Value>
      </HeartRateBpm>
      <Extensions>
       <TPX xmlns="http://www.garmin.com/xmlschemas/ActivityExtension/v2">
        <Speed>1.4</Speed>
       </TPX>
      </Extensions>
     </Trackpoint>
     <Trackpoint>
      <Time>2026-08-01T11:14:24Z</Time>
      <Position>
       <LatitudeDegrees>5.2336370</LatitudeDegrees>
       <LongitudeDegrees>100.4345930</LongitudeDegrees>
      </Position>
      <AltitudeMeters>5.7</AltitudeMeters>
      <DistanceMeters>613.9</DistanceMeters>
      <HeartRateBpm>
       <Value>128</Value>
      </HeartRateBpm>
      <Extensions>
       <TPX xmlns="http://www.garmin.com/xmlschemas/ActivityExtension/v2">
        <Speed>1.4</Speed>
       </TPX>
      </Extensions>
     </Trackpoint>
     <Trackpoint>
      <Time>2026-08-01T11:14:25Z</Time>
      <Position>
       <LatitudeDegrees>5.2336500</LatitudeDegrees>
       <LongitudeDegrees>100.4345860</LongitudeDegrees>
      </Position>
      <AltitudeMeters>5.7</AltitudeMeters>
      <DistanceMeters>617.1</DistanceMeters>
      <HeartRateBpm>
       <Value>129</Value>
      </HeartRateBpm>
      <Extensions>
       <TPX xmlns="http://www.garmin.com/xmlschemas/ActivityExtension/v2">
        <Speed>2.0</Speed>
       </TPX>
      </Extensions>
     </Trackpoint>
     <Trackpoint>
      <Time>2026-08-01T11:14:26Z</Time>
      <Position>
       <LatitudeDegrees>5.2336630</LatitudeDegrees>
       <LongitudeDegrees>100.4345800</LongitudeDegrees>
      </Position>
      <AltitudeMeters>5.7</AltitudeMeters>
      <DistanceMeters>617.1</DistanceMeters>
      <HeartRateBpm>
       <Value>129</Value>
      </HeartRateBpm>
      <Extensions>
       <TPX xmlns="http://www.garmin.com/xmlschemas/ActivityExtension/v2">
        <Speed>1.3</Speed>
       </TPX>
      </Extensions>
     </Trackpoint>
     <Trackpoint>
      <Time>2026-08-01T11:14:27Z</Time>
      <Position>
       <LatitudeDegrees>5.2336760</LatitudeDegrees>
       <LongitudeDegrees>100.4345750</LongitudeDegrees>
      </Position>
      <AltitudeMeters>5.7</AltitudeMeters>
      <DistanceMeters>620.2</DistanceMeters>
      <HeartRateBpm>
       <Value>129</Value>
      </HeartRateBpm>
      <Extensions>
       <TPX xmlns="http://www.garmin.com/xmlschemas/ActivityExtension/v2">
        <Speed>1.9</Speed>
       </TPX>
      </Extensions>
     </Trackpoint>
     <Trackpoint>
      <Time>2026-08-01T11:14:28Z</Time>
      <Position>
       <LatitudeDegrees>5.2336900</LatitudeDegrees>
       <LongitudeDegrees>100.4345740</LongitudeDegrees>
      </Position>
      <AltitudeMeters>5.7</AltitudeMeters>
      <DistanceMeters>621.7</DistanceMeters>
      <HeartRateBpm>
       <Value>128</Value>
      </HeartRateBpm>
      <Extensions>
       <TPX xmlns="http://www.garmin.com/xmlschemas/ActivityExtension/v2">
        <Speed>1.6</Speed>
       </TPX>
      </Extensions>
     </Trackpoint>
     <Trackpoint>
      <Time>2026-08-01T11:14:29Z</Time>
      <Position>
       <LatitudeDegrees>5.2336970</LatitudeDegrees>
       <LongitudeDegrees>100.4345660</LongitudeDegrees>
      </Position>
      <AltitudeMeters>5.7</AltitudeMeters>
      <DistanceMeters>622.8</DistanceMeters>
      <HeartRateBpm>
       <Value>128</Value>
      </HeartRateBpm>
      <Extensions>
       <TPX xmlns="http://www.garmin.com/xmlschemas/ActivityExtension/v2">
        <Speed>1.8</Speed>
       </TPX>
      </Extensions>
     </Trackpoint>
     <Trackpoint>
      <Time>2026-08-01T11:14:30Z</Time>
      <Position>
       <LatitudeDegrees>5.2337110</LatitudeDegrees>
       <LongitudeDegrees>100.4345630</LongitudeDegrees>
      </Position>
      <AltitudeMeters>5.7</AltitudeMeters>
      <DistanceMeters>624.3</DistanceMeters>
      <HeartRateBpm>
       <Value>128</Value>
      </HeartRateBpm>
      <Extensions>
       <TPX xmlns="http://www.garmin.com/xmlschemas/ActivityExtension/v2">
        <Speed>1.4</Speed>
       </TPX>
      </Extensions>
     </Trackpoint>
     <Trackpoint>
      <Time>2026-08-01T11:14:31Z</Time>
      <Position>
       <LatitudeDegrees>5.2337200</LatitudeDegrees>
       <LongitudeDegrees>100.4345630</LongitudeDegrees>
      </Position>
      <AltitudeMeters>5.7</AltitudeMeters>
      <DistanceMeters>624.3</DistanceMeters>
      <HeartRateBpm>
       <Value>128</Value>
      </HeartRateBpm>
      <Extensions>
       <TPX xmlns="http://www.garmin.com/xmlschemas/ActivityExtension/v2">
        <Speed>1.4</Speed>
       </TPX>
      </Extensions>
     </Trackpoint>
     <Trackpoint>
      <Time>2026-08-01T11:14:32Z</Time>
      <Position>
       <LatitudeDegrees>5.2337330</LatitudeDegrees>
       <LongitudeDegrees>100.4345640</LongitudeDegrees>
      </Position>
      <AltitudeMeters>5.7</AltitudeMeters>
      <DistanceMeters>624.3</DistanceMeters>
      <HeartRateBpm>
       <Value>128</Value>
      </HeartRateBpm>
      <Extensions>
       <TPX xmlns="http://www.garmin.com/xmlschemas/ActivityExtension/v2">
        <Speed>0.8</Speed>
       </TPX>
      </Extensions>
     </Trackpoint>
     <Trackpoint>
      <Time>2026-08-01T11:14:33Z</Time>
      <Position>
       <LatitudeDegrees>5.2337460</LatitudeDegrees>
       <LongitudeDegrees>100.4345660</LongitudeDegrees>
      </Position>
      <AltitudeMeters>5.7</AltitudeMeters>
      <DistanceMeters>628.2</DistanceMeters>
      <HeartRateBpm>
       <Value>128</Value>
      </HeartRateBpm>
      <Extensions>
       <TPX xmlns="http://www.garmin.com/xmlschemas/ActivityExtension/v2">
        <Speed>1.3</Speed>
       </TPX>
      </Extensions>
     </Trackpoint>
     <Trackpoint>
      <Time>2026-08-01T11:14:34Z</Time>
      <Position>
       <LatitudeDegrees>5.2337600</LatitudeDegrees>
       <LongitudeDegrees>100.4345670</LongitudeDegrees>
      </Position>
      <AltitudeMeters>5.7</AltitudeMeters>
      <DistanceMeters>629.7</DistanceMeters>
      <HeartRateBpm>
       <Value>128</Value>
      </HeartRateBpm>
      <Extensions>
       <TPX xmlns="http://www.garmin.com/xmlschemas/ActivityExtension/v2">
        <Speed>1.4</Speed>
       </TPX>
      </Extensions>
     </Trackpoint>
     <Trackpoint>
      <Time>2026-08-01T11:14:35Z</Time>
      <Position>
       <LatitudeDegrees>5.2337730</LatitudeDegrees>
       <LongitudeDegrees>100.4345660</LongitudeDegrees>
      </Position>
      <AltitudeMeters>5.7</AltitudeMeters>
      <DistanceMeters>631.2</DistanceMeters>
      <HeartRateBpm>
       <Value>128</Value>
      </HeartRateBpm>
      <Extensions>
       <TPX xmlns="http://www.garmin.com/xmlschemas/ActivityExtension/v2">
        <Speed>1.4</Speed>
       </TPX>
      </Extensions>
     </Trackpoint>
     <Trackpoint>
      <Time>2026-08-01T11:14:36Z</Time>
      <Position>
       <LatitudeDegrees>5.2337860</LatitudeDegrees>
       <LongitudeDegrees>100.4345640</LongitudeDegrees>
      </Position>
      <AltitudeMeters>5.7</AltitudeMeters>
      <DistanceMeters>632.6</DistanceMeters>
      <HeartRateBpm>
       <Value>129</Value>
      </HeartRateBpm>
      <Extensions>
       <TPX xmlns="http://www.garmin.com/xmlschemas/ActivityExtension/v2">
        <Speed>1.7</Speed>
       </TPX>
      </Extensions>
     </Trackpoint>
     <Trackpoint>
      <Time>2026-08-01T11:14:37Z</Time>
      <Position>
       <LatitudeDegrees>5.2338020</LatitudeDegrees>
       <LongitudeDegrees>100.4345610</LongitudeDegrees>
      </Position>
      <AltitudeMeters>5.7</AltitudeMeters>
      <DistanceMeters>632.6</DistanceMeters>
      <HeartRateBpm>
       <Value>129</Value>
      </HeartRateBpm>
      <Extensions>
       <TPX xmlns="http://www.garmin.com/xmlschemas/ActivityExtension/v2">
        <Speed>1.7</Speed>
       </TPX>
      </Extensions>
     </Trackpoint>
     <Trackpoint>
      <Time>2026-08-01T11:14:38Z</Time>
      <Position>
       <LatitudeDegrees>5.2338130</LatitudeDegrees>
       <LongitudeDegrees>100.4345590</LongitudeDegrees>
      </Position>
      <AltitudeMeters>5.6</AltitudeMeters>
      <DistanceMeters>635.7</DistanceMeters>
      <HeartRateBpm>
       <Value>129</Value>
      </HeartRateBpm>
      <Extensions>
       <TPX xmlns="http://www.garmin.com/xmlschemas/ActivityExtension/v2">
        <Speed>1.5</Speed>
       </TPX>
      </Extensions>
     </Trackpoint>
     <Trackpoint>
      <Time>2026-08-01T11:14:39Z</Time>
      <Position>
       <LatitudeDegrees>5.2338250</LatitudeDegrees>
       <LongitudeDegrees>100.4345570</LongitudeDegrees>
      </Position>
      <AltitudeMeters>5.6</AltitudeMeters>
      <DistanceMeters>637.1</DistanceMeters>
      <HeartRateBpm>
       <Value>129</Value>
      </HeartRateBpm>
      <Extensions>
       <TPX xmlns="http://www.garmin.com/xmlschemas/ActivityExtension/v2">
        <Speed>1.5</Speed>
       </TPX>
      </Extensions>
     </Trackpoint>
     <Trackpoint>
      <Time>2026-08-01T11:14:40Z</Time>
      <Position>
       <LatitudeDegrees>5.2338380</LatitudeDegrees>
       <LongitudeDegrees>100.4345540</LongitudeDegrees>
      </Position>
      <AltitudeMeters>5.6</AltitudeMeters>
      <DistanceMeters>638.6</DistanceMeters>
      <HeartRateBpm>
       <Value>129</Value>
      </HeartRateBpm>
      <Extensions>
       <TPX xmlns="http://www.garmin.com/xmlschemas/ActivityExtension/v2">
        <Speed>1.5</Speed>
       </TPX>
      </Extensions>
     </Trackpoint>
     <Trackpoint>
      <Time>2026-08-01T11:14:41Z</Time>
      <Position>
       <LatitudeDegrees>5.2338510</LatitudeDegrees>
       <LongitudeDegrees>100.4345510</LongitudeDegrees>
      </Position>
      <AltitudeMeters>5.6</AltitudeMeters>
      <DistanceMeters>640.1</DistanceMeters>
      <HeartRateBpm>
       <Value>129</Value>
      </HeartRateBpm>
      <Extensions>
       <TPX xmlns="http://www.garmin.com/xmlschemas/ActivityExtension/v2">
        <Speed>1.5</Speed>
       </TPX>
      </Extensions>
     </Trackpoint>
     <Trackpoint>
      <Time>2026-08-01T11:14:42Z</Time>
      <Position>
       <LatitudeDegrees>5.2338610</LatitudeDegrees>
       <LongitudeDegrees>100.4345430</LongitudeDegrees>
      </Position>
      <AltitudeMeters>5.6</AltitudeMeters>
      <DistanceMeters>640.1</DistanceMeters>
      <HeartRateBpm>
       <Value>129</Value>
      </HeartRateBpm>
      <Extensions>
       <TPX xmlns="http://www.garmin.com/xmlschemas/ActivityExtension/v2">
        <Speed>1.5</Speed>
       </TPX>
      </Extensions>
     </Trackpoint>
     <Trackpoint>
      <Time>2026-08-01T11:14:43Z</Time>
      <Position>
       <LatitudeDegrees>5.2338720</LatitudeDegrees>
       <LongitudeDegrees>100.4345370</LongitudeDegrees>
      </Position>
      <AltitudeMeters>5.6</AltitudeMeters>
      <DistanceMeters>640.1</DistanceMeters>
      <HeartRateBpm>
       <Value>129</Value>
      </HeartRateBpm>
      <Extensions>
       <TPX xmlns="http://www.garmin.com/xmlschemas/ActivityExtension/v2">
        <Speed>0.9</Speed>
       </TPX>
      </Extensions>
     </Trackpoint>
     <Trackpoint>
      <Time>2026-08-01T11:14:44Z</Time>
      <Position>
       <LatitudeDegrees>5.2338780</LatitudeDegrees>
       <LongitudeDegrees>100.4345400</LongitudeDegrees>
      </Position>
      <AltitudeMeters>5.6</AltitudeMeters>
      <DistanceMeters>643.3</DistanceMeters>
      <HeartRateBpm>
       <Value>129</Value>
      </HeartRateBpm>
      <Extensions>
       <TPX xmlns="http://www.garmin.com/xmlschemas/ActivityExtension/v2">
        <Speed>1.2</Speed>
       </TPX>
      </Extensions>
     </Trackpoint>
     <Trackpoint>
      <Time>2026-08-01T11:14:45Z</Time>
      <Position>
       <LatitudeDegrees>5.2338890</LatitudeDegrees>
       <LongitudeDegrees>100.4345420</LongitudeDegrees>
      </Position>
      <AltitudeMeters>5.6</AltitudeMeters>
      <DistanceMeters>643.3</DistanceMeters>
      <HeartRateBpm>
       <Value>129</Value>
      </HeartRateBpm>
      <Extensions>
       <TPX xmlns="http://www.garmin.com/xmlschemas/ActivityExtension/v2">
        <Speed>0.9</Speed>
       </TPX>
      </Extensions>
     </Trackpoint>
     <Trackpoint>
      <Time>2026-08-01T11:14:46Z</Time>
      <Position>
       <LatitudeDegrees>5.2339000</LatitudeDegrees>
       <LongitudeDegrees>100.4345430</LongitudeDegrees>
      </Position>
      <AltitudeMeters>5.6</AltitudeMeters>
      <DistanceMeters>643.3</DistanceMeters>
      <HeartRateBpm>
       <Value>129</Value>
      </HeartRateBpm>
      <Extensions>
       <TPX xmlns="http://www.garmin.com/xmlschemas/ActivityExtension/v2">
        <Speed>0.6</Speed>
       </TPX>
      </Extensions>
     </Trackpoint>
     <Trackpoint>
      <Time>2026-08-01T11:14:47Z</Time>
      <Position>
       <LatitudeDegrees>5.2339140</LatitudeDegrees>
       <LongitudeDegrees>100.4345410</LongitudeDegrees>
      </Position>
      <AltitudeMeters>5.6</AltitudeMeters>
      <DistanceMeters>647.3</DistanceMeters>
      <HeartRateBpm>
       <Value>128</Value>
      </HeartRateBpm>
      <Extensions>
       <TPX xmlns="http://www.garmin.com/xmlschemas/ActivityExtension/v2">
        <Speed>1.4</Speed>
       </TPX>
      </Extensions>
     </Trackpoint>
     <Trackpoint>
      <Time>2026-08-01T11:14:48Z</Time>
      <Position>
       <LatitudeDegrees>5.2339240</LatitudeDegrees>
       <LongitudeDegrees>100.4345390</LongitudeDegrees>
      </Position>
      <AltitudeMeters>5.6</AltitudeMeters>
      <DistanceMeters>647.3</DistanceMeters>
      <HeartRateBpm>
       <Value>127</Value>
      </HeartRateBpm>
      <Extensions>
       <TPX xmlns="http://www.garmin.com/xmlschemas/ActivityExtension/v2">
        <Speed>1.4</Speed>
       </TPX>
      </Extensions>
     </Trackpoint>
     <Trackpoint>
      <Time>2026-08-01T11:14:49Z</Time>
      <Position>
       <LatitudeDegrees>5.2339350</LatitudeDegrees>
       <LongitudeDegrees>100.4345380</LongitudeDegrees>
      </Position>
      <AltitudeMeters>5.6</AltitudeMeters>
      <DistanceMeters>647.3</DistanceMeters>
      <HeartRateBpm>
       <Value>127</Value>
      </HeartRateBpm>
      <Extensions>
       <TPX xmlns="http://www.garmin.com/xmlschemas/ActivityExtension/v2">
        <Speed>0.8</Speed>
       </TPX>
      </Extensions>
     </Trackpoint>
     <Trackpoint>
      <Time>2026-08-01T11:14:50Z</Time>
      <Position>
       <LatitudeDegrees>5.2339490</LatitudeDegrees>
       <LongitudeDegrees>100.4345390</LongitudeDegrees>
      </Position>
      <AltitudeMeters>5.6</AltitudeMeters>
      <DistanceMeters>651.2</DistanceMeters>
      <HeartRateBpm>
       <Value>128</Value>
      </HeartRateBpm>
      <Extensions>
       <TPX xmlns="http://www.garmin.com/xmlschemas/ActivityExtension/v2">
        <Speed>1.6</Speed>
       </TPX>
      </Extensions>
     </Trackpoint>
     <Trackpoint>
      <Time>2026-08-01T11:14:51Z</Time>
      <Position>
       <LatitudeDegrees>5.2339610</LatitudeDegrees>
       <LongitudeDegrees>100.4345390</LongitudeDegrees>
      </Position>
      <AltitudeMeters>5.6</AltitudeMeters>
      <DistanceMeters>652.5</DistanceMeters>
      <HeartRateBpm>
       <Value>128</Value>
      </HeartRateBpm>
      <Extensions>
       <TPX xmlns="http://www.garmin.com/xmlschemas/ActivityExtension/v2">
        <Speed>1.8</Speed>
       </TPX>
      </Extensions>
     </Trackpoint>
     <Trackpoint>
      <Time>2026-08-01T11:14:52Z</Time>
      <Position>
       <LatitudeDegrees>5.2339740</LatitudeDegrees>
       <LongitudeDegrees>100.4345380</LongitudeDegrees>
      </Position>
      <AltitudeMeters>5.6</AltitudeMeters>
      <DistanceMeters>654.0</DistanceMeters>
      <HeartRateBpm>
       <Value>129</Value>
      </HeartRateBpm>
      <Extensions>
       <TPX xmlns="http://www.garmin.com/xmlschemas/ActivityExtension/v2">
        <Speed>1.3</Speed>
       </TPX>
      </Extensions>
     </Trackpoint>
     <Trackpoint>
      <Time>2026-08-01T11:14:53Z</Time>
      <Position>
       <LatitudeDegrees>5.2339870</LatitudeDegrees>
       <LongitudeDegrees>100.4345390</LongitudeDegrees>
      </Position>
      <AltitudeMeters>5.6</AltitudeMeters>
      <DistanceMeters>655.4</DistanceMeters>
      <HeartRateBpm>
       <Value>129</Value>
      </HeartRateBpm>
      <Extensions>
       <TPX xmlns="http://www.garmin.com/xmlschemas/ActivityExtension/v2">
        <Speed>1.6</Speed>
       </TPX>
      </Extensions>
     </Trackpoint>
     <Trackpoint>
      <Time>2026-08-01T11:14:54Z</Time>
      <Position>
       <LatitudeDegrees>5.2340000</LatitudeDegrees>
       <LongitudeDegrees>100.4345390</LongitudeDegrees>
      </Position>
      <AltitudeMeters>5.6</AltitudeMeters>
      <DistanceMeters>655.4</DistanceMeters>
      <HeartRateBpm>
       <Value>128</Value>
      </HeartRateBpm>
      <Extensions>
       <TPX xmlns="http://www.garmin.com/xmlschemas/ActivityExtension/v2">
        <Speed>1.6</Speed>
       </TPX>
      </Extensions>
     </Trackpoint>
     <Trackpoint>
      <Time>2026-08-01T11:14:55Z</Time>
      <Position>
       <LatitudeDegrees>5.2340230</LatitudeDegrees>
       <LongitudeDegrees>100.4345370</LongitudeDegrees>
      </Position>
      <AltitudeMeters>5.6</AltitudeMeters>
      <DistanceMeters>659.4</DistanceMeters>
      <HeartRateBpm>
       <Value>129</Value>
      </HeartRateBpm>
      <Extensions>
       <TPX xmlns="http://www.garmin.com/xmlschemas/ActivityExtension/v2">
        <Speed>1.6</Speed>
       </TPX>
      </Extensions>
     </Trackpoint>
     <Trackpoint>
      <Time>2026-08-01T11:14:56Z</Time>
      <Position>
       <LatitudeDegrees>5.2340400</LatitudeDegrees>
       <LongitudeDegrees>100.4345380</LongitudeDegrees>
      </Position>
      <AltitudeMeters>5.6</AltitudeMeters>
      <DistanceMeters>659.4</DistanceMeters>
      <HeartRateBpm>
       <Value>129</Value>
      </HeartRateBpm>
      <Extensions>
       <TPX xmlns="http://www.garmin.com/xmlschemas/ActivityExtension/v2">
        <Speed>1.4</Speed>
       </TPX>
      </Extensions>
     </Trackpoint>
     <Trackpoint>
      <Time>2026-08-01T11:14:57Z</Time>
      <Position>
       <LatitudeDegrees>5.2340400</LatitudeDegrees>
       <LongitudeDegrees>100.4345380</LongitudeDegrees>
      </Position>
      <AltitudeMeters>5.6</AltitudeMeters>
      <DistanceMeters>659.4</DistanceMeters>
      <HeartRateBpm>
       <Value>129</Value>
      </HeartRateBpm>
      <Extensions>
       <TPX xmlns="http://www.garmin.com/xmlschemas/ActivityExtension/v2">
        <Speed>1.1</Speed>
       </TPX>
      </Extensions>
     </Trackpoint>
     <Trackpoint>
      <Time>2026-08-01T11:14:58Z</Time>
      <Position>
       <LatitudeDegrees>5.2340510</LatitudeDegrees>
       <LongitudeDegrees>100.4345360</LongitudeDegrees>
      </Position>
      <AltitudeMeters>5.6</AltitudeMeters>
      <DistanceMeters>662.5</DistanceMeters>
      <HeartRateBpm>
       <Value>129</Value>
      </HeartRateBpm>
      <Extensions>
       <TPX xmlns="http://www.garmin.com/xmlschemas/ActivityExtension/v2">
        <Speed>1.4</Speed>
       </TPX>
      </Extensions>
     </Trackpoint>
     <Trackpoint>
      <Time>2026-08-01T11:14:59Z</Time>
      <Position>
       <LatitudeDegrees>5.2340650</LatitudeDegrees>
       <LongitudeDegrees>100.4345350</LongitudeDegrees>
      </Position>
      <AltitudeMeters>5.6</AltitudeMeters>
      <DistanceMeters>662.5</DistanceMeters>
      <HeartRateBpm>
       <Value>129</Value>
      </HeartRateBpm>
      <Extensions>
       <TPX xmlns="http://www.garmin.com/xmlschemas/ActivityExtension/v2">
        <Speed>1.4</Speed>
       </TPX>
      </Extensions>
     </Trackpoint>
     <Trackpoint>
      <Time>2026-08-01T11:15:00Z</Time>
      <Position>
       <LatitudeDegrees>5.2340790</LatitudeDegrees>
       <LongitudeDegrees>100.4345340</LongitudeDegrees>
      </Position>
      <AltitudeMeters>5.6</AltitudeMeters>
      <DistanceMeters>665.7</DistanceMeters>
      <HeartRateBpm>
       <Value>129</Value>
      </HeartRateBpm>
      <Extensions>
       <TPX xmlns="http://www.garmin.com/xmlschemas/ActivityExtension/v2">
        <Speed>1.3</Speed>
       </TPX>
      </Extensions>
     </Trackpoint>
     <Trackpoint>
      <Time>2026-08-01T11:15:01Z</Time>
      <Position>
       <LatitudeDegrees>5.2340930</LatitudeDegrees>
       <LongitudeDegrees>100.4345330</LongitudeDegrees>
      </Position>
      <AltitudeMeters>5.6</AltitudeMeters>
      <DistanceMeters>665.7</DistanceMeters>
      <HeartRateBpm>
       <Value>129</Value>
      </HeartRateBpm>
      <Extensions>
       <TPX xmlns="http://www.garmin.com/xmlschemas/ActivityExtension/v2">
        <Speed>1.3</Speed>
       </TPX>
      </Extensions>
     </Trackpoint>
     <Trackpoint>
      <Time>2026-08-01T11:15:02Z</Time>
      <Position>
       <LatitudeDegrees>5.2341070</LatitudeDegrees>
       <LongitudeDegrees>100.4345310</LongitudeDegrees>
      </Position>
      <AltitudeMeters>5.6</AltitudeMeters>
      <DistanceMeters>668.7</DistanceMeters>
      <HeartRateBpm>
       <Value>129</Value>
      </HeartRateBpm>
      <Extensions>
       <TPX xmlns="http://www.garmin.com/xmlschemas/ActivityExtension/v2">
        <Speed>1.9</Speed>
       </TPX>
      </Extensions>
     </Trackpoint>
     <Trackpoint>
      <Time>2026-08-01T11:15:03Z</Time>
      <Position>
       <LatitudeDegrees>5.2341250</LatitudeDegrees>
       <LongitudeDegrees>100.4345270</LongitudeDegrees>
      </Position>
      <AltitudeMeters>5.6</AltitudeMeters>
      <DistanceMeters>668.7</DistanceMeters>
      <HeartRateBpm>
       <Value>129</Value>
      </HeartRateBpm>
      <Extensions>
       <TPX xmlns="http://www.garmin.com/xmlschemas/ActivityExtension/v2">
        <Speed>1.2</Speed>
       </TPX>
      </Extensions>
     </Trackpoint>
     <Trackpoint>
      <Time>2026-08-01T11:15:04Z</Time>
      <Position>
       <LatitudeDegrees>5.2341340</LatitudeDegrees>
       <LongitudeDegrees>100.4345230</LongitudeDegrees>
      </Position>
      <AltitudeMeters>5.6</AltitudeMeters>
      <DistanceMeters>672.0</DistanceMeters>
      <HeartRateBpm>
       <Value>129</Value>
      </HeartRateBpm>
      <Extensions>
       <TPX xmlns="http://www.garmin.com/xmlschemas/ActivityExtension/v2">
        <Speed>1.9</Speed>
       </TPX>
      </Extensions>
     </Trackpoint>
     <Trackpoint>
      <Time>2026-08-01T11:15:05Z</Time>
      <Position>
       <LatitudeDegrees>5.2341480</LatitudeDegrees>
       <LongitudeDegrees>100.4345180</LongitudeDegrees>
      </Position>
      <AltitudeMeters>5.6</AltitudeMeters>
      <DistanceMeters>672.0</DistanceMeters>
      <HeartRateBpm>
       <Value>129</Value>
      </HeartRateBpm>
      <Extensions>
       <TPX xmlns="http://www.garmin.com/xmlschemas/ActivityExtension/v2">
        <Speed>1.3</Speed>
       </TPX>
      </Extensions>
     </Trackpoint>
     <Trackpoint>
      <Time>2026-08-01T11:15:06Z</Time>
      <Position>
       <LatitudeDegrees>5.2341610</LatitudeDegrees>
       <LongitudeDegrees>100.4345100</LongitudeDegrees>
      </Position>
      <AltitudeMeters>5.6</AltitudeMeters>
      <DistanceMeters>675.2</DistanceMeters>
      <HeartRateBpm>
       <Value>129</Value>
      </HeartRateBpm>
      <Extensions>
       <TPX xmlns="http://www.garmin.com/xmlschemas/ActivityExtension/v2">
        <Speed>1.9</Speed>
       </TPX>
      </Extensions>
     </Trackpoint>
     <Trackpoint>
      <Time>2026-08-01T11:15:07Z</Time>
      <Position>
       <LatitudeDegrees>5.2341730</LatitudeDegrees>
       <LongitudeDegrees>100.4345040</LongitudeDegrees>
      </Position>
      <AltitudeMeters>5.6</AltitudeMeters>
      <DistanceMeters>676.7</DistanceMeters>
      <HeartRateBpm>
       <Value>129</Value>
      </HeartRateBpm>
      <Extensions>
       <TPX xmlns="http://www.garmin.com/xmlschemas/ActivityExtension/v2">
        <Speed>1.6</Speed>
       </TPX>
      </Extensions>
     </Trackpoint>
     <Trackpoint>
      <Time>2026-08-01T11:15:08Z</Time>
      <Position>
       <LatitudeDegrees>5.2341850</LatitudeDegrees>
       <LongitudeDegrees>100.4345000</LongitudeDegrees>
      </Position>
      <AltitudeMeters>5.6</AltitudeMeters>
      <DistanceMeters>678.1</DistanceMeters>
      <HeartRateBpm>
       <Value>129</Value>
      </HeartRateBpm>
      <Extensions>
       <TPX xmlns="http://www.garmin.com/xmlschemas/ActivityExtension/v2">
        <Speed>1.9</Speed>
       </TPX>
      </Extensions>
     </Trackpoint>
     <Trackpoint>
      <Time>2026-08-01T11:15:09Z</Time>
      <Position>
       <LatitudeDegrees>5.2341980</LatitudeDegrees>
       <LongitudeDegrees>100.4344970</LongitudeDegrees>
      </Position>
      <AltitudeMeters>5.6</AltitudeMeters>
      <DistanceMeters>679.6</DistanceMeters>
      <HeartRateBpm>
       <Value>129</Value>
      </HeartRateBpm>
      <Extensions>
       <TPX xmlns="http://www.garmin.com/xmlschemas/ActivityExtension/v2">
        <Speed>1.5</Speed>
       </TPX>
      </Extensions>
     </Trackpoint>
     <Trackpoint>
      <Time>2026-08-01T11:15:10Z</Time>
      <Position>
       <LatitudeDegrees>5.2342090</LatitudeDegrees>
       <LongitudeDegrees>100.4344950</LongitudeDegrees>
      </Position>
      <AltitudeMeters>5.6</AltitudeMeters>
      <DistanceMeters>679.6</DistanceMeters>
      <HeartRateBpm>
       <Value>129</Value>
      </HeartRateBpm>
      <Extensions>
       <TPX xmlns="http://www.garmin.com/xmlschemas/ActivityExtension/v2">
        <Speed>1.5</Speed>
       </TPX>
      </Extensions>
     </Trackpoint>
     <Trackpoint>
      <Time>2026-08-01T11:15:11Z</Time>
      <Position>
       <LatitudeDegrees>5.2342210</LatitudeDegrees>
       <LongitudeDegrees>100.4344930</LongitudeDegrees>
      </Position>
      <AltitudeMeters>5.6</AltitudeMeters>
      <DistanceMeters>679.6</DistanceMeters>
      <HeartRateBpm>
       <Value>129</Value>
      </HeartRateBpm>
      <Extensions>
       <TPX xmlns="http://www.garmin.com/xmlschemas/ActivityExtension/v2">
        <Speed>0.9</Speed>
       </TPX>
      </Extensions>
     </Trackpoint>
     <Trackpoint>
      <Time>2026-08-01T11:15:12Z</Time>
      <Position>
       <LatitudeDegrees>5.2342330</LatitudeDegrees>
       <LongitudeDegrees>100.4344900</LongitudeDegrees>
      </Position>
      <AltitudeMeters>5.6</AltitudeMeters>
      <DistanceMeters>683.6</DistanceMeters>
      <HeartRateBpm>
       <Value>129</Value>
      </HeartRateBpm>
      <Extensions>
       <TPX xmlns="http://www.garmin.com/xmlschemas/ActivityExtension/v2">
        <Speed>1.4</Speed>
       </TPX>
      </Extensions>
     </Trackpoint>
     <Trackpoint>
      <Time>2026-08-01T11:15:13Z</Time>
      <Position>
       <LatitudeDegrees>5.2342450</LatitudeDegrees>
       <LongitudeDegrees>100.4344850</LongitudeDegrees>
      </Position>
      <AltitudeMeters>5.6</AltitudeMeters>
      <DistanceMeters>685.1</DistanceMeters>
      <HeartRateBpm>
       <Value>128</Value>
      </HeartRateBpm>
      <Extensions>
       <TPX xmlns="http://www.garmin.com/xmlschemas/ActivityExtension/v2">
        <Speed>1.4</Speed>
       </TPX>
      </Extensions>
     </Trackpoint>
     <Trackpoint>
      <Time>2026-08-01T11:15:14Z</Time>
      <Position>
       <LatitudeDegrees>5.2342580</LatitudeDegrees>
       <LongitudeDegrees>100.4344790</LongitudeDegrees>
      </Position>
      <AltitudeMeters>5.6</AltitudeMeters>
      <DistanceMeters>686.6</DistanceMeters>
      <HeartRateBpm>
       <Value>128</Value>
      </HeartRateBpm>
      <Extensions>
       <TPX xmlns="http://www.garmin.com/xmlschemas/ActivityExtension/v2">
        <Speed>1.4</Speed>
       </TPX>
      </Extensions>
     </Trackpoint>
     <Trackpoint>
      <Time>2026-08-01T11:15:15Z</Time>
      <Position>
       <LatitudeDegrees>5.2342700</LatitudeDegrees>
       <LongitudeDegrees>100.4344740</LongitudeDegrees>
      </Position>
      <AltitudeMeters>5.6</AltitudeMeters>
      <DistanceMeters>688.1</DistanceMeters>
      <HeartRateBpm>
       <Value>128</Value>
      </HeartRateBpm>
      <Extensions>
       <TPX xmlns="http://www.garmin.com/xmlschemas/ActivityExtension/v2">
        <Speed>1.7</Speed>
       </TPX>
      </Extensions>
     </Trackpoint>
     <Trackpoint>
      <Time>2026-08-01T11:15:16Z</Time>
      <Position>
       <LatitudeDegrees>5.2342870</LatitudeDegrees>
       <LongitudeDegrees>100.4344700</LongitudeDegrees>
      </Position>
      <AltitudeMeters>5.7</AltitudeMeters>
      <DistanceMeters>688.1</DistanceMeters>
      <HeartRateBpm>
       <Value>128</Value>
      </HeartRateBpm>
      <Extensions>
       <TPX xmlns="http://www.garmin.com/xmlschemas/ActivityExtension/v2">
        <Speed>1.7</Speed>
       </TPX>
      </Extensions>
     </Trackpoint>
     <Trackpoint>
      <Time>2026-08-01T11:15:17Z</Time>
      <Position>
       <LatitudeDegrees>5.2343000</LatitudeDegrees>
       <LongitudeDegrees>100.4344680</LongitudeDegrees>
      </Position>
      <AltitudeMeters>5.7</AltitudeMeters>
      <DistanceMeters>691.4</DistanceMeters>
      <HeartRateBpm>
       <Value>128</Value>
      </HeartRateBpm>
      <Extensions>
       <TPX xmlns="http://www.garmin.com/xmlschemas/ActivityExtension/v2">
        <Speed>1.6</Speed>
       </TPX>
      </Extensions>
     </Trackpoint>
     <Trackpoint>
      <Time>2026-08-01T11:15:18Z</Time>
      <Position>
       <LatitudeDegrees>5.2343130</LatitudeDegrees>
       <LongitudeDegrees>100.4344660</LongitudeDegrees>
      </Position>
      <AltitudeMeters>5.7</AltitudeMeters>
      <DistanceMeters>692.9</DistanceMeters>
      <HeartRateBpm>
       <Value>128</Value>
      </HeartRateBpm>
      <Extensions>
       <TPX xmlns="http://www.garmin.com/xmlschemas/ActivityExtension/v2">
        <Speed>1.6</Speed>
       </TPX>
      </Extensions>
     </Trackpoint>
     <Trackpoint>
      <Time>2026-08-01T11:15:19Z</Time>
      <Position>
       <LatitudeDegrees>5.2343250</LatitudeDegrees>
       <LongitudeDegrees>100.4344640</LongitudeDegrees>
      </Position>
      <AltitudeMeters>5.7</AltitudeMeters>
      <DistanceMeters>694.3</DistanceMeters>
      <HeartRateBpm>
       <Value>128</Value>
      </HeartRateBpm>
      <Extensions>
       <TPX xmlns="http://www.garmin.com/xmlschemas/ActivityExtension/v2">
        <Speed>1.5</Speed>
       </TPX>
      </Extensions>
     </Trackpoint>
     <Trackpoint>
      <Time>2026-08-01T11:15:20Z</Time>
      <Position>
       <LatitudeDegrees>5.2343370</LatitudeDegrees>
       <LongitudeDegrees>100.4344610</LongitudeDegrees>
      </Position>
      <AltitudeMeters>5.7</AltitudeMeters>
      <DistanceMeters>695.7</DistanceMeters>
      <HeartRateBpm>
       <Value>128</Value>
      </HeartRateBpm>
      <Extensions>
       <TPX xmlns="http://www.garmin.com/xmlschemas/ActivityExtension/v2">
        <Speed>1.5</Speed>
       </TPX>
      </Extensions>
     </Trackpoint>
     <Trackpoint>
      <Time>2026-08-01T11:15:21Z</Time>
      <Position>
       <LatitudeDegrees>5.2343490</LatitudeDegrees>
       <LongitudeDegrees>100.4344580</LongitudeDegrees>
      </Position>
      <AltitudeMeters>5.7</AltitudeMeters>
      <DistanceMeters>695.7</DistanceMeters>
      <HeartRateBpm>
       <Value>128</Value>
      </HeartRateBpm>
      <Extensions>
       <TPX xmlns="http://www.garmin.com/xmlschemas/ActivityExtension/v2">
        <Speed>1.5</Speed>
       </TPX>
      </Extensions>
     </Trackpoint>
     <Trackpoint>
      <Time>2026-08-01T11:15:22Z</Time>
      <Position>
       <LatitudeDegrees>5.2343660</LatitudeDegrees>
       <LongitudeDegrees>100.4344540</LongitudeDegrees>
      </Position>
      <AltitudeMeters>5.7</AltitudeMeters>
      <DistanceMeters>698.9</DistanceMeters>
      <HeartRateBpm>
       <Value>128</Value>
      </HeartRateBpm>
      <Extensions>
       <TPX xmlns="http://www.garmin.com/xmlschemas/ActivityExtension/v2">
        <Speed>1.5</Speed>
       </TPX>
      </Extensions>
     </Trackpoint>
     <Trackpoint>
      <Time>2026-08-01T11:15:23Z</Time>
      <Position>
       <LatitudeDegrees>5.2343750</LatitudeDegrees>
       <LongitudeDegrees>100.4344530</LongitudeDegrees>
      </Position>
      <AltitudeMeters>5.7</AltitudeMeters>
      <DistanceMeters>698.9</DistanceMeters>
      <HeartRateBpm>
       <Value>129</Value>
      </HeartRateBpm>
      <Extensions>
       <TPX xmlns="http://www.garmin.com/xmlschemas/ActivityExtension/v2">
        <Speed>1.2</Speed>
       </TPX>
      </Extensions>
     </Trackpoint>
     <Trackpoint>
      <Time>2026-08-01T11:15:24Z</Time>
      <Position>
       <LatitudeDegrees>5.2343870</LatitudeDegrees>
       <LongitudeDegrees>100.4344510</LongitudeDegrees>
      </Position>
      <AltitudeMeters>5.7</AltitudeMeters>
      <DistanceMeters>698.9</DistanceMeters>
      <HeartRateBpm>
       <Value>128</Value>
      </HeartRateBpm>
      <Extensions>
       <TPX xmlns="http://www.garmin.com/xmlschemas/ActivityExtension/v2">
        <Speed>0.9</Speed>
       </TPX>
      </Extensions>
     </Trackpoint>
     <Trackpoint>
      <Time>2026-08-01T11:15:25Z</Time>
      <Position>
       <LatitudeDegrees>5.2343990</LatitudeDegrees>
       <LongitudeDegrees>100.4344480</LongitudeDegrees>
      </Position>
      <AltitudeMeters>5.7</AltitudeMeters>
      <DistanceMeters>702.7</DistanceMeters>
      <HeartRateBpm>
       <Value>128</Value>
      </HeartRateBpm>
      <Extensions>
       <TPX xmlns="http://www.garmin.com/xmlschemas/ActivityExtension/v2">
        <Speed>1.4</Speed>
       </TPX>
      </Extensions>
     </Trackpoint>
     <Trackpoint>
      <Time>2026-08-01T11:15:26Z</Time>
      <Position>
       <LatitudeDegrees>5.2344110</LatitudeDegrees>
       <LongitudeDegrees>100.4344460</LongitudeDegrees>
      </Position>
      <AltitudeMeters>5.7</AltitudeMeters>
      <DistanceMeters>704.0</DistanceMeters>
      <HeartRateBpm>
       <Value>128</Value>
      </HeartRateBpm>
      <Extensions>
       <TPX xmlns="http://www.garmin.com/xmlschemas/ActivityExtension/v2">
        <Speed>1.7</Speed>
       </TPX>
      </Extensions>
     </Trackpoint>
     <Trackpoint>
      <Time>2026-08-01T11:15:27Z</Time>
      <Position>
       <LatitudeDegrees>5.2344240</LatitudeDegrees>
       <LongitudeDegrees>100.4344430</LongitudeDegrees>
      </Position>
      <AltitudeMeters>5.7</AltitudeMeters>
      <DistanceMeters>705.5</DistanceMeters>
      <HeartRateBpm>
       <Value>128</Value>
      </HeartRateBpm>
      <Extensions>
       <TPX xmlns="http://www.garmin.com/xmlschemas/ActivityExtension/v2">
        <Speed>1.3</Speed>
       </TPX>
      </Extensions>
     </Trackpoint>
     <Trackpoint>
      <Time>2026-08-01T11:15:28Z</Time>
      <Position>
       <LatitudeDegrees>5.2344420</LatitudeDegrees>
       <LongitudeDegrees>100.4344410</LongitudeDegrees>
      </Position>
      <AltitudeMeters>5.7</AltitudeMeters>
      <DistanceMeters>707.5</DistanceMeters>
      <HeartRateBpm>
       <Value>128</Value>
      </HeartRateBpm>
      <Extensions>
       <TPX xmlns="http://www.garmin.com/xmlschemas/ActivityExtension/v2">
        <Speed>1.7</Speed>
       </TPX>
      </Extensions>
     </Trackpoint>
     <Trackpoint>
      <Time>2026-08-01T11:15:29Z</Time>
      <Position>
       <LatitudeDegrees>5.2344510</LatitudeDegrees>
       <LongitudeDegrees>100.4344390</LongitudeDegrees>
      </Position>
      <AltitudeMeters>5.7</AltitudeMeters>
      <DistanceMeters>707.5</DistanceMeters>
      <HeartRateBpm>
       <Value>128</Value>
      </HeartRateBpm>
      <Extensions>
       <TPX xmlns="http://www.garmin.com/xmlschemas/ActivityExtension/v2">
        <Speed>1.7</Speed>
       </TPX>
      </Extensions>
     </Trackpoint>
     <Trackpoint>
      <Time>2026-08-01T11:15:30Z</Time>
      <Position>
       <LatitudeDegrees>5.2344630</LatitudeDegrees>
       <LongitudeDegrees>100.4344370</LongitudeDegrees>
      </Position>
      <AltitudeMeters>5.7</AltitudeMeters>
      <DistanceMeters>707.5</DistanceMeters>
      <HeartRateBpm>
       <Value>128</Value>
      </HeartRateBpm>
      <Extensions>
       <TPX xmlns="http://www.garmin.com/xmlschemas/ActivityExtension/v2">
        <Speed>1.0</Speed>
       </TPX>
      </Extensions>
     </Trackpoint>
     <Trackpoint>
      <Time>2026-08-01T11:15:31Z</Time>
      <Position>
       <LatitudeDegrees>5.2344770</LatitudeDegrees>
       <LongitudeDegrees>100.4344330</LongitudeDegrees>
      </Position>
      <AltitudeMeters>5.6</AltitudeMeters>
      <DistanceMeters>711.5</DistanceMeters>
      <HeartRateBpm>
       <Value>128</Value>
      </HeartRateBpm>
      <Extensions>
       <TPX xmlns="http://www.garmin.com/xmlschemas/ActivityExtension/v2">
        <Speed>1.5</Speed>
       </TPX>
      </Extensions>
     </Trackpoint>
     <Trackpoint>
      <Time>2026-08-01T11:15:32Z</Time>
      <Position>
       <LatitudeDegrees>5.2345080</LatitudeDegrees>
       <LongitudeDegrees>100.4344250</LongitudeDegrees>
      </Position>
      <AltitudeMeters>5.6</AltitudeMeters>
      <DistanceMeters>715.0</DistanceMeters>
      <HeartRateBpm>
       <Value>128</Value>
      </HeartRateBpm>
      <Extensions>
       <TPX xmlns="http://www.garmin.com/xmlschemas/ActivityExtension/v2">
        <Speed>1.9</Speed>
       </TPX>
      </Extensions>
     </Trackpoint>
     <Trackpoint>
      <Time>2026-08-01T11:15:33Z</Time>
      <Position>
       <LatitudeDegrees>5.2345160</LatitudeDegrees>
       <LongitudeDegrees>100.4344240</LongitudeDegrees>
      </Position>
      <AltitudeMeters>5.6</AltitudeMeters>
      <DistanceMeters>715.0</DistanceMeters>
      <HeartRateBpm>
       <Value>128</Value>
      </HeartRateBpm>
      <Extensions>
       <TPX xmlns="http://www.garmin.com/xmlschemas/ActivityExtension/v2">
        <Speed>1.5</Speed>
       </TPX>
      </Extensions>
     </Trackpoint>
     <Trackpoint>
      <Time>2026-08-01T11:15:34Z</Time>
      <Position>
       <LatitudeDegrees>5.2345160</LatitudeDegrees>
       <LongitudeDegrees>100.4344240</LongitudeDegrees>
      </Position>
      <AltitudeMeters>5.6</AltitudeMeters>
      <DistanceMeters>715.0</DistanceMeters>
      <HeartRateBpm>
       <Value>129</Value>
      </HeartRateBpm>
      <Extensions>
       <TPX xmlns="http://www.garmin.com/xmlschemas/ActivityExtension/v2">
        <Speed>1.5</Speed>
       </TPX>
      </Extensions>
     </Trackpoint>
     <Trackpoint>
      <Time>2026-08-01T11:15:35Z</Time>
      <Position>
       <LatitudeDegrees>5.2345280</LatitudeDegrees>
       <LongitudeDegrees>100.4344220</LongitudeDegrees>
      </Position>
      <AltitudeMeters>5.6</AltitudeMeters>
      <DistanceMeters>715.0</DistanceMeters>
      <HeartRateBpm>
       <Value>129</Value>
      </HeartRateBpm>
      <Extensions>
       <TPX xmlns="http://www.garmin.com/xmlschemas/ActivityExtension/v2">
        <Speed>1.5</Speed>
       </TPX>
      </Extensions>
     </Trackpoint>
     <Trackpoint>
      <Time>2026-08-01T11:15:36Z</Time>
      <Position>
       <LatitudeDegrees>5.2345390</LatitudeDegrees>
       <LongitudeDegrees>100.4344210</LongitudeDegrees>
      </Position>
      <AltitudeMeters>5.6</AltitudeMeters>
      <DistanceMeters>718.6</DistanceMeters>
      <HeartRateBpm>
       <Value>128</Value>
      </HeartRateBpm>
      <Extensions>
       <TPX xmlns="http://www.garmin.com/xmlschemas/ActivityExtension/v2">
        <Speed>1.4</Speed>
       </TPX>
      </Extensions>
     </Trackpoint>
     <Trackpoint>
      <Time>2026-08-01T11:15:37Z</Time>
      <Position>
       <LatitudeDegrees>5.2345530</LatitudeDegrees>
       <LongitudeDegrees>100.4344200</LongitudeDegrees>
      </Position>
      <AltitudeMeters>5.6</AltitudeMeters>
      <DistanceMeters>720.1</DistanceMeters>
      <HeartRateBpm>
       <Value>128</Value>
      </HeartRateBpm>
      <Extensions>
       <TPX xmlns="http://www.garmin.com/xmlschemas/ActivityExtension/v2">
        <Speed>1.0</Speed>
       </TPX>
      </Extensions>
     </Trackpoint>
     <Trackpoint>
      <Time>2026-08-01T11:15:38Z</Time>
      <Position>
       <LatitudeDegrees>5.2345660</LatitudeDegrees>
       <LongitudeDegrees>100.4344170</LongitudeDegrees>
      </Position>
      <AltitudeMeters>5.6</AltitudeMeters>
      <DistanceMeters>721.5</DistanceMeters>
      <HeartRateBpm>
       <Value>129</Value>
      </HeartRateBpm>
      <Extensions>
       <TPX xmlns="http://www.garmin.com/xmlschemas/ActivityExtension/v2">
        <Speed>1.3</Speed>
       </TPX>
      </Extensions>
     </Trackpoint>
     <Trackpoint>
      <Time>2026-08-01T11:15:39Z</Time>
      <Position>
       <LatitudeDegrees>5.2345770</LatitudeDegrees>
       <LongitudeDegrees>100.4344130</LongitudeDegrees>
      </Position>
      <AltitudeMeters>5.6</AltitudeMeters>
      <DistanceMeters>722.8</DistanceMeters>
      <HeartRateBpm>
       <Value>129</Value>
      </HeartRateBpm>
      <Extensions>
       <TPX xmlns="http://www.garmin.com/xmlschemas/ActivityExtension/v2">
        <Speed>1.6</Speed>
       </TPX>
      </Extensions>
     </Trackpoint>
     <Trackpoint>
      <Time>2026-08-01T11:15:40Z</Time>
      <Position>
       <LatitudeDegrees>5.2345900</LatitudeDegrees>
       <LongitudeDegrees>100.4344100</LongitudeDegrees>
      </Position>
      <AltitudeMeters>5.6</AltitudeMeters>
      <DistanceMeters>724.3</DistanceMeters>
      <HeartRateBpm>
       <Value>129</Value>
      </HeartRateBpm>
      <Extensions>
       <TPX xmlns="http://www.garmin.com/xmlschemas/ActivityExtension/v2">
        <Speed>1.9</Speed>
       </TPX>
      </Extensions>
     </Trackpoint>
     <Trackpoint>
      <Time>2026-08-01T11:15:41Z</Time>
      <Position>
       <LatitudeDegrees>5.2346000</LatitudeDegrees>
       <LongitudeDegrees>100.4344060</LongitudeDegrees>
      </Position>
      <AltitudeMeters>5.6</AltitudeMeters>
      <DistanceMeters>725.6</DistanceMeters>
      <HeartRateBpm>
       <Value>129</Value>
      </HeartRateBpm>
      <Extensions>
       <TPX xmlns="http://www.garmin.com/xmlschemas/ActivityExtension/v2">
        <Speed>1.4</Speed>
       </TPX>
      </Extensions>
     </Trackpoint>
     <Trackpoint>
      <Time>2026-08-01T11:15:42Z</Time>
      <Position>
       <LatitudeDegrees>5.2346120</LatitudeDegrees>
       <LongitudeDegrees>100.4344030</LongitudeDegrees>
      </Position>
      <AltitudeMeters>5.6</AltitudeMeters>
      <DistanceMeters>727.0</DistanceMeters>
      <HeartRateBpm>
       <Value>129</Value>
      </HeartRateBpm>
      <Extensions>
       <TPX xmlns="http://www.garmin.com/xmlschemas/ActivityExtension/v2">
        <Speed>1.4</Speed>
       </TPX>
      </Extensions>
     </Trackpoint>
     <Trackpoint>
      <Time>2026-08-01T11:15:43Z</Time>
      <Position>
       <LatitudeDegrees>5.2346250</LatitudeDegrees>
       <LongitudeDegrees>100.4344000</LongitudeDegrees>
      </Position>
      <AltitudeMeters>5.6</AltitudeMeters>
      <DistanceMeters>728.4</DistanceMeters>
      <HeartRateBpm>
       <Value>129</Value>
      </HeartRateBpm>
      <Extensions>
       <TPX xmlns="http://www.garmin.com/xmlschemas/ActivityExtension/v2">
        <Speed>1.4</Speed>
       </TPX>
      </Extensions>
     </Trackpoint>
     <Trackpoint>
      <Time>2026-08-01T11:15:44Z</Time>
      <Position>
       <LatitudeDegrees>5.2346370</LatitudeDegrees>
       <LongitudeDegrees>100.4343960</LongitudeDegrees>
      </Position>
      <AltitudeMeters>5.6</AltitudeMeters>
      <DistanceMeters>729.8</DistanceMeters>
      <HeartRateBpm>
       <Value>128</Value>
      </HeartRateBpm>
      <Extensions>
       <TPX xmlns="http://www.garmin.com/xmlschemas/ActivityExtension/v2">
        <Speed>1.4</Speed>
       </TPX>
      </Extensions>
     </Trackpoint>
     <Trackpoint>
      <Time>2026-08-01T11:15:45Z</Time>
      <Position>
       <LatitudeDegrees>5.2346490</LatitudeDegrees>
       <LongitudeDegrees>100.4343920</LongitudeDegrees>
      </Position>
      <AltitudeMeters>5.6</AltitudeMeters>
      <DistanceMeters>731.2</DistanceMeters>
      <HeartRateBpm>
       <Value>128</Value>
      </HeartRateBpm>
      <Extensions>
       <TPX xmlns="http://www.garmin.com/xmlschemas/ActivityExtension/v2">
        <Speed>1.4</Speed>
       </TPX>
      </Extensions>
     </Trackpoint>
     <Trackpoint>
      <Time>2026-08-01T11:15:46Z</Time>
      <Position>
       <LatitudeDegrees>5.2346630</LatitudeDegrees>
       <LongitudeDegrees>100.4343870</LongitudeDegrees>
      </Position>
      <AltitudeMeters>5.6</AltitudeMeters>
      <DistanceMeters>732.8</DistanceMeters>
      <HeartRateBpm>
       <Value>129</Value>
      </HeartRateBpm>
      <Extensions>
       <TPX xmlns="http://www.garmin.com/xmlschemas/ActivityExtension/v2">
        <Speed>1.5</Speed>
       </TPX>
      </Extensions>
     </Trackpoint>
     <Trackpoint>
      <Time>2026-08-01T11:15:47Z</Time>
      <Position>
       <LatitudeDegrees>5.2346740</LatitudeDegrees>
       <LongitudeDegrees>100.4343830</LongitudeDegrees>
      </Position>
      <AltitudeMeters>5.6</AltitudeMeters>
      <DistanceMeters>734.1</DistanceMeters>
      <HeartRateBpm>
       <Value>128</Value>
      </HeartRateBpm>
      <Extensions>
       <TPX xmlns="http://www.garmin.com/xmlschemas/ActivityExtension/v2">
        <Speed>1.4</Speed>
       </TPX>
      </Extensions>
     </Trackpoint>
     <Trackpoint>
      <Time>2026-08-01T11:15:48Z</Time>
      <Position>
       <LatitudeDegrees>5.2346860</LatitudeDegrees>
       <LongitudeDegrees>100.4343800</LongitudeDegrees>
      </Position>
      <AltitudeMeters>5.6</AltitudeMeters>
      <DistanceMeters>735.5</DistanceMeters>
      <HeartRateBpm>
       <Value>128</Value>
      </HeartRateBpm>
      <Extensions>
       <TPX xmlns="http://www.garmin.com/xmlschemas/ActivityExtension/v2">
        <Speed>1.4</Speed>
       </TPX>
      </Extensions>
     </Trackpoint>
     <Trackpoint>
      <Time>2026-08-01T11:15:49Z</Time>
      <Position>
       <LatitudeDegrees>5.2346980</LatitudeDegrees>
       <LongitudeDegrees>100.4343780</LongitudeDegrees>
      </Position>
      <AltitudeMeters>5.6</AltitudeMeters>
      <DistanceMeters>736.9</DistanceMeters>
      <HeartRateBpm>
       <Value>129</Value>
      </HeartRateBpm>
      <Extensions>
       <TPX xmlns="http://www.garmin.com/xmlschemas/ActivityExtension/v2">
        <Speed>1.4</Speed>
       </TPX>
      </Extensions>
     </Trackpoint>
     <Trackpoint>
      <Time>2026-08-01T11:15:50Z</Time>
      <Position>
       <LatitudeDegrees>5.2347120</LatitudeDegrees>
       <LongitudeDegrees>100.4343750</LongitudeDegrees>
      </Position>
      <AltitudeMeters>5.6</AltitudeMeters>
      <DistanceMeters>738.5</DistanceMeters>
      <HeartRateBpm>
       <Value>129</Value>
      </HeartRateBpm>
      <Extensions>
       <TPX xmlns="http://www.garmin.com/xmlschemas/ActivityExtension/v2">
        <Speed>1.5</Speed>
       </TPX>
      </Extensions>
     </Trackpoint>
     <Trackpoint>
      <Time>2026-08-01T11:15:51Z</Time>
      <Position>
       <LatitudeDegrees>5.2347250</LatitudeDegrees>
       <LongitudeDegrees>100.4343710</LongitudeDegrees>
      </Position>
      <AltitudeMeters>5.6</AltitudeMeters>
      <DistanceMeters>740.0</DistanceMeters>
      <HeartRateBpm>
       <Value>129</Value>
      </HeartRateBpm>
      <Extensions>
       <TPX xmlns="http://www.garmin.com/xmlschemas/ActivityExtension/v2">
        <Speed>1.4</Speed>
       </TPX>
      </Extensions>
     </Trackpoint>
     <Trackpoint>
      <Time>2026-08-01T11:15:52Z</Time>
      <Position>
       <LatitudeDegrees>5.2347420</LatitudeDegrees>
       <LongitudeDegrees>100.4343670</LongitudeDegrees>
      </Position>
      <AltitudeMeters>5.6</AltitudeMeters>
      <DistanceMeters>741.9</DistanceMeters>
      <HeartRateBpm>
       <Value>129</Value>
      </HeartRateBpm>
      <Extensions>
       <TPX xmlns="http://www.garmin.com/xmlschemas/ActivityExtension/v2">
        <Speed>1.6</Speed>
       </TPX>
      </Extensions>
     </Trackpoint>
     <Trackpoint>
      <Time>2026-08-01T11:15:53Z</Time>
      <Position>
       <LatitudeDegrees>5.2347510</LatitudeDegrees>
       <LongitudeDegrees>100.4343640</LongitudeDegrees>
      </Position>
      <AltitudeMeters>5.6</AltitudeMeters>
      <DistanceMeters>743.0</DistanceMeters>
      <HeartRateBpm>
       <Value>129</Value>
      </HeartRateBpm>
      <Extensions>
       <TPX xmlns="http://www.garmin.com/xmlschemas/ActivityExtension/v2">
        <Speed>1.5</Speed>
       </TPX>
      </Extensions>
     </Trackpoint>
     <Trackpoint>
      <Time>2026-08-01T11:15:54Z</Time>
      <Position>
       <LatitudeDegrees>5.2347640</LatitudeDegrees>
       <LongitudeDegrees>100.4343620</LongitudeDegrees>
      </Position>
      <AltitudeMeters>5.6</AltitudeMeters>
      <DistanceMeters>744.4</DistanceMeters>
      <HeartRateBpm>
       <Value>129</Value>
      </HeartRateBpm>
      <Extensions>
       <TPX xmlns="http://www.garmin.com/xmlschemas/ActivityExtension/v2">
        <Speed>1.5</Speed>
       </TPX>
      </Extensions>
     </Trackpoint>
     <Trackpoint>
      <Time>2026-08-01T11:15:55Z</Time>
      <Position>
       <LatitudeDegrees>5.2347760</LatitudeDegrees>
       <LongitudeDegrees>100.4343580</LongitudeDegrees>
      </Position>
      <AltitudeMeters>5.6</AltitudeMeters>
      <DistanceMeters>745.8</DistanceMeters>
      <HeartRateBpm>
       <Value>129</Value>
      </HeartRateBpm>
      <Extensions>
       <TPX xmlns="http://www.garmin.com/xmlschemas/ActivityExtension/v2">
        <Speed>1.5</Speed>
       </TPX>
      </Extensions>
     </Trackpoint>
     <Trackpoint>
      <Time>2026-08-01T11:15:56Z</Time>
      <Position>
       <LatitudeDegrees>5.2347890</LatitudeDegrees>
       <LongitudeDegrees>100.4343560</LongitudeDegrees>
      </Position>
      <AltitudeMeters>5.6</AltitudeMeters>
      <DistanceMeters>747.3</DistanceMeters>
      <HeartRateBpm>
       <Value>128</Value>
      </HeartRateBpm>
      <Extensions>
       <TPX xmlns="http://www.garmin.com/xmlschemas/ActivityExtension/v2">
        <Speed>1.4</Speed>
       </TPX>
      </Extensions>
     </Trackpoint>
     <Trackpoint>
      <Time>2026-08-01T11:15:57Z</Time>
      <Position>
       <LatitudeDegrees>5.2348030</LatitudeDegrees>
       <LongitudeDegrees>100.4343560</LongitudeDegrees>
      </Position>
      <AltitudeMeters>5.6</AltitudeMeters>
      <DistanceMeters>748.8</DistanceMeters>
      <HeartRateBpm>
       <Value>128</Value>
      </HeartRateBpm>
      <Extensions>
       <TPX xmlns="http://www.garmin.com/xmlschemas/ActivityExtension/v2">
        <Speed>1.4</Speed>
       </TPX>
      </Extensions>
     </Trackpoint>
     <Trackpoint>
      <Time>2026-08-01T11:15:58Z</Time>
      <Position>
       <LatitudeDegrees>5.2348220</LatitudeDegrees>
       <LongitudeDegrees>100.4343560</LongitudeDegrees>
      </Position>
      <AltitudeMeters>5.6</AltitudeMeters>
      <DistanceMeters>748.8</DistanceMeters>
      <HeartRateBpm>
       <Value>128</Value>
      </HeartRateBpm>
      <Extensions>
       <TPX xmlns="http://www.garmin.com/xmlschemas/ActivityExtension/v2">
        <Speed>1.2</Speed>
       </TPX>
      </Extensions>
     </Trackpoint>
     <Trackpoint>
      <Time>2026-08-01T11:15:59Z</Time>
      <Position>
       <LatitudeDegrees>5.2348310</LatitudeDegrees>
       <LongitudeDegrees>100.4343530</LongitudeDegrees>
      </Position>
      <AltitudeMeters>5.6</AltitudeMeters>
      <DistanceMeters>752.0</DistanceMeters>
      <HeartRateBpm>
       <Value>128</Value>
      </HeartRateBpm>
      <Extensions>
       <TPX xmlns="http://www.garmin.com/xmlschemas/ActivityExtension/v2">
        <Speed>1.5</Speed>
       </TPX>
      </Extensions>
     </Trackpoint>
     <Trackpoint>
      <Time>2026-08-01T11:16:00Z</Time>
      <Position>
       <LatitudeDegrees>5.2348430</LatitudeDegrees>
       <LongitudeDegrees>100.4343510</LongitudeDegrees>
      </Position>
      <AltitudeMeters>5.6</AltitudeMeters>
      <DistanceMeters>753.4</DistanceMeters>
      <HeartRateBpm>
       <Value>128</Value>
      </HeartRateBpm>
      <Extensions>
       <TPX xmlns="http://www.garmin.com/xmlschemas/ActivityExtension/v2">
        <Speed>1.5</Speed>
       </TPX>
      </Extensions>
     </Trackpoint>
     <Trackpoint>
      <Time>2026-08-01T11:16:01Z</Time>
      <Position>
       <LatitudeDegrees>5.2348560</LatitudeDegrees>
       <LongitudeDegrees>100.4343490</LongitudeDegrees>
      </Position>
      <AltitudeMeters>5.6</AltitudeMeters>
      <DistanceMeters>754.8</DistanceMeters>
      <HeartRateBpm>
       <Value>128</Value>
      </HeartRateBpm>
      <Extensions>
       <TPX xmlns="http://www.garmin.com/xmlschemas/ActivityExtension/v2">
        <Speed>1.5</Speed>
       </TPX>
      </Extensions>
     </Trackpoint>
     <Trackpoint>
      <Time>2026-08-01T11:16:02Z</Time>
      <Position>
       <LatitudeDegrees>5.2348690</LatitudeDegrees>
       <LongitudeDegrees>100.4343460</LongitudeDegrees>
      </Position>
      <AltitudeMeters>5.6</AltitudeMeters>
      <DistanceMeters>756.3</DistanceMeters>
      <HeartRateBpm>
       <Value>128</Value>
      </HeartRateBpm>
      <Extensions>
       <TPX xmlns="http://www.garmin.com/xmlschemas/ActivityExtension/v2">
        <Speed>1.5</Speed>
       </TPX>
      </Extensions>
     </Trackpoint>
     <Trackpoint>
      <Time>2026-08-01T11:16:03Z</Time>
      <Position>
       <LatitudeDegrees>5.2348810</LatitudeDegrees>
       <LongitudeDegrees>100.4343430</LongitudeDegrees>
      </Position>
      <AltitudeMeters>5.6</AltitudeMeters>
      <DistanceMeters>757.7</DistanceMeters>
      <HeartRateBpm>
       <Value>128</Value>
      </HeartRateBpm>
      <Extensions>
       <TPX xmlns="http://www.garmin.com/xmlschemas/ActivityExtension/v2">
        <Speed>1.8</Speed>
       </TPX>
      </Extensions>
     </Trackpoint>
     <Trackpoint>
      <Time>2026-08-01T11:16:04Z</Time>
      <Position>
       <LatitudeDegrees>5.2348940</LatitudeDegrees>
       <LongitudeDegrees>100.4343400</LongitudeDegrees>
      </Position>
      <AltitudeMeters>5.6</AltitudeMeters>
      <DistanceMeters>759.1</DistanceMeters>
      <HeartRateBpm>
       <Value>129</Value>
      </HeartRateBpm>
      <Extensions>
       <TPX xmlns="http://www.garmin.com/xmlschemas/ActivityExtension/v2">
        <Speed>1.4</Speed>
       </TPX>
      </Extensions>
     </Trackpoint>
     <Trackpoint>
      <Time>2026-08-01T11:16:05Z</Time>
      <Position>
       <LatitudeDegrees>5.2349130</LatitudeDegrees>
       <LongitudeDegrees>100.4343340</LongitudeDegrees>
      </Position>
      <AltitudeMeters>5.6</AltitudeMeters>
      <DistanceMeters>761.3</DistanceMeters>
      <HeartRateBpm>
       <Value>128</Value>
      </HeartRateBpm>
      <Extensions>
       <TPX xmlns="http://www.garmin.com/xmlschemas/ActivityExtension/v2">
        <Speed>1.6</Speed>
       </TPX>
      </Extensions>
     </Trackpoint>
     <Trackpoint>
      <Time>2026-08-01T11:16:06Z</Time>
      <Position>
       <LatitudeDegrees>5.2349220</LatitudeDegrees>
       <LongitudeDegrees>100.4343280</LongitudeDegrees>
      </Position>
      <AltitudeMeters>5.6</AltitudeMeters>
      <DistanceMeters>762.5</DistanceMeters>
      <HeartRateBpm>
       <Value>128</Value>
      </HeartRateBpm>
      <Extensions>
       <TPX xmlns="http://www.garmin.com/xmlschemas/ActivityExtension/v2">
        <Speed>1.5</Speed>
       </TPX>
      </Extensions>
     </Trackpoint>
     <Trackpoint>
      <Time>2026-08-01T11:16:07Z</Time>
      <Position>
       <LatitudeDegrees>5.2349330</LatitudeDegrees>
       <LongitudeDegrees>100.4343210</LongitudeDegrees>
      </Position>
      <AltitudeMeters>5.6</AltitudeMeters>
      <DistanceMeters>763.9</DistanceMeters>
      <HeartRateBpm>
       <Value>129</Value>
      </HeartRateBpm>
      <Extensions>
       <TPX xmlns="http://www.garmin.com/xmlschemas/ActivityExtension/v2">
        <Speed>1.5</Speed>
       </TPX>
      </Extensions>
     </Trackpoint>
     <Trackpoint>
      <Time>2026-08-01T11:16:08Z</Time>
      <Position>
       <LatitudeDegrees>5.2349460</LatitudeDegrees>
       <LongitudeDegrees>100.4343140</LongitudeDegrees>
      </Position>
      <AltitudeMeters>5.6</AltitudeMeters>
      <DistanceMeters>765.5</DistanceMeters>
      <HeartRateBpm>
       <Value>129</Value>
      </HeartRateBpm>
      <Extensions>
       <TPX xmlns="http://www.garmin.com/xmlschemas/ActivityExtension/v2">
        <Speed>1.6</Speed>
       </TPX>
      </Extensions>
     </Trackpoint>
     <Trackpoint>
      <Time>2026-08-01T11:16:09Z</Time>
      <Position>
       <LatitudeDegrees>5.2349580</LatitudeDegrees>
       <LongitudeDegrees>100.4343090</LongitudeDegrees>
      </Position>
      <AltitudeMeters>5.6</AltitudeMeters>
      <DistanceMeters>765.5</DistanceMeters>
      <HeartRateBpm>
       <Value>130</Value>
      </HeartRateBpm>
      <Extensions>
       <TPX xmlns="http://www.garmin.com/xmlschemas/ActivityExtension/v2">
        <Speed>1.3</Speed>
       </TPX>
      </Extensions>
     </Trackpoint>
     <Trackpoint>
      <Time>2026-08-01T11:16:10Z</Time>
      <Position>
       <LatitudeDegrees>5.2349700</LatitudeDegrees>
       <LongitudeDegrees>100.4343020</LongitudeDegrees>
      </Position>
      <AltitudeMeters>5.6</AltitudeMeters>
      <DistanceMeters>768.5</DistanceMeters>
      <HeartRateBpm>
       <Value>129</Value>
      </HeartRateBpm>
      <Extensions>
       <TPX xmlns="http://www.garmin.com/xmlschemas/ActivityExtension/v2">
        <Speed>1.4</Speed>
       </TPX>
      </Extensions>
     </Trackpoint>
     <Trackpoint>
      <Time>2026-08-01T11:16:11Z</Time>
      <Position>
       <LatitudeDegrees>5.2349810</LatitudeDegrees>
       <LongitudeDegrees>100.4342950</LongitudeDegrees>
      </Position>
      <AltitudeMeters>5.6</AltitudeMeters>
      <DistanceMeters>768.5</DistanceMeters>
      <HeartRateBpm>
       <Value>129</Value>
      </HeartRateBpm>
      <Extensions>
       <TPX xmlns="http://www.garmin.com/xmlschemas/ActivityExtension/v2">
        <Speed>1.2</Speed>
       </TPX>
      </Extensions>
     </Trackpoint>
     <Trackpoint>
      <Time>2026-08-01T11:16:12Z</Time>
      <Position>
       <LatitudeDegrees>5.2349970</LatitudeDegrees>
       <LongitudeDegrees>100.4342850</LongitudeDegrees>
      </Position>
      <AltitudeMeters>5.6</AltitudeMeters>
      <DistanceMeters>772.1</DistanceMeters>
      <HeartRateBpm>
       <Value>129</Value>
      </HeartRateBpm>
      <Extensions>
       <TPX xmlns="http://www.garmin.com/xmlschemas/ActivityExtension/v2">
        <Speed>1.6</Speed>
       </TPX>
      </Extensions>
     </Trackpoint>
     <Trackpoint>
      <Time>2026-08-01T11:16:13Z</Time>
      <Position>
       <LatitudeDegrees>5.2350050</LatitudeDegrees>
       <LongitudeDegrees>100.4342830</LongitudeDegrees>
      </Position>
      <AltitudeMeters>5.6</AltitudeMeters>
      <DistanceMeters>772.1</DistanceMeters>
      <HeartRateBpm>
       <Value>129</Value>
      </HeartRateBpm>
      <Extensions>
       <TPX xmlns="http://www.garmin.com/xmlschemas/ActivityExtension/v2">
        <Speed>1.3</Speed>
       </TPX>
      </Extensions>
     </Trackpoint>
     <Trackpoint>
      <Time>2026-08-01T11:16:14Z</Time>
      <Position>
       <LatitudeDegrees>5.2350160</LatitudeDegrees>
       <LongitudeDegrees>100.4342800</LongitudeDegrees>
      </Position>
      <AltitudeMeters>5.6</AltitudeMeters>
      <DistanceMeters>772.1</DistanceMeters>
      <HeartRateBpm>
       <Value>129</Value>
      </HeartRateBpm>
      <Extensions>
       <TPX xmlns="http://www.garmin.com/xmlschemas/ActivityExtension/v2">
        <Speed>1.3</Speed>
       </TPX>
      </Extensions>
     </Trackpoint>
     <Trackpoint>
      <Time>2026-08-01T11:16:15Z</Time>
      <Position>
       <LatitudeDegrees>5.2350300</LatitudeDegrees>
       <LongitudeDegrees>100.4342790</LongitudeDegrees>
      </Position>
      <AltitudeMeters>5.6</AltitudeMeters>
      <DistanceMeters>775.9</DistanceMeters>
      <HeartRateBpm>
       <Value>130</Value>
      </HeartRateBpm>
      <Extensions>
       <TPX xmlns="http://www.garmin.com/xmlschemas/ActivityExtension/v2">
        <Speed>1.5</Speed>
       </TPX>
      </Extensions>
     </Trackpoint>
     <Trackpoint>
      <Time>2026-08-01T11:16:16Z</Time>
      <Position>
       <LatitudeDegrees>5.2350440</LatitudeDegrees>
       <LongitudeDegrees>100.4342790</LongitudeDegrees>
      </Position>
      <AltitudeMeters>5.6</AltitudeMeters>
      <DistanceMeters>775.9</DistanceMeters>
      <HeartRateBpm>
       <Value>130</Value>
      </HeartRateBpm>
      <Extensions>
       <TPX xmlns="http://www.garmin.com/xmlschemas/ActivityExtension/v2">
        <Speed>1.5</Speed>
       </TPX>
      </Extensions>
     </Trackpoint>
     <Trackpoint>
      <Time>2026-08-01T11:16:17Z</Time>
      <Position>
       <LatitudeDegrees>5.2350590</LatitudeDegrees>
       <LongitudeDegrees>100.4342800</LongitudeDegrees>
      </Position>
      <AltitudeMeters>5.6</AltitudeMeters>
      <DistanceMeters>779.1</DistanceMeters>
      <HeartRateBpm>
       <Value>130</Value>
      </HeartRateBpm>
      <Extensions>
       <TPX xmlns="http://www.garmin.com/xmlschemas/ActivityExtension/v2">
        <Speed>1.4</Speed>
       </TPX>
      </Extensions>
     </Trackpoint>
     <Trackpoint>
      <Time>2026-08-01T11:16:18Z</Time>
      <Position>
       <LatitudeDegrees>5.2350770</LatitudeDegrees>
       <LongitudeDegrees>100.4342790</LongitudeDegrees>
      </Position>
      <AltitudeMeters>5.6</AltitudeMeters>
      <DistanceMeters>779.1</DistanceMeters>
      <HeartRateBpm>
       <Value>130</Value>
      </HeartRateBpm>
      <Extensions>
       <TPX xmlns="http://www.garmin.com/xmlschemas/ActivityExtension/v2">
        <Speed>1.4</Speed>
       </TPX>
      </Extensions>
     </Trackpoint>
     <Trackpoint>
      <Time>2026-08-01T11:16:19Z</Time>
      <Position>
       <LatitudeDegrees>5.2350890</LatitudeDegrees>
       <LongitudeDegrees>100.4342810</LongitudeDegrees>
      </Position>
      <AltitudeMeters>5.6</AltitudeMeters>
      <DistanceMeters>782.4</DistanceMeters>
      <HeartRateBpm>
       <Value>130</Value>
      </HeartRateBpm>
      <Extensions>
       <TPX xmlns="http://www.garmin.com/xmlschemas/ActivityExtension/v2">
        <Speed>2.1</Speed>
       </TPX>
      </Extensions>
     </Trackpoint>
     <Trackpoint>
      <Time>2026-08-01T11:16:20Z</Time>
      <Position>
       <LatitudeDegrees>5.2351010</LatitudeDegrees>
       <LongitudeDegrees>100.4342790</LongitudeDegrees>
      </Position>
      <AltitudeMeters>5.6</AltitudeMeters>
      <DistanceMeters>783.8</DistanceMeters>
      <HeartRateBpm>
       <Value>130</Value>
      </HeartRateBpm>
      <Extensions>
       <TPX xmlns="http://www.garmin.com/xmlschemas/ActivityExtension/v2">
        <Speed>1.6</Speed>
       </TPX>
      </Extensions>
     </Trackpoint>
     <Trackpoint>
      <Time>2026-08-01T11:16:21Z</Time>
      <Position>
       <LatitudeDegrees>5.2351140</LatitudeDegrees>
       <LongitudeDegrees>100.4342760</LongitudeDegrees>
      </Position>
      <AltitudeMeters>5.6</AltitudeMeters>
      <DistanceMeters>785.2</DistanceMeters>
      <HeartRateBpm>
       <Value>129</Value>
      </HeartRateBpm>
      <Extensions>
       <TPX xmlns="http://www.garmin.com/xmlschemas/ActivityExtension/v2">
        <Speed>1.9</Speed>
       </TPX>
      </Extensions>
     </Trackpoint>
     <Trackpoint>
      <Time>2026-08-01T11:16:22Z</Time>
      <Position>
       <LatitudeDegrees>5.2351260</LatitudeDegrees>
       <LongitudeDegrees>100.4342710</LongitudeDegrees>
      </Position>
      <AltitudeMeters>5.6</AltitudeMeters>
      <DistanceMeters>786.7</DistanceMeters>
      <HeartRateBpm>
       <Value>129</Value>
      </HeartRateBpm>
      <Extensions>
       <TPX xmlns="http://www.garmin.com/xmlschemas/ActivityExtension/v2">
        <Speed>1.5</Speed>
       </TPX>
      </Extensions>
     </Trackpoint>
     <Trackpoint>
      <Time>2026-08-01T11:16:23Z</Time>
      <Position>
       <LatitudeDegrees>5.2351510</LatitudeDegrees>
       <LongitudeDegrees>100.4342640</LongitudeDegrees>
      </Position>
      <AltitudeMeters>5.6</AltitudeMeters>
      <DistanceMeters>789.6</DistanceMeters>
      <HeartRateBpm>
       <Value>129</Value>
      </HeartRateBpm>
      <Extensions>
       <TPX xmlns="http://www.garmin.com/xmlschemas/ActivityExtension/v2">
        <Speed>2.1</Speed>
       </TPX>
      </Extensions>
     </Trackpoint>
     <Trackpoint>
      <Time>2026-08-01T11:16:24Z</Time>
      <Position>
       <LatitudeDegrees>5.2351510</LatitudeDegrees>
       <LongitudeDegrees>100.4342640</LongitudeDegrees>
      </Position>
      <AltitudeMeters>5.6</AltitudeMeters>
      <DistanceMeters>789.6</DistanceMeters>
      <HeartRateBpm>
       <Value>128</Value>
      </HeartRateBpm>
      <Extensions>
       <TPX xmlns="http://www.garmin.com/xmlschemas/ActivityExtension/v2">
        <Speed>1.4</Speed>
       </TPX>
      </Extensions>
     </Trackpoint>
     <Trackpoint>
      <Time>2026-08-01T11:16:25Z</Time>
      <Position>
       <LatitudeDegrees>5.2351630</LatitudeDegrees>
       <LongitudeDegrees>100.4342590</LongitudeDegrees>
      </Position>
      <AltitudeMeters>5.6</AltitudeMeters>
      <DistanceMeters>791.0</DistanceMeters>
      <HeartRateBpm>
       <Value>128</Value>
      </HeartRateBpm>
      <Extensions>
       <TPX xmlns="http://www.garmin.com/xmlschemas/ActivityExtension/v2">
        <Speed>1.4</Speed>
       </TPX>
      </Extensions>
     </Trackpoint>
     <Trackpoint>
      <Time>2026-08-01T11:16:26Z</Time>
      <Position>
       <LatitudeDegrees>5.2351810</LatitudeDegrees>
       <LongitudeDegrees>100.4342520</LongitudeDegrees>
      </Position>
      <AltitudeMeters>5.6</AltitudeMeters>
      <DistanceMeters>791.0</DistanceMeters>
      <HeartRateBpm>
       <Value>128</Value>
      </HeartRateBpm>
      <Extensions>
       <TPX xmlns="http://www.garmin.com/xmlschemas/ActivityExtension/v2">
        <Speed>1.2</Speed>
       </TPX>
      </Extensions>
     </Trackpoint>
     <Trackpoint>
      <Time>2026-08-01T11:16:27Z</Time>
      <Position>
       <LatitudeDegrees>5.2351900</LatitudeDegrees>
       <LongitudeDegrees>100.4342510</LongitudeDegrees>
      </Position>
      <AltitudeMeters>5.6</AltitudeMeters>
      <DistanceMeters>794.1</DistanceMeters>
      <HeartRateBpm>
       <Value>128</Value>
      </HeartRateBpm>
      <Extensions>
       <TPX xmlns="http://www.garmin.com/xmlschemas/ActivityExtension/v2">
        <Speed>1.5</Speed>
       </TPX>
      </Extensions>
     </Trackpoint>
     <Trackpoint>
      <Time>2026-08-01T11:16:28Z</Time>
      <Position>
       <LatitudeDegrees>5.2352020</LatitudeDegrees>
       <LongitudeDegrees>100.4342490</LongitudeDegrees>
      </Position>
      <AltitudeMeters>5.6</AltitudeMeters>
      <DistanceMeters>795.5</DistanceMeters>
      <HeartRateBpm>
       <Value>128</Value>
      </HeartRateBpm>
      <Extensions>
       <TPX xmlns="http://www.garmin.com/xmlschemas/ActivityExtension/v2">
        <Speed>1.2</Speed>
       </TPX>
      </Extensions>
     </Trackpoint>
     <Trackpoint>
      <Time>2026-08-01T11:16:29Z</Time>
      <Position>
       <LatitudeDegrees>5.2352140</LatitudeDegrees>
       <LongitudeDegrees>100.4342490</LongitudeDegrees>
      </Position>
      <AltitudeMeters>5.6</AltitudeMeters>
      <DistanceMeters>796.8</DistanceMeters>
      <HeartRateBpm>
       <Value>128</Value>
      </HeartRateBpm>
      <Extensions>
       <TPX xmlns="http://www.garmin.com/xmlschemas/ActivityExtension/v2">
        <Speed>1.5</Speed>
       </TPX>
      </Extensions>
     </Trackpoint>
     <Trackpoint>
      <Time>2026-08-01T11:16:30Z</Time>
      <Position>
       <LatitudeDegrees>5.2352270</LatitudeDegrees>
       <LongitudeDegrees>100.4342490</LongitudeDegrees>
      </Position>
      <AltitudeMeters>5.6</AltitudeMeters>
      <DistanceMeters>798.3</DistanceMeters>
      <HeartRateBpm>
       <Value>129</Value>
      </HeartRateBpm>
      <Extensions>
       <TPX xmlns="http://www.garmin.com/xmlschemas/ActivityExtension/v2">
        <Speed>1.5</Speed>
       </TPX>
      </Extensions>
     </Trackpoint>
     <Trackpoint>
      <Time>2026-08-01T11:16:31Z</Time>
      <Position>
       <LatitudeDegrees>5.2352410</LatitudeDegrees>
       <LongitudeDegrees>100.4342490</LongitudeDegrees>
      </Position>
      <AltitudeMeters>5.6</AltitudeMeters>
      <DistanceMeters>799.8</DistanceMeters>
      <HeartRateBpm>
       <Value>129</Value>
      </HeartRateBpm>
      <Extensions>
       <TPX xmlns="http://www.garmin.com/xmlschemas/ActivityExtension/v2">
        <Speed>1.8</Speed>
       </TPX>
      </Extensions>
     </Trackpoint>
     <Trackpoint>
      <Time>2026-08-01T11:16:32Z</Time>
      <Position>
       <LatitudeDegrees>5.2352490</LatitudeDegrees>
       <LongitudeDegrees>100.4342490</LongitudeDegrees>
      </Position>
      <AltitudeMeters>5.6</AltitudeMeters>
      <DistanceMeters>800.7</DistanceMeters>
      <HeartRateBpm>
       <Value>130</Value>
      </HeartRateBpm>
      <Extensions>
       <TPX xmlns="http://www.garmin.com/xmlschemas/ActivityExtension/v2">
        <Speed>1.3</Speed>
       </TPX>
      </Extensions>
     </Trackpoint>
     <Trackpoint>
      <Time>2026-08-01T11:16:33Z</Time>
      <Position>
       <LatitudeDegrees>5.2352690</LatitudeDegrees>
       <LongitudeDegrees>100.4342480</LongitudeDegrees>
      </Position>
      <AltitudeMeters>5.6</AltitudeMeters>
      <DistanceMeters>802.9</DistanceMeters>
      <HeartRateBpm>
       <Value>130</Value>
      </HeartRateBpm>
      <Extensions>
       <TPX xmlns="http://www.garmin.com/xmlschemas/ActivityExtension/v2">
        <Speed>1.5</Speed>
       </TPX>
      </Extensions>
     </Trackpoint>
     <Trackpoint>
      <Time>2026-08-01T11:16:34Z</Time>
      <Position>
       <LatitudeDegrees>5.2352800</LatitudeDegrees>
       <LongitudeDegrees>100.4342410</LongitudeDegrees>
      </Position>
      <AltitudeMeters>5.6</AltitudeMeters>
      <DistanceMeters>804.3</DistanceMeters>
      <HeartRateBpm>
       <Value>129</Value>
      </HeartRateBpm>
      <Extensions>
       <TPX xmlns="http://www.garmin.com/xmlschemas/ActivityExtension/v2">
        <Speed>1.5</Speed>
       </TPX>
      </Extensions>
     </Trackpoint>
     <Trackpoint>
      <Time>2026-08-01T11:16:35Z</Time>
      <Position>
       <LatitudeDegrees>5.2352920</LatitudeDegrees>
       <LongitudeDegrees>100.4342360</LongitudeDegrees>
      </Position>
      <AltitudeMeters>5.6</AltitudeMeters>
      <DistanceMeters>805.8</DistanceMeters>
      <HeartRateBpm>
       <Value>129</Value>
      </HeartRateBpm>
      <Extensions>
       <TPX xmlns="http://www.garmin.com/xmlschemas/ActivityExtension/v2">
        <Speed>1.5</Speed>
       </TPX>
      </Extensions>
     </Trackpoint>
     <Trackpoint>
      <Time>2026-08-01T11:16:36Z</Time>
      <Position>
       <LatitudeDegrees>5.2353040</LatitudeDegrees>
       <LongitudeDegrees>100.4342310</LongitudeDegrees>
      </Position>
      <AltitudeMeters>5.6</AltitudeMeters>
      <DistanceMeters>807.2</DistanceMeters>
      <HeartRateBpm>
       <Value>130</Value>
      </HeartRateBpm>
      <Extensions>
       <TPX xmlns="http://www.garmin.com/xmlschemas/ActivityExtension/v2">
        <Speed>1.5</Speed>
       </TPX>
      </Extensions>
     </Trackpoint>
     <Trackpoint>
      <Time>2026-08-01T11:16:37Z</Time>
      <Position>
       <LatitudeDegrees>5.2353180</LatitudeDegrees>
       <LongitudeDegrees>100.4342280</LongitudeDegrees>
      </Position>
      <AltitudeMeters>5.6</AltitudeMeters>
      <DistanceMeters>807.2</DistanceMeters>
      <HeartRateBpm>
       <Value>130</Value>
      </HeartRateBpm>
      <Extensions>
       <TPX xmlns="http://www.garmin.com/xmlschemas/ActivityExtension/v2">
        <Speed>1.3</Speed>
       </TPX>
      </Extensions>
     </Trackpoint>
     <Trackpoint>
      <Time>2026-08-01T11:16:38Z</Time>
      <Position>
       <LatitudeDegrees>5.2353310</LatitudeDegrees>
       <LongitudeDegrees>100.4342260</LongitudeDegrees>
      </Position>
      <AltitudeMeters>5.6</AltitudeMeters>
      <DistanceMeters>810.3</DistanceMeters>
      <HeartRateBpm>
       <Value>130</Value>
      </HeartRateBpm>
      <Extensions>
       <TPX xmlns="http://www.garmin.com/xmlschemas/ActivityExtension/v2">
        <Speed>1.5</Speed>
       </TPX>
      </Extensions>
     </Trackpoint>
     <Trackpoint>
      <Time>2026-08-01T11:16:39Z</Time>
      <Position>
       <LatitudeDegrees>5.2353440</LatitudeDegrees>
       <LongitudeDegrees>100.4342210</LongitudeDegrees>
      </Position>
      <AltitudeMeters>5.6</AltitudeMeters>
      <DistanceMeters>811.8</DistanceMeters>
      <HeartRateBpm>
       <Value>130</Value>
      </HeartRateBpm>
      <Extensions>
       <TPX xmlns="http://www.garmin.com/xmlschemas/ActivityExtension/v2">
        <Speed>1.5</Speed>
       </TPX>
      </Extensions>
     </Trackpoint>
     <Trackpoint>
      <Time>2026-08-01T11:16:40Z</Time>
      <Position>
       <LatitudeDegrees>5.2353540</LatitudeDegrees>
       <LongitudeDegrees>100.4342170</LongitudeDegrees>
      </Position>
      <AltitudeMeters>5.6</AltitudeMeters>
      <DistanceMeters>813.0</DistanceMeters>
      <HeartRateBpm>
       <Value>130</Value>
      </HeartRateBpm>
      <Extensions>
       <TPX xmlns="http://www.garmin.com/xmlschemas/ActivityExtension/v2">
        <Speed>1.5</Speed>
       </TPX>
      </Extensions>
     </Trackpoint>
     <Trackpoint>
      <Time>2026-08-01T11:16:41Z</Time>
      <Position>
       <LatitudeDegrees>5.2353670</LatitudeDegrees>
       <LongitudeDegrees>100.4342150</LongitudeDegrees>
      </Position>
      <AltitudeMeters>5.6</AltitudeMeters>
      <DistanceMeters>814.5</DistanceMeters>
      <HeartRateBpm>
       <Value>130</Value>
      </HeartRateBpm>
      <Extensions>
       <TPX xmlns="http://www.garmin.com/xmlschemas/ActivityExtension/v2">
        <Speed>1.5</Speed>
       </TPX>
      </Extensions>
     </Trackpoint>
     <Trackpoint>
      <Time>2026-08-01T11:16:42Z</Time>
      <Position>
       <LatitudeDegrees>5.2353910</LatitudeDegrees>
       <LongitudeDegrees>100.4342110</LongitudeDegrees>
      </Position>
      <AltitudeMeters>5.6</AltitudeMeters>
      <DistanceMeters>814.5</DistanceMeters>
      <HeartRateBpm>
       <Value>129</Value>
      </HeartRateBpm>
      <Extensions>
       <TPX xmlns="http://www.garmin.com/xmlschemas/ActivityExtension/v2">
        <Speed>1.5</Speed>
       </TPX>
      </Extensions>
     </Trackpoint>
     <Trackpoint>
      <Time>2026-08-01T11:16:43Z</Time>
      <Position>
       <LatitudeDegrees>5.2353910</LatitudeDegrees>
       <LongitudeDegrees>100.4342110</LongitudeDegrees>
      </Position>
      <AltitudeMeters>5.6</AltitudeMeters>
      <DistanceMeters>814.5</DistanceMeters>
      <HeartRateBpm>
       <Value>129</Value>
      </HeartRateBpm>
      <Extensions>
       <TPX xmlns="http://www.garmin.com/xmlschemas/ActivityExtension/v2">
        <Speed>0.8</Speed>
       </TPX>
      </Extensions>
     </Trackpoint>
     <Trackpoint>
      <Time>2026-08-01T11:16:44Z</Time>
      <Position>
       <LatitudeDegrees>5.2354030</LatitudeDegrees>
       <LongitudeDegrees>100.4342090</LongitudeDegrees>
      </Position>
      <AltitudeMeters>5.6</AltitudeMeters>
      <DistanceMeters>818.5</DistanceMeters>
      <HeartRateBpm>
       <Value>129</Value>
      </HeartRateBpm>
      <Extensions>
       <TPX xmlns="http://www.garmin.com/xmlschemas/ActivityExtension/v2">
        <Speed>1.3</Speed>
       </TPX>
      </Extensions>
     </Trackpoint>
     <Trackpoint>
      <Time>2026-08-01T11:16:45Z</Time>
      <Position>
       <LatitudeDegrees>5.2354160</LatitudeDegrees>
       <LongitudeDegrees>100.4342070</LongitudeDegrees>
      </Position>
      <AltitudeMeters>5.6</AltitudeMeters>
      <DistanceMeters>818.5</DistanceMeters>
      <HeartRateBpm>
       <Value>129</Value>
      </HeartRateBpm>
      <Extensions>
       <TPX xmlns="http://www.garmin.com/xmlschemas/ActivityExtension/v2">
        <Speed>1.1</Speed>
       </TPX>
      </Extensions>
     </Trackpoint>
     <Trackpoint>
      <Time>2026-08-01T11:16:46Z</Time>
      <Position>
       <LatitudeDegrees>5.2354400</LatitudeDegrees>
       <LongitudeDegrees>100.4342030</LongitudeDegrees>
      </Position>
      <AltitudeMeters>5.6</AltitudeMeters>
      <DistanceMeters>821.9</DistanceMeters>
      <HeartRateBpm>
       <Value>129</Value>
      </HeartRateBpm>
      <Extensions>
       <TPX xmlns="http://www.garmin.com/xmlschemas/ActivityExtension/v2">
        <Speed>1.5</Speed>
       </TPX>
      </Extensions>
     </Trackpoint>
     <Trackpoint>
      <Time>2026-08-01T11:16:47Z</Time>
      <Position>
       <LatitudeDegrees>5.2354400</LatitudeDegrees>
       <LongitudeDegrees>100.4342030</LongitudeDegrees>
      </Position>
      <AltitudeMeters>5.6</AltitudeMeters>
      <DistanceMeters>821.9</DistanceMeters>
      <HeartRateBpm>
       <Value>128</Value>
      </HeartRateBpm>
      <Extensions>
       <TPX xmlns="http://www.garmin.com/xmlschemas/ActivityExtension/v2">
        <Speed>1.5</Speed>
       </TPX>
      </Extensions>
     </Trackpoint>
     <Trackpoint>
      <Time>2026-08-01T11:16:48Z</Time>
      <Position>
       <LatitudeDegrees>5.2354510</LatitudeDegrees>
       <LongitudeDegrees>100.4342000</LongitudeDegrees>
      </Position>
      <AltitudeMeters>5.6</AltitudeMeters>
      <DistanceMeters>821.9</DistanceMeters>
      <HeartRateBpm>
       <Value>128</Value>
      </HeartRateBpm>
      <Extensions>
       <TPX xmlns="http://www.garmin.com/xmlschemas/ActivityExtension/v2">
        <Speed>1.5</Speed>
       </TPX>
      </Extensions>
     </Trackpoint>
     <Trackpoint>
      <Time>2026-08-01T11:16:49Z</Time>
      <Position>
       <LatitudeDegrees>5.2354630</LatitudeDegrees>
       <LongitudeDegrees>100.4341960</LongitudeDegrees>
      </Position>
      <AltitudeMeters>5.6</AltitudeMeters>
      <DistanceMeters>825.4</DistanceMeters>
      <HeartRateBpm>
       <Value>128</Value>
      </HeartRateBpm>
      <Extensions>
       <TPX xmlns="http://www.garmin.com/xmlschemas/ActivityExtension/v2">
        <Speed>1.4</Speed>
       </TPX>
      </Extensions>
     </Trackpoint>
     <Trackpoint>
      <Time>2026-08-01T11:16:50Z</Time>
      <Position>
       <LatitudeDegrees>5.2354750</LatitudeDegrees>
       <LongitudeDegrees>100.4341920</LongitudeDegrees>
      </Position>
      <AltitudeMeters>5.6</AltitudeMeters>
      <DistanceMeters>826.8</DistanceMeters>
      <HeartRateBpm>
       <Value>128</Value>
      </HeartRateBpm>
      <Extensions>
       <TPX xmlns="http://www.garmin.com/xmlschemas/ActivityExtension/v2">
        <Speed>1.7</Speed>
       </TPX>
      </Extensions>
     </Trackpoint>
     <Trackpoint>
      <Time>2026-08-01T11:16:51Z</Time>
      <Position>
       <LatitudeDegrees>5.2354860</LatitudeDegrees>
       <LongitudeDegrees>100.4341860</LongitudeDegrees>
      </Position>
      <AltitudeMeters>5.6</AltitudeMeters>
      <DistanceMeters>828.2</DistanceMeters>
      <HeartRateBpm>
       <Value>128</Value>
      </HeartRateBpm>
      <Extensions>
       <TPX xmlns="http://www.garmin.com/xmlschemas/ActivityExtension/v2">
        <Speed>1.3</Speed>
       </TPX>
      </Extensions>
     </Trackpoint>
     <Trackpoint>
      <Time>2026-08-01T11:16:52Z</Time>
      <Position>
       <LatitudeDegrees>5.2354990</LatitudeDegrees>
       <LongitudeDegrees>100.4341810</LongitudeDegrees>
      </Position>
      <AltitudeMeters>5.6</AltitudeMeters>
      <DistanceMeters>829.7</DistanceMeters>
      <HeartRateBpm>
       <Value>127</Value>
      </HeartRateBpm>
      <Extensions>
       <TPX xmlns="http://www.garmin.com/xmlschemas/ActivityExtension/v2">
        <Speed>1.6</Speed>
       </TPX>
      </Extensions>
     </Trackpoint>
     <Trackpoint>
      <Time>2026-08-01T11:16:53Z</Time>
      <Position>
       <LatitudeDegrees>5.2355120</LatitudeDegrees>
       <LongitudeDegrees>100.4341790</LongitudeDegrees>
      </Position>
      <AltitudeMeters>5.6</AltitudeMeters>
      <DistanceMeters>831.2</DistanceMeters>
      <HeartRateBpm>
       <Value>127</Value>
      </HeartRateBpm>
      <Extensions>
       <TPX xmlns="http://www.garmin.com/xmlschemas/ActivityExtension/v2">
        <Speed>1.9</Speed>
       </TPX>
      </Extensions>
     </Trackpoint>
     <Trackpoint>
      <Time>2026-08-01T11:16:54Z</Time>
      <Position>
       <LatitudeDegrees>5.2355230</LatitudeDegrees>
       <LongitudeDegrees>100.4341780</LongitudeDegrees>
      </Position>
      <AltitudeMeters>5.6</AltitudeMeters>
      <DistanceMeters>832.4</DistanceMeters>
      <HeartRateBpm>
       <Value>127</Value>
      </HeartRateBpm>
      <Extensions>
       <TPX xmlns="http://www.garmin.com/xmlschemas/ActivityExtension/v2">
        <Speed>1.4</Speed>
       </TPX>
      </Extensions>
     </Trackpoint>
     <Trackpoint>
      <Time>2026-08-01T11:16:55Z</Time>
      <Position>
       <LatitudeDegrees>5.2355350</LatitudeDegrees>
       <LongitudeDegrees>100.4341770</LongitudeDegrees>
      </Position>
      <AltitudeMeters>5.6</AltitudeMeters>
      <DistanceMeters>833.8</DistanceMeters>
      <HeartRateBpm>
       <Value>127</Value>
      </HeartRateBpm>
      <Extensions>
       <TPX xmlns="http://www.garmin.com/xmlschemas/ActivityExtension/v2">
        <Speed>1.4</Speed>
       </TPX>
      </Extensions>
     </Trackpoint>
     <Trackpoint>
      <Time>2026-08-01T11:16:56Z</Time>
      <Position>
       <LatitudeDegrees>5.2355480</LatitudeDegrees>
       <LongitudeDegrees>100.4341760</LongitudeDegrees>
      </Position>
      <AltitudeMeters>5.6</AltitudeMeters>
      <DistanceMeters>835.2</DistanceMeters>
      <HeartRateBpm>
       <Value>127</Value>
      </HeartRateBpm>
      <Extensions>
       <TPX xmlns="http://www.garmin.com/xmlschemas/ActivityExtension/v2">
        <Speed>1.4</Speed>
       </TPX>
      </Extensions>
     </Trackpoint>
     <Trackpoint>
      <Time>2026-08-01T11:16:57Z</Time>
      <Position>
       <LatitudeDegrees>5.2355600</LatitudeDegrees>
       <LongitudeDegrees>100.4341750</LongitudeDegrees>
      </Position>
      <AltitudeMeters>5.6</AltitudeMeters>
      <DistanceMeters>836.6</DistanceMeters>
      <HeartRateBpm>
       <Value>128</Value>
      </HeartRateBpm>
      <Extensions>
       <TPX xmlns="http://www.garmin.com/xmlschemas/ActivityExtension/v2">
        <Speed>1.4</Speed>
       </TPX>
      </Extensions>
     </Trackpoint>
     <Trackpoint>
      <Time>2026-08-01T11:16:58Z</Time>
      <Position>
       <LatitudeDegrees>5.2355730</LatitudeDegrees>
       <LongitudeDegrees>100.4341740</LongitudeDegrees>
      </Position>
      <AltitudeMeters>5.6</AltitudeMeters>
      <DistanceMeters>838.0</DistanceMeters>
      <HeartRateBpm>
       <Value>128</Value>
      </HeartRateBpm>
      <Extensions>
       <TPX xmlns="http://www.garmin.com/xmlschemas/ActivityExtension/v2">
        <Speed>1.4</Speed>
       </TPX>
      </Extensions>
     </Trackpoint>
     <Trackpoint>
      <Time>2026-08-01T11:16:59Z</Time>
      <Position>
       <LatitudeDegrees>5.2355990</LatitudeDegrees>
       <LongitudeDegrees>100.4341640</LongitudeDegrees>
      </Position>
      <AltitudeMeters>5.6</AltitudeMeters>
      <DistanceMeters>841.1</DistanceMeters>
      <HeartRateBpm>
       <Value>128</Value>
      </HeartRateBpm>
      <Extensions>
       <TPX xmlns="http://www.garmin.com/xmlschemas/ActivityExtension/v2">
        <Speed>1.7</Speed>
       </TPX>
      </Extensions>
     </Trackpoint>
     <Trackpoint>
      <Time>2026-08-01T11:17:00Z</Time>
      <Position>
       <LatitudeDegrees>5.2356100</LatitudeDegrees>
       <LongitudeDegrees>100.4341610</LongitudeDegrees>
      </Position>
      <AltitudeMeters>5.6</AltitudeMeters>
      <DistanceMeters>841.1</DistanceMeters>
      <HeartRateBpm>
       <Value>128</Value>
      </HeartRateBpm>
      <Extensions>
       <TPX xmlns="http://www.garmin.com/xmlschemas/ActivityExtension/v2">
        <Speed>1.5</Speed>
       </TPX>
      </Extensions>
     </Trackpoint>
     <Trackpoint>
      <Time>2026-08-01T11:17:01Z</Time>
      <Position>
       <LatitudeDegrees>5.2356190</LatitudeDegrees>
       <LongitudeDegrees>100.4341560</LongitudeDegrees>
      </Position>
      <AltitudeMeters>5.6</AltitudeMeters>
      <DistanceMeters>841.1</DistanceMeters>
      <HeartRateBpm>
       <Value>128</Value>
      </HeartRateBpm>
      <Extensions>
       <TPX xmlns="http://www.garmin.com/xmlschemas/ActivityExtension/v2">
        <Speed>1.2</Speed>
       </TPX>
      </Extensions>
     </Trackpoint>
     <Trackpoint>
      <Time>2026-08-01T11:17:02Z</Time>
      <Position>
       <LatitudeDegrees>5.2356280</LatitudeDegrees>
       <LongitudeDegrees>100.4341550</LongitudeDegrees>
      </Position>
      <AltitudeMeters>5.6</AltitudeMeters>
      <DistanceMeters>844.5</DistanceMeters>
      <HeartRateBpm>
       <Value>128</Value>
      </HeartRateBpm>
      <Extensions>
       <TPX xmlns="http://www.garmin.com/xmlschemas/ActivityExtension/v2">
        <Speed>1.6</Speed>
       </TPX>
      </Extensions>
     </Trackpoint>
     <Trackpoint>
      <Time>2026-08-01T11:17:03Z</Time>
      <Position>
       <LatitudeDegrees>5.2356360</LatitudeDegrees>
       <LongitudeDegrees>100.4341540</LongitudeDegrees>
      </Position>
      <AltitudeMeters>5.6</AltitudeMeters>
      <DistanceMeters>845.3</DistanceMeters>
      <HeartRateBpm>
       <Value>128</Value>
      </HeartRateBpm>
      <Extensions>
       <TPX xmlns="http://www.garmin.com/xmlschemas/ActivityExtension/v2">
        <Speed>1.5</Speed>
       </TPX>
      </Extensions>
     </Trackpoint>
     <Trackpoint>
      <Time>2026-08-01T11:17:04Z</Time>
      <Position>
       <LatitudeDegrees>5.2356450</LatitudeDegrees>
       <LongitudeDegrees>100.4341520</LongitudeDegrees>
      </Position>
      <AltitudeMeters>5.6</AltitudeMeters>
      <DistanceMeters>846.3</DistanceMeters>
      <HeartRateBpm>
       <Value>128</Value>
      </HeartRateBpm>
      <Extensions>
       <TPX xmlns="http://www.garmin.com/xmlschemas/ActivityExtension/v2">
        <Speed>1.0</Speed>
       </TPX>
      </Extensions>
     </Trackpoint>
     <Trackpoint>
      <Time>2026-08-01T11:17:05Z</Time>
      <Position>
       <LatitudeDegrees>5.2356540</LatitudeDegrees>
       <LongitudeDegrees>100.4341520</LongitudeDegrees>
      </Position>
      <AltitudeMeters>5.6</AltitudeMeters>
      <DistanceMeters>847.3</DistanceMeters>
      <HeartRateBpm>
       <Value>128</Value>
      </HeartRateBpm>
      <Extensions>
       <TPX xmlns="http://www.garmin.com/xmlschemas/ActivityExtension/v2">
        <Speed>1.2</Speed>
       </TPX>
      </Extensions>
     </Trackpoint>
     <Trackpoint>
      <Time>2026-08-01T11:17:06Z</Time>
      <Position>
       <LatitudeDegrees>5.2356720</LatitudeDegrees>
       <LongitudeDegrees>100.4341590</LongitudeDegrees>
      </Position>
      <AltitudeMeters>5.6</AltitudeMeters>
      <DistanceMeters>849.3</DistanceMeters>
      <HeartRateBpm>
       <Value>128</Value>
      </HeartRateBpm>
      <Extensions>
       <TPX xmlns="http://www.garmin.com/xmlschemas/ActivityExtension/v2">
        <Speed>1.6</Speed>
       </TPX>
      </Extensions>
     </Trackpoint>
     <Trackpoint>
      <Time>2026-08-01T11:17:07Z</Time>
      <Position>
       <LatitudeDegrees>5.2356790</LatitudeDegrees>
       <LongitudeDegrees>100.4341590</LongitudeDegrees>
      </Position>
      <AltitudeMeters>5.6</AltitudeMeters>
      <DistanceMeters>850.1</DistanceMeters>
      <HeartRateBpm>
       <Value>128</Value>
      </HeartRateBpm>
      <Extensions>
       <TPX xmlns="http://www.garmin.com/xmlschemas/ActivityExtension/v2">
        <Speed>1.1</Speed>
       </TPX>
      </Extensions>
     </Trackpoint>
     <Trackpoint>
      <Time>2026-08-01T11:17:08Z</Time>
      <Position>
       <LatitudeDegrees>5.2356880</LatitudeDegrees>
       <LongitudeDegrees>100.4341610</LongitudeDegrees>
      </Position>
      <AltitudeMeters>5.6</AltitudeMeters>
      <DistanceMeters>851.1</DistanceMeters>
      <HeartRateBpm>
       <Value>127</Value>
      </HeartRateBpm>
      <Extensions>
       <TPX xmlns="http://www.garmin.com/xmlschemas/ActivityExtension/v2">
        <Speed>1.1</Speed>
       </TPX>
      </Extensions>
     </Trackpoint>
     <Trackpoint>
      <Time>2026-08-01T11:17:09Z</Time>
      <Position>
       <LatitudeDegrees>5.2356980</LatitudeDegrees>
       <LongitudeDegrees>100.4341600</LongitudeDegrees>
      </Position>
      <AltitudeMeters>5.6</AltitudeMeters>
      <DistanceMeters>852.2</DistanceMeters>
      <HeartRateBpm>
       <Value>127</Value>
      </HeartRateBpm>
      <Extensions>
       <TPX xmlns="http://www.garmin.com/xmlschemas/ActivityExtension/v2">
        <Speed>1.2</Speed>
       </TPX>
      </Extensions>
     </Trackpoint>
     <Trackpoint>
      <Time>2026-08-01T11:17:10Z</Time>
      <Position>
       <LatitudeDegrees>5.2357090</LatitudeDegrees>
       <LongitudeDegrees>100.4341560</LongitudeDegrees>
      </Position>
      <AltitudeMeters>5.6</AltitudeMeters>
      <DistanceMeters>853.5</DistanceMeters>
      <HeartRateBpm>
       <Value>127</Value>
      </HeartRateBpm>
      <Extensions>
       <TPX xmlns="http://www.garmin.com/xmlschemas/ActivityExtension/v2">
        <Speed>1.2</Speed>
       </TPX>
      </Extensions>
     </Trackpoint>
     <Trackpoint>
      <Time>2026-08-01T11:17:11Z</Time>
      <Position>
       <LatitudeDegrees>5.2357210</LatitudeDegrees>
       <LongitudeDegrees>100.4341480</LongitudeDegrees>
      </Position>
      <AltitudeMeters>5.6</AltitudeMeters>
      <DistanceMeters>853.5</DistanceMeters>
      <HeartRateBpm>
       <Value>127</Value>
      </HeartRateBpm>
      <Extensions>
       <TPX xmlns="http://www.garmin.com/xmlschemas/ActivityExtension/v2">
        <Speed>0.8</Speed>
       </TPX>
      </Extensions>
     </Trackpoint>
     <Trackpoint>
      <Time>2026-08-01T11:17:12Z</Time>
      <Position>
       <LatitudeDegrees>5.2357430</LatitudeDegrees>
       <LongitudeDegrees>100.4341480</LongitudeDegrees>
      </Position>
      <AltitudeMeters>5.6</AltitudeMeters>
      <DistanceMeters>857.4</DistanceMeters>
      <HeartRateBpm>
       <Value>127</Value>
      </HeartRateBpm>
      <Extensions>
       <TPX xmlns="http://www.garmin.com/xmlschemas/ActivityExtension/v2">
        <Speed>1.5</Speed>
       </TPX>
      </Extensions>
     </Trackpoint>
     <Trackpoint>
      <Time>2026-08-01T11:17:13Z</Time>
      <Position>
       <LatitudeDegrees>5.2357540</LatitudeDegrees>
       <LongitudeDegrees>100.4341480</LongitudeDegrees>
      </Position>
      <AltitudeMeters>5.6</AltitudeMeters>
      <DistanceMeters>857.4</DistanceMeters>
      <HeartRateBpm>
       <Value>127</Value>
      </HeartRateBpm>
      <Extensions>
       <TPX xmlns="http://www.garmin.com/xmlschemas/ActivityExtension/v2">
        <Speed>1.3</Speed>
       </TPX>
      </Extensions>
     </Trackpoint>
     <Trackpoint>
      <Time>2026-08-01T11:17:14Z</Time>
      <Position>
       <LatitudeDegrees>5.2357640</LatitudeDegrees>
       <LongitudeDegrees>100.4341410</LongitudeDegrees>
      </Position>
      <AltitudeMeters>5.6</AltitudeMeters>
      <DistanceMeters>857.4</DistanceMeters>
      <HeartRateBpm>
       <Value>127</Value>
      </HeartRateBpm>
      <Extensions>
       <TPX xmlns="http://www.garmin.com/xmlschemas/ActivityExtension/v2">
        <Speed>1.0</Speed>
       </TPX>
      </Extensions>
     </Trackpoint>
     <Trackpoint>
      <Time>2026-08-01T11:17:15Z</Time>
      <Position>
       <LatitudeDegrees>5.2357740</LatitudeDegrees>
       <LongitudeDegrees>100.4341340</LongitudeDegrees>
      </Position>
      <AltitudeMeters>5.6</AltitudeMeters>
      <DistanceMeters>861.2</DistanceMeters>
      <HeartRateBpm>
       <Value>127</Value>
      </HeartRateBpm>
      <Extensions>
       <TPX xmlns="http://www.garmin.com/xmlschemas/ActivityExtension/v2">
        <Speed>1.5</Speed>
       </TPX>
      </Extensions>
     </Trackpoint>
     <Trackpoint>
      <Time>2026-08-01T11:17:16Z</Time>
      <Position>
       <LatitudeDegrees>5.2357860</LatitudeDegrees>
       <LongitudeDegrees>100.4341280</LongitudeDegrees>
      </Position>
      <AltitudeMeters>5.6</AltitudeMeters>
      <DistanceMeters>862.7</DistanceMeters>
      <HeartRateBpm>
       <Value>125</Value>
      </HeartRateBpm>
      <Extensions>
       <TPX xmlns="http://www.garmin.com/xmlschemas/ActivityExtension/v2">
        <Speed>1.8</Speed>
       </TPX>
      </Extensions>
     </Trackpoint>
     <Trackpoint>
      <Time>2026-08-01T11:17:17Z</Time>
      <Position>
       <LatitudeDegrees>5.2357980</LatitudeDegrees>
       <LongitudeDegrees>100.4341230</LongitudeDegrees>
      </Position>
      <AltitudeMeters>5.6</AltitudeMeters>
      <DistanceMeters>864.1</DistanceMeters>
      <HeartRateBpm>
       <Value>125</Value>
      </HeartRateBpm>
      <Extensions>
       <TPX xmlns="http://www.garmin.com/xmlschemas/ActivityExtension/v2">
        <Speed>1.3</Speed>
       </TPX>
      </Extensions>
     </Trackpoint>
     <Trackpoint>
      <Time>2026-08-01T11:17:18Z</Time>
      <Position>
       <LatitudeDegrees>5.2358100</LatitudeDegrees>
       <LongitudeDegrees>100.4341190</LongitudeDegrees>
      </Position>
      <AltitudeMeters>5.6</AltitudeMeters>
      <DistanceMeters>865.5</DistanceMeters>
      <HeartRateBpm>
       <Value>125</Value>
      </HeartRateBpm>
      <Extensions>
       <TPX xmlns="http://www.garmin.com/xmlschemas/ActivityExtension/v2">
        <Speed>1.6</Speed>
       </TPX>
      </Extensions>
     </Trackpoint>
     <Trackpoint>
      <Time>2026-08-01T11:17:19Z</Time>
      <Position>
       <LatitudeDegrees>5.2358290</LatitudeDegrees>
       <LongitudeDegrees>100.4341100</LongitudeDegrees>
      </Position>
      <AltitudeMeters>5.6</AltitudeMeters>
      <DistanceMeters>865.5</DistanceMeters>
      <HeartRateBpm>
       <Value>125</Value>
      </HeartRateBpm>
      <Extensions>
       <TPX xmlns="http://www.garmin.com/xmlschemas/ActivityExtension/v2">
        <Speed>1.6</Speed>
       </TPX>
      </Extensions>
     </Trackpoint>
     <Trackpoint>
      <Time>2026-08-01T11:17:20Z</Time>
      <Position>
       <LatitudeDegrees>5.2358380</LatitudeDegrees>
       <LongitudeDegrees>100.4341070</LongitudeDegrees>
      </Position>
      <AltitudeMeters>5.6</AltitudeMeters>
      <DistanceMeters>869.0</DistanceMeters>
      <HeartRateBpm>
       <Value>125</Value>
      </HeartRateBpm>
      <Extensions>
       <TPX xmlns="http://www.garmin.com/xmlschemas/ActivityExtension/v2">
        <Speed>1.6</Speed>
       </TPX>
      </Extensions>
     </Trackpoint>
     <Trackpoint>
      <Time>2026-08-01T11:17:21Z</Time>
      <Position>
       <LatitudeDegrees>5.2358510</LatitudeDegrees>
       <LongitudeDegrees>100.4341030</LongitudeDegrees>
      </Position>
      <AltitudeMeters>5.6</AltitudeMeters>
      <DistanceMeters>870.5</DistanceMeters>
      <HeartRateBpm>
       <Value>125</Value>
      </HeartRateBpm>
      <Extensions>
       <TPX xmlns="http://www.garmin.com/xmlschemas/ActivityExtension/v2">
        <Speed>1.6</Speed>
       </TPX>
      </Extensions>
     </Trackpoint>
     <Trackpoint>
      <Time>2026-08-01T11:17:22Z</Time>
      <Position>
       <LatitudeDegrees>5.2358630</LatitudeDegrees>
       <LongitudeDegrees>100.4340970</LongitudeDegrees>
      </Position>
      <AltitudeMeters>5.6</AltitudeMeters>
      <DistanceMeters>871.9</DistanceMeters>
      <HeartRateBpm>
       <Value>125</Value>
      </HeartRateBpm>
      <Extensions>
       <TPX xmlns="http://www.garmin.com/xmlschemas/ActivityExtension/v2">
        <Speed>1.6</Speed>
       </TPX>
      </Extensions>
     </Trackpoint>
     <Trackpoint>
      <Time>2026-08-01T11:17:23Z</Time>
      <Position>
       <LatitudeDegrees>5.2358760</LatitudeDegrees>
       <LongitudeDegrees>100.4340940</LongitudeDegrees>
      </Position>
      <AltitudeMeters>5.6</AltitudeMeters>
      <DistanceMeters>873.4</DistanceMeters>
      <HeartRateBpm>
       <Value>126</Value>
      </HeartRateBpm>
      <Extensions>
       <TPX xmlns="http://www.garmin.com/xmlschemas/ActivityExtension/v2">
        <Speed>1.6</Speed>
       </TPX>
      </Extensions>
     </Trackpoint>
     <Trackpoint>
      <Time>2026-08-01T11:17:24Z</Time>
      <Position>
       <LatitudeDegrees>5.2358900</LatitudeDegrees>
       <LongitudeDegrees>100.4340920</LongitudeDegrees>
      </Position>
      <AltitudeMeters>5.6</AltitudeMeters>
      <DistanceMeters>874.9</DistanceMeters>
      <HeartRateBpm>
       <Value>126</Value>
      </HeartRateBpm>
      <Extensions>
       <TPX xmlns="http://www.garmin.com/xmlschemas/ActivityExtension/v2">
        <Speed>1.9</Speed>
       </TPX>
      </Extensions>
     </Trackpoint>
     <Trackpoint>
      <Time>2026-08-01T11:17:25Z</Time>
      <Position>
       <LatitudeDegrees>5.2359030</LatitudeDegrees>
       <LongitudeDegrees>100.4340900</LongitudeDegrees>
      </Position>
      <AltitudeMeters>5.6</AltitudeMeters>
      <DistanceMeters>876.4</DistanceMeters>
      <HeartRateBpm>
       <Value>126</Value>
      </HeartRateBpm>
      <Extensions>
       <TPX xmlns="http://www.garmin.com/xmlschemas/ActivityExtension/v2">
        <Speed>1.5</Speed>
       </TPX>
      </Extensions>
     </Trackpoint>
     <Trackpoint>
      <Time>2026-08-01T11:17:26Z</Time>
      <Position>
       <LatitudeDegrees>5.2359160</LatitudeDegrees>
       <LongitudeDegrees>100.4340890</LongitudeDegrees>
      </Position>
      <AltitudeMeters>5.6</AltitudeMeters>
      <DistanceMeters>877.8</DistanceMeters>
      <HeartRateBpm>
       <Value>126</Value>
      </HeartRateBpm>
      <Extensions>
       <TPX xmlns="http://www.garmin.com/xmlschemas/ActivityExtension/v2">
        <Speed>1.5</Speed>
       </TPX>
      </Extensions>
     </Trackpoint>
     <Trackpoint>
      <Time>2026-08-01T11:17:27Z</Time>
      <Position>
       <LatitudeDegrees>5.2359310</LatitudeDegrees>
       <LongitudeDegrees>100.4340910</LongitudeDegrees>
      </Position>
      <AltitudeMeters>5.6</AltitudeMeters>
      <DistanceMeters>879.5</DistanceMeters>
      <HeartRateBpm>
       <Value>126</Value>
      </HeartRateBpm>
      <Extensions>
       <TPX xmlns="http://www.garmin.com/xmlschemas/ActivityExtension/v2">
        <Speed>1.5</Speed>
       </TPX>
      </Extensions>
     </Trackpoint>
     <Trackpoint>
      <Time>2026-08-01T11:17:28Z</Time>
      <Position>
       <LatitudeDegrees>5.2359400</LatitudeDegrees>
       <LongitudeDegrees>100.4340890</LongitudeDegrees>
      </Position>
      <AltitudeMeters>5.6</AltitudeMeters>
      <DistanceMeters>880.5</DistanceMeters>
      <HeartRateBpm>
       <Value>127</Value>
      </HeartRateBpm>
      <Extensions>
       <TPX xmlns="http://www.garmin.com/xmlschemas/ActivityExtension/v2">
        <Speed>1.4</Speed>
       </TPX>
      </Extensions>
     </Trackpoint>
     <Trackpoint>
      <Time>2026-08-01T11:17:29Z</Time>
      <Position>
       <LatitudeDegrees>5.2359530</LatitudeDegrees>
       <LongitudeDegrees>100.4340870</LongitudeDegrees>
      </Position>
      <AltitudeMeters>5.6</AltitudeMeters>
      <DistanceMeters>882.0</DistanceMeters>
      <HeartRateBpm>
       <Value>127</Value>
      </HeartRateBpm>
      <Extensions>
       <TPX xmlns="http://www.garmin.com/xmlschemas/ActivityExtension/v2">
        <Speed>1.4</Speed>
       </TPX>
      </Extensions>
     </Trackpoint>
     <Trackpoint>
      <Time>2026-08-01T11:17:30Z</Time>
      <Position>
       <LatitudeDegrees>5.2359650</LatitudeDegrees>
       <LongitudeDegrees>100.4340850</LongitudeDegrees>
      </Position>
      <AltitudeMeters>5.6</AltitudeMeters>
      <DistanceMeters>883.3</DistanceMeters>
      <HeartRateBpm>
       <Value>127</Value>
      </HeartRateBpm>
      <Extensions>
       <TPX xmlns="http://www.garmin.com/xmlschemas/ActivityExtension/v2">
        <Speed>1.4</Speed>
       </TPX>
      </Extensions>
     </Trackpoint>
     <Trackpoint>
      <Time>2026-08-01T11:17:31Z</Time>
      <Position>
       <LatitudeDegrees>5.2359770</LatitudeDegrees>
       <LongitudeDegrees>100.4340820</LongitudeDegrees>
      </Position>
      <AltitudeMeters>5.6</AltitudeMeters>
      <DistanceMeters>884.7</DistanceMeters>
      <HeartRateBpm>
       <Value>127</Value>
      </HeartRateBpm>
      <Extensions>
       <TPX xmlns="http://www.garmin.com/xmlschemas/ActivityExtension/v2">
        <Speed>1.4</Speed>
       </TPX>
      </Extensions>
     </Trackpoint>
     <Trackpoint>
      <Time>2026-08-01T11:17:32Z</Time>
      <Position>
       <LatitudeDegrees>5.2359900</LatitudeDegrees>
       <LongitudeDegrees>100.4340790</LongitudeDegrees>
      </Position>
      <AltitudeMeters>5.6</AltitudeMeters>
      <DistanceMeters>886.2</DistanceMeters>
      <HeartRateBpm>
       <Value>127</Value>
      </HeartRateBpm>
      <Extensions>
       <TPX xmlns="http://www.garmin.com/xmlschemas/ActivityExtension/v2">
        <Speed>1.3</Speed>
       </TPX>
      </Extensions>
     </Trackpoint>
     <Trackpoint>
      <Time>2026-08-01T11:17:33Z</Time>
      <Position>
       <LatitudeDegrees>5.2360050</LatitudeDegrees>
       <LongitudeDegrees>100.4340760</LongitudeDegrees>
      </Position>
      <AltitudeMeters>5.6</AltitudeMeters>
      <DistanceMeters>887.9</DistanceMeters>
      <HeartRateBpm>
       <Value>127</Value>
      </HeartRateBpm>
      <Extensions>
       <TPX xmlns="http://www.garmin.com/xmlschemas/ActivityExtension/v2">
        <Speed>1.5</Speed>
       </TPX>
      </Extensions>
     </Trackpoint>
     <Trackpoint>
      <Time>2026-08-01T11:17:34Z</Time>
      <Position>
       <LatitudeDegrees>5.2360140</LatitudeDegrees>
       <LongitudeDegrees>100.4340730</LongitudeDegrees>
      </Position>
      <AltitudeMeters>5.6</AltitudeMeters>
      <DistanceMeters>888.9</DistanceMeters>
      <HeartRateBpm>
       <Value>127</Value>
      </HeartRateBpm>
      <Extensions>
       <TPX xmlns="http://www.garmin.com/xmlschemas/ActivityExtension/v2">
        <Speed>1.4</Speed>
       </TPX>
      </Extensions>
     </Trackpoint>
     <Trackpoint>
      <Time>2026-08-01T11:17:35Z</Time>
      <Position>
       <LatitudeDegrees>5.2360260</LatitudeDegrees>
       <LongitudeDegrees>100.4340700</LongitudeDegrees>
      </Position>
      <AltitudeMeters>5.6</AltitudeMeters>
      <DistanceMeters>890.3</DistanceMeters>
      <HeartRateBpm>
       <Value>127</Value>
      </HeartRateBpm>
      <Extensions>
       <TPX xmlns="http://www.garmin.com/xmlschemas/ActivityExtension/v2">
        <Speed>1.4</Speed>
       </TPX>
      </Extensions>
     </Trackpoint>
     <Trackpoint>
      <Time>2026-08-01T11:17:36Z</Time>
      <Position>
       <LatitudeDegrees>5.2360380</LatitudeDegrees>
       <LongitudeDegrees>100.4340660</LongitudeDegrees>
      </Position>
      <AltitudeMeters>5.6</AltitudeMeters>
      <DistanceMeters>891.7</DistanceMeters>
      <HeartRateBpm>
       <Value>127</Value>
      </HeartRateBpm>
      <Extensions>
       <TPX xmlns="http://www.garmin.com/xmlschemas/ActivityExtension/v2">
        <Speed>1.4</Speed>
       </TPX>
      </Extensions>
     </Trackpoint>
     <Trackpoint>
      <Time>2026-08-01T11:17:37Z</Time>
      <Position>
       <LatitudeDegrees>5.2360500</LatitudeDegrees>
       <LongitudeDegrees>100.4340610</LongitudeDegrees>
      </Position>
      <AltitudeMeters>5.6</AltitudeMeters>
      <DistanceMeters>893.2</DistanceMeters>
      <HeartRateBpm>
       <Value>127</Value>
      </HeartRateBpm>
      <Extensions>
       <TPX xmlns="http://www.garmin.com/xmlschemas/ActivityExtension/v2">
        <Speed>1.4</Speed>
       </TPX>
      </Extensions>
     </Trackpoint>
     <Trackpoint>
      <Time>2026-08-01T11:17:38Z</Time>
      <Position>
       <LatitudeDegrees>5.2360620</LatitudeDegrees>
       <LongitudeDegrees>100.4340570</LongitudeDegrees>
      </Position>
      <AltitudeMeters>5.6</AltitudeMeters>
      <DistanceMeters>894.6</DistanceMeters>
      <HeartRateBpm>
       <Value>127</Value>
      </HeartRateBpm>
      <Extensions>
       <TPX xmlns="http://www.garmin.com/xmlschemas/ActivityExtension/v2">
        <Speed>1.3</Speed>
       </TPX>
      </Extensions>
     </Trackpoint>
     <Trackpoint>
      <Time>2026-08-01T11:17:39Z</Time>
      <Position>
       <LatitudeDegrees>5.2360740</LatitudeDegrees>
       <LongitudeDegrees>100.4340510</LongitudeDegrees>
      </Position>
      <AltitudeMeters>5.6</AltitudeMeters>
      <DistanceMeters>894.6</DistanceMeters>
      <HeartRateBpm>
       <Value>126</Value>
      </HeartRateBpm>
      <Extensions>
       <TPX xmlns="http://www.garmin.com/xmlschemas/ActivityExtension/v2">
        <Speed>1.1</Speed>
       </TPX>
      </Extensions>
     </Trackpoint>
     <Trackpoint>
      <Time>2026-08-01T11:17:40Z</Time>
      <Position>
       <LatitudeDegrees>5.2360880</LatitudeDegrees>
       <LongitudeDegrees>100.4340470</LongitudeDegrees>
      </Position>
      <AltitudeMeters>5.6</AltitudeMeters>
      <DistanceMeters>897.7</DistanceMeters>
      <HeartRateBpm>
       <Value>126</Value>
      </HeartRateBpm>
      <Extensions>
       <TPX xmlns="http://www.garmin.com/xmlschemas/ActivityExtension/v2">
        <Speed>1.5</Speed>
       </TPX>
      </Extensions>
     </Trackpoint>
     <Trackpoint>
      <Time>2026-08-01T11:17:41Z</Time>
      <Position>
       <LatitudeDegrees>5.2360990</LatitudeDegrees>
       <LongitudeDegrees>100.4340430</LongitudeDegrees>
      </Position>
      <AltitudeMeters>5.6</AltitudeMeters>
      <DistanceMeters>899.0</DistanceMeters>
      <HeartRateBpm>
       <Value>126</Value>
      </HeartRateBpm>
      <Extensions>
       <TPX xmlns="http://www.garmin.com/xmlschemas/ActivityExtension/v2">
        <Speed>1.5</Speed>
       </TPX>
      </Extensions>
     </Trackpoint>
     <Trackpoint>
      <Time>2026-08-01T11:17:42Z</Time>
      <Position>
       <LatitudeDegrees>5.2361120</LatitudeDegrees>
       <LongitudeDegrees>100.4340410</LongitudeDegrees>
      </Position>
      <AltitudeMeters>5.6</AltitudeMeters>
      <DistanceMeters>900.4</DistanceMeters>
      <HeartRateBpm>
       <Value>127</Value>
      </HeartRateBpm>
      <Extensions>
       <TPX xmlns="http://www.garmin.com/xmlschemas/ActivityExtension/v2">
        <Speed>1.4</Speed>
       </TPX>
      </Extensions>
     </Trackpoint>
     <Trackpoint>
      <Time>2026-08-01T11:17:43Z</Time>
      <Position>
       <LatitudeDegrees>5.2361260</LatitudeDegrees>
       <LongitudeDegrees>100.4340380</LongitudeDegrees>
      </Position>
      <AltitudeMeters>5.6</AltitudeMeters>
      <DistanceMeters>902.0</DistanceMeters>
      <HeartRateBpm>
       <Value>127</Value>
      </HeartRateBpm>
      <Extensions>
       <TPX xmlns="http://www.garmin.com/xmlschemas/ActivityExtension/v2">
        <Speed>1.5</Speed>
       </TPX>
      </Extensions>
     </Trackpoint>
     <Trackpoint>
      <Time>2026-08-01T11:17:44Z</Time>
      <Position>
       <LatitudeDegrees>5.2361400</LatitudeDegrees>
       <LongitudeDegrees>100.4340360</LongitudeDegrees>
      </Position>
      <AltitudeMeters>5.6</AltitudeMeters>
      <DistanceMeters>902.0</DistanceMeters>
      <HeartRateBpm>
       <Value>127</Value>
      </HeartRateBpm>
      <Extensions>
       <TPX xmlns="http://www.garmin.com/xmlschemas/ActivityExtension/v2">
        <Speed>1.5</Speed>
       </TPX>
      </Extensions>
     </Trackpoint>
     <Trackpoint>
      <Time>2026-08-01T11:17:45Z</Time>
      <Position>
       <LatitudeDegrees>5.2361540</LatitudeDegrees>
       <LongitudeDegrees>100.4340350</LongitudeDegrees>
      </Position>
      <AltitudeMeters>5.6</AltitudeMeters>
      <DistanceMeters>905.1</DistanceMeters>
      <HeartRateBpm>
       <Value>127</Value>
      </HeartRateBpm>
      <Extensions>
       <TPX xmlns="http://www.garmin.com/xmlschemas/ActivityExtension/v2">
        <Speed>1.5</Speed>
       </TPX>
      </Extensions>
     </Trackpoint>
     <Trackpoint>
      <Time>2026-08-01T11:17:46Z</Time>
      <Position>
       <LatitudeDegrees>5.2361700</LatitudeDegrees>
       <LongitudeDegrees>100.4340330</LongitudeDegrees>
      </Position>
      <AltitudeMeters>5.6</AltitudeMeters>
      <DistanceMeters>905.1</DistanceMeters>
      <HeartRateBpm>
       <Value>127</Value>
      </HeartRateBpm>
      <Extensions>
       <TPX xmlns="http://www.garmin.com/xmlschemas/ActivityExtension/v2">
        <Speed>1.2</Speed>
       </TPX>
      </Extensions>
     </Trackpoint>
     <Trackpoint>
      <Time>2026-08-01T11:17:47Z</Time>
      <Position>
       <LatitudeDegrees>5.2361830</LatitudeDegrees>
       <LongitudeDegrees>100.4340310</LongitudeDegrees>
      </Position>
      <AltitudeMeters>5.6</AltitudeMeters>
      <DistanceMeters>908.3</DistanceMeters>
      <HeartRateBpm>
       <Value>127</Value>
      </HeartRateBpm>
      <Extensions>
       <TPX xmlns="http://www.garmin.com/xmlschemas/ActivityExtension/v2">
        <Speed>1.6</Speed>
       </TPX>
      </Extensions>
     </Trackpoint>
     <Trackpoint>
      <Time>2026-08-01T11:17:48Z</Time>
      <Position>
       <LatitudeDegrees>5.2361960</LatitudeDegrees>
       <LongitudeDegrees>100.4340280</LongitudeDegrees>
      </Position>
      <AltitudeMeters>5.6</AltitudeMeters>
      <DistanceMeters>908.3</DistanceMeters>
      <HeartRateBpm>
       <Value>127</Value>
      </HeartRateBpm>
      <Extensions>
       <TPX xmlns="http://www.garmin.com/xmlschemas/ActivityExtension/v2">
        <Speed>1.3</Speed>
       </TPX>
      </Extensions>
     </Trackpoint>
     <Trackpoint>
      <Time>2026-08-01T11:17:49Z</Time>
      <Position>
       <LatitudeDegrees>5.2362100</LatitudeDegrees>
       <LongitudeDegrees>100.4340260</LongitudeDegrees>
      </Position>
      <AltitudeMeters>5.6</AltitudeMeters>
      <DistanceMeters>911.4</DistanceMeters>
      <HeartRateBpm>
       <Value>127</Value>
      </HeartRateBpm>
      <Extensions>
       <TPX xmlns="http://www.garmin.com/xmlschemas/ActivityExtension/v2">
        <Speed>1.9</Speed>
       </TPX>
      </Extensions>
     </Trackpoint>
     <Trackpoint>
      <Time>2026-08-01T11:17:50Z</Time>
      <Position>
       <LatitudeDegrees>5.2362220</LatitudeDegrees>
       <LongitudeDegrees>100.4340270</LongitudeDegrees>
      </Position>
      <AltitudeMeters>5.6</AltitudeMeters>
      <DistanceMeters>912.7</DistanceMeters>
      <HeartRateBpm>
       <Value>127</Value>
      </HeartRateBpm>
      <Extensions>
       <TPX xmlns="http://www.garmin.com/xmlschemas/ActivityExtension/v2">
        <Speed>1.5</Speed>
       </TPX>
      </Extensions>
     </Trackpoint>
     <Trackpoint>
      <Time>2026-08-01T11:17:51Z</Time>
      <Position>
       <LatitudeDegrees>5.2362340</LatitudeDegrees>
       <LongitudeDegrees>100.4340270</LongitudeDegrees>
      </Position>
      <AltitudeMeters>5.6</AltitudeMeters>
      <DistanceMeters>914.1</DistanceMeters>
      <HeartRateBpm>
       <Value>127</Value>
      </HeartRateBpm>
      <Extensions>
       <TPX xmlns="http://www.garmin.com/xmlschemas/ActivityExtension/v2">
        <Speed>1.8</Speed>
       </TPX>
      </Extensions>
     </Trackpoint>
     <Trackpoint>
      <Time>2026-08-01T11:17:52Z</Time>
      <Position>
       <LatitudeDegrees>5.2362470</LatitudeDegrees>
       <LongitudeDegrees>100.4340250</LongitudeDegrees>
      </Position>
      <AltitudeMeters>5.6</AltitudeMeters>
      <DistanceMeters>915.5</DistanceMeters>
      <HeartRateBpm>
       <Value>128</Value>
      </HeartRateBpm>
      <Extensions>
       <TPX xmlns="http://www.garmin.com/xmlschemas/ActivityExtension/v2">
        <Speed>1.4</Speed>
       </TPX>
      </Extensions>
     </Trackpoint>
     <Trackpoint>
      <Time>2026-08-01T11:17:53Z</Time>
      <Position>
       <LatitudeDegrees>5.2362520</LatitudeDegrees>
       <LongitudeDegrees>100.4340230</LongitudeDegrees>
      </Position>
      <AltitudeMeters>5.6</AltitudeMeters>
      <DistanceMeters>915.5</DistanceMeters>
      <HeartRateBpm>
       <Value>128</Value>
      </HeartRateBpm>
      <Extensions>
       <TPX xmlns="http://www.garmin.com/xmlschemas/ActivityExtension/v2">
        <Speed>1.4</Speed>
       </TPX>
      </Extensions>
     </Trackpoint>
     <Trackpoint>
      <Time>2026-08-01T11:17:54Z</Time>
      <Position>
       <LatitudeDegrees>5.2362590</LatitudeDegrees>
       <LongitudeDegrees>100.4340210</LongitudeDegrees>
      </Position>
      <AltitudeMeters>5.6</AltitudeMeters>
      <DistanceMeters>915.5</DistanceMeters>
      <HeartRateBpm>
       <Value>128</Value>
      </HeartRateBpm>
      <Extensions>
       <TPX xmlns="http://www.garmin.com/xmlschemas/ActivityExtension/v2">
        <Speed>0.8</Speed>
       </TPX>
      </Extensions>
     </Trackpoint>
     <Trackpoint>
      <Time>2026-08-01T11:17:55Z</Time>
      <Position>
       <LatitudeDegrees>5.2362690</LatitudeDegrees>
       <LongitudeDegrees>100.4340180</LongitudeDegrees>
      </Position>
      <AltitudeMeters>5.6</AltitudeMeters>
      <DistanceMeters>915.5</DistanceMeters>
      <HeartRateBpm>
       <Value>128</Value>
      </HeartRateBpm>
      <Extensions>
       <TPX xmlns="http://www.garmin.com/xmlschemas/ActivityExtension/v2">
        <Speed>0.6</Speed>
       </TPX>
      </Extensions>
     </Trackpoint>
     <Trackpoint>
      <Time>2026-08-01T11:17:56Z</Time>
      <Position>
       <LatitudeDegrees>5.2362810</LatitudeDegrees>
       <LongitudeDegrees>100.4340160</LongitudeDegrees>
      </Position>
      <AltitudeMeters>5.6</AltitudeMeters>
      <DistanceMeters>919.4</DistanceMeters>
      <HeartRateBpm>
       <Value>128</Value>
      </HeartRateBpm>
      <Extensions>
       <TPX xmlns="http://www.garmin.com/xmlschemas/ActivityExtension/v2">
        <Speed>1.1</Speed>
       </TPX>
      </Extensions>
     </Trackpoint>
     <Trackpoint>
      <Time>2026-08-01T11:17:57Z</Time>
      <Position>
       <LatitudeDegrees>5.2362910</LatitudeDegrees>
       <LongitudeDegrees>100.4340110</LongitudeDegrees>
      </Position>
      <AltitudeMeters>5.6</AltitudeMeters>
      <DistanceMeters>920.7</DistanceMeters>
      <HeartRateBpm>
       <Value>128</Value>
      </HeartRateBpm>
      <Extensions>
       <TPX xmlns="http://www.garmin.com/xmlschemas/ActivityExtension/v2">
        <Speed>1.0</Speed>
       </TPX>
      </Extensions>
     </Trackpoint>
     <Trackpoint>
      <Time>2026-08-01T11:17:58Z</Time>
      <Position>
       <LatitudeDegrees>5.2363030</LatitudeDegrees>
       <LongitudeDegrees>100.4340070</LongitudeDegrees>
      </Position>
      <AltitudeMeters>5.6</AltitudeMeters>
      <DistanceMeters>922.1</DistanceMeters>
      <HeartRateBpm>
       <Value>128</Value>
      </HeartRateBpm>
      <Extensions>
       <TPX xmlns="http://www.garmin.com/xmlschemas/ActivityExtension/v2">
        <Speed>1.3</Speed>
       </TPX>
      </Extensions>
     </Trackpoint>
     <Trackpoint>
      <Time>2026-08-01T11:17:59Z</Time>
      <Position>
       <LatitudeDegrees>5.2363150</LatitudeDegrees>
       <LongitudeDegrees>100.4340020</LongitudeDegrees>
      </Position>
      <AltitudeMeters>5.6</AltitudeMeters>
      <DistanceMeters>923.6</DistanceMeters>
      <HeartRateBpm>
       <Value>128</Value>
      </HeartRateBpm>
      <Extensions>
       <TPX xmlns="http://www.garmin.com/xmlschemas/ActivityExtension/v2">
        <Speed>1.6</Speed>
       </TPX>
      </Extensions>
     </Trackpoint>
     <Trackpoint>
      <Time>2026-08-01T11:18:00Z</Time>
      <Position>
       <LatitudeDegrees>5.2363350</LatitudeDegrees>
       <LongitudeDegrees>100.4339960</LongitudeDegrees>
      </Position>
      <AltitudeMeters>5.6</AltitudeMeters>
      <DistanceMeters>923.6</DistanceMeters>
      <HeartRateBpm>
       <Value>127</Value>
      </HeartRateBpm>
      <Extensions>
       <TPX xmlns="http://www.garmin.com/xmlschemas/ActivityExtension/v2">
        <Speed>1.6</Speed>
       </TPX>
      </Extensions>
     </Trackpoint>
     <Trackpoint>
      <Time>2026-08-01T11:18:01Z</Time>
      <Position>
       <LatitudeDegrees>5.2363420</LatitudeDegrees>
       <LongitudeDegrees>100.4339920</LongitudeDegrees>
      </Position>
      <AltitudeMeters>5.6</AltitudeMeters>
      <DistanceMeters>926.7</DistanceMeters>
      <HeartRateBpm>
       <Value>128</Value>
      </HeartRateBpm>
      <Extensions>
       <TPX xmlns="http://www.garmin.com/xmlschemas/ActivityExtension/v2">
        <Speed>1.5</Speed>
       </TPX>
      </Extensions>
     </Trackpoint>
     <Trackpoint>
      <Time>2026-08-01T11:18:02Z</Time>
      <Position>
       <LatitudeDegrees>5.2363540</LatitudeDegrees>
       <LongitudeDegrees>100.4339880</LongitudeDegrees>
      </Position>
      <AltitudeMeters>5.6</AltitudeMeters>
      <DistanceMeters>928.1</DistanceMeters>
      <HeartRateBpm>
       <Value>128</Value>
      </HeartRateBpm>
      <Extensions>
       <TPX xmlns="http://www.garmin.com/xmlschemas/ActivityExtension/v2">
        <Speed>1.5</Speed>
       </TPX>
      </Extensions>
     </Trackpoint>
     <Trackpoint>
      <Time>2026-08-01T11:18:03Z</Time>
      <Position>
       <LatitudeDegrees>5.2363670</LatitudeDegrees>
       <LongitudeDegrees>100.4339840</LongitudeDegrees>
      </Position>
      <AltitudeMeters>5.6</AltitudeMeters>
      <DistanceMeters>929.6</DistanceMeters>
      <HeartRateBpm>
       <Value>128</Value>
      </HeartRateBpm>
      <Extensions>
       <TPX xmlns="http://www.garmin.com/xmlschemas/ActivityExtension/v2">
        <Speed>1.5</Speed>
       </TPX>
      </Extensions>
     </Trackpoint>
     <Trackpoint>
      <Time>2026-08-01T11:18:04Z</Time>
      <Position>
       <LatitudeDegrees>5.2363800</LatitudeDegrees>
       <LongitudeDegrees>100.4339800</LongitudeDegrees>
      </Position>
      <AltitudeMeters>5.6</AltitudeMeters>
      <DistanceMeters>931.1</DistanceMeters>
      <HeartRateBpm>
       <Value>128</Value>
      </HeartRateBpm>
      <Extensions>
       <TPX xmlns="http://www.garmin.com/xmlschemas/ActivityExtension/v2">
        <Speed>1.5</Speed>
       </TPX>
      </Extensions>
     </Trackpoint>
     <Trackpoint>
      <Time>2026-08-01T11:18:05Z</Time>
      <Position>
       <LatitudeDegrees>5.2363900</LatitudeDegrees>
       <LongitudeDegrees>100.4339770</LongitudeDegrees>
      </Position>
      <AltitudeMeters>5.6</AltitudeMeters>
      <DistanceMeters>931.1</DistanceMeters>
      <HeartRateBpm>
       <Value>128</Value>
      </HeartRateBpm>
      <Extensions>
       <TPX xmlns="http://www.garmin.com/xmlschemas/ActivityExtension/v2">
        <Speed>1.5</Speed>
       </TPX>
      </Extensions>
     </Trackpoint>
     <Trackpoint>
      <Time>2026-08-01T11:18:06Z</Time>
      <Position>
       <LatitudeDegrees>5.2364010</LatitudeDegrees>
       <LongitudeDegrees>100.4339740</LongitudeDegrees>
      </Position>
      <AltitudeMeters>5.6</AltitudeMeters>
      <DistanceMeters>931.1</DistanceMeters>
      <HeartRateBpm>
       <Value>128</Value>
      </HeartRateBpm>
      <Extensions>
       <TPX xmlns="http://www.garmin.com/xmlschemas/ActivityExtension/v2">
        <Speed>0.9</Speed>
       </TPX>
      </Extensions>
     </Trackpoint>
     <Trackpoint>
      <Time>2026-08-01T11:18:07Z</Time>
      <Position>
       <LatitudeDegrees>5.2364140</LatitudeDegrees>
       <LongitudeDegrees>100.4339710</LongitudeDegrees>
      </Position>
      <AltitudeMeters>5.6</AltitudeMeters>
      <DistanceMeters>935.1</DistanceMeters>
      <HeartRateBpm>
       <Value>127</Value>
      </HeartRateBpm>
      <Extensions>
       <TPX xmlns="http://www.garmin.com/xmlschemas/ActivityExtension/v2">
        <Speed>1.4</Speed>
       </TPX>
      </Extensions>
     </Trackpoint>
     <Trackpoint>
      <Time>2026-08-01T11:18:08Z</Time>
      <Position>
       <LatitudeDegrees>5.2364240</LatitudeDegrees>
       <LongitudeDegrees>100.4339680</LongitudeDegrees>
      </Position>
      <AltitudeMeters>5.6</AltitudeMeters>
      <DistanceMeters>935.1</DistanceMeters>
      <HeartRateBpm>
       <Value>127</Value>
      </HeartRateBpm>
      <Extensions>
       <TPX xmlns="http://www.garmin.com/xmlschemas/ActivityExtension/v2">
        <Speed>1.1</Speed>
       </TPX>
      </Extensions>
     </Trackpoint>
     <Trackpoint>
      <Time>2026-08-01T11:18:09Z</Time>
      <Position>
       <LatitudeDegrees>5.2364360</LatitudeDegrees>
       <LongitudeDegrees>100.4339660</LongitudeDegrees>
      </Position>
      <AltitudeMeters>5.6</AltitudeMeters>
      <DistanceMeters>935.1</DistanceMeters>
      <HeartRateBpm>
       <Value>127</Value>
      </HeartRateBpm>
      <Extensions>
       <TPX xmlns="http://www.garmin.com/xmlschemas/ActivityExtension/v2">
        <Speed>0.8</Speed>
       </TPX>
      </Extensions>
     </Trackpoint>
     <Trackpoint>
      <Time>2026-08-01T11:18:10Z</Time>
      <Position>
       <LatitudeDegrees>5.2364480</LatitudeDegrees>
       <LongitudeDegrees>100.4339640</LongitudeDegrees>
      </Position>
      <AltitudeMeters>5.6</AltitudeMeters>
      <DistanceMeters>939.0</DistanceMeters>
      <HeartRateBpm>
       <Value>127</Value>
      </HeartRateBpm>
      <Extensions>
       <TPX xmlns="http://www.garmin.com/xmlschemas/ActivityExtension/v2">
        <Speed>1.6</Speed>
       </TPX>
      </Extensions>
     </Trackpoint>
     <Trackpoint>
      <Time>2026-08-01T11:18:11Z</Time>
      <Position>
       <LatitudeDegrees>5.2364600</LatitudeDegrees>
       <LongitudeDegrees>100.4339630</LongitudeDegrees>
      </Position>
      <AltitudeMeters>5.6</AltitudeMeters>
      <DistanceMeters>939.0</DistanceMeters>
      <HeartRateBpm>
       <Value>127</Value>
      </HeartRateBpm>
      <Extensions>
       <TPX xmlns="http://www.garmin.com/xmlschemas/ActivityExtension/v2">
        <Speed>1.6</Speed>
       </TPX>
      </Extensions>
     </Trackpoint>
     <Trackpoint>
      <Time>2026-08-01T11:18:12Z</Time>
      <Position>
       <LatitudeDegrees>5.2364670</LatitudeDegrees>
       <LongitudeDegrees>100.4339590</LongitudeDegrees>
      </Position>
      <AltitudeMeters>5.6</AltitudeMeters>
      <DistanceMeters>939.0</DistanceMeters>
      <HeartRateBpm>
       <Value>127</Value>
      </HeartRateBpm>
      <Extensions>
       <TPX xmlns="http://www.garmin.com/xmlschemas/ActivityExtension/v2">
        <Speed>0.8</Speed>
       </TPX>
      </Extensions>
     </Trackpoint>
     <Trackpoint>
      <Time>2026-08-01T11:18:13Z</Time>
      <Position>
       <LatitudeDegrees>5.2364780</LatitudeDegrees>
       <LongitudeDegrees>100.4339540</LongitudeDegrees>
      </Position>
      <AltitudeMeters>5.6</AltitudeMeters>
      <DistanceMeters>942.4</DistanceMeters>
      <HeartRateBpm>
       <Value>127</Value>
      </HeartRateBpm>
      <Extensions>
       <TPX xmlns="http://www.garmin.com/xmlschemas/ActivityExtension/v2">
        <Speed>1.5</Speed>
       </TPX>
      </Extensions>
     </Trackpoint>
     <Trackpoint>
      <Time>2026-08-01T11:18:14Z</Time>
      <Position>
       <LatitudeDegrees>5.2364880</LatitudeDegrees>
       <LongitudeDegrees>100.4339530</LongitudeDegrees>
      </Position>
      <AltitudeMeters>5.6</AltitudeMeters>
      <DistanceMeters>942.4</DistanceMeters>
      <HeartRateBpm>
       <Value>127</Value>
      </HeartRateBpm>
      <Extensions>
       <TPX xmlns="http://www.garmin.com/xmlschemas/ActivityExtension/v2">
        <Speed>1.5</Speed>
       </TPX>
      </Extensions>
     </Trackpoint>
     <Trackpoint>
      <Time>2026-08-01T11:18:15Z</Time>
      <Position>
       <LatitudeDegrees>5.2364980</LatitudeDegrees>
       <LongitudeDegrees>100.4339490</LongitudeDegrees>
      </Position>
      <AltitudeMeters>5.6</AltitudeMeters>
      <DistanceMeters>942.4</DistanceMeters>
      <HeartRateBpm>
       <Value>127</Value>
      </HeartRateBpm>
      <Extensions>
       <TPX xmlns="http://www.garmin.com/xmlschemas/ActivityExtension/v2">
        <Speed>0.7</Speed>
       </TPX>
      </Extensions>
     </Trackpoint>
     <Trackpoint>
      <Time>2026-08-01T11:18:16Z</Time>
      <Position>
       <LatitudeDegrees>5.2365100</LatitudeDegrees>
       <LongitudeDegrees>100.4339470</LongitudeDegrees>
      </Position>
      <AltitudeMeters>5.6</AltitudeMeters>
      <DistanceMeters>946.1</DistanceMeters>
      <HeartRateBpm>
       <Value>127</Value>
      </HeartRateBpm>
      <Extensions>
       <TPX xmlns="http://www.garmin.com/xmlschemas/ActivityExtension/v2">
        <Speed>1.4</Speed>
       </TPX>
      </Extensions>
     </Trackpoint>
     <Trackpoint>
      <Time>2026-08-01T11:18:17Z</Time>
      <Position>
       <LatitudeDegrees>5.2365210</LatitudeDegrees>
       <LongitudeDegrees>100.4339500</LongitudeDegrees>
      </Position>
      <AltitudeMeters>5.6</AltitudeMeters>
      <DistanceMeters>946.1</DistanceMeters>
      <HeartRateBpm>
       <Value>127</Value>
      </HeartRateBpm>
      <Extensions>
       <TPX xmlns="http://www.garmin.com/xmlschemas/ActivityExtension/v2">
        <Speed>1.4</Speed>
       </TPX>
      </Extensions>
     </Trackpoint>
     <Trackpoint>
      <Time>2026-08-01T11:18:18Z</Time>
      <Position>
       <LatitudeDegrees>5.2365310</LatitudeDegrees>
       <LongitudeDegrees>100.4339560</LongitudeDegrees>
      </Position>
      <AltitudeMeters>5.6</AltitudeMeters>
      <DistanceMeters>946.1</DistanceMeters>
      <HeartRateBpm>
       <Value>126</Value>
      </HeartRateBpm>
      <Extensions>
       <TPX xmlns="http://www.garmin.com/xmlschemas/ActivityExtension/v2">
        <Speed>0.7</Speed>
       </TPX>
      </Extensions>
     </Trackpoint>
     <Trackpoint>
      <Time>2026-08-01T11:18:19Z</Time>
      <Position>
       <LatitudeDegrees>5.2365400</LatitudeDegrees>
       <LongitudeDegrees>100.4339630</LongitudeDegrees>
      </Position>
      <AltitudeMeters>5.6</AltitudeMeters>
      <DistanceMeters>949.8</DistanceMeters>
      <HeartRateBpm>
       <Value>126</Value>
      </HeartRateBpm>
      <Extensions>
       <TPX xmlns="http://www.garmin.com/xmlschemas/ActivityExtension/v2">
        <Speed>1.5</Speed>
       </TPX>
      </Extensions>
     </Trackpoint>
     <Trackpoint>
      <Time>2026-08-01T11:18:20Z</Time>
      <Position>
       <LatitudeDegrees>5.2365490</LatitudeDegrees>
       <LongitudeDegrees>100.4339700</LongitudeDegrees>
      </Position>
      <AltitudeMeters>5.6</AltitudeMeters>
      <DistanceMeters>951.1</DistanceMeters>
      <HeartRateBpm>
       <Value>126</Value>
      </HeartRateBpm>
      <Extensions>
       <TPX xmlns="http://www.garmin.com/xmlschemas/ActivityExtension/v2">
        <Speed>1.7</Speed>
       </TPX>
      </Extensions>
     </Trackpoint>
     <Trackpoint>
      <Time>2026-08-01T11:18:21Z</Time>
      <Position>
       <LatitudeDegrees>5.2365610</LatitudeDegrees>
       <LongitudeDegrees>100.4339770</LongitudeDegrees>
      </Position>
      <AltitudeMeters>5.6</AltitudeMeters>
      <DistanceMeters>952.6</DistanceMeters>
      <HeartRateBpm>
       <Value>126</Value>
      </HeartRateBpm>
      <Extensions>
       <TPX xmlns="http://www.garmin.com/xmlschemas/ActivityExtension/v2">
        <Speed>1.3</Speed>
       </TPX>
      </Extensions>
     </Trackpoint>
     <Trackpoint>
      <Time>2026-08-01T11:18:22Z</Time>
      <Position>
       <LatitudeDegrees>5.2365710</LatitudeDegrees>
       <LongitudeDegrees>100.4339820</LongitudeDegrees>
      </Position>
      <AltitudeMeters>5.6</AltitudeMeters>
      <DistanceMeters>953.9</DistanceMeters>
      <HeartRateBpm>
       <Value>126</Value>
      </HeartRateBpm>
      <Extensions>
       <TPX xmlns="http://www.garmin.com/xmlschemas/ActivityExtension/v2">
        <Speed>1.6</Speed>
       </TPX>
      </Extensions>
     </Trackpoint>
     <Trackpoint>
      <Time>2026-08-01T11:18:23Z</Time>
      <Position>
       <LatitudeDegrees>5.2365830</LatitudeDegrees>
       <LongitudeDegrees>100.4339880</LongitudeDegrees>
      </Position>
      <AltitudeMeters>5.6</AltitudeMeters>
      <DistanceMeters>955.4</DistanceMeters>
      <HeartRateBpm>
       <Value>126</Value>
      </HeartRateBpm>
      <Extensions>
       <TPX xmlns="http://www.garmin.com/xmlschemas/ActivityExtension/v2">
        <Speed>1.9</Speed>
       </TPX>
      </Extensions>
     </Trackpoint>
     <Trackpoint>
      <Time>2026-08-01T11:18:24Z</Time>
      <Position>
       <LatitudeDegrees>5.2366050</LatitudeDegrees>
       <LongitudeDegrees>100.4340010</LongitudeDegrees>
      </Position>
      <AltitudeMeters>5.6</AltitudeMeters>
      <DistanceMeters>958.3</DistanceMeters>
      <HeartRateBpm>
       <Value>126</Value>
      </HeartRateBpm>
      <Extensions>
       <TPX xmlns="http://www.garmin.com/xmlschemas/ActivityExtension/v2">
        <Speed>1.7</Speed>
       </TPX>
      </Extensions>
     </Trackpoint>
     <Trackpoint>
      <Time>2026-08-01T11:18:25Z</Time>
      <Position>
       <LatitudeDegrees>5.2366050</LatitudeDegrees>
       <LongitudeDegrees>100.4340010</LongitudeDegrees>
      </Position>
      <AltitudeMeters>5.6</AltitudeMeters>
      <DistanceMeters>958.3</DistanceMeters>
      <HeartRateBpm>
       <Value>126</Value>
      </HeartRateBpm>
      <Extensions>
       <TPX xmlns="http://www.garmin.com/xmlschemas/ActivityExtension/v2">
        <Speed>1.4</Speed>
       </TPX>
      </Extensions>
     </Trackpoint>
     <Trackpoint>
      <Time>2026-08-01T11:18:26Z</Time>
      <Position>
       <LatitudeDegrees>5.2366170</LatitudeDegrees>
       <LongitudeDegrees>100.4340080</LongitudeDegrees>
      </Position>
      <AltitudeMeters>5.6</AltitudeMeters>
      <DistanceMeters>958.3</DistanceMeters>
      <HeartRateBpm>
       <Value>126</Value>
      </HeartRateBpm>
      <Extensions>
       <TPX xmlns="http://www.garmin.com/xmlschemas/ActivityExtension/v2">
        <Speed>1.1</Speed>
       </TPX>
      </Extensions>
     </Trackpoint>
     <Trackpoint>
      <Time>2026-08-01T11:18:27Z</Time>
      <Position>
       <LatitudeDegrees>5.2366340</LatitudeDegrees>
       <LongitudeDegrees>100.4340150</LongitudeDegrees>
      </Position>
      <AltitudeMeters>5.6</AltitudeMeters>
      <DistanceMeters>961.8</DistanceMeters>
      <HeartRateBpm>
       <Value>126</Value>
      </HeartRateBpm>
      <Extensions>
       <TPX xmlns="http://www.garmin.com/xmlschemas/ActivityExtension/v2">
        <Speed>1.6</Speed>
       </TPX>
      </Extensions>
     </Trackpoint>
     <Trackpoint>
      <Time>2026-08-01T11:18:28Z</Time>
      <Position>
       <LatitudeDegrees>5.2366420</LatitudeDegrees>
       <LongitudeDegrees>100.4340180</LongitudeDegrees>
      </Position>
      <AltitudeMeters>5.6</AltitudeMeters>
      <DistanceMeters>961.8</DistanceMeters>
      <HeartRateBpm>
       <Value>125</Value>
      </HeartRateBpm>
      <Extensions>
       <TPX xmlns="http://www.garmin.com/xmlschemas/ActivityExtension/v2">
        <Speed>1.3</Speed>
       </TPX>
      </Extensions>
     </Trackpoint>
     <Trackpoint>
      <Time>2026-08-01T11:18:29Z</Time>
      <Position>
       <LatitudeDegrees>5.2366520</LatitudeDegrees>
       <LongitudeDegrees>100.4340230</LongitudeDegrees>
      </Position>
      <AltitudeMeters>5.6</AltitudeMeters>
      <DistanceMeters>961.8</DistanceMeters>
      <HeartRateBpm>
       <Value>126</Value>
      </HeartRateBpm>
      <Extensions>
       <TPX xmlns="http://www.garmin.com/xmlschemas/ActivityExtension/v2">
        <Speed>0.7</Speed>
       </TPX>
      </Extensions>
     </Trackpoint>
     <Trackpoint>
      <Time>2026-08-01T11:18:30Z</Time>
      <Position>
       <LatitudeDegrees>5.2366630</LatitudeDegrees>
       <LongitudeDegrees>100.4340280</LongitudeDegrees>
      </Position>
      <AltitudeMeters>5.6</AltitudeMeters>
      <DistanceMeters>965.4</DistanceMeters>
      <HeartRateBpm>
       <Value>126</Value>
      </HeartRateBpm>
      <Extensions>
       <TPX xmlns="http://www.garmin.com/xmlschemas/ActivityExtension/v2">
        <Speed>1.4</Speed>
       </TPX>
      </Extensions>
     </Trackpoint>
     <Trackpoint>
      <Time>2026-08-01T11:18:31Z</Time>
      <Position>
       <LatitudeDegrees>5.2366730</LatitudeDegrees>
       <LongitudeDegrees>100.4340340</LongitudeDegrees>
      </Position>
      <AltitudeMeters>5.7</AltitudeMeters>
      <DistanceMeters>966.7</DistanceMeters>
      <HeartRateBpm>
       <Value>126</Value>
      </HeartRateBpm>
      <Extensions>
       <TPX xmlns="http://www.garmin.com/xmlschemas/ActivityExtension/v2">
        <Speed>1.7</Speed>
       </TPX>
      </Extensions>
     </Trackpoint>
     <Trackpoint>
      <Time>2026-08-01T11:18:32Z</Time>
      <Position>
       <LatitudeDegrees>5.2366820</LatitudeDegrees>
       <LongitudeDegrees>100.4340420</LongitudeDegrees>
      </Position>
      <AltitudeMeters>5.7</AltitudeMeters>
      <DistanceMeters>968.0</DistanceMeters>
      <HeartRateBpm>
       <Value>126</Value>
      </HeartRateBpm>
      <Extensions>
       <TPX xmlns="http://www.garmin.com/xmlschemas/ActivityExtension/v2">
        <Speed>1.2</Speed>
       </TPX>
      </Extensions>
     </Trackpoint>
     <Trackpoint>
      <Time>2026-08-01T11:18:33Z</Time>
      <Position>
       <LatitudeDegrees>5.2366910</LatitudeDegrees>
       <LongitudeDegrees>100.4340540</LongitudeDegrees>
      </Position>
      <AltitudeMeters>5.7</AltitudeMeters>
      <DistanceMeters>969.6</DistanceMeters>
      <HeartRateBpm>
       <Value>126</Value>
      </HeartRateBpm>
      <Extensions>
       <TPX xmlns="http://www.garmin.com/xmlschemas/ActivityExtension/v2">
        <Speed>1.6</Speed>
       </TPX>
      </Extensions>
     </Trackpoint>
     <Trackpoint>
      <Time>2026-08-01T11:18:34Z</Time>
      <Position>
       <LatitudeDegrees>5.2366950</LatitudeDegrees>
       <LongitudeDegrees>100.4340640</LongitudeDegrees>
      </Position>
      <AltitudeMeters>5.7</AltitudeMeters>
      <DistanceMeters>969.6</DistanceMeters>
      <HeartRateBpm>
       <Value>126</Value>
      </HeartRateBpm>
      <Extensions>
       <TPX xmlns="http://www.garmin.com/xmlschemas/ActivityExtension/v2">
        <Speed>1.6</Speed>
       </TPX>
      </Extensions>
     </Trackpoint>
     <Trackpoint>
      <Time>2026-08-01T11:18:35Z</Time>
      <Position>
       <LatitudeDegrees>5.2367080</LatitudeDegrees>
       <LongitudeDegrees>100.4340840</LongitudeDegrees>
      </Position>
      <AltitudeMeters>5.7</AltitudeMeters>
      <DistanceMeters>973.3</DistanceMeters>
      <HeartRateBpm>
       <Value>126</Value>
      </HeartRateBpm>
      <Extensions>
       <TPX xmlns="http://www.garmin.com/xmlschemas/ActivityExtension/v2">
        <Speed>1.6</Speed>
       </TPX>
      </Extensions>
     </Trackpoint>
     <Trackpoint>
      <Time>2026-08-01T11:18:36Z</Time>
      <Position>
       <LatitudeDegrees>5.2367130</LatitudeDegrees>
       <LongitudeDegrees>100.4340930</LongitudeDegrees>
      </Position>
      <AltitudeMeters>5.7</AltitudeMeters>
      <DistanceMeters>974.4</DistanceMeters>
      <HeartRateBpm>
       <Value>126</Value>
      </HeartRateBpm>
      <Extensions>
       <TPX xmlns="http://www.garmin.com/xmlschemas/ActivityExtension/v2">
        <Speed>1.6</Speed>
       </TPX>
      </Extensions>
     </Trackpoint>
     <Trackpoint>
      <Time>2026-08-01T11:18:37Z</Time>
      <Position>
       <LatitudeDegrees>5.2367130</LatitudeDegrees>
       <LongitudeDegrees>100.4340930</LongitudeDegrees>
      </Position>
      <AltitudeMeters>5.7</AltitudeMeters>
      <DistanceMeters>974.4</DistanceMeters>
      <HeartRateBpm>
       <Value>126</Value>
      </HeartRateBpm>
      <Extensions>
       <TPX xmlns="http://www.garmin.com/xmlschemas/ActivityExtension/v2">
        <Speed>1.3</Speed>
       </TPX>
      </Extensions>
     </Trackpoint>
     <Trackpoint>
      <Time>2026-08-01T11:18:38Z</Time>
      <Position>
       <LatitudeDegrees>5.2367150</LatitudeDegrees>
       <LongitudeDegrees>100.4341080</LongitudeDegrees>
      </Position>
      <AltitudeMeters>5.7</AltitudeMeters>
      <DistanceMeters>976.1</DistanceMeters>
      <HeartRateBpm>
       <Value>126</Value>
      </HeartRateBpm>
      <Extensions>
       <TPX xmlns="http://www.garmin.com/xmlschemas/ActivityExtension/v2">
        <Speed>1.3</Speed>
       </TPX>
      </Extensions>
     </Trackpoint>
     <Trackpoint>
      <Time>2026-08-01T11:18:39Z</Time>
      <Position>
       <LatitudeDegrees>5.2367130</LatitudeDegrees>
       <LongitudeDegrees>100.4341230</LongitudeDegrees>
      </Position>
      <AltitudeMeters>5.7</AltitudeMeters>
      <DistanceMeters>977.8</DistanceMeters>
      <HeartRateBpm>
       <Value>126</Value>
      </HeartRateBpm>
      <Extensions>
       <TPX xmlns="http://www.garmin.com/xmlschemas/ActivityExtension/v2">
        <Speed>1.6</Speed>
       </TPX>
      </Extensions>
     </Trackpoint>
     <Trackpoint>
      <Time>2026-08-01T11:18:40Z</Time>
      <Position>
       <LatitudeDegrees>5.2367160</LatitudeDegrees>
       <LongitudeDegrees>100.4341420</LongitudeDegrees>
      </Position>
      <AltitudeMeters>5.7</AltitudeMeters>
      <DistanceMeters>977.8</DistanceMeters>
      <HeartRateBpm>
       <Value>125</Value>
      </HeartRateBpm>
      <Extensions>
       <TPX xmlns="http://www.garmin.com/xmlschemas/ActivityExtension/v2">
        <Speed>0.9</Speed>
       </TPX>
      </Extensions>
     </Trackpoint>
     <Trackpoint>
      <Time>2026-08-01T11:18:41Z</Time>
      <Position>
       <LatitudeDegrees>5.2367140</LatitudeDegrees>
       <LongitudeDegrees>100.4341530</LongitudeDegrees>
      </Position>
      <AltitudeMeters>5.7</AltitudeMeters>
      <DistanceMeters>981.1</DistanceMeters>
      <HeartRateBpm>
       <Value>126</Value>
      </HeartRateBpm>
      <Extensions>
       <TPX xmlns="http://www.garmin.com/xmlschemas/ActivityExtension/v2">
        <Speed>1.3</Speed>
       </TPX>
      </Extensions>
     </Trackpoint>
     <Trackpoint>
      <Time>2026-08-01T11:18:42Z</Time>
      <Position>
       <LatitudeDegrees>5.2367140</LatitudeDegrees>
       <LongitudeDegrees>100.4341660</LongitudeDegrees>
      </Position>
      <AltitudeMeters>5.7</AltitudeMeters>
      <DistanceMeters>982.5</DistanceMeters>
      <HeartRateBpm>
       <Value>127</Value>
      </HeartRateBpm>
      <Extensions>
       <TPX xmlns="http://www.garmin.com/xmlschemas/ActivityExtension/v2">
        <Speed>1.6</Speed>
       </TPX>
      </Extensions>
     </Trackpoint>
     <Trackpoint>
      <Time>2026-08-01T11:18:43Z</Time>
      <Position>
       <LatitudeDegrees>5.2367170</LatitudeDegrees>
       <LongitudeDegrees>100.4341780</LongitudeDegrees>
      </Position>
      <AltitudeMeters>5.7</AltitudeMeters>
      <DistanceMeters>983.8</DistanceMeters>
      <HeartRateBpm>
       <Value>127</Value>
      </HeartRateBpm>
      <Extensions>
       <TPX xmlns="http://www.garmin.com/xmlschemas/ActivityExtension/v2">
        <Speed>1.5</Speed>
       </TPX>
      </Extensions>
     </Trackpoint>
     <Trackpoint>
      <Time>2026-08-01T11:18:44Z</Time>
      <Position>
       <LatitudeDegrees>5.2367230</LatitudeDegrees>
       <LongitudeDegrees>100.4341890</LongitudeDegrees>
      </Position>
      <AltitudeMeters>5.7</AltitudeMeters>
      <DistanceMeters>985.2</DistanceMeters>
      <HeartRateBpm>
       <Value>127</Value>
      </HeartRateBpm>
      <Extensions>
       <TPX xmlns="http://www.garmin.com/xmlschemas/ActivityExtension/v2">
        <Speed>1.5</Speed>
       </TPX>
      </Extensions>
     </Trackpoint>
     <Trackpoint>
      <Time>2026-08-01T11:18:45Z</Time>
      <Position>
       <LatitudeDegrees>5.2367260</LatitudeDegrees>
       <LongitudeDegrees>100.4342000</LongitudeDegrees>
      </Position>
      <AltitudeMeters>5.7</AltitudeMeters>
      <DistanceMeters>985.2</DistanceMeters>
      <HeartRateBpm>
       <Value>125</Value>
      </HeartRateBpm>
      <Extensions>
       <TPX xmlns="http://www.garmin.com/xmlschemas/ActivityExtension/v2">
        <Speed>1.5</Speed>
       </TPX>
      </Extensions>
     </Trackpoint>
     <Trackpoint>
      <Time>2026-08-01T11:18:46Z</Time>
      <Position>
       <LatitudeDegrees>5.2367240</LatitudeDegrees>
       <LongitudeDegrees>100.4342100</LongitudeDegrees>
      </Position>
      <AltitudeMeters>5.7</AltitudeMeters>
      <DistanceMeters>985.2</DistanceMeters>
      <HeartRateBpm>
       <Value>126</Value>
      </HeartRateBpm>
      <Extensions>
       <TPX xmlns="http://www.garmin.com/xmlschemas/ActivityExtension/v2">
        <Speed>0.8</Speed>
       </TPX>
      </Extensions>
     </Trackpoint>
     <Trackpoint>
      <Time>2026-08-01T11:18:47Z</Time>
      <Position>
       <LatitudeDegrees>5.2367200</LatitudeDegrees>
       <LongitudeDegrees>100.4342210</LongitudeDegrees>
      </Position>
      <AltitudeMeters>5.7</AltitudeMeters>
      <DistanceMeters>988.7</DistanceMeters>
      <HeartRateBpm>
       <Value>125</Value>
      </HeartRateBpm>
      <Extensions>
       <TPX xmlns="http://www.garmin.com/xmlschemas/ActivityExtension/v2">
        <Speed>1.2</Speed>
       </TPX>
      </Extensions>
     </Trackpoint>
     <Trackpoint>
      <Time>2026-08-01T11:18:48Z</Time>
      <Position>
       <LatitudeDegrees>5.2367250</LatitudeDegrees>
       <LongitudeDegrees>100.4342280</LongitudeDegrees>
      </Position>
      <AltitudeMeters>5.7</AltitudeMeters>
      <DistanceMeters>989.7</DistanceMeters>
      <HeartRateBpm>
       <Value>125</Value>
      </HeartRateBpm>
      <Extensions>
       <TPX xmlns="http://www.garmin.com/xmlschemas/ActivityExtension/v2">
        <Speed>1.2</Speed>
       </TPX>
      </Extensions>
     </Trackpoint>
     <Trackpoint>
      <Time>2026-08-01T11:18:49Z</Time>
      <Position>
       <LatitudeDegrees>5.2367310</LatitudeDegrees>
       <LongitudeDegrees>100.4342380</LongitudeDegrees>
      </Position>
      <AltitudeMeters>5.7</AltitudeMeters>
      <DistanceMeters>991.0</DistanceMeters>
      <HeartRateBpm>
       <Value>125</Value>
      </HeartRateBpm>
      <Extensions>
       <TPX xmlns="http://www.garmin.com/xmlschemas/ActivityExtension/v2">
        <Speed>1.2</Speed>
       </TPX>
      </Extensions>
     </Trackpoint>
     <Trackpoint>
      <Time>2026-08-01T11:18:50Z</Time>
      <Position>
       <LatitudeDegrees>5.2367420</LatitudeDegrees>
       <LongitudeDegrees>100.4342500</LongitudeDegrees>
      </Position>
      <AltitudeMeters>5.7</AltitudeMeters>
      <DistanceMeters>992.8</DistanceMeters>
      <HeartRateBpm>
       <Value>125</Value>
      </HeartRateBpm>
      <Extensions>
       <TPX xmlns="http://www.garmin.com/xmlschemas/ActivityExtension/v2">
        <Speed>1.5</Speed>
       </TPX>
      </Extensions>
     </Trackpoint>
     <Trackpoint>
      <Time>2026-08-01T11:18:51Z</Time>
      <Position>
       <LatitudeDegrees>5.2367500</LatitudeDegrees>
       <LongitudeDegrees>100.4342630</LongitudeDegrees>
      </Position>
      <AltitudeMeters>5.7</AltitudeMeters>
      <DistanceMeters>992.8</DistanceMeters>
      <HeartRateBpm>
       <Value>125</Value>
      </HeartRateBpm>
      <Extensions>
       <TPX xmlns="http://www.garmin.com/xmlschemas/ActivityExtension/v2">
        <Speed>1.5</Speed>
       </TPX>
      </Extensions>
     </Trackpoint>
     <Trackpoint>
      <Time>2026-08-01T11:18:52Z</Time>
      <Position>
       <LatitudeDegrees>5.2367530</LatitudeDegrees>
       <LongitudeDegrees>100.4342770</LongitudeDegrees>
      </Position>
      <AltitudeMeters>5.7</AltitudeMeters>
      <DistanceMeters>996.0</DistanceMeters>
      <HeartRateBpm>
       <Value>125</Value>
      </HeartRateBpm>
      <Extensions>
       <TPX xmlns="http://www.garmin.com/xmlschemas/ActivityExtension/v2">
        <Speed>1.5</Speed>
       </TPX>
      </Extensions>
     </Trackpoint>
     <Trackpoint>
      <Time>2026-08-01T11:18:53Z</Time>
      <Position>
       <LatitudeDegrees>5.2367560</LatitudeDegrees>
       <LongitudeDegrees>100.4342920</LongitudeDegrees>
      </Position>
      <AltitudeMeters>5.7</AltitudeMeters>
      <DistanceMeters>996.0</DistanceMeters>
      <HeartRateBpm>
       <Value>125</Value>
      </HeartRateBpm>
      <Extensions>
       <TPX xmlns="http://www.garmin.com/xmlschemas/ActivityExtension/v2">
        <Speed>1.3</Speed>
       </TPX>
      </Extensions>
     </Trackpoint>
     <Trackpoint>
      <Time>2026-08-01T11:18:54Z</Time>
      <Position>
       <LatitudeDegrees>5.2367570</LatitudeDegrees>
       <LongitudeDegrees>100.4343040</LongitudeDegrees>
      </Position>
      <AltitudeMeters>5.7</AltitudeMeters>
      <DistanceMeters>999.0</DistanceMeters>
      <HeartRateBpm>
       <Value>125</Value>
      </HeartRateBpm>
      <Extensions>
       <TPX xmlns="http://www.garmin.com/xmlschemas/ActivityExtension/v2">
        <Speed>1.6</Speed>
       </TPX>
      </Extensions>
     </Trackpoint>
     <Trackpoint>
      <Time>2026-08-01T11:18:55Z</Time>
      <Position>
       <LatitudeDegrees>5.2367590</LatitudeDegrees>
       <LongitudeDegrees>100.4343190</LongitudeDegrees>
      </Position>
      <AltitudeMeters>5.7</AltitudeMeters>
      <DistanceMeters>999.0</DistanceMeters>
      <HeartRateBpm>
       <Value>125</Value>
      </HeartRateBpm>
      <Extensions>
       <TPX xmlns="http://www.garmin.com/xmlschemas/ActivityExtension/v2">
        <Speed>1.2</Speed>
       </TPX>
      </Extensions>
     </Trackpoint>
     <Trackpoint>
      <Time>2026-08-01T11:18:56Z</Time>
      <Position>
       <LatitudeDegrees>5.2367620</LatitudeDegrees>
       <LongitudeDegrees>100.4343320</LongitudeDegrees>
      </Position>
      <AltitudeMeters>5.7</AltitudeMeters>
      <DistanceMeters>1002.2</DistanceMeters>
      <HeartRateBpm>
       <Value>125</Value>
      </HeartRateBpm>
      <Extensions>
       <TPX xmlns="http://www.garmin.com/xmlschemas/ActivityExtension/v2">
        <Speed>1.9</Speed>
       </TPX>
      </Extensions>
     </Trackpoint>
     <Trackpoint>
      <Time>2026-08-01T11:18:57Z</Time>
      <Position>
       <LatitudeDegrees>5.2367670</LatitudeDegrees>
       <LongitudeDegrees>100.4343450</LongitudeDegrees>
      </Position>
      <AltitudeMeters>5.7</AltitudeMeters>
      <DistanceMeters>1003.7</DistanceMeters>
      <HeartRateBpm>
       <Value>125</Value>
      </HeartRateBpm>
      <Extensions>
       <TPX xmlns="http://www.garmin.com/xmlschemas/ActivityExtension/v2">
        <Speed>1.5</Speed>
       </TPX>
      </Extensions>
     </Trackpoint>
     <Trackpoint>
      <Time>2026-08-01T11:18:58Z</Time>
      <Position>
       <LatitudeDegrees>5.2367710</LatitudeDegrees>
       <LongitudeDegrees>100.4343570</LongitudeDegrees>
      </Position>
      <AltitudeMeters>5.7</AltitudeMeters>
      <DistanceMeters>1005.1</DistanceMeters>
      <HeartRateBpm>
       <Value>124</Value>
      </HeartRateBpm>
      <Extensions>
       <TPX xmlns="http://www.garmin.com/xmlschemas/ActivityExtension/v2">
        <Speed>1.8</Speed>
       </TPX>
      </Extensions>
     </Trackpoint>
     <Trackpoint>
      <Time>2026-08-01T11:18:59Z</Time>
      <Position>
       <LatitudeDegrees>5.2367740</LatitudeDegrees>
       <LongitudeDegrees>100.4343710</LongitudeDegrees>
      </Position>
      <AltitudeMeters>5.7</AltitudeMeters>
      <DistanceMeters>1006.6</DistanceMeters>
      <HeartRateBpm>
       <Value>124</Value>
      </HeartRateBpm>
      <Extensions>
       <TPX xmlns="http://www.garmin.com/xmlschemas/ActivityExtension/v2">
        <Speed>1.5</Speed>
       </TPX>
      </Extensions>
     </Trackpoint>
     <Trackpoint>
      <Time>2026-08-01T11:19:00Z</Time>
      <Position>
       <LatitudeDegrees>5.2367760</LatitudeDegrees>
       <LongitudeDegrees>100.4343810</LongitudeDegrees>
      </Position>
      <AltitudeMeters>5.7</AltitudeMeters>
      <DistanceMeters>1006.6</DistanceMeters>
      <HeartRateBpm>
       <Value>123</Value>
      </HeartRateBpm>
      <Extensions>
       <TPX xmlns="http://www.garmin.com/xmlschemas/ActivityExtension/v2">
        <Speed>1.5</Speed>
       </TPX>
      </Extensions>
     </Trackpoint>
     <Trackpoint>
      <Time>2026-08-01T11:19:01Z</Time>
      <Position>
       <LatitudeDegrees>5.2367810</LatitudeDegrees>
       <LongitudeDegrees>100.4343910</LongitudeDegrees>
      </Position>
      <AltitudeMeters>5.7</AltitudeMeters>
      <DistanceMeters>1006.6</DistanceMeters>
      <HeartRateBpm>
       <Value>123</Value>
      </HeartRateBpm>
      <Extensions>
       <TPX xmlns="http://www.garmin.com/xmlschemas/ActivityExtension/v2">
        <Speed>0.9</Speed>
       </TPX>
      </Extensions>
     </Trackpoint>
     <Trackpoint>
      <Time>2026-08-01T11:19:02Z</Time>
      <Position>
       <LatitudeDegrees>5.2367840</LatitudeDegrees>
       <LongitudeDegrees>100.4344040</LongitudeDegrees>
      </Position>
      <AltitudeMeters>5.7</AltitudeMeters>
      <DistanceMeters>1010.5</DistanceMeters>
      <HeartRateBpm>
       <Value>123</Value>
      </HeartRateBpm>
      <Extensions>
       <TPX xmlns="http://www.garmin.com/xmlschemas/ActivityExtension/v2">
        <Speed>1.4</Speed>
       </TPX>
      </Extensions>
     </Trackpoint>
     <Trackpoint>
      <Time>2026-08-01T11:19:03Z</Time>
      <Position>
       <LatitudeDegrees>5.2367840</LatitudeDegrees>
       <LongitudeDegrees>100.4344190</LongitudeDegrees>
      </Position>
      <AltitudeMeters>5.7</AltitudeMeters>
      <DistanceMeters>1010.5</DistanceMeters>
      <HeartRateBpm>
       <Value>123</Value>
      </HeartRateBpm>
      <Extensions>
       <TPX xmlns="http://www.garmin.com/xmlschemas/ActivityExtension/v2">
        <Speed>1.1</Speed>
       </TPX>
      </Extensions>
     </Trackpoint>
     <Trackpoint>
      <Time>2026-08-01T11:19:04Z</Time>
      <Position>
       <LatitudeDegrees>5.2367830</LatitudeDegrees>
       <LongitudeDegrees>100.4344330</LongitudeDegrees>
      </Position>
      <AltitudeMeters>5.7</AltitudeMeters>
      <DistanceMeters>1013.8</DistanceMeters>
      <HeartRateBpm>
       <Value>123</Value>
      </HeartRateBpm>
      <Extensions>
       <TPX xmlns="http://www.garmin.com/xmlschemas/ActivityExtension/v2">
        <Speed>1.4</Speed>
       </TPX>
      </Extensions>
     </Trackpoint>
     <Trackpoint>
      <Time>2026-08-01T11:19:05Z</Time>
      <Position>
       <LatitudeDegrees>5.2367810</LatitudeDegrees>
       <LongitudeDegrees>100.4344480</LongitudeDegrees>
      </Position>
      <AltitudeMeters>5.7</AltitudeMeters>
      <DistanceMeters>1013.8</DistanceMeters>
      <HeartRateBpm>
       <Value>124</Value>
      </HeartRateBpm>
      <Extensions>
       <TPX xmlns="http://www.garmin.com/xmlschemas/ActivityExtension/v2">
        <Speed>1.4</Speed>
       </TPX>
      </Extensions>
     </Trackpoint>
     <Trackpoint>
      <Time>2026-08-01T11:19:06Z</Time>
      <Position>
       <LatitudeDegrees>5.2367750</LatitudeDegrees>
       <LongitudeDegrees>100.4344620</LongitudeDegrees>
      </Position>
      <AltitudeMeters>5.7</AltitudeMeters>
      <DistanceMeters>1017.1</DistanceMeters>
      <HeartRateBpm>
       <Value>123</Value>
      </HeartRateBpm>
      <Extensions>
       <TPX xmlns="http://www.garmin.com/xmlschemas/ActivityExtension/v2">
        <Speed>2.1</Speed>
       </TPX>
      </Extensions>
     </Trackpoint>
     <Trackpoint>
      <Time>2026-08-01T11:19:07Z</Time>
      <Position>
       <LatitudeDegrees>5.2367740</LatitudeDegrees>
       <LongitudeDegrees>100.4344770</LongitudeDegrees>
      </Position>
      <AltitudeMeters>5.7</AltitudeMeters>
      <DistanceMeters>1018.7</DistanceMeters>
      <HeartRateBpm>
       <Value>124</Value>
      </HeartRateBpm>
      <Extensions>
       <TPX xmlns="http://www.garmin.com/xmlschemas/ActivityExtension/v2">
        <Speed>1.6</Speed>
       </TPX>
      </Extensions>
     </Trackpoint>
     <Trackpoint>
      <Time>2026-08-01T11:19:08Z</Time>
      <Position>
       <LatitudeDegrees>5.2367660</LatitudeDegrees>
       <LongitudeDegrees>100.4344840</LongitudeDegrees>
      </Position>
      <AltitudeMeters>5.7</AltitudeMeters>
      <DistanceMeters>1019.8</DistanceMeters>
      <HeartRateBpm>
       <Value>124</Value>
      </HeartRateBpm>
      <Extensions>
       <TPX xmlns="http://www.garmin.com/xmlschemas/ActivityExtension/v2">
        <Speed>1.8</Speed>
       </TPX>
      </Extensions>
     </Trackpoint>
     <Trackpoint>
      <Time>2026-08-01T11:19:09Z</Time>
      <Position>
       <LatitudeDegrees>5.2367650</LatitudeDegrees>
       <LongitudeDegrees>100.4344980</LongitudeDegrees>
      </Position>
      <AltitudeMeters>5.7</AltitudeMeters>
      <DistanceMeters>1021.2</DistanceMeters>
      <HeartRateBpm>
       <Value>124</Value>
      </HeartRateBpm>
      <Extensions>
       <TPX xmlns="http://www.garmin.com/xmlschemas/ActivityExtension/v2">
        <Speed>1.5</Speed>
       </TPX>
      </Extensions>
     </Trackpoint>
     <Trackpoint>
      <Time>2026-08-01T11:19:10Z</Time>
      <Position>
       <LatitudeDegrees>5.2367640</LatitudeDegrees>
       <LongitudeDegrees>100.4345120</LongitudeDegrees>
      </Position>
      <AltitudeMeters>5.7</AltitudeMeters>
      <DistanceMeters>1021.2</DistanceMeters>
      <HeartRateBpm>
       <Value>124</Value>
      </HeartRateBpm>
      <Extensions>
       <TPX xmlns="http://www.garmin.com/xmlschemas/ActivityExtension/v2">
        <Speed>1.5</Speed>
       </TPX>
      </Extensions>
     </Trackpoint>
     <Trackpoint>
      <Time>2026-08-01T11:19:11Z</Time>
      <Position>
       <LatitudeDegrees>5.2367630</LatitudeDegrees>
       <LongitudeDegrees>100.4345260</LongitudeDegrees>
      </Position>
      <AltitudeMeters>5.7</AltitudeMeters>
      <DistanceMeters>1024.3</DistanceMeters>
      <HeartRateBpm>
       <Value>124</Value>
      </HeartRateBpm>
      <Extensions>
       <TPX xmlns="http://www.garmin.com/xmlschemas/ActivityExtension/v2">
        <Speed>1.4</Speed>
       </TPX>
      </Extensions>
     </Trackpoint>
     <Trackpoint>
      <Time>2026-08-01T11:19:12Z</Time>
      <Position>
       <LatitudeDegrees>5.2367610</LatitudeDegrees>
       <LongitudeDegrees>100.4345400</LongitudeDegrees>
      </Position>
      <AltitudeMeters>5.7</AltitudeMeters>
      <DistanceMeters>1024.3</DistanceMeters>
      <HeartRateBpm>
       <Value>124</Value>
      </HeartRateBpm>
      <Extensions>
       <TPX xmlns="http://www.garmin.com/xmlschemas/ActivityExtension/v2">
        <Speed>1.1</Speed>
       </TPX>
      </Extensions>
     </Trackpoint>
     <Trackpoint>
      <Time>2026-08-01T11:19:13Z</Time>
      <Position>
       <LatitudeDegrees>5.2367580</LatitudeDegrees>
       <LongitudeDegrees>100.4345540</LongitudeDegrees>
      </Position>
      <AltitudeMeters>5.7</AltitudeMeters>
      <DistanceMeters>1027.5</DistanceMeters>
      <HeartRateBpm>
       <Value>125</Value>
      </HeartRateBpm>
      <Extensions>
       <TPX xmlns="http://www.garmin.com/xmlschemas/ActivityExtension/v2">
        <Speed>1.6</Speed>
       </TPX>
      </Extensions>
     </Trackpoint>
     <Trackpoint>
      <Time>2026-08-01T11:19:14Z</Time>
      <Position>
       <LatitudeDegrees>5.2367600</LatitudeDegrees>
       <LongitudeDegrees>100.4345670</LongitudeDegrees>
      </Position>
      <AltitudeMeters>5.7</AltitudeMeters>
      <DistanceMeters>1028.9</DistanceMeters>
      <HeartRateBpm>
       <Value>125</Value>
      </HeartRateBpm>
      <Extensions>
       <TPX xmlns="http://www.garmin.com/xmlschemas/ActivityExtension/v2">
        <Speed>1.5</Speed>
       </TPX>
      </Extensions>
     </Trackpoint>
     <Trackpoint>
      <Time>2026-08-01T11:19:15Z</Time>
      <Position>
       <LatitudeDegrees>5.2367620</LatitudeDegrees>
       <LongitudeDegrees>100.4345800</LongitudeDegrees>
      </Position>
      <AltitudeMeters>5.7</AltitudeMeters>
      <DistanceMeters>1030.4</DistanceMeters>
      <HeartRateBpm>
       <Value>124</Value>
      </HeartRateBpm>
      <Extensions>
       <TPX xmlns="http://www.garmin.com/xmlschemas/ActivityExtension/v2">
        <Speed>1.8</Speed>
       </TPX>
      </Extensions>
     </Trackpoint>
     <Trackpoint>
      <Time>2026-08-01T11:19:16Z</Time>
      <Position>
       <LatitudeDegrees>5.2367630</LatitudeDegrees>
       <LongitudeDegrees>100.4345940</LongitudeDegrees>
      </Position>
      <AltitudeMeters>5.7</AltitudeMeters>
      <DistanceMeters>1031.9</DistanceMeters>
      <HeartRateBpm>
       <Value>125</Value>
      </HeartRateBpm>
      <Extensions>
       <TPX xmlns="http://www.garmin.com/xmlschemas/ActivityExtension/v2">
        <Speed>1.5</Speed>
       </TPX>
      </Extensions>
     </Trackpoint>
     <Trackpoint>
      <Time>2026-08-01T11:19:17Z</Time>
      <Position>
       <LatitudeDegrees>5.2367660</LatitudeDegrees>
       <LongitudeDegrees>100.4346090</LongitudeDegrees>
      </Position>
      <AltitudeMeters>5.7</AltitudeMeters>
      <DistanceMeters>1031.9</DistanceMeters>
      <HeartRateBpm>
       <Value>125</Value>
      </HeartRateBpm>
      <Extensions>
       <TPX xmlns="http://www.garmin.com/xmlschemas/ActivityExtension/v2">
        <Speed>1.5</Speed>
       </TPX>
      </Extensions>
     </Trackpoint>
     <Trackpoint>
      <Time>2026-08-01T11:19:18Z</Time>
      <Position>
       <LatitudeDegrees>5.2367670</LatitudeDegrees>
       <LongitudeDegrees>100.4346230</LongitudeDegrees>
      </Position>
      <AltitudeMeters>5.7</AltitudeMeters>
      <DistanceMeters>1035.2</DistanceMeters>
      <HeartRateBpm>
       <Value>125</Value>
      </HeartRateBpm>
      <Extensions>
       <TPX xmlns="http://www.garmin.com/xmlschemas/ActivityExtension/v2">
        <Speed>1.5</Speed>
       </TPX>
      </Extensions>
     </Trackpoint>
     <Trackpoint>
      <Time>2026-08-01T11:19:19Z</Time>
      <Position>
       <LatitudeDegrees>5.2367700</LatitudeDegrees>
       <LongitudeDegrees>100.4346360</LongitudeDegrees>
      </Position>
      <AltitudeMeters>5.7</AltitudeMeters>
      <DistanceMeters>1035.2</DistanceMeters>
      <HeartRateBpm>
       <Value>125</Value>
      </HeartRateBpm>
      <Extensions>
       <TPX xmlns="http://www.garmin.com/xmlschemas/ActivityExtension/v2">
        <Speed>1.3</Speed>
       </TPX>
      </Extensions>
     </Trackpoint>
     <Trackpoint>
      <Time>2026-08-01T11:19:20Z</Time>
      <Position>
       <LatitudeDegrees>5.2367680</LatitudeDegrees>
       <LongitudeDegrees>100.4346480</LongitudeDegrees>
      </Position>
      <AltitudeMeters>5.7</AltitudeMeters>
      <DistanceMeters>1035.2</DistanceMeters>
      <HeartRateBpm>
       <Value>125</Value>
      </HeartRateBpm>
      <Extensions>
       <TPX xmlns="http://www.garmin.com/xmlschemas/ActivityExtension/v2">
        <Speed>1.0</Speed>
       </TPX>
      </Extensions>
     </Trackpoint>
     <Trackpoint>
      <Time>2026-08-01T11:19:21Z</Time>
      <Position>
       <LatitudeDegrees>5.2367700</LatitudeDegrees>
       <LongitudeDegrees>100.4346580</LongitudeDegrees>
      </Position>
      <AltitudeMeters>5.7</AltitudeMeters>
      <DistanceMeters>1039.1</DistanceMeters>
      <HeartRateBpm>
       <Value>124</Value>
      </HeartRateBpm>
      <Extensions>
       <TPX xmlns="http://www.garmin.com/xmlschemas/ActivityExtension/v2">
        <Speed>1.4</Speed>
       </TPX>
      </Extensions>
     </Trackpoint>
     <Trackpoint>
      <Time>2026-08-01T11:19:22Z</Time>
      <Position>
       <LatitudeDegrees>5.2367730</LatitudeDegrees>
       <LongitudeDegrees>100.4346720</LongitudeDegrees>
      </Position>
      <AltitudeMeters>5.7</AltitudeMeters>
      <DistanceMeters>1039.1</DistanceMeters>
      <HeartRateBpm>
       <Value>124</Value>
      </HeartRateBpm>
      <Extensions>
       <TPX xmlns="http://www.garmin.com/xmlschemas/ActivityExtension/v2">
        <Speed>1.4</Speed>
       </TPX>
      </Extensions>
     </Trackpoint>
     <Trackpoint>
      <Time>2026-08-01T11:19:23Z</Time>
      <Position>
       <LatitudeDegrees>5.2367790</LatitudeDegrees>
       <LongitudeDegrees>100.4346850</LongitudeDegrees>
      </Position>
      <AltitudeMeters>5.7</AltitudeMeters>
      <DistanceMeters>1042.3</DistanceMeters>
      <HeartRateBpm>
       <Value>124</Value>
      </HeartRateBpm>
      <Extensions>
       <TPX xmlns="http://www.garmin.com/xmlschemas/ActivityExtension/v2">
        <Speed>1.4</Speed>
       </TPX>
      </Extensions>
     </Trackpoint>
     <Trackpoint>
      <Time>2026-08-01T11:19:24Z</Time>
      <Position>
       <LatitudeDegrees>5.2367850</LatitudeDegrees>
       <LongitudeDegrees>100.4346990</LongitudeDegrees>
      </Position>
      <AltitudeMeters>5.7</AltitudeMeters>
      <DistanceMeters>1042.3</DistanceMeters>
      <HeartRateBpm>
       <Value>124</Value>
      </HeartRateBpm>
      <Extensions>
       <TPX xmlns="http://www.garmin.com/xmlschemas/ActivityExtension/v2">
        <Speed>1.4</Speed>
       </TPX>
      </Extensions>
     </Trackpoint>
     <Trackpoint>
      <Time>2026-08-01T11:19:25Z</Time>
      <Position>
       <LatitudeDegrees>5.2367900</LatitudeDegrees>
       <LongitudeDegrees>100.4347120</LongitudeDegrees>
      </Position>
      <AltitudeMeters>5.7</AltitudeMeters>
      <DistanceMeters>1045.5</DistanceMeters>
      <HeartRateBpm>
       <Value>124</Value>
      </HeartRateBpm>
      <Extensions>
       <TPX xmlns="http://www.garmin.com/xmlschemas/ActivityExtension/v2">
        <Speed>2.1</Speed>
       </TPX>
      </Extensions>
     </Trackpoint>
     <Trackpoint>
      <Time>2026-08-01T11:19:26Z</Time>
      <Position>
       <LatitudeDegrees>5.2367960</LatitudeDegrees>
       <LongitudeDegrees>100.4347250</LongitudeDegrees>
      </Position>
      <AltitudeMeters>5.7</AltitudeMeters>
      <DistanceMeters>1045.5</DistanceMeters>
      <HeartRateBpm>
       <Value>124</Value>
      </HeartRateBpm>
      <Extensions>
       <TPX xmlns="http://www.garmin.com/xmlschemas/ActivityExtension/v2">
        <Speed>1.3</Speed>
       </TPX>
      </Extensions>
     </Trackpoint>
     <Trackpoint>
      <Time>2026-08-01T11:19:27Z</Time>
      <Position>
       <LatitudeDegrees>5.2368000</LatitudeDegrees>
       <LongitudeDegrees>100.4347420</LongitudeDegrees>
      </Position>
      <AltitudeMeters>5.7</AltitudeMeters>
      <DistanceMeters>1048.9</DistanceMeters>
      <HeartRateBpm>
       <Value>125</Value>
      </HeartRateBpm>
      <Extensions>
       <TPX xmlns="http://www.garmin.com/xmlschemas/ActivityExtension/v2">
        <Speed>2.0</Speed>
       </TPX>
      </Extensions>
     </Trackpoint>
     <Trackpoint>
      <Time>2026-08-01T11:19:28Z</Time>
      <Position>
       <LatitudeDegrees>5.2368020</LatitudeDegrees>
       <LongitudeDegrees>100.4347520</LongitudeDegrees>
      </Position>
      <AltitudeMeters>5.7</AltitudeMeters>
      <DistanceMeters>1050.0</DistanceMeters>
      <HeartRateBpm>
       <Value>125</Value>
      </HeartRateBpm>
      <Extensions>
       <TPX xmlns="http://www.garmin.com/xmlschemas/ActivityExtension/v2">
        <Speed>1.5</Speed>
       </TPX>
      </Extensions>
     </Trackpoint>
     <Trackpoint>
      <Time>2026-08-01T11:19:29Z</Time>
      <Position>
       <LatitudeDegrees>5.2368060</LatitudeDegrees>
       <LongitudeDegrees>100.4347640</LongitudeDegrees>
      </Position>
      <AltitudeMeters>5.7</AltitudeMeters>
      <DistanceMeters>1051.4</DistanceMeters>
      <HeartRateBpm>
       <Value>124</Value>
      </HeartRateBpm>
      <Extensions>
       <TPX xmlns="http://www.garmin.com/xmlschemas/ActivityExtension/v2">
        <Speed>1.8</Speed>
       </TPX>
      </Extensions>
     </Trackpoint>
     <Trackpoint>
      <Time>2026-08-01T11:19:30Z</Time>
      <Position>
       <LatitudeDegrees>5.2368110</LatitudeDegrees>
       <LongitudeDegrees>100.4347780</LongitudeDegrees>
      </Position>
      <AltitudeMeters>5.8</AltitudeMeters>
      <DistanceMeters>1053.1</DistanceMeters>
      <HeartRateBpm>
       <Value>124</Value>
      </HeartRateBpm>
      <Extensions>
       <TPX xmlns="http://www.garmin.com/xmlschemas/ActivityExtension/v2">
        <Speed>1.5</Speed>
       </TPX>
      </Extensions>
     </Trackpoint>
     <Trackpoint>
      <Time>2026-08-01T11:19:31Z</Time>
      <Position>
       <LatitudeDegrees>5.2368170</LatitudeDegrees>
       <LongitudeDegrees>100.4347900</LongitudeDegrees>
      </Position>
      <AltitudeMeters>5.8</AltitudeMeters>
      <DistanceMeters>1053.1</DistanceMeters>
      <HeartRateBpm>
       <Value>124</Value>
      </HeartRateBpm>
      <Extensions>
       <TPX xmlns="http://www.garmin.com/xmlschemas/ActivityExtension/v2">
        <Speed>1.5</Speed>
       </TPX>
      </Extensions>
     </Trackpoint>
     <Trackpoint>
      <Time>2026-08-01T11:19:32Z</Time>
      <Position>
       <LatitudeDegrees>5.2368230</LatitudeDegrees>
       <LongitudeDegrees>100.4348020</LongitudeDegrees>
      </Position>
      <AltitudeMeters>5.8</AltitudeMeters>
      <DistanceMeters>1056.1</DistanceMeters>
      <HeartRateBpm>
       <Value>124</Value>
      </HeartRateBpm>
      <Extensions>
       <TPX xmlns="http://www.garmin.com/xmlschemas/ActivityExtension/v2">
        <Speed>1.4</Speed>
       </TPX>
      </Extensions>
     </Trackpoint>
     <Trackpoint>
      <Time>2026-08-01T11:19:33Z</Time>
      <Position>
       <LatitudeDegrees>5.2368280</LatitudeDegrees>
       <LongitudeDegrees>100.4348140</LongitudeDegrees>
      </Position>
      <AltitudeMeters>5.8</AltitudeMeters>
      <DistanceMeters>1057.5</DistanceMeters>
      <HeartRateBpm>
       <Value>123</Value>
      </HeartRateBpm>
      <Extensions>
       <TPX xmlns="http://www.garmin.com/xmlschemas/ActivityExtension/v2">
        <Speed>1.5</Speed>
       </TPX>
      </Extensions>
     </Trackpoint>
     <Trackpoint>
      <Time>2026-08-01T11:19:34Z</Time>
      <Position>
       <LatitudeDegrees>5.2368310</LatitudeDegrees>
       <LongitudeDegrees>100.4348260</LongitudeDegrees>
      </Position>
      <AltitudeMeters>5.8</AltitudeMeters>
      <DistanceMeters>1058.9</DistanceMeters>
      <HeartRateBpm>
       <Value>123</Value>
      </HeartRateBpm>
      <Extensions>
       <TPX xmlns="http://www.garmin.com/xmlschemas/ActivityExtension/v2">
        <Speed>1.5</Speed>
       </TPX>
      </Extensions>
     </Trackpoint>
     <Trackpoint>
      <Time>2026-08-01T11:19:35Z</Time>
      <Position>
       <LatitudeDegrees>5.2368360</LatitudeDegrees>
       <LongitudeDegrees>100.4348380</LongitudeDegrees>
      </Position>
      <AltitudeMeters>5.8</AltitudeMeters>
      <DistanceMeters>1060.3</DistanceMeters>
      <HeartRateBpm>
       <Value>122</Value>
      </HeartRateBpm>
      <Extensions>
       <TPX xmlns="http://www.garmin.com/xmlschemas/ActivityExtension/v2">
        <Speed>1.4</Speed>
       </TPX>
      </Extensions>
     </Trackpoint>
     <Trackpoint>
      <Time>2026-08-01T11:19:36Z</Time>
      <Position>
       <LatitudeDegrees>5.2368390</LatitudeDegrees>
       <LongitudeDegrees>100.4348510</LongitudeDegrees>
      </Position>
      <AltitudeMeters>5.8</AltitudeMeters>
      <DistanceMeters>1061.8</DistanceMeters>
      <HeartRateBpm>
       <Value>122</Value>
      </HeartRateBpm>
      <Extensions>
       <TPX xmlns="http://www.garmin.com/xmlschemas/ActivityExtension/v2">
        <Speed>1.7</Speed>
       </TPX>
      </Extensions>
     </Trackpoint>
     <Trackpoint>
      <Time>2026-08-01T11:19:37Z</Time>
      <Position>
       <LatitudeDegrees>5.2368430</LatitudeDegrees>
       <LongitudeDegrees>100.4348630</LongitudeDegrees>
      </Position>
      <AltitudeMeters>5.8</AltitudeMeters>
      <DistanceMeters>1063.2</DistanceMeters>
      <HeartRateBpm>
       <Value>122</Value>
      </HeartRateBpm>
      <Extensions>
       <TPX xmlns="http://www.garmin.com/xmlschemas/ActivityExtension/v2">
        <Speed>1.4</Speed>
       </TPX>
      </Extensions>
     </Trackpoint>
     <Trackpoint>
      <Time>2026-08-01T11:19:38Z</Time>
      <Position>
       <LatitudeDegrees>5.2368480</LatitudeDegrees>
       <LongitudeDegrees>100.4348770</LongitudeDegrees>
      </Position>
      <AltitudeMeters>5.8</AltitudeMeters>
      <DistanceMeters>1064.8</DistanceMeters>
      <HeartRateBpm>
       <Value>122</Value>
      </HeartRateBpm>
      <Extensions>
       <TPX xmlns="http://www.garmin.com/xmlschemas/ActivityExtension/v2">
        <Speed>1.5</Speed>
       </TPX>
      </Extensions>
     </Trackpoint>
     <Trackpoint>
      <Time>2026-08-01T11:19:39Z</Time>
      <Position>
       <LatitudeDegrees>5.2368540</LatitudeDegrees>
       <LongitudeDegrees>100.4348900</LongitudeDegrees>
      </Position>
      <AltitudeMeters>5.8</AltitudeMeters>
      <DistanceMeters>1064.8</DistanceMeters>
      <HeartRateBpm>
       <Value>122</Value>
      </HeartRateBpm>
      <Extensions>
       <TPX xmlns="http://www.garmin.com/xmlschemas/ActivityExtension/v2">
        <Speed>1.2</Speed>
       </TPX>
      </Extensions>
     </Trackpoint>
     <Trackpoint>
      <Time>2026-08-01T11:19:40Z</Time>
      <Position>
       <LatitudeDegrees>5.2368580</LatitudeDegrees>
       <LongitudeDegrees>100.4349050</LongitudeDegrees>
      </Position>
      <AltitudeMeters>5.8</AltitudeMeters>
      <DistanceMeters>1068.2</DistanceMeters>
      <HeartRateBpm>
       <Value>122</Value>
      </HeartRateBpm>
      <Extensions>
       <TPX xmlns="http://www.garmin.com/xmlschemas/ActivityExtension/v2">
        <Speed>1.6</Speed>
       </TPX>
      </Extensions>
     </Trackpoint>
     <Trackpoint>
      <Time>2026-08-01T11:19:41Z</Time>
      <Position>
       <LatitudeDegrees>5.2368630</LatitudeDegrees>
       <LongitudeDegrees>100.4349160</LongitudeDegrees>
      </Position>
      <AltitudeMeters>5.8</AltitudeMeters>
      <DistanceMeters>1069.5</DistanceMeters>
      <HeartRateBpm>
       <Value>122</Value>
      </HeartRateBpm>
      <Extensions>
       <TPX xmlns="http://www.garmin.com/xmlschemas/ActivityExtension/v2">
        <Speed>1.6</Speed>
       </TPX>
      </Extensions>
     </Trackpoint>
     <Trackpoint>
      <Time>2026-08-01T11:19:42Z</Time>
      <Position>
       <LatitudeDegrees>5.2368690</LatitudeDegrees>
       <LongitudeDegrees>100.4349280</LongitudeDegrees>
      </Position>
      <AltitudeMeters>5.8</AltitudeMeters>
      <DistanceMeters>1071.0</DistanceMeters>
      <HeartRateBpm>
       <Value>121</Value>
      </HeartRateBpm>
      <Extensions>
       <TPX xmlns="http://www.garmin.com/xmlschemas/ActivityExtension/v2">
        <Speed>1.6</Speed>
       </TPX>
      </Extensions>
     </Trackpoint>
     <Trackpoint>
      <Time>2026-08-01T11:19:43Z</Time>
      <Position>
       <LatitudeDegrees>5.2368740</LatitudeDegrees>
       <LongitudeDegrees>100.4349390</LongitudeDegrees>
      </Position>
      <AltitudeMeters>5.8</AltitudeMeters>
      <DistanceMeters>1072.4</DistanceMeters>
      <HeartRateBpm>
       <Value>121</Value>
      </HeartRateBpm>
      <Extensions>
       <TPX xmlns="http://www.garmin.com/xmlschemas/ActivityExtension/v2">
        <Speed>1.5</Speed>
       </TPX>
      </Extensions>
     </Trackpoint>
     <Trackpoint>
      <Time>2026-08-01T11:19:44Z</Time>
      <Position>
       <LatitudeDegrees>5.2368780</LatitudeDegrees>
       <LongitudeDegrees>100.4349520</LongitudeDegrees>
      </Position>
      <AltitudeMeters>5.8</AltitudeMeters>
      <DistanceMeters>1073.9</DistanceMeters>
      <HeartRateBpm>
       <Value>121</Value>
      </HeartRateBpm>
      <Extensions>
       <TPX xmlns="http://www.garmin.com/xmlschemas/ActivityExtension/v2">
        <Speed>1.8</Speed>
       </TPX>
      </Extensions>
     </Trackpoint>
     <Trackpoint>
      <Time>2026-08-01T11:19:45Z</Time>
      <Position>
       <LatitudeDegrees>5.2368820</LatitudeDegrees>
       <LongitudeDegrees>100.4349650</LongitudeDegrees>
      </Position>
      <AltitudeMeters>5.8</AltitudeMeters>
      <DistanceMeters>1075.3</DistanceMeters>
      <HeartRateBpm>
       <Value>121</Value>
      </HeartRateBpm>
      <Extensions>
       <TPX xmlns="http://www.garmin.com/xmlschemas/ActivityExtension/v2">
        <Speed>1.4</Speed>
       </TPX>
      </Extensions>
     </Trackpoint>
     <Trackpoint>
      <Time>2026-08-01T11:19:46Z</Time>
      <Position>
       <LatitudeDegrees>5.2368860</LatitudeDegrees>
       <LongitudeDegrees>100.4349770</LongitudeDegrees>
      </Position>
      <AltitudeMeters>5.8</AltitudeMeters>
      <DistanceMeters>1076.7</DistanceMeters>
      <HeartRateBpm>
       <Value>120</Value>
      </HeartRateBpm>
      <Extensions>
       <TPX xmlns="http://www.garmin.com/xmlschemas/ActivityExtension/v2">
        <Speed>1.4</Speed>
       </TPX>
      </Extensions>
     </Trackpoint>
     <Trackpoint>
      <Time>2026-08-01T11:19:47Z</Time>
      <Position>
       <LatitudeDegrees>5.2368890</LatitudeDegrees>
       <LongitudeDegrees>100.4349940</LongitudeDegrees>
      </Position>
      <AltitudeMeters>5.8</AltitudeMeters>
      <DistanceMeters>1076.7</DistanceMeters>
      <HeartRateBpm>
       <Value>120</Value>
      </HeartRateBpm>
      <Extensions>
       <TPX xmlns="http://www.garmin.com/xmlschemas/ActivityExtension/v2">
        <Speed>1.1</Speed>
       </TPX>
      </Extensions>
     </Trackpoint>
     <Trackpoint>
      <Time>2026-08-01T11:19:48Z</Time>
      <Position>
       <LatitudeDegrees>5.2368910</LatitudeDegrees>
       <LongitudeDegrees>100.4350020</LongitudeDegrees>
      </Position>
      <AltitudeMeters>5.8</AltitudeMeters>
      <DistanceMeters>1076.7</DistanceMeters>
      <HeartRateBpm>
       <Value>120</Value>
      </HeartRateBpm>
      <Extensions>
       <TPX xmlns="http://www.garmin.com/xmlschemas/ActivityExtension/v2">
        <Speed>0.9</Speed>
       </TPX>
      </Extensions>
     </Trackpoint>
     <Trackpoint>
      <Time>2026-08-01T11:19:49Z</Time>
      <Position>
       <LatitudeDegrees>5.2368940</LatitudeDegrees>
       <LongitudeDegrees>100.4350120</LongitudeDegrees>
      </Position>
      <AltitudeMeters>5.8</AltitudeMeters>
      <DistanceMeters>1080.7</DistanceMeters>
      <HeartRateBpm>
       <Value>121</Value>
      </HeartRateBpm>
      <Extensions>
       <TPX xmlns="http://www.garmin.com/xmlschemas/ActivityExtension/v2">
        <Speed>1.4</Speed>
       </TPX>
      </Extensions>
     </Trackpoint>
     <Trackpoint>
      <Time>2026-08-01T11:19:50Z</Time>
      <Position>
       <LatitudeDegrees>5.2368980</LatitudeDegrees>
       <LongitudeDegrees>100.4350240</LongitudeDegrees>
      </Position>
      <AltitudeMeters>5.8</AltitudeMeters>
      <DistanceMeters>1080.7</DistanceMeters>
      <HeartRateBpm>
       <Value>121</Value>
      </HeartRateBpm>
      <Extensions>
       <TPX xmlns="http://www.garmin.com/xmlschemas/ActivityExtension/v2">
        <Speed>1.1</Speed>
       </TPX>
      </Extensions>
     </Trackpoint>
     <Trackpoint>
      <Time>2026-08-01T11:19:51Z</Time>
      <Position>
       <LatitudeDegrees>5.2369030</LatitudeDegrees>
       <LongitudeDegrees>100.4350350</LongitudeDegrees>
      </Position>
      <AltitudeMeters>5.8</AltitudeMeters>
      <DistanceMeters>1080.7</DistanceMeters>
      <HeartRateBpm>
       <Value>121</Value>
      </HeartRateBpm>
      <Extensions>
       <TPX xmlns="http://www.garmin.com/xmlschemas/ActivityExtension/v2">
        <Speed>0.8</Speed>
       </TPX>
      </Extensions>
     </Trackpoint>
     <Trackpoint>
      <Time>2026-08-01T11:19:52Z</Time>
      <Position>
       <LatitudeDegrees>5.2369050</LatitudeDegrees>
       <LongitudeDegrees>100.4350420</LongitudeDegrees>
      </Position>
      <AltitudeMeters>5.8</AltitudeMeters>
      <DistanceMeters>1084.2</DistanceMeters>
      <HeartRateBpm>
       <Value>121</Value>
      </HeartRateBpm>
      <Extensions>
       <TPX xmlns="http://www.garmin.com/xmlschemas/ActivityExtension/v2">
        <Speed>1.5</Speed>
       </TPX>
      </Extensions>
     </Trackpoint>
     <Trackpoint>
      <Time>2026-08-01T11:19:53Z</Time>
      <Position>
       <LatitudeDegrees>5.2369080</LatitudeDegrees>
       <LongitudeDegrees>100.4350520</LongitudeDegrees>
      </Position>
      <AltitudeMeters>5.8</AltitudeMeters>
      <DistanceMeters>1084.2</DistanceMeters>
      <HeartRateBpm>
       <Value>121</Value>
      </HeartRateBpm>
      <Extensions>
       <TPX xmlns="http://www.garmin.com/xmlschemas/ActivityExtension/v2">
        <Speed>1.5</Speed>
       </TPX>
      </Extensions>
     </Trackpoint>
     <Trackpoint>
      <Time>2026-08-01T11:19:54Z</Time>
      <Position>
       <LatitudeDegrees>5.2369130</LatitudeDegrees>
       <LongitudeDegrees>100.4350600</LongitudeDegrees>
      </Position>
      <AltitudeMeters>5.8</AltitudeMeters>
      <DistanceMeters>1084.2</DistanceMeters>
      <HeartRateBpm>
       <Value>121</Value>
      </HeartRateBpm>
      <Extensions>
       <TPX xmlns="http://www.garmin.com/xmlschemas/ActivityExtension/v2">
        <Speed>0.7</Speed>
       </TPX>
      </Extensions>
     </Trackpoint>
     <Trackpoint>
      <Time>2026-08-01T11:19:55Z</Time>
      <Position>
       <LatitudeDegrees>5.2369180</LatitudeDegrees>
       <LongitudeDegrees>100.4350710</LongitudeDegrees>
      </Position>
      <AltitudeMeters>5.8</AltitudeMeters>
      <DistanceMeters>1087.7</DistanceMeters>
      <HeartRateBpm>
       <Value>121</Value>
      </HeartRateBpm>
      <Extensions>
       <TPX xmlns="http://www.garmin.com/xmlschemas/ActivityExtension/v2">
        <Speed>1.4</Speed>
       </TPX>
      </Extensions>
     </Trackpoint>
     <Trackpoint>
      <Time>2026-08-01T11:19:56Z</Time>
      <Position>
       <LatitudeDegrees>5.2369220</LatitudeDegrees>
       <LongitudeDegrees>100.4350830</LongitudeDegrees>
      </Position>
      <AltitudeMeters>5.8</AltitudeMeters>
      <DistanceMeters>1089.1</DistanceMeters>
      <HeartRateBpm>
       <Value>121</Value>
      </HeartRateBpm>
      <Extensions>
       <TPX xmlns="http://www.garmin.com/xmlschemas/ActivityExtension/v2">
        <Speed>1.7</Speed>
       </TPX>
      </Extensions>
     </Trackpoint>
     <Trackpoint>
      <Time>2026-08-01T11:19:57Z</Time>
      <Position>
       <LatitudeDegrees>5.2369250</LatitudeDegrees>
       <LongitudeDegrees>100.4350960</LongitudeDegrees>
      </Position>
      <AltitudeMeters>5.8</AltitudeMeters>
      <DistanceMeters>1090.6</DistanceMeters>
      <HeartRateBpm>
       <Value>120</Value>
      </HeartRateBpm>
      <Extensions>
       <TPX xmlns="http://www.garmin.com/xmlschemas/ActivityExtension/v2">
        <Speed>1.3</Speed>
       </TPX>
      </Extensions>
     </Trackpoint>
     <Trackpoint>
      <Time>2026-08-01T11:19:58Z</Time>
      <Position>
       <LatitudeDegrees>5.2369280</LatitudeDegrees>
       <LongitudeDegrees>100.4351100</LongitudeDegrees>
      </Position>
      <AltitudeMeters>5.8</AltitudeMeters>
      <DistanceMeters>1092.2</DistanceMeters>
      <HeartRateBpm>
       <Value>120</Value>
      </HeartRateBpm>
      <Extensions>
       <TPX xmlns="http://www.garmin.com/xmlschemas/ActivityExtension/v2">
        <Speed>1.6</Speed>
       </TPX>
      </Extensions>
     </Trackpoint>
     <Trackpoint>
      <Time>2026-08-01T11:19:59Z</Time>
      <Position>
       <LatitudeDegrees>5.2369310</LatitudeDegrees>
       <LongitudeDegrees>100.4351230</LongitudeDegrees>
      </Position>
      <AltitudeMeters>5.8</AltitudeMeters>
      <DistanceMeters>1093.7</DistanceMeters>
      <HeartRateBpm>
       <Value>120</Value>
      </HeartRateBpm>
      <Extensions>
       <TPX xmlns="http://www.garmin.com/xmlschemas/ActivityExtension/v2">
        <Speed>1.9</Speed>
       </TPX>
      </Extensions>
     </Trackpoint>
     <Trackpoint>
      <Time>2026-08-01T11:20:00Z</Time>
      <Position>
       <LatitudeDegrees>5.2369330</LatitudeDegrees>
       <LongitudeDegrees>100.4351350</LongitudeDegrees>
      </Position>
      <AltitudeMeters>5.8</AltitudeMeters>
      <DistanceMeters>1095.0</DistanceMeters>
      <HeartRateBpm>
       <Value>120</Value>
      </HeartRateBpm>
      <Extensions>
       <TPX xmlns="http://www.garmin.com/xmlschemas/ActivityExtension/v2">
        <Speed>1.5</Speed>
       </TPX>
      </Extensions>
     </Trackpoint>
     <Trackpoint>
      <Time>2026-08-01T11:20:01Z</Time>
      <Position>
       <LatitudeDegrees>5.2369380</LatitudeDegrees>
       <LongitudeDegrees>100.4351520</LongitudeDegrees>
      </Position>
      <AltitudeMeters>5.8</AltitudeMeters>
      <DistanceMeters>1097.0</DistanceMeters>
      <HeartRateBpm>
       <Value>120</Value>
      </HeartRateBpm>
      <Extensions>
       <TPX xmlns="http://www.garmin.com/xmlschemas/ActivityExtension/v2">
        <Speed>1.6</Speed>
       </TPX>
      </Extensions>
     </Trackpoint>
     <Trackpoint>
      <Time>2026-08-01T11:20:02Z</Time>
      <Position>
       <LatitudeDegrees>5.2369400</LatitudeDegrees>
       <LongitudeDegrees>100.4351620</LongitudeDegrees>
      </Position>
      <AltitudeMeters>5.8</AltitudeMeters>
      <DistanceMeters>1097.0</DistanceMeters>
      <HeartRateBpm>
       <Value>120</Value>
      </HeartRateBpm>
      <Extensions>
       <TPX xmlns="http://www.garmin.com/xmlschemas/ActivityExtension/v2">
        <Speed>1.3</Speed>
       </TPX>
      </Extensions>
     </Trackpoint>
     <Trackpoint>
      <Time>2026-08-01T11:20:03Z</Time>
      <Position>
       <LatitudeDegrees>5.2369430</LatitudeDegrees>
       <LongitudeDegrees>100.4351730</LongitudeDegrees>
      </Position>
      <AltitudeMeters>5.8</AltitudeMeters>
      <DistanceMeters>1097.0</DistanceMeters>
      <HeartRateBpm>
       <Value>121</Value>
      </HeartRateBpm>
      <Extensions>
       <TPX xmlns="http://www.garmin.com/xmlschemas/ActivityExtension/v2">
        <Speed>1.0</Speed>
       </TPX>
      </Extensions>
     </Trackpoint>
     <Trackpoint>
      <Time>2026-08-01T11:20:04Z</Time>
      <Position>
       <LatitudeDegrees>5.2369470</LatitudeDegrees>
       <LongitudeDegrees>100.4351850</LongitudeDegrees>
      </Position>
      <AltitudeMeters>5.8</AltitudeMeters>
      <DistanceMeters>1100.8</DistanceMeters>
      <HeartRateBpm>
       <Value>121</Value>
      </HeartRateBpm>
      <Extensions>
       <TPX xmlns="http://www.garmin.com/xmlschemas/ActivityExtension/v2">
        <Speed>1.4</Speed>
       </TPX>
      </Extensions>
     </Trackpoint>
     <Trackpoint>
      <Time>2026-08-01T11:20:05Z</Time>
      <Position>
       <LatitudeDegrees>5.2369510</LatitudeDegrees>
       <LongitudeDegrees>100.4351970</LongitudeDegrees>
      </Position>
      <AltitudeMeters>5.7</AltitudeMeters>
      <DistanceMeters>1102.2</DistanceMeters>
      <HeartRateBpm>
       <Value>120</Value>
      </HeartRateBpm>
      <Extensions>
       <TPX xmlns="http://www.garmin.com/xmlschemas/ActivityExtension/v2">
        <Speed>1.4</Speed>
       </TPX>
      </Extensions>
     </Trackpoint>
     <Trackpoint>
      <Time>2026-08-01T11:20:06Z</Time>
      <Position>
       <LatitudeDegrees>5.2369560</LatitudeDegrees>
       <LongitudeDegrees>100.4352090</LongitudeDegrees>
      </Position>
      <AltitudeMeters>5.7</AltitudeMeters>
      <DistanceMeters>1103.6</DistanceMeters>
      <HeartRateBpm>
       <Value>120</Value>
      </HeartRateBpm>
      <Extensions>
       <TPX xmlns="http://www.garmin.com/xmlschemas/ActivityExtension/v2">
        <Speed>1.3</Speed>
       </TPX>
      </Extensions>
     </Trackpoint>
     <Trackpoint>
      <Time>2026-08-01T11:20:07Z</Time>
      <Position>
       <LatitudeDegrees>5.2369600</LatitudeDegrees>
       <LongitudeDegrees>100.4352240</LongitudeDegrees>
      </Position>
      <AltitudeMeters>5.7</AltitudeMeters>
      <DistanceMeters>1105.3</DistanceMeters>
      <HeartRateBpm>
       <Value>120</Value>
      </HeartRateBpm>
      <Extensions>
       <TPX xmlns="http://www.garmin.com/xmlschemas/ActivityExtension/v2">
        <Speed>1.7</Speed>
       </TPX>
      </Extensions>
     </Trackpoint>
     <Trackpoint>
      <Time>2026-08-01T11:20:08Z</Time>
      <Position>
       <LatitudeDegrees>5.2369620</LatitudeDegrees>
       <LongitudeDegrees>100.4352350</LongitudeDegrees>
      </Position>
      <AltitudeMeters>5.7</AltitudeMeters>
      <DistanceMeters>1106.6</DistanceMeters>
      <HeartRateBpm>
       <Value>121</Value>
      </HeartRateBpm>
      <Extensions>
       <TPX xmlns="http://www.garmin.com/xmlschemas/ActivityExtension/v2">
        <Speed>1.9</Speed>
       </TPX>
      </Extensions>
     </Trackpoint>
     <Trackpoint>
      <Time>2026-08-01T11:20:09Z</Time>
      <Position>
       <LatitudeDegrees>5.2369660</LatitudeDegrees>
       <LongitudeDegrees>100.4352600</LongitudeDegrees>
      </Position>
      <AltitudeMeters>5.7</AltitudeMeters>
      <DistanceMeters>1109.4</DistanceMeters>
      <HeartRateBpm>
       <Value>121</Value>
      </HeartRateBpm>
      <Extensions>
       <TPX xmlns="http://www.garmin.com/xmlschemas/ActivityExtension/v2">
        <Speed>1.7</Speed>
       </TPX>
      </Extensions>
     </Trackpoint>
     <Trackpoint>
      <Time>2026-08-01T11:20:10Z</Time>
      <Position>
       <LatitudeDegrees>5.2369660</LatitudeDegrees>
       <LongitudeDegrees>100.4352600</LongitudeDegrees>
      </Position>
      <AltitudeMeters>5.7</AltitudeMeters>
      <DistanceMeters>1109.4</DistanceMeters>
      <HeartRateBpm>
       <Value>121</Value>
      </HeartRateBpm>
      <Extensions>
       <TPX xmlns="http://www.garmin.com/xmlschemas/ActivityExtension/v2">
        <Speed>1.4</Speed>
       </TPX>
      </Extensions>
     </Trackpoint>
     <Trackpoint>
      <Time>2026-08-01T11:20:11Z</Time>
      <Position>
       <LatitudeDegrees>5.2369680</LatitudeDegrees>
       <LongitudeDegrees>100.4352730</LongitudeDegrees>
      </Position>
      <AltitudeMeters>5.7</AltitudeMeters>
      <DistanceMeters>1110.8</DistanceMeters>
      <HeartRateBpm>
       <Value>121</Value>
      </HeartRateBpm>
      <Extensions>
       <TPX xmlns="http://www.garmin.com/xmlschemas/ActivityExtension/v2">
        <Speed>1.4</Speed>
       </TPX>
      </Extensions>
     </Trackpoint>
     <Trackpoint>
      <Time>2026-08-01T11:20:12Z</Time>
      <Position>
       <LatitudeDegrees>5.2369720</LatitudeDegrees>
       <LongitudeDegrees>100.4352850</LongitudeDegrees>
      </Position>
      <AltitudeMeters>5.7</AltitudeMeters>
      <DistanceMeters>1112.2</DistanceMeters>
      <HeartRateBpm>
       <Value>121</Value>
      </HeartRateBpm>
      <Extensions>
       <TPX xmlns="http://www.garmin.com/xmlschemas/ActivityExtension/v2">
        <Speed>1.4</Speed>
       </TPX>
      </Extensions>
     </Trackpoint>
     <Trackpoint>
      <Time>2026-08-01T11:20:13Z</Time>
      <Position>
       <LatitudeDegrees>5.2369730</LatitudeDegrees>
       <LongitudeDegrees>100.4353010</LongitudeDegrees>
      </Position>
      <AltitudeMeters>5.7</AltitudeMeters>
      <DistanceMeters>1114.0</DistanceMeters>
      <HeartRateBpm>
       <Value>121</Value>
      </HeartRateBpm>
      <Extensions>
       <TPX xmlns="http://www.garmin.com/xmlschemas/ActivityExtension/v2">
        <Speed>1.5</Speed>
       </TPX>
      </Extensions>
     </Trackpoint>
     <Trackpoint>
      <Time>2026-08-01T11:20:14Z</Time>
      <Position>
       <LatitudeDegrees>5.2369730</LatitudeDegrees>
       <LongitudeDegrees>100.4353100</LongitudeDegrees>
      </Position>
      <AltitudeMeters>5.7</AltitudeMeters>
      <DistanceMeters>1114.0</DistanceMeters>
      <HeartRateBpm>
       <Value>121</Value>
      </HeartRateBpm>
      <Extensions>
       <TPX xmlns="http://www.garmin.com/xmlschemas/ActivityExtension/v2">
        <Speed>0.9</Speed>
       </TPX>
      </Extensions>
     </Trackpoint>
     <Trackpoint>
      <Time>2026-08-01T11:20:15Z</Time>
      <Position>
       <LatitudeDegrees>5.2369740</LatitudeDegrees>
       <LongitudeDegrees>100.4353210</LongitudeDegrees>
      </Position>
      <AltitudeMeters>5.7</AltitudeMeters>
      <DistanceMeters>1114.0</DistanceMeters>
      <HeartRateBpm>
       <Value>121</Value>
      </HeartRateBpm>
      <Extensions>
       <TPX xmlns="http://www.garmin.com/xmlschemas/ActivityExtension/v2">
        <Speed>0.9</Speed>
       </TPX>
      </Extensions>
     </Trackpoint>
     <Trackpoint>
      <Time>2026-08-01T11:20:16Z</Time>
      <Position>
       <LatitudeDegrees>5.2369770</LatitudeDegrees>
       <LongitudeDegrees>100.4353320</LongitudeDegrees>
      </Position>
      <AltitudeMeters>5.7</AltitudeMeters>
      <DistanceMeters>1117.5</DistanceMeters>
      <HeartRateBpm>
       <Value>122</Value>
      </HeartRateBpm>
      <Extensions>
       <TPX xmlns="http://www.garmin.com/xmlschemas/ActivityExtension/v2">
        <Speed>1.3</Speed>
       </TPX>
      </Extensions>
     </Trackpoint>
     <Trackpoint>
      <Time>2026-08-01T11:20:17Z</Time>
      <Position>
       <LatitudeDegrees>5.2369810</LatitudeDegrees>
       <LongitudeDegrees>100.4353430</LongitudeDegrees>
      </Position>
      <AltitudeMeters>5.7</AltitudeMeters>
      <DistanceMeters>1117.5</DistanceMeters>
      <HeartRateBpm>
       <Value>122</Value>
      </HeartRateBpm>
      <Extensions>
       <TPX xmlns="http://www.garmin.com/xmlschemas/ActivityExtension/v2">
        <Speed>1.1</Speed>
       </TPX>
      </Extensions>
     </Trackpoint>
     <Trackpoint>
      <Time>2026-08-01T11:20:18Z</Time>
      <Position>
       <LatitudeDegrees>5.2369860</LatitudeDegrees>
       <LongitudeDegrees>100.4353540</LongitudeDegrees>
      </Position>
      <AltitudeMeters>5.7</AltitudeMeters>
      <DistanceMeters>1117.5</DistanceMeters>
      <HeartRateBpm>
       <Value>122</Value>
      </HeartRateBpm>
      <Extensions>
       <TPX xmlns="http://www.garmin.com/xmlschemas/ActivityExtension/v2">
        <Speed>0.7</Speed>
       </TPX>
      </Extensions>
     </Trackpoint>
     <Trackpoint>
      <Time>2026-08-01T11:20:19Z</Time>
      <Position>
       <LatitudeDegrees>5.2369890</LatitudeDegrees>
       <LongitudeDegrees>100.4353660</LongitudeDegrees>
      </Position>
      <AltitudeMeters>5.7</AltitudeMeters>
      <DistanceMeters>1121.4</DistanceMeters>
      <HeartRateBpm>
       <Value>122</Value>
      </HeartRateBpm>
      <Extensions>
       <TPX xmlns="http://www.garmin.com/xmlschemas/ActivityExtension/v2">
        <Speed>1.5</Speed>
       </TPX>
      </Extensions>
     </Trackpoint>
     <Trackpoint>
      <Time>2026-08-01T11:20:20Z</Time>
      <Position>
       <LatitudeDegrees>5.2369920</LatitudeDegrees>
       <LongitudeDegrees>100.4353790</LongitudeDegrees>
      </Position>
      <AltitudeMeters>5.7</AltitudeMeters>
      <DistanceMeters>1121.4</DistanceMeters>
      <HeartRateBpm>
       <Value>122</Value>
      </HeartRateBpm>
      <Extensions>
       <TPX xmlns="http://www.garmin.com/xmlschemas/ActivityExtension/v2">
        <Speed>1.5</Speed>
       </TPX>
      </Extensions>
     </Trackpoint>
     <Trackpoint>
      <Time>2026-08-01T11:20:21Z</Time>
      <Position>
       <LatitudeDegrees>5.2369950</LatitudeDegrees>
       <LongitudeDegrees>100.4353930</LongitudeDegrees>
      </Position>
      <AltitudeMeters>5.7</AltitudeMeters>
      <DistanceMeters>1124.5</DistanceMeters>
      <HeartRateBpm>
       <Value>122</Value>
      </HeartRateBpm>
      <Extensions>
       <TPX xmlns="http://www.garmin.com/xmlschemas/ActivityExtension/v2">
        <Speed>1.4</Speed>
       </TPX>
      </Extensions>
     </Trackpoint>
     <Trackpoint>
      <Time>2026-08-01T11:20:22Z</Time>
      <Position>
       <LatitudeDegrees>5.2369970</LatitudeDegrees>
       <LongitudeDegrees>100.4354060</LongitudeDegrees>
      </Position>
      <AltitudeMeters>5.7</AltitudeMeters>
      <DistanceMeters>1124.5</DistanceMeters>
      <HeartRateBpm>
       <Value>122</Value>
      </HeartRateBpm>
      <Extensions>
       <TPX xmlns="http://www.garmin.com/xmlschemas/ActivityExtension/v2">
        <Speed>1.4</Speed>
       </TPX>
      </Extensions>
     </Trackpoint>
     <Trackpoint>
      <Time>2026-08-01T11:20:23Z</Time>
      <Position>
       <LatitudeDegrees>5.2370010</LatitudeDegrees>
       <LongitudeDegrees>100.4354200</LongitudeDegrees>
      </Position>
      <AltitudeMeters>5.7</AltitudeMeters>
      <DistanceMeters>1127.6</DistanceMeters>
      <HeartRateBpm>
       <Value>122</Value>
      </HeartRateBpm>
      <Extensions>
       <TPX xmlns="http://www.garmin.com/xmlschemas/ActivityExtension/v2">
        <Speed>2.0</Speed>
       </TPX>
      </Extensions>
     </Trackpoint>
     <Trackpoint>
      <Time>2026-08-01T11:20:24Z</Time>
      <Position>
       <LatitudeDegrees>5.2370030</LatitudeDegrees>
       <LongitudeDegrees>100.4354330</LongitudeDegrees>
      </Position>
      <AltitudeMeters>5.7</AltitudeMeters>
      <DistanceMeters>1127.6</DistanceMeters>
      <HeartRateBpm>
       <Value>122</Value>
      </HeartRateBpm>
      <Extensions>
       <TPX xmlns="http://www.garmin.com/xmlschemas/ActivityExtension/v2">
        <Speed>1.2</Speed>
       </TPX>
      </Extensions>
     </Trackpoint>
     <Trackpoint>
      <Time>2026-08-01T11:20:25Z</Time>
      <Position>
       <LatitudeDegrees>5.2370070</LatitudeDegrees>
       <LongitudeDegrees>100.4354430</LongitudeDegrees>
      </Position>
      <AltitudeMeters>5.7</AltitudeMeters>
      <DistanceMeters>1127.6</DistanceMeters>
      <HeartRateBpm>
       <Value>123</Value>
      </HeartRateBpm>
      <Extensions>
       <TPX xmlns="http://www.garmin.com/xmlschemas/ActivityExtension/v2">
        <Speed>1.2</Speed>
       </TPX>
      </Extensions>
     </Trackpoint>
     <Trackpoint>
      <Time>2026-08-01T11:20:26Z</Time>
      <Position>
       <LatitudeDegrees>5.2370130</LatitudeDegrees>
       <LongitudeDegrees>100.4354530</LongitudeDegrees>
      </Position>
      <AltitudeMeters>5.7</AltitudeMeters>
      <DistanceMeters>1131.4</DistanceMeters>
      <HeartRateBpm>
       <Value>123</Value>
      </HeartRateBpm>
      <Extensions>
       <TPX xmlns="http://www.garmin.com/xmlschemas/ActivityExtension/v2">
        <Speed>1.4</Speed>
       </TPX>
      </Extensions>
     </Trackpoint>
     <Trackpoint>
      <Time>2026-08-01T11:20:27Z</Time>
      <Position>
       <LatitudeDegrees>5.2370180</LatitudeDegrees>
       <LongitudeDegrees>100.4354640</LongitudeDegrees>
      </Position>
      <AltitudeMeters>5.7</AltitudeMeters>
      <DistanceMeters>1131.4</DistanceMeters>
      <HeartRateBpm>
       <Value>123</Value>
      </HeartRateBpm>
      <Extensions>
       <TPX xmlns="http://www.garmin.com/xmlschemas/ActivityExtension/v2">
        <Speed>1.4</Speed>
       </TPX>
      </Extensions>
     </Trackpoint>
     <Trackpoint>
      <Time>2026-08-01T11:20:28Z</Time>
      <Position>
       <LatitudeDegrees>5.2370230</LatitudeDegrees>
       <LongitudeDegrees>100.4354780</LongitudeDegrees>
      </Position>
      <AltitudeMeters>5.7</AltitudeMeters>
      <DistanceMeters>1134.5</DistanceMeters>
      <HeartRateBpm>
       <Value>123</Value>
      </HeartRateBpm>
      <Extensions>
       <TPX xmlns="http://www.garmin.com/xmlschemas/ActivityExtension/v2">
        <Speed>1.4</Speed>
       </TPX>
      </Extensions>
     </Trackpoint>
     <Trackpoint>
      <Time>2026-08-01T11:20:29Z</Time>
      <Position>
       <LatitudeDegrees>5.2370290</LatitudeDegrees>
       <LongitudeDegrees>100.4354900</LongitudeDegrees>
      </Position>
      <AltitudeMeters>5.7</AltitudeMeters>
      <DistanceMeters>1134.5</DistanceMeters>
      <HeartRateBpm>
       <Value>123</Value>
      </HeartRateBpm>
      <Extensions>
       <TPX xmlns="http://www.garmin.com/xmlschemas/ActivityExtension/v2">
        <Speed>1.4</Speed>
       </TPX>
      </Extensions>
     </Trackpoint>
     <Trackpoint>
      <Time>2026-08-01T11:20:30Z</Time>
      <Position>
       <LatitudeDegrees>5.2370350</LatitudeDegrees>
       <LongitudeDegrees>100.4355040</LongitudeDegrees>
      </Position>
      <AltitudeMeters>5.7</AltitudeMeters>
      <DistanceMeters>1137.6</DistanceMeters>
      <HeartRateBpm>
       <Value>123</Value>
      </HeartRateBpm>
      <Extensions>
       <TPX xmlns="http://www.garmin.com/xmlschemas/ActivityExtension/v2">
        <Speed>2.0</Speed>
       </TPX>
      </Extensions>
     </Trackpoint>
     <Trackpoint>
      <Time>2026-08-01T11:20:31Z</Time>
      <Position>
       <LatitudeDegrees>5.2370430</LatitudeDegrees>
       <LongitudeDegrees>100.4355320</LongitudeDegrees>
      </Position>
      <AltitudeMeters>5.7</AltitudeMeters>
      <DistanceMeters>1140.8</DistanceMeters>
      <HeartRateBpm>
       <Value>124</Value>
      </HeartRateBpm>
      <Extensions>
       <TPX xmlns="http://www.garmin.com/xmlschemas/ActivityExtension/v2">
        <Speed>1.9</Speed>
       </TPX>
      </Extensions>
     </Trackpoint>
     <Trackpoint>
      <Time>2026-08-01T11:20:32Z</Time>
      <Position>
       <LatitudeDegrees>5.2370490</LatitudeDegrees>
       <LongitudeDegrees>100.4355450</LongitudeDegrees>
      </Position>
      <AltitudeMeters>5.7</AltitudeMeters>
      <DistanceMeters>1140.8</DistanceMeters>
      <HeartRateBpm>
       <Value>124</Value>
      </HeartRateBpm>
      <Extensions>
       <TPX xmlns="http://www.garmin.com/xmlschemas/ActivityExtension/v2">
        <Speed>1.9</Speed>
       </TPX>
      </Extensions>
     </Trackpoint>
     <Trackpoint>
      <Time>2026-08-01T11:20:33Z</Time>
      <Position>
       <LatitudeDegrees>5.2370490</LatitudeDegrees>
       <LongitudeDegrees>100.4355450</LongitudeDegrees>
      </Position>
      <AltitudeMeters>5.7</AltitudeMeters>
      <DistanceMeters>1140.8</DistanceMeters>
      <HeartRateBpm>
       <Value>124</Value>
      </HeartRateBpm>
      <Extensions>
       <TPX xmlns="http://www.garmin.com/xmlschemas/ActivityExtension/v2">
        <Speed>1.3</Speed>
       </TPX>
      </Extensions>
     </Trackpoint>
     <Trackpoint>
      <Time>2026-08-01T11:20:34Z</Time>
      <Position>
       <LatitudeDegrees>5.2370530</LatitudeDegrees>
       <LongitudeDegrees>100.4355590</LongitudeDegrees>
      </Position>
      <AltitudeMeters>5.7</AltitudeMeters>
      <DistanceMeters>1144.1</DistanceMeters>
      <HeartRateBpm>
       <Value>124</Value>
      </HeartRateBpm>
      <Extensions>
       <TPX xmlns="http://www.garmin.com/xmlschemas/ActivityExtension/v2">
        <Speed>1.9</Speed>
       </TPX>
      </Extensions>
     </Trackpoint>
     <Trackpoint>
      <Time>2026-08-01T11:20:35Z</Time>
      <Position>
       <LatitudeDegrees>5.2370570</LatitudeDegrees>
       <LongitudeDegrees>100.4355860</LongitudeDegrees>
      </Position>
      <AltitudeMeters>5.7</AltitudeMeters>
      <DistanceMeters>1147.1</DistanceMeters>
      <HeartRateBpm>
       <Value>124</Value>
      </HeartRateBpm>
      <Extensions>
       <TPX xmlns="http://www.garmin.com/xmlschemas/ActivityExtension/v2">
        <Speed>1.9</Speed>
       </TPX>
      </Extensions>
     </Trackpoint>
     <Trackpoint>
      <Time>2026-08-01T11:20:36Z</Time>
      <Position>
       <LatitudeDegrees>5.2370570</LatitudeDegrees>
       <LongitudeDegrees>100.4355860</LongitudeDegrees>
      </Position>
      <AltitudeMeters>5.7</AltitudeMeters>
      <DistanceMeters>1147.1</DistanceMeters>
      <HeartRateBpm>
       <Value>124</Value>
      </HeartRateBpm>
      <Extensions>
       <TPX xmlns="http://www.garmin.com/xmlschemas/ActivityExtension/v2">
        <Speed>1.3</Speed>
       </TPX>
      </Extensions>
     </Trackpoint>
     <Trackpoint>
      <Time>2026-08-01T11:20:37Z</Time>
      <Position>
       <LatitudeDegrees>5.2370590</LatitudeDegrees>
       <LongitudeDegrees>100.4356010</LongitudeDegrees>
      </Position>
      <AltitudeMeters>5.7</AltitudeMeters>
      <DistanceMeters>1147.1</DistanceMeters>
      <HeartRateBpm>
       <Value>124</Value>
      </HeartRateBpm>
      <Extensions>
       <TPX xmlns="http://www.garmin.com/xmlschemas/ActivityExtension/v2">
        <Speed>1.3</Speed>
       </TPX>
      </Extensions>
     </Trackpoint>
     <Trackpoint>
      <Time>2026-08-01T11:20:38Z</Time>
      <Position>
       <LatitudeDegrees>5.2370580</LatitudeDegrees>
       <LongitudeDegrees>100.4356160</LongitudeDegrees>
      </Position>
      <AltitudeMeters>5.7</AltitudeMeters>
      <DistanceMeters>1150.4</DistanceMeters>
      <HeartRateBpm>
       <Value>124</Value>
      </HeartRateBpm>
      <Extensions>
       <TPX xmlns="http://www.garmin.com/xmlschemas/ActivityExtension/v2">
        <Speed>1.9</Speed>
       </TPX>
      </Extensions>
     </Trackpoint>
     <Trackpoint>
      <Time>2026-08-01T11:20:39Z</Time>
      <Position>
       <LatitudeDegrees>5.2370590</LatitudeDegrees>
       <LongitudeDegrees>100.4356300</LongitudeDegrees>
      </Position>
      <AltitudeMeters>5.7</AltitudeMeters>
      <DistanceMeters>1150.4</DistanceMeters>
      <HeartRateBpm>
       <Value>124</Value>
      </HeartRateBpm>
      <Extensions>
       <TPX xmlns="http://www.garmin.com/xmlschemas/ActivityExtension/v2">
        <Speed>1.3</Speed>
       </TPX>
      </Extensions>
     </Trackpoint>
     <Trackpoint>
      <Time>2026-08-01T11:20:40Z</Time>
      <Position>
       <LatitudeDegrees>5.2370630</LatitudeDegrees>
       <LongitudeDegrees>100.4356440</LongitudeDegrees>
      </Position>
      <AltitudeMeters>5.7</AltitudeMeters>
      <DistanceMeters>1153.6</DistanceMeters>
      <HeartRateBpm>
       <Value>124</Value>
      </HeartRateBpm>
      <Extensions>
       <TPX xmlns="http://www.garmin.com/xmlschemas/ActivityExtension/v2">
        <Speed>1.3</Speed>
       </TPX>
      </Extensions>
     </Trackpoint>
     <Trackpoint>
      <Time>2026-08-01T11:20:41Z</Time>
      <Position>
       <LatitudeDegrees>5.2370630</LatitudeDegrees>
       <LongitudeDegrees>100.4356580</LongitudeDegrees>
      </Position>
      <AltitudeMeters>5.7</AltitudeMeters>
      <DistanceMeters>1153.6</DistanceMeters>
      <HeartRateBpm>
       <Value>124</Value>
      </HeartRateBpm>
      <Extensions>
       <TPX xmlns="http://www.garmin.com/xmlschemas/ActivityExtension/v2">
        <Speed>1.3</Speed>
       </TPX>
      </Extensions>
     </Trackpoint>
     <Trackpoint>
      <Time>2026-08-01T11:20:42Z</Time>
      <Position>
       <LatitudeDegrees>5.2370620</LatitudeDegrees>
       <LongitudeDegrees>100.4356700</LongitudeDegrees>
      </Position>
      <AltitudeMeters>5.7</AltitudeMeters>
      <DistanceMeters>1153.6</DistanceMeters>
      <HeartRateBpm>
       <Value>124</Value>
      </HeartRateBpm>
      <Extensions>
       <TPX xmlns="http://www.garmin.com/xmlschemas/ActivityExtension/v2">
        <Speed>1.3</Speed>
       </TPX>
      </Extensions>
     </Trackpoint>
     <Trackpoint>
      <Time>2026-08-01T11:20:43Z</Time>
      <Position>
       <LatitudeDegrees>5.2370620</LatitudeDegrees>
       <LongitudeDegrees>100.4356810</LongitudeDegrees>
      </Position>
      <AltitudeMeters>5.7</AltitudeMeters>
      <DistanceMeters>1157.6</DistanceMeters>
      <HeartRateBpm>
       <Value>124</Value>
      </HeartRateBpm>
      <Extensions>
       <TPX xmlns="http://www.garmin.com/xmlschemas/ActivityExtension/v2">
        <Speed>1.4</Speed>
       </TPX>
      </Extensions>
     </Trackpoint>
     <Trackpoint>
      <Time>2026-08-01T11:20:44Z</Time>
      <Position>
       <LatitudeDegrees>5.2370620</LatitudeDegrees>
       <LongitudeDegrees>100.4356970</LongitudeDegrees>
      </Position>
      <AltitudeMeters>5.7</AltitudeMeters>
      <DistanceMeters>1157.6</DistanceMeters>
      <HeartRateBpm>
       <Value>124</Value>
      </HeartRateBpm>
      <Extensions>
       <TPX xmlns="http://www.garmin.com/xmlschemas/ActivityExtension/v2">
        <Speed>1.4</Speed>
       </TPX>
      </Extensions>
     </Trackpoint>
     <Trackpoint>
      <Time>2026-08-01T11:20:45Z</Time>
      <Position>
       <LatitudeDegrees>5.2370630</LatitudeDegrees>
       <LongitudeDegrees>100.4357040</LongitudeDegrees>
      </Position>
      <AltitudeMeters>5.7</AltitudeMeters>
      <DistanceMeters>1157.6</DistanceMeters>
      <HeartRateBpm>
       <Value>124</Value>
      </HeartRateBpm>
      <Extensions>
       <TPX xmlns="http://www.garmin.com/xmlschemas/ActivityExtension/v2">
        <Speed>0.8</Speed>
       </TPX>
      </Extensions>
     </Trackpoint>
     <Trackpoint>
      <Time>2026-08-01T11:20:46Z</Time>
      <Position>
       <LatitudeDegrees>5.2370650</LatitudeDegrees>
       <LongitudeDegrees>100.4357140</LongitudeDegrees>
      </Position>
      <AltitudeMeters>5.7</AltitudeMeters>
      <DistanceMeters>1161.3</DistanceMeters>
      <HeartRateBpm>
       <Value>124</Value>
      </HeartRateBpm>
      <Extensions>
       <TPX xmlns="http://www.garmin.com/xmlschemas/ActivityExtension/v2">
        <Speed>1.5</Speed>
       </TPX>
      </Extensions>
     </Trackpoint>
     <Trackpoint>
      <Time>2026-08-01T11:20:47Z</Time>
      <Position>
       <LatitudeDegrees>5.2370670</LatitudeDegrees>
       <LongitudeDegrees>100.4357250</LongitudeDegrees>
      </Position>
      <AltitudeMeters>5.7</AltitudeMeters>
      <DistanceMeters>1161.3</DistanceMeters>
      <HeartRateBpm>
       <Value>124</Value>
      </HeartRateBpm>
      <Extensions>
       <TPX xmlns="http://www.garmin.com/xmlschemas/ActivityExtension/v2">
        <Speed>1.5</Speed>
       </TPX>
      </Extensions>
     </Trackpoint>
     <Trackpoint>
      <Time>2026-08-01T11:20:48Z</Time>
      <Position>
       <LatitudeDegrees>5.2370680</LatitudeDegrees>
       <LongitudeDegrees>100.4357370</LongitudeDegrees>
      </Position>
      <AltitudeMeters>5.7</AltitudeMeters>
      <DistanceMeters>1161.3</DistanceMeters>
      <HeartRateBpm>
       <Value>124</Value>
      </HeartRateBpm>
      <Extensions>
       <TPX xmlns="http://www.garmin.com/xmlschemas/ActivityExtension/v2">
        <Speed>0.7</Speed>
       </TPX>
      </Extensions>
     </Trackpoint>
     <Trackpoint>
      <Time>2026-08-01T11:20:49Z</Time>
      <Position>
       <LatitudeDegrees>5.2370700</LatitudeDegrees>
       <LongitudeDegrees>100.4357480</LongitudeDegrees>
      </Position>
      <AltitudeMeters>5.7</AltitudeMeters>
      <DistanceMeters>1165.2</DistanceMeters>
      <HeartRateBpm>
       <Value>124</Value>
      </HeartRateBpm>
      <Extensions>
       <TPX xmlns="http://www.garmin.com/xmlschemas/ActivityExtension/v2">
        <Speed>1.5</Speed>
       </TPX>
      </Extensions>
     </Trackpoint>
     <Trackpoint>
      <Time>2026-08-01T11:20:50Z</Time>
      <Position>
       <LatitudeDegrees>5.2370750</LatitudeDegrees>
       <LongitudeDegrees>100.4357600</LongitudeDegrees>
      </Position>
      <AltitudeMeters>5.7</AltitudeMeters>
      <DistanceMeters>1165.2</DistanceMeters>
      <HeartRateBpm>
       <Value>124</Value>
      </HeartRateBpm>
      <Extensions>
       <TPX xmlns="http://www.garmin.com/xmlschemas/ActivityExtension/v2">
        <Speed>1.5</Speed>
       </TPX>
      </Extensions>
     </Trackpoint>
     <Trackpoint>
      <Time>2026-08-01T11:20:51Z</Time>
      <Position>
       <LatitudeDegrees>5.2370790</LatitudeDegrees>
       <LongitudeDegrees>100.4357700</LongitudeDegrees>
      </Position>
      <AltitudeMeters>5.7</AltitudeMeters>
      <DistanceMeters>1165.2</DistanceMeters>
      <HeartRateBpm>
       <Value>123</Value>
      </HeartRateBpm>
      <Extensions>
       <TPX xmlns="http://www.garmin.com/xmlschemas/ActivityExtension/v2">
        <Speed>0.8</Speed>
       </TPX>
      </Extensions>
     </Trackpoint>
     <Trackpoint>
      <Time>2026-08-01T11:20:52Z</Time>
      <Position>
       <LatitudeDegrees>5.2370830</LatitudeDegrees>
       <LongitudeDegrees>100.4357830</LongitudeDegrees>
      </Position>
      <AltitudeMeters>5.7</AltitudeMeters>
      <DistanceMeters>1169.2</DistanceMeters>
      <HeartRateBpm>
       <Value>123</Value>
      </HeartRateBpm>
      <Extensions>
       <TPX xmlns="http://www.garmin.com/xmlschemas/ActivityExtension/v2">
        <Speed>1.6</Speed>
       </TPX>
      </Extensions>
     </Trackpoint>
     <Trackpoint>
      <Time>2026-08-01T11:20:53Z</Time>
      <Position>
       <LatitudeDegrees>5.2370860</LatitudeDegrees>
       <LongitudeDegrees>100.4357950</LongitudeDegrees>
      </Position>
      <AltitudeMeters>5.7</AltitudeMeters>
      <DistanceMeters>1169.2</DistanceMeters>
      <HeartRateBpm>
       <Value>123</Value>
      </HeartRateBpm>
      <Extensions>
       <TPX xmlns="http://www.garmin.com/xmlschemas/ActivityExtension/v2">
        <Speed>1.6</Speed>
       </TPX>
      </Extensions>
     </Trackpoint>
     <Trackpoint>
      <Time>2026-08-01T11:20:54Z</Time>
      <Position>
       <LatitudeDegrees>5.2370890</LatitudeDegrees>
       <LongitudeDegrees>100.4358090</LongitudeDegrees>
      </Position>
      <AltitudeMeters>5.7</AltitudeMeters>
      <DistanceMeters>1172.2</DistanceMeters>
      <HeartRateBpm>
       <Value>123</Value>
      </HeartRateBpm>
      <Extensions>
       <TPX xmlns="http://www.garmin.com/xmlschemas/ActivityExtension/v2">
        <Speed>1.4</Speed>
       </TPX>
      </Extensions>
     </Trackpoint>
     <Trackpoint>
      <Time>2026-08-01T11:20:55Z</Time>
      <Position>
       <LatitudeDegrees>5.2370920</LatitudeDegrees>
       <LongitudeDegrees>100.4358220</LongitudeDegrees>
      </Position>
      <AltitudeMeters>5.7</AltitudeMeters>
      <DistanceMeters>1173.7</DistanceMeters>
      <HeartRateBpm>
       <Value>124</Value>
      </HeartRateBpm>
      <Extensions>
       <TPX xmlns="http://www.garmin.com/xmlschemas/ActivityExtension/v2">
        <Speed>1.7</Speed>
       </TPX>
      </Extensions>
     </Trackpoint>
     <Trackpoint>
      <Time>2026-08-01T11:20:56Z</Time>
      <Position>
       <LatitudeDegrees>5.2370940</LatitudeDegrees>
       <LongitudeDegrees>100.4358350</LongitudeDegrees>
      </Position>
      <AltitudeMeters>5.7</AltitudeMeters>
      <DistanceMeters>1175.2</DistanceMeters>
      <HeartRateBpm>
       <Value>123</Value>
      </HeartRateBpm>
      <Extensions>
       <TPX xmlns="http://www.garmin.com/xmlschemas/ActivityExtension/v2">
        <Speed>2.0</Speed>
       </TPX>
      </Extensions>
     </Trackpoint>
     <Trackpoint>
      <Time>2026-08-01T11:20:57Z</Time>
      <Position>
       <LatitudeDegrees>5.2370950</LatitudeDegrees>
       <LongitudeDegrees>100.4358470</LongitudeDegrees>
      </Position>
      <AltitudeMeters>5.7</AltitudeMeters>
      <DistanceMeters>1176.5</DistanceMeters>
      <HeartRateBpm>
       <Value>123</Value>
      </HeartRateBpm>
      <Extensions>
       <TPX xmlns="http://www.garmin.com/xmlschemas/ActivityExtension/v2">
        <Speed>1.5</Speed>
       </TPX>
      </Extensions>
     </Trackpoint>
     <Trackpoint>
      <Time>2026-08-01T11:20:58Z</Time>
      <Position>
       <LatitudeDegrees>5.2370980</LatitudeDegrees>
       <LongitudeDegrees>100.4358590</LongitudeDegrees>
      </Position>
      <AltitudeMeters>5.7</AltitudeMeters>
      <DistanceMeters>1177.9</DistanceMeters>
      <HeartRateBpm>
       <Value>123</Value>
      </HeartRateBpm>
      <Extensions>
       <TPX xmlns="http://www.garmin.com/xmlschemas/ActivityExtension/v2">
        <Speed>1.7</Speed>
       </TPX>
      </Extensions>
     </Trackpoint>
     <Trackpoint>
      <Time>2026-08-01T11:20:59Z</Time>
      <Position>
       <LatitudeDegrees>5.2371020</LatitudeDegrees>
       <LongitudeDegrees>100.4358730</LongitudeDegrees>
      </Position>
      <AltitudeMeters>5.7</AltitudeMeters>
      <DistanceMeters>1179.4</DistanceMeters>
      <HeartRateBpm>
       <Value>123</Value>
      </HeartRateBpm>
      <Extensions>
       <TPX xmlns="http://www.garmin.com/xmlschemas/ActivityExtension/v2">
        <Speed>1.4</Speed>
       </TPX>
      </Extensions>
     </Trackpoint>
     <Trackpoint>
      <Time>2026-08-01T11:21:00Z</Time>
      <Position>
       <LatitudeDegrees>5.2371050</LatitudeDegrees>
       <LongitudeDegrees>100.4358850</LongitudeDegrees>
      </Position>
      <AltitudeMeters>5.7</AltitudeMeters>
      <DistanceMeters>1180.8</DistanceMeters>
      <HeartRateBpm>
       <Value>123</Value>
      </HeartRateBpm>
      <Extensions>
       <TPX xmlns="http://www.garmin.com/xmlschemas/ActivityExtension/v2">
        <Speed>1.4</Speed>
       </TPX>
      </Extensions>
     </Trackpoint>
     <Trackpoint>
      <Time>2026-08-01T11:21:01Z</Time>
      <Position>
       <LatitudeDegrees>5.2371060</LatitudeDegrees>
       <LongitudeDegrees>100.4358980</LongitudeDegrees>
      </Position>
      <AltitudeMeters>5.7</AltitudeMeters>
      <DistanceMeters>1182.2</DistanceMeters>
      <HeartRateBpm>
       <Value>123</Value>
      </HeartRateBpm>
      <Extensions>
       <TPX xmlns="http://www.garmin.com/xmlschemas/ActivityExtension/v2">
        <Speed>1.4</Speed>
       </TPX>
      </Extensions>
     </Trackpoint>
     <Trackpoint>
      <Time>2026-08-01T11:21:02Z</Time>
      <Position>
       <LatitudeDegrees>5.2371070</LatitudeDegrees>
       <LongitudeDegrees>100.4359110</LongitudeDegrees>
      </Position>
      <AltitudeMeters>5.7</AltitudeMeters>
      <DistanceMeters>1183.7</DistanceMeters>
      <HeartRateBpm>
       <Value>123</Value>
      </HeartRateBpm>
      <Extensions>
       <TPX xmlns="http://www.garmin.com/xmlschemas/ActivityExtension/v2">
        <Speed>1.4</Speed>
       </TPX>
      </Extensions>
     </Trackpoint>
     <Trackpoint>
      <Time>2026-08-01T11:21:03Z</Time>
      <Position>
       <LatitudeDegrees>5.2371110</LatitudeDegrees>
       <LongitudeDegrees>100.4359220</LongitudeDegrees>
      </Position>
      <AltitudeMeters>5.7</AltitudeMeters>
      <DistanceMeters>1185.0</DistanceMeters>
      <HeartRateBpm>
       <Value>123</Value>
      </HeartRateBpm>
      <Extensions>
       <TPX xmlns="http://www.garmin.com/xmlschemas/ActivityExtension/v2">
        <Speed>1.4</Speed>
       </TPX>
      </Extensions>
     </Trackpoint>
     <Trackpoint>
      <Time>2026-08-01T11:21:04Z</Time>
      <Position>
       <LatitudeDegrees>5.2371160</LatitudeDegrees>
       <LongitudeDegrees>100.4359290</LongitudeDegrees>
      </Position>
      <AltitudeMeters>5.7</AltitudeMeters>
      <DistanceMeters>1185.0</DistanceMeters>
      <HeartRateBpm>
       <Value>122</Value>
      </HeartRateBpm>
      <Extensions>
       <TPX xmlns="http://www.garmin.com/xmlschemas/ActivityExtension/v2">
        <Speed>1.1</Speed>
       </TPX>
      </Extensions>
     </Trackpoint>
     <Trackpoint>
      <Time>2026-08-01T11:21:05Z</Time>
      <Position>
       <LatitudeDegrees>5.2371210</LatitudeDegrees>
       <LongitudeDegrees>100.4359360</LongitudeDegrees>
      </Position>
      <AltitudeMeters>5.7</AltitudeMeters>
      <DistanceMeters>1185.0</DistanceMeters>
      <HeartRateBpm>
       <Value>122</Value>
      </HeartRateBpm>
      <Extensions>
       <TPX xmlns="http://www.garmin.com/xmlschemas/ActivityExtension/v2">
        <Speed>0.8</Speed>
       </TPX>
      </Extensions>
     </Trackpoint>
     <Trackpoint>
      <Time>2026-08-01T11:21:06Z</Time>
      <Position>
       <LatitudeDegrees>5.2371290</LatitudeDegrees>
       <LongitudeDegrees>100.4359460</LongitudeDegrees>
      </Position>
      <AltitudeMeters>5.7</AltitudeMeters>
      <DistanceMeters>1188.3</DistanceMeters>
      <HeartRateBpm>
       <Value>122</Value>
      </HeartRateBpm>
      <Extensions>
       <TPX xmlns="http://www.garmin.com/xmlschemas/ActivityExtension/v2">
        <Speed>1.2</Speed>
       </TPX>
      </Extensions>
     </Trackpoint>
     <Trackpoint>
      <Time>2026-08-01T11:21:07Z</Time>
      <Position>
       <LatitudeDegrees>5.2371290</LatitudeDegrees>
       <LongitudeDegrees>100.4359530</LongitudeDegrees>
      </Position>
      <AltitudeMeters>5.7</AltitudeMeters>
      <DistanceMeters>1188.3</DistanceMeters>
      <HeartRateBpm>
       <Value>122</Value>
      </HeartRateBpm>
      <Extensions>
       <TPX xmlns="http://www.garmin.com/xmlschemas/ActivityExtension/v2">
        <Speed>0.9</Speed>
       </TPX>
      </Extensions>
     </Trackpoint>
     <Trackpoint>
      <Time>2026-08-01T11:21:08Z</Time>
      <Position>
       <LatitudeDegrees>5.2371310</LatitudeDegrees>
       <LongitudeDegrees>100.4359630</LongitudeDegrees>
      </Position>
      <AltitudeMeters>5.7</AltitudeMeters>
      <DistanceMeters>1188.3</DistanceMeters>
      <HeartRateBpm>
       <Value>121</Value>
      </HeartRateBpm>
      <Extensions>
       <TPX xmlns="http://www.garmin.com/xmlschemas/ActivityExtension/v2">
        <Speed>0.7</Speed>
       </TPX>
      </Extensions>
     </Trackpoint>
     <Trackpoint>
      <Time>2026-08-01T11:21:09Z</Time>
      <Position>
       <LatitudeDegrees>5.2371310</LatitudeDegrees>
       <LongitudeDegrees>100.4359720</LongitudeDegrees>
      </Position>
      <AltitudeMeters>5.7</AltitudeMeters>
      <DistanceMeters>1188.3</DistanceMeters>
      <HeartRateBpm>
       <Value>122</Value>
      </HeartRateBpm>
      <Extensions>
       <TPX xmlns="http://www.garmin.com/xmlschemas/ActivityExtension/v2">
        <Speed>0.7</Speed>
       </TPX>
      </Extensions>
     </Trackpoint>
     <Trackpoint>
      <Time>2026-08-01T11:21:10Z</Time>
      <Position>
       <LatitudeDegrees>5.2371320</LatitudeDegrees>
       <LongitudeDegrees>100.4359820</LongitudeDegrees>
      </Position>
      <AltitudeMeters>5.7</AltitudeMeters>
      <DistanceMeters>1192.3</DistanceMeters>
      <HeartRateBpm>
       <Value>122</Value>
      </HeartRateBpm>
      <Extensions>
       <TPX xmlns="http://www.garmin.com/xmlschemas/ActivityExtension/v2">
        <Speed>1.5</Speed>
       </TPX>
      </Extensions>
     </Trackpoint>
     <Trackpoint>
      <Time>2026-08-01T11:21:11Z</Time>
      <Position>
       <LatitudeDegrees>5.2371330</LatitudeDegrees>
       <LongitudeDegrees>100.4359930</LongitudeDegrees>
      </Position>
      <AltitudeMeters>5.7</AltitudeMeters>
      <DistanceMeters>1192.3</DistanceMeters>
      <HeartRateBpm>
       <Value>122</Value>
      </HeartRateBpm>
      <Extensions>
       <TPX xmlns="http://www.garmin.com/xmlschemas/ActivityExtension/v2">
        <Speed>0.8</Speed>
       </TPX>
      </Extensions>
     </Trackpoint>
     <Trackpoint>
      <Time>2026-08-01T11:21:12Z</Time>
      <Position>
       <LatitudeDegrees>5.2371340</LatitudeDegrees>
       <LongitudeDegrees>100.4360040</LongitudeDegrees>
      </Position>
      <AltitudeMeters>5.7</AltitudeMeters>
      <DistanceMeters>1192.3</DistanceMeters>
      <HeartRateBpm>
       <Value>123</Value>
      </HeartRateBpm>
      <Extensions>
       <TPX xmlns="http://www.garmin.com/xmlschemas/ActivityExtension/v2">
        <Speed>0.8</Speed>
       </TPX>
      </Extensions>
     </Trackpoint>
     <Trackpoint>
      <Time>2026-08-01T11:21:13Z</Time>
      <Position>
       <LatitudeDegrees>5.2371360</LatitudeDegrees>
       <LongitudeDegrees>100.4360180</LongitudeDegrees>
      </Position>
      <AltitudeMeters>5.7</AltitudeMeters>
      <DistanceMeters>1196.3</DistanceMeters>
      <HeartRateBpm>
       <Value>121</Value>
      </HeartRateBpm>
      <Extensions>
       <TPX xmlns="http://www.garmin.com/xmlschemas/ActivityExtension/v2">
        <Speed>1.6</Speed>
       </TPX>
      </Extensions>
     </Trackpoint>
     <Trackpoint>
      <Time>2026-08-01T11:21:14Z</Time>
      <Position>
       <LatitudeDegrees>5.2371380</LatitudeDegrees>
       <LongitudeDegrees>100.4360280</LongitudeDegrees>
      </Position>
      <AltitudeMeters>5.7</AltitudeMeters>
      <DistanceMeters>1196.3</DistanceMeters>
      <HeartRateBpm>
       <Value>121</Value>
      </HeartRateBpm>
      <Extensions>
       <TPX xmlns="http://www.garmin.com/xmlschemas/ActivityExtension/v2">
        <Speed>1.6</Speed>
       </TPX>
      </Extensions>
     </Trackpoint>
     <Trackpoint>
      <Time>2026-08-01T11:21:15Z</Time>
      <Position>
       <LatitudeDegrees>5.2371440</LatitudeDegrees>
       <LongitudeDegrees>100.4360380</LongitudeDegrees>
      </Position>
      <AltitudeMeters>5.7</AltitudeMeters>
      <DistanceMeters>1196.3</DistanceMeters>
      <HeartRateBpm>
       <Value>122</Value>
      </HeartRateBpm>
      <Extensions>
       <TPX xmlns="http://www.garmin.com/xmlschemas/ActivityExtension/v2">
        <Speed>0.8</Speed>
       </TPX>
      </Extensions>
     </Trackpoint>
     <Trackpoint>
      <Time>2026-08-01T11:21:16Z</Time>
      <Position>
       <LatitudeDegrees>5.2371490</LatitudeDegrees>
       <LongitudeDegrees>100.4360480</LongitudeDegrees>
      </Position>
      <AltitudeMeters>5.7</AltitudeMeters>
      <DistanceMeters>1199.9</DistanceMeters>
      <HeartRateBpm>
       <Value>122</Value>
      </HeartRateBpm>
      <Extensions>
       <TPX xmlns="http://www.garmin.com/xmlschemas/ActivityExtension/v2">
        <Speed>1.5</Speed>
       </TPX>
      </Extensions>
     </Trackpoint>
     <Trackpoint>
      <Time>2026-08-01T11:21:17Z</Time>
      <Position>
       <LatitudeDegrees>5.2371510</LatitudeDegrees>
       <LongitudeDegrees>100.4360580</LongitudeDegrees>
      </Position>
      <AltitudeMeters>5.7</AltitudeMeters>
      <DistanceMeters>1199.9</DistanceMeters>
      <HeartRateBpm>
       <Value>123</Value>
      </HeartRateBpm>
      <Extensions>
       <TPX xmlns="http://www.garmin.com/xmlschemas/ActivityExtension/v2">
        <Speed>1.5</Speed>
       </TPX>
      </Extensions>
     </Trackpoint>
     <Trackpoint>
      <Time>2026-08-01T11:21:18Z</Time>
      <Position>
       <LatitudeDegrees>5.2371520</LatitudeDegrees>
       <LongitudeDegrees>100.4360680</LongitudeDegrees>
      </Position>
      <AltitudeMeters>5.7</AltitudeMeters>
      <DistanceMeters>1199.9</DistanceMeters>
      <HeartRateBpm>
       <Value>122</Value>
      </HeartRateBpm>
      <Extensions>
       <TPX xmlns="http://www.garmin.com/xmlschemas/ActivityExtension/v2">
        <Speed>0.7</Speed>
       </TPX>
      </Extensions>
     </Trackpoint>
     <Trackpoint>
      <Time>2026-08-01T11:21:19Z</Time>
      <Position>
       <LatitudeDegrees>5.2371520</LatitudeDegrees>
       <LongitudeDegrees>100.4360790</LongitudeDegrees>
      </Position>
      <AltitudeMeters>5.7</AltitudeMeters>
      <DistanceMeters>1203.3</DistanceMeters>
      <HeartRateBpm>
       <Value>121</Value>
      </HeartRateBpm>
      <Extensions>
       <TPX xmlns="http://www.garmin.com/xmlschemas/ActivityExtension/v2">
        <Speed>1.4</Speed>
       </TPX>
      </Extensions>
     </Trackpoint>
     <Trackpoint>
      <Time>2026-08-01T11:21:20Z</Time>
      <Position>
       <LatitudeDegrees>5.2371540</LatitudeDegrees>
       <LongitudeDegrees>100.4360940</LongitudeDegrees>
      </Position>
      <AltitudeMeters>5.7</AltitudeMeters>
      <DistanceMeters>1203.3</DistanceMeters>
      <HeartRateBpm>
       <Value>121</Value>
      </HeartRateBpm>
      <Extensions>
       <TPX xmlns="http://www.garmin.com/xmlschemas/ActivityExtension/v2">
        <Speed>1.4</Speed>
       </TPX>
      </Extensions>
     </Trackpoint>
     <Trackpoint>
      <Time>2026-08-01T11:21:21Z</Time>
      <Position>
       <LatitudeDegrees>5.2371550</LatitudeDegrees>
       <LongitudeDegrees>100.4361040</LongitudeDegrees>
      </Position>
      <AltitudeMeters>5.7</AltitudeMeters>
      <DistanceMeters>1203.3</DistanceMeters>
      <HeartRateBpm>
       <Value>121</Value>
      </HeartRateBpm>
      <Extensions>
       <TPX xmlns="http://www.garmin.com/xmlschemas/ActivityExtension/v2">
        <Speed>0.7</Speed>
       </TPX>
      </Extensions>
     </Trackpoint>
     <Trackpoint>
      <Time>2026-08-01T11:21:22Z</Time>
      <Position>
       <LatitudeDegrees>5.2371550</LatitudeDegrees>
       <LongitudeDegrees>100.4361150</LongitudeDegrees>
      </Position>
      <AltitudeMeters>5.7</AltitudeMeters>
      <DistanceMeters>1207.3</DistanceMeters>
      <HeartRateBpm>
       <Value>121</Value>
      </HeartRateBpm>
      <Extensions>
       <TPX xmlns="http://www.garmin.com/xmlschemas/ActivityExtension/v2">
        <Speed>1.5</Speed>
       </TPX>
      </Extensions>
     </Trackpoint>
     <Trackpoint>
      <Time>2026-08-01T11:21:23Z</Time>
      <Position>
       <LatitudeDegrees>5.2371570</LatitudeDegrees>
       <LongitudeDegrees>100.4361280</LongitudeDegrees>
      </Position>
      <AltitudeMeters>5.7</AltitudeMeters>
      <DistanceMeters>1208.8</DistanceMeters>
      <HeartRateBpm>
       <Value>121</Value>
      </HeartRateBpm>
      <Extensions>
       <TPX xmlns="http://www.garmin.com/xmlschemas/ActivityExtension/v2">
        <Speed>1.8</Speed>
       </TPX>
      </Extensions>
     </Trackpoint>
     <Trackpoint>
      <Time>2026-08-01T11:21:24Z</Time>
      <Position>
       <LatitudeDegrees>5.2371590</LatitudeDegrees>
       <LongitudeDegrees>100.4361400</LongitudeDegrees>
      </Position>
      <AltitudeMeters>5.7</AltitudeMeters>
      <DistanceMeters>1210.1</DistanceMeters>
      <HeartRateBpm>
       <Value>120</Value>
      </HeartRateBpm>
      <Extensions>
       <TPX xmlns="http://www.garmin.com/xmlschemas/ActivityExtension/v2">
        <Speed>1.4</Speed>
       </TPX>
      </Extensions>
     </Trackpoint>
     <Trackpoint>
      <Time>2026-08-01T11:21:25Z</Time>
      <Position>
       <LatitudeDegrees>5.2371660</LatitudeDegrees>
       <LongitudeDegrees>100.4361550</LongitudeDegrees>
      </Position>
      <AltitudeMeters>5.7</AltitudeMeters>
      <DistanceMeters>1212.0</DistanceMeters>
      <HeartRateBpm>
       <Value>120</Value>
      </HeartRateBpm>
      <Extensions>
       <TPX xmlns="http://www.garmin.com/xmlschemas/ActivityExtension/v2">
        <Speed>1.7</Speed>
       </TPX>
      </Extensions>
     </Trackpoint>
     <Trackpoint>
      <Time>2026-08-01T11:21:26Z</Time>
      <Position>
       <LatitudeDegrees>5.2371720</LatitudeDegrees>
       <LongitudeDegrees>100.4361690</LongitudeDegrees>
      </Position>
      <AltitudeMeters>5.7</AltitudeMeters>
      <DistanceMeters>1212.0</DistanceMeters>
      <HeartRateBpm>
       <Value>119</Value>
      </HeartRateBpm>
      <Extensions>
       <TPX xmlns="http://www.garmin.com/xmlschemas/ActivityExtension/v2">
        <Speed>1.7</Speed>
       </TPX>
      </Extensions>
     </Trackpoint>
     <Trackpoint>
      <Time>2026-08-01T11:21:27Z</Time>
      <Position>
       <LatitudeDegrees>5.2371780</LatitudeDegrees>
       <LongitudeDegrees>100.4361840</LongitudeDegrees>
      </Position>
      <AltitudeMeters>5.7</AltitudeMeters>
      <DistanceMeters>1215.4</DistanceMeters>
      <HeartRateBpm>
       <Value>119</Value>
      </HeartRateBpm>
      <Extensions>
       <TPX xmlns="http://www.garmin.com/xmlschemas/ActivityExtension/v2">
        <Speed>1.6</Speed>
       </TPX>
      </Extensions>
     </Trackpoint>
     <Trackpoint>
      <Time>2026-08-01T11:21:28Z</Time>
      <Position>
       <LatitudeDegrees>5.2371800</LatitudeDegrees>
       <LongitudeDegrees>100.4361950</LongitudeDegrees>
      </Position>
      <AltitudeMeters>5.7</AltitudeMeters>
      <DistanceMeters>1215.4</DistanceMeters>
      <HeartRateBpm>
       <Value>120</Value>
      </HeartRateBpm>
      <Extensions>
       <TPX xmlns="http://www.garmin.com/xmlschemas/ActivityExtension/v2">
        <Speed>1.3</Speed>
       </TPX>
      </Extensions>
     </Trackpoint>
     <Trackpoint>
      <Time>2026-08-01T11:21:29Z</Time>
      <Position>
       <LatitudeDegrees>5.2371820</LatitudeDegrees>
       <LongitudeDegrees>100.4362070</LongitudeDegrees>
      </Position>
      <AltitudeMeters>5.7</AltitudeMeters>
      <DistanceMeters>1215.4</DistanceMeters>
      <HeartRateBpm>
       <Value>120</Value>
      </HeartRateBpm>
      <Extensions>
       <TPX xmlns="http://www.garmin.com/xmlschemas/ActivityExtension/v2">
        <Speed>1.1</Speed>
       </TPX>
      </Extensions>
     </Trackpoint>
     <Trackpoint>
      <Time>2026-08-01T11:21:30Z</Time>
      <Position>
       <LatitudeDegrees>5.2371850</LatitudeDegrees>
       <LongitudeDegrees>100.4362190</LongitudeDegrees>
      </Position>
      <AltitudeMeters>5.7</AltitudeMeters>
      <DistanceMeters>1219.4</DistanceMeters>
      <HeartRateBpm>
       <Value>120</Value>
      </HeartRateBpm>
      <Extensions>
       <TPX xmlns="http://www.garmin.com/xmlschemas/ActivityExtension/v2">
        <Speed>1.5</Speed>
       </TPX>
      </Extensions>
     </Trackpoint>
     <Trackpoint>
      <Time>2026-08-01T11:21:31Z</Time>
      <Position>
       <LatitudeDegrees>5.2371880</LatitudeDegrees>
       <LongitudeDegrees>100.4362320</LongitudeDegrees>
      </Position>
      <AltitudeMeters>5.7</AltitudeMeters>
      <DistanceMeters>1220.8</DistanceMeters>
      <HeartRateBpm>
       <Value>120</Value>
      </HeartRateBpm>
      <Extensions>
       <TPX xmlns="http://www.garmin.com/xmlschemas/ActivityExtension/v2">
        <Speed>1.8</Speed>
       </TPX>
      </Extensions>
     </Trackpoint>
     <Trackpoint>
      <Time>2026-08-01T11:21:32Z</Time>
      <Position>
       <LatitudeDegrees>5.2371910</LatitudeDegrees>
       <LongitudeDegrees>100.4362440</LongitudeDegrees>
      </Position>
      <AltitudeMeters>5.7</AltitudeMeters>
      <DistanceMeters>1222.2</DistanceMeters>
      <HeartRateBpm>
       <Value>120</Value>
      </HeartRateBpm>
      <Extensions>
       <TPX xmlns="http://www.garmin.com/xmlschemas/ActivityExtension/v2">
        <Speed>1.4</Speed>
       </TPX>
      </Extensions>
     </Trackpoint>
     <Trackpoint>
      <Time>2026-08-01T11:21:33Z</Time>
      <Position>
       <LatitudeDegrees>5.2371920</LatitudeDegrees>
       <LongitudeDegrees>100.4362600</LongitudeDegrees>
      </Position>
      <AltitudeMeters>5.7</AltitudeMeters>
      <DistanceMeters>1223.9</DistanceMeters>
      <HeartRateBpm>
       <Value>119</Value>
      </HeartRateBpm>
      <Extensions>
       <TPX xmlns="http://www.garmin.com/xmlschemas/ActivityExtension/v2">
        <Speed>1.7</Speed>
       </TPX>
      </Extensions>
     </Trackpoint>
     <Trackpoint>
      <Time>2026-08-01T11:21:34Z</Time>
      <Position>
       <LatitudeDegrees>5.2371970</LatitudeDegrees>
       <LongitudeDegrees>100.4362780</LongitudeDegrees>
      </Position>
      <AltitudeMeters>5.7</AltitudeMeters>
      <DistanceMeters>1223.9</DistanceMeters>
      <HeartRateBpm>
       <Value>119</Value>
      </HeartRateBpm>
      <Extensions>
       <TPX xmlns="http://www.garmin.com/xmlschemas/ActivityExtension/v2">
        <Speed>1.7</Speed>
       </TPX>
      </Extensions>
     </Trackpoint>
     <Trackpoint>
      <Time>2026-08-01T11:21:35Z</Time>
      <Position>
       <LatitudeDegrees>5.2371970</LatitudeDegrees>
       <LongitudeDegrees>100.4362780</LongitudeDegrees>
      </Position>
      <AltitudeMeters>5.7</AltitudeMeters>
      <DistanceMeters>1223.9</DistanceMeters>
      <HeartRateBpm>
       <Value>119</Value>
      </HeartRateBpm>
      <Extensions>
       <TPX xmlns="http://www.garmin.com/xmlschemas/ActivityExtension/v2">
        <Speed>0.9</Speed>
       </TPX>
      </Extensions>
     </Trackpoint>
     <Trackpoint>
      <Time>2026-08-01T11:21:36Z</Time>
      <Position>
       <LatitudeDegrees>5.2372000</LatitudeDegrees>
       <LongitudeDegrees>100.4362890</LongitudeDegrees>
      </Position>
      <AltitudeMeters>5.7</AltitudeMeters>
      <DistanceMeters>1227.3</DistanceMeters>
      <HeartRateBpm>
       <Value>119</Value>
      </HeartRateBpm>
      <Extensions>
       <TPX xmlns="http://www.garmin.com/xmlschemas/ActivityExtension/v2">
        <Speed>1.3</Speed>
       </TPX>
      </Extensions>
     </Trackpoint>
     <Trackpoint>
      <Time>2026-08-01T11:21:37Z</Time>
      <Position>
       <LatitudeDegrees>5.2372050</LatitudeDegrees>
       <LongitudeDegrees>100.4363000</LongitudeDegrees>
      </Position>
      <AltitudeMeters>5.7</AltitudeMeters>
      <DistanceMeters>1227.3</DistanceMeters>
      <HeartRateBpm>
       <Value>118</Value>
      </HeartRateBpm>
      <Extensions>
       <TPX xmlns="http://www.garmin.com/xmlschemas/ActivityExtension/v2">
        <Speed>1.0</Speed>
       </TPX>
      </Extensions>
     </Trackpoint>
     <Trackpoint>
      <Time>2026-08-01T11:21:38Z</Time>
      <Position>
       <LatitudeDegrees>5.2372110</LatitudeDegrees>
       <LongitudeDegrees>100.4363110</LongitudeDegrees>
      </Position>
      <AltitudeMeters>5.7</AltitudeMeters>
      <DistanceMeters>1227.3</DistanceMeters>
      <HeartRateBpm>
       <Value>118</Value>
      </HeartRateBpm>
      <Extensions>
       <TPX xmlns="http://www.garmin.com/xmlschemas/ActivityExtension/v2">
        <Speed>0.7</Speed>
       </TPX>
      </Extensions>
     </Trackpoint>
     <Trackpoint>
      <Time>2026-08-01T11:21:39Z</Time>
      <Position>
       <LatitudeDegrees>5.2372160</LatitudeDegrees>
       <LongitudeDegrees>100.4363210</LongitudeDegrees>
      </Position>
      <AltitudeMeters>5.7</AltitudeMeters>
      <DistanceMeters>1231.3</DistanceMeters>
      <HeartRateBpm>
       <Value>118</Value>
      </HeartRateBpm>
      <Extensions>
       <TPX xmlns="http://www.garmin.com/xmlschemas/ActivityExtension/v2">
        <Speed>1.5</Speed>
       </TPX>
      </Extensions>
     </Trackpoint>
     <Trackpoint>
      <Time>2026-08-01T11:21:40Z</Time>
      <Position>
       <LatitudeDegrees>5.2372210</LatitudeDegrees>
       <LongitudeDegrees>100.4363320</LongitudeDegrees>
      </Position>
      <AltitudeMeters>5.7</AltitudeMeters>
      <DistanceMeters>1231.3</DistanceMeters>
      <HeartRateBpm>
       <Value>118</Value>
      </HeartRateBpm>
      <Extensions>
       <TPX xmlns="http://www.garmin.com/xmlschemas/ActivityExtension/v2">
        <Speed>1.5</Speed>
       </TPX>
      </Extensions>
     </Trackpoint>
     <Trackpoint>
      <Time>2026-08-01T11:21:41Z</Time>
      <Position>
       <LatitudeDegrees>5.2372250</LatitudeDegrees>
       <LongitudeDegrees>100.4363390</LongitudeDegrees>
      </Position>
      <AltitudeMeters>5.7</AltitudeMeters>
      <DistanceMeters>1231.3</DistanceMeters>
      <HeartRateBpm>
       <Value>117</Value>
      </HeartRateBpm>
      <Extensions>
       <TPX xmlns="http://www.garmin.com/xmlschemas/ActivityExtension/v2">
        <Speed>0.8</Speed>
       </TPX>
      </Extensions>
     </Trackpoint>
     <Trackpoint>
      <Time>2026-08-01T11:21:42Z</Time>
      <Position>
       <LatitudeDegrees>5.2372300</LatitudeDegrees>
       <LongitudeDegrees>100.4363520</LongitudeDegrees>
      </Position>
      <AltitudeMeters>5.7</AltitudeMeters>
      <DistanceMeters>1235.0</DistanceMeters>
      <HeartRateBpm>
       <Value>117</Value>
      </HeartRateBpm>
      <Extensions>
       <TPX xmlns="http://www.garmin.com/xmlschemas/ActivityExtension/v2">
        <Speed>1.5</Speed>
       </TPX>
      </Extensions>
     </Trackpoint>
     <Trackpoint>
      <Time>2026-08-01T11:21:43Z</Time>
      <Position>
       <LatitudeDegrees>5.2372350</LatitudeDegrees>
       <LongitudeDegrees>100.4363630</LongitudeDegrees>
      </Position>
      <AltitudeMeters>5.7</AltitudeMeters>
      <DistanceMeters>1236.3</DistanceMeters>
      <HeartRateBpm>
       <Value>117</Value>
      </HeartRateBpm>
      <Extensions>
       <TPX xmlns="http://www.garmin.com/xmlschemas/ActivityExtension/v2">
        <Speed>1.8</Speed>
       </TPX>
      </Extensions>
     </Trackpoint>
     <Trackpoint>
      <Time>2026-08-01T11:21:44Z</Time>
      <Position>
       <LatitudeDegrees>5.2372400</LatitudeDegrees>
       <LongitudeDegrees>100.4363750</LongitudeDegrees>
      </Position>
      <AltitudeMeters>5.7</AltitudeMeters>
      <DistanceMeters>1237.8</DistanceMeters>
      <HeartRateBpm>
       <Value>117</Value>
      </HeartRateBpm>
      <Extensions>
       <TPX xmlns="http://www.garmin.com/xmlschemas/ActivityExtension/v2">
        <Speed>1.3</Speed>
       </TPX>
      </Extensions>
     </Trackpoint>
     <Trackpoint>
      <Time>2026-08-01T11:21:45Z</Time>
      <Position>
       <LatitudeDegrees>5.2372440</LatitudeDegrees>
       <LongitudeDegrees>100.4363870</LongitudeDegrees>
      </Position>
      <AltitudeMeters>5.7</AltitudeMeters>
      <DistanceMeters>1239.2</DistanceMeters>
      <HeartRateBpm>
       <Value>117</Value>
      </HeartRateBpm>
      <Extensions>
       <TPX xmlns="http://www.garmin.com/xmlschemas/ActivityExtension/v2">
        <Speed>1.6</Speed>
       </TPX>
      </Extensions>
     </Trackpoint>
     <Trackpoint>
      <Time>2026-08-01T11:21:46Z</Time>
      <Position>
       <LatitudeDegrees>5.2372480</LatitudeDegrees>
       <LongitudeDegrees>100.4364000</LongitudeDegrees>
      </Position>
      <AltitudeMeters>5.7</AltitudeMeters>
      <DistanceMeters>1239.2</DistanceMeters>
      <HeartRateBpm>
       <Value>117</Value>
      </HeartRateBpm>
      <Extensions>
       <TPX xmlns="http://www.garmin.com/xmlschemas/ActivityExtension/v2">
        <Speed>1.6</Speed>
       </TPX>
      </Extensions>
     </Trackpoint>
     <Trackpoint>
      <Time>2026-08-01T11:21:47Z</Time>
      <Position>
       <LatitudeDegrees>5.2372500</LatitudeDegrees>
       <LongitudeDegrees>100.4364170</LongitudeDegrees>
      </Position>
      <AltitudeMeters>5.7</AltitudeMeters>
      <DistanceMeters>1242.6</DistanceMeters>
      <HeartRateBpm>
       <Value>117</Value>
      </HeartRateBpm>
      <Extensions>
       <TPX xmlns="http://www.garmin.com/xmlschemas/ActivityExtension/v2">
        <Speed>1.5</Speed>
       </TPX>
      </Extensions>
     </Trackpoint>
     <Trackpoint>
      <Time>2026-08-01T11:21:48Z</Time>
      <Position>
       <LatitudeDegrees>5.2372530</LatitudeDegrees>
       <LongitudeDegrees>100.4364280</LongitudeDegrees>
      </Position>
      <AltitudeMeters>5.7</AltitudeMeters>
      <DistanceMeters>1242.6</DistanceMeters>
      <HeartRateBpm>
       <Value>117</Value>
      </HeartRateBpm>
      <Extensions>
       <TPX xmlns="http://www.garmin.com/xmlschemas/ActivityExtension/v2">
        <Speed>1.3</Speed>
       </TPX>
      </Extensions>
     </Trackpoint>
     <Trackpoint>
      <Time>2026-08-01T11:21:49Z</Time>
      <Position>
       <LatitudeDegrees>5.2372570</LatitudeDegrees>
       <LongitudeDegrees>100.4364390</LongitudeDegrees>
      </Position>
      <AltitudeMeters>5.7</AltitudeMeters>
      <DistanceMeters>1242.6</DistanceMeters>
      <HeartRateBpm>
       <Value>117</Value>
      </HeartRateBpm>
      <Extensions>
       <TPX xmlns="http://www.garmin.com/xmlschemas/ActivityExtension/v2">
        <Speed>1.0</Speed>
       </TPX>
      </Extensions>
     </Trackpoint>
     <Trackpoint>
      <Time>2026-08-01T11:21:50Z</Time>
      <Position>
       <LatitudeDegrees>5.2372640</LatitudeDegrees>
       <LongitudeDegrees>100.4364500</LongitudeDegrees>
      </Position>
      <AltitudeMeters>5.7</AltitudeMeters>
      <DistanceMeters>1246.6</DistanceMeters>
      <HeartRateBpm>
       <Value>117</Value>
      </HeartRateBpm>
      <Extensions>
       <TPX xmlns="http://www.garmin.com/xmlschemas/ActivityExtension/v2">
        <Speed>1.5</Speed>
       </TPX>
      </Extensions>
     </Trackpoint>
     <Trackpoint>
      <Time>2026-08-01T11:21:51Z</Time>
      <Position>
       <LatitudeDegrees>5.2372700</LatitudeDegrees>
       <LongitudeDegrees>100.4364610</LongitudeDegrees>
      </Position>
      <AltitudeMeters>5.7</AltitudeMeters>
      <DistanceMeters>1248.0</DistanceMeters>
      <HeartRateBpm>
       <Value>117</Value>
      </HeartRateBpm>
      <Extensions>
       <TPX xmlns="http://www.garmin.com/xmlschemas/ActivityExtension/v2">
        <Speed>1.8</Speed>
       </TPX>
      </Extensions>
     </Trackpoint>
     <Trackpoint>
      <Time>2026-08-01T11:21:52Z</Time>
      <Position>
       <LatitudeDegrees>5.2372740</LatitudeDegrees>
       <LongitudeDegrees>100.4364720</LongitudeDegrees>
      </Position>
      <AltitudeMeters>5.7</AltitudeMeters>
      <DistanceMeters>1249.3</DistanceMeters>
      <HeartRateBpm>
       <Value>117</Value>
      </HeartRateBpm>
      <Extensions>
       <TPX xmlns="http://www.garmin.com/xmlschemas/ActivityExtension/v2">
        <Speed>1.3</Speed>
       </TPX>
      </Extensions>
     </Trackpoint>
     <Trackpoint>
      <Time>2026-08-01T11:21:53Z</Time>
      <Position>
       <LatitudeDegrees>5.2372800</LatitudeDegrees>
       <LongitudeDegrees>100.4364860</LongitudeDegrees>
      </Position>
      <AltitudeMeters>5.7</AltitudeMeters>
      <DistanceMeters>1251.0</DistanceMeters>
      <HeartRateBpm>
       <Value>118</Value>
      </HeartRateBpm>
      <Extensions>
       <TPX xmlns="http://www.garmin.com/xmlschemas/ActivityExtension/v2">
        <Speed>1.7</Speed>
       </TPX>
      </Extensions>
     </Trackpoint>
     <Trackpoint>
      <Time>2026-08-01T11:21:54Z</Time>
      <Position>
       <LatitudeDegrees>5.2372820</LatitudeDegrees>
       <LongitudeDegrees>100.4364950</LongitudeDegrees>
      </Position>
      <AltitudeMeters>5.7</AltitudeMeters>
      <DistanceMeters>1251.0</DistanceMeters>
      <HeartRateBpm>
       <Value>118</Value>
      </HeartRateBpm>
      <Extensions>
       <TPX xmlns="http://www.garmin.com/xmlschemas/ActivityExtension/v2">
        <Speed>1.7</Speed>
       </TPX>
      </Extensions>
     </Trackpoint>
     <Trackpoint>
      <Time>2026-08-01T11:21:55Z</Time>
      <Position>
       <LatitudeDegrees>5.2372860</LatitudeDegrees>
       <LongitudeDegrees>100.4365060</LongitudeDegrees>
      </Position>
      <AltitudeMeters>5.7</AltitudeMeters>
      <DistanceMeters>1251.0</DistanceMeters>
      <HeartRateBpm>
       <Value>118</Value>
      </HeartRateBpm>
      <Extensions>
       <TPX xmlns="http://www.garmin.com/xmlschemas/ActivityExtension/v2">
        <Speed>0.9</Speed>
       </TPX>
      </Extensions>
     </Trackpoint>
     <Trackpoint>
      <Time>2026-08-01T11:21:56Z</Time>
      <Position>
       <LatitudeDegrees>5.2372880</LatitudeDegrees>
       <LongitudeDegrees>100.4365160</LongitudeDegrees>
      </Position>
      <AltitudeMeters>5.7</AltitudeMeters>
      <DistanceMeters>1254.3</DistanceMeters>
      <HeartRateBpm>
       <Value>118</Value>
      </HeartRateBpm>
      <Extensions>
       <TPX xmlns="http://www.garmin.com/xmlschemas/ActivityExtension/v2">
        <Speed>1.3</Speed>
       </TPX>
      </Extensions>
     </Trackpoint>
     <Trackpoint>
      <Time>2026-08-01T11:21:57Z</Time>
      <Position>
       <LatitudeDegrees>5.2372890</LatitudeDegrees>
       <LongitudeDegrees>100.4365280</LongitudeDegrees>
      </Position>
      <AltitudeMeters>5.7</AltitudeMeters>
      <DistanceMeters>1254.3</DistanceMeters>
      <HeartRateBpm>
       <Value>118</Value>
      </HeartRateBpm>
      <Extensions>
       <TPX xmlns="http://www.garmin.com/xmlschemas/ActivityExtension/v2">
        <Speed>1.0</Speed>
       </TPX>
      </Extensions>
     </Trackpoint>
     <Trackpoint>
      <Time>2026-08-01T11:21:58Z</Time>
      <Position>
       <LatitudeDegrees>5.2372880</LatitudeDegrees>
       <LongitudeDegrees>100.4365400</LongitudeDegrees>
      </Position>
      <AltitudeMeters>5.7</AltitudeMeters>
      <DistanceMeters>1254.3</DistanceMeters>
      <HeartRateBpm>
       <Value>118</Value>
      </HeartRateBpm>
      <Extensions>
       <TPX xmlns="http://www.garmin.com/xmlschemas/ActivityExtension/v2">
        <Speed>0.7</Speed>
       </TPX>
      </Extensions>
     </Trackpoint>
     <Trackpoint>
      <Time>2026-08-01T11:21:59Z</Time>
      <Position>
       <LatitudeDegrees>5.2372830</LatitudeDegrees>
       <LongitudeDegrees>100.4365510</LongitudeDegrees>
      </Position>
      <AltitudeMeters>5.7</AltitudeMeters>
      <DistanceMeters>1258.3</DistanceMeters>
      <HeartRateBpm>
       <Value>119</Value>
      </HeartRateBpm>
      <Extensions>
       <TPX xmlns="http://www.garmin.com/xmlschemas/ActivityExtension/v2">
        <Speed>1.5</Speed>
       </TPX>
      </Extensions>
     </Trackpoint>
     <Trackpoint>
      <Time>2026-08-01T11:22:00Z</Time>
      <Position>
       <LatitudeDegrees>5.2372790</LatitudeDegrees>
       <LongitudeDegrees>100.4365630</LongitudeDegrees>
      </Position>
      <AltitudeMeters>5.7</AltitudeMeters>
      <DistanceMeters>1259.7</DistanceMeters>
      <HeartRateBpm>
       <Value>120</Value>
      </HeartRateBpm>
      <Extensions>
       <TPX xmlns="http://www.garmin.com/xmlschemas/ActivityExtension/v2">
        <Speed>1.7</Speed>
       </TPX>
      </Extensions>
     </Trackpoint>
     <Trackpoint>
      <Time>2026-08-01T11:22:01Z</Time>
      <Position>
       <LatitudeDegrees>5.2372800</LatitudeDegrees>
       <LongitudeDegrees>100.4365750</LongitudeDegrees>
      </Position>
      <AltitudeMeters>5.7</AltitudeMeters>
      <DistanceMeters>1261.0</DistanceMeters>
      <HeartRateBpm>
       <Value>121</Value>
      </HeartRateBpm>
      <Extensions>
       <TPX xmlns="http://www.garmin.com/xmlschemas/ActivityExtension/v2">
        <Speed>1.3</Speed>
       </TPX>
      </Extensions>
     </Trackpoint>
     <Trackpoint>
      <Time>2026-08-01T11:22:02Z</Time>
      <Position>
       <LatitudeDegrees>5.2372810</LatitudeDegrees>
       <LongitudeDegrees>100.4365890</LongitudeDegrees>
      </Position>
      <AltitudeMeters>5.7</AltitudeMeters>
      <DistanceMeters>1262.5</DistanceMeters>
      <HeartRateBpm>
       <Value>121</Value>
      </HeartRateBpm>
      <Extensions>
       <TPX xmlns="http://www.garmin.com/xmlschemas/ActivityExtension/v2">
        <Speed>1.6</Speed>
       </TPX>
      </Extensions>
     </Trackpoint>
     <Trackpoint>
      <Time>2026-08-01T11:22:03Z</Time>
      <Position>
       <LatitudeDegrees>5.2372820</LatitudeDegrees>
       <LongitudeDegrees>100.4366020</LongitudeDegrees>
      </Position>
      <AltitudeMeters>5.7</AltitudeMeters>
      <DistanceMeters>1263.9</DistanceMeters>
      <HeartRateBpm>
       <Value>121</Value>
      </HeartRateBpm>
      <Extensions>
       <TPX xmlns="http://www.garmin.com/xmlschemas/ActivityExtension/v2">
        <Speed>1.9</Speed>
       </TPX>
      </Extensions>
     </Trackpoint>
     <Trackpoint>
      <Time>2026-08-01T11:22:04Z</Time>
      <Position>
       <LatitudeDegrees>5.2372830</LatitudeDegrees>
       <LongitudeDegrees>100.4366150</LongitudeDegrees>
      </Position>
      <AltitudeMeters>5.7</AltitudeMeters>
      <DistanceMeters>1265.4</DistanceMeters>
      <HeartRateBpm>
       <Value>121</Value>
      </HeartRateBpm>
      <Extensions>
       <TPX xmlns="http://www.garmin.com/xmlschemas/ActivityExtension/v2">
        <Speed>1.4</Speed>
       </TPX>
      </Extensions>
     </Trackpoint>
     <Trackpoint>
      <Time>2026-08-01T11:22:05Z</Time>
      <Position>
       <LatitudeDegrees>5.2372840</LatitudeDegrees>
       <LongitudeDegrees>100.4366280</LongitudeDegrees>
      </Position>
      <AltitudeMeters>5.7</AltitudeMeters>
      <DistanceMeters>1266.8</DistanceMeters>
      <HeartRateBpm>
       <Value>121</Value>
      </HeartRateBpm>
      <Extensions>
       <TPX xmlns="http://www.garmin.com/xmlschemas/ActivityExtension/v2">
        <Speed>1.4</Speed>
       </TPX>
      </Extensions>
     </Trackpoint>
     <Trackpoint>
      <Time>2026-08-01T11:22:06Z</Time>
      <Position>
       <LatitudeDegrees>5.2372880</LatitudeDegrees>
       <LongitudeDegrees>100.4366390</LongitudeDegrees>
      </Position>
      <AltitudeMeters>5.7</AltitudeMeters>
      <DistanceMeters>1268.1</DistanceMeters>
      <HeartRateBpm>
       <Value>121</Value>
      </HeartRateBpm>
      <Extensions>
       <TPX xmlns="http://www.garmin.com/xmlschemas/ActivityExtension/v2">
        <Speed>1.4</Speed>
       </TPX>
      </Extensions>
     </Trackpoint>
     <Trackpoint>
      <Time>2026-08-01T11:22:07Z</Time>
      <Position>
       <LatitudeDegrees>5.2372920</LatitudeDegrees>
       <LongitudeDegrees>100.4366520</LongitudeDegrees>
      </Position>
      <AltitudeMeters>5.7</AltitudeMeters>
      <DistanceMeters>1269.6</DistanceMeters>
      <HeartRateBpm>
       <Value>121</Value>
      </HeartRateBpm>
      <Extensions>
       <TPX xmlns="http://www.garmin.com/xmlschemas/ActivityExtension/v2">
        <Speed>1.4</Speed>
       </TPX>
      </Extensions>
     </Trackpoint>
     <Trackpoint>
      <Time>2026-08-01T11:22:08Z</Time>
      <Position>
       <LatitudeDegrees>5.2372980</LatitudeDegrees>
       <LongitudeDegrees>100.4366670</LongitudeDegrees>
      </Position>
      <AltitudeMeters>5.7</AltitudeMeters>
      <DistanceMeters>1271.4</DistanceMeters>
      <HeartRateBpm>
       <Value>121</Value>
      </HeartRateBpm>
      <Extensions>
       <TPX xmlns="http://www.garmin.com/xmlschemas/ActivityExtension/v2">
        <Speed>1.5</Speed>
       </TPX>
      </Extensions>
     </Trackpoint>
     <Trackpoint>
      <Time>2026-08-01T11:22:09Z</Time>
      <Position>
       <LatitudeDegrees>5.2373070</LatitudeDegrees>
       <LongitudeDegrees>100.4366870</LongitudeDegrees>
      </Position>
      <AltitudeMeters>5.7</AltitudeMeters>
      <DistanceMeters>1271.4</DistanceMeters>
      <HeartRateBpm>
       <Value>120</Value>
      </HeartRateBpm>
      <Extensions>
       <TPX xmlns="http://www.garmin.com/xmlschemas/ActivityExtension/v2">
        <Speed>1.2</Speed>
       </TPX>
      </Extensions>
     </Trackpoint>
     <Trackpoint>
      <Time>2026-08-01T11:22:10Z</Time>
      <Position>
       <LatitudeDegrees>5.2373100</LatitudeDegrees>
       <LongitudeDegrees>100.4366970</LongitudeDegrees>
      </Position>
      <AltitudeMeters>5.7</AltitudeMeters>
      <DistanceMeters>1275.1</DistanceMeters>
      <HeartRateBpm>
       <Value>120</Value>
      </HeartRateBpm>
      <Extensions>
       <TPX xmlns="http://www.garmin.com/xmlschemas/ActivityExtension/v2">
        <Speed>1.7</Speed>
       </TPX>
      </Extensions>
     </Trackpoint>
     <Trackpoint>
      <Time>2026-08-01T11:22:11Z</Time>
      <Position>
       <LatitudeDegrees>5.2373100</LatitudeDegrees>
       <LongitudeDegrees>100.4366970</LongitudeDegrees>
      </Position>
      <AltitudeMeters>5.7</AltitudeMeters>
      <DistanceMeters>1275.1</DistanceMeters>
      <HeartRateBpm>
       <Value>121</Value>
      </HeartRateBpm>
      <Extensions>
       <TPX xmlns="http://www.garmin.com/xmlschemas/ActivityExtension/v2">
        <Speed>1.4</Speed>
       </TPX>
      </Extensions>
     </Trackpoint>
     <Trackpoint>
      <Time>2026-08-01T11:22:12Z</Time>
      <Position>
       <LatitudeDegrees>5.2373130</LatitudeDegrees>
       <LongitudeDegrees>100.4367110</LongitudeDegrees>
      </Position>
      <AltitudeMeters>5.7</AltitudeMeters>
      <DistanceMeters>1275.1</DistanceMeters>
      <HeartRateBpm>
       <Value>121</Value>
      </HeartRateBpm>
      <Extensions>
       <TPX xmlns="http://www.garmin.com/xmlschemas/ActivityExtension/v2">
        <Speed>1.1</Speed>
       </TPX>
      </Extensions>
     </Trackpoint>
     <Trackpoint>
      <Time>2026-08-01T11:22:13Z</Time>
      <Position>
       <LatitudeDegrees>5.2373160</LatitudeDegrees>
       <LongitudeDegrees>100.4367280</LongitudeDegrees>
      </Position>
      <AltitudeMeters>5.8</AltitudeMeters>
      <DistanceMeters>1278.5</DistanceMeters>
      <HeartRateBpm>
       <Value>120</Value>
      </HeartRateBpm>
      <Extensions>
       <TPX xmlns="http://www.garmin.com/xmlschemas/ActivityExtension/v2">
        <Speed>1.4</Speed>
       </TPX>
      </Extensions>
     </Trackpoint>
     <Trackpoint>
      <Time>2026-08-01T11:22:14Z</Time>
      <Position>
       <LatitudeDegrees>5.2373180</LatitudeDegrees>
       <LongitudeDegrees>100.4367370</LongitudeDegrees>
      </Position>
      <AltitudeMeters>5.8</AltitudeMeters>
      <DistanceMeters>1278.5</DistanceMeters>
      <HeartRateBpm>
       <Value>120</Value>
      </HeartRateBpm>
      <Extensions>
       <TPX xmlns="http://www.garmin.com/xmlschemas/ActivityExtension/v2">
        <Speed>1.4</Speed>
       </TPX>
      </Extensions>
     </Trackpoint>
     <Trackpoint>
      <Time>2026-08-01T11:22:15Z</Time>
      <Position>
       <LatitudeDegrees>5.2373210</LatitudeDegrees>
       <LongitudeDegrees>100.4367480</LongitudeDegrees>
      </Position>
      <AltitudeMeters>5.8</AltitudeMeters>
      <DistanceMeters>1278.5</DistanceMeters>
      <HeartRateBpm>
       <Value>120</Value>
      </HeartRateBpm>
      <Extensions>
       <TPX xmlns="http://www.garmin.com/xmlschemas/ActivityExtension/v2">
        <Speed>0.7</Speed>
       </TPX>
      </Extensions>
     </Trackpoint>
     <Trackpoint>
      <Time>2026-08-01T11:22:16Z</Time>
      <Position>
       <LatitudeDegrees>5.2373240</LatitudeDegrees>
       <LongitudeDegrees>100.4367600</LongitudeDegrees>
      </Position>
      <AltitudeMeters>5.8</AltitudeMeters>
      <DistanceMeters>1282.1</DistanceMeters>
      <HeartRateBpm>
       <Value>120</Value>
      </HeartRateBpm>
      <Extensions>
       <TPX xmlns="http://www.garmin.com/xmlschemas/ActivityExtension/v2">
        <Speed>1.4</Speed>
       </TPX>
      </Extensions>
     </Trackpoint>
     <Trackpoint>
      <Time>2026-08-01T11:22:17Z</Time>
      <Position>
       <LatitudeDegrees>5.2373270</LatitudeDegrees>
       <LongitudeDegrees>100.4367710</LongitudeDegrees>
      </Position>
      <AltitudeMeters>5.8</AltitudeMeters>
      <DistanceMeters>1282.1</DistanceMeters>
      <HeartRateBpm>
       <Value>120</Value>
      </HeartRateBpm>
      <Extensions>
       <TPX xmlns="http://www.garmin.com/xmlschemas/ActivityExtension/v2">
        <Speed>1.4</Speed>
       </TPX>
      </Extensions>
     </Trackpoint>
     <Trackpoint>
      <Time>2026-08-01T11:22:18Z</Time>
      <Position>
       <LatitudeDegrees>5.2373280</LatitudeDegrees>
       <LongitudeDegrees>100.4367830</LongitudeDegrees>
      </Position>
      <AltitudeMeters>5.8</AltitudeMeters>
      <DistanceMeters>1282.1</DistanceMeters>
      <HeartRateBpm>
       <Value>119</Value>
      </HeartRateBpm>
      <Extensions>
       <TPX xmlns="http://www.garmin.com/xmlschemas/ActivityExtension/v2">
        <Speed>0.7</Speed>
       </TPX>
      </Extensions>
     </Trackpoint>
     <Trackpoint>
      <Time>2026-08-01T11:22:19Z</Time>
      <Position>
       <LatitudeDegrees>5.2373310</LatitudeDegrees>
       <LongitudeDegrees>100.4367940</LongitudeDegrees>
      </Position>
      <AltitudeMeters>5.8</AltitudeMeters>
      <DistanceMeters>1286.0</DistanceMeters>
      <HeartRateBpm>
       <Value>118</Value>
      </HeartRateBpm>
      <Extensions>
       <TPX xmlns="http://www.garmin.com/xmlschemas/ActivityExtension/v2">
        <Speed>1.5</Speed>
       </TPX>
      </Extensions>
     </Trackpoint>
     <Trackpoint>
      <Time>2026-08-01T11:22:20Z</Time>
      <Position>
       <LatitudeDegrees>5.2373360</LatitudeDegrees>
       <LongitudeDegrees>100.4368110</LongitudeDegrees>
      </Position>
      <AltitudeMeters>5.8</AltitudeMeters>
      <DistanceMeters>1287.9</DistanceMeters>
      <HeartRateBpm>
       <Value>118</Value>
      </HeartRateBpm>
      <Extensions>
       <TPX xmlns="http://www.garmin.com/xmlschemas/ActivityExtension/v2">
        <Speed>1.9</Speed>
       </TPX>
      </Extensions>
     </Trackpoint>
     <Trackpoint>
      <Time>2026-08-01T11:22:21Z</Time>
      <Position>
       <LatitudeDegrees>5.2373380</LatitudeDegrees>
       <LongitudeDegrees>100.4368200</LongitudeDegrees>
      </Position>
      <AltitudeMeters>5.8</AltitudeMeters>
      <DistanceMeters>1288.9</DistanceMeters>
      <HeartRateBpm>
       <Value>119</Value>
      </HeartRateBpm>
      <Extensions>
       <TPX xmlns="http://www.garmin.com/xmlschemas/ActivityExtension/v2">
        <Speed>1.4</Speed>
       </TPX>
      </Extensions>
     </Trackpoint>
     <Trackpoint>
      <Time>2026-08-01T11:22:22Z</Time>
      <Position>
       <LatitudeDegrees>5.2373410</LatitudeDegrees>
       <LongitudeDegrees>100.4368320</LongitudeDegrees>
      </Position>
      <AltitudeMeters>5.8</AltitudeMeters>
      <DistanceMeters>1290.3</DistanceMeters>
      <HeartRateBpm>
       <Value>119</Value>
      </HeartRateBpm>
      <Extensions>
       <TPX xmlns="http://www.garmin.com/xmlschemas/ActivityExtension/v2">
        <Speed>1.6</Speed>
       </TPX>
      </Extensions>
     </Trackpoint>
     <Trackpoint>
      <Time>2026-08-01T11:22:23Z</Time>
      <Position>
       <LatitudeDegrees>5.2373440</LatitudeDegrees>
       <LongitudeDegrees>100.4368440</LongitudeDegrees>
      </Position>
      <AltitudeMeters>5.8</AltitudeMeters>
      <DistanceMeters>1291.7</DistanceMeters>
      <HeartRateBpm>
       <Value>118</Value>
      </HeartRateBpm>
      <Extensions>
       <TPX xmlns="http://www.garmin.com/xmlschemas/ActivityExtension/v2">
        <Speed>1.9</Speed>
       </TPX>
      </Extensions>
     </Trackpoint>
     <Trackpoint>
      <Time>2026-08-01T11:22:24Z</Time>
      <Position>
       <LatitudeDegrees>5.2373470</LatitudeDegrees>
       <LongitudeDegrees>100.4368560</LongitudeDegrees>
      </Position>
      <AltitudeMeters>5.8</AltitudeMeters>
      <DistanceMeters>1293.0</DistanceMeters>
      <HeartRateBpm>
       <Value>119</Value>
      </HeartRateBpm>
      <Extensions>
       <TPX xmlns="http://www.garmin.com/xmlschemas/ActivityExtension/v2">
        <Speed>1.4</Speed>
       </TPX>
      </Extensions>
     </Trackpoint>
     <Trackpoint>
      <Time>2026-08-01T11:22:25Z</Time>
      <Position>
       <LatitudeDegrees>5.2373490</LatitudeDegrees>
       <LongitudeDegrees>100.4368680</LongitudeDegrees>
      </Position>
      <AltitudeMeters>5.8</AltitudeMeters>
      <DistanceMeters>1294.4</DistanceMeters>
      <HeartRateBpm>
       <Value>119</Value>
      </HeartRateBpm>
      <Extensions>
       <TPX xmlns="http://www.garmin.com/xmlschemas/ActivityExtension/v2">
        <Speed>1.3</Speed>
       </TPX>
      </Extensions>
     </Trackpoint>
     <Trackpoint>
      <Time>2026-08-01T11:22:26Z</Time>
      <Position>
       <LatitudeDegrees>5.2373510</LatitudeDegrees>
       <LongitudeDegrees>100.4368790</LongitudeDegrees>
      </Position>
      <AltitudeMeters>5.8</AltitudeMeters>
      <DistanceMeters>1295.6</DistanceMeters>
      <HeartRateBpm>
       <Value>119</Value>
      </HeartRateBpm>
      <Extensions>
       <TPX xmlns="http://www.garmin.com/xmlschemas/ActivityExtension/v2">
        <Speed>1.3</Speed>
       </TPX>
      </Extensions>
     </Trackpoint>
     <Trackpoint>
      <Time>2026-08-01T11:22:27Z</Time>
      <Position>
       <LatitudeDegrees>5.2373550</LatitudeDegrees>
       <LongitudeDegrees>100.4368910</LongitudeDegrees>
      </Position>
      <AltitudeMeters>5.8</AltitudeMeters>
      <DistanceMeters>1297.0</DistanceMeters>
      <HeartRateBpm>
       <Value>119</Value>
      </HeartRateBpm>
      <Extensions>
       <TPX xmlns="http://www.garmin.com/xmlschemas/ActivityExtension/v2">
        <Speed>1.3</Speed>
       </TPX>
      </Extensions>
     </Trackpoint>
     <Trackpoint>
      <Time>2026-08-01T11:22:28Z</Time>
      <Position>
       <LatitudeDegrees>5.2373570</LatitudeDegrees>
       <LongitudeDegrees>100.4369040</LongitudeDegrees>
      </Position>
      <AltitudeMeters>5.8</AltitudeMeters>
      <DistanceMeters>1298.5</DistanceMeters>
      <HeartRateBpm>
       <Value>119</Value>
      </HeartRateBpm>
      <Extensions>
       <TPX xmlns="http://www.garmin.com/xmlschemas/ActivityExtension/v2">
        <Speed>1.4</Speed>
       </TPX>
      </Extensions>
     </Trackpoint>
     <Trackpoint>
      <Time>2026-08-01T11:22:29Z</Time>
      <Position>
       <LatitudeDegrees>5.2373600</LatitudeDegrees>
       <LongitudeDegrees>100.4369150</LongitudeDegrees>
      </Position>
      <AltitudeMeters>5.8</AltitudeMeters>
      <DistanceMeters>1299.8</DistanceMeters>
      <HeartRateBpm>
       <Value>119</Value>
      </HeartRateBpm>
      <Extensions>
       <TPX xmlns="http://www.garmin.com/xmlschemas/ActivityExtension/v2">
        <Speed>1.3</Speed>
       </TPX>
      </Extensions>
     </Trackpoint>
     <Trackpoint>
      <Time>2026-08-01T11:22:30Z</Time>
      <Position>
       <LatitudeDegrees>5.2373650</LatitudeDegrees>
       <LongitudeDegrees>100.4369280</LongitudeDegrees>
      </Position>
      <AltitudeMeters>5.8</AltitudeMeters>
      <DistanceMeters>1301.3</DistanceMeters>
      <HeartRateBpm>
       <Value>119</Value>
      </HeartRateBpm>
      <Extensions>
       <TPX xmlns="http://www.garmin.com/xmlschemas/ActivityExtension/v2">
        <Speed>1.4</Speed>
       </TPX>
      </Extensions>
     </Trackpoint>
     <Trackpoint>
      <Time>2026-08-01T11:22:31Z</Time>
      <Position>
       <LatitudeDegrees>5.2373680</LatitudeDegrees>
       <LongitudeDegrees>100.4369400</LongitudeDegrees>
      </Position>
      <AltitudeMeters>5.8</AltitudeMeters>
      <DistanceMeters>1302.7</DistanceMeters>
      <HeartRateBpm>
       <Value>118</Value>
      </HeartRateBpm>
      <Extensions>
       <TPX xmlns="http://www.garmin.com/xmlschemas/ActivityExtension/v2">
        <Speed>1.4</Speed>
       </TPX>
      </Extensions>
     </Trackpoint>
     <Trackpoint>
      <Time>2026-08-01T11:22:32Z</Time>
      <Position>
       <LatitudeDegrees>5.2373700</LatitudeDegrees>
       <LongitudeDegrees>100.4369530</LongitudeDegrees>
      </Position>
      <AltitudeMeters>5.8</AltitudeMeters>
      <DistanceMeters>1304.2</DistanceMeters>
      <HeartRateBpm>
       <Value>118</Value>
      </HeartRateBpm>
      <Extensions>
       <TPX xmlns="http://www.garmin.com/xmlschemas/ActivityExtension/v2">
        <Speed>1.4</Speed>
       </TPX>
      </Extensions>
     </Trackpoint>
     <Trackpoint>
      <Time>2026-08-01T11:22:33Z</Time>
      <Position>
       <LatitudeDegrees>5.2373730</LatitudeDegrees>
       <LongitudeDegrees>100.4369660</LongitudeDegrees>
      </Position>
      <AltitudeMeters>5.8</AltitudeMeters>
      <DistanceMeters>1305.6</DistanceMeters>
      <HeartRateBpm>
       <Value>118</Value>
      </HeartRateBpm>
      <Extensions>
       <TPX xmlns="http://www.garmin.com/xmlschemas/ActivityExtension/v2">
        <Speed>1.4</Speed>
       </TPX>
      </Extensions>
     </Trackpoint>
     <Trackpoint>
      <Time>2026-08-01T11:22:34Z</Time>
      <Position>
       <LatitudeDegrees>5.2373760</LatitudeDegrees>
       <LongitudeDegrees>100.4369790</LongitudeDegrees>
      </Position>
      <AltitudeMeters>5.8</AltitudeMeters>
      <DistanceMeters>1307.1</DistanceMeters>
      <HeartRateBpm>
       <Value>118</Value>
      </HeartRateBpm>
      <Extensions>
       <TPX xmlns="http://www.garmin.com/xmlschemas/ActivityExtension/v2">
        <Speed>1.5</Speed>
       </TPX>
      </Extensions>
     </Trackpoint>
     <Trackpoint>
      <Time>2026-08-01T11:22:35Z</Time>
      <Position>
       <LatitudeDegrees>5.2373790</LatitudeDegrees>
       <LongitudeDegrees>100.4369920</LongitudeDegrees>
      </Position>
      <AltitudeMeters>5.8</AltitudeMeters>
      <DistanceMeters>1308.6</DistanceMeters>
      <HeartRateBpm>
       <Value>118</Value>
      </HeartRateBpm>
      <Extensions>
       <TPX xmlns="http://www.garmin.com/xmlschemas/ActivityExtension/v2">
        <Speed>1.5</Speed>
       </TPX>
      </Extensions>
     </Trackpoint>
     <Trackpoint>
      <Time>2026-08-01T11:22:36Z</Time>
      <Position>
       <LatitudeDegrees>5.2373840</LatitudeDegrees>
       <LongitudeDegrees>100.4370040</LongitudeDegrees>
      </Position>
      <AltitudeMeters>5.8</AltitudeMeters>
      <DistanceMeters>1310.0</DistanceMeters>
      <HeartRateBpm>
       <Value>119</Value>
      </HeartRateBpm>
      <Extensions>
       <TPX xmlns="http://www.garmin.com/xmlschemas/ActivityExtension/v2">
        <Speed>1.5</Speed>
       </TPX>
      </Extensions>
     </Trackpoint>
     <Trackpoint>
      <Time>2026-08-01T11:22:37Z</Time>
      <Position>
       <LatitudeDegrees>5.2373890</LatitudeDegrees>
       <LongitudeDegrees>100.4370140</LongitudeDegrees>
      </Position>
      <AltitudeMeters>5.8</AltitudeMeters>
      <DistanceMeters>1311.3</DistanceMeters>
      <HeartRateBpm>
       <Value>119</Value>
      </HeartRateBpm>
      <Extensions>
       <TPX xmlns="http://www.garmin.com/xmlschemas/ActivityExtension/v2">
        <Speed>1.4</Speed>
       </TPX>
      </Extensions>
     </Trackpoint>
     <Trackpoint>
      <Time>2026-08-01T11:22:38Z</Time>
      <Position>
       <LatitudeDegrees>5.2373940</LatitudeDegrees>
       <LongitudeDegrees>100.4370250</LongitudeDegrees>
      </Position>
      <AltitudeMeters>5.8</AltitudeMeters>
      <DistanceMeters>1312.6</DistanceMeters>
      <HeartRateBpm>
       <Value>119</Value>
      </HeartRateBpm>
      <Extensions>
       <TPX xmlns="http://www.garmin.com/xmlschemas/ActivityExtension/v2">
        <Speed>1.4</Speed>
       </TPX>
      </Extensions>
     </Trackpoint>
     <Trackpoint>
      <Time>2026-08-01T11:22:39Z</Time>
      <Position>
       <LatitudeDegrees>5.2373980</LatitudeDegrees>
       <LongitudeDegrees>100.4370370</LongitudeDegrees>
      </Position>
      <AltitudeMeters>5.8</AltitudeMeters>
      <DistanceMeters>1314.0</DistanceMeters>
      <HeartRateBpm>
       <Value>118</Value>
      </HeartRateBpm>
      <Extensions>
       <TPX xmlns="http://www.garmin.com/xmlschemas/ActivityExtension/v2">
        <Speed>1.4</Speed>
       </TPX>
      </Extensions>
     </Trackpoint>
     <Trackpoint>
      <Time>2026-08-01T11:22:40Z</Time>
      <Position>
       <LatitudeDegrees>5.2374050</LatitudeDegrees>
       <LongitudeDegrees>100.4370480</LongitudeDegrees>
      </Position>
      <AltitudeMeters>5.8</AltitudeMeters>
      <DistanceMeters>1315.4</DistanceMeters>
      <HeartRateBpm>
       <Value>118</Value>
      </HeartRateBpm>
      <Extensions>
       <TPX xmlns="http://www.garmin.com/xmlschemas/ActivityExtension/v2">
        <Speed>1.4</Speed>
       </TPX>
      </Extensions>
     </Trackpoint>
     <Trackpoint>
      <Time>2026-08-01T11:22:41Z</Time>
      <Position>
       <LatitudeDegrees>5.2374100</LatitudeDegrees>
       <LongitudeDegrees>100.4370600</LongitudeDegrees>
      </Position>
      <AltitudeMeters>5.8</AltitudeMeters>
      <DistanceMeters>1316.8</DistanceMeters>
      <HeartRateBpm>
       <Value>118</Value>
      </HeartRateBpm>
      <Extensions>
       <TPX xmlns="http://www.garmin.com/xmlschemas/ActivityExtension/v2">
        <Speed>1.4</Speed>
       </TPX>
      </Extensions>
     </Trackpoint>
     <Trackpoint>
      <Time>2026-08-01T11:22:42Z</Time>
      <Position>
       <LatitudeDegrees>5.2374150</LatitudeDegrees>
       <LongitudeDegrees>100.4370720</LongitudeDegrees>
      </Position>
      <AltitudeMeters>5.8</AltitudeMeters>
      <DistanceMeters>1318.2</DistanceMeters>
      <HeartRateBpm>
       <Value>118</Value>
      </HeartRateBpm>
      <Extensions>
       <TPX xmlns="http://www.garmin.com/xmlschemas/ActivityExtension/v2">
        <Speed>1.4</Speed>
       </TPX>
      </Extensions>
     </Trackpoint>
     <Trackpoint>
      <Time>2026-08-01T11:22:43Z</Time>
      <Position>
       <LatitudeDegrees>5.2374190</LatitudeDegrees>
       <LongitudeDegrees>100.4370840</LongitudeDegrees>
      </Position>
      <AltitudeMeters>5.8</AltitudeMeters>
      <DistanceMeters>1319.6</DistanceMeters>
      <HeartRateBpm>
       <Value>118</Value>
      </HeartRateBpm>
      <Extensions>
       <TPX xmlns="http://www.garmin.com/xmlschemas/ActivityExtension/v2">
        <Speed>1.4</Speed>
       </TPX>
      </Extensions>
     </Trackpoint>
     <Trackpoint>
      <Time>2026-08-01T11:22:44Z</Time>
      <Position>
       <LatitudeDegrees>5.2374210</LatitudeDegrees>
       <LongitudeDegrees>100.4370960</LongitudeDegrees>
      </Position>
      <AltitudeMeters>5.8</AltitudeMeters>
      <DistanceMeters>1321.0</DistanceMeters>
      <HeartRateBpm>
       <Value>118</Value>
      </HeartRateBpm>
      <Extensions>
       <TPX xmlns="http://www.garmin.com/xmlschemas/ActivityExtension/v2">
        <Speed>1.4</Speed>
       </TPX>
      </Extensions>
     </Trackpoint>
     <Trackpoint>
      <Time>2026-08-01T11:22:45Z</Time>
      <Position>
       <LatitudeDegrees>5.2374210</LatitudeDegrees>
       <LongitudeDegrees>100.4371090</LongitudeDegrees>
      </Position>
      <AltitudeMeters>5.8</AltitudeMeters>
      <DistanceMeters>1322.5</DistanceMeters>
      <HeartRateBpm>
       <Value>118</Value>
      </HeartRateBpm>
      <Extensions>
       <TPX xmlns="http://www.garmin.com/xmlschemas/ActivityExtension/v2">
        <Speed>1.4</Speed>
       </TPX>
      </Extensions>
     </Trackpoint>
     <Trackpoint>
      <Time>2026-08-01T11:22:46Z</Time>
      <Position>
       <LatitudeDegrees>5.2374240</LatitudeDegrees>
       <LongitudeDegrees>100.4371230</LongitudeDegrees>
      </Position>
      <AltitudeMeters>5.8</AltitudeMeters>
      <DistanceMeters>1324.1</DistanceMeters>
      <HeartRateBpm>
       <Value>119</Value>
      </HeartRateBpm>
      <Extensions>
       <TPX xmlns="http://www.garmin.com/xmlschemas/ActivityExtension/v2">
        <Speed>1.5</Speed>
       </TPX>
      </Extensions>
     </Trackpoint>
     <Trackpoint>
      <Time>2026-08-01T11:22:47Z</Time>
      <Position>
       <LatitudeDegrees>5.2374270</LatitudeDegrees>
       <LongitudeDegrees>100.4371360</LongitudeDegrees>
      </Position>
      <AltitudeMeters>5.8</AltitudeMeters>
      <DistanceMeters>1324.1</DistanceMeters>
      <HeartRateBpm>
       <Value>119</Value>
      </HeartRateBpm>
      <Extensions>
       <TPX xmlns="http://www.garmin.com/xmlschemas/ActivityExtension/v2">
        <Speed>1.2</Speed>
       </TPX>
      </Extensions>
     </Trackpoint>
     <Trackpoint>
      <Time>2026-08-01T11:22:48Z</Time>
      <Position>
       <LatitudeDegrees>5.2374340</LatitudeDegrees>
       <LongitudeDegrees>100.4371520</LongitudeDegrees>
      </Position>
      <AltitudeMeters>5.9</AltitudeMeters>
      <DistanceMeters>1327.5</DistanceMeters>
      <HeartRateBpm>
       <Value>119</Value>
      </HeartRateBpm>
      <Extensions>
       <TPX xmlns="http://www.garmin.com/xmlschemas/ActivityExtension/v2">
        <Speed>1.6</Speed>
       </TPX>
      </Extensions>
     </Trackpoint>
     <Trackpoint>
      <Time>2026-08-01T11:22:49Z</Time>
      <Position>
       <LatitudeDegrees>5.2374380</LatitudeDegrees>
       <LongitudeDegrees>100.4371640</LongitudeDegrees>
      </Position>
      <AltitudeMeters>5.9</AltitudeMeters>
      <DistanceMeters>1328.9</DistanceMeters>
      <HeartRateBpm>
       <Value>119</Value>
      </HeartRateBpm>
      <Extensions>
       <TPX xmlns="http://www.garmin.com/xmlschemas/ActivityExtension/v2">
        <Speed>1.6</Speed>
       </TPX>
      </Extensions>
     </Trackpoint>
     <Trackpoint>
      <Time>2026-08-01T11:22:50Z</Time>
      <Position>
       <LatitudeDegrees>5.2374390</LatitudeDegrees>
       <LongitudeDegrees>100.4371770</LongitudeDegrees>
      </Position>
      <AltitudeMeters>5.9</AltitudeMeters>
      <DistanceMeters>1330.3</DistanceMeters>
      <HeartRateBpm>
       <Value>120</Value>
      </HeartRateBpm>
      <Extensions>
       <TPX xmlns="http://www.garmin.com/xmlschemas/ActivityExtension/v2">
        <Speed>1.6</Speed>
       </TPX>
      </Extensions>
     </Trackpoint>
     <Trackpoint>
      <Time>2026-08-01T11:22:51Z</Time>
      <Position>
       <LatitudeDegrees>5.2374400</LatitudeDegrees>
       <LongitudeDegrees>100.4371900</LongitudeDegrees>
      </Position>
      <AltitudeMeters>5.9</AltitudeMeters>
      <DistanceMeters>1331.7</DistanceMeters>
      <HeartRateBpm>
       <Value>120</Value>
      </HeartRateBpm>
      <Extensions>
       <TPX xmlns="http://www.garmin.com/xmlschemas/ActivityExtension/v2">
        <Speed>1.5</Speed>
       </TPX>
      </Extensions>
     </Trackpoint>
     <Trackpoint>
      <Time>2026-08-01T11:22:52Z</Time>
      <Position>
       <LatitudeDegrees>5.2374430</LatitudeDegrees>
       <LongitudeDegrees>100.4372200</LongitudeDegrees>
      </Position>
      <AltitudeMeters>5.9</AltitudeMeters>
      <DistanceMeters>1335.0</DistanceMeters>
      <HeartRateBpm>
       <Value>120</Value>
      </HeartRateBpm>
      <Extensions>
       <TPX xmlns="http://www.garmin.com/xmlschemas/ActivityExtension/v2">
        <Speed>2.2</Speed>
       </TPX>
      </Extensions>
     </Trackpoint>
     <Trackpoint>
      <Time>2026-08-01T11:22:53Z</Time>
      <Position>
       <LatitudeDegrees>5.2374430</LatitudeDegrees>
       <LongitudeDegrees>100.4372200</LongitudeDegrees>
      </Position>
      <AltitudeMeters>5.9</AltitudeMeters>
      <DistanceMeters>1335.0</DistanceMeters>
      <HeartRateBpm>
       <Value>120</Value>
      </HeartRateBpm>
      <Extensions>
       <TPX xmlns="http://www.garmin.com/xmlschemas/ActivityExtension/v2">
        <Speed>1.5</Speed>
       </TPX>
      </Extensions>
     </Trackpoint>
     <Trackpoint>
      <Time>2026-08-01T11:22:54Z</Time>
      <Position>
       <LatitudeDegrees>5.2374450</LatitudeDegrees>
       <LongitudeDegrees>100.4372270</LongitudeDegrees>
      </Position>
      <AltitudeMeters>5.9</AltitudeMeters>
      <DistanceMeters>1335.0</DistanceMeters>
      <HeartRateBpm>
       <Value>119</Value>
      </HeartRateBpm>
      <Extensions>
       <TPX xmlns="http://www.garmin.com/xmlschemas/ActivityExtension/v2">
        <Speed>1.2</Speed>
       </TPX>
      </Extensions>
     </Trackpoint>
     <Trackpoint>
      <Time>2026-08-01T11:22:55Z</Time>
      <Position>
       <LatitudeDegrees>5.2374470</LatitudeDegrees>
       <LongitudeDegrees>100.4372360</LongitudeDegrees>
      </Position>
      <AltitudeMeters>5.9</AltitudeMeters>
      <DistanceMeters>1335.0</DistanceMeters>
      <HeartRateBpm>
       <Value>119</Value>
      </HeartRateBpm>
      <Extensions>
       <TPX xmlns="http://www.garmin.com/xmlschemas/ActivityExtension/v2">
        <Speed>0.9</Speed>
       </TPX>
      </Extensions>
     </Trackpoint>
     <Trackpoint>
      <Time>2026-08-01T11:22:56Z</Time>
      <Position>
       <LatitudeDegrees>5.2374480</LatitudeDegrees>
       <LongitudeDegrees>100.4372460</LongitudeDegrees>
      </Position>
      <AltitudeMeters>5.9</AltitudeMeters>
      <DistanceMeters>1338.0</DistanceMeters>
      <HeartRateBpm>
       <Value>118</Value>
      </HeartRateBpm>
      <Extensions>
       <TPX xmlns="http://www.garmin.com/xmlschemas/ActivityExtension/v2">
        <Speed>1.3</Speed>
       </TPX>
      </Extensions>
     </Trackpoint>
     <Trackpoint>
      <Time>2026-08-01T11:22:57Z</Time>
      <Position>
       <LatitudeDegrees>5.2374500</LatitudeDegrees>
       <LongitudeDegrees>100.4372570</LongitudeDegrees>
      </Position>
      <AltitudeMeters>5.9</AltitudeMeters>
      <DistanceMeters>1338.0</DistanceMeters>
      <HeartRateBpm>
       <Value>118</Value>
      </HeartRateBpm>
      <Extensions>
       <TPX xmlns="http://www.garmin.com/xmlschemas/ActivityExtension/v2">
        <Speed>0.6</Speed>
       </TPX>
      </Extensions>
     </Trackpoint>
     <Trackpoint>
      <Time>2026-08-01T11:22:58Z</Time>
      <Position>
       <LatitudeDegrees>5.2374530</LatitudeDegrees>
       <LongitudeDegrees>100.4372680</LongitudeDegrees>
      </Position>
      <AltitudeMeters>5.9</AltitudeMeters>
      <DistanceMeters>1338.0</DistanceMeters>
      <HeartRateBpm>
       <Value>118</Value>
      </HeartRateBpm>
      <Extensions>
       <TPX xmlns="http://www.garmin.com/xmlschemas/ActivityExtension/v2">
        <Speed>0.6</Speed>
       </TPX>
      </Extensions>
     </Trackpoint>
     <Trackpoint>
      <Time>2026-08-01T11:22:59Z</Time>
      <Position>
       <LatitudeDegrees>5.2374580</LatitudeDegrees>
       <LongitudeDegrees>100.4372790</LongitudeDegrees>
      </Position>
      <AltitudeMeters>5.9</AltitudeMeters>
      <DistanceMeters>1341.8</DistanceMeters>
      <HeartRateBpm>
       <Value>119</Value>
      </HeartRateBpm>
      <Extensions>
       <TPX xmlns="http://www.garmin.com/xmlschemas/ActivityExtension/v2">
        <Speed>1.4</Speed>
       </TPX>
      </Extensions>
     </Trackpoint>
     <Trackpoint>
      <Time>2026-08-01T11:23:00Z</Time>
      <Position>
       <LatitudeDegrees>5.2374670</LatitudeDegrees>
       <LongitudeDegrees>100.4372960</LongitudeDegrees>
      </Position>
      <AltitudeMeters>5.9</AltitudeMeters>
      <DistanceMeters>1341.8</DistanceMeters>
      <HeartRateBpm>
       <Value>119</Value>
      </HeartRateBpm>
      <Extensions>
       <TPX xmlns="http://www.garmin.com/xmlschemas/ActivityExtension/v2">
        <Speed>1.4</Speed>
       </TPX>
      </Extensions>
     </Trackpoint>
     <Trackpoint>
      <Time>2026-08-01T11:23:01Z</Time>
      <Position>
       <LatitudeDegrees>5.2374720</LatitudeDegrees>
       <LongitudeDegrees>100.4373040</LongitudeDegrees>
      </Position>
      <AltitudeMeters>5.9</AltitudeMeters>
      <DistanceMeters>1345.0</DistanceMeters>
      <HeartRateBpm>
       <Value>120</Value>
      </HeartRateBpm>
      <Extensions>
       <TPX xmlns="http://www.garmin.com/xmlschemas/ActivityExtension/v2">
        <Speed>1.4</Speed>
       </TPX>
      </Extensions>
     </Trackpoint>
     <Trackpoint>
      <Time>2026-08-01T11:23:02Z</Time>
      <Position>
       <LatitudeDegrees>5.2374780</LatitudeDegrees>
       <LongitudeDegrees>100.4373140</LongitudeDegrees>
      </Position>
      <AltitudeMeters>5.9</AltitudeMeters>
      <DistanceMeters>1345.0</DistanceMeters>
      <HeartRateBpm>
       <Value>121</Value>
      </HeartRateBpm>
      <Extensions>
       <TPX xmlns="http://www.garmin.com/xmlschemas/ActivityExtension/v2">
        <Speed>1.4</Speed>
       </TPX>
      </Extensions>
     </Trackpoint>
     <Trackpoint>
      <Time>2026-08-01T11:23:03Z</Time>
      <Position>
       <LatitudeDegrees>5.2374810</LatitudeDegrees>
       <LongitudeDegrees>100.4373240</LongitudeDegrees>
      </Position>
      <AltitudeMeters>5.9</AltitudeMeters>
      <DistanceMeters>1345.0</DistanceMeters>
      <HeartRateBpm>
       <Value>121</Value>
      </HeartRateBpm>
      <Extensions>
       <TPX xmlns="http://www.garmin.com/xmlschemas/ActivityExtension/v2">
        <Speed>1.4</Speed>
       </TPX>
      </Extensions>
     </Trackpoint>
     <Trackpoint>
      <Time>2026-08-01T11:23:04Z</Time>
      <Position>
       <LatitudeDegrees>5.2374850</LatitudeDegrees>
       <LongitudeDegrees>100.4373350</LongitudeDegrees>
      </Position>
      <AltitudeMeters>5.9</AltitudeMeters>
      <DistanceMeters>1348.8</DistanceMeters>
      <HeartRateBpm>
       <Value>121</Value>
      </HeartRateBpm>
      <Extensions>
       <TPX xmlns="http://www.garmin.com/xmlschemas/ActivityExtension/v2">
        <Speed>1.4</Speed>
       </TPX>
      </Extensions>
     </Trackpoint>
     <Trackpoint>
      <Time>2026-08-01T11:23:05Z</Time>
      <Position>
       <LatitudeDegrees>5.2375020</LatitudeDegrees>
       <LongitudeDegrees>100.4373570</LongitudeDegrees>
      </Position>
      <AltitudeMeters>5.9</AltitudeMeters>
      <DistanceMeters>1351.8</DistanceMeters>
      <HeartRateBpm>
       <Value>121</Value>
      </HeartRateBpm>
      <Extensions>
       <TPX xmlns="http://www.garmin.com/xmlschemas/ActivityExtension/v2">
        <Speed>2.0</Speed>
       </TPX>
      </Extensions>
     </Trackpoint>
     <Trackpoint>
      <Time>2026-08-01T11:23:06Z</Time>
      <Position>
       <LatitudeDegrees>5.2375020</LatitudeDegrees>
       <LongitudeDegrees>100.4373570</LongitudeDegrees>
      </Position>
      <AltitudeMeters>5.9</AltitudeMeters>
      <DistanceMeters>1351.8</DistanceMeters>
      <HeartRateBpm>
       <Value>119</Value>
      </HeartRateBpm>
      <Extensions>
       <TPX xmlns="http://www.garmin.com/xmlschemas/ActivityExtension/v2">
        <Speed>1.4</Speed>
       </TPX>
      </Extensions>
     </Trackpoint>
     <Trackpoint>
      <Time>2026-08-01T11:23:07Z</Time>
      <Position>
       <LatitudeDegrees>5.2375160</LatitudeDegrees>
       <LongitudeDegrees>100.4373760</LongitudeDegrees>
      </Position>
      <AltitudeMeters>5.9</AltitudeMeters>
      <DistanceMeters>1351.8</DistanceMeters>
      <HeartRateBpm>
       <Value>120</Value>
      </HeartRateBpm>
      <Extensions>
       <TPX xmlns="http://www.garmin.com/xmlschemas/ActivityExtension/v2">
        <Speed>1.4</Speed>
       </TPX>
      </Extensions>
     </Trackpoint>
     <Trackpoint>
      <Time>2026-08-01T11:23:08Z</Time>
      <Position>
       <LatitudeDegrees>5.2375220</LatitudeDegrees>
       <LongitudeDegrees>100.4373840</LongitudeDegrees>
      </Position>
      <AltitudeMeters>5.9</AltitudeMeters>
      <DistanceMeters>1355.5</DistanceMeters>
      <HeartRateBpm>
       <Value>120</Value>
      </HeartRateBpm>
      <Extensions>
       <TPX xmlns="http://www.garmin.com/xmlschemas/ActivityExtension/v2">
        <Speed>2.1</Speed>
       </TPX>
      </Extensions>
     </Trackpoint>
     <Trackpoint>
      <Time>2026-08-01T11:23:09Z</Time>
      <Position>
       <LatitudeDegrees>5.2375280</LatitudeDegrees>
       <LongitudeDegrees>100.4373950</LongitudeDegrees>
      </Position>
      <AltitudeMeters>5.9</AltitudeMeters>
      <DistanceMeters>1356.9</DistanceMeters>
      <HeartRateBpm>
       <Value>120</Value>
      </HeartRateBpm>
      <Extensions>
       <TPX xmlns="http://www.garmin.com/xmlschemas/ActivityExtension/v2">
        <Speed>1.6</Speed>
       </TPX>
      </Extensions>
     </Trackpoint>
     <Trackpoint>
      <Time>2026-08-01T11:23:10Z</Time>
      <Position>
       <LatitudeDegrees>5.2375340</LatitudeDegrees>
       <LongitudeDegrees>100.4374060</LongitudeDegrees>
      </Position>
      <AltitudeMeters>5.9</AltitudeMeters>
      <DistanceMeters>1358.3</DistanceMeters>
      <HeartRateBpm>
       <Value>120</Value>
      </HeartRateBpm>
      <Extensions>
       <TPX xmlns="http://www.garmin.com/xmlschemas/ActivityExtension/v2">
        <Speed>1.3</Speed>
       </TPX>
      </Extensions>
     </Trackpoint>
     <Trackpoint>
      <Time>2026-08-01T11:23:11Z</Time>
      <Position>
       <LatitudeDegrees>5.2375390</LatitudeDegrees>
       <LongitudeDegrees>100.4374180</LongitudeDegrees>
      </Position>
      <AltitudeMeters>5.9</AltitudeMeters>
      <DistanceMeters>1359.7</DistanceMeters>
      <HeartRateBpm>
       <Value>119</Value>
      </HeartRateBpm>
      <Extensions>
       <TPX xmlns="http://www.garmin.com/xmlschemas/ActivityExtension/v2">
        <Speed>1.6</Speed>
       </TPX>
      </Extensions>
     </Trackpoint>
     <Trackpoint>
      <Time>2026-08-01T11:23:12Z</Time>
      <Position>
       <LatitudeDegrees>5.2375440</LatitudeDegrees>
       <LongitudeDegrees>100.4374300</LongitudeDegrees>
      </Position>
      <AltitudeMeters>5.9</AltitudeMeters>
      <DistanceMeters>1359.7</DistanceMeters>
      <HeartRateBpm>
       <Value>119</Value>
      </HeartRateBpm>
      <Extensions>
       <TPX xmlns="http://www.garmin.com/xmlschemas/ActivityExtension/v2">
        <Speed>1.6</Speed>
       </TPX>
      </Extensions>
     </Trackpoint>
     <Trackpoint>
      <Time>2026-08-01T11:23:13Z</Time>
      <Position>
       <LatitudeDegrees>5.2375590</LatitudeDegrees>
       <LongitudeDegrees>100.4374390</LongitudeDegrees>
      </Position>
      <AltitudeMeters>5.9</AltitudeMeters>
      <DistanceMeters>1362.9</DistanceMeters>
      <HeartRateBpm>
       <Value>119</Value>
      </HeartRateBpm>
      <Extensions>
       <TPX xmlns="http://www.garmin.com/xmlschemas/ActivityExtension/v2">
        <Speed>1.5</Speed>
       </TPX>
      </Extensions>
     </Trackpoint>
     <Trackpoint>
      <Time>2026-08-01T11:23:14Z</Time>
      <Position>
       <LatitudeDegrees>5.2375640</LatitudeDegrees>
       <LongitudeDegrees>100.4374490</LongitudeDegrees>
      </Position>
      <AltitudeMeters>5.9</AltitudeMeters>
      <DistanceMeters>1364.1</DistanceMeters>
      <HeartRateBpm>
       <Value>119</Value>
      </HeartRateBpm>
      <Extensions>
       <TPX xmlns="http://www.garmin.com/xmlschemas/ActivityExtension/v2">
        <Speed>1.4</Speed>
       </TPX>
      </Extensions>
     </Trackpoint>
     <Trackpoint>
      <Time>2026-08-01T11:23:15Z</Time>
      <Position>
       <LatitudeDegrees>5.2375700</LatitudeDegrees>
       <LongitudeDegrees>100.4374600</LongitudeDegrees>
      </Position>
      <AltitudeMeters>5.9</AltitudeMeters>
      <DistanceMeters>1365.5</DistanceMeters>
      <HeartRateBpm>
       <Value>119</Value>
      </HeartRateBpm>
      <Extensions>
       <TPX xmlns="http://www.garmin.com/xmlschemas/ActivityExtension/v2">
        <Speed>1.4</Speed>
       </TPX>
      </Extensions>
     </Trackpoint>
     <Trackpoint>
      <Time>2026-08-01T11:23:16Z</Time>
      <Position>
       <LatitudeDegrees>5.2375740</LatitudeDegrees>
       <LongitudeDegrees>100.4374730</LongitudeDegrees>
      </Position>
      <AltitudeMeters>5.9</AltitudeMeters>
      <DistanceMeters>1367.0</DistanceMeters>
      <HeartRateBpm>
       <Value>119</Value>
      </HeartRateBpm>
      <Extensions>
       <TPX xmlns="http://www.garmin.com/xmlschemas/ActivityExtension/v2">
        <Speed>1.5</Speed>
       </TPX>
      </Extensions>
     </Trackpoint>
     <Trackpoint>
      <Time>2026-08-01T11:23:17Z</Time>
      <Position>
       <LatitudeDegrees>5.2375780</LatitudeDegrees>
       <LongitudeDegrees>100.4374850</LongitudeDegrees>
      </Position>
      <AltitudeMeters>5.9</AltitudeMeters>
      <DistanceMeters>1367.0</DistanceMeters>
      <HeartRateBpm>
       <Value>119</Value>
      </HeartRateBpm>
      <Extensions>
       <TPX xmlns="http://www.garmin.com/xmlschemas/ActivityExtension/v2">
        <Speed>1.5</Speed>
       </TPX>
      </Extensions>
     </Trackpoint>
     <Trackpoint>
      <Time>2026-08-01T11:23:18Z</Time>
      <Position>
       <LatitudeDegrees>5.2375820</LatitudeDegrees>
       <LongitudeDegrees>100.4374960</LongitudeDegrees>
      </Position>
      <AltitudeMeters>5.9</AltitudeMeters>
      <DistanceMeters>1367.0</DistanceMeters>
      <HeartRateBpm>
       <Value>118</Value>
      </HeartRateBpm>
      <Extensions>
       <TPX xmlns="http://www.garmin.com/xmlschemas/ActivityExtension/v2">
        <Speed>0.8</Speed>
       </TPX>
      </Extensions>
     </Trackpoint>
     <Trackpoint>
      <Time>2026-08-01T11:23:19Z</Time>
      <Position>
       <LatitudeDegrees>5.2375840</LatitudeDegrees>
       <LongitudeDegrees>100.4375010</LongitudeDegrees>
      </Position>
      <AltitudeMeters>5.9</AltitudeMeters>
      <DistanceMeters>1370.3</DistanceMeters>
      <HeartRateBpm>
       <Value>117</Value>
      </HeartRateBpm>
      <Extensions>
       <TPX xmlns="http://www.garmin.com/xmlschemas/ActivityExtension/v2">
        <Speed>1.2</Speed>
       </TPX>
      </Extensions>
     </Trackpoint>
     <Trackpoint>
      <Time>2026-08-01T11:23:20Z</Time>
      <Position>
       <LatitudeDegrees>5.2376030</LatitudeDegrees>
       <LongitudeDegrees>100.4375200</LongitudeDegrees>
      </Position>
      <AltitudeMeters>5.9</AltitudeMeters>
      <DistanceMeters>1373.2</DistanceMeters>
      <HeartRateBpm>
       <Value>117</Value>
      </HeartRateBpm>
      <Extensions>
       <TPX xmlns="http://www.garmin.com/xmlschemas/ActivityExtension/v2">
        <Speed>1.5</Speed>
       </TPX>
      </Extensions>
     </Trackpoint>
     <Trackpoint>
      <Time>2026-08-01T11:23:21Z</Time>
      <Position>
       <LatitudeDegrees>5.2376070</LatitudeDegrees>
       <LongitudeDegrees>100.4375300</LongitudeDegrees>
      </Position>
      <AltitudeMeters>5.9</AltitudeMeters>
      <DistanceMeters>1374.4</DistanceMeters>
      <HeartRateBpm>
       <Value>117</Value>
      </HeartRateBpm>
      <Extensions>
       <TPX xmlns="http://www.garmin.com/xmlschemas/ActivityExtension/v2">
        <Speed>1.5</Speed>
       </TPX>
      </Extensions>
     </Trackpoint>
     <Trackpoint>
      <Time>2026-08-01T11:23:22Z</Time>
      <Position>
       <LatitudeDegrees>5.2376090</LatitudeDegrees>
       <LongitudeDegrees>100.4375400</LongitudeDegrees>
      </Position>
      <AltitudeMeters>5.9</AltitudeMeters>
      <DistanceMeters>1374.4</DistanceMeters>
      <HeartRateBpm>
       <Value>116</Value>
      </HeartRateBpm>
      <Extensions>
       <TPX xmlns="http://www.garmin.com/xmlschemas/ActivityExtension/v2">
        <Speed>1.5</Speed>
       </TPX>
      </Extensions>
     </Trackpoint>
     <Trackpoint>
      <Time>2026-08-01T11:23:23Z</Time>
      <Position>
       <LatitudeDegrees>5.2376110</LatitudeDegrees>
       <LongitudeDegrees>100.4375530</LongitudeDegrees>
      </Position>
      <AltitudeMeters>5.9</AltitudeMeters>
      <DistanceMeters>1374.4</DistanceMeters>
      <HeartRateBpm>
       <Value>116</Value>
      </HeartRateBpm>
      <Extensions>
       <TPX xmlns="http://www.garmin.com/xmlschemas/ActivityExtension/v2">
        <Speed>1.5</Speed>
       </TPX>
      </Extensions>
     </Trackpoint>
     <Trackpoint>
      <Time>2026-08-01T11:23:24Z</Time>
      <Position>
       <LatitudeDegrees>5.2376140</LatitudeDegrees>
       <LongitudeDegrees>100.4375650</LongitudeDegrees>
      </Position>
      <AltitudeMeters>5.9</AltitudeMeters>
      <DistanceMeters>1378.3</DistanceMeters>
      <HeartRateBpm>
       <Value>116</Value>
      </HeartRateBpm>
      <Extensions>
       <TPX xmlns="http://www.garmin.com/xmlschemas/ActivityExtension/v2">
        <Speed>1.6</Speed>
       </TPX>
      </Extensions>
     </Trackpoint>
     <Trackpoint>
      <Time>2026-08-01T11:23:25Z</Time>
      <Position>
       <LatitudeDegrees>5.2376170</LatitudeDegrees>
       <LongitudeDegrees>100.4375760</LongitudeDegrees>
      </Position>
      <AltitudeMeters>5.9</AltitudeMeters>
      <DistanceMeters>1378.3</DistanceMeters>
      <HeartRateBpm>
       <Value>116</Value>
      </HeartRateBpm>
      <Extensions>
       <TPX xmlns="http://www.garmin.com/xmlschemas/ActivityExtension/v2">
        <Speed>1.0</Speed>
       </TPX>
      </Extensions>
     </Trackpoint>
     <Trackpoint>
      <Time>2026-08-01T11:23:26Z</Time>
      <Position>
       <LatitudeDegrees>5.2376200</LatitudeDegrees>
       <LongitudeDegrees>100.4375880</LongitudeDegrees>
      </Position>
      <AltitudeMeters>5.9</AltitudeMeters>
      <DistanceMeters>1378.3</DistanceMeters>
      <HeartRateBpm>
       <Value>117</Value>
      </HeartRateBpm>
      <Extensions>
       <TPX xmlns="http://www.garmin.com/xmlschemas/ActivityExtension/v2">
        <Speed>0.8</Speed>
       </TPX>
      </Extensions>
     </Trackpoint>
     <Trackpoint>
      <Time>2026-08-01T11:23:27Z</Time>
      <Position>
       <LatitudeDegrees>5.2376370</LatitudeDegrees>
       <LongitudeDegrees>100.4375890</LongitudeDegrees>
      </Position>
      <AltitudeMeters>5.9</AltitudeMeters>
      <DistanceMeters>1382.1</DistanceMeters>
      <HeartRateBpm>
       <Value>117</Value>
      </HeartRateBpm>
      <Extensions>
       <TPX xmlns="http://www.garmin.com/xmlschemas/ActivityExtension/v2">
        <Speed>1.5</Speed>
       </TPX>
      </Extensions>
     </Trackpoint>
     <Trackpoint>
      <Time>2026-08-01T11:23:28Z</Time>
      <Position>
       <LatitudeDegrees>5.2376390</LatitudeDegrees>
       <LongitudeDegrees>100.4376000</LongitudeDegrees>
      </Position>
      <AltitudeMeters>5.9</AltitudeMeters>
      <DistanceMeters>1382.1</DistanceMeters>
      <HeartRateBpm>
       <Value>117</Value>
      </HeartRateBpm>
      <Extensions>
       <TPX xmlns="http://www.garmin.com/xmlschemas/ActivityExtension/v2">
        <Speed>1.5</Speed>
       </TPX>
      </Extensions>
     </Trackpoint>
     <Trackpoint>
      <Time>2026-08-01T11:23:29Z</Time>
      <Position>
       <LatitudeDegrees>5.2376420</LatitudeDegrees>
       <LongitudeDegrees>100.4376120</LongitudeDegrees>
      </Position>
      <AltitudeMeters>5.9</AltitudeMeters>
      <DistanceMeters>1382.1</DistanceMeters>
      <HeartRateBpm>
       <Value>117</Value>
      </HeartRateBpm>
      <Extensions>
       <TPX xmlns="http://www.garmin.com/xmlschemas/ActivityExtension/v2">
        <Speed>0.8</Speed>
       </TPX>
      </Extensions>
     </Trackpoint>
     <Trackpoint>
      <Time>2026-08-01T11:23:30Z</Time>
      <Position>
       <LatitudeDegrees>5.2376450</LatitudeDegrees>
       <LongitudeDegrees>100.4376250</LongitudeDegrees>
      </Position>
      <AltitudeMeters>5.9</AltitudeMeters>
      <DistanceMeters>1386.1</DistanceMeters>
      <HeartRateBpm>
       <Value>118</Value>
      </HeartRateBpm>
      <Extensions>
       <TPX xmlns="http://www.garmin.com/xmlschemas/ActivityExtension/v2">
        <Speed>1.6</Speed>
       </TPX>
      </Extensions>
     </Trackpoint>
     <Trackpoint>
      <Time>2026-08-01T11:23:31Z</Time>
      <Position>
       <LatitudeDegrees>5.2376500</LatitudeDegrees>
       <LongitudeDegrees>100.4376370</LongitudeDegrees>
      </Position>
      <AltitudeMeters>5.9</AltitudeMeters>
      <DistanceMeters>1387.6</DistanceMeters>
      <HeartRateBpm>
       <Value>117</Value>
      </HeartRateBpm>
      <Extensions>
       <TPX xmlns="http://www.garmin.com/xmlschemas/ActivityExtension/v2">
        <Speed>1.9</Speed>
       </TPX>
      </Extensions>
     </Trackpoint>
     <Trackpoint>
      <Time>2026-08-01T11:23:32Z</Time>
      <Position>
       <LatitudeDegrees>5.2376530</LatitudeDegrees>
       <LongitudeDegrees>100.4376490</LongitudeDegrees>
      </Position>
      <AltitudeMeters>5.9</AltitudeMeters>
      <DistanceMeters>1388.9</DistanceMeters>
      <HeartRateBpm>
       <Value>117</Value>
      </HeartRateBpm>
      <Extensions>
       <TPX xmlns="http://www.garmin.com/xmlschemas/ActivityExtension/v2">
        <Speed>1.4</Speed>
       </TPX>
      </Extensions>
     </Trackpoint>
     <Trackpoint>
      <Time>2026-08-01T11:23:33Z</Time>
      <Position>
       <LatitudeDegrees>5.2376600</LatitudeDegrees>
       <LongitudeDegrees>100.4376650</LongitudeDegrees>
      </Position>
      <AltitudeMeters>5.9</AltitudeMeters>
      <DistanceMeters>1390.9</DistanceMeters>
      <HeartRateBpm>
       <Value>115</Value>
      </HeartRateBpm>
      <Extensions>
       <TPX xmlns="http://www.garmin.com/xmlschemas/ActivityExtension/v2">
        <Speed>1.8</Speed>
       </TPX>
      </Extensions>
     </Trackpoint>
     <Trackpoint>
      <Time>2026-08-01T11:23:34Z</Time>
      <Position>
       <LatitudeDegrees>5.2376640</LatitudeDegrees>
       <LongitudeDegrees>100.4376720</LongitudeDegrees>
      </Position>
      <AltitudeMeters>5.9</AltitudeMeters>
      <DistanceMeters>1390.9</DistanceMeters>
      <HeartRateBpm>
       <Value>114</Value>
      </HeartRateBpm>
      <Extensions>
       <TPX xmlns="http://www.garmin.com/xmlschemas/ActivityExtension/v2">
        <Speed>1.8</Speed>
       </TPX>
      </Extensions>
     </Trackpoint>
     <Trackpoint>
      <Time>2026-08-01T11:23:35Z</Time>
      <Position>
       <LatitudeDegrees>5.2376680</LatitudeDegrees>
       <LongitudeDegrees>100.4376810</LongitudeDegrees>
      </Position>
      <AltitudeMeters>5.9</AltitudeMeters>
      <DistanceMeters>1390.9</DistanceMeters>
      <HeartRateBpm>
       <Value>115</Value>
      </HeartRateBpm>
      <Extensions>
       <TPX xmlns="http://www.garmin.com/xmlschemas/ActivityExtension/v2">
        <Speed>1.0</Speed>
       </TPX>
      </Extensions>
     </Trackpoint>
     <Trackpoint>
      <Time>2026-08-01T11:23:36Z</Time>
      <Position>
       <LatitudeDegrees>5.2376730</LatitudeDegrees>
       <LongitudeDegrees>100.4376920</LongitudeDegrees>
      </Position>
      <AltitudeMeters>5.9</AltitudeMeters>
      <DistanceMeters>1394.2</DistanceMeters>
      <HeartRateBpm>
       <Value>116</Value>
      </HeartRateBpm>
      <Extensions>
       <TPX xmlns="http://www.garmin.com/xmlschemas/ActivityExtension/v2">
        <Speed>1.3</Speed>
       </TPX>
      </Extensions>
     </Trackpoint>
     <Trackpoint>
      <Time>2026-08-01T11:23:37Z</Time>
      <Position>
       <LatitudeDegrees>5.2376770</LatitudeDegrees>
       <LongitudeDegrees>100.4377020</LongitudeDegrees>
      </Position>
      <AltitudeMeters>5.9</AltitudeMeters>
      <DistanceMeters>1394.2</DistanceMeters>
      <HeartRateBpm>
       <Value>118</Value>
      </HeartRateBpm>
      <Extensions>
       <TPX xmlns="http://www.garmin.com/xmlschemas/ActivityExtension/v2">
        <Speed>1.1</Speed>
       </TPX>
      </Extensions>
     </Trackpoint>
     <Trackpoint>
      <Time>2026-08-01T11:23:38Z</Time>
      <Position>
       <LatitudeDegrees>5.2376810</LatitudeDegrees>
       <LongitudeDegrees>100.4377130</LongitudeDegrees>
      </Position>
      <AltitudeMeters>5.9</AltitudeMeters>
      <DistanceMeters>1394.2</DistanceMeters>
      <HeartRateBpm>
       <Value>119</Value>
      </HeartRateBpm>
      <Extensions>
       <TPX xmlns="http://www.garmin.com/xmlschemas/ActivityExtension/v2">
        <Speed>0.7</Speed>
       </TPX>
      </Extensions>
     </Trackpoint>
     <Trackpoint>
      <Time>2026-08-01T11:23:39Z</Time>
      <Position>
       <LatitudeDegrees>5.2376860</LatitudeDegrees>
       <LongitudeDegrees>100.4377240</LongitudeDegrees>
      </Position>
      <AltitudeMeters>5.9</AltitudeMeters>
      <DistanceMeters>1398.0</DistanceMeters>
      <HeartRateBpm>
       <Value>118</Value>
      </HeartRateBpm>
      <Extensions>
       <TPX xmlns="http://www.garmin.com/xmlschemas/ActivityExtension/v2">
        <Speed>1.4</Speed>
       </TPX>
      </Extensions>
     </Trackpoint>
     <Trackpoint>
      <Time>2026-08-01T11:23:40Z</Time>
      <Position>
       <LatitudeDegrees>5.2376890</LatitudeDegrees>
       <LongitudeDegrees>100.4377350</LongitudeDegrees>
      </Position>
      <AltitudeMeters>5.9</AltitudeMeters>
      <DistanceMeters>1398.0</DistanceMeters>
      <HeartRateBpm>
       <Value>116</Value>
      </HeartRateBpm>
      <Extensions>
       <TPX xmlns="http://www.garmin.com/xmlschemas/ActivityExtension/v2">
        <Speed>1.4</Speed>
       </TPX>
      </Extensions>
     </Trackpoint>
     <Trackpoint>
      <Time>2026-08-01T11:23:41Z</Time>
      <Position>
       <LatitudeDegrees>5.2376920</LatitudeDegrees>
       <LongitudeDegrees>100.4377430</LongitudeDegrees>
      </Position>
      <AltitudeMeters>5.9</AltitudeMeters>
      <DistanceMeters>1398.0</DistanceMeters>
      <HeartRateBpm>
       <Value>116</Value>
      </HeartRateBpm>
      <Extensions>
       <TPX xmlns="http://www.garmin.com/xmlschemas/ActivityExtension/v2">
        <Speed>0.8</Speed>
       </TPX>
      </Extensions>
     </Trackpoint>
     <Trackpoint>
      <Time>2026-08-01T11:23:42Z</Time>
      <Position>
       <LatitudeDegrees>5.2376960</LatitudeDegrees>
       <LongitudeDegrees>100.4377540</LongitudeDegrees>
      </Position>
      <AltitudeMeters>5.9</AltitudeMeters>
      <DistanceMeters>1401.6</DistanceMeters>
      <HeartRateBpm>
       <Value>116</Value>
      </HeartRateBpm>
      <Extensions>
       <TPX xmlns="http://www.garmin.com/xmlschemas/ActivityExtension/v2">
        <Speed>1.5</Speed>
       </TPX>
      </Extensions>
     </Trackpoint>
     <Trackpoint>
      <Time>2026-08-01T11:23:43Z</Time>
      <Position>
       <LatitudeDegrees>5.2377010</LatitudeDegrees>
       <LongitudeDegrees>100.4377670</LongitudeDegrees>
      </Position>
      <AltitudeMeters>5.9</AltitudeMeters>
      <DistanceMeters>1403.1</DistanceMeters>
      <HeartRateBpm>
       <Value>115</Value>
      </HeartRateBpm>
      <Extensions>
       <TPX xmlns="http://www.garmin.com/xmlschemas/ActivityExtension/v2">
        <Speed>1.8</Speed>
       </TPX>
      </Extensions>
     </Trackpoint>
     <Trackpoint>
      <Time>2026-08-01T11:23:44Z</Time>
      <Position>
       <LatitudeDegrees>5.2377040</LatitudeDegrees>
       <LongitudeDegrees>100.4377790</LongitudeDegrees>
      </Position>
      <AltitudeMeters>5.9</AltitudeMeters>
      <DistanceMeters>1404.4</DistanceMeters>
      <HeartRateBpm>
       <Value>115</Value>
      </HeartRateBpm>
      <Extensions>
       <TPX xmlns="http://www.garmin.com/xmlschemas/ActivityExtension/v2">
        <Speed>1.3</Speed>
       </TPX>
      </Extensions>
     </Trackpoint>
     <Trackpoint>
      <Time>2026-08-01T11:23:45Z</Time>
      <Position>
       <LatitudeDegrees>5.2377080</LatitudeDegrees>
       <LongitudeDegrees>100.4377910</LongitudeDegrees>
      </Position>
      <AltitudeMeters>5.9</AltitudeMeters>
      <DistanceMeters>1405.8</DistanceMeters>
      <HeartRateBpm>
       <Value>115</Value>
      </HeartRateBpm>
      <Extensions>
       <TPX xmlns="http://www.garmin.com/xmlschemas/ActivityExtension/v2">
        <Speed>1.6</Speed>
       </TPX>
      </Extensions>
     </Trackpoint>
     <Trackpoint>
      <Time>2026-08-01T11:23:46Z</Time>
      <Position>
       <LatitudeDegrees>5.2377100</LatitudeDegrees>
       <LongitudeDegrees>100.4378030</LongitudeDegrees>
      </Position>
      <AltitudeMeters>5.9</AltitudeMeters>
      <DistanceMeters>1406.9</DistanceMeters>
      <HeartRateBpm>
       <Value>115</Value>
      </HeartRateBpm>
      <Extensions>
       <TPX xmlns="http://www.garmin.com/xmlschemas/ActivityExtension/v2">
        <Speed>1.8</Speed>
       </TPX>
      </Extensions>
     </Trackpoint>
     <Trackpoint>
      <Time>2026-08-01T11:23:47Z</Time>
      <Position>
       <LatitudeDegrees>5.2377140</LatitudeDegrees>
       <LongitudeDegrees>100.4378170</LongitudeDegrees>
      </Position>
      <AltitudeMeters>5.9</AltitudeMeters>
      <DistanceMeters>1408.1</DistanceMeters>
      <HeartRateBpm>
       <Value>115</Value>
      </HeartRateBpm>
      <Extensions>
       <TPX xmlns="http://www.garmin.com/xmlschemas/ActivityExtension/v2">
        <Speed>1.3</Speed>
       </TPX>
      </Extensions>
     </Trackpoint>
     <Trackpoint>
      <Time>2026-08-01T11:23:48Z</Time>
      <Position>
       <LatitudeDegrees>5.2377180</LatitudeDegrees>
       <LongitudeDegrees>100.4378420</LongitudeDegrees>
      </Position>
      <AltitudeMeters>5.9</AltitudeMeters>
      <DistanceMeters>1410.3</DistanceMeters>
      <HeartRateBpm>
       <Value>115</Value>
      </HeartRateBpm>
      <Extensions>
       <TPX xmlns="http://www.garmin.com/xmlschemas/ActivityExtension/v2">
        <Speed>1.4</Speed>
       </TPX>
      </Extensions>
     </Trackpoint>
     <Trackpoint>
      <Time>2026-08-01T11:23:49Z</Time>
      <Position>
       <LatitudeDegrees>5.2377180</LatitudeDegrees>
       <LongitudeDegrees>100.4378420</LongitudeDegrees>
      </Position>
      <AltitudeMeters>5.9</AltitudeMeters>
      <DistanceMeters>1410.3</DistanceMeters>
      <HeartRateBpm>
       <Value>115</Value>
      </HeartRateBpm>
      <Extensions>
       <TPX xmlns="http://www.garmin.com/xmlschemas/ActivityExtension/v2">
        <Speed>1.2</Speed>
       </TPX>
      </Extensions>
     </Trackpoint>
     <Trackpoint>
      <Time>2026-08-01T11:23:50Z</Time>
      <Position>
       <LatitudeDegrees>5.2377220</LatitudeDegrees>
       <LongitudeDegrees>100.4378560</LongitudeDegrees>
      </Position>
      <AltitudeMeters>5.9</AltitudeMeters>
      <DistanceMeters>1412.6</DistanceMeters>
      <HeartRateBpm>
       <Value>115</Value>
      </HeartRateBpm>
      <Extensions>
       <TPX xmlns="http://www.garmin.com/xmlschemas/ActivityExtension/v2">
        <Speed>1.4</Speed>
       </TPX>
      </Extensions>
     </Trackpoint>
     <Trackpoint>
      <Time>2026-08-01T11:23:51Z</Time>
      <Position>
       <LatitudeDegrees>5.2377250</LatitudeDegrees>
       <LongitudeDegrees>100.4378680</LongitudeDegrees>
      </Position>
      <AltitudeMeters>5.9</AltitudeMeters>
      <DistanceMeters>1414.6</DistanceMeters>
      <HeartRateBpm>
       <Value>115</Value>
      </HeartRateBpm>
      <Extensions>
       <TPX xmlns="http://www.garmin.com/xmlschemas/ActivityExtension/v2">
        <Speed>1.6</Speed>
       </TPX>
      </Extensions>
     </Trackpoint>
     <Trackpoint>
      <Time>2026-08-01T11:23:52Z</Time>
      <Position>
       <LatitudeDegrees>5.2377280</LatitudeDegrees>
       <LongitudeDegrees>100.4378800</LongitudeDegrees>
      </Position>
      <AltitudeMeters>5.9</AltitudeMeters>
      <DistanceMeters>1414.6</DistanceMeters>
      <HeartRateBpm>
       <Value>116</Value>
      </HeartRateBpm>
      <Extensions>
       <TPX xmlns="http://www.garmin.com/xmlschemas/ActivityExtension/v2">
        <Speed>1.3</Speed>
       </TPX>
      </Extensions>
     </Trackpoint>
     <Trackpoint>
      <Time>2026-08-01T11:23:53Z</Time>
      <Position>
       <LatitudeDegrees>5.2377320</LatitudeDegrees>
       <LongitudeDegrees>100.4378970</LongitudeDegrees>
      </Position>
      <AltitudeMeters>5.9</AltitudeMeters>
      <DistanceMeters>1417.8</DistanceMeters>
      <HeartRateBpm>
       <Value>115</Value>
      </HeartRateBpm>
      <Extensions>
       <TPX xmlns="http://www.garmin.com/xmlschemas/ActivityExtension/v2">
        <Speed>1.5</Speed>
       </TPX>
      </Extensions>
     </Trackpoint>
     <Trackpoint>
      <Time>2026-08-01T11:23:54Z</Time>
      <Position>
       <LatitudeDegrees>5.2377340</LatitudeDegrees>
       <LongitudeDegrees>100.4379070</LongitudeDegrees>
      </Position>
      <AltitudeMeters>5.9</AltitudeMeters>
      <DistanceMeters>1417.8</DistanceMeters>
      <HeartRateBpm>
       <Value>115</Value>
      </HeartRateBpm>
      <Extensions>
       <TPX xmlns="http://www.garmin.com/xmlschemas/ActivityExtension/v2">
        <Speed>1.5</Speed>
       </TPX>
      </Extensions>
     </Trackpoint>
     <Trackpoint>
      <Time>2026-08-01T11:23:55Z</Time>
      <Position>
       <LatitudeDegrees>5.2377380</LatitudeDegrees>
       <LongitudeDegrees>100.4379180</LongitudeDegrees>
      </Position>
      <AltitudeMeters>5.9</AltitudeMeters>
      <DistanceMeters>1417.8</DistanceMeters>
      <HeartRateBpm>
       <Value>115</Value>
      </HeartRateBpm>
      <Extensions>
       <TPX xmlns="http://www.garmin.com/xmlschemas/ActivityExtension/v2">
        <Speed>1.0</Speed>
       </TPX>
      </Extensions>
     </Trackpoint>
     <Trackpoint>
      <Time>2026-08-01T11:23:56Z</Time>
      <Position>
       <LatitudeDegrees>5.2377420</LatitudeDegrees>
       <LongitudeDegrees>100.4379300</LongitudeDegrees>
      </Position>
      <AltitudeMeters>5.9</AltitudeMeters>
      <DistanceMeters>1421.7</DistanceMeters>
      <HeartRateBpm>
       <Value>116</Value>
      </HeartRateBpm>
      <Extensions>
       <TPX xmlns="http://www.garmin.com/xmlschemas/ActivityExtension/v2">
        <Speed>1.4</Speed>
       </TPX>
      </Extensions>
     </Trackpoint>
     <Trackpoint>
      <Time>2026-08-01T11:23:57Z</Time>
      <Position>
       <LatitudeDegrees>5.2377460</LatitudeDegrees>
       <LongitudeDegrees>100.4379420</LongitudeDegrees>
      </Position>
      <AltitudeMeters>5.9</AltitudeMeters>
      <DistanceMeters>1421.7</DistanceMeters>
      <HeartRateBpm>
       <Value>116</Value>
      </HeartRateBpm>
      <Extensions>
       <TPX xmlns="http://www.garmin.com/xmlschemas/ActivityExtension/v2">
        <Speed>1.4</Speed>
       </TPX>
      </Extensions>
     </Trackpoint>
     <Trackpoint>
      <Time>2026-08-01T11:23:58Z</Time>
      <Position>
       <LatitudeDegrees>5.2377500</LatitudeDegrees>
       <LongitudeDegrees>100.4379520</LongitudeDegrees>
      </Position>
      <AltitudeMeters>5.9</AltitudeMeters>
      <DistanceMeters>1421.7</DistanceMeters>
      <HeartRateBpm>
       <Value>116</Value>
      </HeartRateBpm>
      <Extensions>
       <TPX xmlns="http://www.garmin.com/xmlschemas/ActivityExtension/v2">
        <Speed>0.8</Speed>
       </TPX>
      </Extensions>
     </Trackpoint>
     <Trackpoint>
      <Time>2026-08-01T11:23:59Z</Time>
      <Position>
       <LatitudeDegrees>5.2377530</LatitudeDegrees>
       <LongitudeDegrees>100.4379560</LongitudeDegrees>
      </Position>
      <AltitudeMeters>5.9</AltitudeMeters>
      <DistanceMeters>1424.8</DistanceMeters>
      <HeartRateBpm>
       <Value>117</Value>
      </HeartRateBpm>
      <Extensions>
       <TPX xmlns="http://www.garmin.com/xmlschemas/ActivityExtension/v2">
        <Speed>1.4</Speed>
       </TPX>
      </Extensions>
     </Trackpoint>
     <Trackpoint>
      <Time>2026-08-01T11:24:00Z</Time>
      <Position>
       <LatitudeDegrees>5.2377640</LatitudeDegrees>
       <LongitudeDegrees>100.4379760</LongitudeDegrees>
      </Position>
      <AltitudeMeters>5.9</AltitudeMeters>
      <DistanceMeters>1424.8</DistanceMeters>
      <HeartRateBpm>
       <Value>117</Value>
      </HeartRateBpm>
      <Extensions>
       <TPX xmlns="http://www.garmin.com/xmlschemas/ActivityExtension/v2">
        <Speed>1.4</Speed>
       </TPX>
      </Extensions>
     </Trackpoint>
     <Trackpoint>
      <Time>2026-08-01T11:24:01Z</Time>
      <Position>
       <LatitudeDegrees>5.2377690</LatitudeDegrees>
       <LongitudeDegrees>100.4379870</LongitudeDegrees>
      </Position>
      <AltitudeMeters>5.9</AltitudeMeters>
      <DistanceMeters>1428.7</DistanceMeters>
      <HeartRateBpm>
       <Value>117</Value>
      </HeartRateBpm>
      <Extensions>
       <TPX xmlns="http://www.garmin.com/xmlschemas/ActivityExtension/v2">
        <Speed>1.4</Speed>
       </TPX>
      </Extensions>
     </Trackpoint>
     <Trackpoint>
      <Time>2026-08-01T11:24:02Z</Time>
      <Position>
       <LatitudeDegrees>5.2377720</LatitudeDegrees>
       <LongitudeDegrees>100.4379980</LongitudeDegrees>
      </Position>
      <AltitudeMeters>5.9</AltitudeMeters>
      <DistanceMeters>1428.7</DistanceMeters>
      <HeartRateBpm>
       <Value>117</Value>
      </HeartRateBpm>
      <Extensions>
       <TPX xmlns="http://www.garmin.com/xmlschemas/ActivityExtension/v2">
        <Speed>1.4</Speed>
       </TPX>
      </Extensions>
     </Trackpoint>
     <Trackpoint>
      <Time>2026-08-01T11:24:03Z</Time>
      <Position>
       <LatitudeDegrees>5.2377750</LatitudeDegrees>
       <LongitudeDegrees>100.4380100</LongitudeDegrees>
      </Position>
      <AltitudeMeters>5.9</AltitudeMeters>
      <DistanceMeters>1428.7</DistanceMeters>
      <HeartRateBpm>
       <Value>117</Value>
      </HeartRateBpm>
      <Extensions>
       <TPX xmlns="http://www.garmin.com/xmlschemas/ActivityExtension/v2">
        <Speed>1.4</Speed>
       </TPX>
      </Extensions>
     </Trackpoint>
     <Trackpoint>
      <Time>2026-08-01T11:24:04Z</Time>
      <Position>
       <LatitudeDegrees>5.2377770</LatitudeDegrees>
       <LongitudeDegrees>100.4380230</LongitudeDegrees>
      </Position>
      <AltitudeMeters>5.9</AltitudeMeters>
      <DistanceMeters>1432.7</DistanceMeters>
      <HeartRateBpm>
       <Value>117</Value>
      </HeartRateBpm>
      <Extensions>
       <TPX xmlns="http://www.garmin.com/xmlschemas/ActivityExtension/v2">
        <Speed>1.6</Speed>
       </TPX>
      </Extensions>
     </Trackpoint>
     <Trackpoint>
      <Time>2026-08-01T11:24:05Z</Time>
      <Position>
       <LatitudeDegrees>5.2377780</LatitudeDegrees>
       <LongitudeDegrees>100.4380360</LongitudeDegrees>
      </Position>
      <AltitudeMeters>5.9</AltitudeMeters>
      <DistanceMeters>1434.1</DistanceMeters>
      <HeartRateBpm>
       <Value>117</Value>
      </HeartRateBpm>
      <Extensions>
       <TPX xmlns="http://www.garmin.com/xmlschemas/ActivityExtension/v2">
        <Speed>1.9</Speed>
       </TPX>
      </Extensions>
     </Trackpoint>
     <Trackpoint>
      <Time>2026-08-01T11:24:06Z</Time>
      <Position>
       <LatitudeDegrees>5.2377820</LatitudeDegrees>
       <LongitudeDegrees>100.4380490</LongitudeDegrees>
      </Position>
      <AltitudeMeters>5.9</AltitudeMeters>
      <DistanceMeters>1435.7</DistanceMeters>
      <HeartRateBpm>
       <Value>117</Value>
      </HeartRateBpm>
      <Extensions>
       <TPX xmlns="http://www.garmin.com/xmlschemas/ActivityExtension/v2">
        <Speed>1.4</Speed>
       </TPX>
      </Extensions>
     </Trackpoint>
     <Trackpoint>
      <Time>2026-08-01T11:24:07Z</Time>
      <Position>
       <LatitudeDegrees>5.2377890</LatitudeDegrees>
       <LongitudeDegrees>100.4380670</LongitudeDegrees>
      </Position>
      <AltitudeMeters>5.9</AltitudeMeters>
      <DistanceMeters>1437.8</DistanceMeters>
      <HeartRateBpm>
       <Value>118</Value>
      </HeartRateBpm>
      <Extensions>
       <TPX xmlns="http://www.garmin.com/xmlschemas/ActivityExtension/v2">
        <Speed>1.8</Speed>
       </TPX>
      </Extensions>
     </Trackpoint>
     <Trackpoint>
      <Time>2026-08-01T11:24:08Z</Time>
      <Position>
       <LatitudeDegrees>5.2377900</LatitudeDegrees>
       <LongitudeDegrees>100.4380760</LongitudeDegrees>
      </Position>
      <AltitudeMeters>5.9</AltitudeMeters>
      <DistanceMeters>1437.8</DistanceMeters>
      <HeartRateBpm>
       <Value>119</Value>
      </HeartRateBpm>
      <Extensions>
       <TPX xmlns="http://www.garmin.com/xmlschemas/ActivityExtension/v2">
        <Speed>1.8</Speed>
       </TPX>
      </Extensions>
     </Trackpoint>
     <Trackpoint>
      <Time>2026-08-01T11:24:09Z</Time>
      <Position>
       <LatitudeDegrees>5.2377910</LatitudeDegrees>
       <LongitudeDegrees>100.4380880</LongitudeDegrees>
      </Position>
      <AltitudeMeters>5.9</AltitudeMeters>
      <DistanceMeters>1437.8</DistanceMeters>
      <HeartRateBpm>
       <Value>118</Value>
      </HeartRateBpm>
      <Extensions>
       <TPX xmlns="http://www.garmin.com/xmlschemas/ActivityExtension/v2">
        <Speed>1.0</Speed>
       </TPX>
      </Extensions>
     </Trackpoint>
     <Trackpoint>
      <Time>2026-08-01T11:24:10Z</Time>
      <Position>
       <LatitudeDegrees>5.2377920</LatitudeDegrees>
       <LongitudeDegrees>100.4381010</LongitudeDegrees>
      </Position>
      <AltitudeMeters>5.9</AltitudeMeters>
      <DistanceMeters>1441.6</DistanceMeters>
      <HeartRateBpm>
       <Value>118</Value>
      </HeartRateBpm>
      <Extensions>
       <TPX xmlns="http://www.garmin.com/xmlschemas/ActivityExtension/v2">
        <Speed>1.5</Speed>
       </TPX>
      </Extensions>
     </Trackpoint>
     <Trackpoint>
      <Time>2026-08-01T11:24:11Z</Time>
      <Position>
       <LatitudeDegrees>5.2377930</LatitudeDegrees>
       <LongitudeDegrees>100.4381140</LongitudeDegrees>
      </Position>
      <AltitudeMeters>5.9</AltitudeMeters>
      <DistanceMeters>1443.1</DistanceMeters>
      <HeartRateBpm>
       <Value>118</Value>
      </HeartRateBpm>
      <Extensions>
       <TPX xmlns="http://www.garmin.com/xmlschemas/ActivityExtension/v2">
        <Speed>1.5</Speed>
       </TPX>
      </Extensions>
     </Trackpoint>
     <Trackpoint>
      <Time>2026-08-01T11:24:12Z</Time>
      <Position>
       <LatitudeDegrees>5.2377970</LatitudeDegrees>
       <LongitudeDegrees>100.4381270</LongitudeDegrees>
      </Position>
      <AltitudeMeters>5.9</AltitudeMeters>
      <DistanceMeters>1444.6</DistanceMeters>
      <HeartRateBpm>
       <Value>118</Value>
      </HeartRateBpm>
      <Extensions>
       <TPX xmlns="http://www.garmin.com/xmlschemas/ActivityExtension/v2">
        <Speed>1.4</Speed>
       </TPX>
      </Extensions>
     </Trackpoint>
     <Trackpoint>
      <Time>2026-08-01T11:24:13Z</Time>
      <Position>
       <LatitudeDegrees>5.2378030</LatitudeDegrees>
       <LongitudeDegrees>100.4381480</LongitudeDegrees>
      </Position>
      <AltitudeMeters>5.9</AltitudeMeters>
      <DistanceMeters>1447.0</DistanceMeters>
      <HeartRateBpm>
       <Value>118</Value>
      </HeartRateBpm>
      <Extensions>
       <TPX xmlns="http://www.garmin.com/xmlschemas/ActivityExtension/v2">
        <Speed>1.8</Speed>
       </TPX>
      </Extensions>
     </Trackpoint>
     <Trackpoint>
      <Time>2026-08-01T11:24:14Z</Time>
      <Position>
       <LatitudeDegrees>5.2378040</LatitudeDegrees>
       <LongitudeDegrees>100.4381570</LongitudeDegrees>
      </Position>
      <AltitudeMeters>5.9</AltitudeMeters>
      <DistanceMeters>1447.0</DistanceMeters>
      <HeartRateBpm>
       <Value>117</Value>
      </HeartRateBpm>
      <Extensions>
       <TPX xmlns="http://www.garmin.com/xmlschemas/ActivityExtension/v2">
        <Speed>1.8</Speed>
       </TPX>
      </Extensions>
     </Trackpoint>
     <Trackpoint>
      <Time>2026-08-01T11:24:15Z</Time>
      <Position>
       <LatitudeDegrees>5.2378060</LatitudeDegrees>
       <LongitudeDegrees>100.4381670</LongitudeDegrees>
      </Position>
      <AltitudeMeters>5.9</AltitudeMeters>
      <DistanceMeters>1447.0</DistanceMeters>
      <HeartRateBpm>
       <Value>117</Value>
      </HeartRateBpm>
      <Extensions>
       <TPX xmlns="http://www.garmin.com/xmlschemas/ActivityExtension/v2">
        <Speed>1.1</Speed>
       </TPX>
      </Extensions>
     </Trackpoint>
     <Trackpoint>
      <Time>2026-08-01T11:24:16Z</Time>
      <Position>
       <LatitudeDegrees>5.2378080</LatitudeDegrees>
       <LongitudeDegrees>100.4381780</LongitudeDegrees>
      </Position>
      <AltitudeMeters>5.9</AltitudeMeters>
      <DistanceMeters>1450.4</DistanceMeters>
      <HeartRateBpm>
       <Value>117</Value>
      </HeartRateBpm>
      <Extensions>
       <TPX xmlns="http://www.garmin.com/xmlschemas/ActivityExtension/v2">
        <Speed>1.5</Speed>
       </TPX>
      </Extensions>
     </Trackpoint>
     <Trackpoint>
      <Time>2026-08-01T11:24:17Z</Time>
      <Position>
       <LatitudeDegrees>5.2378110</LatitudeDegrees>
       <LongitudeDegrees>100.4381900</LongitudeDegrees>
      </Position>
      <AltitudeMeters>5.9</AltitudeMeters>
      <DistanceMeters>1450.4</DistanceMeters>
      <HeartRateBpm>
       <Value>116</Value>
      </HeartRateBpm>
      <Extensions>
       <TPX xmlns="http://www.garmin.com/xmlschemas/ActivityExtension/v2">
        <Speed>1.2</Speed>
       </TPX>
      </Extensions>
     </Trackpoint>
     <Trackpoint>
      <Time>2026-08-01T11:24:18Z</Time>
      <Position>
       <LatitudeDegrees>5.2378140</LatitudeDegrees>
       <LongitudeDegrees>100.4382010</LongitudeDegrees>
      </Position>
      <AltitudeMeters>5.9</AltitudeMeters>
      <DistanceMeters>1450.4</DistanceMeters>
      <HeartRateBpm>
       <Value>116</Value>
      </HeartRateBpm>
      <Extensions>
       <TPX xmlns="http://www.garmin.com/xmlschemas/ActivityExtension/v2">
        <Speed>0.7</Speed>
       </TPX>
      </Extensions>
     </Trackpoint>
     <Trackpoint>
      <Time>2026-08-01T11:24:19Z</Time>
      <Position>
       <LatitudeDegrees>5.2378170</LatitudeDegrees>
       <LongitudeDegrees>100.4382110</LongitudeDegrees>
      </Position>
      <AltitudeMeters>5.9</AltitudeMeters>
      <DistanceMeters>1454.1</DistanceMeters>
      <HeartRateBpm>
       <Value>115</Value>
      </HeartRateBpm>
      <Extensions>
       <TPX xmlns="http://www.garmin.com/xmlschemas/ActivityExtension/v2">
        <Speed>1.4</Speed>
       </TPX>
      </Extensions>
     </Trackpoint>
     <Trackpoint>
      <Time>2026-08-01T11:24:20Z</Time>
      <Position>
       <LatitudeDegrees>5.2378220</LatitudeDegrees>
       <LongitudeDegrees>100.4382310</LongitudeDegrees>
      </Position>
      <AltitudeMeters>5.9</AltitudeMeters>
      <DistanceMeters>1454.1</DistanceMeters>
      <HeartRateBpm>
       <Value>115</Value>
      </HeartRateBpm>
      <Extensions>
       <TPX xmlns="http://www.garmin.com/xmlschemas/ActivityExtension/v2">
        <Speed>1.4</Speed>
       </TPX>
      </Extensions>
     </Trackpoint>
     <Trackpoint>
      <Time>2026-08-01T11:24:21Z</Time>
      <Position>
       <LatitudeDegrees>5.2378230</LatitudeDegrees>
       <LongitudeDegrees>100.4382400</LongitudeDegrees>
      </Position>
      <AltitudeMeters>5.9</AltitudeMeters>
      <DistanceMeters>1457.4</DistanceMeters>
      <HeartRateBpm>
       <Value>115</Value>
      </HeartRateBpm>
      <Extensions>
       <TPX xmlns="http://www.garmin.com/xmlschemas/ActivityExtension/v2">
        <Speed>1.4</Speed>
       </TPX>
      </Extensions>
     </Trackpoint>
     <Trackpoint>
      <Time>2026-08-01T11:24:22Z</Time>
      <Position>
       <LatitudeDegrees>5.2378240</LatitudeDegrees>
       <LongitudeDegrees>100.4382520</LongitudeDegrees>
      </Position>
      <AltitudeMeters>5.9</AltitudeMeters>
      <DistanceMeters>1457.4</DistanceMeters>
      <HeartRateBpm>
       <Value>115</Value>
      </HeartRateBpm>
      <Extensions>
       <TPX xmlns="http://www.garmin.com/xmlschemas/ActivityExtension/v2">
        <Speed>1.4</Speed>
       </TPX>
      </Extensions>
     </Trackpoint>
     <Trackpoint>
      <Time>2026-08-01T11:24:23Z</Time>
      <Position>
       <LatitudeDegrees>5.2378260</LatitudeDegrees>
       <LongitudeDegrees>100.4382630</LongitudeDegrees>
      </Position>
      <AltitudeMeters>5.9</AltitudeMeters>
      <DistanceMeters>1457.4</DistanceMeters>
      <HeartRateBpm>
       <Value>115</Value>
      </HeartRateBpm>
      <Extensions>
       <TPX xmlns="http://www.garmin.com/xmlschemas/ActivityExtension/v2">
        <Speed>1.4</Speed>
       </TPX>
      </Extensions>
     </Trackpoint>
     <Trackpoint>
      <Time>2026-08-01T11:24:24Z</Time>
      <Position>
       <LatitudeDegrees>5.2378280</LatitudeDegrees>
       <LongitudeDegrees>100.4382730</LongitudeDegrees>
      </Position>
      <AltitudeMeters>5.9</AltitudeMeters>
      <DistanceMeters>1461.2</DistanceMeters>
      <HeartRateBpm>
       <Value>116</Value>
      </HeartRateBpm>
      <Extensions>
       <TPX xmlns="http://www.garmin.com/xmlschemas/ActivityExtension/v2">
        <Speed>1.4</Speed>
       </TPX>
      </Extensions>
     </Trackpoint>
     <Trackpoint>
      <Time>2026-08-01T11:24:25Z</Time>
      <Position>
       <LatitudeDegrees>5.2378290</LatitudeDegrees>
       <LongitudeDegrees>100.4382850</LongitudeDegrees>
      </Position>
      <AltitudeMeters>5.9</AltitudeMeters>
      <DistanceMeters>1462.5</DistanceMeters>
      <HeartRateBpm>
       <Value>118</Value>
      </HeartRateBpm>
      <Extensions>
       <TPX xmlns="http://www.garmin.com/xmlschemas/ActivityExtension/v2">
        <Speed>1.7</Speed>
       </TPX>
      </Extensions>
     </Trackpoint>
     <Trackpoint>
      <Time>2026-08-01T11:24:26Z</Time>
      <Position>
       <LatitudeDegrees>5.2378310</LatitudeDegrees>
       <LongitudeDegrees>100.4382980</LongitudeDegrees>
      </Position>
      <AltitudeMeters>5.9</AltitudeMeters>
      <DistanceMeters>1463.9</DistanceMeters>
      <HeartRateBpm>
       <Value>118</Value>
      </HeartRateBpm>
      <Extensions>
       <TPX xmlns="http://www.garmin.com/xmlschemas/ActivityExtension/v2">
        <Speed>1.3</Speed>
       </TPX>
      </Extensions>
     </Trackpoint>
     <Trackpoint>
      <Time>2026-08-01T11:24:27Z</Time>
      <Position>
       <LatitudeDegrees>5.2378350</LatitudeDegrees>
       <LongitudeDegrees>100.4383120</LongitudeDegrees>
      </Position>
      <AltitudeMeters>5.9</AltitudeMeters>
      <DistanceMeters>1465.5</DistanceMeters>
      <HeartRateBpm>
       <Value>116</Value>
      </HeartRateBpm>
      <Extensions>
       <TPX xmlns="http://www.garmin.com/xmlschemas/ActivityExtension/v2">
        <Speed>1.6</Speed>
       </TPX>
      </Extensions>
     </Trackpoint>
     <Trackpoint>
      <Time>2026-08-01T11:24:28Z</Time>
      <Position>
       <LatitudeDegrees>5.2378380</LatitudeDegrees>
       <LongitudeDegrees>100.4383260</LongitudeDegrees>
      </Position>
      <AltitudeMeters>5.9</AltitudeMeters>
      <DistanceMeters>1467.1</DistanceMeters>
      <HeartRateBpm>
       <Value>115</Value>
      </HeartRateBpm>
      <Extensions>
       <TPX xmlns="http://www.garmin.com/xmlschemas/ActivityExtension/v2">
        <Speed>1.9</Speed>
       </TPX>
      </Extensions>
     </Trackpoint>
     <Trackpoint>
      <Time>2026-08-01T11:24:29Z</Time>
      <Position>
       <LatitudeDegrees>5.2378390</LatitudeDegrees>
       <LongitudeDegrees>100.4383380</LongitudeDegrees>
      </Position>
      <AltitudeMeters>5.9</AltitudeMeters>
      <DistanceMeters>1468.4</DistanceMeters>
      <HeartRateBpm>
       <Value>114</Value>
      </HeartRateBpm>
      <Extensions>
       <TPX xmlns="http://www.garmin.com/xmlschemas/ActivityExtension/v2">
        <Speed>1.4</Speed>
       </TPX>
      </Extensions>
     </Trackpoint>
     <Trackpoint>
      <Time>2026-08-01T11:24:30Z</Time>
      <Position>
       <LatitudeDegrees>5.2378380</LatitudeDegrees>
       <LongitudeDegrees>100.4383510</LongitudeDegrees>
      </Position>
      <AltitudeMeters>5.9</AltitudeMeters>
      <DistanceMeters>1469.8</DistanceMeters>
      <HeartRateBpm>
       <Value>114</Value>
      </HeartRateBpm>
      <Extensions>
       <TPX xmlns="http://www.garmin.com/xmlschemas/ActivityExtension/v2">
        <Speed>1.5</Speed>
       </TPX>
      </Extensions>
     </Trackpoint>
     <Trackpoint>
      <Time>2026-08-01T11:24:31Z</Time>
      <Position>
       <LatitudeDegrees>5.2378370</LatitudeDegrees>
       <LongitudeDegrees>100.4383630</LongitudeDegrees>
      </Position>
      <AltitudeMeters>5.9</AltitudeMeters>
      <DistanceMeters>1471.1</DistanceMeters>
      <HeartRateBpm>
       <Value>114</Value>
      </HeartRateBpm>
      <Extensions>
       <TPX xmlns="http://www.garmin.com/xmlschemas/ActivityExtension/v2">
        <Speed>1.4</Speed>
       </TPX>
      </Extensions>
     </Trackpoint>
     <Trackpoint>
      <Time>2026-08-01T11:24:32Z</Time>
      <Position>
       <LatitudeDegrees>5.2378370</LatitudeDegrees>
       <LongitudeDegrees>100.4383750</LongitudeDegrees>
      </Position>
      <AltitudeMeters>5.9</AltitudeMeters>
      <DistanceMeters>1472.4</DistanceMeters>
      <HeartRateBpm>
       <Value>115</Value>
      </HeartRateBpm>
      <Extensions>
       <TPX xmlns="http://www.garmin.com/xmlschemas/ActivityExtension/v2">
        <Speed>1.4</Speed>
       </TPX>
      </Extensions>
     </Trackpoint>
     <Trackpoint>
      <Time>2026-08-01T11:24:33Z</Time>
      <Position>
       <LatitudeDegrees>5.2378330</LatitudeDegrees>
       <LongitudeDegrees>100.4383900</LongitudeDegrees>
      </Position>
      <AltitudeMeters>5.9</AltitudeMeters>
      <DistanceMeters>1474.1</DistanceMeters>
      <HeartRateBpm>
       <Value>115</Value>
      </HeartRateBpm>
      <Extensions>
       <TPX xmlns="http://www.garmin.com/xmlschemas/ActivityExtension/v2">
        <Speed>1.4</Speed>
       </TPX>
      </Extensions>
     </Trackpoint>
     <Trackpoint>
      <Time>2026-08-01T11:24:34Z</Time>
      <Position>
       <LatitudeDegrees>5.2378330</LatitudeDegrees>
       <LongitudeDegrees>100.4384010</LongitudeDegrees>
      </Position>
      <AltitudeMeters>5.9</AltitudeMeters>
      <DistanceMeters>1474.1</DistanceMeters>
      <HeartRateBpm>
       <Value>115</Value>
      </HeartRateBpm>
      <Extensions>
       <TPX xmlns="http://www.garmin.com/xmlschemas/ActivityExtension/v2">
        <Speed>1.1</Speed>
       </TPX>
      </Extensions>
     </Trackpoint>
     <Trackpoint>
      <Time>2026-08-01T11:24:35Z</Time>
      <Position>
       <LatitudeDegrees>5.2378330</LatitudeDegrees>
       <LongitudeDegrees>100.4384120</LongitudeDegrees>
      </Position>
      <AltitudeMeters>5.9</AltitudeMeters>
      <DistanceMeters>1474.1</DistanceMeters>
      <HeartRateBpm>
       <Value>116</Value>
      </HeartRateBpm>
      <Extensions>
       <TPX xmlns="http://www.garmin.com/xmlschemas/ActivityExtension/v2">
        <Speed>0.9</Speed>
       </TPX>
      </Extensions>
     </Trackpoint>
     <Trackpoint>
      <Time>2026-08-01T11:24:36Z</Time>
      <Position>
       <LatitudeDegrees>5.2378320</LatitudeDegrees>
       <LongitudeDegrees>100.4384250</LongitudeDegrees>
      </Position>
      <AltitudeMeters>5.9</AltitudeMeters>
      <DistanceMeters>1478.0</DistanceMeters>
      <HeartRateBpm>
       <Value>116</Value>
      </HeartRateBpm>
      <Extensions>
       <TPX xmlns="http://www.garmin.com/xmlschemas/ActivityExtension/v2">
        <Speed>1.4</Speed>
       </TPX>
      </Extensions>
     </Trackpoint>
     <Trackpoint>
      <Time>2026-08-01T11:24:37Z</Time>
      <Position>
       <LatitudeDegrees>5.2378310</LatitudeDegrees>
       <LongitudeDegrees>100.4384360</LongitudeDegrees>
      </Position>
      <AltitudeMeters>5.9</AltitudeMeters>
      <DistanceMeters>1478.0</DistanceMeters>
      <HeartRateBpm>
       <Value>116</Value>
      </HeartRateBpm>
      <Extensions>
       <TPX xmlns="http://www.garmin.com/xmlschemas/ActivityExtension/v2">
        <Speed>1.1</Speed>
       </TPX>
      </Extensions>
     </Trackpoint>
     <Trackpoint>
      <Time>2026-08-01T11:24:38Z</Time>
      <Position>
       <LatitudeDegrees>5.2378290</LatitudeDegrees>
       <LongitudeDegrees>100.4384590</LongitudeDegrees>
      </Position>
      <AltitudeMeters>5.9</AltitudeMeters>
      <DistanceMeters>1481.8</DistanceMeters>
      <HeartRateBpm>
       <Value>116</Value>
      </HeartRateBpm>
      <Extensions>
       <TPX xmlns="http://www.garmin.com/xmlschemas/ActivityExtension/v2">
        <Speed>1.5</Speed>
       </TPX>
      </Extensions>
     </Trackpoint>
     <Trackpoint>
      <Time>2026-08-01T11:24:39Z</Time>
      <Position>
       <LatitudeDegrees>5.2378290</LatitudeDegrees>
       <LongitudeDegrees>100.4384590</LongitudeDegrees>
      </Position>
      <AltitudeMeters>5.9</AltitudeMeters>
      <DistanceMeters>1481.8</DistanceMeters>
      <HeartRateBpm>
       <Value>116</Value>
      </HeartRateBpm>
      <Extensions>
       <TPX xmlns="http://www.garmin.com/xmlschemas/ActivityExtension/v2">
        <Speed>1.5</Speed>
       </TPX>
      </Extensions>
     </Trackpoint>
     <Trackpoint>
      <Time>2026-08-01T11:24:40Z</Time>
      <Position>
       <LatitudeDegrees>5.2378320</LatitudeDegrees>
       <LongitudeDegrees>100.4384780</LongitudeDegrees>
      </Position>
      <AltitudeMeters>5.9</AltitudeMeters>
      <DistanceMeters>1481.8</DistanceMeters>
      <HeartRateBpm>
       <Value>116</Value>
      </HeartRateBpm>
      <Extensions>
       <TPX xmlns="http://www.garmin.com/xmlschemas/ActivityExtension/v2">
        <Speed>1.5</Speed>
       </TPX>
      </Extensions>
     </Trackpoint>
     <Trackpoint>
      <Time>2026-08-01T11:24:41Z</Time>
      <Position>
       <LatitudeDegrees>5.2378310</LatitudeDegrees>
       <LongitudeDegrees>100.4384860</LongitudeDegrees>
      </Position>
      <AltitudeMeters>5.9</AltitudeMeters>
      <DistanceMeters>1484.9</DistanceMeters>
      <HeartRateBpm>
       <Value>115</Value>
      </HeartRateBpm>
      <Extensions>
       <TPX xmlns="http://www.garmin.com/xmlschemas/ActivityExtension/v2">
        <Speed>1.4</Speed>
       </TPX>
      </Extensions>
     </Trackpoint>
     <Trackpoint>
      <Time>2026-08-01T11:24:42Z</Time>
      <Position>
       <LatitudeDegrees>5.2378310</LatitudeDegrees>
       <LongitudeDegrees>100.4384980</LongitudeDegrees>
      </Position>
      <AltitudeMeters>5.9</AltitudeMeters>
      <DistanceMeters>1484.9</DistanceMeters>
      <HeartRateBpm>
       <Value>115</Value>
      </HeartRateBpm>
      <Extensions>
       <TPX xmlns="http://www.garmin.com/xmlschemas/ActivityExtension/v2">
        <Speed>1.4</Speed>
       </TPX>
      </Extensions>
     </Trackpoint>
     <Trackpoint>
      <Time>2026-08-01T11:24:43Z</Time>
      <Position>
       <LatitudeDegrees>5.2378300</LatitudeDegrees>
       <LongitudeDegrees>100.4385110</LongitudeDegrees>
      </Position>
      <AltitudeMeters>5.9</AltitudeMeters>
      <DistanceMeters>1484.9</DistanceMeters>
      <HeartRateBpm>
       <Value>115</Value>
      </HeartRateBpm>
      <Extensions>
       <TPX xmlns="http://www.garmin.com/xmlschemas/ActivityExtension/v2">
        <Speed>0.6</Speed>
       </TPX>
      </Extensions>
     </Trackpoint>
     <Trackpoint>
      <Time>2026-08-01T11:24:44Z</Time>
      <Position>
       <LatitudeDegrees>5.2378280</LatitudeDegrees>
       <LongitudeDegrees>100.4385230</LongitudeDegrees>
      </Position>
      <AltitudeMeters>5.9</AltitudeMeters>
      <DistanceMeters>1488.9</DistanceMeters>
      <HeartRateBpm>
       <Value>115</Value>
      </HeartRateBpm>
      <Extensions>
       <TPX xmlns="http://www.garmin.com/xmlschemas/ActivityExtension/v2">
        <Speed>1.4</Speed>
       </TPX>
      </Extensions>
     </Trackpoint>
     <Trackpoint>
      <Time>2026-08-01T11:24:45Z</Time>
      <Position>
       <LatitudeDegrees>5.2378250</LatitudeDegrees>
       <LongitudeDegrees>100.4385340</LongitudeDegrees>
      </Position>
      <AltitudeMeters>5.9</AltitudeMeters>
      <DistanceMeters>1490.2</DistanceMeters>
      <HeartRateBpm>
       <Value>114</Value>
      </HeartRateBpm>
      <Extensions>
       <TPX xmlns="http://www.garmin.com/xmlschemas/ActivityExtension/v2">
        <Speed>1.7</Speed>
       </TPX>
      </Extensions>
     </Trackpoint>
     <Trackpoint>
      <Time>2026-08-01T11:24:46Z</Time>
      <Position>
       <LatitudeDegrees>5.2378240</LatitudeDegrees>
       <LongitudeDegrees>100.4385460</LongitudeDegrees>
      </Position>
      <AltitudeMeters>5.9</AltitudeMeters>
      <DistanceMeters>1491.6</DistanceMeters>
      <HeartRateBpm>
       <Value>114</Value>
      </HeartRateBpm>
      <Extensions>
       <TPX xmlns="http://www.garmin.com/xmlschemas/ActivityExtension/v2">
        <Speed>1.3</Speed>
       </TPX>
      </Extensions>
     </Trackpoint>
     <Trackpoint>
      <Time>2026-08-01T11:24:47Z</Time>
      <Position>
       <LatitudeDegrees>5.2378220</LatitudeDegrees>
       <LongitudeDegrees>100.4385640</LongitudeDegrees>
      </Position>
      <AltitudeMeters>5.9</AltitudeMeters>
      <DistanceMeters>1493.6</DistanceMeters>
      <HeartRateBpm>
       <Value>115</Value>
      </HeartRateBpm>
      <Extensions>
       <TPX xmlns="http://www.garmin.com/xmlschemas/ActivityExtension/v2">
        <Speed>1.7</Speed>
       </TPX>
      </Extensions>
     </Trackpoint>
     <Trackpoint>
      <Time>2026-08-01T11:24:48Z</Time>
      <Position>
       <LatitudeDegrees>5.2378180</LatitudeDegrees>
       <LongitudeDegrees>100.4385720</LongitudeDegrees>
      </Position>
      <AltitudeMeters>5.9</AltitudeMeters>
      <DistanceMeters>1493.6</DistanceMeters>
      <HeartRateBpm>
       <Value>115</Value>
      </HeartRateBpm>
      <Extensions>
       <TPX xmlns="http://www.garmin.com/xmlschemas/ActivityExtension/v2">
        <Speed>1.7</Speed>
       </TPX>
      </Extensions>
     </Trackpoint>
     <Trackpoint>
      <Time>2026-08-01T11:24:49Z</Time>
      <Position>
       <LatitudeDegrees>5.2378150</LatitudeDegrees>
       <LongitudeDegrees>100.4385840</LongitudeDegrees>
      </Position>
      <AltitudeMeters>5.9</AltitudeMeters>
      <DistanceMeters>1493.6</DistanceMeters>
      <HeartRateBpm>
       <Value>114</Value>
      </HeartRateBpm>
      <Extensions>
       <TPX xmlns="http://www.garmin.com/xmlschemas/ActivityExtension/v2">
        <Speed>0.9</Speed>
       </TPX>
      </Extensions>
     </Trackpoint>
     <Trackpoint>
      <Time>2026-08-01T11:24:50Z</Time>
      <Position>
       <LatitudeDegrees>5.2378140</LatitudeDegrees>
       <LongitudeDegrees>100.4385970</LongitudeDegrees>
      </Position>
      <AltitudeMeters>5.9</AltitudeMeters>
      <DistanceMeters>1497.3</DistanceMeters>
      <HeartRateBpm>
       <Value>114</Value>
      </HeartRateBpm>
      <Extensions>
       <TPX xmlns="http://www.garmin.com/xmlschemas/ActivityExtension/v2">
        <Speed>1.4</Speed>
       </TPX>
      </Extensions>
     </Trackpoint>
     <Trackpoint>
      <Time>2026-08-01T11:24:51Z</Time>
      <Position>
       <LatitudeDegrees>5.2378130</LatitudeDegrees>
       <LongitudeDegrees>100.4386100</LongitudeDegrees>
      </Position>
      <AltitudeMeters>5.9</AltitudeMeters>
      <DistanceMeters>1498.7</DistanceMeters>
      <HeartRateBpm>
       <Value>114</Value>
      </HeartRateBpm>
      <Extensions>
       <TPX xmlns="http://www.garmin.com/xmlschemas/ActivityExtension/v2">
        <Speed>1.4</Speed>
       </TPX>
      </Extensions>
     </Trackpoint>
     <Trackpoint>
      <Time>2026-08-01T11:24:52Z</Time>
      <Position>
       <LatitudeDegrees>5.2378100</LatitudeDegrees>
       <LongitudeDegrees>100.4386220</LongitudeDegrees>
      </Position>
      <AltitudeMeters>5.9</AltitudeMeters>
      <DistanceMeters>1500.1</DistanceMeters>
      <HeartRateBpm>
       <Value>113</Value>
      </HeartRateBpm>
      <Extensions>
       <TPX xmlns="http://www.garmin.com/xmlschemas/ActivityExtension/v2">
        <Speed>1.3</Speed>
       </TPX>
      </Extensions>
     </Trackpoint>
     <Trackpoint>
      <Time>2026-08-01T11:24:53Z</Time>
      <Position>
       <LatitudeDegrees>5.2378100</LatitudeDegrees>
       <LongitudeDegrees>100.4386390</LongitudeDegrees>
      </Position>
      <AltitudeMeters>5.9</AltitudeMeters>
      <DistanceMeters>1502.0</DistanceMeters>
      <HeartRateBpm>
       <Value>112</Value>
      </HeartRateBpm>
      <Extensions>
       <TPX xmlns="http://www.garmin.com/xmlschemas/ActivityExtension/v2">
        <Speed>1.7</Speed>
       </TPX>
      </Extensions>
     </Trackpoint>
     <Trackpoint>
      <Time>2026-08-01T11:24:54Z</Time>
      <Position>
       <LatitudeDegrees>5.2378050</LatitudeDegrees>
       <LongitudeDegrees>100.4386470</LongitudeDegrees>
      </Position>
      <AltitudeMeters>5.9</AltitudeMeters>
      <DistanceMeters>1502.0</DistanceMeters>
      <HeartRateBpm>
       <Value>110</Value>
      </HeartRateBpm>
      <Extensions>
       <TPX xmlns="http://www.garmin.com/xmlschemas/ActivityExtension/v2">
        <Speed>1.7</Speed>
       </TPX>
      </Extensions>
     </Trackpoint>
     <Trackpoint>
      <Time>2026-08-01T11:24:55Z</Time>
      <Position>
       <LatitudeDegrees>5.2377970</LatitudeDegrees>
       <LongitudeDegrees>100.4386560</LongitudeDegrees>
      </Position>
      <AltitudeMeters>5.9</AltitudeMeters>
      <DistanceMeters>1502.0</DistanceMeters>
      <HeartRateBpm>
       <Value>110</Value>
      </HeartRateBpm>
      <Extensions>
       <TPX xmlns="http://www.garmin.com/xmlschemas/ActivityExtension/v2">
        <Speed>0.9</Speed>
       </TPX>
      </Extensions>
     </Trackpoint>
     <Trackpoint>
      <Time>2026-08-01T11:24:56Z</Time>
      <Position>
       <LatitudeDegrees>5.2377890</LatitudeDegrees>
       <LongitudeDegrees>100.4386650</LongitudeDegrees>
      </Position>
      <AltitudeMeters>5.9</AltitudeMeters>
      <DistanceMeters>1505.7</DistanceMeters>
      <HeartRateBpm>
       <Value>111</Value>
      </HeartRateBpm>
      <Extensions>
       <TPX xmlns="http://www.garmin.com/xmlschemas/ActivityExtension/v2">
        <Speed>1.4</Speed>
       </TPX>
      </Extensions>
     </Trackpoint>
     <Trackpoint>
      <Time>2026-08-01T11:24:57Z</Time>
      <Position>
       <LatitudeDegrees>5.2377730</LatitudeDegrees>
       <LongitudeDegrees>100.4386830</LongitudeDegrees>
      </Position>
      <AltitudeMeters>5.9</AltitudeMeters>
      <DistanceMeters>1508.4</DistanceMeters>
      <HeartRateBpm>
       <Value>110</Value>
      </HeartRateBpm>
      <Extensions>
       <TPX xmlns="http://www.garmin.com/xmlschemas/ActivityExtension/v2">
        <Speed>1.7</Speed>
       </TPX>
      </Extensions>
     </Trackpoint>
     <Trackpoint>
      <Time>2026-08-01T11:24:58Z</Time>
      <Position>
       <LatitudeDegrees>5.2377640</LatitudeDegrees>
       <LongitudeDegrees>100.4386920</LongitudeDegrees>
      </Position>
      <AltitudeMeters>5.9</AltitudeMeters>
      <DistanceMeters>1509.8</DistanceMeters>
      <HeartRateBpm>
       <Value>110</Value>
      </HeartRateBpm>
      <Extensions>
       <TPX xmlns="http://www.garmin.com/xmlschemas/ActivityExtension/v2">
        <Speed>1.6</Speed>
       </TPX>
      </Extensions>
     </Trackpoint>
     <Trackpoint>
      <Time>2026-08-01T11:24:59Z</Time>
      <Position>
       <LatitudeDegrees>5.2377540</LatitudeDegrees>
       <LongitudeDegrees>100.4387020</LongitudeDegrees>
      </Position>
      <AltitudeMeters>5.9</AltitudeMeters>
      <DistanceMeters>1509.8</DistanceMeters>
      <HeartRateBpm>
       <Value>112</Value>
      </HeartRateBpm>
      <Extensions>
       <TPX xmlns="http://www.garmin.com/xmlschemas/ActivityExtension/v2">
        <Speed>1.6</Speed>
       </TPX>
      </Extensions>
     </Trackpoint>
     <Trackpoint>
      <Time>2026-08-01T11:25:00Z</Time>
      <Position>
       <LatitudeDegrees>5.2377540</LatitudeDegrees>
       <LongitudeDegrees>100.4387020</LongitudeDegrees>
      </Position>
      <AltitudeMeters>5.9</AltitudeMeters>
      <DistanceMeters>1509.8</DistanceMeters>
      <HeartRateBpm>
       <Value>114</Value>
      </HeartRateBpm>
      <Extensions>
       <TPX xmlns="http://www.garmin.com/xmlschemas/ActivityExtension/v2">
        <Speed>1.6</Speed>
       </TPX>
      </Extensions>
     </Trackpoint>
     <Trackpoint>
      <Time>2026-08-01T11:25:01Z</Time>
      <Position>
       <LatitudeDegrees>5.2377450</LatitudeDegrees>
       <LongitudeDegrees>100.4387160</LongitudeDegrees>
      </Position>
      <AltitudeMeters>5.9</AltitudeMeters>
      <DistanceMeters>1513.1</DistanceMeters>
      <HeartRateBpm>
       <Value>116</Value>
      </HeartRateBpm>
      <Extensions>
       <TPX xmlns="http://www.garmin.com/xmlschemas/ActivityExtension/v2">
        <Speed>1.5</Speed>
       </TPX>
      </Extensions>
     </Trackpoint>
     <Trackpoint>
      <Time>2026-08-01T11:25:02Z</Time>
      <Position>
       <LatitudeDegrees>5.2377370</LatitudeDegrees>
       <LongitudeDegrees>100.4387280</LongitudeDegrees>
      </Position>
      <AltitudeMeters>5.9</AltitudeMeters>
      <DistanceMeters>1513.1</DistanceMeters>
      <HeartRateBpm>
       <Value>117</Value>
      </HeartRateBpm>
      <Extensions>
       <TPX xmlns="http://www.garmin.com/xmlschemas/ActivityExtension/v2">
        <Speed>0.9</Speed>
       </TPX>
      </Extensions>
     </Trackpoint>
     <Trackpoint>
      <Time>2026-08-01T11:25:03Z</Time>
      <Position>
       <LatitudeDegrees>5.2377280</LatitudeDegrees>
       <LongitudeDegrees>100.4387400</LongitudeDegrees>
      </Position>
      <AltitudeMeters>5.9</AltitudeMeters>
      <DistanceMeters>1516.4</DistanceMeters>
      <HeartRateBpm>
       <Value>117</Value>
      </HeartRateBpm>
      <Extensions>
       <TPX xmlns="http://www.garmin.com/xmlschemas/ActivityExtension/v2">
        <Speed>1.3</Speed>
       </TPX>
      </Extensions>
     </Trackpoint>
     <Trackpoint>
      <Time>2026-08-01T11:25:04Z</Time>
      <Position>
       <LatitudeDegrees>5.2377200</LatitudeDegrees>
       <LongitudeDegrees>100.4387510</LongitudeDegrees>
      </Position>
      <AltitudeMeters>5.9</AltitudeMeters>
      <DistanceMeters>1516.4</DistanceMeters>
      <HeartRateBpm>
       <Value>117</Value>
      </HeartRateBpm>
      <Extensions>
       <TPX xmlns="http://www.garmin.com/xmlschemas/ActivityExtension/v2">
        <Speed>1.3</Speed>
       </TPX>
      </Extensions>
     </Trackpoint>
     <Trackpoint>
      <Time>2026-08-01T11:25:05Z</Time>
      <Position>
       <LatitudeDegrees>5.2377120</LatitudeDegrees>
       <LongitudeDegrees>100.4387630</LongitudeDegrees>
      </Position>
      <AltitudeMeters>5.9</AltitudeMeters>
      <DistanceMeters>1519.5</DistanceMeters>
      <HeartRateBpm>
       <Value>117</Value>
      </HeartRateBpm>
      <Extensions>
       <TPX xmlns="http://www.garmin.com/xmlschemas/ActivityExtension/v2">
        <Speed>1.9</Speed>
       </TPX>
      </Extensions>
     </Trackpoint>
     <Trackpoint>
      <Time>2026-08-01T11:25:06Z</Time>
      <Position>
       <LatitudeDegrees>5.2376950</LatitudeDegrees>
       <LongitudeDegrees>100.4387840</LongitudeDegrees>
      </Position>
      <AltitudeMeters>5.9</AltitudeMeters>
      <DistanceMeters>1522.6</DistanceMeters>
      <HeartRateBpm>
       <Value>117</Value>
      </HeartRateBpm>
      <Extensions>
       <TPX xmlns="http://www.garmin.com/xmlschemas/ActivityExtension/v2">
        <Speed>1.9</Speed>
       </TPX>
      </Extensions>
     </Trackpoint>
     <Trackpoint>
      <Time>2026-08-01T11:25:07Z</Time>
      <Position>
       <LatitudeDegrees>5.2376950</LatitudeDegrees>
       <LongitudeDegrees>100.4387840</LongitudeDegrees>
      </Position>
      <AltitudeMeters>5.9</AltitudeMeters>
      <DistanceMeters>1522.6</DistanceMeters>
      <HeartRateBpm>
       <Value>116</Value>
      </HeartRateBpm>
      <Extensions>
       <TPX xmlns="http://www.garmin.com/xmlschemas/ActivityExtension/v2">
        <Speed>1.9</Speed>
       </TPX>
      </Extensions>
     </Trackpoint>
     <Trackpoint>
      <Time>2026-08-01T11:25:08Z</Time>
      <Position>
       <LatitudeDegrees>5.2376880</LatitudeDegrees>
       <LongitudeDegrees>100.4387990</LongitudeDegrees>
      </Position>
      <AltitudeMeters>5.9</AltitudeMeters>
      <DistanceMeters>1522.6</DistanceMeters>
      <HeartRateBpm>
       <Value>114</Value>
      </HeartRateBpm>
      <Extensions>
       <TPX xmlns="http://www.garmin.com/xmlschemas/ActivityExtension/v2">
        <Speed>1.2</Speed>
       </TPX>
      </Extensions>
     </Trackpoint>
     <Trackpoint>
      <Time>2026-08-01T11:25:09Z</Time>
      <Position>
       <LatitudeDegrees>5.2376770</LatitudeDegrees>
       <LongitudeDegrees>100.4388070</LongitudeDegrees>
      </Position>
      <AltitudeMeters>5.9</AltitudeMeters>
      <DistanceMeters>1525.7</DistanceMeters>
      <HeartRateBpm>
       <Value>113</Value>
      </HeartRateBpm>
      <Extensions>
       <TPX xmlns="http://www.garmin.com/xmlschemas/ActivityExtension/v2">
        <Speed>1.9</Speed>
       </TPX>
      </Extensions>
     </Trackpoint>
     <Trackpoint>
      <Time>2026-08-01T11:25:10Z</Time>
      <Position>
       <LatitudeDegrees>5.2376630</LatitudeDegrees>
       <LongitudeDegrees>100.4388110</LongitudeDegrees>
      </Position>
      <AltitudeMeters>5.9</AltitudeMeters>
      <DistanceMeters>1525.7</DistanceMeters>
      <HeartRateBpm>
       <Value>112</Value>
      </HeartRateBpm>
      <Extensions>
       <TPX xmlns="http://www.garmin.com/xmlschemas/ActivityExtension/v2">
        <Speed>1.2</Speed>
       </TPX>
      </Extensions>
     </Trackpoint>
     <Trackpoint>
      <Time>2026-08-01T11:25:11Z</Time>
      <Position>
       <LatitudeDegrees>5.2376490</LatitudeDegrees>
       <LongitudeDegrees>100.4388130</LongitudeDegrees>
      </Position>
      <AltitudeMeters>5.9</AltitudeMeters>
      <DistanceMeters>1528.9</DistanceMeters>
      <HeartRateBpm>
       <Value>111</Value>
      </HeartRateBpm>
      <Extensions>
       <TPX xmlns="http://www.garmin.com/xmlschemas/ActivityExtension/v2">
        <Speed>1.3</Speed>
       </TPX>
      </Extensions>
     </Trackpoint>
     <Trackpoint>
      <Time>2026-08-01T11:25:12Z</Time>
      <Position>
       <LatitudeDegrees>5.2376350</LatitudeDegrees>
       <LongitudeDegrees>100.4388140</LongitudeDegrees>
      </Position>
      <AltitudeMeters>5.9</AltitudeMeters>
      <DistanceMeters>1528.9</DistanceMeters>
      <HeartRateBpm>
       <Value>110</Value>
      </HeartRateBpm>
      <Extensions>
       <TPX xmlns="http://www.garmin.com/xmlschemas/ActivityExtension/v2">
        <Speed>1.3</Speed>
       </TPX>
      </Extensions>
     </Trackpoint>
     <Trackpoint>
      <Time>2026-08-01T11:25:13Z</Time>
      <Position>
       <LatitudeDegrees>5.2376180</LatitudeDegrees>
       <LongitudeDegrees>100.4388180</LongitudeDegrees>
      </Position>
      <AltitudeMeters>5.9</AltitudeMeters>
      <DistanceMeters>1532.4</DistanceMeters>
      <HeartRateBpm>
       <Value>110</Value>
      </HeartRateBpm>
      <Extensions>
       <TPX xmlns="http://www.garmin.com/xmlschemas/ActivityExtension/v2">
        <Speed>2.0</Speed>
       </TPX>
      </Extensions>
     </Trackpoint>
     <Trackpoint>
      <Time>2026-08-01T11:25:14Z</Time>
      <Position>
       <LatitudeDegrees>5.2376060</LatitudeDegrees>
       <LongitudeDegrees>100.4388200</LongitudeDegrees>
      </Position>
      <AltitudeMeters>5.9</AltitudeMeters>
      <DistanceMeters>1533.7</DistanceMeters>
      <HeartRateBpm>
       <Value>110</Value>
      </HeartRateBpm>
      <Extensions>
       <TPX xmlns="http://www.garmin.com/xmlschemas/ActivityExtension/v2">
        <Speed>1.6</Speed>
       </TPX>
      </Extensions>
     </Trackpoint>
     <Trackpoint>
      <Time>2026-08-01T11:25:15Z</Time>
      <Position>
       <LatitudeDegrees>5.2375920</LatitudeDegrees>
       <LongitudeDegrees>100.4388210</LongitudeDegrees>
      </Position>
      <AltitudeMeters>5.9</AltitudeMeters>
      <DistanceMeters>1535.3</DistanceMeters>
      <HeartRateBpm>
       <Value>109</Value>
      </HeartRateBpm>
      <Extensions>
       <TPX xmlns="http://www.garmin.com/xmlschemas/ActivityExtension/v2">
        <Speed>1.9</Speed>
       </TPX>
      </Extensions>
     </Trackpoint>
     <Trackpoint>
      <Time>2026-08-01T11:25:16Z</Time>
      <Position>
       <LatitudeDegrees>5.2375790</LatitudeDegrees>
       <LongitudeDegrees>100.4388210</LongitudeDegrees>
      </Position>
      <AltitudeMeters>5.9</AltitudeMeters>
      <DistanceMeters>1536.7</DistanceMeters>
      <HeartRateBpm>
       <Value>109</Value>
      </HeartRateBpm>
      <Extensions>
       <TPX xmlns="http://www.garmin.com/xmlschemas/ActivityExtension/v2">
        <Speed>1.6</Speed>
       </TPX>
      </Extensions>
     </Trackpoint>
     <Trackpoint>
      <Time>2026-08-01T11:25:17Z</Time>
      <Position>
       <LatitudeDegrees>5.2375640</LatitudeDegrees>
       <LongitudeDegrees>100.4388220</LongitudeDegrees>
      </Position>
      <AltitudeMeters>5.9</AltitudeMeters>
      <DistanceMeters>1536.7</DistanceMeters>
      <HeartRateBpm>
       <Value>110</Value>
      </HeartRateBpm>
      <Extensions>
       <TPX xmlns="http://www.garmin.com/xmlschemas/ActivityExtension/v2">
        <Speed>1.6</Speed>
       </TPX>
      </Extensions>
     </Trackpoint>
     <Trackpoint>
      <Time>2026-08-01T11:25:18Z</Time>
      <Position>
       <LatitudeDegrees>5.2375500</LatitudeDegrees>
       <LongitudeDegrees>100.4388220</LongitudeDegrees>
      </Position>
      <AltitudeMeters>5.9</AltitudeMeters>
      <DistanceMeters>1540.0</DistanceMeters>
      <HeartRateBpm>
       <Value>111</Value>
      </HeartRateBpm>
      <Extensions>
       <TPX xmlns="http://www.garmin.com/xmlschemas/ActivityExtension/v2">
        <Speed>1.5</Speed>
       </TPX>
      </Extensions>
     </Trackpoint>
     <Trackpoint>
      <Time>2026-08-01T11:25:19Z</Time>
      <Position>
       <LatitudeDegrees>5.2375310</LatitudeDegrees>
       <LongitudeDegrees>100.4388240</LongitudeDegrees>
      </Position>
      <AltitudeMeters>5.9</AltitudeMeters>
      <DistanceMeters>1542.1</DistanceMeters>
      <HeartRateBpm>
       <Value>112</Value>
      </HeartRateBpm>
      <Extensions>
       <TPX xmlns="http://www.garmin.com/xmlschemas/ActivityExtension/v2">
        <Speed>1.7</Speed>
       </TPX>
      </Extensions>
     </Trackpoint>
     <Trackpoint>
      <Time>2026-08-01T11:25:20Z</Time>
      <Position>
       <LatitudeDegrees>5.2375310</LatitudeDegrees>
       <LongitudeDegrees>100.4388240</LongitudeDegrees>
      </Position>
      <AltitudeMeters>5.9</AltitudeMeters>
      <DistanceMeters>1542.1</DistanceMeters>
      <HeartRateBpm>
       <Value>112</Value>
      </HeartRateBpm>
      <Extensions>
       <TPX xmlns="http://www.garmin.com/xmlschemas/ActivityExtension/v2">
        <Speed>1.4</Speed>
       </TPX>
      </Extensions>
     </Trackpoint>
     <Trackpoint>
      <Time>2026-08-01T11:25:21Z</Time>
      <Position>
       <LatitudeDegrees>5.2375080</LatitudeDegrees>
       <LongitudeDegrees>100.4388320</LongitudeDegrees>
      </Position>
      <AltitudeMeters>5.9</AltitudeMeters>
      <DistanceMeters>1544.7</DistanceMeters>
      <HeartRateBpm>
       <Value>112</Value>
      </HeartRateBpm>
      <Extensions>
       <TPX xmlns="http://www.garmin.com/xmlschemas/ActivityExtension/v2">
        <Speed>1.6</Speed>
       </TPX>
      </Extensions>
     </Trackpoint>
     <Trackpoint>
      <Time>2026-08-01T11:25:22Z</Time>
      <Position>
       <LatitudeDegrees>5.2374950</LatitudeDegrees>
       <LongitudeDegrees>100.4388370</LongitudeDegrees>
      </Position>
      <AltitudeMeters>5.9</AltitudeMeters>
      <DistanceMeters>1544.7</DistanceMeters>
      <HeartRateBpm>
       <Value>111</Value>
      </HeartRateBpm>
      <Extensions>
       <TPX xmlns="http://www.garmin.com/xmlschemas/ActivityExtension/v2">
        <Speed>1.6</Speed>
       </TPX>
      </Extensions>
     </Trackpoint>
     <Trackpoint>
      <Time>2026-08-01T11:25:23Z</Time>
      <Position>
       <LatitudeDegrees>5.2374810</LatitudeDegrees>
       <LongitudeDegrees>100.4388420</LongitudeDegrees>
      </Position>
      <AltitudeMeters>5.9</AltitudeMeters>
      <DistanceMeters>1547.9</DistanceMeters>
      <HeartRateBpm>
       <Value>111</Value>
      </HeartRateBpm>
      <Extensions>
       <TPX xmlns="http://www.garmin.com/xmlschemas/ActivityExtension/v2">
        <Speed>1.6</Speed>
       </TPX>
      </Extensions>
     </Trackpoint>
     <Trackpoint>
      <Time>2026-08-01T11:25:24Z</Time>
      <Position>
       <LatitudeDegrees>5.2374680</LatitudeDegrees>
       <LongitudeDegrees>100.4388470</LongitudeDegrees>
      </Position>
      <AltitudeMeters>5.9</AltitudeMeters>
      <DistanceMeters>1547.9</DistanceMeters>
      <HeartRateBpm>
       <Value>111</Value>
      </HeartRateBpm>
      <Extensions>
       <TPX xmlns="http://www.garmin.com/xmlschemas/ActivityExtension/v2">
        <Speed>1.2</Speed>
       </TPX>
      </Extensions>
     </Trackpoint>
     <Trackpoint>
      <Time>2026-08-01T11:25:25Z</Time>
      <Position>
       <LatitudeDegrees>5.2374550</LatitudeDegrees>
       <LongitudeDegrees>100.4388510</LongitudeDegrees>
      </Position>
      <AltitudeMeters>5.9</AltitudeMeters>
      <DistanceMeters>1551.0</DistanceMeters>
      <HeartRateBpm>
       <Value>111</Value>
      </HeartRateBpm>
      <Extensions>
       <TPX xmlns="http://www.garmin.com/xmlschemas/ActivityExtension/v2">
        <Speed>1.8</Speed>
       </TPX>
      </Extensions>
     </Trackpoint>
     <Trackpoint>
      <Time>2026-08-01T11:25:26Z</Time>
      <Position>
       <LatitudeDegrees>5.2374420</LatitudeDegrees>
       <LongitudeDegrees>100.4388560</LongitudeDegrees>
      </Position>
      <AltitudeMeters>5.9</AltitudeMeters>
      <DistanceMeters>1551.0</DistanceMeters>
      <HeartRateBpm>
       <Value>110</Value>
      </HeartRateBpm>
      <Extensions>
       <TPX xmlns="http://www.garmin.com/xmlschemas/ActivityExtension/v2">
        <Speed>1.3</Speed>
       </TPX>
      </Extensions>
     </Trackpoint>
     <Trackpoint>
      <Time>2026-08-01T11:25:27Z</Time>
      <Position>
       <LatitudeDegrees>5.2374290</LatitudeDegrees>
       <LongitudeDegrees>100.4388590</LongitudeDegrees>
      </Position>
      <AltitudeMeters>5.9</AltitudeMeters>
      <DistanceMeters>1554.1</DistanceMeters>
      <HeartRateBpm>
       <Value>111</Value>
      </HeartRateBpm>
      <Extensions>
       <TPX xmlns="http://www.garmin.com/xmlschemas/ActivityExtension/v2">
        <Speed>1.9</Speed>
       </TPX>
      </Extensions>
     </Trackpoint>
     <Trackpoint>
      <Time>2026-08-01T11:25:28Z</Time>
      <Position>
       <LatitudeDegrees>5.2374190</LatitudeDegrees>
       <LongitudeDegrees>100.4388660</LongitudeDegrees>
      </Position>
      <AltitudeMeters>5.9</AltitudeMeters>
      <DistanceMeters>1554.1</DistanceMeters>
      <HeartRateBpm>
       <Value>111</Value>
      </HeartRateBpm>
      <Extensions>
       <TPX xmlns="http://www.garmin.com/xmlschemas/ActivityExtension/v2">
        <Speed>1.2</Speed>
       </TPX>
      </Extensions>
     </Trackpoint>
     <Trackpoint>
      <Time>2026-08-01T11:25:29Z</Time>
      <Position>
       <LatitudeDegrees>5.2374080</LatitudeDegrees>
       <LongitudeDegrees>100.4388690</LongitudeDegrees>
      </Position>
      <AltitudeMeters>5.9</AltitudeMeters>
      <DistanceMeters>1554.1</DistanceMeters>
      <HeartRateBpm>
       <Value>111</Value>
      </HeartRateBpm>
      <Extensions>
       <TPX xmlns="http://www.garmin.com/xmlschemas/ActivityExtension/v2">
        <Speed>1.2</Speed>
       </TPX>
      </Extensions>
     </Trackpoint>
     <Trackpoint>
      <Time>2026-08-01T11:25:30Z</Time>
      <Position>
       <LatitudeDegrees>5.2373950</LatitudeDegrees>
       <LongitudeDegrees>100.4388730</LongitudeDegrees>
      </Position>
      <AltitudeMeters>5.9</AltitudeMeters>
      <DistanceMeters>1558.1</DistanceMeters>
      <HeartRateBpm>
       <Value>111</Value>
      </HeartRateBpm>
      <Extensions>
       <TPX xmlns="http://www.garmin.com/xmlschemas/ActivityExtension/v2">
        <Speed>1.4</Speed>
       </TPX>
      </Extensions>
     </Trackpoint>
     <Trackpoint>
      <Time>2026-08-01T11:25:31Z</Time>
      <Position>
       <LatitudeDegrees>5.2373820</LatitudeDegrees>
       <LongitudeDegrees>100.4388740</LongitudeDegrees>
      </Position>
      <AltitudeMeters>5.9</AltitudeMeters>
      <DistanceMeters>1559.5</DistanceMeters>
      <HeartRateBpm>
       <Value>110</Value>
      </HeartRateBpm>
      <Extensions>
       <TPX xmlns="http://www.garmin.com/xmlschemas/ActivityExtension/v2">
        <Speed>1.7</Speed>
       </TPX>
      </Extensions>
     </Trackpoint>
     <Trackpoint>
      <Time>2026-08-01T11:25:32Z</Time>
      <Position>
       <LatitudeDegrees>5.2373700</LatitudeDegrees>
       <LongitudeDegrees>100.4388770</LongitudeDegrees>
      </Position>
      <AltitudeMeters>5.9</AltitudeMeters>
      <DistanceMeters>1560.9</DistanceMeters>
      <HeartRateBpm>
       <Value>109</Value>
      </HeartRateBpm>
      <Extensions>
       <TPX xmlns="http://www.garmin.com/xmlschemas/ActivityExtension/v2">
        <Speed>1.4</Speed>
       </TPX>
      </Extensions>
     </Trackpoint>
     <Trackpoint>
      <Time>2026-08-01T11:25:33Z</Time>
      <Position>
       <LatitudeDegrees>5.2373590</LatitudeDegrees>
       <LongitudeDegrees>100.4388850</LongitudeDegrees>
      </Position>
      <AltitudeMeters>5.9</AltitudeMeters>
      <DistanceMeters>1562.4</DistanceMeters>
      <HeartRateBpm>
       <Value>110</Value>
      </HeartRateBpm>
      <Extensions>
       <TPX xmlns="http://www.garmin.com/xmlschemas/ActivityExtension/v2">
        <Speed>1.7</Speed>
       </TPX>
      </Extensions>
     </Trackpoint>
     <Trackpoint>
      <Time>2026-08-01T11:25:34Z</Time>
      <Position>
       <LatitudeDegrees>5.2373510</LatitudeDegrees>
       <LongitudeDegrees>100.4388860</LongitudeDegrees>
      </Position>
      <AltitudeMeters>5.9</AltitudeMeters>
      <DistanceMeters>1563.1</DistanceMeters>
      <HeartRateBpm>
       <Value>111</Value>
      </HeartRateBpm>
      <Extensions>
       <TPX xmlns="http://www.garmin.com/xmlschemas/ActivityExtension/v2">
        <Speed>1.8</Speed>
       </TPX>
      </Extensions>
     </Trackpoint>
     <Trackpoint>
      <Time>2026-08-01T11:25:35Z</Time>
      <Position>
       <LatitudeDegrees>5.2373360</LatitudeDegrees>
       <LongitudeDegrees>100.4388910</LongitudeDegrees>
      </Position>
      <AltitudeMeters>5.9</AltitudeMeters>
      <DistanceMeters>1564.4</DistanceMeters>
      <HeartRateBpm>
       <Value>111</Value>
      </HeartRateBpm>
      <Extensions>
       <TPX xmlns="http://www.garmin.com/xmlschemas/ActivityExtension/v2">
        <Speed>1.3</Speed>
       </TPX>
      </Extensions>
     </Trackpoint>
     <Trackpoint>
      <Time>2026-08-01T11:25:36Z</Time>
      <Position>
       <LatitudeDegrees>5.2373090</LatitudeDegrees>
       <LongitudeDegrees>100.4389000</LongitudeDegrees>
      </Position>
      <AltitudeMeters>5.9</AltitudeMeters>
      <DistanceMeters>1566.7</DistanceMeters>
      <HeartRateBpm>
       <Value>111</Value>
      </HeartRateBpm>
      <Extensions>
       <TPX xmlns="http://www.garmin.com/xmlschemas/ActivityExtension/v2">
        <Speed>1.4</Speed>
       </TPX>
      </Extensions>
     </Trackpoint>
     <Trackpoint>
      <Time>2026-08-01T11:25:37Z</Time>
      <Position>
       <LatitudeDegrees>5.2372960</LatitudeDegrees>
       <LongitudeDegrees>100.4389050</LongitudeDegrees>
      </Position>
      <AltitudeMeters>5.9</AltitudeMeters>
      <DistanceMeters>1569.7</DistanceMeters>
      <HeartRateBpm>
       <Value>111</Value>
      </HeartRateBpm>
      <Extensions>
       <TPX xmlns="http://www.garmin.com/xmlschemas/ActivityExtension/v2">
        <Speed>1.8</Speed>
       </TPX>
      </Extensions>
     </Trackpoint>
     <Trackpoint>
      <Time>2026-08-01T11:25:38Z</Time>
      <Position>
       <LatitudeDegrees>5.2372840</LatitudeDegrees>
       <LongitudeDegrees>100.4389110</LongitudeDegrees>
      </Position>
      <AltitudeMeters>5.9</AltitudeMeters>
      <DistanceMeters>1569.7</DistanceMeters>
      <HeartRateBpm>
       <Value>110</Value>
      </HeartRateBpm>
      <Extensions>
       <TPX xmlns="http://www.garmin.com/xmlschemas/ActivityExtension/v2">
        <Speed>1.5</Speed>
       </TPX>
      </Extensions>
     </Trackpoint>
     <Trackpoint>
      <Time>2026-08-01T11:25:39Z</Time>
      <Position>
       <LatitudeDegrees>5.2372700</LatitudeDegrees>
       <LongitudeDegrees>100.4389150</LongitudeDegrees>
      </Position>
      <AltitudeMeters>5.9</AltitudeMeters>
      <DistanceMeters>1572.8</DistanceMeters>
      <HeartRateBpm>
       <Value>110</Value>
      </HeartRateBpm>
      <Extensions>
       <TPX xmlns="http://www.garmin.com/xmlschemas/ActivityExtension/v2">
        <Speed>1.9</Speed>
       </TPX>
      </Extensions>
     </Trackpoint>
     <Trackpoint>
      <Time>2026-08-01T11:25:40Z</Time>
      <Position>
       <LatitudeDegrees>5.2372700</LatitudeDegrees>
       <LongitudeDegrees>100.4389150</LongitudeDegrees>
      </Position>
      <AltitudeMeters>5.9</AltitudeMeters>
      <DistanceMeters>1572.8</DistanceMeters>
      <HeartRateBpm>
       <Value>109</Value>
      </HeartRateBpm>
      <Extensions>
       <TPX xmlns="http://www.garmin.com/xmlschemas/ActivityExtension/v2">
        <Speed>1.7</Speed>
       </TPX>
      </Extensions>
     </Trackpoint>
     <Trackpoint>
      <Time>2026-08-01T11:25:41Z</Time>
      <Position>
       <LatitudeDegrees>5.2372540</LatitudeDegrees>
       <LongitudeDegrees>100.4389180</LongitudeDegrees>
      </Position>
      <AltitudeMeters>5.9</AltitudeMeters>
      <DistanceMeters>1572.8</DistanceMeters>
      <HeartRateBpm>
       <Value>110</Value>
      </HeartRateBpm>
      <Extensions>
       <TPX xmlns="http://www.garmin.com/xmlschemas/ActivityExtension/v2">
        <Speed>1.2</Speed>
       </TPX>
      </Extensions>
     </Trackpoint>
     <Trackpoint>
      <Time>2026-08-01T11:25:42Z</Time>
      <Position>
       <LatitudeDegrees>5.2372400</LatitudeDegrees>
       <LongitudeDegrees>100.4389200</LongitudeDegrees>
      </Position>
      <AltitudeMeters>5.9</AltitudeMeters>
      <DistanceMeters>1576.2</DistanceMeters>
      <HeartRateBpm>
       <Value>110</Value>
      </HeartRateBpm>
      <Extensions>
       <TPX xmlns="http://www.garmin.com/xmlschemas/ActivityExtension/v2">
        <Speed>1.3</Speed>
       </TPX>
      </Extensions>
     </Trackpoint>
     <Trackpoint>
      <Time>2026-08-01T11:25:43Z</Time>
      <Position>
       <LatitudeDegrees>5.2372280</LatitudeDegrees>
       <LongitudeDegrees>100.4389230</LongitudeDegrees>
      </Position>
      <AltitudeMeters>5.9</AltitudeMeters>
      <DistanceMeters>1576.2</DistanceMeters>
      <HeartRateBpm>
       <Value>110</Value>
      </HeartRateBpm>
      <Extensions>
       <TPX xmlns="http://www.garmin.com/xmlschemas/ActivityExtension/v2">
        <Speed>1.3</Speed>
       </TPX>
      </Extensions>
     </Trackpoint>
     <Trackpoint>
      <Time>2026-08-01T11:25:44Z</Time>
      <Position>
       <LatitudeDegrees>5.2372130</LatitudeDegrees>
       <LongitudeDegrees>100.4389260</LongitudeDegrees>
      </Position>
      <AltitudeMeters>5.9</AltitudeMeters>
      <DistanceMeters>1579.3</DistanceMeters>
      <HeartRateBpm>
       <Value>111</Value>
      </HeartRateBpm>
      <Extensions>
       <TPX xmlns="http://www.garmin.com/xmlschemas/ActivityExtension/v2">
        <Speed>1.3</Speed>
       </TPX>
      </Extensions>
     </Trackpoint>
     <Trackpoint>
      <Time>2026-08-01T11:25:45Z</Time>
      <Position>
       <LatitudeDegrees>5.2371970</LatitudeDegrees>
       <LongitudeDegrees>100.4389300</LongitudeDegrees>
      </Position>
      <AltitudeMeters>5.9</AltitudeMeters>
      <DistanceMeters>1579.3</DistanceMeters>
      <HeartRateBpm>
       <Value>111</Value>
      </HeartRateBpm>
      <Extensions>
       <TPX xmlns="http://www.garmin.com/xmlschemas/ActivityExtension/v2">
        <Speed>1.3</Speed>
       </TPX>
      </Extensions>
     </Trackpoint>
     <Trackpoint>
      <Time>2026-08-01T11:25:46Z</Time>
      <Position>
       <LatitudeDegrees>5.2371820</LatitudeDegrees>
       <LongitudeDegrees>100.4389340</LongitudeDegrees>
      </Position>
      <AltitudeMeters>5.9</AltitudeMeters>
      <DistanceMeters>1582.8</DistanceMeters>
      <HeartRateBpm>
       <Value>110</Value>
      </HeartRateBpm>
      <Extensions>
       <TPX xmlns="http://www.garmin.com/xmlschemas/ActivityExtension/v2">
        <Speed>2.0</Speed>
       </TPX>
      </Extensions>
     </Trackpoint>
     <Trackpoint>
      <Time>2026-08-01T11:25:47Z</Time>
      <Position>
       <LatitudeDegrees>5.2371660</LatitudeDegrees>
       <LongitudeDegrees>100.4389370</LongitudeDegrees>
      </Position>
      <AltitudeMeters>5.9</AltitudeMeters>
      <DistanceMeters>1582.8</DistanceMeters>
      <HeartRateBpm>
       <Value>113</Value>
      </HeartRateBpm>
      <Extensions>
       <TPX xmlns="http://www.garmin.com/xmlschemas/ActivityExtension/v2">
        <Speed>1.3</Speed>
       </TPX>
      </Extensions>
     </Trackpoint>
     <Trackpoint>
      <Time>2026-08-01T11:25:48Z</Time>
      <Position>
       <LatitudeDegrees>5.2371590</LatitudeDegrees>
       <LongitudeDegrees>100.4389380</LongitudeDegrees>
      </Position>
      <AltitudeMeters>5.9</AltitudeMeters>
      <DistanceMeters>1582.8</DistanceMeters>
      <HeartRateBpm>
       <Value>114</Value>
      </HeartRateBpm>
      <Extensions>
       <TPX xmlns="http://www.garmin.com/xmlschemas/ActivityExtension/v2">
        <Speed>1.3</Speed>
       </TPX>
      </Extensions>
     </Trackpoint>
     <Trackpoint>
      <Time>2026-08-01T11:25:49Z</Time>
      <Position>
       <LatitudeDegrees>5.2371480</LatitudeDegrees>
       <LongitudeDegrees>100.4389390</LongitudeDegrees>
      </Position>
      <AltitudeMeters>5.9</AltitudeMeters>
      <DistanceMeters>1586.7</DistanceMeters>
      <HeartRateBpm>
       <Value>115</Value>
      </HeartRateBpm>
      <Extensions>
       <TPX xmlns="http://www.garmin.com/xmlschemas/ActivityExtension/v2">
        <Speed>1.5</Speed>
       </TPX>
      </Extensions>
     </Trackpoint>
     <Trackpoint>
      <Time>2026-08-01T11:25:50Z</Time>
      <Position>
       <LatitudeDegrees>5.2371360</LatitudeDegrees>
       <LongitudeDegrees>100.4389410</LongitudeDegrees>
      </Position>
      <AltitudeMeters>5.9</AltitudeMeters>
      <DistanceMeters>1588.0</DistanceMeters>
      <HeartRateBpm>
       <Value>115</Value>
      </HeartRateBpm>
      <Extensions>
       <TPX xmlns="http://www.garmin.com/xmlschemas/ActivityExtension/v2">
        <Speed>1.7</Speed>
       </TPX>
      </Extensions>
     </Trackpoint>
     <Trackpoint>
      <Time>2026-08-01T11:25:51Z</Time>
      <Position>
       <LatitudeDegrees>5.2371240</LatitudeDegrees>
       <LongitudeDegrees>100.4389420</LongitudeDegrees>
      </Position>
      <AltitudeMeters>5.9</AltitudeMeters>
      <DistanceMeters>1589.3</DistanceMeters>
      <HeartRateBpm>
       <Value>114</Value>
      </HeartRateBpm>
      <Extensions>
       <TPX xmlns="http://www.garmin.com/xmlschemas/ActivityExtension/v2">
        <Speed>1.3</Speed>
       </TPX>
      </Extensions>
     </Trackpoint>
     <Trackpoint>
      <Time>2026-08-01T11:25:52Z</Time>
      <Position>
       <LatitudeDegrees>5.2371110</LatitudeDegrees>
       <LongitudeDegrees>100.4389450</LongitudeDegrees>
      </Position>
      <AltitudeMeters>5.9</AltitudeMeters>
      <DistanceMeters>1590.8</DistanceMeters>
      <HeartRateBpm>
       <Value>115</Value>
      </HeartRateBpm>
      <Extensions>
       <TPX xmlns="http://www.garmin.com/xmlschemas/ActivityExtension/v2">
        <Speed>1.6</Speed>
       </TPX>
      </Extensions>
     </Trackpoint>
     <Trackpoint>
      <Time>2026-08-01T11:25:53Z</Time>
      <Position>
       <LatitudeDegrees>5.2370950</LatitudeDegrees>
       <LongitudeDegrees>100.4389470</LongitudeDegrees>
      </Position>
      <AltitudeMeters>5.9</AltitudeMeters>
      <DistanceMeters>1592.6</DistanceMeters>
      <HeartRateBpm>
       <Value>115</Value>
      </HeartRateBpm>
      <Extensions>
       <TPX xmlns="http://www.garmin.com/xmlschemas/ActivityExtension/v2">
        <Speed>2.0</Speed>
       </TPX>
      </Extensions>
     </Trackpoint>
     <Trackpoint>
      <Time>2026-08-01T11:25:54Z</Time>
      <Position>
       <LatitudeDegrees>5.2370860</LatitudeDegrees>
       <LongitudeDegrees>100.4389490</LongitudeDegrees>
      </Position>
      <AltitudeMeters>5.9</AltitudeMeters>
      <DistanceMeters>1593.6</DistanceMeters>
      <HeartRateBpm>
       <Value>115</Value>
      </HeartRateBpm>
      <Extensions>
       <TPX xmlns="http://www.garmin.com/xmlschemas/ActivityExtension/v2">
        <Speed>1.4</Speed>
       </TPX>
      </Extensions>
     </Trackpoint>
     <Trackpoint>
      <Time>2026-08-01T11:25:55Z</Time>
      <Position>
       <LatitudeDegrees>5.2370710</LatitudeDegrees>
       <LongitudeDegrees>100.4389510</LongitudeDegrees>
      </Position>
      <AltitudeMeters>5.8</AltitudeMeters>
      <DistanceMeters>1595.3</DistanceMeters>
      <HeartRateBpm>
       <Value>114</Value>
      </HeartRateBpm>
      <Extensions>
       <TPX xmlns="http://www.garmin.com/xmlschemas/ActivityExtension/v2">
        <Speed>1.5</Speed>
       </TPX>
      </Extensions>
     </Trackpoint>
     <Trackpoint>
      <Time>2026-08-01T11:25:56Z</Time>
      <Position>
       <LatitudeDegrees>5.2370580</LatitudeDegrees>
       <LongitudeDegrees>100.4389530</LongitudeDegrees>
      </Position>
      <AltitudeMeters>5.8</AltitudeMeters>
      <DistanceMeters>1595.3</DistanceMeters>
      <HeartRateBpm>
       <Value>113</Value>
      </HeartRateBpm>
      <Extensions>
       <TPX xmlns="http://www.garmin.com/xmlschemas/ActivityExtension/v2">
        <Speed>1.2</Speed>
       </TPX>
      </Extensions>
     </Trackpoint>
     <Trackpoint>
      <Time>2026-08-01T11:25:57Z</Time>
      <Position>
       <LatitudeDegrees>5.2370430</LatitudeDegrees>
       <LongitudeDegrees>100.4389570</LongitudeDegrees>
      </Position>
      <AltitudeMeters>5.8</AltitudeMeters>
      <DistanceMeters>1598.5</DistanceMeters>
      <HeartRateBpm>
       <Value>113</Value>
      </HeartRateBpm>
      <Extensions>
       <TPX xmlns="http://www.garmin.com/xmlschemas/ActivityExtension/v2">
        <Speed>1.5</Speed>
       </TPX>
      </Extensions>
     </Trackpoint>
     <Trackpoint>
      <Time>2026-08-01T11:25:58Z</Time>
      <Position>
       <LatitudeDegrees>5.2370290</LatitudeDegrees>
       <LongitudeDegrees>100.4389610</LongitudeDegrees>
      </Position>
      <AltitudeMeters>5.8</AltitudeMeters>
      <DistanceMeters>1598.5</DistanceMeters>
      <HeartRateBpm>
       <Value>113</Value>
      </HeartRateBpm>
      <Extensions>
       <TPX xmlns="http://www.garmin.com/xmlschemas/ActivityExtension/v2">
        <Speed>1.2</Speed>
       </TPX>
      </Extensions>
     </Trackpoint>
     <Trackpoint>
      <Time>2026-08-01T11:25:59Z</Time>
      <Position>
       <LatitudeDegrees>5.2370150</LatitudeDegrees>
       <LongitudeDegrees>100.4389640</LongitudeDegrees>
      </Position>
      <AltitudeMeters>5.8</AltitudeMeters>
      <DistanceMeters>1601.7</DistanceMeters>
      <HeartRateBpm>
       <Value>115</Value>
      </HeartRateBpm>
      <Extensions>
       <TPX xmlns="http://www.garmin.com/xmlschemas/ActivityExtension/v2">
        <Speed>1.6</Speed>
       </TPX>
      </Extensions>
     </Trackpoint>
     <Trackpoint>
      <Time>2026-08-01T11:26:00Z</Time>
      <Position>
       <LatitudeDegrees>5.2370010</LatitudeDegrees>
       <LongitudeDegrees>100.4389680</LongitudeDegrees>
      </Position>
      <AltitudeMeters>5.8</AltitudeMeters>
      <DistanceMeters>1601.7</DistanceMeters>
      <HeartRateBpm>
       <Value>115</Value>
      </HeartRateBpm>
      <Extensions>
       <TPX xmlns="http://www.garmin.com/xmlschemas/ActivityExtension/v2">
        <Speed>1.3</Speed>
       </TPX>
      </Extensions>
     </Trackpoint>
     <Trackpoint>
      <Time>2026-08-01T11:26:01Z</Time>
      <Position>
       <LatitudeDegrees>5.2369870</LatitudeDegrees>
       <LongitudeDegrees>100.4389740</LongitudeDegrees>
      </Position>
      <AltitudeMeters>5.8</AltitudeMeters>
      <DistanceMeters>1605.0</DistanceMeters>
      <HeartRateBpm>
       <Value>115</Value>
      </HeartRateBpm>
      <Extensions>
       <TPX xmlns="http://www.garmin.com/xmlschemas/ActivityExtension/v2">
        <Speed>1.9</Speed>
       </TPX>
      </Extensions>
     </Trackpoint>
     <Trackpoint>
      <Time>2026-08-01T11:26:02Z</Time>
      <Position>
       <LatitudeDegrees>5.2369740</LatitudeDegrees>
       <LongitudeDegrees>100.4389780</LongitudeDegrees>
      </Position>
      <AltitudeMeters>5.8</AltitudeMeters>
      <DistanceMeters>1606.5</DistanceMeters>
      <HeartRateBpm>
       <Value>115</Value>
      </HeartRateBpm>
      <Extensions>
       <TPX xmlns="http://www.garmin.com/xmlschemas/ActivityExtension/v2">
        <Speed>1.6</Speed>
       </TPX>
      </Extensions>
     </Trackpoint>
     <Trackpoint>
      <Time>2026-08-01T11:26:03Z</Time>
      <Position>
       <LatitudeDegrees>5.2369630</LatitudeDegrees>
       <LongitudeDegrees>100.4389850</LongitudeDegrees>
      </Position>
      <AltitudeMeters>5.8</AltitudeMeters>
      <DistanceMeters>1608.0</DistanceMeters>
      <HeartRateBpm>
       <Value>114</Value>
      </HeartRateBpm>
      <Extensions>
       <TPX xmlns="http://www.garmin.com/xmlschemas/ActivityExtension/v2">
        <Speed>1.9</Speed>
       </TPX>
      </Extensions>
     </Trackpoint>
     <Trackpoint>
      <Time>2026-08-01T11:26:04Z</Time>
      <Position>
       <LatitudeDegrees>5.2369520</LatitudeDegrees>
       <LongitudeDegrees>100.4389930</LongitudeDegrees>
      </Position>
      <AltitudeMeters>5.8</AltitudeMeters>
      <DistanceMeters>1609.5</DistanceMeters>
      <HeartRateBpm>
       <Value>113</Value>
      </HeartRateBpm>
      <Extensions>
       <TPX xmlns="http://www.garmin.com/xmlschemas/ActivityExtension/v2">
        <Speed>1.6</Speed>
       </TPX>
      </Extensions>
     </Trackpoint>
     <Trackpoint>
      <Time>2026-08-01T11:26:05Z</Time>
      <Position>
       <LatitudeDegrees>5.2369400</LatitudeDegrees>
       <LongitudeDegrees>100.4390010</LongitudeDegrees>
      </Position>
      <AltitudeMeters>5.8</AltitudeMeters>
      <DistanceMeters>1611.1</DistanceMeters>
      <HeartRateBpm>
       <Value>112</Value>
      </HeartRateBpm>
      <Extensions>
       <TPX xmlns="http://www.garmin.com/xmlschemas/ActivityExtension/v2">
        <Speed>1.9</Speed>
       </TPX>
      </Extensions>
     </Trackpoint>
     <Trackpoint>
      <Time>2026-08-01T11:26:06Z</Time>
      <Position>
       <LatitudeDegrees>5.2369280</LatitudeDegrees>
       <LongitudeDegrees>100.4390060</LongitudeDegrees>
      </Position>
      <AltitudeMeters>5.8</AltitudeMeters>
      <DistanceMeters>1612.5</DistanceMeters>
      <HeartRateBpm>
       <Value>113</Value>
      </HeartRateBpm>
      <Extensions>
       <TPX xmlns="http://www.garmin.com/xmlschemas/ActivityExtension/v2">
        <Speed>1.5</Speed>
       </TPX>
      </Extensions>
     </Trackpoint>
     <Trackpoint>
      <Time>2026-08-01T11:26:07Z</Time>
      <Position>
       <LatitudeDegrees>5.2369150</LatitudeDegrees>
       <LongitudeDegrees>100.4390080</LongitudeDegrees>
      </Position>
      <AltitudeMeters>5.8</AltitudeMeters>
      <DistanceMeters>1613.9</DistanceMeters>
      <HeartRateBpm>
       <Value>113</Value>
      </HeartRateBpm>
      <Extensions>
       <TPX xmlns="http://www.garmin.com/xmlschemas/ActivityExtension/v2">
        <Speed>1.5</Speed>
       </TPX>
      </Extensions>
     </Trackpoint>
     <Trackpoint>
      <Time>2026-08-01T11:26:08Z</Time>
      <Position>
       <LatitudeDegrees>5.2368970</LatitudeDegrees>
       <LongitudeDegrees>100.4390110</LongitudeDegrees>
      </Position>
      <AltitudeMeters>5.8</AltitudeMeters>
      <DistanceMeters>1613.9</DistanceMeters>
      <HeartRateBpm>
       <Value>114</Value>
      </HeartRateBpm>
      <Extensions>
       <TPX xmlns="http://www.garmin.com/xmlschemas/ActivityExtension/v2">
        <Speed>1.2</Speed>
       </TPX>
      </Extensions>
     </Trackpoint>
     <Trackpoint>
      <Time>2026-08-01T11:26:09Z</Time>
      <Position>
       <LatitudeDegrees>5.2368870</LatitudeDegrees>
       <LongitudeDegrees>100.4390120</LongitudeDegrees>
      </Position>
      <AltitudeMeters>5.8</AltitudeMeters>
      <DistanceMeters>1617.0</DistanceMeters>
      <HeartRateBpm>
       <Value>115</Value>
      </HeartRateBpm>
      <Extensions>
       <TPX xmlns="http://www.garmin.com/xmlschemas/ActivityExtension/v2">
        <Speed>1.5</Speed>
       </TPX>
      </Extensions>
     </Trackpoint>
     <Trackpoint>
      <Time>2026-08-01T11:26:10Z</Time>
      <Position>
       <LatitudeDegrees>5.2368760</LatitudeDegrees>
       <LongitudeDegrees>100.4390140</LongitudeDegrees>
      </Position>
      <AltitudeMeters>5.8</AltitudeMeters>
      <DistanceMeters>1617.0</DistanceMeters>
      <HeartRateBpm>
       <Value>115</Value>
      </HeartRateBpm>
      <Extensions>
       <TPX xmlns="http://www.garmin.com/xmlschemas/ActivityExtension/v2">
        <Speed>1.2</Speed>
       </TPX>
      </Extensions>
     </Trackpoint>
     <Trackpoint>
      <Time>2026-08-01T11:26:11Z</Time>
      <Position>
       <LatitudeDegrees>5.2368640</LatitudeDegrees>
       <LongitudeDegrees>100.4390160</LongitudeDegrees>
      </Position>
      <AltitudeMeters>5.8</AltitudeMeters>
      <DistanceMeters>1617.0</DistanceMeters>
      <HeartRateBpm>
       <Value>114</Value>
      </HeartRateBpm>
      <Extensions>
       <TPX xmlns="http://www.garmin.com/xmlschemas/ActivityExtension/v2">
        <Speed>0.9</Speed>
       </TPX>
      </Extensions>
     </Trackpoint>
     <Trackpoint>
      <Time>2026-08-01T11:26:12Z</Time>
      <Position>
       <LatitudeDegrees>5.2368520</LatitudeDegrees>
       <LongitudeDegrees>100.4390180</LongitudeDegrees>
      </Position>
      <AltitudeMeters>5.8</AltitudeMeters>
      <DistanceMeters>1621.0</DistanceMeters>
      <HeartRateBpm>
       <Value>114</Value>
      </HeartRateBpm>
      <Extensions>
       <TPX xmlns="http://www.garmin.com/xmlschemas/ActivityExtension/v2">
        <Speed>1.4</Speed>
       </TPX>
      </Extensions>
     </Trackpoint>
     <Trackpoint>
      <Time>2026-08-01T11:26:13Z</Time>
      <Position>
       <LatitudeDegrees>5.2368370</LatitudeDegrees>
       <LongitudeDegrees>100.4390220</LongitudeDegrees>
      </Position>
      <AltitudeMeters>5.8</AltitudeMeters>
      <DistanceMeters>1621.0</DistanceMeters>
      <HeartRateBpm>
       <Value>114</Value>
      </HeartRateBpm>
      <Extensions>
       <TPX xmlns="http://www.garmin.com/xmlschemas/ActivityExtension/v2">
        <Speed>1.4</Speed>
       </TPX>
      </Extensions>
     </Trackpoint>
     <Trackpoint>
      <Time>2026-08-01T11:26:14Z</Time>
      <Position>
       <LatitudeDegrees>5.2368280</LatitudeDegrees>
       <LongitudeDegrees>100.4390250</LongitudeDegrees>
      </Position>
      <AltitudeMeters>5.8</AltitudeMeters>
      <DistanceMeters>1621.0</DistanceMeters>
      <HeartRateBpm>
       <Value>114</Value>
      </HeartRateBpm>
      <Extensions>
       <TPX xmlns="http://www.garmin.com/xmlschemas/ActivityExtension/v2">
        <Speed>0.8</Speed>
       </TPX>
      </Extensions>
     </Trackpoint>
     <Trackpoint>
      <Time>2026-08-01T11:26:15Z</Time>
      <Position>
       <LatitudeDegrees>5.2368180</LatitudeDegrees>
       <LongitudeDegrees>100.4390270</LongitudeDegrees>
      </Position>
      <AltitudeMeters>5.8</AltitudeMeters>
      <DistanceMeters>1624.8</DistanceMeters>
      <HeartRateBpm>
       <Value>114</Value>
      </HeartRateBpm>
      <Extensions>
       <TPX xmlns="http://www.garmin.com/xmlschemas/ActivityExtension/v2">
        <Speed>1.6</Speed>
       </TPX>
      </Extensions>
     </Trackpoint>
     <Trackpoint>
      <Time>2026-08-01T11:26:16Z</Time>
      <Position>
       <LatitudeDegrees>5.2368060</LatitudeDegrees>
       <LongitudeDegrees>100.4390290</LongitudeDegrees>
      </Position>
      <AltitudeMeters>5.8</AltitudeMeters>
      <DistanceMeters>1626.2</DistanceMeters>
      <HeartRateBpm>
       <Value>116</Value>
      </HeartRateBpm>
      <Extensions>
       <TPX xmlns="http://www.garmin.com/xmlschemas/ActivityExtension/v2">
        <Speed>1.8</Speed>
       </TPX>
      </Extensions>
     </Trackpoint>
     <Trackpoint>
      <Time>2026-08-01T11:26:17Z</Time>
      <Position>
       <LatitudeDegrees>5.2367940</LatitudeDegrees>
       <LongitudeDegrees>100.4390320</LongitudeDegrees>
      </Position>
      <AltitudeMeters>5.7</AltitudeMeters>
      <DistanceMeters>1627.5</DistanceMeters>
      <HeartRateBpm>
       <Value>117</Value>
      </HeartRateBpm>
      <Extensions>
       <TPX xmlns="http://www.garmin.com/xmlschemas/ActivityExtension/v2">
        <Speed>1.3</Speed>
       </TPX>
      </Extensions>
     </Trackpoint>
     <Trackpoint>
      <Time>2026-08-01T11:26:18Z</Time>
      <Position>
       <LatitudeDegrees>5.2367820</LatitudeDegrees>
       <LongitudeDegrees>100.4390330</LongitudeDegrees>
      </Position>
      <AltitudeMeters>5.7</AltitudeMeters>
      <DistanceMeters>1628.9</DistanceMeters>
      <HeartRateBpm>
       <Value>117</Value>
      </HeartRateBpm>
      <Extensions>
       <TPX xmlns="http://www.garmin.com/xmlschemas/ActivityExtension/v2">
        <Speed>1.6</Speed>
       </TPX>
      </Extensions>
     </Trackpoint>
     <Trackpoint>
      <Time>2026-08-01T11:26:19Z</Time>
      <Position>
       <LatitudeDegrees>5.2367700</LatitudeDegrees>
       <LongitudeDegrees>100.4390350</LongitudeDegrees>
      </Position>
      <AltitudeMeters>5.7</AltitudeMeters>
      <DistanceMeters>1628.9</DistanceMeters>
      <HeartRateBpm>
       <Value>117</Value>
      </HeartRateBpm>
      <Extensions>
       <TPX xmlns="http://www.garmin.com/xmlschemas/ActivityExtension/v2">
        <Speed>1.6</Speed>
       </TPX>
      </Extensions>
     </Trackpoint>
     <Trackpoint>
      <Time>2026-08-01T11:26:20Z</Time>
      <Position>
       <LatitudeDegrees>5.2367540</LatitudeDegrees>
       <LongitudeDegrees>100.4390370</LongitudeDegrees>
      </Position>
      <AltitudeMeters>5.7</AltitudeMeters>
      <DistanceMeters>1632.1</DistanceMeters>
      <HeartRateBpm>
       <Value>117</Value>
      </HeartRateBpm>
      <Extensions>
       <TPX xmlns="http://www.garmin.com/xmlschemas/ActivityExtension/v2">
        <Speed>1.5</Speed>
       </TPX>
      </Extensions>
     </Trackpoint>
     <Trackpoint>
      <Time>2026-08-01T11:26:21Z</Time>
      <Position>
       <LatitudeDegrees>5.2367440</LatitudeDegrees>
       <LongitudeDegrees>100.4390370</LongitudeDegrees>
      </Position>
      <AltitudeMeters>5.7</AltitudeMeters>
      <DistanceMeters>1632.1</DistanceMeters>
      <HeartRateBpm>
       <Value>116</Value>
      </HeartRateBpm>
      <Extensions>
       <TPX xmlns="http://www.garmin.com/xmlschemas/ActivityExtension/v2">
        <Speed>1.2</Speed>
       </TPX>
      </Extensions>
     </Trackpoint>
     <Trackpoint>
      <Time>2026-08-01T11:26:22Z</Time>
      <Position>
       <LatitudeDegrees>5.2367330</LatitudeDegrees>
       <LongitudeDegrees>100.4390380</LongitudeDegrees>
      </Position>
      <AltitudeMeters>5.7</AltitudeMeters>
      <DistanceMeters>1632.1</DistanceMeters>
      <HeartRateBpm>
       <Value>116</Value>
      </HeartRateBpm>
      <Extensions>
       <TPX xmlns="http://www.garmin.com/xmlschemas/ActivityExtension/v2">
        <Speed>0.9</Speed>
       </TPX>
      </Extensions>
     </Trackpoint>
     <Trackpoint>
      <Time>2026-08-01T11:26:23Z</Time>
      <Position>
       <LatitudeDegrees>5.2367210</LatitudeDegrees>
       <LongitudeDegrees>100.4390400</LongitudeDegrees>
      </Position>
      <AltitudeMeters>5.7</AltitudeMeters>
      <DistanceMeters>1635.8</DistanceMeters>
      <HeartRateBpm>
       <Value>117</Value>
      </HeartRateBpm>
      <Extensions>
       <TPX xmlns="http://www.garmin.com/xmlschemas/ActivityExtension/v2">
        <Speed>1.4</Speed>
       </TPX>
      </Extensions>
     </Trackpoint>
     <Trackpoint>
      <Time>2026-08-01T11:26:24Z</Time>
      <Position>
       <LatitudeDegrees>5.2367090</LatitudeDegrees>
       <LongitudeDegrees>100.4390440</LongitudeDegrees>
      </Position>
      <AltitudeMeters>5.7</AltitudeMeters>
      <DistanceMeters>1637.2</DistanceMeters>
      <HeartRateBpm>
       <Value>117</Value>
      </HeartRateBpm>
      <Extensions>
       <TPX xmlns="http://www.garmin.com/xmlschemas/ActivityExtension/v2">
        <Speed>1.7</Speed>
       </TPX>
      </Extensions>
     </Trackpoint>
     <Trackpoint>
      <Time>2026-08-01T11:26:25Z</Time>
      <Position>
       <LatitudeDegrees>5.2366970</LatitudeDegrees>
       <LongitudeDegrees>100.4390480</LongitudeDegrees>
      </Position>
      <AltitudeMeters>5.7</AltitudeMeters>
      <DistanceMeters>1638.6</DistanceMeters>
      <HeartRateBpm>
       <Value>117</Value>
      </HeartRateBpm>
      <Extensions>
       <TPX xmlns="http://www.garmin.com/xmlschemas/ActivityExtension/v2">
        <Speed>1.3</Speed>
       </TPX>
      </Extensions>
     </Trackpoint>
     <Trackpoint>
      <Time>2026-08-01T11:26:26Z</Time>
      <Position>
       <LatitudeDegrees>5.2366860</LatitudeDegrees>
       <LongitudeDegrees>100.4390530</LongitudeDegrees>
      </Position>
      <AltitudeMeters>5.7</AltitudeMeters>
      <DistanceMeters>1639.9</DistanceMeters>
      <HeartRateBpm>
       <Value>118</Value>
      </HeartRateBpm>
      <Extensions>
       <TPX xmlns="http://www.garmin.com/xmlschemas/ActivityExtension/v2">
        <Speed>1.6</Speed>
       </TPX>
      </Extensions>
     </Trackpoint>
     <Trackpoint>
      <Time>2026-08-01T11:26:27Z</Time>
      <Position>
       <LatitudeDegrees>5.2366740</LatitudeDegrees>
       <LongitudeDegrees>100.4390580</LongitudeDegrees>
      </Position>
      <AltitudeMeters>5.7</AltitudeMeters>
      <DistanceMeters>1639.9</DistanceMeters>
      <HeartRateBpm>
       <Value>119</Value>
      </HeartRateBpm>
      <Extensions>
       <TPX xmlns="http://www.garmin.com/xmlschemas/ActivityExtension/v2">
        <Speed>1.6</Speed>
       </TPX>
      </Extensions>
     </Trackpoint>
     <Trackpoint>
      <Time>2026-08-01T11:26:28Z</Time>
      <Position>
       <LatitudeDegrees>5.2366570</LatitudeDegrees>
       <LongitudeDegrees>100.4390730</LongitudeDegrees>
      </Position>
      <AltitudeMeters>5.7</AltitudeMeters>
      <DistanceMeters>1643.9</DistanceMeters>
      <HeartRateBpm>
       <Value>117</Value>
      </HeartRateBpm>
      <Extensions>
       <TPX xmlns="http://www.garmin.com/xmlschemas/ActivityExtension/v2">
        <Speed>1.6</Speed>
       </TPX>
      </Extensions>
     </Trackpoint>
     <Trackpoint>
      <Time>2026-08-01T11:26:29Z</Time>
      <Position>
       <LatitudeDegrees>5.2366480</LatitudeDegrees>
       <LongitudeDegrees>100.4390760</LongitudeDegrees>
      </Position>
      <AltitudeMeters>5.7</AltitudeMeters>
      <DistanceMeters>1643.9</DistanceMeters>
      <HeartRateBpm>
       <Value>116</Value>
      </HeartRateBpm>
      <Extensions>
       <TPX xmlns="http://www.garmin.com/xmlschemas/ActivityExtension/v2">
        <Speed>1.3</Speed>
       </TPX>
      </Extensions>
     </Trackpoint>
     <Trackpoint>
      <Time>2026-08-01T11:26:30Z</Time>
      <Position>
       <LatitudeDegrees>5.2366380</LatitudeDegrees>
       <LongitudeDegrees>100.4390770</LongitudeDegrees>
      </Position>
      <AltitudeMeters>5.7</AltitudeMeters>
      <DistanceMeters>1643.9</DistanceMeters>
      <HeartRateBpm>
       <Value>116</Value>
      </HeartRateBpm>
      <Extensions>
       <TPX xmlns="http://www.garmin.com/xmlschemas/ActivityExtension/v2">
        <Speed>1.1</Speed>
       </TPX>
      </Extensions>
     </Trackpoint>
     <Trackpoint>
      <Time>2026-08-01T11:26:31Z</Time>
      <Position>
       <LatitudeDegrees>5.2366260</LatitudeDegrees>
       <LongitudeDegrees>100.4390800</LongitudeDegrees>
      </Position>
      <AltitudeMeters>5.7</AltitudeMeters>
      <DistanceMeters>1647.4</DistanceMeters>
      <HeartRateBpm>
       <Value>117</Value>
      </HeartRateBpm>
      <Extensions>
       <TPX xmlns="http://www.garmin.com/xmlschemas/ActivityExtension/v2">
        <Speed>1.5</Speed>
       </TPX>
      </Extensions>
     </Trackpoint>
     <Trackpoint>
      <Time>2026-08-01T11:26:32Z</Time>
      <Position>
       <LatitudeDegrees>5.2366150</LatitudeDegrees>
       <LongitudeDegrees>100.4390850</LongitudeDegrees>
      </Position>
      <AltitudeMeters>5.7</AltitudeMeters>
      <DistanceMeters>1647.4</DistanceMeters>
      <HeartRateBpm>
       <Value>118</Value>
      </HeartRateBpm>
      <Extensions>
       <TPX xmlns="http://www.garmin.com/xmlschemas/ActivityExtension/v2">
        <Speed>1.5</Speed>
       </TPX>
      </Extensions>
     </Trackpoint>
     <Trackpoint>
      <Time>2026-08-01T11:26:33Z</Time>
      <Position>
       <LatitudeDegrees>5.2366030</LatitudeDegrees>
       <LongitudeDegrees>100.4390930</LongitudeDegrees>
      </Position>
      <AltitudeMeters>5.7</AltitudeMeters>
      <DistanceMeters>1647.4</DistanceMeters>
      <HeartRateBpm>
       <Value>118</Value>
      </HeartRateBpm>
      <Extensions>
       <TPX xmlns="http://www.garmin.com/xmlschemas/ActivityExtension/v2">
        <Speed>0.7</Speed>
       </TPX>
      </Extensions>
     </Trackpoint>
     <Trackpoint>
      <Time>2026-08-01T11:26:34Z</Time>
      <Position>
       <LatitudeDegrees>5.2365940</LatitudeDegrees>
       <LongitudeDegrees>100.4390960</LongitudeDegrees>
      </Position>
      <AltitudeMeters>5.6</AltitudeMeters>
      <DistanceMeters>1651.4</DistanceMeters>
      <HeartRateBpm>
       <Value>118</Value>
      </HeartRateBpm>
      <Extensions>
       <TPX xmlns="http://www.garmin.com/xmlschemas/ActivityExtension/v2">
        <Speed>1.5</Speed>
       </TPX>
      </Extensions>
     </Trackpoint>
     <Trackpoint>
      <Time>2026-08-01T11:26:35Z</Time>
      <Position>
       <LatitudeDegrees>5.2365830</LatitudeDegrees>
       <LongitudeDegrees>100.4390990</LongitudeDegrees>
      </Position>
      <AltitudeMeters>5.6</AltitudeMeters>
      <DistanceMeters>1651.4</DistanceMeters>
      <HeartRateBpm>
       <Value>116</Value>
      </HeartRateBpm>
      <Extensions>
       <TPX xmlns="http://www.garmin.com/xmlschemas/ActivityExtension/v2">
        <Speed>1.5</Speed>
       </TPX>
      </Extensions>
     </Trackpoint>
     <Trackpoint>
      <Time>2026-08-01T11:26:36Z</Time>
      <Position>
       <LatitudeDegrees>5.2365710</LatitudeDegrees>
       <LongitudeDegrees>100.4391030</LongitudeDegrees>
      </Position>
      <AltitudeMeters>5.6</AltitudeMeters>
      <DistanceMeters>1651.4</DistanceMeters>
      <HeartRateBpm>
       <Value>115</Value>
      </HeartRateBpm>
      <Extensions>
       <TPX xmlns="http://www.garmin.com/xmlschemas/ActivityExtension/v2">
        <Speed>0.8</Speed>
       </TPX>
      </Extensions>
     </Trackpoint>
     <Trackpoint>
      <Time>2026-08-01T11:26:37Z</Time>
      <Position>
       <LatitudeDegrees>5.2365610</LatitudeDegrees>
       <LongitudeDegrees>100.4391080</LongitudeDegrees>
      </Position>
      <AltitudeMeters>5.6</AltitudeMeters>
      <DistanceMeters>1655.3</DistanceMeters>
      <HeartRateBpm>
       <Value>114</Value>
      </HeartRateBpm>
      <Extensions>
       <TPX xmlns="http://www.garmin.com/xmlschemas/ActivityExtension/v2">
        <Speed>1.6</Speed>
       </TPX>
      </Extensions>
     </Trackpoint>
     <Trackpoint>
      <Time>2026-08-01T11:26:38Z</Time>
      <Position>
       <LatitudeDegrees>5.2365500</LatitudeDegrees>
       <LongitudeDegrees>100.4391130</LongitudeDegrees>
      </Position>
      <AltitudeMeters>5.6</AltitudeMeters>
      <DistanceMeters>1655.3</DistanceMeters>
      <HeartRateBpm>
       <Value>114</Value>
      </HeartRateBpm>
      <Extensions>
       <TPX xmlns="http://www.garmin.com/xmlschemas/ActivityExtension/v2">
        <Speed>1.6</Speed>
       </TPX>
      </Extensions>
     </Trackpoint>
     <Trackpoint>
      <Time>2026-08-01T11:26:39Z</Time>
      <Position>
       <LatitudeDegrees>5.2365400</LatitudeDegrees>
       <LongitudeDegrees>100.4391160</LongitudeDegrees>
      </Position>
      <AltitudeMeters>5.6</AltitudeMeters>
      <DistanceMeters>1655.3</DistanceMeters>
      <HeartRateBpm>
       <Value>113</Value>
      </HeartRateBpm>
      <Extensions>
       <TPX xmlns="http://www.garmin.com/xmlschemas/ActivityExtension/v2">
        <Speed>0.8</Speed>
       </TPX>
      </Extensions>
     </Trackpoint>
     <Trackpoint>
      <Time>2026-08-01T11:26:40Z</Time>
      <Position>
       <LatitudeDegrees>5.2365290</LatitudeDegrees>
       <LongitudeDegrees>100.4391190</LongitudeDegrees>
      </Position>
      <AltitudeMeters>5.6</AltitudeMeters>
      <DistanceMeters>1659.0</DistanceMeters>
      <HeartRateBpm>
       <Value>113</Value>
      </HeartRateBpm>
      <Extensions>
       <TPX xmlns="http://www.garmin.com/xmlschemas/ActivityExtension/v2">
        <Speed>1.5</Speed>
       </TPX>
      </Extensions>
     </Trackpoint>
     <Trackpoint>
      <Time>2026-08-01T11:26:41Z</Time>
      <Position>
       <LatitudeDegrees>5.2365110</LatitudeDegrees>
       <LongitudeDegrees>100.4391330</LongitudeDegrees>
      </Position>
      <AltitudeMeters>5.6</AltitudeMeters>
      <DistanceMeters>1659.0</DistanceMeters>
      <HeartRateBpm>
       <Value>114</Value>
      </HeartRateBpm>
      <Extensions>
       <TPX xmlns="http://www.garmin.com/xmlschemas/ActivityExtension/v2">
        <Speed>1.5</Speed>
       </TPX>
      </Extensions>
     </Trackpoint>
     <Trackpoint>
      <Time>2026-08-01T11:26:42Z</Time>
      <Position>
       <LatitudeDegrees>5.2365110</LatitudeDegrees>
       <LongitudeDegrees>100.4391330</LongitudeDegrees>
      </Position>
      <AltitudeMeters>5.6</AltitudeMeters>
      <DistanceMeters>1659.0</DistanceMeters>
      <HeartRateBpm>
       <Value>116</Value>
      </HeartRateBpm>
      <Extensions>
       <TPX xmlns="http://www.garmin.com/xmlschemas/ActivityExtension/v2">
        <Speed>0.7</Speed>
       </TPX>
      </Extensions>
     </Trackpoint>
     <Trackpoint>
      <Time>2026-08-01T11:26:43Z</Time>
      <Position>
       <LatitudeDegrees>5.2365010</LatitudeDegrees>
       <LongitudeDegrees>100.4391350</LongitudeDegrees>
      </Position>
      <AltitudeMeters>5.6</AltitudeMeters>
      <DistanceMeters>1662.6</DistanceMeters>
      <HeartRateBpm>
       <Value>116</Value>
      </HeartRateBpm>
      <Extensions>
       <TPX xmlns="http://www.garmin.com/xmlschemas/ActivityExtension/v2">
        <Speed>1.5</Speed>
       </TPX>
      </Extensions>
     </Trackpoint>
     <Trackpoint>
      <Time>2026-08-01T11:26:44Z</Time>
      <Position>
       <LatitudeDegrees>5.2364900</LatitudeDegrees>
       <LongitudeDegrees>100.4391380</LongitudeDegrees>
      </Position>
      <AltitudeMeters>5.6</AltitudeMeters>
      <DistanceMeters>1662.6</DistanceMeters>
      <HeartRateBpm>
       <Value>116</Value>
      </HeartRateBpm>
      <Extensions>
       <TPX xmlns="http://www.garmin.com/xmlschemas/ActivityExtension/v2">
        <Speed>1.5</Speed>
       </TPX>
      </Extensions>
     </Trackpoint>
     <Trackpoint>
      <Time>2026-08-01T11:26:45Z</Time>
      <Position>
       <LatitudeDegrees>5.2364780</LatitudeDegrees>
       <LongitudeDegrees>100.4391370</LongitudeDegrees>
      </Position>
      <AltitudeMeters>5.7</AltitudeMeters>
      <DistanceMeters>1662.6</DistanceMeters>
      <HeartRateBpm>
       <Value>116</Value>
      </HeartRateBpm>
      <Extensions>
       <TPX xmlns="http://www.garmin.com/xmlschemas/ActivityExtension/v2">
        <Speed>0.7</Speed>
       </TPX>
      </Extensions>
     </Trackpoint>
     <Trackpoint>
      <Time>2026-08-01T11:26:46Z</Time>
      <Position>
       <LatitudeDegrees>5.2364650</LatitudeDegrees>
       <LongitudeDegrees>100.4391370</LongitudeDegrees>
      </Position>
      <AltitudeMeters>5.7</AltitudeMeters>
      <DistanceMeters>1666.6</DistanceMeters>
      <HeartRateBpm>
       <Value>116</Value>
      </HeartRateBpm>
      <Extensions>
       <TPX xmlns="http://www.garmin.com/xmlschemas/ActivityExtension/v2">
        <Speed>1.5</Speed>
       </TPX>
      </Extensions>
     </Trackpoint>
     <Trackpoint>
      <Time>2026-08-01T11:26:47Z</Time>
      <Position>
       <LatitudeDegrees>5.2364530</LatitudeDegrees>
       <LongitudeDegrees>100.4391370</LongitudeDegrees>
      </Position>
      <AltitudeMeters>5.7</AltitudeMeters>
      <DistanceMeters>1666.6</DistanceMeters>
      <HeartRateBpm>
       <Value>117</Value>
      </HeartRateBpm>
      <Extensions>
       <TPX xmlns="http://www.garmin.com/xmlschemas/ActivityExtension/v2">
        <Speed>1.5</Speed>
       </TPX>
      </Extensions>
     </Trackpoint>
     <Trackpoint>
      <Time>2026-08-01T11:26:48Z</Time>
      <Position>
       <LatitudeDegrees>5.2364360</LatitudeDegrees>
       <LongitudeDegrees>100.4391380</LongitudeDegrees>
      </Position>
      <AltitudeMeters>5.7</AltitudeMeters>
      <DistanceMeters>1669.8</DistanceMeters>
      <HeartRateBpm>
       <Value>117</Value>
      </HeartRateBpm>
      <Extensions>
       <TPX xmlns="http://www.garmin.com/xmlschemas/ActivityExtension/v2">
        <Speed>1.4</Speed>
       </TPX>
      </Extensions>
     </Trackpoint>
     <Trackpoint>
      <Time>2026-08-01T11:26:49Z</Time>
      <Position>
       <LatitudeDegrees>5.2364260</LatitudeDegrees>
       <LongitudeDegrees>100.4391380</LongitudeDegrees>
      </Position>
      <AltitudeMeters>5.7</AltitudeMeters>
      <DistanceMeters>1669.8</DistanceMeters>
      <HeartRateBpm>
       <Value>117</Value>
      </HeartRateBpm>
      <Extensions>
       <TPX xmlns="http://www.garmin.com/xmlschemas/ActivityExtension/v2">
        <Speed>1.4</Speed>
       </TPX>
      </Extensions>
     </Trackpoint>
     <Trackpoint>
      <Time>2026-08-01T11:26:50Z</Time>
      <Position>
       <LatitudeDegrees>5.2364140</LatitudeDegrees>
       <LongitudeDegrees>100.4391390</LongitudeDegrees>
      </Position>
      <AltitudeMeters>5.7</AltitudeMeters>
      <DistanceMeters>1669.8</DistanceMeters>
      <HeartRateBpm>
       <Value>117</Value>
      </HeartRateBpm>
      <Extensions>
       <TPX xmlns="http://www.garmin.com/xmlschemas/ActivityExtension/v2">
        <Speed>1.4</Speed>
       </TPX>
      </Extensions>
     </Trackpoint>
     <Trackpoint>
      <Time>2026-08-01T11:26:51Z</Time>
      <Position>
       <LatitudeDegrees>5.2364020</LatitudeDegrees>
       <LongitudeDegrees>100.4391380</LongitudeDegrees>
      </Position>
      <AltitudeMeters>5.7</AltitudeMeters>
      <DistanceMeters>1673.6</DistanceMeters>
      <HeartRateBpm>
       <Value>117</Value>
      </HeartRateBpm>
      <Extensions>
       <TPX xmlns="http://www.garmin.com/xmlschemas/ActivityExtension/v2">
        <Speed>1.4</Speed>
       </TPX>
      </Extensions>
     </Trackpoint>
     <Trackpoint>
      <Time>2026-08-01T11:26:52Z</Time>
      <Position>
       <LatitudeDegrees>5.2363900</LatitudeDegrees>
       <LongitudeDegrees>100.4391380</LongitudeDegrees>
      </Position>
      <AltitudeMeters>5.7</AltitudeMeters>
      <DistanceMeters>1673.6</DistanceMeters>
      <HeartRateBpm>
       <Value>116</Value>
      </HeartRateBpm>
      <Extensions>
       <TPX xmlns="http://www.garmin.com/xmlschemas/ActivityExtension/v2">
        <Speed>1.4</Speed>
       </TPX>
      </Extensions>
     </Trackpoint>
     <Trackpoint>
      <Time>2026-08-01T11:26:53Z</Time>
      <Position>
       <LatitudeDegrees>5.2363780</LatitudeDegrees>
       <LongitudeDegrees>100.4391470</LongitudeDegrees>
      </Position>
      <AltitudeMeters>5.8</AltitudeMeters>
      <DistanceMeters>1673.6</DistanceMeters>
      <HeartRateBpm>
       <Value>116</Value>
      </HeartRateBpm>
      <Extensions>
       <TPX xmlns="http://www.garmin.com/xmlschemas/ActivityExtension/v2">
        <Speed>0.8</Speed>
       </TPX>
      </Extensions>
     </Trackpoint>
     <Trackpoint>
      <Time>2026-08-01T11:26:54Z</Time>
      <Position>
       <LatitudeDegrees>5.2363690</LatitudeDegrees>
       <LongitudeDegrees>100.4391470</LongitudeDegrees>
      </Position>
      <AltitudeMeters>5.8</AltitudeMeters>
      <DistanceMeters>1677.5</DistanceMeters>
      <HeartRateBpm>
       <Value>115</Value>
      </HeartRateBpm>
      <Extensions>
       <TPX xmlns="http://www.garmin.com/xmlschemas/ActivityExtension/v2">
        <Speed>1.5</Speed>
       </TPX>
      </Extensions>
     </Trackpoint>
     <Trackpoint>
      <Time>2026-08-01T11:26:55Z</Time>
      <Position>
       <LatitudeDegrees>5.2363560</LatitudeDegrees>
       <LongitudeDegrees>100.4391460</LongitudeDegrees>
      </Position>
      <AltitudeMeters>5.8</AltitudeMeters>
      <DistanceMeters>1677.5</DistanceMeters>
      <HeartRateBpm>
       <Value>115</Value>
      </HeartRateBpm>
      <Extensions>
       <TPX xmlns="http://www.garmin.com/xmlschemas/ActivityExtension/v2">
        <Speed>1.5</Speed>
       </TPX>
      </Extensions>
     </Trackpoint>
     <Trackpoint>
      <Time>2026-08-01T11:26:56Z</Time>
      <Position>
       <LatitudeDegrees>5.2363440</LatitudeDegrees>
       <LongitudeDegrees>100.4391430</LongitudeDegrees>
      </Position>
      <AltitudeMeters>5.7</AltitudeMeters>
      <DistanceMeters>1677.5</DistanceMeters>
      <HeartRateBpm>
       <Value>114</Value>
      </HeartRateBpm>
      <Extensions>
       <TPX xmlns="http://www.garmin.com/xmlschemas/ActivityExtension/v2">
        <Speed>0.8</Speed>
       </TPX>
      </Extensions>
     </Trackpoint>
     <Trackpoint>
      <Time>2026-08-01T11:26:57Z</Time>
      <Position>
       <LatitudeDegrees>5.2363350</LatitudeDegrees>
       <LongitudeDegrees>100.4391390</LongitudeDegrees>
      </Position>
      <AltitudeMeters>5.7</AltitudeMeters>
      <DistanceMeters>1681.3</DistanceMeters>
      <HeartRateBpm>
       <Value>114</Value>
      </HeartRateBpm>
      <Extensions>
       <TPX xmlns="http://www.garmin.com/xmlschemas/ActivityExtension/v2">
        <Speed>1.5</Speed>
       </TPX>
      </Extensions>
     </Trackpoint>
     <Trackpoint>
      <Time>2026-08-01T11:26:58Z</Time>
      <Position>
       <LatitudeDegrees>5.2363290</LatitudeDegrees>
       <LongitudeDegrees>100.4391310</LongitudeDegrees>
      </Position>
      <AltitudeMeters>5.7</AltitudeMeters>
      <DistanceMeters>1682.4</DistanceMeters>
      <HeartRateBpm>
       <Value>114</Value>
      </HeartRateBpm>
      <Extensions>
       <TPX xmlns="http://www.garmin.com/xmlschemas/ActivityExtension/v2">
        <Speed>1.8</Speed>
       </TPX>
      </Extensions>
     </Trackpoint>
     <Trackpoint>
      <Time>2026-08-01T11:26:59Z</Time>
      <Position>
       <LatitudeDegrees>5.2363240</LatitudeDegrees>
       <LongitudeDegrees>100.4391160</LongitudeDegrees>
      </Position>
      <AltitudeMeters>5.8</AltitudeMeters>
      <DistanceMeters>1684.1</DistanceMeters>
      <HeartRateBpm>
       <Value>114</Value>
      </HeartRateBpm>
      <Extensions>
       <TPX xmlns="http://www.garmin.com/xmlschemas/ActivityExtension/v2">
        <Speed>1.3</Speed>
       </TPX>
      </Extensions>
     </Trackpoint>
     <Trackpoint>
      <Time>2026-08-01T11:27:00Z</Time>
      <Position>
       <LatitudeDegrees>5.2363230</LatitudeDegrees>
       <LongitudeDegrees>100.4390990</LongitudeDegrees>
      </Position>
      <AltitudeMeters>5.5</AltitudeMeters>
      <DistanceMeters>1685.9</DistanceMeters>
      <HeartRateBpm>
       <Value>113</Value>
      </HeartRateBpm>
      <Extensions>
       <TPX xmlns="http://www.garmin.com/xmlschemas/ActivityExtension/v2">
        <Speed>1.7</Speed>
       </TPX>
      </Extensions>
     </Trackpoint>
     <Trackpoint>
      <Time>2026-08-01T11:27:01Z</Time>
      <Position>
       <LatitudeDegrees>5.2363240</LatitudeDegrees>
       <LongitudeDegrees>100.4390830</LongitudeDegrees>
      </Position>
      <AltitudeMeters>5.6</AltitudeMeters>
      <DistanceMeters>1685.9</DistanceMeters>
      <HeartRateBpm>
       <Value>113</Value>
      </HeartRateBpm>
      <Extensions>
       <TPX xmlns="http://www.garmin.com/xmlschemas/ActivityExtension/v2">
        <Speed>1.7</Speed>
       </TPX>
      </Extensions>
     </Trackpoint>
     <Trackpoint>
      <Time>2026-08-01T11:27:02Z</Time>
      <Position>
       <LatitudeDegrees>5.2363230</LatitudeDegrees>
       <LongitudeDegrees>100.4390740</LongitudeDegrees>
      </Position>
      <AltitudeMeters>5.6</AltitudeMeters>
      <DistanceMeters>1685.9</DistanceMeters>
      <HeartRateBpm>
       <Value>112</Value>
      </HeartRateBpm>
      <Extensions>
       <TPX xmlns="http://www.garmin.com/xmlschemas/ActivityExtension/v2">
        <Speed>0.9</Speed>
       </TPX>
      </Extensions>
     </Trackpoint>
     <Trackpoint>
      <Time>2026-08-01T11:27:03Z</Time>
      <Position>
       <LatitudeDegrees>5.2363210</LatitudeDegrees>
       <LongitudeDegrees>100.4390650</LongitudeDegrees>
      </Position>
      <AltitudeMeters>5.3</AltitudeMeters>
      <DistanceMeters>1689.6</DistanceMeters>
      <HeartRateBpm>
       <Value>113</Value>
      </HeartRateBpm>
      <Extensions>
       <TPX xmlns="http://www.garmin.com/xmlschemas/ActivityExtension/v2">
        <Speed>1.4</Speed>
       </TPX>
      </Extensions>
     </Trackpoint>
     <Trackpoint>
      <Time>2026-08-01T11:27:04Z</Time>
      <Position>
       <LatitudeDegrees>5.2363140</LatitudeDegrees>
       <LongitudeDegrees>100.4390570</LongitudeDegrees>
      </Position>
      <AltitudeMeters>5.4</AltitudeMeters>
      <DistanceMeters>1689.6</DistanceMeters>
      <HeartRateBpm>
       <Value>113</Value>
      </HeartRateBpm>
      <Extensions>
       <TPX xmlns="http://www.garmin.com/xmlschemas/ActivityExtension/v2">
        <Speed>1.1</Speed>
       </TPX>
      </Extensions>
     </Trackpoint>
     <Trackpoint>
      <Time>2026-08-01T11:27:05Z</Time>
      <Position>
       <LatitudeDegrees>5.2363010</LatitudeDegrees>
       <LongitudeDegrees>100.4390570</LongitudeDegrees>
      </Position>
      <AltitudeMeters>5.4</AltitudeMeters>
      <DistanceMeters>1689.6</DistanceMeters>
      <HeartRateBpm>
       <Value>114</Value>
      </HeartRateBpm>
      <Extensions>
       <TPX xmlns="http://www.garmin.com/xmlschemas/ActivityExtension/v2">
        <Speed>0.7</Speed>
       </TPX>
      </Extensions>
     </Trackpoint>
     <Trackpoint>
      <Time>2026-08-01T11:27:06Z</Time>
      <Position>
       <LatitudeDegrees>5.2362900</LatitudeDegrees>
       <LongitudeDegrees>100.4390590</LongitudeDegrees>
      </Position>
      <AltitudeMeters>5.4</AltitudeMeters>
      <DistanceMeters>1693.1</DistanceMeters>
      <HeartRateBpm>
       <Value>114</Value>
      </HeartRateBpm>
      <Extensions>
       <TPX xmlns="http://www.garmin.com/xmlschemas/ActivityExtension/v2">
        <Speed>1.4</Speed>
       </TPX>
      </Extensions>
     </Trackpoint>
     <Trackpoint>
      <Time>2026-08-01T11:27:07Z</Time>
      <Position>
       <LatitudeDegrees>5.2362810</LatitudeDegrees>
       <LongitudeDegrees>100.4390710</LongitudeDegrees>
      </Position>
      <AltitudeMeters>5.4</AltitudeMeters>
      <DistanceMeters>1693.1</DistanceMeters>
      <HeartRateBpm>
       <Value>113</Value>
      </HeartRateBpm>
      <Extensions>
       <TPX xmlns="http://www.garmin.com/xmlschemas/ActivityExtension/v2">
        <Speed>1.4</Speed>
       </TPX>
      </Extensions>
     </Trackpoint>
     <Trackpoint>
      <Time>2026-08-01T11:27:08Z</Time>
      <Position>
       <LatitudeDegrees>5.2362750</LatitudeDegrees>
       <LongitudeDegrees>100.4390740</LongitudeDegrees>
      </Position>
      <AltitudeMeters>5.4</AltitudeMeters>
      <DistanceMeters>1693.1</DistanceMeters>
      <HeartRateBpm>
       <Value>113</Value>
      </HeartRateBpm>
      <Extensions>
       <TPX xmlns="http://www.garmin.com/xmlschemas/ActivityExtension/v2">
        <Speed>0.7</Speed>
       </TPX>
      </Extensions>
     </Trackpoint>
     <Trackpoint>
      <Time>2026-08-01T11:27:09Z</Time>
      <Position>
       <LatitudeDegrees>5.2362640</LatitudeDegrees>
       <LongitudeDegrees>100.4390770</LongitudeDegrees>
      </Position>
      <AltitudeMeters>5.3</AltitudeMeters>
      <DistanceMeters>1696.6</DistanceMeters>
      <HeartRateBpm>
       <Value>113</Value>
      </HeartRateBpm>
      <Extensions>
       <TPX xmlns="http://www.garmin.com/xmlschemas/ActivityExtension/v2">
        <Speed>1.4</Speed>
       </TPX>
      </Extensions>
     </Trackpoint>
     <Trackpoint>
      <Time>2026-08-01T11:27:10Z</Time>
      <Position>
       <LatitudeDegrees>5.2362520</LatitudeDegrees>
       <LongitudeDegrees>100.4390780</LongitudeDegrees>
      </Position>
      <AltitudeMeters>5.3</AltitudeMeters>
      <DistanceMeters>1696.6</DistanceMeters>
      <HeartRateBpm>
       <Value>114</Value>
      </HeartRateBpm>
      <Extensions>
       <TPX xmlns="http://www.garmin.com/xmlschemas/ActivityExtension/v2">
        <Speed>1.4</Speed>
       </TPX>
      </Extensions>
     </Trackpoint>
     <Trackpoint>
      <Time>2026-08-01T11:27:11Z</Time>
      <Position>
       <LatitudeDegrees>5.2362420</LatitudeDegrees>
       <LongitudeDegrees>100.4390810</LongitudeDegrees>
      </Position>
      <AltitudeMeters>5.3</AltitudeMeters>
      <DistanceMeters>1696.6</DistanceMeters>
      <HeartRateBpm>
       <Value>113</Value>
      </HeartRateBpm>
      <Extensions>
       <TPX xmlns="http://www.garmin.com/xmlschemas/ActivityExtension/v2">
        <Speed>0.7</Speed>
       </TPX>
      </Extensions>
     </Trackpoint>
     <Trackpoint>
      <Time>2026-08-01T11:27:12Z</Time>
      <Position>
       <LatitudeDegrees>5.2362300</LatitudeDegrees>
       <LongitudeDegrees>100.4390850</LongitudeDegrees>
      </Position>
      <AltitudeMeters>5.3</AltitudeMeters>
      <DistanceMeters>1700.6</DistanceMeters>
      <HeartRateBpm>
       <Value>114</Value>
      </HeartRateBpm>
      <Extensions>
       <TPX xmlns="http://www.garmin.com/xmlschemas/ActivityExtension/v2">
        <Speed>1.5</Speed>
       </TPX>
      </Extensions>
     </Trackpoint>
     <Trackpoint>
      <Time>2026-08-01T11:27:13Z</Time>
      <Position>
       <LatitudeDegrees>5.2362120</LatitudeDegrees>
       <LongitudeDegrees>100.4390910</LongitudeDegrees>
      </Position>
      <AltitudeMeters>5.3</AltitudeMeters>
      <DistanceMeters>1700.6</DistanceMeters>
      <HeartRateBpm>
       <Value>114</Value>
      </HeartRateBpm>
      <Extensions>
       <TPX xmlns="http://www.garmin.com/xmlschemas/ActivityExtension/v2">
        <Speed>1.5</Speed>
       </TPX>
      </Extensions>
     </Trackpoint>
     <Trackpoint>
      <Time>2026-08-01T11:27:14Z</Time>
      <Position>
       <LatitudeDegrees>5.2362040</LatitudeDegrees>
       <LongitudeDegrees>100.4390940</LongitudeDegrees>
      </Position>
      <AltitudeMeters>5.3</AltitudeMeters>
      <DistanceMeters>1703.6</DistanceMeters>
      <HeartRateBpm>
       <Value>115</Value>
      </HeartRateBpm>
      <Extensions>
       <TPX xmlns="http://www.garmin.com/xmlschemas/ActivityExtension/v2">
        <Speed>1.4</Speed>
       </TPX>
      </Extensions>
     </Trackpoint>
     <Trackpoint>
      <Time>2026-08-01T11:27:15Z</Time>
      <Position>
       <LatitudeDegrees>5.2361930</LatitudeDegrees>
       <LongitudeDegrees>100.4390960</LongitudeDegrees>
      </Position>
      <AltitudeMeters>5.3</AltitudeMeters>
      <DistanceMeters>1703.6</DistanceMeters>
      <HeartRateBpm>
       <Value>115</Value>
      </HeartRateBpm>
      <Extensions>
       <TPX xmlns="http://www.garmin.com/xmlschemas/ActivityExtension/v2">
        <Speed>1.4</Speed>
       </TPX>
      </Extensions>
     </Trackpoint>
     <Trackpoint>
      <Time>2026-08-01T11:27:16Z</Time>
      <Position>
       <LatitudeDegrees>5.2361820</LatitudeDegrees>
       <LongitudeDegrees>100.4390960</LongitudeDegrees>
      </Position>
      <AltitudeMeters>5.3</AltitudeMeters>
      <DistanceMeters>1703.6</DistanceMeters>
      <HeartRateBpm>
       <Value>114</Value>
      </HeartRateBpm>
      <Extensions>
       <TPX xmlns="http://www.garmin.com/xmlschemas/ActivityExtension/v2">
        <Speed>1.4</Speed>
       </TPX>
      </Extensions>
     </Trackpoint>
     <Trackpoint>
      <Time>2026-08-01T11:27:17Z</Time>
      <Position>
       <LatitudeDegrees>5.2361700</LatitudeDegrees>
       <LongitudeDegrees>100.4390950</LongitudeDegrees>
      </Position>
      <AltitudeMeters>5.3</AltitudeMeters>
      <DistanceMeters>1707.3</DistanceMeters>
      <HeartRateBpm>
       <Value>114</Value>
      </HeartRateBpm>
      <Extensions>
       <TPX xmlns="http://www.garmin.com/xmlschemas/ActivityExtension/v2">
        <Speed>1.3</Speed>
       </TPX>
      </Extensions>
     </Trackpoint>
     <Trackpoint>
      <Time>2026-08-01T11:27:18Z</Time>
      <Position>
       <LatitudeDegrees>5.2361580</LatitudeDegrees>
       <LongitudeDegrees>100.4390930</LongitudeDegrees>
      </Position>
      <AltitudeMeters>5.3</AltitudeMeters>
      <DistanceMeters>1708.7</DistanceMeters>
      <HeartRateBpm>
       <Value>113</Value>
      </HeartRateBpm>
      <Extensions>
       <TPX xmlns="http://www.garmin.com/xmlschemas/ActivityExtension/v2">
        <Speed>1.6</Speed>
       </TPX>
      </Extensions>
     </Trackpoint>
     <Trackpoint>
      <Time>2026-08-01T11:27:19Z</Time>
      <Position>
       <LatitudeDegrees>5.2361460</LatitudeDegrees>
       <LongitudeDegrees>100.4390900</LongitudeDegrees>
      </Position>
      <AltitudeMeters>5.3</AltitudeMeters>
      <DistanceMeters>1710.0</DistanceMeters>
      <HeartRateBpm>
       <Value>113</Value>
      </HeartRateBpm>
      <Extensions>
       <TPX xmlns="http://www.garmin.com/xmlschemas/ActivityExtension/v2">
        <Speed>1.3</Speed>
       </TPX>
      </Extensions>
     </Trackpoint>
     <Trackpoint>
      <Time>2026-08-01T11:27:20Z</Time>
      <Position>
       <LatitudeDegrees>5.2361330</LatitudeDegrees>
       <LongitudeDegrees>100.4390880</LongitudeDegrees>
      </Position>
      <AltitudeMeters>5.3</AltitudeMeters>
      <DistanceMeters>1711.5</DistanceMeters>
      <HeartRateBpm>
       <Value>114</Value>
      </HeartRateBpm>
      <Extensions>
       <TPX xmlns="http://www.garmin.com/xmlschemas/ActivityExtension/v2">
        <Speed>1.6</Speed>
       </TPX>
      </Extensions>
     </Trackpoint>
     <Trackpoint>
      <Time>2026-08-01T11:27:21Z</Time>
      <Position>
       <LatitudeDegrees>5.2361170</LatitudeDegrees>
       <LongitudeDegrees>100.4390860</LongitudeDegrees>
      </Position>
      <AltitudeMeters>5.3</AltitudeMeters>
      <DistanceMeters>1711.5</DistanceMeters>
      <HeartRateBpm>
       <Value>114</Value>
      </HeartRateBpm>
      <Extensions>
       <TPX xmlns="http://www.garmin.com/xmlschemas/ActivityExtension/v2">
        <Speed>1.6</Speed>
       </TPX>
      </Extensions>
     </Trackpoint>
     <Trackpoint>
      <Time>2026-08-01T11:27:22Z</Time>
      <Position>
       <LatitudeDegrees>5.2361090</LatitudeDegrees>
       <LongitudeDegrees>100.4390840</LongitudeDegrees>
      </Position>
      <AltitudeMeters>5.3</AltitudeMeters>
      <DistanceMeters>1711.5</DistanceMeters>
      <HeartRateBpm>
       <Value>115</Value>
      </HeartRateBpm>
      <Extensions>
       <TPX xmlns="http://www.garmin.com/xmlschemas/ActivityExtension/v2">
        <Speed>0.8</Speed>
       </TPX>
      </Extensions>
     </Trackpoint>
     <Trackpoint>
      <Time>2026-08-01T11:27:23Z</Time>
      <Position>
       <LatitudeDegrees>5.2360990</LatitudeDegrees>
       <LongitudeDegrees>100.4390820</LongitudeDegrees>
      </Position>
      <AltitudeMeters>5.3</AltitudeMeters>
      <DistanceMeters>1715.4</DistanceMeters>
      <HeartRateBpm>
       <Value>115</Value>
      </HeartRateBpm>
      <Extensions>
       <TPX xmlns="http://www.garmin.com/xmlschemas/ActivityExtension/v2">
        <Speed>1.3</Speed>
       </TPX>
      </Extensions>
     </Trackpoint>
     <Trackpoint>
      <Time>2026-08-01T11:27:24Z</Time>
      <Position>
       <LatitudeDegrees>5.2360870</LatitudeDegrees>
       <LongitudeDegrees>100.4390800</LongitudeDegrees>
      </Position>
      <AltitudeMeters>5.3</AltitudeMeters>
      <DistanceMeters>1715.4</DistanceMeters>
      <HeartRateBpm>
       <Value>116</Value>
      </HeartRateBpm>
      <Extensions>
       <TPX xmlns="http://www.garmin.com/xmlschemas/ActivityExtension/v2">
        <Speed>1.1</Speed>
       </TPX>
      </Extensions>
     </Trackpoint>
     <Trackpoint>
      <Time>2026-08-01T11:27:25Z</Time>
      <Position>
       <LatitudeDegrees>5.2360760</LatitudeDegrees>
       <LongitudeDegrees>100.4390770</LongitudeDegrees>
      </Position>
      <AltitudeMeters>5.3</AltitudeMeters>
      <DistanceMeters>1715.4</DistanceMeters>
      <HeartRateBpm>
       <Value>118</Value>
      </HeartRateBpm>
      <Extensions>
       <TPX xmlns="http://www.garmin.com/xmlschemas/ActivityExtension/v2">
        <Speed>0.8</Speed>
       </TPX>
      </Extensions>
     </Trackpoint>
     <Trackpoint>
      <Time>2026-08-01T11:27:26Z</Time>
      <Position>
       <LatitudeDegrees>5.2360650</LatitudeDegrees>
       <LongitudeDegrees>100.4390740</LongitudeDegrees>
      </Position>
      <AltitudeMeters>5.3</AltitudeMeters>
      <DistanceMeters>1719.3</DistanceMeters>
      <HeartRateBpm>
       <Value>120</Value>
      </HeartRateBpm>
      <Extensions>
       <TPX xmlns="http://www.garmin.com/xmlschemas/ActivityExtension/v2">
        <Speed>1.6</Speed>
       </TPX>
      </Extensions>
     </Trackpoint>
     <Trackpoint>
      <Time>2026-08-01T11:27:27Z</Time>
      <Position>
       <LatitudeDegrees>5.2360490</LatitudeDegrees>
       <LongitudeDegrees>100.4390660</LongitudeDegrees>
      </Position>
      <AltitudeMeters>5.3</AltitudeMeters>
      <DistanceMeters>1721.2</DistanceMeters>
      <HeartRateBpm>
       <Value>121</Value>
      </HeartRateBpm>
      <Extensions>
       <TPX xmlns="http://www.garmin.com/xmlschemas/ActivityExtension/v2">
        <Speed>2.0</Speed>
       </TPX>
      </Extensions>
     </Trackpoint>
     <Trackpoint>
      <Time>2026-08-01T11:27:28Z</Time>
      <Position>
       <LatitudeDegrees>5.2360410</LatitudeDegrees>
       <LongitudeDegrees>100.4390630</LongitudeDegrees>
      </Position>
      <AltitudeMeters>5.3</AltitudeMeters>
      <DistanceMeters>1722.2</DistanceMeters>
      <HeartRateBpm>
       <Value>121</Value>
      </HeartRateBpm>
      <Extensions>
       <TPX xmlns="http://www.garmin.com/xmlschemas/ActivityExtension/v2">
        <Speed>1.4</Speed>
       </TPX>
      </Extensions>
     </Trackpoint>
     <Trackpoint>
      <Time>2026-08-01T11:27:29Z</Time>
      <Position>
       <LatitudeDegrees>5.2360310</LatitudeDegrees>
       <LongitudeDegrees>100.4390580</LongitudeDegrees>
      </Position>
      <AltitudeMeters>5.3</AltitudeMeters>
      <DistanceMeters>1723.4</DistanceMeters>
      <HeartRateBpm>
       <Value>121</Value>
      </HeartRateBpm>
      <Extensions>
       <TPX xmlns="http://www.garmin.com/xmlschemas/ActivityExtension/v2">
        <Speed>1.6</Speed>
       </TPX>
      </Extensions>
     </Trackpoint>
     <Trackpoint>
      <Time>2026-08-01T11:27:30Z</Time>
      <Position>
       <LatitudeDegrees>5.2360090</LatitudeDegrees>
       <LongitudeDegrees>100.4390500</LongitudeDegrees>
      </Position>
      <AltitudeMeters>5.3</AltitudeMeters>
      <DistanceMeters>1726.0</DistanceMeters>
      <HeartRateBpm>
       <Value>120</Value>
      </HeartRateBpm>
      <Extensions>
       <TPX xmlns="http://www.garmin.com/xmlschemas/ActivityExtension/v2">
        <Speed>2.1</Speed>
       </TPX>
      </Extensions>
     </Trackpoint>
     <Trackpoint>
      <Time>2026-08-01T11:27:31Z</Time>
      <Position>
       <LatitudeDegrees>5.2360090</LatitudeDegrees>
       <LongitudeDegrees>100.4390500</LongitudeDegrees>
      </Position>
      <AltitudeMeters>5.3</AltitudeMeters>
      <DistanceMeters>1726.0</DistanceMeters>
      <HeartRateBpm>
       <Value>119</Value>
      </HeartRateBpm>
      <Extensions>
       <TPX xmlns="http://www.garmin.com/xmlschemas/ActivityExtension/v2">
        <Speed>1.3</Speed>
       </TPX>
      </Extensions>
     </Trackpoint>
     <Trackpoint>
      <Time>2026-08-01T11:27:32Z</Time>
      <Position>
       <LatitudeDegrees>5.2359960</LatitudeDegrees>
       <LongitudeDegrees>100.4390450</LongitudeDegrees>
      </Position>
      <AltitudeMeters>5.3</AltitudeMeters>
      <DistanceMeters>1727.6</DistanceMeters>
      <HeartRateBpm>
       <Value>119</Value>
      </HeartRateBpm>
      <Extensions>
       <TPX xmlns="http://www.garmin.com/xmlschemas/ActivityExtension/v2">
        <Speed>1.3</Speed>
       </TPX>
      </Extensions>
     </Trackpoint>
     <Trackpoint>
      <Time>2026-08-01T11:27:33Z</Time>
      <Position>
       <LatitudeDegrees>5.2359830</LatitudeDegrees>
       <LongitudeDegrees>100.4390390</LongitudeDegrees>
      </Position>
      <AltitudeMeters>5.3</AltitudeMeters>
      <DistanceMeters>1729.2</DistanceMeters>
      <HeartRateBpm>
       <Value>119</Value>
      </HeartRateBpm>
      <Extensions>
       <TPX xmlns="http://www.garmin.com/xmlschemas/ActivityExtension/v2">
        <Speed>1.4</Speed>
       </TPX>
      </Extensions>
     </Trackpoint>
     <Trackpoint>
      <Time>2026-08-01T11:27:34Z</Time>
      <Position>
       <LatitudeDegrees>5.2359710</LatitudeDegrees>
       <LongitudeDegrees>100.4390350</LongitudeDegrees>
      </Position>
      <AltitudeMeters>5.3</AltitudeMeters>
      <DistanceMeters>1730.5</DistanceMeters>
      <HeartRateBpm>
       <Value>120</Value>
      </HeartRateBpm>
      <Extensions>
       <TPX xmlns="http://www.garmin.com/xmlschemas/ActivityExtension/v2">
        <Speed>1.4</Speed>
       </TPX>
      </Extensions>
     </Trackpoint>
     <Trackpoint>
      <Time>2026-08-01T11:27:35Z</Time>
      <Position>
       <LatitudeDegrees>5.2359610</LatitudeDegrees>
       <LongitudeDegrees>100.4390290</LongitudeDegrees>
      </Position>
      <AltitudeMeters>5.3</AltitudeMeters>
      <DistanceMeters>1731.8</DistanceMeters>
      <HeartRateBpm>
       <Value>120</Value>
      </HeartRateBpm>
      <Extensions>
       <TPX xmlns="http://www.garmin.com/xmlschemas/ActivityExtension/v2">
        <Speed>1.2</Speed>
       </TPX>
      </Extensions>
     </Trackpoint>
     <Trackpoint>
      <Time>2026-08-01T11:27:36Z</Time>
      <Position>
       <LatitudeDegrees>5.2359520</LatitudeDegrees>
       <LongitudeDegrees>100.4390230</LongitudeDegrees>
      </Position>
      <AltitudeMeters>5.3</AltitudeMeters>
      <DistanceMeters>1731.8</DistanceMeters>
      <HeartRateBpm>
       <Value>118</Value>
      </HeartRateBpm>
      <Extensions>
       <TPX xmlns="http://www.garmin.com/xmlschemas/ActivityExtension/v2">
        <Speed>1.2</Speed>
       </TPX>
      </Extensions>
     </Trackpoint>
     <Trackpoint>
      <Time>2026-08-01T11:27:37Z</Time>
      <Position>
       <LatitudeDegrees>5.2359440</LatitudeDegrees>
       <LongitudeDegrees>100.4390170</LongitudeDegrees>
      </Position>
      <AltitudeMeters>5.3</AltitudeMeters>
      <DistanceMeters>1731.8</DistanceMeters>
      <HeartRateBpm>
       <Value>117</Value>
      </HeartRateBpm>
      <Extensions>
       <TPX xmlns="http://www.garmin.com/xmlschemas/ActivityExtension/v2">
        <Speed>0.8</Speed>
       </TPX>
      </Extensions>
     </Trackpoint>
     <Trackpoint>
      <Time>2026-08-01T11:27:38Z</Time>
      <Position>
       <LatitudeDegrees>5.2359340</LatitudeDegrees>
       <LongitudeDegrees>100.4390110</LongitudeDegrees>
      </Position>
      <AltitudeMeters>5.3</AltitudeMeters>
      <DistanceMeters>1735.4</DistanceMeters>
      <HeartRateBpm>
       <Value>115</Value>
      </HeartRateBpm>
      <Extensions>
       <TPX xmlns="http://www.garmin.com/xmlschemas/ActivityExtension/v2">
        <Speed>1.2</Speed>
       </TPX>
      </Extensions>
     </Trackpoint>
     <Trackpoint>
      <Time>2026-08-01T11:27:39Z</Time>
      <Position>
       <LatitudeDegrees>5.2359240</LatitudeDegrees>
       <LongitudeDegrees>100.4390070</LongitudeDegrees>
      </Position>
      <AltitudeMeters>5.3</AltitudeMeters>
      <DistanceMeters>1735.4</DistanceMeters>
      <HeartRateBpm>
       <Value>113</Value>
      </HeartRateBpm>
      <Extensions>
       <TPX xmlns="http://www.garmin.com/xmlschemas/ActivityExtension/v2">
        <Speed>1.0</Speed>
       </TPX>
      </Extensions>
     </Trackpoint>
     <Trackpoint>
      <Time>2026-08-01T11:27:40Z</Time>
      <Position>
       <LatitudeDegrees>5.2359100</LatitudeDegrees>
       <LongitudeDegrees>100.4390010</LongitudeDegrees>
      </Position>
      <AltitudeMeters>5.3</AltitudeMeters>
      <DistanceMeters>1735.4</DistanceMeters>
      <HeartRateBpm>
       <Value>112</Value>
      </HeartRateBpm>
      <Extensions>
       <TPX xmlns="http://www.garmin.com/xmlschemas/ActivityExtension/v2">
        <Speed>0.7</Speed>
       </TPX>
      </Extensions>
     </Trackpoint>
     <Trackpoint>
      <Time>2026-08-01T11:27:41Z</Time>
      <Position>
       <LatitudeDegrees>5.2359020</LatitudeDegrees>
       <LongitudeDegrees>100.4390010</LongitudeDegrees>
      </Position>
      <AltitudeMeters>5.3</AltitudeMeters>
      <DistanceMeters>1739.2</DistanceMeters>
      <HeartRateBpm>
       <Value>112</Value>
      </HeartRateBpm>
      <Extensions>
       <TPX xmlns="http://www.garmin.com/xmlschemas/ActivityExtension/v2">
        <Speed>1.5</Speed>
       </TPX>
      </Extensions>
     </Trackpoint>
     <Trackpoint>
      <Time>2026-08-01T11:27:42Z</Time>
      <Position>
       <LatitudeDegrees>5.2358920</LatitudeDegrees>
       <LongitudeDegrees>100.4390000</LongitudeDegrees>
      </Position>
      <AltitudeMeters>5.3</AltitudeMeters>
      <DistanceMeters>1739.2</DistanceMeters>
      <HeartRateBpm>
       <Value>112</Value>
      </HeartRateBpm>
      <Extensions>
       <TPX xmlns="http://www.garmin.com/xmlschemas/ActivityExtension/v2">
        <Speed>1.5</Speed>
       </TPX>
      </Extensions>
     </Trackpoint>
     <Trackpoint>
      <Time>2026-08-01T11:27:43Z</Time>
      <Position>
       <LatitudeDegrees>5.2358810</LatitudeDegrees>
       <LongitudeDegrees>100.4390000</LongitudeDegrees>
      </Position>
      <AltitudeMeters>5.3</AltitudeMeters>
      <DistanceMeters>1739.2</DistanceMeters>
      <HeartRateBpm>
       <Value>112</Value>
      </HeartRateBpm>
      <Extensions>
       <TPX xmlns="http://www.garmin.com/xmlschemas/ActivityExtension/v2">
        <Speed>0.8</Speed>
       </TPX>
      </Extensions>
     </Trackpoint>
     <Trackpoint>
      <Time>2026-08-01T11:27:44Z</Time>
      <Position>
       <LatitudeDegrees>5.2358700</LatitudeDegrees>
       <LongitudeDegrees>100.4389990</LongitudeDegrees>
      </Position>
      <AltitudeMeters>5.3</AltitudeMeters>
      <DistanceMeters>1742.7</DistanceMeters>
      <HeartRateBpm>
       <Value>112</Value>
      </HeartRateBpm>
      <Extensions>
       <TPX xmlns="http://www.garmin.com/xmlschemas/ActivityExtension/v2">
        <Speed>1.5</Speed>
       </TPX>
      </Extensions>
     </Trackpoint>
     <Trackpoint>
      <Time>2026-08-01T11:27:45Z</Time>
      <Position>
       <LatitudeDegrees>5.2358580</LatitudeDegrees>
       <LongitudeDegrees>100.4390010</LongitudeDegrees>
      </Position>
      <AltitudeMeters>5.3</AltitudeMeters>
      <DistanceMeters>1742.7</DistanceMeters>
      <HeartRateBpm>
       <Value>112</Value>
      </HeartRateBpm>
      <Extensions>
       <TPX xmlns="http://www.garmin.com/xmlschemas/ActivityExtension/v2">
        <Speed>1.5</Speed>
       </TPX>
      </Extensions>
     </Trackpoint>
     <Trackpoint>
      <Time>2026-08-01T11:27:46Z</Time>
      <Position>
       <LatitudeDegrees>5.2358420</LatitudeDegrees>
       <LongitudeDegrees>100.4390070</LongitudeDegrees>
      </Position>
      <AltitudeMeters>5.3</AltitudeMeters>
      <DistanceMeters>1746.0</DistanceMeters>
      <HeartRateBpm>
       <Value>112</Value>
      </HeartRateBpm>
      <Extensions>
       <TPX xmlns="http://www.garmin.com/xmlschemas/ActivityExtension/v2">
        <Speed>1.4</Speed>
       </TPX>
      </Extensions>
     </Trackpoint>
     <Trackpoint>
      <Time>2026-08-01T11:27:47Z</Time>
      <Position>
       <LatitudeDegrees>5.2358340</LatitudeDegrees>
       <LongitudeDegrees>100.4390100</LongitudeDegrees>
      </Position>
      <AltitudeMeters>5.3</AltitudeMeters>
      <DistanceMeters>1746.0</DistanceMeters>
      <HeartRateBpm>
       <Value>113</Value>
      </HeartRateBpm>
      <Extensions>
       <TPX xmlns="http://www.garmin.com/xmlschemas/ActivityExtension/v2">
        <Speed>1.4</Speed>
       </TPX>
      </Extensions>
     </Trackpoint>
     <Trackpoint>
      <Time>2026-08-01T11:27:48Z</Time>
      <Position>
       <LatitudeDegrees>5.2358230</LatitudeDegrees>
       <LongitudeDegrees>100.4390120</LongitudeDegrees>
      </Position>
      <AltitudeMeters>5.3</AltitudeMeters>
      <DistanceMeters>1746.0</DistanceMeters>
      <HeartRateBpm>
       <Value>113</Value>
      </HeartRateBpm>
      <Extensions>
       <TPX xmlns="http://www.garmin.com/xmlschemas/ActivityExtension/v2">
        <Speed>1.4</Speed>
       </TPX>
      </Extensions>
     </Trackpoint>
     <Trackpoint>
      <Time>2026-08-01T11:27:49Z</Time>
      <Position>
       <LatitudeDegrees>5.2358110</LatitudeDegrees>
       <LongitudeDegrees>100.4390150</LongitudeDegrees>
      </Position>
      <AltitudeMeters>5.3</AltitudeMeters>
      <DistanceMeters>1749.5</DistanceMeters>
      <HeartRateBpm>
       <Value>113</Value>
      </HeartRateBpm>
      <Extensions>
       <TPX xmlns="http://www.garmin.com/xmlschemas/ActivityExtension/v2">
        <Speed>1.4</Speed>
       </TPX>
      </Extensions>
     </Trackpoint>
     <Trackpoint>
      <Time>2026-08-01T11:27:50Z</Time>
      <Position>
       <LatitudeDegrees>5.2358000</LatitudeDegrees>
       <LongitudeDegrees>100.4390180</LongitudeDegrees>
      </Position>
      <AltitudeMeters>5.2</AltitudeMeters>
      <DistanceMeters>1749.5</DistanceMeters>
      <HeartRateBpm>
       <Value>113</Value>
      </HeartRateBpm>
      <Extensions>
       <TPX xmlns="http://www.garmin.com/xmlschemas/ActivityExtension/v2">
        <Speed>1.4</Speed>
       </TPX>
      </Extensions>
     </Trackpoint>
     <Trackpoint>
      <Time>2026-08-01T11:27:51Z</Time>
      <Position>
       <LatitudeDegrees>5.2357900</LatitudeDegrees>
       <LongitudeDegrees>100.4390210</LongitudeDegrees>
      </Position>
      <AltitudeMeters>5.2</AltitudeMeters>
      <DistanceMeters>1749.5</DistanceMeters>
      <HeartRateBpm>
       <Value>112</Value>
      </HeartRateBpm>
      <Extensions>
       <TPX xmlns="http://www.garmin.com/xmlschemas/ActivityExtension/v2">
        <Speed>0.7</Speed>
       </TPX>
      </Extensions>
     </Trackpoint>
     <Trackpoint>
      <Time>2026-08-01T11:27:52Z</Time>
      <Position>
       <LatitudeDegrees>5.2357790</LatitudeDegrees>
       <LongitudeDegrees>100.4390240</LongitudeDegrees>
      </Position>
      <AltitudeMeters>5.2</AltitudeMeters>
      <DistanceMeters>1753.3</DistanceMeters>
      <HeartRateBpm>
       <Value>112</Value>
      </HeartRateBpm>
      <Extensions>
       <TPX xmlns="http://www.garmin.com/xmlschemas/ActivityExtension/v2">
        <Speed>1.5</Speed>
       </TPX>
      </Extensions>
     </Trackpoint>
     <Trackpoint>
      <Time>2026-08-01T11:27:53Z</Time>
      <Position>
       <LatitudeDegrees>5.2357640</LatitudeDegrees>
       <LongitudeDegrees>100.4390280</LongitudeDegrees>
      </Position>
      <AltitudeMeters>5.2</AltitudeMeters>
      <DistanceMeters>1753.3</DistanceMeters>
      <HeartRateBpm>
       <Value>113</Value>
      </HeartRateBpm>
      <Extensions>
       <TPX xmlns="http://www.garmin.com/xmlschemas/ActivityExtension/v2">
        <Speed>1.5</Speed>
       </TPX>
      </Extensions>
     </Trackpoint>
     <Trackpoint>
      <Time>2026-08-01T11:27:54Z</Time>
      <Position>
       <LatitudeDegrees>5.2357560</LatitudeDegrees>
       <LongitudeDegrees>100.4390300</LongitudeDegrees>
      </Position>
      <AltitudeMeters>5.2</AltitudeMeters>
      <DistanceMeters>1753.3</DistanceMeters>
      <HeartRateBpm>
       <Value>113</Value>
      </HeartRateBpm>
      <Extensions>
       <TPX xmlns="http://www.garmin.com/xmlschemas/ActivityExtension/v2">
        <Speed>0.8</Speed>
       </TPX>
      </Extensions>
     </Trackpoint>
     <Trackpoint>
      <Time>2026-08-01T11:27:55Z</Time>
      <Position>
       <LatitudeDegrees>5.2357460</LatitudeDegrees>
       <LongitudeDegrees>100.4390330</LongitudeDegrees>
      </Position>
      <AltitudeMeters>5.2</AltitudeMeters>
      <DistanceMeters>1757.0</DistanceMeters>
      <HeartRateBpm>
       <Value>113</Value>
      </HeartRateBpm>
      <Extensions>
       <TPX xmlns="http://www.garmin.com/xmlschemas/ActivityExtension/v2">
        <Speed>1.5</Speed>
       </TPX>
      </Extensions>
     </Trackpoint>
     <Trackpoint>
      <Time>2026-08-01T11:27:56Z</Time>
      <Position>
       <LatitudeDegrees>5.2357360</LatitudeDegrees>
       <LongitudeDegrees>100.4390370</LongitudeDegrees>
      </Position>
      <AltitudeMeters>5.2</AltitudeMeters>
      <DistanceMeters>1758.2</DistanceMeters>
      <HeartRateBpm>
       <Value>113</Value>
      </HeartRateBpm>
      <Extensions>
       <TPX xmlns="http://www.garmin.com/xmlschemas/ActivityExtension/v2">
        <Speed>1.7</Speed>
       </TPX>
      </Extensions>
     </Trackpoint>
     <Trackpoint>
      <Time>2026-08-01T11:27:57Z</Time>
      <Position>
       <LatitudeDegrees>5.2357250</LatitudeDegrees>
       <LongitudeDegrees>100.4390430</LongitudeDegrees>
      </Position>
      <AltitudeMeters>5.2</AltitudeMeters>
      <DistanceMeters>1759.6</DistanceMeters>
      <HeartRateBpm>
       <Value>112</Value>
      </HeartRateBpm>
      <Extensions>
       <TPX xmlns="http://www.garmin.com/xmlschemas/ActivityExtension/v2">
        <Speed>1.3</Speed>
       </TPX>
      </Extensions>
     </Trackpoint>
     <Trackpoint>
      <Time>2026-08-01T11:27:58Z</Time>
      <Position>
       <LatitudeDegrees>5.2357130</LatitudeDegrees>
       <LongitudeDegrees>100.4390490</LongitudeDegrees>
      </Position>
      <AltitudeMeters>5.2</AltitudeMeters>
      <DistanceMeters>1761.1</DistanceMeters>
      <HeartRateBpm>
       <Value>111</Value>
      </HeartRateBpm>
      <Extensions>
       <TPX xmlns="http://www.garmin.com/xmlschemas/ActivityExtension/v2">
        <Speed>1.6</Speed>
       </TPX>
      </Extensions>
     </Trackpoint>
     <Trackpoint>
      <Time>2026-08-01T11:27:59Z</Time>
      <Position>
       <LatitudeDegrees>5.2356970</LatitudeDegrees>
       <LongitudeDegrees>100.4390580</LongitudeDegrees>
      </Position>
      <AltitudeMeters>5.2</AltitudeMeters>
      <DistanceMeters>1763.1</DistanceMeters>
      <HeartRateBpm>
       <Value>111</Value>
      </HeartRateBpm>
      <Extensions>
       <TPX xmlns="http://www.garmin.com/xmlschemas/ActivityExtension/v2">
        <Speed>2.0</Speed>
       </TPX>
      </Extensions>
     </Trackpoint>
     <Trackpoint>
      <Time>2026-08-01T11:28:00Z</Time>
      <Position>
       <LatitudeDegrees>5.2356900</LatitudeDegrees>
       <LongitudeDegrees>100.4390640</LongitudeDegrees>
      </Position>
      <AltitudeMeters>5.2</AltitudeMeters>
      <DistanceMeters>1764.2</DistanceMeters>
      <HeartRateBpm>
       <Value>111</Value>
      </HeartRateBpm>
      <Extensions>
       <TPX xmlns="http://www.garmin.com/xmlschemas/ActivityExtension/v2">
        <Speed>1.4</Speed>
       </TPX>
      </Extensions>
     </Trackpoint>
     <Trackpoint>
      <Time>2026-08-01T11:28:01Z</Time>
      <Position>
       <LatitudeDegrees>5.2356830</LatitudeDegrees>
       <LongitudeDegrees>100.4390700</LongitudeDegrees>
      </Position>
      <AltitudeMeters>5.2</AltitudeMeters>
      <DistanceMeters>1765.2</DistanceMeters>
      <HeartRateBpm>
       <Value>110</Value>
      </HeartRateBpm>
      <Extensions>
       <TPX xmlns="http://www.garmin.com/xmlschemas/ActivityExtension/v2">
        <Speed>1.4</Speed>
       </TPX>
      </Extensions>
     </Trackpoint>
     <Trackpoint>
      <Time>2026-08-01T11:28:02Z</Time>
      <Position>
       <LatitudeDegrees>5.2356750</LatitudeDegrees>
       <LongitudeDegrees>100.4390770</LongitudeDegrees>
      </Position>
      <AltitudeMeters>5.2</AltitudeMeters>
      <DistanceMeters>1765.2</DistanceMeters>
      <HeartRateBpm>
       <Value>109</Value>
      </HeartRateBpm>
      <Extensions>
       <TPX xmlns="http://www.garmin.com/xmlschemas/ActivityExtension/v2">
        <Speed>1.1</Speed>
       </TPX>
      </Extensions>
     </Trackpoint>
     <Trackpoint>
      <Time>2026-08-01T11:28:03Z</Time>
      <Position>
       <LatitudeDegrees>5.2356670</LatitudeDegrees>
       <LongitudeDegrees>100.4390860</LongitudeDegrees>
      </Position>
      <AltitudeMeters>5.2</AltitudeMeters>
      <DistanceMeters>1765.2</DistanceMeters>
      <HeartRateBpm>
       <Value>108</Value>
      </HeartRateBpm>
      <Extensions>
       <TPX xmlns="http://www.garmin.com/xmlschemas/ActivityExtension/v2">
        <Speed>0.8</Speed>
       </TPX>
      </Extensions>
     </Trackpoint>
     <Trackpoint>
      <Time>2026-08-01T11:28:04Z</Time>
      <Position>
       <LatitudeDegrees>5.2356600</LatitudeDegrees>
       <LongitudeDegrees>100.4390950</LongitudeDegrees>
      </Position>
      <AltitudeMeters>5.2</AltitudeMeters>
      <DistanceMeters>1769.0</DistanceMeters>
      <HeartRateBpm>
       <Value>107</Value>
      </HeartRateBpm>
      <Extensions>
       <TPX xmlns="http://www.garmin.com/xmlschemas/ActivityExtension/v2">
        <Speed>1.2</Speed>
       </TPX>
      </Extensions>
     </Trackpoint>
     <Trackpoint>
      <Time>2026-08-01T11:28:05Z</Time>
      <Position>
       <LatitudeDegrees>5.2356530</LatitudeDegrees>
       <LongitudeDegrees>100.4391040</LongitudeDegrees>
      </Position>
      <AltitudeMeters>5.2</AltitudeMeters>
      <DistanceMeters>1769.0</DistanceMeters>
      <HeartRateBpm>
       <Value>107</Value>
      </HeartRateBpm>
      <Extensions>
       <TPX xmlns="http://www.garmin.com/xmlschemas/ActivityExtension/v2">
        <Speed>1.0</Speed>
       </TPX>
      </Extensions>
     </Trackpoint>
     <Trackpoint>
      <Time>2026-08-01T11:28:06Z</Time>
      <Position>
       <LatitudeDegrees>5.2356430</LatitudeDegrees>
       <LongitudeDegrees>100.4391160</LongitudeDegrees>
      </Position>
      <AltitudeMeters>5.2</AltitudeMeters>
      <DistanceMeters>1769.0</DistanceMeters>
      <HeartRateBpm>
       <Value>107</Value>
      </HeartRateBpm>
      <Extensions>
       <TPX xmlns="http://www.garmin.com/xmlschemas/ActivityExtension/v2">
        <Speed>0.8</Speed>
       </TPX>
      </Extensions>
     </Trackpoint>
     <Trackpoint>
      <Time>2026-08-01T11:28:07Z</Time>
      <Position>
       <LatitudeDegrees>5.2356380</LatitudeDegrees>
       <LongitudeDegrees>100.4391230</LongitudeDegrees>
      </Position>
      <AltitudeMeters>5.2</AltitudeMeters>
      <DistanceMeters>1772.9</DistanceMeters>
      <HeartRateBpm>
       <Value>109</Value>
      </HeartRateBpm>
      <Extensions>
       <TPX xmlns="http://www.garmin.com/xmlschemas/ActivityExtension/v2">
        <Speed>1.5</Speed>
       </TPX>
      </Extensions>
     </Trackpoint>
     <Trackpoint>
      <Time>2026-08-01T11:28:08Z</Time>
      <Position>
       <LatitudeDegrees>5.2356340</LatitudeDegrees>
       <LongitudeDegrees>100.4391320</LongitudeDegrees>
      </Position>
      <AltitudeMeters>5.2</AltitudeMeters>
      <DistanceMeters>1772.9</DistanceMeters>
      <HeartRateBpm>
       <Value>110</Value>
      </HeartRateBpm>
      <Extensions>
       <TPX xmlns="http://www.garmin.com/xmlschemas/ActivityExtension/v2">
        <Speed>1.5</Speed>
       </TPX>
      </Extensions>
     </Trackpoint>
     <Trackpoint>
      <Time>2026-08-01T11:28:09Z</Time>
      <Position>
       <LatitudeDegrees>5.2356290</LatitudeDegrees>
       <LongitudeDegrees>100.4391420</LongitudeDegrees>
      </Position>
      <AltitudeMeters>5.2</AltitudeMeters>
      <DistanceMeters>1772.9</DistanceMeters>
      <HeartRateBpm>
       <Value>110</Value>
      </HeartRateBpm>
      <Extensions>
       <TPX xmlns="http://www.garmin.com/xmlschemas/ActivityExtension/v2">
        <Speed>0.8</Speed>
       </TPX>
      </Extensions>
     </Trackpoint>
     <Trackpoint>
      <Time>2026-08-01T11:28:10Z</Time>
      <Position>
       <LatitudeDegrees>5.2356250</LatitudeDegrees>
       <LongitudeDegrees>100.4391530</LongitudeDegrees>
      </Position>
      <AltitudeMeters>5.2</AltitudeMeters>
      <DistanceMeters>1776.5</DistanceMeters>
      <HeartRateBpm>
       <Value>109</Value>
      </HeartRateBpm>
      <Extensions>
       <TPX xmlns="http://www.garmin.com/xmlschemas/ActivityExtension/v2">
        <Speed>1.5</Speed>
       </TPX>
      </Extensions>
     </Trackpoint>
     <Trackpoint>
      <Time>2026-08-01T11:28:11Z</Time>
      <Position>
       <LatitudeDegrees>5.2356190</LatitudeDegrees>
       <LongitudeDegrees>100.4391630</LongitudeDegrees>
      </Position>
      <AltitudeMeters>5.2</AltitudeMeters>
      <DistanceMeters>1777.8</DistanceMeters>
      <HeartRateBpm>
       <Value>110</Value>
      </HeartRateBpm>
      <Extensions>
       <TPX xmlns="http://www.garmin.com/xmlschemas/ActivityExtension/v2">
        <Speed>1.8</Speed>
       </TPX>
      </Extensions>
     </Trackpoint>
     <Trackpoint>
      <Time>2026-08-01T11:28:12Z</Time>
      <Position>
       <LatitudeDegrees>5.2356140</LatitudeDegrees>
       <LongitudeDegrees>100.4391720</LongitudeDegrees>
      </Position>
      <AltitudeMeters>5.2</AltitudeMeters>
      <DistanceMeters>1779.0</DistanceMeters>
      <HeartRateBpm>
       <Value>112</Value>
      </HeartRateBpm>
      <Extensions>
       <TPX xmlns="http://www.garmin.com/xmlschemas/ActivityExtension/v2">
        <Speed>1.2</Speed>
       </TPX>
      </Extensions>
     </Trackpoint>
     <Trackpoint>
      <Time>2026-08-01T11:28:13Z</Time>
      <Position>
       <LatitudeDegrees>5.2356040</LatitudeDegrees>
       <LongitudeDegrees>100.4391840</LongitudeDegrees>
      </Position>
      <AltitudeMeters>5.2</AltitudeMeters>
      <DistanceMeters>1780.7</DistanceMeters>
      <HeartRateBpm>
       <Value>112</Value>
      </HeartRateBpm>
      <Extensions>
       <TPX xmlns="http://www.garmin.com/xmlschemas/ActivityExtension/v2">
        <Speed>1.6</Speed>
       </TPX>
      </Extensions>
     </Trackpoint>
     <Trackpoint>
      <Time>2026-08-01T11:28:14Z</Time>
      <Position>
       <LatitudeDegrees>5.2355990</LatitudeDegrees>
       <LongitudeDegrees>100.4391900</LongitudeDegrees>
      </Position>
      <AltitudeMeters>5.2</AltitudeMeters>
      <DistanceMeters>1780.7</DistanceMeters>
      <HeartRateBpm>
       <Value>113</Value>
      </HeartRateBpm>
      <Extensions>
       <TPX xmlns="http://www.garmin.com/xmlschemas/ActivityExtension/v2">
        <Speed>1.6</Speed>
       </TPX>
      </Extensions>
     </Trackpoint>
     <Trackpoint>
      <Time>2026-08-01T11:28:15Z</Time>
      <Position>
       <LatitudeDegrees>5.2355910</LatitudeDegrees>
       <LongitudeDegrees>100.4391980</LongitudeDegrees>
      </Position>
      <AltitudeMeters>5.2</AltitudeMeters>
      <DistanceMeters>1780.7</DistanceMeters>
      <HeartRateBpm>
       <Value>113</Value>
      </HeartRateBpm>
      <Extensions>
       <TPX xmlns="http://www.garmin.com/xmlschemas/ActivityExtension/v2">
        <Speed>0.8</Speed>
       </TPX>
      </Extensions>
     </Trackpoint>
     <Trackpoint>
      <Time>2026-08-01T11:28:16Z</Time>
      <Position>
       <LatitudeDegrees>5.2355830</LatitudeDegrees>
       <LongitudeDegrees>100.4392060</LongitudeDegrees>
      </Position>
      <AltitudeMeters>5.2</AltitudeMeters>
      <DistanceMeters>1784.1</DistanceMeters>
      <HeartRateBpm>
       <Value>113</Value>
      </HeartRateBpm>
      <Extensions>
       <TPX xmlns="http://www.garmin.com/xmlschemas/ActivityExtension/v2">
        <Speed>1.3</Speed>
       </TPX>
      </Extensions>
     </Trackpoint>
     <Trackpoint>
      <Time>2026-08-01T11:28:17Z</Time>
      <Position>
       <LatitudeDegrees>5.2355740</LatitudeDegrees>
       <LongitudeDegrees>100.4392140</LongitudeDegrees>
      </Position>
      <AltitudeMeters>5.2</AltitudeMeters>
      <DistanceMeters>1784.1</DistanceMeters>
      <HeartRateBpm>
       <Value>112</Value>
      </HeartRateBpm>
      <Extensions>
       <TPX xmlns="http://www.garmin.com/xmlschemas/ActivityExtension/v2">
        <Speed>1.0</Speed>
       </TPX>
      </Extensions>
     </Trackpoint>
     <Trackpoint>
      <Time>2026-08-01T11:28:18Z</Time>
      <Position>
       <LatitudeDegrees>5.2355650</LatitudeDegrees>
       <LongitudeDegrees>100.4392220</LongitudeDegrees>
      </Position>
      <AltitudeMeters>5.2</AltitudeMeters>
      <DistanceMeters>1784.1</DistanceMeters>
      <HeartRateBpm>
       <Value>111</Value>
      </HeartRateBpm>
      <Extensions>
       <TPX xmlns="http://www.garmin.com/xmlschemas/ActivityExtension/v2">
        <Speed>0.7</Speed>
       </TPX>
      </Extensions>
     </Trackpoint>
     <Trackpoint>
      <Time>2026-08-01T11:28:19Z</Time>
      <Position>
       <LatitudeDegrees>5.2355560</LatitudeDegrees>
       <LongitudeDegrees>100.4392290</LongitudeDegrees>
      </Position>
      <AltitudeMeters>5.2</AltitudeMeters>
      <DistanceMeters>1788.0</DistanceMeters>
      <HeartRateBpm>
       <Value>110</Value>
      </HeartRateBpm>
      <Extensions>
       <TPX xmlns="http://www.garmin.com/xmlschemas/ActivityExtension/v2">
        <Speed>1.5</Speed>
       </TPX>
      </Extensions>
     </Trackpoint>
     <Trackpoint>
      <Time>2026-08-01T11:28:20Z</Time>
      <Position>
       <LatitudeDegrees>5.2355440</LatitudeDegrees>
       <LongitudeDegrees>100.4392390</LongitudeDegrees>
      </Position>
      <AltitudeMeters>5.2</AltitudeMeters>
      <DistanceMeters>1788.0</DistanceMeters>
      <HeartRateBpm>
       <Value>108</Value>
      </HeartRateBpm>
      <Extensions>
       <TPX xmlns="http://www.garmin.com/xmlschemas/ActivityExtension/v2">
        <Speed>1.5</Speed>
       </TPX>
      </Extensions>
     </Trackpoint>
     <Trackpoint>
      <Time>2026-08-01T11:28:21Z</Time>
      <Position>
       <LatitudeDegrees>5.2355370</LatitudeDegrees>
       <LongitudeDegrees>100.4392430</LongitudeDegrees>
      </Position>
      <AltitudeMeters>5.2</AltitudeMeters>
      <DistanceMeters>1788.0</DistanceMeters>
      <HeartRateBpm>
       <Value>109</Value>
      </HeartRateBpm>
      <Extensions>
       <TPX xmlns="http://www.garmin.com/xmlschemas/ActivityExtension/v2">
        <Speed>0.8</Speed>
       </TPX>
      </Extensions>
     </Trackpoint>
     <Trackpoint>
      <Time>2026-08-01T11:28:22Z</Time>
      <Position>
       <LatitudeDegrees>5.2355280</LatitudeDegrees>
       <LongitudeDegrees>100.4392480</LongitudeDegrees>
      </Position>
      <AltitudeMeters>5.2</AltitudeMeters>
      <DistanceMeters>1791.7</DistanceMeters>
      <HeartRateBpm>
       <Value>112</Value>
      </HeartRateBpm>
      <Extensions>
       <TPX xmlns="http://www.garmin.com/xmlschemas/ActivityExtension/v2">
        <Speed>1.5</Speed>
       </TPX>
      </Extensions>
     </Trackpoint>
     <Trackpoint>
      <Time>2026-08-01T11:28:23Z</Time>
      <Position>
       <LatitudeDegrees>5.2355180</LatitudeDegrees>
       <LongitudeDegrees>100.4392520</LongitudeDegrees>
      </Position>
      <AltitudeMeters>5.2</AltitudeMeters>
      <DistanceMeters>1791.7</DistanceMeters>
      <HeartRateBpm>
       <Value>114</Value>
      </HeartRateBpm>
      <Extensions>
       <TPX xmlns="http://www.garmin.com/xmlschemas/ActivityExtension/v2">
        <Speed>1.5</Speed>
       </TPX>
      </Extensions>
     </Trackpoint>
     <Trackpoint>
      <Time>2026-08-01T11:28:24Z</Time>
      <Position>
       <LatitudeDegrees>5.2355070</LatitudeDegrees>
       <LongitudeDegrees>100.4392550</LongitudeDegrees>
      </Position>
      <AltitudeMeters>5.2</AltitudeMeters>
      <DistanceMeters>1791.7</DistanceMeters>
      <HeartRateBpm>
       <Value>115</Value>
      </HeartRateBpm>
      <Extensions>
       <TPX xmlns="http://www.garmin.com/xmlschemas/ActivityExtension/v2">
        <Speed>0.7</Speed>
       </TPX>
      </Extensions>
     </Trackpoint>
     <Trackpoint>
      <Time>2026-08-01T11:28:25Z</Time>
      <Position>
       <LatitudeDegrees>5.2354960</LatitudeDegrees>
       <LongitudeDegrees>100.4392550</LongitudeDegrees>
      </Position>
      <AltitudeMeters>5.2</AltitudeMeters>
      <DistanceMeters>1795.3</DistanceMeters>
      <HeartRateBpm>
       <Value>115</Value>
      </HeartRateBpm>
      <Extensions>
       <TPX xmlns="http://www.garmin.com/xmlschemas/ActivityExtension/v2">
        <Speed>1.5</Speed>
       </TPX>
      </Extensions>
     </Trackpoint>
     <Trackpoint>
      <Time>2026-08-01T11:28:26Z</Time>
      <Position>
       <LatitudeDegrees>5.2354850</LatitudeDegrees>
       <LongitudeDegrees>100.4392540</LongitudeDegrees>
      </Position>
      <AltitudeMeters>5.2</AltitudeMeters>
      <DistanceMeters>1795.3</DistanceMeters>
      <HeartRateBpm>
       <Value>116</Value>
      </HeartRateBpm>
      <Extensions>
       <TPX xmlns="http://www.garmin.com/xmlschemas/ActivityExtension/v2">
        <Speed>1.5</Speed>
       </TPX>
      </Extensions>
     </Trackpoint>
     <Trackpoint>
      <Time>2026-08-01T11:28:27Z</Time>
      <Position>
       <LatitudeDegrees>5.2354680</LatitudeDegrees>
       <LongitudeDegrees>100.4392540</LongitudeDegrees>
      </Position>
      <AltitudeMeters>5.2</AltitudeMeters>
      <DistanceMeters>1798.5</DistanceMeters>
      <HeartRateBpm>
       <Value>116</Value>
      </HeartRateBpm>
      <Extensions>
       <TPX xmlns="http://www.garmin.com/xmlschemas/ActivityExtension/v2">
        <Speed>1.4</Speed>
       </TPX>
      </Extensions>
     </Trackpoint>
     <Trackpoint>
      <Time>2026-08-01T11:28:28Z</Time>
      <Position>
       <LatitudeDegrees>5.2354590</LatitudeDegrees>
       <LongitudeDegrees>100.4392530</LongitudeDegrees>
      </Position>
      <AltitudeMeters>5.2</AltitudeMeters>
      <DistanceMeters>1798.5</DistanceMeters>
      <HeartRateBpm>
       <Value>116</Value>
      </HeartRateBpm>
      <Extensions>
       <TPX xmlns="http://www.garmin.com/xmlschemas/ActivityExtension/v2">
        <Speed>1.4</Speed>
       </TPX>
      </Extensions>
     </Trackpoint>
     <Trackpoint>
      <Time>2026-08-01T11:28:29Z</Time>
      <Position>
       <LatitudeDegrees>5.2354490</LatitudeDegrees>
       <LongitudeDegrees>100.4392530</LongitudeDegrees>
      </Position>
      <AltitudeMeters>5.2</AltitudeMeters>
      <DistanceMeters>1798.5</DistanceMeters>
      <HeartRateBpm>
       <Value>116</Value>
      </HeartRateBpm>
      <Extensions>
       <TPX xmlns="http://www.garmin.com/xmlschemas/ActivityExtension/v2">
        <Speed>1.4</Speed>
       </TPX>
      </Extensions>
     </Trackpoint>
     <Trackpoint>
      <Time>2026-08-01T11:28:30Z</Time>
      <Position>
       <LatitudeDegrees>5.2354380</LatitudeDegrees>
       <LongitudeDegrees>100.4392510</LongitudeDegrees>
      </Position>
      <AltitudeMeters>5.2</AltitudeMeters>
      <DistanceMeters>1801.9</DistanceMeters>
      <HeartRateBpm>
       <Value>116</Value>
      </HeartRateBpm>
      <Extensions>
       <TPX xmlns="http://www.garmin.com/xmlschemas/ActivityExtension/v2">
        <Speed>1.3</Speed>
       </TPX>
      </Extensions>
     </Trackpoint>
     <Trackpoint>
      <Time>2026-08-01T11:28:31Z</Time>
      <Position>
       <LatitudeDegrees>5.2354260</LatitudeDegrees>
       <LongitudeDegrees>100.4392470</LongitudeDegrees>
      </Position>
      <AltitudeMeters>5.2</AltitudeMeters>
      <DistanceMeters>1801.9</DistanceMeters>
      <HeartRateBpm>
       <Value>115</Value>
      </HeartRateBpm>
      <Extensions>
       <TPX xmlns="http://www.garmin.com/xmlschemas/ActivityExtension/v2">
        <Speed>1.3</Speed>
       </TPX>
      </Extensions>
     </Trackpoint>
     <Trackpoint>
      <Time>2026-08-01T11:28:32Z</Time>
      <Position>
       <LatitudeDegrees>5.2354110</LatitudeDegrees>
       <LongitudeDegrees>100.4392470</LongitudeDegrees>
      </Position>
      <AltitudeMeters>5.2</AltitudeMeters>
      <DistanceMeters>1801.9</DistanceMeters>
      <HeartRateBpm>
       <Value>115</Value>
      </HeartRateBpm>
      <Extensions>
       <TPX xmlns="http://www.garmin.com/xmlschemas/ActivityExtension/v2">
        <Speed>0.7</Speed>
       </TPX>
      </Extensions>
     </Trackpoint>
    </Track>
   </Lap>
  </Activity>
 </Activities>
</TrainingCenterDatabase>
