<?xml version="1.0" encoding="UTF-8"?>
<!-- Written by Strava -->
<TrainingCenterDatabase xsi:schemaLocation="http://www.garmin.com/xmlschemas/TrainingCenterDatabase/v2 http://www.garmin.com/xmlschemas/TrainingCenterDatabasev2.xsd" xmlns:ns5="http://www.garmin.com/xmlschemas/ActivityGoals/v1" xmlns:ns3="http://www.garmin.com/xmlschemas/ActivityExtension/v2" xmlns:ns2="http://www.garmin.com/xmlschemas/UserProfile/v2" xmlns="http://www.garmin.com/xmlschemas/TrainingCenterDatabase/v2" xmlns:xsi="http://www.w3.org/2001/XMLSchema-instance">
 <Activities>
  <Activity Sport="Running">
   <Id>2026-08-10T11:22:46Z</Id>
   <Lap StartTime="2026-08-10T11:22:46Z">
    <TotalTimeSeconds>250</TotalTimeSeconds>
    <DistanceMeters>542.33</DistanceMeters>
    <MaximumSpeed>3.1</MaximumSpeed>
    <Calories>0</Calories>
    <AverageHeartRateBpm>
     <Value>147</Value>
    </AverageHeartRateBpm>
    <MaximumHeartRateBpm>
     <Value>150</Value>
    </MaximumHeartRateBpm>
    <Intensity>Active</Intensity>
    <TriggerMethod>Manual</TriggerMethod>
    <Track>
     <Trackpoint>
      <Time>2026-08-10T11:22:46Z</Time>
      <Position>
       <LatitudeDegrees>5.2346940</LatitudeDegrees>
       <LongitudeDegrees>100.4343860</LongitudeDegrees>
      </Position>
      <AltitudeMeters>5.6</AltitudeMeters>
      <DistanceMeters>0.0</DistanceMeters>
      <HeartRateBpm>
       <Value>142</Value>
      </HeartRateBpm>
      <Extensions>
       <TPX xmlns="http://www.garmin.com/xmlschemas/ActivityExtension/v2">
        <Speed>0.0</Speed>
       </TPX>
      </Extensions>
     </Trackpoint>
     <Trackpoint>
      <Time>2026-08-10T11:22:47Z</Time>
      <Position>
       <LatitudeDegrees>5.2347110</LatitudeDegrees>
       <LongitudeDegrees>100.4343820</LongitudeDegrees>
      </Position>
      <AltitudeMeters>5.6</AltitudeMeters>
      <DistanceMeters>0.0</DistanceMeters>
      <HeartRateBpm>
       <Value>142</Value>
      </HeartRateBpm>
      <Extensions>
       <TPX xmlns="http://www.garmin.com/xmlschemas/ActivityExtension/v2">
        <Speed>0.0</Speed>
       </TPX>
      </Extensions>
     </Trackpoint>
     <Trackpoint>
      <Time>2026-08-10T11:22:48Z</Time>
      <Position>
       <LatitudeDegrees>5.2347290</LatitudeDegrees>
       <LongitudeDegrees>100.4343790</LongitudeDegrees>
      </Position>
      <AltitudeMeters>5.6</AltitudeMeters>
      <DistanceMeters>4.0</DistanceMeters>
      <HeartRateBpm>
       <Value>142</Value>
      </HeartRateBpm>
      <Extensions>
       <TPX xmlns="http://www.garmin.com/xmlschemas/ActivityExtension/v2">
        <Speed>2.0</Speed>
       </TPX>
      </Extensions>
     </Trackpoint>
     <Trackpoint>
      <Time>2026-08-10T11:22:49Z</Time>
      <Position>
       <LatitudeDegrees>5.2347480</LatitudeDegrees>
       <LongitudeDegrees>100.4343760</LongitudeDegrees>
      </Position>
      <AltitudeMeters>5.6</AltitudeMeters>
      <DistanceMeters>6.1</DistanceMeters>
      <HeartRateBpm>
       <Value>143</Value>
      </HeartRateBpm>
      <Extensions>
       <TPX xmlns="http://www.garmin.com/xmlschemas/ActivityExtension/v2">
        <Speed>2.0</Speed>
       </TPX>
      </Extensions>
     </Trackpoint>
     <Trackpoint>
      <Time>2026-08-10T11:22:50Z</Time>
      <Position>
       <LatitudeDegrees>5.2347660</LatitudeDegrees>
       <LongitudeDegrees>100.4343750</LongitudeDegrees>
      </Position>
      <AltitudeMeters>5.6</AltitudeMeters>
      <DistanceMeters>8.1</DistanceMeters>
      <HeartRateBpm>
       <Value>143</Value>
      </HeartRateBpm>
      <Extensions>
       <TPX xmlns="http://www.garmin.com/xmlschemas/ActivityExtension/v2">
        <Speed>2.0</Speed>
       </TPX>
      </Extensions>
     </Trackpoint>
     <Trackpoint>
      <Time>2026-08-10T11:22:51Z</Time>
      <Position>
       <LatitudeDegrees>5.2347870</LatitudeDegrees>
       <LongitudeDegrees>100.4343750</LongitudeDegrees>
      </Position>
      <AltitudeMeters>5.6</AltitudeMeters>
      <DistanceMeters>10.4</DistanceMeters>
      <HeartRateBpm>
       <Value>143</Value>
      </HeartRateBpm>
      <Extensions>
       <TPX xmlns="http://www.garmin.com/xmlschemas/ActivityExtension/v2">
        <Speed>2.1</Speed>
       </TPX>
      </Extensions>
     </Trackpoint>
     <Trackpoint>
      <Time>2026-08-10T11:22:52Z</Time>
      <Position>
       <LatitudeDegrees>5.2348180</LatitudeDegrees>
       <LongitudeDegrees>100.4343680</LongitudeDegrees>
      </Position>
      <AltitudeMeters>5.6</AltitudeMeters>
      <DistanceMeters>14.0</DistanceMeters>
      <HeartRateBpm>
       <Value>142</Value>
      </HeartRateBpm>
      <Extensions>
       <TPX xmlns="http://www.garmin.com/xmlschemas/ActivityExtension/v2">
        <Speed>2.8</Speed>
       </TPX>
      </Extensions>
     </Trackpoint>
     <Trackpoint>
      <Time>2026-08-10T11:22:53Z</Time>
      <Position>
       <LatitudeDegrees>5.2348450</LatitudeDegrees>
       <LongitudeDegrees>100.4343610</LongitudeDegrees>
      </Position>
      <AltitudeMeters>5.6</AltitudeMeters>
      <DistanceMeters>17.1</DistanceMeters>
      <HeartRateBpm>
       <Value>142</Value>
      </HeartRateBpm>
      <Extensions>
       <TPX xmlns="http://www.garmin.com/xmlschemas/ActivityExtension/v2">
        <Speed>2.6</Speed>
       </TPX>
      </Extensions>
     </Trackpoint>
     <Trackpoint>
      <Time>2026-08-10T11:22:54Z</Time>
      <Position>
       <LatitudeDegrees>5.2348680</LatitudeDegrees>
       <LongitudeDegrees>100.4343530</LongitudeDegrees>
      </Position>
      <AltitudeMeters>5.6</AltitudeMeters>
      <DistanceMeters>19.8</DistanceMeters>
      <HeartRateBpm>
       <Value>142</Value>
      </HeartRateBpm>
      <Extensions>
       <TPX xmlns="http://www.garmin.com/xmlschemas/ActivityExtension/v2">
        <Speed>2.7</Speed>
       </TPX>
      </Extensions>
     </Trackpoint>
     <Trackpoint>
      <Time>2026-08-10T11:22:55Z</Time>
      <Position>
       <LatitudeDegrees>5.2348930</LatitudeDegrees>
       <LongitudeDegrees>100.4343370</LongitudeDegrees>
      </Position>
      <AltitudeMeters>5.6</AltitudeMeters>
      <DistanceMeters>23.1</DistanceMeters>
      <HeartRateBpm>
       <Value>142</Value>
      </HeartRateBpm>
      <Extensions>
       <TPX xmlns="http://www.garmin.com/xmlschemas/ActivityExtension/v2">
        <Speed>3.0</Speed>
       </TPX>
      </Extensions>
     </Trackpoint>
     <Trackpoint>
      <Time>2026-08-10T11:22:56Z</Time>
      <Position>
       <LatitudeDegrees>5.2349170</LatitudeDegrees>
       <LongitudeDegrees>100.4343250</LongitudeDegrees>
      </Position>
      <AltitudeMeters>5.6</AltitudeMeters>
      <DistanceMeters>26.1</DistanceMeters>
      <HeartRateBpm>
       <Value>143</Value>
      </HeartRateBpm>
      <Extensions>
       <TPX xmlns="http://www.garmin.com/xmlschemas/ActivityExtension/v2">
        <Speed>3.1</Speed>
       </TPX>
      </Extensions>
     </Trackpoint>
     <Trackpoint>
      <Time>2026-08-10T11:22:57Z</Time>
      <Position>
       <LatitudeDegrees>5.2349410</LatitudeDegrees>
       <LongitudeDegrees>100.4343160</LongitudeDegrees>
      </Position>
      <AltitudeMeters>5.6</AltitudeMeters>
      <DistanceMeters>28.9</DistanceMeters>
      <HeartRateBpm>
       <Value>143</Value>
      </HeartRateBpm>
      <Extensions>
       <TPX xmlns="http://www.garmin.com/xmlschemas/ActivityExtension/v2">
        <Speed>3.0</Speed>
       </TPX>
      </Extensions>
     </Trackpoint>
     <Trackpoint>
      <Time>2026-08-10T11:22:58Z</Time>
      <Position>
       <LatitudeDegrees>5.2349630</LatitudeDegrees>
       <LongitudeDegrees>100.4343080</LongitudeDegrees>
      </Position>
      <AltitudeMeters>5.6</AltitudeMeters>
      <DistanceMeters>31.5</DistanceMeters>
      <HeartRateBpm>
       <Value>142</Value>
      </HeartRateBpm>
      <Extensions>
       <TPX xmlns="http://www.garmin.com/xmlschemas/ActivityExtension/v2">
        <Speed>2.9</Speed>
       </TPX>
      </Extensions>
     </Trackpoint>
     <Trackpoint>
      <Time>2026-08-10T11:22:59Z</Time>
      <Position>
       <LatitudeDegrees>5.2349880</LatitudeDegrees>
       <LongitudeDegrees>100.4343030</LongitudeDegrees>
      </Position>
      <AltitudeMeters>5.6</AltitudeMeters>
      <DistanceMeters>34.3</DistanceMeters>
      <HeartRateBpm>
       <Value>142</Value>
      </HeartRateBpm>
      <Extensions>
       <TPX xmlns="http://www.garmin.com/xmlschemas/ActivityExtension/v2">
        <Speed>2.9</Speed>
       </TPX>
      </Extensions>
     </Trackpoint>
     <Trackpoint>
      <Time>2026-08-10T11:23:00Z</Time>
      <Position>
       <LatitudeDegrees>5.2350120</LatitudeDegrees>
       <LongitudeDegrees>100.4342990</LongitudeDegrees>
      </Position>
      <AltitudeMeters>5.6</AltitudeMeters>
      <DistanceMeters>37.0</DistanceMeters>
      <HeartRateBpm>
       <Value>142</Value>
      </HeartRateBpm>
      <Extensions>
       <TPX xmlns="http://www.garmin.com/xmlschemas/ActivityExtension/v2">
        <Speed>2.8</Speed>
       </TPX>
      </Extensions>
     </Trackpoint>
     <Trackpoint>
      <Time>2026-08-10T11:23:01Z</Time>
      <Position>
       <LatitudeDegrees>5.2350320</LatitudeDegrees>
       <LongitudeDegrees>100.4342940</LongitudeDegrees>
      </Position>
      <AltitudeMeters>5.6</AltitudeMeters>
      <DistanceMeters>39.3</DistanceMeters>
      <HeartRateBpm>
       <Value>143</Value>
      </HeartRateBpm>
      <Extensions>
       <TPX xmlns="http://www.garmin.com/xmlschemas/ActivityExtension/v2">
        <Speed>2.6</Speed>
       </TPX>
      </Extensions>
     </Trackpoint>
     <Trackpoint>
      <Time>2026-08-10T11:23:02Z</Time>
      <Position>
       <LatitudeDegrees>5.2350580</LatitudeDegrees>
       <LongitudeDegrees>100.4342930</LongitudeDegrees>
      </Position>
      <AltitudeMeters>5.6</AltitudeMeters>
      <DistanceMeters>42.2</DistanceMeters>
      <HeartRateBpm>
       <Value>143</Value>
      </HeartRateBpm>
      <Extensions>
       <TPX xmlns="http://www.garmin.com/xmlschemas/ActivityExtension/v2">
        <Speed>2.7</Speed>
       </TPX>
      </Extensions>
     </Trackpoint>
     <Trackpoint>
      <Time>2026-08-10T11:23:03Z</Time>
      <Position>
       <LatitudeDegrees>5.2350810</LatitudeDegrees>
       <LongitudeDegrees>100.4342900</LongitudeDegrees>
      </Position>
      <AltitudeMeters>5.6</AltitudeMeters>
      <DistanceMeters>44.8</DistanceMeters>
      <HeartRateBpm>
       <Value>143</Value>
      </HeartRateBpm>
      <Extensions>
       <TPX xmlns="http://www.garmin.com/xmlschemas/ActivityExtension/v2">
        <Speed>2.7</Speed>
       </TPX>
      </Extensions>
     </Trackpoint>
     <Trackpoint>
      <Time>2026-08-10T11:23:04Z</Time>
      <Position>
       <LatitudeDegrees>5.2351030</LatitudeDegrees>
       <LongitudeDegrees>100.4342860</LongitudeDegrees>
      </Position>
      <AltitudeMeters>5.6</AltitudeMeters>
      <DistanceMeters>47.3</DistanceMeters>
      <HeartRateBpm>
       <Value>143</Value>
      </HeartRateBpm>
      <Extensions>
       <TPX xmlns="http://www.garmin.com/xmlschemas/ActivityExtension/v2">
        <Speed>2.6</Speed>
       </TPX>
      </Extensions>
     </Trackpoint>
     <Trackpoint>
      <Time>2026-08-10T11:23:05Z</Time>
      <Position>
       <LatitudeDegrees>5.2351240</LatitudeDegrees>
       <LongitudeDegrees>100.4342800</LongitudeDegrees>
      </Position>
      <AltitudeMeters>5.6</AltitudeMeters>
      <DistanceMeters>49.7</DistanceMeters>
      <HeartRateBpm>
       <Value>143</Value>
      </HeartRateBpm>
      <Extensions>
       <TPX xmlns="http://www.garmin.com/xmlschemas/ActivityExtension/v2">
        <Speed>2.5</Speed>
       </TPX>
      </Extensions>
     </Trackpoint>
     <Trackpoint>
      <Time>2026-08-10T11:23:06Z</Time>
      <Position>
       <LatitudeDegrees>5.2351460</LatitudeDegrees>
       <LongitudeDegrees>100.4342680</LongitudeDegrees>
      </Position>
      <AltitudeMeters>5.6</AltitudeMeters>
      <DistanceMeters>52.4</DistanceMeters>
      <HeartRateBpm>
       <Value>143</Value>
      </HeartRateBpm>
      <Extensions>
       <TPX xmlns="http://www.garmin.com/xmlschemas/ActivityExtension/v2">
        <Speed>2.6</Speed>
       </TPX>
      </Extensions>
     </Trackpoint>
     <Trackpoint>
      <Time>2026-08-10T11:23:07Z</Time>
      <Position>
       <LatitudeDegrees>5.2351670</LatitudeDegrees>
       <LongitudeDegrees>100.4342580</LongitudeDegrees>
      </Position>
      <AltitudeMeters>5.6</AltitudeMeters>
      <DistanceMeters>55.0</DistanceMeters>
      <HeartRateBpm>
       <Value>143</Value>
      </HeartRateBpm>
      <Extensions>
       <TPX xmlns="http://www.garmin.com/xmlschemas/ActivityExtension/v2">
        <Speed>2.6</Speed>
       </TPX>
      </Extensions>
     </Trackpoint>
     <Trackpoint>
      <Time>2026-08-10T11:23:08Z</Time>
      <Position>
       <LatitudeDegrees>5.2351870</LatitudeDegrees>
       <LongitudeDegrees>100.4342480</LongitudeDegrees>
      </Position>
      <AltitudeMeters>5.6</AltitudeMeters>
      <DistanceMeters>57.5</DistanceMeters>
      <HeartRateBpm>
       <Value>143</Value>
      </HeartRateBpm>
      <Extensions>
       <TPX xmlns="http://www.garmin.com/xmlschemas/ActivityExtension/v2">
        <Speed>2.5</Speed>
       </TPX>
      </Extensions>
     </Trackpoint>
     <Trackpoint>
      <Time>2026-08-10T11:23:09Z</Time>
      <Position>
       <LatitudeDegrees>5.2352100</LatitudeDegrees>
       <LongitudeDegrees>100.4342360</LongitudeDegrees>
      </Position>
      <AltitudeMeters>5.6</AltitudeMeters>
      <DistanceMeters>60.3</DistanceMeters>
      <HeartRateBpm>
       <Value>143</Value>
      </HeartRateBpm>
      <Extensions>
       <TPX xmlns="http://www.garmin.com/xmlschemas/ActivityExtension/v2">
        <Speed>2.6</Speed>
       </TPX>
      </Extensions>
     </Trackpoint>
     <Trackpoint>
      <Time>2026-08-10T11:23:10Z</Time>
      <Position>
       <LatitudeDegrees>5.2352320</LatitudeDegrees>
       <LongitudeDegrees>100.4342290</LongitudeDegrees>
      </Position>
      <AltitudeMeters>5.6</AltitudeMeters>
      <DistanceMeters>62.9</DistanceMeters>
      <HeartRateBpm>
       <Value>143</Value>
      </HeartRateBpm>
      <Extensions>
       <TPX xmlns="http://www.garmin.com/xmlschemas/ActivityExtension/v2">
        <Speed>2.6</Speed>
       </TPX>
      </Extensions>
     </Trackpoint>
     <Trackpoint>
      <Time>2026-08-10T11:23:11Z</Time>
      <Position>
       <LatitudeDegrees>5.2352520</LatitudeDegrees>
       <LongitudeDegrees>100.4342230</LongitudeDegrees>
      </Position>
      <AltitudeMeters>5.6</AltitudeMeters>
      <DistanceMeters>65.3</DistanceMeters>
      <HeartRateBpm>
       <Value>143</Value>
      </HeartRateBpm>
      <Extensions>
       <TPX xmlns="http://www.garmin.com/xmlschemas/ActivityExtension/v2">
        <Speed>2.6</Speed>
       </TPX>
      </Extensions>
     </Trackpoint>
     <Trackpoint>
      <Time>2026-08-10T11:23:12Z</Time>
      <Position>
       <LatitudeDegrees>5.2352750</LatitudeDegrees>
       <LongitudeDegrees>100.4342170</LongitudeDegrees>
      </Position>
      <AltitudeMeters>5.6</AltitudeMeters>
      <DistanceMeters>67.9</DistanceMeters>
      <HeartRateBpm>
       <Value>143</Value>
      </HeartRateBpm>
      <Extensions>
       <TPX xmlns="http://www.garmin.com/xmlschemas/ActivityExtension/v2">
        <Speed>2.6</Speed>
       </TPX>
      </Extensions>
     </Trackpoint>
     <Trackpoint>
      <Time>2026-08-10T11:23:13Z</Time>
      <Position>
       <LatitudeDegrees>5.2352970</LatitudeDegrees>
       <LongitudeDegrees>100.4342140</LongitudeDegrees>
      </Position>
      <AltitudeMeters>5.6</AltitudeMeters>
      <DistanceMeters>70.4</DistanceMeters>
      <HeartRateBpm>
       <Value>143</Value>
      </HeartRateBpm>
      <Extensions>
       <TPX xmlns="http://www.garmin.com/xmlschemas/ActivityExtension/v2">
        <Speed>2.6</Speed>
       </TPX>
      </Extensions>
     </Trackpoint>
     <Trackpoint>
      <Time>2026-08-10T11:23:14Z</Time>
      <Position>
       <LatitudeDegrees>5.2353180</LatitudeDegrees>
       <LongitudeDegrees>100.4342100</LongitudeDegrees>
      </Position>
      <AltitudeMeters>5.6</AltitudeMeters>
      <DistanceMeters>72.8</DistanceMeters>
      <HeartRateBpm>
       <Value>143</Value>
      </HeartRateBpm>
      <Extensions>
       <TPX xmlns="http://www.garmin.com/xmlschemas/ActivityExtension/v2">
        <Speed>2.5</Speed>
       </TPX>
      </Extensions>
     </Trackpoint>
     <Trackpoint>
      <Time>2026-08-10T11:23:15Z</Time>
      <Position>
       <LatitudeDegrees>5.2353380</LatitudeDegrees>
       <LongitudeDegrees>100.4342080</LongitudeDegrees>
      </Position>
      <AltitudeMeters>5.6</AltitudeMeters>
      <DistanceMeters>75.0</DistanceMeters>
      <HeartRateBpm>
       <Value>144</Value>
      </HeartRateBpm>
      <Extensions>
       <TPX xmlns="http://www.garmin.com/xmlschemas/ActivityExtension/v2">
        <Speed>2.4</Speed>
       </TPX>
      </Extensions>
     </Trackpoint>
     <Trackpoint>
      <Time>2026-08-10T11:23:16Z</Time>
      <Position>
       <LatitudeDegrees>5.2353580</LatitudeDegrees>
       <LongitudeDegrees>100.4342050</LongitudeDegrees>
      </Position>
      <AltitudeMeters>5.6</AltitudeMeters>
      <DistanceMeters>77.2</DistanceMeters>
      <HeartRateBpm>
       <Value>144</Value>
      </HeartRateBpm>
      <Extensions>
       <TPX xmlns="http://www.garmin.com/xmlschemas/ActivityExtension/v2">
        <Speed>2.4</Speed>
       </TPX>
      </Extensions>
     </Trackpoint>
     <Trackpoint>
      <Time>2026-08-10T11:23:17Z</Time>
      <Position>
       <LatitudeDegrees>5.2353780</LatitudeDegrees>
       <LongitudeDegrees>100.4342000</LongitudeDegrees>
      </Position>
      <AltitudeMeters>5.6</AltitudeMeters>
      <DistanceMeters>79.5</DistanceMeters>
      <HeartRateBpm>
       <Value>144</Value>
      </HeartRateBpm>
      <Extensions>
       <TPX xmlns="http://www.garmin.com/xmlschemas/ActivityExtension/v2">
        <Speed>2.3</Speed>
       </TPX>
      </Extensions>
     </Trackpoint>
     <Trackpoint>
      <Time>2026-08-10T11:23:18Z</Time>
      <Position>
       <LatitudeDegrees>5.2354000</LatitudeDegrees>
       <LongitudeDegrees>100.4341980</LongitudeDegrees>
      </Position>
      <AltitudeMeters>5.6</AltitudeMeters>
      <DistanceMeters>81.9</DistanceMeters>
      <HeartRateBpm>
       <Value>145</Value>
      </HeartRateBpm>
      <Extensions>
       <TPX xmlns="http://www.garmin.com/xmlschemas/ActivityExtension/v2">
        <Speed>2.3</Speed>
       </TPX>
      </Extensions>
     </Trackpoint>
     <Trackpoint>
      <Time>2026-08-10T11:23:19Z</Time>
      <Position>
       <LatitudeDegrees>5.2354220</LatitudeDegrees>
       <LongitudeDegrees>100.4341950</LongitudeDegrees>
      </Position>
      <AltitudeMeters>5.6</AltitudeMeters>
      <DistanceMeters>84.4</DistanceMeters>
      <HeartRateBpm>
       <Value>144</Value>
      </HeartRateBpm>
      <Extensions>
       <TPX xmlns="http://www.garmin.com/xmlschemas/ActivityExtension/v2">
        <Speed>2.3</Speed>
       </TPX>
      </Extensions>
     </Trackpoint>
     <Trackpoint>
      <Time>2026-08-10T11:23:20Z</Time>
      <Position>
       <LatitudeDegrees>5.2354440</LatitudeDegrees>
       <LongitudeDegrees>100.4341910</LongitudeDegrees>
      </Position>
      <AltitudeMeters>5.6</AltitudeMeters>
      <DistanceMeters>86.9</DistanceMeters>
      <HeartRateBpm>
       <Value>144</Value>
      </HeartRateBpm>
      <Extensions>
       <TPX xmlns="http://www.garmin.com/xmlschemas/ActivityExtension/v2">
        <Speed>2.4</Speed>
       </TPX>
      </Extensions>
     </Trackpoint>
     <Trackpoint>
      <Time>2026-08-10T11:23:21Z</Time>
      <Position>
       <LatitudeDegrees>5.2354670</LatitudeDegrees>
       <LongitudeDegrees>100.4341900</LongitudeDegrees>
      </Position>
      <AltitudeMeters>5.6</AltitudeMeters>
      <DistanceMeters>89.4</DistanceMeters>
      <HeartRateBpm>
       <Value>144</Value>
      </HeartRateBpm>
      <Extensions>
       <TPX xmlns="http://www.garmin.com/xmlschemas/ActivityExtension/v2">
        <Speed>2.4</Speed>
       </TPX>
      </Extensions>
     </Trackpoint>
     <Trackpoint>
      <Time>2026-08-10T11:23:22Z</Time>
      <Position>
       <LatitudeDegrees>5.2354880</LatitudeDegrees>
       <LongitudeDegrees>100.4341890</LongitudeDegrees>
      </Position>
      <AltitudeMeters>5.6</AltitudeMeters>
      <DistanceMeters>91.8</DistanceMeters>
      <HeartRateBpm>
       <Value>145</Value>
      </HeartRateBpm>
      <Extensions>
       <TPX xmlns="http://www.garmin.com/xmlschemas/ActivityExtension/v2">
        <Speed>2.4</Speed>
       </TPX>
      </Extensions>
     </Trackpoint>
     <Trackpoint>
      <Time>2026-08-10T11:23:23Z</Time>
      <Position>
       <LatitudeDegrees>5.2355090</LatitudeDegrees>
       <LongitudeDegrees>100.4341890</LongitudeDegrees>
      </Position>
      <AltitudeMeters>5.6</AltitudeMeters>
      <DistanceMeters>94.1</DistanceMeters>
      <HeartRateBpm>
       <Value>145</Value>
      </HeartRateBpm>
      <Extensions>
       <TPX xmlns="http://www.garmin.com/xmlschemas/ActivityExtension/v2">
        <Speed>2.4</Speed>
       </TPX>
      </Extensions>
     </Trackpoint>
     <Trackpoint>
      <Time>2026-08-10T11:23:24Z</Time>
      <Position>
       <LatitudeDegrees>5.2355300</LatitudeDegrees>
       <LongitudeDegrees>100.4341880</LongitudeDegrees>
      </Position>
      <AltitudeMeters>5.6</AltitudeMeters>
      <DistanceMeters>96.5</DistanceMeters>
      <HeartRateBpm>
       <Value>144</Value>
      </HeartRateBpm>
      <Extensions>
       <TPX xmlns="http://www.garmin.com/xmlschemas/ActivityExtension/v2">
        <Speed>2.4</Speed>
       </TPX>
      </Extensions>
     </Trackpoint>
     <Trackpoint>
      <Time>2026-08-10T11:23:25Z</Time>
      <Position>
       <LatitudeDegrees>5.2355480</LatitudeDegrees>
       <LongitudeDegrees>100.4341860</LongitudeDegrees>
      </Position>
      <AltitudeMeters>5.6</AltitudeMeters>
      <DistanceMeters>98.6</DistanceMeters>
      <HeartRateBpm>
       <Value>145</Value>
      </HeartRateBpm>
      <Extensions>
       <TPX xmlns="http://www.garmin.com/xmlschemas/ActivityExtension/v2">
        <Speed>2.3</Speed>
       </TPX>
      </Extensions>
     </Trackpoint>
     <Trackpoint>
      <Time>2026-08-10T11:23:26Z</Time>
      <Position>
       <LatitudeDegrees>5.2355680</LatitudeDegrees>
       <LongitudeDegrees>100.4341830</LongitudeDegrees>
      </Position>
      <AltitudeMeters>5.6</AltitudeMeters>
      <DistanceMeters>100.8</DistanceMeters>
      <HeartRateBpm>
       <Value>145</Value>
      </HeartRateBpm>
      <Extensions>
       <TPX xmlns="http://www.garmin.com/xmlschemas/ActivityExtension/v2">
        <Speed>2.3</Speed>
       </TPX>
      </Extensions>
     </Trackpoint>
     <Trackpoint>
      <Time>2026-08-10T11:23:27Z</Time>
      <Position>
       <LatitudeDegrees>5.2355880</LatitudeDegrees>
       <LongitudeDegrees>100.4341810</LongitudeDegrees>
      </Position>
      <AltitudeMeters>5.6</AltitudeMeters>
      <DistanceMeters>103.0</DistanceMeters>
      <HeartRateBpm>
       <Value>146</Value>
      </HeartRateBpm>
      <Extensions>
       <TPX xmlns="http://www.garmin.com/xmlschemas/ActivityExtension/v2">
        <Speed>2.2</Speed>
       </TPX>
      </Extensions>
     </Trackpoint>
     <Trackpoint>
      <Time>2026-08-10T11:23:28Z</Time>
      <Position>
       <LatitudeDegrees>5.2356080</LatitudeDegrees>
       <LongitudeDegrees>100.4341780</LongitudeDegrees>
      </Position>
      <AltitudeMeters>5.6</AltitudeMeters>
      <DistanceMeters>105.2</DistanceMeters>
      <HeartRateBpm>
       <Value>145</Value>
      </HeartRateBpm>
      <Extensions>
       <TPX xmlns="http://www.garmin.com/xmlschemas/ActivityExtension/v2">
        <Speed>2.2</Speed>
       </TPX>
      </Extensions>
     </Trackpoint>
     <Trackpoint>
      <Time>2026-08-10T11:23:29Z</Time>
      <Position>
       <LatitudeDegrees>5.2356280</LatitudeDegrees>
       <LongitudeDegrees>100.4341740</LongitudeDegrees>
      </Position>
      <AltitudeMeters>5.6</AltitudeMeters>
      <DistanceMeters>107.5</DistanceMeters>
      <HeartRateBpm>
       <Value>145</Value>
      </HeartRateBpm>
      <Extensions>
       <TPX xmlns="http://www.garmin.com/xmlschemas/ActivityExtension/v2">
        <Speed>2.2</Speed>
       </TPX>
      </Extensions>
     </Trackpoint>
     <Trackpoint>
      <Time>2026-08-10T11:23:30Z</Time>
      <Position>
       <LatitudeDegrees>5.2356490</LatitudeDegrees>
       <LongitudeDegrees>100.4341710</LongitudeDegrees>
      </Position>
      <AltitudeMeters>5.6</AltitudeMeters>
      <DistanceMeters>109.9</DistanceMeters>
      <HeartRateBpm>
       <Value>145</Value>
      </HeartRateBpm>
      <Extensions>
       <TPX xmlns="http://www.garmin.com/xmlschemas/ActivityExtension/v2">
        <Speed>2.3</Speed>
       </TPX>
      </Extensions>
     </Trackpoint>
     <Trackpoint>
      <Time>2026-08-10T11:23:31Z</Time>
      <Position>
       <LatitudeDegrees>5.2356690</LatitudeDegrees>
       <LongitudeDegrees>100.4341680</LongitudeDegrees>
      </Position>
      <AltitudeMeters>5.6</AltitudeMeters>
      <DistanceMeters>112.2</DistanceMeters>
      <HeartRateBpm>
       <Value>145</Value>
      </HeartRateBpm>
      <Extensions>
       <TPX xmlns="http://www.garmin.com/xmlschemas/ActivityExtension/v2">
        <Speed>2.3</Speed>
       </TPX>
      </Extensions>
     </Trackpoint>
     <Trackpoint>
      <Time>2026-08-10T11:23:32Z</Time>
      <Position>
       <LatitudeDegrees>5.2356890</LatitudeDegrees>
       <LongitudeDegrees>100.4341620</LongitudeDegrees>
      </Position>
      <AltitudeMeters>5.6</AltitudeMeters>
      <DistanceMeters>114.5</DistanceMeters>
      <HeartRateBpm>
       <Value>145</Value>
      </HeartRateBpm>
      <Extensions>
       <TPX xmlns="http://www.garmin.com/xmlschemas/ActivityExtension/v2">
        <Speed>2.3</Speed>
       </TPX>
      </Extensions>
     </Trackpoint>
     <Trackpoint>
      <Time>2026-08-10T11:23:33Z</Time>
      <Position>
       <LatitudeDegrees>5.2357090</LatitudeDegrees>
       <LongitudeDegrees>100.4341540</LongitudeDegrees>
      </Position>
      <AltitudeMeters>5.6</AltitudeMeters>
      <DistanceMeters>116.8</DistanceMeters>
      <HeartRateBpm>
       <Value>145</Value>
      </HeartRateBpm>
      <Extensions>
       <TPX xmlns="http://www.garmin.com/xmlschemas/ActivityExtension/v2">
        <Speed>2.3</Speed>
       </TPX>
      </Extensions>
     </Trackpoint>
     <Trackpoint>
      <Time>2026-08-10T11:23:34Z</Time>
      <Position>
       <LatitudeDegrees>5.2357300</LatitudeDegrees>
       <LongitudeDegrees>100.4341480</LongitudeDegrees>
      </Position>
      <AltitudeMeters>5.6</AltitudeMeters>
      <DistanceMeters>119.2</DistanceMeters>
      <HeartRateBpm>
       <Value>145</Value>
      </HeartRateBpm>
      <Extensions>
       <TPX xmlns="http://www.garmin.com/xmlschemas/ActivityExtension/v2">
        <Speed>2.3</Speed>
       </TPX>
      </Extensions>
     </Trackpoint>
     <Trackpoint>
      <Time>2026-08-10T11:23:35Z</Time>
      <Position>
       <LatitudeDegrees>5.2357490</LatitudeDegrees>
       <LongitudeDegrees>100.4341410</LongitudeDegrees>
      </Position>
      <AltitudeMeters>5.6</AltitudeMeters>
      <DistanceMeters>121.5</DistanceMeters>
      <HeartRateBpm>
       <Value>145</Value>
      </HeartRateBpm>
      <Extensions>
       <TPX xmlns="http://www.garmin.com/xmlschemas/ActivityExtension/v2">
        <Speed>2.3</Speed>
       </TPX>
      </Extensions>
     </Trackpoint>
     <Trackpoint>
      <Time>2026-08-10T11:23:36Z</Time>
      <Position>
       <LatitudeDegrees>5.2357670</LatitudeDegrees>
       <LongitudeDegrees>100.4341340</LongitudeDegrees>
      </Position>
      <AltitudeMeters>5.6</AltitudeMeters>
      <DistanceMeters>123.6</DistanceMeters>
      <HeartRateBpm>
       <Value>145</Value>
      </HeartRateBpm>
      <Extensions>
       <TPX xmlns="http://www.garmin.com/xmlschemas/ActivityExtension/v2">
        <Speed>2.3</Speed>
       </TPX>
      </Extensions>
     </Trackpoint>
     <Trackpoint>
      <Time>2026-08-10T11:23:37Z</Time>
      <Position>
       <LatitudeDegrees>5.2357870</LatitudeDegrees>
       <LongitudeDegrees>100.4341280</LongitudeDegrees>
      </Position>
      <AltitudeMeters>5.6</AltitudeMeters>
      <DistanceMeters>125.9</DistanceMeters>
      <HeartRateBpm>
       <Value>146</Value>
      </HeartRateBpm>
      <Extensions>
       <TPX xmlns="http://www.garmin.com/xmlschemas/ActivityExtension/v2">
        <Speed>2.3</Speed>
       </TPX>
      </Extensions>
     </Trackpoint>
     <Trackpoint>
      <Time>2026-08-10T11:23:38Z</Time>
      <Position>
       <LatitudeDegrees>5.2358030</LatitudeDegrees>
       <LongitudeDegrees>100.4341210</LongitudeDegrees>
      </Position>
      <AltitudeMeters>5.6</AltitudeMeters>
      <DistanceMeters>127.9</DistanceMeters>
      <HeartRateBpm>
       <Value>146</Value>
      </HeartRateBpm>
      <Extensions>
       <TPX xmlns="http://www.garmin.com/xmlschemas/ActivityExtension/v2">
        <Speed>2.2</Speed>
       </TPX>
      </Extensions>
     </Trackpoint>
     <Trackpoint>
      <Time>2026-08-10T11:23:39Z</Time>
      <Position>
       <LatitudeDegrees>5.2358210</LatitudeDegrees>
       <LongitudeDegrees>100.4341150</LongitudeDegrees>
      </Position>
      <AltitudeMeters>5.6</AltitudeMeters>
      <DistanceMeters>130.0</DistanceMeters>
      <HeartRateBpm>
       <Value>146</Value>
      </HeartRateBpm>
      <Extensions>
       <TPX xmlns="http://www.garmin.com/xmlschemas/ActivityExtension/v2">
        <Speed>2.2</Speed>
       </TPX>
      </Extensions>
     </Trackpoint>
     <Trackpoint>
      <Time>2026-08-10T11:23:40Z</Time>
      <Position>
       <LatitudeDegrees>5.2358390</LatitudeDegrees>
       <LongitudeDegrees>100.4341100</LongitudeDegrees>
      </Position>
      <AltitudeMeters>5.6</AltitudeMeters>
      <DistanceMeters>130.0</DistanceMeters>
      <HeartRateBpm>
       <Value>146</Value>
      </HeartRateBpm>
      <Extensions>
       <TPX xmlns="http://www.garmin.com/xmlschemas/ActivityExtension/v2">
        <Speed>1.7</Speed>
       </TPX>
      </Extensions>
     </Trackpoint>
     <Trackpoint>
      <Time>2026-08-10T11:23:41Z</Time>
      <Position>
       <LatitudeDegrees>5.2358560</LatitudeDegrees>
       <LongitudeDegrees>100.4341060</LongitudeDegrees>
      </Position>
      <AltitudeMeters>5.6</AltitudeMeters>
      <DistanceMeters>134.0</DistanceMeters>
      <HeartRateBpm>
       <Value>146</Value>
      </HeartRateBpm>
      <Extensions>
       <TPX xmlns="http://www.garmin.com/xmlschemas/ActivityExtension/v2">
        <Speed>2.1</Speed>
       </TPX>
      </Extensions>
     </Trackpoint>
     <Trackpoint>
      <Time>2026-08-10T11:23:42Z</Time>
      <Position>
       <LatitudeDegrees>5.2358740</LatitudeDegrees>
       <LongitudeDegrees>100.4341010</LongitudeDegrees>
      </Position>
      <AltitudeMeters>5.6</AltitudeMeters>
      <DistanceMeters>134.0</DistanceMeters>
      <HeartRateBpm>
       <Value>146</Value>
      </HeartRateBpm>
      <Extensions>
       <TPX xmlns="http://www.garmin.com/xmlschemas/ActivityExtension/v2">
        <Speed>1.6</Speed>
       </TPX>
      </Extensions>
     </Trackpoint>
     <Trackpoint>
      <Time>2026-08-10T11:23:43Z</Time>
      <Position>
       <LatitudeDegrees>5.2358910</LatitudeDegrees>
       <LongitudeDegrees>100.4341000</LongitudeDegrees>
      </Position>
      <AltitudeMeters>5.6</AltitudeMeters>
      <DistanceMeters>137.9</DistanceMeters>
      <HeartRateBpm>
       <Value>147</Value>
      </HeartRateBpm>
      <Extensions>
       <TPX xmlns="http://www.garmin.com/xmlschemas/ActivityExtension/v2">
        <Speed>2.0</Speed>
       </TPX>
      </Extensions>
     </Trackpoint>
     <Trackpoint>
      <Time>2026-08-10T11:23:44Z</Time>
      <Position>
       <LatitudeDegrees>5.2359110</LatitudeDegrees>
       <LongitudeDegrees>100.4340960</LongitudeDegrees>
      </Position>
      <AltitudeMeters>5.6</AltitudeMeters>
      <DistanceMeters>140.2</DistanceMeters>
      <HeartRateBpm>
       <Value>147</Value>
      </HeartRateBpm>
      <Extensions>
       <TPX xmlns="http://www.garmin.com/xmlschemas/ActivityExtension/v2">
        <Speed>2.0</Speed>
       </TPX>
      </Extensions>
     </Trackpoint>
     <Trackpoint>
      <Time>2026-08-10T11:23:45Z</Time>
      <Position>
       <LatitudeDegrees>5.2359290</LatitudeDegrees>
       <LongitudeDegrees>100.4340890</LongitudeDegrees>
      </Position>
      <AltitudeMeters>5.6</AltitudeMeters>
      <DistanceMeters>142.4</DistanceMeters>
      <HeartRateBpm>
       <Value>147</Value>
      </HeartRateBpm>
      <Extensions>
       <TPX xmlns="http://www.garmin.com/xmlschemas/ActivityExtension/v2">
        <Speed>2.5</Speed>
       </TPX>
      </Extensions>
     </Trackpoint>
     <Trackpoint>
      <Time>2026-08-10T11:23:46Z</Time>
      <Position>
       <LatitudeDegrees>5.2359470</LatitudeDegrees>
       <LongitudeDegrees>100.4340820</LongitudeDegrees>
      </Position>
      <AltitudeMeters>5.6</AltitudeMeters>
      <DistanceMeters>144.6</DistanceMeters>
      <HeartRateBpm>
       <Value>147</Value>
      </HeartRateBpm>
      <Extensions>
       <TPX xmlns="http://www.garmin.com/xmlschemas/ActivityExtension/v2">
        <Speed>2.1</Speed>
       </TPX>
      </Extensions>
     </Trackpoint>
     <Trackpoint>
      <Time>2026-08-10T11:23:47Z</Time>
      <Position>
       <LatitudeDegrees>5.2359630</LatitudeDegrees>
       <LongitudeDegrees>100.4340730</LongitudeDegrees>
      </Position>
      <AltitudeMeters>5.6</AltitudeMeters>
      <DistanceMeters>146.6</DistanceMeters>
      <HeartRateBpm>
       <Value>147</Value>
      </HeartRateBpm>
      <Extensions>
       <TPX xmlns="http://www.garmin.com/xmlschemas/ActivityExtension/v2">
        <Speed>2.5</Speed>
       </TPX>
      </Extensions>
     </Trackpoint>
     <Trackpoint>
      <Time>2026-08-10T11:23:48Z</Time>
      <Position>
       <LatitudeDegrees>5.2359840</LatitudeDegrees>
       <LongitudeDegrees>100.4340660</LongitudeDegrees>
      </Position>
      <AltitudeMeters>5.6</AltitudeMeters>
      <DistanceMeters>149.0</DistanceMeters>
      <HeartRateBpm>
       <Value>147</Value>
      </HeartRateBpm>
      <Extensions>
       <TPX xmlns="http://www.garmin.com/xmlschemas/ActivityExtension/v2">
        <Speed>2.2</Speed>
       </TPX>
      </Extensions>
     </Trackpoint>
     <Trackpoint>
      <Time>2026-08-10T11:23:49Z</Time>
      <Position>
       <LatitudeDegrees>5.2360050</LatitudeDegrees>
       <LongitudeDegrees>100.4340600</LongitudeDegrees>
      </Position>
      <AltitudeMeters>5.6</AltitudeMeters>
      <DistanceMeters>151.4</DistanceMeters>
      <HeartRateBpm>
       <Value>147</Value>
      </HeartRateBpm>
      <Extensions>
       <TPX xmlns="http://www.garmin.com/xmlschemas/ActivityExtension/v2">
        <Speed>2.2</Speed>
       </TPX>
      </Extensions>
     </Trackpoint>
     <Trackpoint>
      <Time>2026-08-10T11:23:50Z</Time>
      <Position>
       <LatitudeDegrees>5.2360220</LatitudeDegrees>
       <LongitudeDegrees>100.4340530</LongitudeDegrees>
      </Position>
      <AltitudeMeters>5.6</AltitudeMeters>
      <DistanceMeters>153.5</DistanceMeters>
      <HeartRateBpm>
       <Value>147</Value>
      </HeartRateBpm>
      <Extensions>
       <TPX xmlns="http://www.garmin.com/xmlschemas/ActivityExtension/v2">
        <Speed>2.2</Speed>
       </TPX>
      </Extensions>
     </Trackpoint>
     <Trackpoint>
      <Time>2026-08-10T11:23:51Z</Time>
      <Position>
       <LatitudeDegrees>5.2360470</LatitudeDegrees>
       <LongitudeDegrees>100.4340490</LongitudeDegrees>
      </Position>
      <AltitudeMeters>5.6</AltitudeMeters>
      <DistanceMeters>156.3</DistanceMeters>
      <HeartRateBpm>
       <Value>148</Value>
      </HeartRateBpm>
      <Extensions>
       <TPX xmlns="http://www.garmin.com/xmlschemas/ActivityExtension/v2">
        <Speed>2.3</Speed>
       </TPX>
      </Extensions>
     </Trackpoint>
     <Trackpoint>
      <Time>2026-08-10T11:23:52Z</Time>
      <Position>
       <LatitudeDegrees>5.2360690</LatitudeDegrees>
       <LongitudeDegrees>100.4340450</LongitudeDegrees>
      </Position>
      <AltitudeMeters>5.6</AltitudeMeters>
      <DistanceMeters>158.8</DistanceMeters>
      <HeartRateBpm>
       <Value>148</Value>
      </HeartRateBpm>
      <Extensions>
       <TPX xmlns="http://www.garmin.com/xmlschemas/ActivityExtension/v2">
        <Speed>2.4</Speed>
       </TPX>
      </Extensions>
     </Trackpoint>
     <Trackpoint>
      <Time>2026-08-10T11:23:53Z</Time>
      <Position>
       <LatitudeDegrees>5.2360900</LatitudeDegrees>
       <LongitudeDegrees>100.4340410</LongitudeDegrees>
      </Position>
      <AltitudeMeters>5.6</AltitudeMeters>
      <DistanceMeters>161.1</DistanceMeters>
      <HeartRateBpm>
       <Value>148</Value>
      </HeartRateBpm>
      <Extensions>
       <TPX xmlns="http://www.garmin.com/xmlschemas/ActivityExtension/v2">
        <Speed>2.4</Speed>
       </TPX>
      </Extensions>
     </Trackpoint>
     <Trackpoint>
      <Time>2026-08-10T11:23:54Z</Time>
      <Position>
       <LatitudeDegrees>5.2361110</LatitudeDegrees>
       <LongitudeDegrees>100.4340380</LongitudeDegrees>
      </Position>
      <AltitudeMeters>5.6</AltitudeMeters>
      <DistanceMeters>163.5</DistanceMeters>
      <HeartRateBpm>
       <Value>147</Value>
      </HeartRateBpm>
      <Extensions>
       <TPX xmlns="http://www.garmin.com/xmlschemas/ActivityExtension/v2">
        <Speed>2.4</Speed>
       </TPX>
      </Extensions>
     </Trackpoint>
     <Trackpoint>
      <Time>2026-08-10T11:23:55Z</Time>
      <Position>
       <LatitudeDegrees>5.2361320</LatitudeDegrees>
       <LongitudeDegrees>100.4340370</LongitudeDegrees>
      </Position>
      <AltitudeMeters>5.6</AltitudeMeters>
      <DistanceMeters>165.8</DistanceMeters>
      <HeartRateBpm>
       <Value>147</Value>
      </HeartRateBpm>
      <Extensions>
       <TPX xmlns="http://www.garmin.com/xmlschemas/ActivityExtension/v2">
        <Speed>2.5</Speed>
       </TPX>
      </Extensions>
     </Trackpoint>
     <Trackpoint>
      <Time>2026-08-10T11:23:56Z</Time>
      <Position>
       <LatitudeDegrees>5.2361540</LatitudeDegrees>
       <LongitudeDegrees>100.4340360</LongitudeDegrees>
      </Position>
      <AltitudeMeters>5.6</AltitudeMeters>
      <DistanceMeters>168.3</DistanceMeters>
      <HeartRateBpm>
       <Value>148</Value>
      </HeartRateBpm>
      <Extensions>
       <TPX xmlns="http://www.garmin.com/xmlschemas/ActivityExtension/v2">
        <Speed>2.4</Speed>
       </TPX>
      </Extensions>
     </Trackpoint>
     <Trackpoint>
      <Time>2026-08-10T11:23:57Z</Time>
      <Position>
       <LatitudeDegrees>5.2361740</LatitudeDegrees>
       <LongitudeDegrees>100.4340360</LongitudeDegrees>
      </Position>
      <AltitudeMeters>5.6</AltitudeMeters>
      <DistanceMeters>170.5</DistanceMeters>
      <HeartRateBpm>
       <Value>148</Value>
      </HeartRateBpm>
      <Extensions>
       <TPX xmlns="http://www.garmin.com/xmlschemas/ActivityExtension/v2">
        <Speed>2.3</Speed>
       </TPX>
      </Extensions>
     </Trackpoint>
     <Trackpoint>
      <Time>2026-08-10T11:23:58Z</Time>
      <Position>
       <LatitudeDegrees>5.2361940</LatitudeDegrees>
       <LongitudeDegrees>100.4340320</LongitudeDegrees>
      </Position>
      <AltitudeMeters>5.6</AltitudeMeters>
      <DistanceMeters>172.8</DistanceMeters>
      <HeartRateBpm>
       <Value>148</Value>
      </HeartRateBpm>
      <Extensions>
       <TPX xmlns="http://www.garmin.com/xmlschemas/ActivityExtension/v2">
        <Speed>2.3</Speed>
       </TPX>
      </Extensions>
     </Trackpoint>
     <Trackpoint>
      <Time>2026-08-10T11:23:59Z</Time>
      <Position>
       <LatitudeDegrees>5.2362130</LatitudeDegrees>
       <LongitudeDegrees>100.4340270</LongitudeDegrees>
      </Position>
      <AltitudeMeters>5.6</AltitudeMeters>
      <DistanceMeters>175.0</DistanceMeters>
      <HeartRateBpm>
       <Value>148</Value>
      </HeartRateBpm>
      <Extensions>
       <TPX xmlns="http://www.garmin.com/xmlschemas/ActivityExtension/v2">
        <Speed>2.3</Speed>
       </TPX>
      </Extensions>
     </Trackpoint>
     <Trackpoint>
      <Time>2026-08-10T11:24:00Z</Time>
      <Position>
       <LatitudeDegrees>5.2362360</LatitudeDegrees>
       <LongitudeDegrees>100.4340210</LongitudeDegrees>
      </Position>
      <AltitudeMeters>5.6</AltitudeMeters>
      <DistanceMeters>177.6</DistanceMeters>
      <HeartRateBpm>
       <Value>148</Value>
      </HeartRateBpm>
      <Extensions>
       <TPX xmlns="http://www.garmin.com/xmlschemas/ActivityExtension/v2">
        <Speed>2.4</Speed>
       </TPX>
      </Extensions>
     </Trackpoint>
     <Trackpoint>
      <Time>2026-08-10T11:24:01Z</Time>
      <Position>
       <LatitudeDegrees>5.2362570</LatitudeDegrees>
       <LongitudeDegrees>100.4340170</LongitudeDegrees>
      </Position>
      <AltitudeMeters>5.6</AltitudeMeters>
      <DistanceMeters>179.9</DistanceMeters>
      <HeartRateBpm>
       <Value>148</Value>
      </HeartRateBpm>
      <Extensions>
       <TPX xmlns="http://www.garmin.com/xmlschemas/ActivityExtension/v2">
        <Speed>2.3</Speed>
       </TPX>
      </Extensions>
     </Trackpoint>
     <Trackpoint>
      <Time>2026-08-10T11:24:02Z</Time>
      <Position>
       <LatitudeDegrees>5.2362760</LatitudeDegrees>
       <LongitudeDegrees>100.4340140</LongitudeDegrees>
      </Position>
      <AltitudeMeters>5.6</AltitudeMeters>
      <DistanceMeters>182.0</DistanceMeters>
      <HeartRateBpm>
       <Value>148</Value>
      </HeartRateBpm>
      <Extensions>
       <TPX xmlns="http://www.garmin.com/xmlschemas/ActivityExtension/v2">
        <Speed>2.3</Speed>
       </TPX>
      </Extensions>
     </Trackpoint>
     <Trackpoint>
      <Time>2026-08-10T11:24:03Z</Time>
      <Position>
       <LatitudeDegrees>5.2362990</LatitudeDegrees>
       <LongitudeDegrees>100.4340120</LongitudeDegrees>
      </Position>
      <AltitudeMeters>5.6</AltitudeMeters>
      <DistanceMeters>184.6</DistanceMeters>
      <HeartRateBpm>
       <Value>148</Value>
      </HeartRateBpm>
      <Extensions>
       <TPX xmlns="http://www.garmin.com/xmlschemas/ActivityExtension/v2">
        <Speed>2.4</Speed>
       </TPX>
      </Extensions>
     </Trackpoint>
     <Trackpoint>
      <Time>2026-08-10T11:24:04Z</Time>
      <Position>
       <LatitudeDegrees>5.2363190</LatitudeDegrees>
       <LongitudeDegrees>100.4340060</LongitudeDegrees>
      </Position>
      <AltitudeMeters>5.6</AltitudeMeters>
      <DistanceMeters>186.9</DistanceMeters>
      <HeartRateBpm>
       <Value>148</Value>
      </HeartRateBpm>
      <Extensions>
       <TPX xmlns="http://www.garmin.com/xmlschemas/ActivityExtension/v2">
        <Speed>2.4</Speed>
       </TPX>
      </Extensions>
     </Trackpoint>
     <Trackpoint>
      <Time>2026-08-10T11:24:05Z</Time>
      <Position>
       <LatitudeDegrees>5.2363400</LatitudeDegrees>
       <LongitudeDegrees>100.4339990</LongitudeDegrees>
      </Position>
      <AltitudeMeters>5.6</AltitudeMeters>
      <DistanceMeters>189.4</DistanceMeters>
      <HeartRateBpm>
       <Value>148</Value>
      </HeartRateBpm>
      <Extensions>
       <TPX xmlns="http://www.garmin.com/xmlschemas/ActivityExtension/v2">
        <Speed>2.4</Speed>
       </TPX>
      </Extensions>
     </Trackpoint>
     <Trackpoint>
      <Time>2026-08-10T11:24:06Z</Time>
      <Position>
       <LatitudeDegrees>5.2363600</LatitudeDegrees>
       <LongitudeDegrees>100.4339920</LongitudeDegrees>
      </Position>
      <AltitudeMeters>5.6</AltitudeMeters>
      <DistanceMeters>191.7</DistanceMeters>
      <HeartRateBpm>
       <Value>148</Value>
      </HeartRateBpm>
      <Extensions>
       <TPX xmlns="http://www.garmin.com/xmlschemas/ActivityExtension/v2">
        <Speed>2.4</Speed>
       </TPX>
      </Extensions>
     </Trackpoint>
     <Trackpoint>
      <Time>2026-08-10T11:24:07Z</Time>
      <Position>
       <LatitudeDegrees>5.2363810</LatitudeDegrees>
       <LongitudeDegrees>100.4339880</LongitudeDegrees>
      </Position>
      <AltitudeMeters>5.6</AltitudeMeters>
      <DistanceMeters>194.1</DistanceMeters>
      <HeartRateBpm>
       <Value>148</Value>
      </HeartRateBpm>
      <Extensions>
       <TPX xmlns="http://www.garmin.com/xmlschemas/ActivityExtension/v2">
        <Speed>2.4</Speed>
       </TPX>
      </Extensions>
     </Trackpoint>
     <Trackpoint>
      <Time>2026-08-10T11:24:08Z</Time>
      <Position>
       <LatitudeDegrees>5.2363990</LatitudeDegrees>
       <LongitudeDegrees>100.4339840</LongitudeDegrees>
      </Position>
      <AltitudeMeters>5.6</AltitudeMeters>
      <DistanceMeters>196.2</DistanceMeters>
      <HeartRateBpm>
       <Value>148</Value>
      </HeartRateBpm>
      <Extensions>
       <TPX xmlns="http://www.garmin.com/xmlschemas/ActivityExtension/v2">
        <Speed>2.3</Speed>
       </TPX>
      </Extensions>
     </Trackpoint>
     <Trackpoint>
      <Time>2026-08-10T11:24:09Z</Time>
      <Position>
       <LatitudeDegrees>5.2364190</LatitudeDegrees>
       <LongitudeDegrees>100.4339750</LongitudeDegrees>
      </Position>
      <AltitudeMeters>5.6</AltitudeMeters>
      <DistanceMeters>198.6</DistanceMeters>
      <HeartRateBpm>
       <Value>148</Value>
      </HeartRateBpm>
      <Extensions>
       <TPX xmlns="http://www.garmin.com/xmlschemas/ActivityExtension/v2">
        <Speed>2.3</Speed>
       </TPX>
      </Extensions>
     </Trackpoint>
     <Trackpoint>
      <Time>2026-08-10T11:24:10Z</Time>
      <Position>
       <LatitudeDegrees>5.2364380</LatitudeDegrees>
       <LongitudeDegrees>100.4339680</LongitudeDegrees>
      </Position>
      <AltitudeMeters>5.6</AltitudeMeters>
      <DistanceMeters>200.8</DistanceMeters>
      <HeartRateBpm>
       <Value>148</Value>
      </HeartRateBpm>
      <Extensions>
       <TPX xmlns="http://www.garmin.com/xmlschemas/ActivityExtension/v2">
        <Speed>2.3</Speed>
       </TPX>
      </Extensions>
     </Trackpoint>
     <Trackpoint>
      <Time>2026-08-10T11:24:11Z</Time>
      <Position>
       <LatitudeDegrees>5.2364580</LatitudeDegrees>
       <LongitudeDegrees>100.4339610</LongitudeDegrees>
      </Position>
      <AltitudeMeters>5.6</AltitudeMeters>
      <DistanceMeters>203.2</DistanceMeters>
      <HeartRateBpm>
       <Value>148</Value>
      </HeartRateBpm>
      <Extensions>
       <TPX xmlns="http://www.garmin.com/xmlschemas/ActivityExtension/v2">
        <Speed>2.3</Speed>
       </TPX>
      </Extensions>
     </Trackpoint>
     <Trackpoint>
      <Time>2026-08-10T11:24:12Z</Time>
      <Position>
       <LatitudeDegrees>5.2364760</LatitudeDegrees>
       <LongitudeDegrees>100.4339530</LongitudeDegrees>
      </Position>
      <AltitudeMeters>5.6</AltitudeMeters>
      <DistanceMeters>205.4</DistanceMeters>
      <HeartRateBpm>
       <Value>148</Value>
      </HeartRateBpm>
      <Extensions>
       <TPX xmlns="http://www.garmin.com/xmlschemas/ActivityExtension/v2">
        <Speed>2.3</Speed>
       </TPX>
      </Extensions>
     </Trackpoint>
     <Trackpoint>
      <Time>2026-08-10T11:24:13Z</Time>
      <Position>
       <LatitudeDegrees>5.2364970</LatitudeDegrees>
       <LongitudeDegrees>100.4339490</LongitudeDegrees>
      </Position>
      <AltitudeMeters>5.6</AltitudeMeters>
      <DistanceMeters>207.7</DistanceMeters>
      <HeartRateBpm>
       <Value>148</Value>
      </HeartRateBpm>
      <Extensions>
       <TPX xmlns="http://www.garmin.com/xmlschemas/ActivityExtension/v2">
        <Speed>2.3</Speed>
       </TPX>
      </Extensions>
     </Trackpoint>
     <Trackpoint>
      <Time>2026-08-10T11:24:14Z</Time>
      <Position>
       <LatitudeDegrees>5.2365170</LatitudeDegrees>
       <LongitudeDegrees>100.4339460</LongitudeDegrees>
      </Position>
      <AltitudeMeters>5.6</AltitudeMeters>
      <DistanceMeters>209.9</DistanceMeters>
      <HeartRateBpm>
       <Value>148</Value>
      </HeartRateBpm>
      <Extensions>
       <TPX xmlns="http://www.garmin.com/xmlschemas/ActivityExtension/v2">
        <Speed>2.3</Speed>
       </TPX>
      </Extensions>
     </Trackpoint>
     <Trackpoint>
      <Time>2026-08-10T11:24:15Z</Time>
      <Position>
       <LatitudeDegrees>5.2365400</LatitudeDegrees>
       <LongitudeDegrees>100.4339500</LongitudeDegrees>
      </Position>
      <AltitudeMeters>5.6</AltitudeMeters>
      <DistanceMeters>212.5</DistanceMeters>
      <HeartRateBpm>
       <Value>148</Value>
      </HeartRateBpm>
      <Extensions>
       <TPX xmlns="http://www.garmin.com/xmlschemas/ActivityExtension/v2">
        <Speed>2.3</Speed>
       </TPX>
      </Extensions>
     </Trackpoint>
     <Trackpoint>
      <Time>2026-08-10T11:24:16Z</Time>
      <Position>
       <LatitudeDegrees>5.2365590</LatitudeDegrees>
       <LongitudeDegrees>100.4339620</LongitudeDegrees>
      </Position>
      <AltitudeMeters>5.6</AltitudeMeters>
      <DistanceMeters>215.0</DistanceMeters>
      <HeartRateBpm>
       <Value>148</Value>
      </HeartRateBpm>
      <Extensions>
       <TPX xmlns="http://www.garmin.com/xmlschemas/ActivityExtension/v2">
        <Speed>2.4</Speed>
       </TPX>
      </Extensions>
     </Trackpoint>
     <Trackpoint>
      <Time>2026-08-10T11:24:17Z</Time>
      <Position>
       <LatitudeDegrees>5.2365760</LatitudeDegrees>
       <LongitudeDegrees>100.4339790</LongitudeDegrees>
      </Position>
      <AltitudeMeters>5.6</AltitudeMeters>
      <DistanceMeters>217.7</DistanceMeters>
      <HeartRateBpm>
       <Value>148</Value>
      </HeartRateBpm>
      <Extensions>
       <TPX xmlns="http://www.garmin.com/xmlschemas/ActivityExtension/v2">
        <Speed>2.5</Speed>
       </TPX>
      </Extensions>
     </Trackpoint>
     <Trackpoint>
      <Time>2026-08-10T11:24:18Z</Time>
      <Position>
       <LatitudeDegrees>5.2365930</LatitudeDegrees>
       <LongitudeDegrees>100.4339950</LongitudeDegrees>
      </Position>
      <AltitudeMeters>5.6</AltitudeMeters>
      <DistanceMeters>220.3</DistanceMeters>
      <HeartRateBpm>
       <Value>148</Value>
      </HeartRateBpm>
      <Extensions>
       <TPX xmlns="http://www.garmin.com/xmlschemas/ActivityExtension/v2">
        <Speed>2.5</Speed>
       </TPX>
      </Extensions>
     </Trackpoint>
     <Trackpoint>
      <Time>2026-08-10T11:24:19Z</Time>
      <Position>
       <LatitudeDegrees>5.2366110</LatitudeDegrees>
       <LongitudeDegrees>100.4340100</LongitudeDegrees>
      </Position>
      <AltitudeMeters>5.6</AltitudeMeters>
      <DistanceMeters>222.9</DistanceMeters>
      <HeartRateBpm>
       <Value>148</Value>
      </HeartRateBpm>
      <Extensions>
       <TPX xmlns="http://www.garmin.com/xmlschemas/ActivityExtension/v2">
        <Speed>2.6</Speed>
       </TPX>
      </Extensions>
     </Trackpoint>
     <Trackpoint>
      <Time>2026-08-10T11:24:20Z</Time>
      <Position>
       <LatitudeDegrees>5.2366280</LatitudeDegrees>
       <LongitudeDegrees>100.4340230</LongitudeDegrees>
      </Position>
      <AltitudeMeters>5.7</AltitudeMeters>
      <DistanceMeters>225.3</DistanceMeters>
      <HeartRateBpm>
       <Value>148</Value>
      </HeartRateBpm>
      <Extensions>
       <TPX xmlns="http://www.garmin.com/xmlschemas/ActivityExtension/v2">
        <Speed>2.6</Speed>
       </TPX>
      </Extensions>
     </Trackpoint>
     <Trackpoint>
      <Time>2026-08-10T11:24:21Z</Time>
      <Position>
       <LatitudeDegrees>5.2366470</LatitudeDegrees>
       <LongitudeDegrees>100.4340360</LongitudeDegrees>
      </Position>
      <AltitudeMeters>5.7</AltitudeMeters>
      <DistanceMeters>227.8</DistanceMeters>
      <HeartRateBpm>
       <Value>148</Value>
      </HeartRateBpm>
      <Extensions>
       <TPX xmlns="http://www.garmin.com/xmlschemas/ActivityExtension/v2">
        <Speed>2.6</Speed>
       </TPX>
      </Extensions>
     </Trackpoint>
     <Trackpoint>
      <Time>2026-08-10T11:24:22Z</Time>
      <Position>
       <LatitudeDegrees>5.2366640</LatitudeDegrees>
       <LongitudeDegrees>100.4340470</LongitudeDegrees>
      </Position>
      <AltitudeMeters>5.7</AltitudeMeters>
      <DistanceMeters>230.0</DistanceMeters>
      <HeartRateBpm>
       <Value>148</Value>
      </HeartRateBpm>
      <Extensions>
       <TPX xmlns="http://www.garmin.com/xmlschemas/ActivityExtension/v2">
        <Speed>2.5</Speed>
       </TPX>
      </Extensions>
     </Trackpoint>
     <Trackpoint>
      <Time>2026-08-10T11:24:23Z</Time>
      <Position>
       <LatitudeDegrees>5.2366810</LatitudeDegrees>
       <LongitudeDegrees>100.4340580</LongitudeDegrees>
      </Position>
      <AltitudeMeters>5.7</AltitudeMeters>
      <DistanceMeters>232.2</DistanceMeters>
      <HeartRateBpm>
       <Value>148</Value>
      </HeartRateBpm>
      <Extensions>
       <TPX xmlns="http://www.garmin.com/xmlschemas/ActivityExtension/v2">
        <Speed>2.4</Speed>
       </TPX>
      </Extensions>
     </Trackpoint>
     <Trackpoint>
      <Time>2026-08-10T11:24:24Z</Time>
      <Position>
       <LatitudeDegrees>5.2366960</LatitudeDegrees>
       <LongitudeDegrees>100.4340750</LongitudeDegrees>
      </Position>
      <AltitudeMeters>5.7</AltitudeMeters>
      <DistanceMeters>234.7</DistanceMeters>
      <HeartRateBpm>
       <Value>148</Value>
      </HeartRateBpm>
      <Extensions>
       <TPX xmlns="http://www.garmin.com/xmlschemas/ActivityExtension/v2">
        <Speed>2.4</Speed>
       </TPX>
      </Extensions>
     </Trackpoint>
     <Trackpoint>
      <Time>2026-08-10T11:24:25Z</Time>
      <Position>
       <LatitudeDegrees>5.2367000</LatitudeDegrees>
       <LongitudeDegrees>100.4340960</LongitudeDegrees>
      </Position>
      <AltitudeMeters>5.7</AltitudeMeters>
      <DistanceMeters>237.0</DistanceMeters>
      <HeartRateBpm>
       <Value>148</Value>
      </HeartRateBpm>
      <Extensions>
       <TPX xmlns="http://www.garmin.com/xmlschemas/ActivityExtension/v2">
        <Speed>2.3</Speed>
       </TPX>
      </Extensions>
     </Trackpoint>
     <Trackpoint>
      <Time>2026-08-10T11:24:26Z</Time>
      <Position>
       <LatitudeDegrees>5.2367000</LatitudeDegrees>
       <LongitudeDegrees>100.4341180</LongitudeDegrees>
      </Position>
      <AltitudeMeters>5.7</AltitudeMeters>
      <DistanceMeters>239.4</DistanceMeters>
      <HeartRateBpm>
       <Value>148</Value>
      </HeartRateBpm>
      <Extensions>
       <TPX xmlns="http://www.garmin.com/xmlschemas/ActivityExtension/v2">
        <Speed>2.3</Speed>
       </TPX>
      </Extensions>
     </Trackpoint>
     <Trackpoint>
      <Time>2026-08-10T11:24:27Z</Time>
      <Position>
       <LatitudeDegrees>5.2367030</LatitudeDegrees>
       <LongitudeDegrees>100.4341380</LongitudeDegrees>
      </Position>
      <AltitudeMeters>5.7</AltitudeMeters>
      <DistanceMeters>241.6</DistanceMeters>
      <HeartRateBpm>
       <Value>148</Value>
      </HeartRateBpm>
      <Extensions>
       <TPX xmlns="http://www.garmin.com/xmlschemas/ActivityExtension/v2">
        <Speed>2.3</Speed>
       </TPX>
      </Extensions>
     </Trackpoint>
     <Trackpoint>
      <Time>2026-08-10T11:24:28Z</Time>
      <Position>
       <LatitudeDegrees>5.2367080</LatitudeDegrees>
       <LongitudeDegrees>100.4341590</LongitudeDegrees>
      </Position>
      <AltitudeMeters>5.7</AltitudeMeters>
      <DistanceMeters>244.0</DistanceMeters>
      <HeartRateBpm>
       <Value>148</Value>
      </HeartRateBpm>
      <Extensions>
       <TPX xmlns="http://www.garmin.com/xmlschemas/ActivityExtension/v2">
        <Speed>2.4</Speed>
       </TPX>
      </Extensions>
     </Trackpoint>
     <Trackpoint>
      <Time>2026-08-10T11:24:29Z</Time>
      <Position>
       <LatitudeDegrees>5.2367130</LatitudeDegrees>
       <LongitudeDegrees>100.4341790</LongitudeDegrees>
      </Position>
      <AltitudeMeters>5.7</AltitudeMeters>
      <DistanceMeters>246.3</DistanceMeters>
      <HeartRateBpm>
       <Value>148</Value>
      </HeartRateBpm>
      <Extensions>
       <TPX xmlns="http://www.garmin.com/xmlschemas/ActivityExtension/v2">
        <Speed>2.3</Speed>
       </TPX>
      </Extensions>
     </Trackpoint>
     <Trackpoint>
      <Time>2026-08-10T11:24:30Z</Time>
      <Position>
       <LatitudeDegrees>5.2367170</LatitudeDegrees>
       <LongitudeDegrees>100.4341990</LongitudeDegrees>
      </Position>
      <AltitudeMeters>5.7</AltitudeMeters>
      <DistanceMeters>248.6</DistanceMeters>
      <HeartRateBpm>
       <Value>148</Value>
      </HeartRateBpm>
      <Extensions>
       <TPX xmlns="http://www.garmin.com/xmlschemas/ActivityExtension/v2">
        <Speed>2.3</Speed>
       </TPX>
      </Extensions>
     </Trackpoint>
     <Trackpoint>
      <Time>2026-08-10T11:24:31Z</Time>
      <Position>
       <LatitudeDegrees>5.2367230</LatitudeDegrees>
       <LongitudeDegrees>100.4342180</LongitudeDegrees>
      </Position>
      <AltitudeMeters>5.7</AltitudeMeters>
      <DistanceMeters>250.8</DistanceMeters>
      <HeartRateBpm>
       <Value>147</Value>
      </HeartRateBpm>
      <Extensions>
       <TPX xmlns="http://www.garmin.com/xmlschemas/ActivityExtension/v2">
        <Speed>2.3</Speed>
       </TPX>
      </Extensions>
     </Trackpoint>
     <Trackpoint>
      <Time>2026-08-10T11:24:32Z</Time>
      <Position>
       <LatitudeDegrees>5.2367310</LatitudeDegrees>
       <LongitudeDegrees>100.4342340</LongitudeDegrees>
      </Position>
      <AltitudeMeters>5.7</AltitudeMeters>
      <DistanceMeters>252.7</DistanceMeters>
      <HeartRateBpm>
       <Value>147</Value>
      </HeartRateBpm>
      <Extensions>
       <TPX xmlns="http://www.garmin.com/xmlschemas/ActivityExtension/v2">
        <Speed>2.2</Speed>
       </TPX>
      </Extensions>
     </Trackpoint>
     <Trackpoint>
      <Time>2026-08-10T11:24:33Z</Time>
      <Position>
       <LatitudeDegrees>5.2367370</LatitudeDegrees>
       <LongitudeDegrees>100.4342530</LongitudeDegrees>
      </Position>
      <AltitudeMeters>5.7</AltitudeMeters>
      <DistanceMeters>254.9</DistanceMeters>
      <HeartRateBpm>
       <Value>147</Value>
      </HeartRateBpm>
      <Extensions>
       <TPX xmlns="http://www.garmin.com/xmlschemas/ActivityExtension/v2">
        <Speed>2.2</Speed>
       </TPX>
      </Extensions>
     </Trackpoint>
     <Trackpoint>
      <Time>2026-08-10T11:24:34Z</Time>
      <Position>
       <LatitudeDegrees>5.2367430</LatitudeDegrees>
       <LongitudeDegrees>100.4342720</LongitudeDegrees>
      </Position>
      <AltitudeMeters>5.7</AltitudeMeters>
      <DistanceMeters>257.1</DistanceMeters>
      <HeartRateBpm>
       <Value>147</Value>
      </HeartRateBpm>
      <Extensions>
       <TPX xmlns="http://www.garmin.com/xmlschemas/ActivityExtension/v2">
        <Speed>2.2</Speed>
       </TPX>
      </Extensions>
     </Trackpoint>
     <Trackpoint>
      <Time>2026-08-10T11:24:35Z</Time>
      <Position>
       <LatitudeDegrees>5.2367490</LatitudeDegrees>
       <LongitudeDegrees>100.4342920</LongitudeDegrees>
      </Position>
      <AltitudeMeters>5.7</AltitudeMeters>
      <DistanceMeters>259.4</DistanceMeters>
      <HeartRateBpm>
       <Value>147</Value>
      </HeartRateBpm>
      <Extensions>
       <TPX xmlns="http://www.garmin.com/xmlschemas/ActivityExtension/v2">
        <Speed>2.2</Speed>
       </TPX>
      </Extensions>
     </Trackpoint>
     <Trackpoint>
      <Time>2026-08-10T11:24:36Z</Time>
      <Position>
       <LatitudeDegrees>5.2367550</LatitudeDegrees>
       <LongitudeDegrees>100.4343110</LongitudeDegrees>
      </Position>
      <AltitudeMeters>5.7</AltitudeMeters>
      <DistanceMeters>261.6</DistanceMeters>
      <HeartRateBpm>
       <Value>147</Value>
      </HeartRateBpm>
      <Extensions>
       <TPX xmlns="http://www.garmin.com/xmlschemas/ActivityExtension/v2">
        <Speed>2.2</Speed>
       </TPX>
      </Extensions>
     </Trackpoint>
     <Trackpoint>
      <Time>2026-08-10T11:24:37Z</Time>
      <Position>
       <LatitudeDegrees>5.2367610</LatitudeDegrees>
       <LongitudeDegrees>100.4343310</LongitudeDegrees>
      </Position>
      <AltitudeMeters>5.7</AltitudeMeters>
      <DistanceMeters>264.0</DistanceMeters>
      <HeartRateBpm>
       <Value>148</Value>
      </HeartRateBpm>
      <Extensions>
       <TPX xmlns="http://www.garmin.com/xmlschemas/ActivityExtension/v2">
        <Speed>2.3</Speed>
       </TPX>
      </Extensions>
     </Trackpoint>
     <Trackpoint>
      <Time>2026-08-10T11:24:38Z</Time>
      <Position>
       <LatitudeDegrees>5.2367670</LatitudeDegrees>
       <LongitudeDegrees>100.4343510</LongitudeDegrees>
      </Position>
      <AltitudeMeters>5.7</AltitudeMeters>
      <DistanceMeters>266.3</DistanceMeters>
      <HeartRateBpm>
       <Value>148</Value>
      </HeartRateBpm>
      <Extensions>
       <TPX xmlns="http://www.garmin.com/xmlschemas/ActivityExtension/v2">
        <Speed>2.3</Speed>
       </TPX>
      </Extensions>
     </Trackpoint>
     <Trackpoint>
      <Time>2026-08-10T11:24:39Z</Time>
      <Position>
       <LatitudeDegrees>5.2367750</LatitudeDegrees>
       <LongitudeDegrees>100.4343710</LongitudeDegrees>
      </Position>
      <AltitudeMeters>5.7</AltitudeMeters>
      <DistanceMeters>268.7</DistanceMeters>
      <HeartRateBpm>
       <Value>148</Value>
      </HeartRateBpm>
      <Extensions>
       <TPX xmlns="http://www.garmin.com/xmlschemas/ActivityExtension/v2">
        <Speed>2.3</Speed>
       </TPX>
      </Extensions>
     </Trackpoint>
     <Trackpoint>
      <Time>2026-08-10T11:24:40Z</Time>
      <Position>
       <LatitudeDegrees>5.2367840</LatitudeDegrees>
       <LongitudeDegrees>100.4343890</LongitudeDegrees>
      </Position>
      <AltitudeMeters>5.7</AltitudeMeters>
      <DistanceMeters>270.9</DistanceMeters>
      <HeartRateBpm>
       <Value>148</Value>
      </HeartRateBpm>
      <Extensions>
       <TPX xmlns="http://www.garmin.com/xmlschemas/ActivityExtension/v2">
        <Speed>2.3</Speed>
       </TPX>
      </Extensions>
     </Trackpoint>
     <Trackpoint>
      <Time>2026-08-10T11:24:41Z</Time>
      <Position>
       <LatitudeDegrees>5.2367890</LatitudeDegrees>
       <LongitudeDegrees>100.4344080</LongitudeDegrees>
      </Position>
      <AltitudeMeters>5.7</AltitudeMeters>
      <DistanceMeters>273.1</DistanceMeters>
      <HeartRateBpm>
       <Value>148</Value>
      </HeartRateBpm>
      <Extensions>
       <TPX xmlns="http://www.garmin.com/xmlschemas/ActivityExtension/v2">
        <Speed>2.3</Speed>
       </TPX>
      </Extensions>
     </Trackpoint>
     <Trackpoint>
      <Time>2026-08-10T11:24:42Z</Time>
      <Position>
       <LatitudeDegrees>5.2367940</LatitudeDegrees>
       <LongitudeDegrees>100.4344270</LongitudeDegrees>
      </Position>
      <AltitudeMeters>5.7</AltitudeMeters>
      <DistanceMeters>275.3</DistanceMeters>
      <HeartRateBpm>
       <Value>148</Value>
      </HeartRateBpm>
      <Extensions>
       <TPX xmlns="http://www.garmin.com/xmlschemas/ActivityExtension/v2">
        <Speed>2.3</Speed>
       </TPX>
      </Extensions>
     </Trackpoint>
     <Trackpoint>
      <Time>2026-08-10T11:24:43Z</Time>
      <Position>
       <LatitudeDegrees>5.2368000</LatitudeDegrees>
       <LongitudeDegrees>100.4344490</LongitudeDegrees>
      </Position>
      <AltitudeMeters>5.7</AltitudeMeters>
      <DistanceMeters>277.8</DistanceMeters>
      <HeartRateBpm>
       <Value>148</Value>
      </HeartRateBpm>
      <Extensions>
       <TPX xmlns="http://www.garmin.com/xmlschemas/ActivityExtension/v2">
        <Speed>2.3</Speed>
       </TPX>
      </Extensions>
     </Trackpoint>
     <Trackpoint>
      <Time>2026-08-10T11:24:44Z</Time>
      <Position>
       <LatitudeDegrees>5.2368040</LatitudeDegrees>
       <LongitudeDegrees>100.4344680</LongitudeDegrees>
      </Position>
      <AltitudeMeters>5.7</AltitudeMeters>
      <DistanceMeters>279.9</DistanceMeters>
      <HeartRateBpm>
       <Value>148</Value>
      </HeartRateBpm>
      <Extensions>
       <TPX xmlns="http://www.garmin.com/xmlschemas/ActivityExtension/v2">
        <Speed>2.2</Speed>
       </TPX>
      </Extensions>
     </Trackpoint>
     <Trackpoint>
      <Time>2026-08-10T11:24:45Z</Time>
      <Position>
       <LatitudeDegrees>5.2368070</LatitudeDegrees>
       <LongitudeDegrees>100.4344870</LongitudeDegrees>
      </Position>
      <AltitudeMeters>5.7</AltitudeMeters>
      <DistanceMeters>282.0</DistanceMeters>
      <HeartRateBpm>
       <Value>148</Value>
      </HeartRateBpm>
      <Extensions>
       <TPX xmlns="http://www.garmin.com/xmlschemas/ActivityExtension/v2">
        <Speed>2.2</Speed>
       </TPX>
      </Extensions>
     </Trackpoint>
     <Trackpoint>
      <Time>2026-08-10T11:24:46Z</Time>
      <Position>
       <LatitudeDegrees>5.2368120</LatitudeDegrees>
       <LongitudeDegrees>100.4345060</LongitudeDegrees>
      </Position>
      <AltitudeMeters>5.7</AltitudeMeters>
      <DistanceMeters>284.2</DistanceMeters>
      <HeartRateBpm>
       <Value>148</Value>
      </HeartRateBpm>
      <Extensions>
       <TPX xmlns="http://www.garmin.com/xmlschemas/ActivityExtension/v2">
        <Speed>2.2</Speed>
       </TPX>
      </Extensions>
     </Trackpoint>
     <Trackpoint>
      <Time>2026-08-10T11:24:47Z</Time>
      <Position>
       <LatitudeDegrees>5.2368160</LatitudeDegrees>
       <LongitudeDegrees>100.4345250</LongitudeDegrees>
      </Position>
      <AltitudeMeters>5.7</AltitudeMeters>
      <DistanceMeters>286.3</DistanceMeters>
      <HeartRateBpm>
       <Value>148</Value>
      </HeartRateBpm>
      <Extensions>
       <TPX xmlns="http://www.garmin.com/xmlschemas/ActivityExtension/v2">
        <Speed>2.2</Speed>
       </TPX>
      </Extensions>
     </Trackpoint>
     <Trackpoint>
      <Time>2026-08-10T11:24:48Z</Time>
      <Position>
       <LatitudeDegrees>5.2368180</LatitudeDegrees>
       <LongitudeDegrees>100.4345450</LongitudeDegrees>
      </Position>
      <AltitudeMeters>5.7</AltitudeMeters>
      <DistanceMeters>288.6</DistanceMeters>
      <HeartRateBpm>
       <Value>148</Value>
      </HeartRateBpm>
      <Extensions>
       <TPX xmlns="http://www.garmin.com/xmlschemas/ActivityExtension/v2">
        <Speed>2.2</Speed>
       </TPX>
      </Extensions>
     </Trackpoint>
     <Trackpoint>
      <Time>2026-08-10T11:24:49Z</Time>
      <Position>
       <LatitudeDegrees>5.2368210</LatitudeDegrees>
       <LongitudeDegrees>100.4345650</LongitudeDegrees>
      </Position>
      <AltitudeMeters>5.7</AltitudeMeters>
      <DistanceMeters>290.9</DistanceMeters>
      <HeartRateBpm>
       <Value>148</Value>
      </HeartRateBpm>
      <Extensions>
       <TPX xmlns="http://www.garmin.com/xmlschemas/ActivityExtension/v2">
        <Speed>2.2</Speed>
       </TPX>
      </Extensions>
     </Trackpoint>
     <Trackpoint>
      <Time>2026-08-10T11:24:50Z</Time>
      <Position>
       <LatitudeDegrees>5.2368230</LatitudeDegrees>
       <LongitudeDegrees>100.4345860</LongitudeDegrees>
      </Position>
      <AltitudeMeters>5.7</AltitudeMeters>
      <DistanceMeters>293.2</DistanceMeters>
      <HeartRateBpm>
       <Value>148</Value>
      </HeartRateBpm>
      <Extensions>
       <TPX xmlns="http://www.garmin.com/xmlschemas/ActivityExtension/v2">
        <Speed>2.2</Speed>
       </TPX>
      </Extensions>
     </Trackpoint>
     <Trackpoint>
      <Time>2026-08-10T11:24:51Z</Time>
      <Position>
       <LatitudeDegrees>5.2368250</LatitudeDegrees>
       <LongitudeDegrees>100.4346040</LongitudeDegrees>
      </Position>
      <AltitudeMeters>5.7</AltitudeMeters>
      <DistanceMeters>295.2</DistanceMeters>
      <HeartRateBpm>
       <Value>148</Value>
      </HeartRateBpm>
      <Extensions>
       <TPX xmlns="http://www.garmin.com/xmlschemas/ActivityExtension/v2">
        <Speed>2.2</Speed>
       </TPX>
      </Extensions>
     </Trackpoint>
     <Trackpoint>
      <Time>2026-08-10T11:24:52Z</Time>
      <Position>
       <LatitudeDegrees>5.2368310</LatitudeDegrees>
       <LongitudeDegrees>100.4346260</LongitudeDegrees>
      </Position>
      <AltitudeMeters>5.7</AltitudeMeters>
      <DistanceMeters>297.7</DistanceMeters>
      <HeartRateBpm>
       <Value>148</Value>
      </HeartRateBpm>
      <Extensions>
       <TPX xmlns="http://www.garmin.com/xmlschemas/ActivityExtension/v2">
        <Speed>2.3</Speed>
       </TPX>
      </Extensions>
     </Trackpoint>
     <Trackpoint>
      <Time>2026-08-10T11:24:53Z</Time>
      <Position>
       <LatitudeDegrees>5.2368360</LatitudeDegrees>
       <LongitudeDegrees>100.4346460</LongitudeDegrees>
      </Position>
      <AltitudeMeters>5.7</AltitudeMeters>
      <DistanceMeters>300.0</DistanceMeters>
      <HeartRateBpm>
       <Value>148</Value>
      </HeartRateBpm>
      <Extensions>
       <TPX xmlns="http://www.garmin.com/xmlschemas/ActivityExtension/v2">
        <Speed>2.3</Speed>
       </TPX>
      </Extensions>
     </Trackpoint>
     <Trackpoint>
      <Time>2026-08-10T11:24:54Z</Time>
      <Position>
       <LatitudeDegrees>5.2368410</LatitudeDegrees>
       <LongitudeDegrees>100.4346670</LongitudeDegrees>
      </Position>
      <AltitudeMeters>5.7</AltitudeMeters>
      <DistanceMeters>302.4</DistanceMeters>
      <HeartRateBpm>
       <Value>148</Value>
      </HeartRateBpm>
      <Extensions>
       <TPX xmlns="http://www.garmin.com/xmlschemas/ActivityExtension/v2">
        <Speed>2.3</Speed>
       </TPX>
      </Extensions>
     </Trackpoint>
     <Trackpoint>
      <Time>2026-08-10T11:24:55Z</Time>
      <Position>
       <LatitudeDegrees>5.2368450</LatitudeDegrees>
       <LongitudeDegrees>100.4346870</LongitudeDegrees>
      </Position>
      <AltitudeMeters>5.7</AltitudeMeters>
      <DistanceMeters>304.6</DistanceMeters>
      <HeartRateBpm>
       <Value>148</Value>
      </HeartRateBpm>
      <Extensions>
       <TPX xmlns="http://www.garmin.com/xmlschemas/ActivityExtension/v2">
        <Speed>2.3</Speed>
       </TPX>
      </Extensions>
     </Trackpoint>
     <Trackpoint>
      <Time>2026-08-10T11:24:56Z</Time>
      <Position>
       <LatitudeDegrees>5.2368510</LatitudeDegrees>
       <LongitudeDegrees>100.4347070</LongitudeDegrees>
      </Position>
      <AltitudeMeters>5.7</AltitudeMeters>
      <DistanceMeters>306.9</DistanceMeters>
      <HeartRateBpm>
       <Value>148</Value>
      </HeartRateBpm>
      <Extensions>
       <TPX xmlns="http://www.garmin.com/xmlschemas/ActivityExtension/v2">
        <Speed>2.3</Speed>
       </TPX>
      </Extensions>
     </Trackpoint>
     <Trackpoint>
      <Time>2026-08-10T11:24:57Z</Time>
      <Position>
       <LatitudeDegrees>5.2368570</LatitudeDegrees>
       <LongitudeDegrees>100.4347280</LongitudeDegrees>
      </Position>
      <AltitudeMeters>5.7</AltitudeMeters>
      <DistanceMeters>309.4</DistanceMeters>
      <HeartRateBpm>
       <Value>148</Value>
      </HeartRateBpm>
      <Extensions>
       <TPX xmlns="http://www.garmin.com/xmlschemas/ActivityExtension/v2">
        <Speed>2.3</Speed>
       </TPX>
      </Extensions>
     </Trackpoint>
     <Trackpoint>
      <Time>2026-08-10T11:24:58Z</Time>
      <Position>
       <LatitudeDegrees>5.2368630</LatitudeDegrees>
       <LongitudeDegrees>100.4347480</LongitudeDegrees>
      </Position>
      <AltitudeMeters>5.8</AltitudeMeters>
      <DistanceMeters>311.7</DistanceMeters>
      <HeartRateBpm>
       <Value>148</Value>
      </HeartRateBpm>
      <Extensions>
       <TPX xmlns="http://www.garmin.com/xmlschemas/ActivityExtension/v2">
        <Speed>2.3</Speed>
       </TPX>
      </Extensions>
     </Trackpoint>
     <Trackpoint>
      <Time>2026-08-10T11:24:59Z</Time>
      <Position>
       <LatitudeDegrees>5.2368660</LatitudeDegrees>
       <LongitudeDegrees>100.4347690</LongitudeDegrees>
      </Position>
      <AltitudeMeters>5.8</AltitudeMeters>
      <DistanceMeters>314.0</DistanceMeters>
      <HeartRateBpm>
       <Value>149</Value>
      </HeartRateBpm>
      <Extensions>
       <TPX xmlns="http://www.garmin.com/xmlschemas/ActivityExtension/v2">
        <Speed>2.3</Speed>
       </TPX>
      </Extensions>
     </Trackpoint>
     <Trackpoint>
      <Time>2026-08-10T11:25:00Z</Time>
      <Position>
       <LatitudeDegrees>5.2368710</LatitudeDegrees>
       <LongitudeDegrees>100.4347890</LongitudeDegrees>
      </Position>
      <AltitudeMeters>5.8</AltitudeMeters>
      <DistanceMeters>316.3</DistanceMeters>
      <HeartRateBpm>
       <Value>149</Value>
      </HeartRateBpm>
      <Extensions>
       <TPX xmlns="http://www.garmin.com/xmlschemas/ActivityExtension/v2">
        <Speed>2.3</Speed>
       </TPX>
      </Extensions>
     </Trackpoint>
     <Trackpoint>
      <Time>2026-08-10T11:25:01Z</Time>
      <Position>
       <LatitudeDegrees>5.2368780</LatitudeDegrees>
       <LongitudeDegrees>100.4348100</LongitudeDegrees>
      </Position>
      <AltitudeMeters>5.8</AltitudeMeters>
      <DistanceMeters>318.7</DistanceMeters>
      <HeartRateBpm>
       <Value>149</Value>
      </HeartRateBpm>
      <Extensions>
       <TPX xmlns="http://www.garmin.com/xmlschemas/ActivityExtension/v2">
        <Speed>2.4</Speed>
       </TPX>
      </Extensions>
     </Trackpoint>
     <Trackpoint>
      <Time>2026-08-10T11:25:02Z</Time>
      <Position>
       <LatitudeDegrees>5.2368790</LatitudeDegrees>
       <LongitudeDegrees>100.4348310</LongitudeDegrees>
      </Position>
      <AltitudeMeters>5.8</AltitudeMeters>
      <DistanceMeters>321.0</DistanceMeters>
      <HeartRateBpm>
       <Value>148</Value>
      </HeartRateBpm>
      <Extensions>
       <TPX xmlns="http://www.garmin.com/xmlschemas/ActivityExtension/v2">
        <Speed>2.3</Speed>
       </TPX>
      </Extensions>
     </Trackpoint>
     <Trackpoint>
      <Time>2026-08-10T11:25:03Z</Time>
      <Position>
       <LatitudeDegrees>5.2368800</LatitudeDegrees>
       <LongitudeDegrees>100.4348530</LongitudeDegrees>
      </Position>
      <AltitudeMeters>5.8</AltitudeMeters>
      <DistanceMeters>323.5</DistanceMeters>
      <HeartRateBpm>
       <Value>147</Value>
      </HeartRateBpm>
      <Extensions>
       <TPX xmlns="http://www.garmin.com/xmlschemas/ActivityExtension/v2">
        <Speed>2.4</Speed>
       </TPX>
      </Extensions>
     </Trackpoint>
     <Trackpoint>
      <Time>2026-08-10T11:25:04Z</Time>
      <Position>
       <LatitudeDegrees>5.2368810</LatitudeDegrees>
       <LongitudeDegrees>100.4348750</LongitudeDegrees>
      </Position>
      <AltitudeMeters>5.8</AltitudeMeters>
      <DistanceMeters>325.9</DistanceMeters>
      <HeartRateBpm>
       <Value>149</Value>
      </HeartRateBpm>
      <Extensions>
       <TPX xmlns="http://www.garmin.com/xmlschemas/ActivityExtension/v2">
        <Speed>2.4</Speed>
       </TPX>
      </Extensions>
     </Trackpoint>
     <Trackpoint>
      <Time>2026-08-10T11:25:05Z</Time>
      <Position>
       <LatitudeDegrees>5.2368830</LatitudeDegrees>
       <LongitudeDegrees>100.4348980</LongitudeDegrees>
      </Position>
      <AltitudeMeters>5.8</AltitudeMeters>
      <DistanceMeters>328.5</DistanceMeters>
      <HeartRateBpm>
       <Value>150</Value>
      </HeartRateBpm>
      <Extensions>
       <TPX xmlns="http://www.garmin.com/xmlschemas/ActivityExtension/v2">
        <Speed>2.4</Speed>
       </TPX>
      </Extensions>
     </Trackpoint>
     <Trackpoint>
      <Time>2026-08-10T11:25:06Z</Time>
      <Position>
       <LatitudeDegrees>5.2368870</LatitudeDegrees>
       <LongitudeDegrees>100.4349200</LongitudeDegrees>
      </Position>
      <AltitudeMeters>5.8</AltitudeMeters>
      <DistanceMeters>330.9</DistanceMeters>
      <HeartRateBpm>
       <Value>149</Value>
      </HeartRateBpm>
      <Extensions>
       <TPX xmlns="http://www.garmin.com/xmlschemas/ActivityExtension/v2">
        <Speed>2.4</Speed>
       </TPX>
      </Extensions>
     </Trackpoint>
     <Trackpoint>
      <Time>2026-08-10T11:25:07Z</Time>
      <Position>
       <LatitudeDegrees>5.2368920</LatitudeDegrees>
       <LongitudeDegrees>100.4349410</LongitudeDegrees>
      </Position>
      <AltitudeMeters>5.8</AltitudeMeters>
      <DistanceMeters>333.3</DistanceMeters>
      <HeartRateBpm>
       <Value>149</Value>
      </HeartRateBpm>
      <Extensions>
       <TPX xmlns="http://www.garmin.com/xmlschemas/ActivityExtension/v2">
        <Speed>2.5</Speed>
       </TPX>
      </Extensions>
     </Trackpoint>
     <Trackpoint>
      <Time>2026-08-10T11:25:08Z</Time>
      <Position>
       <LatitudeDegrees>5.2368960</LatitudeDegrees>
       <LongitudeDegrees>100.4349630</LongitudeDegrees>
      </Position>
      <AltitudeMeters>5.8</AltitudeMeters>
      <DistanceMeters>335.8</DistanceMeters>
      <HeartRateBpm>
       <Value>149</Value>
      </HeartRateBpm>
      <Extensions>
       <TPX xmlns="http://www.garmin.com/xmlschemas/ActivityExtension/v2">
        <Speed>2.5</Speed>
       </TPX>
      </Extensions>
     </Trackpoint>
     <Trackpoint>
      <Time>2026-08-10T11:25:09Z</Time>
      <Position>
       <LatitudeDegrees>5.2369030</LatitudeDegrees>
       <LongitudeDegrees>100.4349840</LongitudeDegrees>
      </Position>
      <AltitudeMeters>5.8</AltitudeMeters>
      <DistanceMeters>338.3</DistanceMeters>
      <HeartRateBpm>
       <Value>149</Value>
      </HeartRateBpm>
      <Extensions>
       <TPX xmlns="http://www.garmin.com/xmlschemas/ActivityExtension/v2">
        <Speed>2.5</Speed>
       </TPX>
      </Extensions>
     </Trackpoint>
     <Trackpoint>
      <Time>2026-08-10T11:25:10Z</Time>
      <Position>
       <LatitudeDegrees>5.2369110</LatitudeDegrees>
       <LongitudeDegrees>100.4350040</LongitudeDegrees>
      </Position>
      <AltitudeMeters>5.8</AltitudeMeters>
      <DistanceMeters>340.7</DistanceMeters>
      <HeartRateBpm>
       <Value>149</Value>
      </HeartRateBpm>
      <Extensions>
       <TPX xmlns="http://www.garmin.com/xmlschemas/ActivityExtension/v2">
        <Speed>2.4</Speed>
       </TPX>
      </Extensions>
     </Trackpoint>
     <Trackpoint>
      <Time>2026-08-10T11:25:11Z</Time>
      <Position>
       <LatitudeDegrees>5.2369150</LatitudeDegrees>
       <LongitudeDegrees>100.4350250</LongitudeDegrees>
      </Position>
      <AltitudeMeters>5.8</AltitudeMeters>
      <DistanceMeters>343.0</DistanceMeters>
      <HeartRateBpm>
       <Value>149</Value>
      </HeartRateBpm>
      <Extensions>
       <TPX xmlns="http://www.garmin.com/xmlschemas/ActivityExtension/v2">
        <Speed>2.4</Speed>
       </TPX>
      </Extensions>
     </Trackpoint>
     <Trackpoint>
      <Time>2026-08-10T11:25:12Z</Time>
      <Position>
       <LatitudeDegrees>5.2369200</LatitudeDegrees>
       <LongitudeDegrees>100.4350460</LongitudeDegrees>
      </Position>
      <AltitudeMeters>5.8</AltitudeMeters>
      <DistanceMeters>345.4</DistanceMeters>
      <HeartRateBpm>
       <Value>149</Value>
      </HeartRateBpm>
      <Extensions>
       <TPX xmlns="http://www.garmin.com/xmlschemas/ActivityExtension/v2">
        <Speed>2.4</Speed>
       </TPX>
      </Extensions>
     </Trackpoint>
     <Trackpoint>
      <Time>2026-08-10T11:25:13Z</Time>
      <Position>
       <LatitudeDegrees>5.2369250</LatitudeDegrees>
       <LongitudeDegrees>100.4350680</LongitudeDegrees>
      </Position>
      <AltitudeMeters>5.8</AltitudeMeters>
      <DistanceMeters>347.9</DistanceMeters>
      <HeartRateBpm>
       <Value>149</Value>
      </HeartRateBpm>
      <Extensions>
       <TPX xmlns="http://www.garmin.com/xmlschemas/ActivityExtension/v2">
        <Speed>2.4</Speed>
       </TPX>
      </Extensions>
     </Trackpoint>
     <Trackpoint>
      <Time>2026-08-10T11:25:14Z</Time>
      <Position>
       <LatitudeDegrees>5.2369280</LatitudeDegrees>
       <LongitudeDegrees>100.4350870</LongitudeDegrees>
      </Position>
      <AltitudeMeters>5.8</AltitudeMeters>
      <DistanceMeters>350.0</DistanceMeters>
      <HeartRateBpm>
       <Value>149</Value>
      </HeartRateBpm>
      <Extensions>
       <TPX xmlns="http://www.garmin.com/xmlschemas/ActivityExtension/v2">
        <Speed>2.3</Speed>
       </TPX>
      </Extensions>
     </Trackpoint>
     <Trackpoint>
      <Time>2026-08-10T11:25:15Z</Time>
      <Position>
       <LatitudeDegrees>5.2369330</LatitudeDegrees>
       <LongitudeDegrees>100.4351060</LongitudeDegrees>
      </Position>
      <AltitudeMeters>5.8</AltitudeMeters>
      <DistanceMeters>352.2</DistanceMeters>
      <HeartRateBpm>
       <Value>149</Value>
      </HeartRateBpm>
      <Extensions>
       <TPX xmlns="http://www.garmin.com/xmlschemas/ActivityExtension/v2">
        <Speed>2.3</Speed>
       </TPX>
      </Extensions>
     </Trackpoint>
     <Trackpoint>
      <Time>2026-08-10T11:25:16Z</Time>
      <Position>
       <LatitudeDegrees>5.2369380</LatitudeDegrees>
       <LongitudeDegrees>100.4351270</LongitudeDegrees>
      </Position>
      <AltitudeMeters>5.8</AltitudeMeters>
      <DistanceMeters>354.6</DistanceMeters>
      <HeartRateBpm>
       <Value>149</Value>
      </HeartRateBpm>
      <Extensions>
       <TPX xmlns="http://www.garmin.com/xmlschemas/ActivityExtension/v2">
        <Speed>2.3</Speed>
       </TPX>
      </Extensions>
     </Trackpoint>
     <Trackpoint>
      <Time>2026-08-10T11:25:17Z</Time>
      <Position>
       <LatitudeDegrees>5.2369440</LatitudeDegrees>
       <LongitudeDegrees>100.4351480</LongitudeDegrees>
      </Position>
      <AltitudeMeters>5.8</AltitudeMeters>
      <DistanceMeters>357.0</DistanceMeters>
      <HeartRateBpm>
       <Value>149</Value>
      </HeartRateBpm>
      <Extensions>
       <TPX xmlns="http://www.garmin.com/xmlschemas/ActivityExtension/v2">
        <Speed>2.3</Speed>
       </TPX>
      </Extensions>
     </Trackpoint>
     <Trackpoint>
      <Time>2026-08-10T11:25:18Z</Time>
      <Position>
       <LatitudeDegrees>5.2369500</LatitudeDegrees>
       <LongitudeDegrees>100.4351680</LongitudeDegrees>
      </Position>
      <AltitudeMeters>5.7</AltitudeMeters>
      <DistanceMeters>359.3</DistanceMeters>
      <HeartRateBpm>
       <Value>149</Value>
      </HeartRateBpm>
      <Extensions>
       <TPX xmlns="http://www.garmin.com/xmlschemas/ActivityExtension/v2">
        <Speed>2.3</Speed>
       </TPX>
      </Extensions>
     </Trackpoint>
     <Trackpoint>
      <Time>2026-08-10T11:25:19Z</Time>
      <Position>
       <LatitudeDegrees>5.2369560</LatitudeDegrees>
       <LongitudeDegrees>100.4351880</LongitudeDegrees>
      </Position>
      <AltitudeMeters>5.7</AltitudeMeters>
      <DistanceMeters>361.7</DistanceMeters>
      <HeartRateBpm>
       <Value>149</Value>
      </HeartRateBpm>
      <Extensions>
       <TPX xmlns="http://www.garmin.com/xmlschemas/ActivityExtension/v2">
        <Speed>2.3</Speed>
       </TPX>
      </Extensions>
     </Trackpoint>
     <Trackpoint>
      <Time>2026-08-10T11:25:20Z</Time>
      <Position>
       <LatitudeDegrees>5.2369630</LatitudeDegrees>
       <LongitudeDegrees>100.4352090</LongitudeDegrees>
      </Position>
      <AltitudeMeters>5.7</AltitudeMeters>
      <DistanceMeters>364.2</DistanceMeters>
      <HeartRateBpm>
       <Value>150</Value>
      </HeartRateBpm>
      <Extensions>
       <TPX xmlns="http://www.garmin.com/xmlschemas/ActivityExtension/v2">
        <Speed>2.4</Speed>
       </TPX>
      </Extensions>
     </Trackpoint>
     <Trackpoint>
      <Time>2026-08-10T11:25:21Z</Time>
      <Position>
       <LatitudeDegrees>5.2369700</LatitudeDegrees>
       <LongitudeDegrees>100.4352290</LongitudeDegrees>
      </Position>
      <AltitudeMeters>5.7</AltitudeMeters>
      <DistanceMeters>366.5</DistanceMeters>
      <HeartRateBpm>
       <Value>150</Value>
      </HeartRateBpm>
      <Extensions>
       <TPX xmlns="http://www.garmin.com/xmlschemas/ActivityExtension/v2">
        <Speed>2.4</Speed>
       </TPX>
      </Extensions>
     </Trackpoint>
     <Trackpoint>
      <Time>2026-08-10T11:25:22Z</Time>
      <Position>
       <LatitudeDegrees>5.2369730</LatitudeDegrees>
       <LongitudeDegrees>100.4352480</LongitudeDegrees>
      </Position>
      <AltitudeMeters>5.7</AltitudeMeters>
      <DistanceMeters>368.6</DistanceMeters>
      <HeartRateBpm>
       <Value>150</Value>
      </HeartRateBpm>
      <Extensions>
       <TPX xmlns="http://www.garmin.com/xmlschemas/ActivityExtension/v2">
        <Speed>2.3</Speed>
       </TPX>
      </Extensions>
     </Trackpoint>
     <Trackpoint>
      <Time>2026-08-10T11:25:23Z</Time>
      <Position>
       <LatitudeDegrees>5.2369770</LatitudeDegrees>
       <LongitudeDegrees>100.4352690</LongitudeDegrees>
      </Position>
      <AltitudeMeters>5.7</AltitudeMeters>
      <DistanceMeters>371.0</DistanceMeters>
      <HeartRateBpm>
       <Value>149</Value>
      </HeartRateBpm>
      <Extensions>
       <TPX xmlns="http://www.garmin.com/xmlschemas/ActivityExtension/v2">
        <Speed>2.3</Speed>
       </TPX>
      </Extensions>
     </Trackpoint>
     <Trackpoint>
      <Time>2026-08-10T11:25:24Z</Time>
      <Position>
       <LatitudeDegrees>5.2369820</LatitudeDegrees>
       <LongitudeDegrees>100.4352890</LongitudeDegrees>
      </Position>
      <AltitudeMeters>5.7</AltitudeMeters>
      <DistanceMeters>373.2</DistanceMeters>
      <HeartRateBpm>
       <Value>149</Value>
      </HeartRateBpm>
      <Extensions>
       <TPX xmlns="http://www.garmin.com/xmlschemas/ActivityExtension/v2">
        <Speed>2.3</Speed>
       </TPX>
      </Extensions>
     </Trackpoint>
     <Trackpoint>
      <Time>2026-08-10T11:25:25Z</Time>
      <Position>
       <LatitudeDegrees>5.2369860</LatitudeDegrees>
       <LongitudeDegrees>100.4353100</LongitudeDegrees>
      </Position>
      <AltitudeMeters>5.7</AltitudeMeters>
      <DistanceMeters>375.5</DistanceMeters>
      <HeartRateBpm>
       <Value>149</Value>
      </HeartRateBpm>
      <Extensions>
       <TPX xmlns="http://www.garmin.com/xmlschemas/ActivityExtension/v2">
        <Speed>2.3</Speed>
       </TPX>
      </Extensions>
     </Trackpoint>
     <Trackpoint>
      <Time>2026-08-10T11:25:26Z</Time>
      <Position>
       <LatitudeDegrees>5.2369910</LatitudeDegrees>
       <LongitudeDegrees>100.4353300</LongitudeDegrees>
      </Position>
      <AltitudeMeters>5.7</AltitudeMeters>
      <DistanceMeters>377.8</DistanceMeters>
      <HeartRateBpm>
       <Value>149</Value>
      </HeartRateBpm>
      <Extensions>
       <TPX xmlns="http://www.garmin.com/xmlschemas/ActivityExtension/v2">
        <Speed>2.3</Speed>
       </TPX>
      </Extensions>
     </Trackpoint>
     <Trackpoint>
      <Time>2026-08-10T11:25:27Z</Time>
      <Position>
       <LatitudeDegrees>5.2369970</LatitudeDegrees>
       <LongitudeDegrees>100.4353490</LongitudeDegrees>
      </Position>
      <AltitudeMeters>5.7</AltitudeMeters>
      <DistanceMeters>380.1</DistanceMeters>
      <HeartRateBpm>
       <Value>149</Value>
      </HeartRateBpm>
      <Extensions>
       <TPX xmlns="http://www.garmin.com/xmlschemas/ActivityExtension/v2">
        <Speed>2.3</Speed>
       </TPX>
      </Extensions>
     </Trackpoint>
     <Trackpoint>
      <Time>2026-08-10T11:25:28Z</Time>
      <Position>
       <LatitudeDegrees>5.2370030</LatitudeDegrees>
       <LongitudeDegrees>100.4353680</LongitudeDegrees>
      </Position>
      <AltitudeMeters>5.7</AltitudeMeters>
      <DistanceMeters>382.3</DistanceMeters>
      <HeartRateBpm>
       <Value>149</Value>
      </HeartRateBpm>
      <Extensions>
       <TPX xmlns="http://www.garmin.com/xmlschemas/ActivityExtension/v2">
        <Speed>2.3</Speed>
       </TPX>
      </Extensions>
     </Trackpoint>
     <Trackpoint>
      <Time>2026-08-10T11:25:29Z</Time>
      <Position>
       <LatitudeDegrees>5.2370090</LatitudeDegrees>
       <LongitudeDegrees>100.4353870</LongitudeDegrees>
      </Position>
      <AltitudeMeters>5.7</AltitudeMeters>
      <DistanceMeters>384.5</DistanceMeters>
      <HeartRateBpm>
       <Value>149</Value>
      </HeartRateBpm>
      <Extensions>
       <TPX xmlns="http://www.garmin.com/xmlschemas/ActivityExtension/v2">
        <Speed>2.3</Speed>
       </TPX>
      </Extensions>
     </Trackpoint>
     <Trackpoint>
      <Time>2026-08-10T11:25:30Z</Time>
      <Position>
       <LatitudeDegrees>5.2370130</LatitudeDegrees>
       <LongitudeDegrees>100.4354100</LongitudeDegrees>
      </Position>
      <AltitudeMeters>5.7</AltitudeMeters>
      <DistanceMeters>387.1</DistanceMeters>
      <HeartRateBpm>
       <Value>149</Value>
      </HeartRateBpm>
      <Extensions>
       <TPX xmlns="http://www.garmin.com/xmlschemas/ActivityExtension/v2">
        <Speed>2.3</Speed>
       </TPX>
      </Extensions>
     </Trackpoint>
     <Trackpoint>
      <Time>2026-08-10T11:25:31Z</Time>
      <Position>
       <LatitudeDegrees>5.2370160</LatitudeDegrees>
       <LongitudeDegrees>100.4354310</LongitudeDegrees>
      </Position>
      <AltitudeMeters>5.7</AltitudeMeters>
      <DistanceMeters>389.4</DistanceMeters>
      <HeartRateBpm>
       <Value>149</Value>
      </HeartRateBpm>
      <Extensions>
       <TPX xmlns="http://www.garmin.com/xmlschemas/ActivityExtension/v2">
        <Speed>2.3</Speed>
       </TPX>
      </Extensions>
     </Trackpoint>
     <Trackpoint>
      <Time>2026-08-10T11:25:32Z</Time>
      <Position>
       <LatitudeDegrees>5.2370230</LatitudeDegrees>
       <LongitudeDegrees>100.4354530</LongitudeDegrees>
      </Position>
      <AltitudeMeters>5.7</AltitudeMeters>
      <DistanceMeters>392.0</DistanceMeters>
      <HeartRateBpm>
       <Value>150</Value>
      </HeartRateBpm>
      <Extensions>
       <TPX xmlns="http://www.garmin.com/xmlschemas/ActivityExtension/v2">
        <Speed>2.4</Speed>
       </TPX>
      </Extensions>
     </Trackpoint>
     <Trackpoint>
      <Time>2026-08-10T11:25:33Z</Time>
      <Position>
       <LatitudeDegrees>5.2370240</LatitudeDegrees>
       <LongitudeDegrees>100.4354720</LongitudeDegrees>
      </Position>
      <AltitudeMeters>5.7</AltitudeMeters>
      <DistanceMeters>394.1</DistanceMeters>
      <HeartRateBpm>
       <Value>150</Value>
      </HeartRateBpm>
      <Extensions>
       <TPX xmlns="http://www.garmin.com/xmlschemas/ActivityExtension/v2">
        <Speed>2.4</Speed>
       </TPX>
      </Extensions>
     </Trackpoint>
     <Trackpoint>
      <Time>2026-08-10T11:25:34Z</Time>
      <Position>
       <LatitudeDegrees>5.2370290</LatitudeDegrees>
       <LongitudeDegrees>100.4354920</LongitudeDegrees>
      </Position>
      <AltitudeMeters>5.7</AltitudeMeters>
      <DistanceMeters>396.3</DistanceMeters>
      <HeartRateBpm>
       <Value>149</Value>
      </HeartRateBpm>
      <Extensions>
       <TPX xmlns="http://www.garmin.com/xmlschemas/ActivityExtension/v2">
        <Speed>2.4</Speed>
       </TPX>
      </Extensions>
     </Trackpoint>
     <Trackpoint>
      <Time>2026-08-10T11:25:35Z</Time>
      <Position>
       <LatitudeDegrees>5.2370340</LatitudeDegrees>
       <LongitudeDegrees>100.4355120</LongitudeDegrees>
      </Position>
      <AltitudeMeters>5.7</AltitudeMeters>
      <DistanceMeters>398.5</DistanceMeters>
      <HeartRateBpm>
       <Value>149</Value>
      </HeartRateBpm>
      <Extensions>
       <TPX xmlns="http://www.garmin.com/xmlschemas/ActivityExtension/v2">
        <Speed>2.3</Speed>
       </TPX>
      </Extensions>
     </Trackpoint>
     <Trackpoint>
      <Time>2026-08-10T11:25:36Z</Time>
      <Position>
       <LatitudeDegrees>5.2370400</LatitudeDegrees>
       <LongitudeDegrees>100.4355300</LongitudeDegrees>
      </Position>
      <AltitudeMeters>5.7</AltitudeMeters>
      <DistanceMeters>400.6</DistanceMeters>
      <HeartRateBpm>
       <Value>148</Value>
      </HeartRateBpm>
      <Extensions>
       <TPX xmlns="http://www.garmin.com/xmlschemas/ActivityExtension/v2">
        <Speed>2.2</Speed>
       </TPX>
      </Extensions>
     </Trackpoint>
     <Trackpoint>
      <Time>2026-08-10T11:25:37Z</Time>
      <Position>
       <LatitudeDegrees>5.2370470</LatitudeDegrees>
       <LongitudeDegrees>100.4355470</LongitudeDegrees>
      </Position>
      <AltitudeMeters>5.7</AltitudeMeters>
      <DistanceMeters>402.7</DistanceMeters>
      <HeartRateBpm>
       <Value>149</Value>
      </HeartRateBpm>
      <Extensions>
       <TPX xmlns="http://www.garmin.com/xmlschemas/ActivityExtension/v2">
        <Speed>2.1</Speed>
       </TPX>
      </Extensions>
     </Trackpoint>
     <Trackpoint>
      <Time>2026-08-10T11:25:38Z</Time>
      <Position>
       <LatitudeDegrees>5.2370540</LatitudeDegrees>
       <LongitudeDegrees>100.4355670</LongitudeDegrees>
      </Position>
      <AltitudeMeters>5.7</AltitudeMeters>
      <DistanceMeters>405.0</DistanceMeters>
      <HeartRateBpm>
       <Value>149</Value>
      </HeartRateBpm>
      <Extensions>
       <TPX xmlns="http://www.garmin.com/xmlschemas/ActivityExtension/v2">
        <Speed>2.2</Speed>
       </TPX>
      </Extensions>
     </Trackpoint>
     <Trackpoint>
      <Time>2026-08-10T11:25:39Z</Time>
      <Position>
       <LatitudeDegrees>5.2370590</LatitudeDegrees>
       <LongitudeDegrees>100.4355860</LongitudeDegrees>
      </Position>
      <AltitudeMeters>5.7</AltitudeMeters>
      <DistanceMeters>407.2</DistanceMeters>
      <HeartRateBpm>
       <Value>150</Value>
      </HeartRateBpm>
      <Extensions>
       <TPX xmlns="http://www.garmin.com/xmlschemas/ActivityExtension/v2">
        <Speed>2.2</Speed>
       </TPX>
      </Extensions>
     </Trackpoint>
     <Trackpoint>
      <Time>2026-08-10T11:25:40Z</Time>
      <Position>
       <LatitudeDegrees>5.2370620</LatitudeDegrees>
       <LongitudeDegrees>100.4356060</LongitudeDegrees>
      </Position>
      <AltitudeMeters>5.7</AltitudeMeters>
      <DistanceMeters>409.5</DistanceMeters>
      <HeartRateBpm>
       <Value>150</Value>
      </HeartRateBpm>
      <Extensions>
       <TPX xmlns="http://www.garmin.com/xmlschemas/ActivityExtension/v2">
        <Speed>2.2</Speed>
       </TPX>
      </Extensions>
     </Trackpoint>
     <Trackpoint>
      <Time>2026-08-10T11:25:41Z</Time>
      <Position>
       <LatitudeDegrees>5.2370650</LatitudeDegrees>
       <LongitudeDegrees>100.4356260</LongitudeDegrees>
      </Position>
      <AltitudeMeters>5.7</AltitudeMeters>
      <DistanceMeters>411.8</DistanceMeters>
      <HeartRateBpm>
       <Value>148</Value>
      </HeartRateBpm>
      <Extensions>
       <TPX xmlns="http://www.garmin.com/xmlschemas/ActivityExtension/v2">
        <Speed>2.2</Speed>
       </TPX>
      </Extensions>
     </Trackpoint>
     <Trackpoint>
      <Time>2026-08-10T11:25:42Z</Time>
      <Position>
       <LatitudeDegrees>5.2370710</LatitudeDegrees>
       <LongitudeDegrees>100.4356470</LongitudeDegrees>
      </Position>
      <AltitudeMeters>5.7</AltitudeMeters>
      <DistanceMeters>414.2</DistanceMeters>
      <HeartRateBpm>
       <Value>148</Value>
      </HeartRateBpm>
      <Extensions>
       <TPX xmlns="http://www.garmin.com/xmlschemas/ActivityExtension/v2">
        <Speed>2.3</Speed>
       </TPX>
      </Extensions>
     </Trackpoint>
     <Trackpoint>
      <Time>2026-08-10T11:25:43Z</Time>
      <Position>
       <LatitudeDegrees>5.2370780</LatitudeDegrees>
       <LongitudeDegrees>100.4356670</LongitudeDegrees>
      </Position>
      <AltitudeMeters>5.7</AltitudeMeters>
      <DistanceMeters>416.5</DistanceMeters>
      <HeartRateBpm>
       <Value>148</Value>
      </HeartRateBpm>
      <Extensions>
       <TPX xmlns="http://www.garmin.com/xmlschemas/ActivityExtension/v2">
        <Speed>2.3</Speed>
       </TPX>
      </Extensions>
     </Trackpoint>
     <Trackpoint>
      <Time>2026-08-10T11:25:44Z</Time>
      <Position>
       <LatitudeDegrees>5.2370840</LatitudeDegrees>
       <LongitudeDegrees>100.4356880</LongitudeDegrees>
      </Position>
      <AltitudeMeters>5.7</AltitudeMeters>
      <DistanceMeters>418.9</DistanceMeters>
      <HeartRateBpm>
       <Value>149</Value>
      </HeartRateBpm>
      <Extensions>
       <TPX xmlns="http://www.garmin.com/xmlschemas/ActivityExtension/v2">
        <Speed>2.3</Speed>
       </TPX>
      </Extensions>
     </Trackpoint>
     <Trackpoint>
      <Time>2026-08-10T11:25:45Z</Time>
      <Position>
       <LatitudeDegrees>5.2370900</LatitudeDegrees>
       <LongitudeDegrees>100.4357090</LongitudeDegrees>
      </Position>
      <AltitudeMeters>5.7</AltitudeMeters>
      <DistanceMeters>421.3</DistanceMeters>
      <HeartRateBpm>
       <Value>149</Value>
      </HeartRateBpm>
      <Extensions>
       <TPX xmlns="http://www.garmin.com/xmlschemas/ActivityExtension/v2">
        <Speed>2.4</Speed>
       </TPX>
      </Extensions>
     </Trackpoint>
     <Trackpoint>
      <Time>2026-08-10T11:25:46Z</Time>
      <Position>
       <LatitudeDegrees>5.2370960</LatitudeDegrees>
       <LongitudeDegrees>100.4357310</LongitudeDegrees>
      </Position>
      <AltitudeMeters>5.7</AltitudeMeters>
      <DistanceMeters>423.9</DistanceMeters>
      <HeartRateBpm>
       <Value>149</Value>
      </HeartRateBpm>
      <Extensions>
       <TPX xmlns="http://www.garmin.com/xmlschemas/ActivityExtension/v2">
        <Speed>2.4</Speed>
       </TPX>
      </Extensions>
     </Trackpoint>
     <Trackpoint>
      <Time>2026-08-10T11:25:47Z</Time>
      <Position>
       <LatitudeDegrees>5.2371020</LatitudeDegrees>
       <LongitudeDegrees>100.4357510</LongitudeDegrees>
      </Position>
      <AltitudeMeters>5.7</AltitudeMeters>
      <DistanceMeters>426.2</DistanceMeters>
      <HeartRateBpm>
       <Value>149</Value>
      </HeartRateBpm>
      <Extensions>
       <TPX xmlns="http://www.garmin.com/xmlschemas/ActivityExtension/v2">
        <Speed>2.4</Speed>
       </TPX>
      </Extensions>
     </Trackpoint>
     <Trackpoint>
      <Time>2026-08-10T11:25:48Z</Time>
      <Position>
       <LatitudeDegrees>5.2371080</LatitudeDegrees>
       <LongitudeDegrees>100.4357720</LongitudeDegrees>
      </Position>
      <AltitudeMeters>5.7</AltitudeMeters>
      <DistanceMeters>428.6</DistanceMeters>
      <HeartRateBpm>
       <Value>149</Value>
      </HeartRateBpm>
      <Extensions>
       <TPX xmlns="http://www.garmin.com/xmlschemas/ActivityExtension/v2">
        <Speed>2.4</Speed>
       </TPX>
      </Extensions>
     </Trackpoint>
     <Trackpoint>
      <Time>2026-08-10T11:25:49Z</Time>
      <Position>
       <LatitudeDegrees>5.2371130</LatitudeDegrees>
       <LongitudeDegrees>100.4357930</LongitudeDegrees>
      </Position>
      <AltitudeMeters>5.7</AltitudeMeters>
      <DistanceMeters>431.0</DistanceMeters>
      <HeartRateBpm>
       <Value>149</Value>
      </HeartRateBpm>
      <Extensions>
       <TPX xmlns="http://www.garmin.com/xmlschemas/ActivityExtension/v2">
        <Speed>2.4</Speed>
       </TPX>
      </Extensions>
     </Trackpoint>
     <Trackpoint>
      <Time>2026-08-10T11:25:50Z</Time>
      <Position>
       <LatitudeDegrees>5.2371170</LatitudeDegrees>
       <LongitudeDegrees>100.4358150</LongitudeDegrees>
      </Position>
      <AltitudeMeters>5.7</AltitudeMeters>
      <DistanceMeters>433.5</DistanceMeters>
      <HeartRateBpm>
       <Value>149</Value>
      </HeartRateBpm>
      <Extensions>
       <TPX xmlns="http://www.garmin.com/xmlschemas/ActivityExtension/v2">
        <Speed>2.4</Speed>
       </TPX>
      </Extensions>
     </Trackpoint>
     <Trackpoint>
      <Time>2026-08-10T11:25:51Z</Time>
      <Position>
       <LatitudeDegrees>5.2371210</LatitudeDegrees>
       <LongitudeDegrees>100.4358370</LongitudeDegrees>
      </Position>
      <AltitudeMeters>5.7</AltitudeMeters>
      <DistanceMeters>436.0</DistanceMeters>
      <HeartRateBpm>
       <Value>149</Value>
      </HeartRateBpm>
      <Extensions>
       <TPX xmlns="http://www.garmin.com/xmlschemas/ActivityExtension/v2">
        <Speed>2.4</Speed>
       </TPX>
      </Extensions>
     </Trackpoint>
     <Trackpoint>
      <Time>2026-08-10T11:25:52Z</Time>
      <Position>
       <LatitudeDegrees>5.2371270</LatitudeDegrees>
       <LongitudeDegrees>100.4358580</LongitudeDegrees>
      </Position>
      <AltitudeMeters>5.7</AltitudeMeters>
      <DistanceMeters>438.4</DistanceMeters>
      <HeartRateBpm>
       <Value>149</Value>
      </HeartRateBpm>
      <Extensions>
       <TPX xmlns="http://www.garmin.com/xmlschemas/ActivityExtension/v2">
        <Speed>2.4</Speed>
       </TPX>
      </Extensions>
     </Trackpoint>
     <Trackpoint>
      <Time>2026-08-10T11:25:53Z</Time>
      <Position>
       <LatitudeDegrees>5.2371340</LatitudeDegrees>
       <LongitudeDegrees>100.4358790</LongitudeDegrees>
      </Position>
      <AltitudeMeters>5.7</AltitudeMeters>
      <DistanceMeters>440.8</DistanceMeters>
      <HeartRateBpm>
       <Value>149</Value>
      </HeartRateBpm>
      <Extensions>
       <TPX xmlns="http://www.garmin.com/xmlschemas/ActivityExtension/v2">
        <Speed>2.4</Speed>
       </TPX>
      </Extensions>
     </Trackpoint>
     <Trackpoint>
      <Time>2026-08-10T11:25:54Z</Time>
      <Position>
       <LatitudeDegrees>5.2371400</LatitudeDegrees>
       <LongitudeDegrees>100.4358990</LongitudeDegrees>
      </Position>
      <AltitudeMeters>5.7</AltitudeMeters>
      <DistanceMeters>443.1</DistanceMeters>
      <HeartRateBpm>
       <Value>149</Value>
      </HeartRateBpm>
      <Extensions>
       <TPX xmlns="http://www.garmin.com/xmlschemas/ActivityExtension/v2">
        <Speed>2.4</Speed>
       </TPX>
      </Extensions>
     </Trackpoint>
     <Trackpoint>
      <Time>2026-08-10T11:25:55Z</Time>
      <Position>
       <LatitudeDegrees>5.2371460</LatitudeDegrees>
       <LongitudeDegrees>100.4359180</LongitudeDegrees>
      </Position>
      <AltitudeMeters>5.7</AltitudeMeters>
      <DistanceMeters>445.3</DistanceMeters>
      <HeartRateBpm>
       <Value>149</Value>
      </HeartRateBpm>
      <Extensions>
       <TPX xmlns="http://www.garmin.com/xmlschemas/ActivityExtension/v2">
        <Speed>2.4</Speed>
       </TPX>
      </Extensions>
     </Trackpoint>
     <Trackpoint>
      <Time>2026-08-10T11:25:56Z</Time>
      <Position>
       <LatitudeDegrees>5.2371510</LatitudeDegrees>
       <LongitudeDegrees>100.4359380</LongitudeDegrees>
      </Position>
      <AltitudeMeters>5.7</AltitudeMeters>
      <DistanceMeters>447.6</DistanceMeters>
      <HeartRateBpm>
       <Value>149</Value>
      </HeartRateBpm>
      <Extensions>
       <TPX xmlns="http://www.garmin.com/xmlschemas/ActivityExtension/v2">
        <Speed>2.3</Speed>
       </TPX>
      </Extensions>
     </Trackpoint>
     <Trackpoint>
      <Time>2026-08-10T11:25:57Z</Time>
      <Position>
       <LatitudeDegrees>5.2371580</LatitudeDegrees>
       <LongitudeDegrees>100.4359580</LongitudeDegrees>
      </Position>
      <AltitudeMeters>5.7</AltitudeMeters>
      <DistanceMeters>449.9</DistanceMeters>
      <HeartRateBpm>
       <Value>149</Value>
      </HeartRateBpm>
      <Extensions>
       <TPX xmlns="http://www.garmin.com/xmlschemas/ActivityExtension/v2">
        <Speed>2.3</Speed>
       </TPX>
      </Extensions>
     </Trackpoint>
     <Trackpoint>
      <Time>2026-08-10T11:25:58Z</Time>
      <Position>
       <LatitudeDegrees>5.2371660</LatitudeDegrees>
       <LongitudeDegrees>100.4359770</LongitudeDegrees>
      </Position>
      <AltitudeMeters>5.7</AltitudeMeters>
      <DistanceMeters>452.2</DistanceMeters>
      <HeartRateBpm>
       <Value>149</Value>
      </HeartRateBpm>
      <Extensions>
       <TPX xmlns="http://www.garmin.com/xmlschemas/ActivityExtension/v2">
        <Speed>2.3</Speed>
       </TPX>
      </Extensions>
     </Trackpoint>
     <Trackpoint>
      <Time>2026-08-10T11:25:59Z</Time>
      <Position>
       <LatitudeDegrees>5.2371720</LatitudeDegrees>
       <LongitudeDegrees>100.4359990</LongitudeDegrees>
      </Position>
      <AltitudeMeters>5.7</AltitudeMeters>
      <DistanceMeters>454.7</DistanceMeters>
      <HeartRateBpm>
       <Value>149</Value>
      </HeartRateBpm>
      <Extensions>
       <TPX xmlns="http://www.garmin.com/xmlschemas/ActivityExtension/v2">
        <Speed>2.3</Speed>
       </TPX>
      </Extensions>
     </Trackpoint>
     <Trackpoint>
      <Time>2026-08-10T11:26:00Z</Time>
      <Position>
       <LatitudeDegrees>5.2371770</LatitudeDegrees>
       <LongitudeDegrees>100.4360200</LongitudeDegrees>
      </Position>
      <AltitudeMeters>5.7</AltitudeMeters>
      <DistanceMeters>457.1</DistanceMeters>
      <HeartRateBpm>
       <Value>150</Value>
      </HeartRateBpm>
      <Extensions>
       <TPX xmlns="http://www.garmin.com/xmlschemas/ActivityExtension/v2">
        <Speed>2.4</Speed>
       </TPX>
      </Extensions>
     </Trackpoint>
     <Trackpoint>
      <Time>2026-08-10T11:26:01Z</Time>
      <Position>
       <LatitudeDegrees>5.2371820</LatitudeDegrees>
       <LongitudeDegrees>100.4360420</LongitudeDegrees>
      </Position>
      <AltitudeMeters>5.7</AltitudeMeters>
      <DistanceMeters>459.6</DistanceMeters>
      <HeartRateBpm>
       <Value>150</Value>
      </HeartRateBpm>
      <Extensions>
       <TPX xmlns="http://www.garmin.com/xmlschemas/ActivityExtension/v2">
        <Speed>2.4</Speed>
       </TPX>
      </Extensions>
     </Trackpoint>
     <Trackpoint>
      <Time>2026-08-10T11:26:02Z</Time>
      <Position>
       <LatitudeDegrees>5.2371830</LatitudeDegrees>
       <LongitudeDegrees>100.4360630</LongitudeDegrees>
      </Position>
      <AltitudeMeters>5.7</AltitudeMeters>
      <DistanceMeters>461.9</DistanceMeters>
      <HeartRateBpm>
       <Value>149</Value>
      </HeartRateBpm>
      <Extensions>
       <TPX xmlns="http://www.garmin.com/xmlschemas/ActivityExtension/v2">
        <Speed>2.4</Speed>
       </TPX>
      </Extensions>
     </Trackpoint>
     <Trackpoint>
      <Time>2026-08-10T11:26:03Z</Time>
      <Position>
       <LatitudeDegrees>5.2371860</LatitudeDegrees>
       <LongitudeDegrees>100.4360840</LongitudeDegrees>
      </Position>
      <AltitudeMeters>5.7</AltitudeMeters>
      <DistanceMeters>464.3</DistanceMeters>
      <HeartRateBpm>
       <Value>149</Value>
      </HeartRateBpm>
      <Extensions>
       <TPX xmlns="http://www.garmin.com/xmlschemas/ActivityExtension/v2">
        <Speed>2.4</Speed>
       </TPX>
      </Extensions>
     </Trackpoint>
     <Trackpoint>
      <Time>2026-08-10T11:26:04Z</Time>
      <Position>
       <LatitudeDegrees>5.2371920</LatitudeDegrees>
       <LongitudeDegrees>100.4361040</LongitudeDegrees>
      </Position>
      <AltitudeMeters>5.7</AltitudeMeters>
      <DistanceMeters>466.6</DistanceMeters>
      <HeartRateBpm>
       <Value>150</Value>
      </HeartRateBpm>
      <Extensions>
       <TPX xmlns="http://www.garmin.com/xmlschemas/ActivityExtension/v2">
        <Speed>2.4</Speed>
       </TPX>
      </Extensions>
     </Trackpoint>
     <Trackpoint>
      <Time>2026-08-10T11:26:05Z</Time>
      <Position>
       <LatitudeDegrees>5.2371950</LatitudeDegrees>
       <LongitudeDegrees>100.4361240</LongitudeDegrees>
      </Position>
      <AltitudeMeters>5.7</AltitudeMeters>
      <DistanceMeters>468.9</DistanceMeters>
      <HeartRateBpm>
       <Value>150</Value>
      </HeartRateBpm>
      <Extensions>
       <TPX xmlns="http://www.garmin.com/xmlschemas/ActivityExtension/v2">
        <Speed>2.4</Speed>
       </TPX>
      </Extensions>
     </Trackpoint>
     <Trackpoint>
      <Time>2026-08-10T11:26:06Z</Time>
      <Position>
       <LatitudeDegrees>5.2371980</LatitudeDegrees>
       <LongitudeDegrees>100.4361430</LongitudeDegrees>
      </Position>
      <AltitudeMeters>5.7</AltitudeMeters>
      <DistanceMeters>471.1</DistanceMeters>
      <HeartRateBpm>
       <Value>150</Value>
      </HeartRateBpm>
      <Extensions>
       <TPX xmlns="http://www.garmin.com/xmlschemas/ActivityExtension/v2">
        <Speed>2.3</Speed>
       </TPX>
      </Extensions>
     </Trackpoint>
     <Trackpoint>
      <Time>2026-08-10T11:26:07Z</Time>
      <Position>
       <LatitudeDegrees>5.2372010</LatitudeDegrees>
       <LongitudeDegrees>100.4361600</LongitudeDegrees>
      </Position>
      <AltitudeMeters>5.7</AltitudeMeters>
      <DistanceMeters>473.0</DistanceMeters>
      <HeartRateBpm>
       <Value>150</Value>
      </HeartRateBpm>
      <Extensions>
       <TPX xmlns="http://www.garmin.com/xmlschemas/ActivityExtension/v2">
        <Speed>2.2</Speed>
       </TPX>
      </Extensions>
     </Trackpoint>
     <Trackpoint>
      <Time>2026-08-10T11:26:08Z</Time>
      <Position>
       <LatitudeDegrees>5.2372040</LatitudeDegrees>
       <LongitudeDegrees>100.4361790</LongitudeDegrees>
      </Position>
      <AltitudeMeters>5.7</AltitudeMeters>
      <DistanceMeters>475.1</DistanceMeters>
      <HeartRateBpm>
       <Value>150</Value>
      </HeartRateBpm>
      <Extensions>
       <TPX xmlns="http://www.garmin.com/xmlschemas/ActivityExtension/v2">
        <Speed>2.2</Speed>
       </TPX>
      </Extensions>
     </Trackpoint>
     <Trackpoint>
      <Time>2026-08-10T11:26:09Z</Time>
      <Position>
       <LatitudeDegrees>5.2372090</LatitudeDegrees>
       <LongitudeDegrees>100.4361990</LongitudeDegrees>
      </Position>
      <AltitudeMeters>5.7</AltitudeMeters>
      <DistanceMeters>477.3</DistanceMeters>
      <HeartRateBpm>
       <Value>149</Value>
      </HeartRateBpm>
      <Extensions>
       <TPX xmlns="http://www.garmin.com/xmlschemas/ActivityExtension/v2">
        <Speed>2.1</Speed>
       </TPX>
      </Extensions>
     </Trackpoint>
     <Trackpoint>
      <Time>2026-08-10T11:26:10Z</Time>
      <Position>
       <LatitudeDegrees>5.2372160</LatitudeDegrees>
       <LongitudeDegrees>100.4362180</LongitudeDegrees>
      </Position>
      <AltitudeMeters>5.7</AltitudeMeters>
      <DistanceMeters>479.6</DistanceMeters>
      <HeartRateBpm>
       <Value>149</Value>
      </HeartRateBpm>
      <Extensions>
       <TPX xmlns="http://www.garmin.com/xmlschemas/ActivityExtension/v2">
        <Speed>2.1</Speed>
       </TPX>
      </Extensions>
     </Trackpoint>
     <Trackpoint>
      <Time>2026-08-10T11:26:11Z</Time>
      <Position>
       <LatitudeDegrees>5.2372230</LatitudeDegrees>
       <LongitudeDegrees>100.4362370</LongitudeDegrees>
      </Position>
      <AltitudeMeters>5.7</AltitudeMeters>
      <DistanceMeters>481.8</DistanceMeters>
      <HeartRateBpm>
       <Value>150</Value>
      </HeartRateBpm>
      <Extensions>
       <TPX xmlns="http://www.garmin.com/xmlschemas/ActivityExtension/v2">
        <Speed>2.1</Speed>
       </TPX>
      </Extensions>
     </Trackpoint>
     <Trackpoint>
      <Time>2026-08-10T11:26:12Z</Time>
      <Position>
       <LatitudeDegrees>5.2372250</LatitudeDegrees>
       <LongitudeDegrees>100.4362570</LongitudeDegrees>
      </Position>
      <AltitudeMeters>5.7</AltitudeMeters>
      <DistanceMeters>484.0</DistanceMeters>
      <HeartRateBpm>
       <Value>150</Value>
      </HeartRateBpm>
      <Extensions>
       <TPX xmlns="http://www.garmin.com/xmlschemas/ActivityExtension/v2">
        <Speed>2.2</Speed>
       </TPX>
      </Extensions>
     </Trackpoint>
     <Trackpoint>
      <Time>2026-08-10T11:26:13Z</Time>
      <Position>
       <LatitudeDegrees>5.2372290</LatitudeDegrees>
       <LongitudeDegrees>100.4362780</LongitudeDegrees>
      </Position>
      <AltitudeMeters>5.7</AltitudeMeters>
      <DistanceMeters>486.4</DistanceMeters>
      <HeartRateBpm>
       <Value>150</Value>
      </HeartRateBpm>
      <Extensions>
       <TPX xmlns="http://www.garmin.com/xmlschemas/ActivityExtension/v2">
        <Speed>2.3</Speed>
       </TPX>
      </Extensions>
     </Trackpoint>
     <Trackpoint>
      <Time>2026-08-10T11:26:14Z</Time>
      <Position>
       <LatitudeDegrees>5.2372330</LatitudeDegrees>
       <LongitudeDegrees>100.4362990</LongitudeDegrees>
      </Position>
      <AltitudeMeters>5.7</AltitudeMeters>
      <DistanceMeters>488.7</DistanceMeters>
      <HeartRateBpm>
       <Value>149</Value>
      </HeartRateBpm>
      <Extensions>
       <TPX xmlns="http://www.garmin.com/xmlschemas/ActivityExtension/v2">
        <Speed>2.3</Speed>
       </TPX>
      </Extensions>
     </Trackpoint>
     <Trackpoint>
      <Time>2026-08-10T11:26:15Z</Time>
      <Position>
       <LatitudeDegrees>5.2372370</LatitudeDegrees>
       <LongitudeDegrees>100.4363200</LongitudeDegrees>
      </Position>
      <AltitudeMeters>5.7</AltitudeMeters>
      <DistanceMeters>491.1</DistanceMeters>
      <HeartRateBpm>
       <Value>149</Value>
      </HeartRateBpm>
      <Extensions>
       <TPX xmlns="http://www.garmin.com/xmlschemas/ActivityExtension/v2">
        <Speed>2.3</Speed>
       </TPX>
      </Extensions>
     </Trackpoint>
     <Trackpoint>
      <Time>2026-08-10T11:26:16Z</Time>
      <Position>
       <LatitudeDegrees>5.2372430</LatitudeDegrees>
       <LongitudeDegrees>100.4363410</LongitudeDegrees>
      </Position>
      <AltitudeMeters>5.7</AltitudeMeters>
      <DistanceMeters>493.5</DistanceMeters>
      <HeartRateBpm>
       <Value>149</Value>
      </HeartRateBpm>
      <Extensions>
       <TPX xmlns="http://www.garmin.com/xmlschemas/ActivityExtension/v2">
        <Speed>2.3</Speed>
       </TPX>
      </Extensions>
     </Trackpoint>
     <Trackpoint>
      <Time>2026-08-10T11:26:17Z</Time>
      <Position>
       <LatitudeDegrees>5.2372470</LatitudeDegrees>
       <LongitudeDegrees>100.4363620</LongitudeDegrees>
      </Position>
      <AltitudeMeters>5.7</AltitudeMeters>
      <DistanceMeters>495.9</DistanceMeters>
      <HeartRateBpm>
       <Value>149</Value>
      </HeartRateBpm>
      <Extensions>
       <TPX xmlns="http://www.garmin.com/xmlschemas/ActivityExtension/v2">
        <Speed>2.4</Speed>
       </TPX>
      </Extensions>
     </Trackpoint>
     <Trackpoint>
      <Time>2026-08-10T11:26:18Z</Time>
      <Position>
       <LatitudeDegrees>5.2372520</LatitudeDegrees>
       <LongitudeDegrees>100.4363830</LongitudeDegrees>
      </Position>
      <AltitudeMeters>5.7</AltitudeMeters>
      <DistanceMeters>498.3</DistanceMeters>
      <HeartRateBpm>
       <Value>149</Value>
      </HeartRateBpm>
      <Extensions>
       <TPX xmlns="http://www.garmin.com/xmlschemas/ActivityExtension/v2">
        <Speed>2.4</Speed>
       </TPX>
      </Extensions>
     </Trackpoint>
     <Trackpoint>
      <Time>2026-08-10T11:26:19Z</Time>
      <Position>
       <LatitudeDegrees>5.2372560</LatitudeDegrees>
       <LongitudeDegrees>100.4364040</LongitudeDegrees>
      </Position>
      <AltitudeMeters>5.7</AltitudeMeters>
      <DistanceMeters>500.6</DistanceMeters>
      <HeartRateBpm>
       <Value>149</Value>
      </HeartRateBpm>
      <Extensions>
       <TPX xmlns="http://www.garmin.com/xmlschemas/ActivityExtension/v2">
        <Speed>2.4</Speed>
       </TPX>
      </Extensions>
     </Trackpoint>
     <Trackpoint>
      <Time>2026-08-10T11:26:20Z</Time>
      <Position>
       <LatitudeDegrees>5.2372590</LatitudeDegrees>
       <LongitudeDegrees>100.4364240</LongitudeDegrees>
      </Position>
      <AltitudeMeters>5.7</AltitudeMeters>
      <DistanceMeters>502.9</DistanceMeters>
      <HeartRateBpm>
       <Value>149</Value>
      </HeartRateBpm>
      <Extensions>
       <TPX xmlns="http://www.garmin.com/xmlschemas/ActivityExtension/v2">
        <Speed>2.4</Speed>
       </TPX>
      </Extensions>
     </Trackpoint>
     <Trackpoint>
      <Time>2026-08-10T11:26:21Z</Time>
      <Position>
       <LatitudeDegrees>5.2372630</LatitudeDegrees>
       <LongitudeDegrees>100.4364440</LongitudeDegrees>
      </Position>
      <AltitudeMeters>5.7</AltitudeMeters>
      <DistanceMeters>505.2</DistanceMeters>
      <HeartRateBpm>
       <Value>149</Value>
      </HeartRateBpm>
      <Extensions>
       <TPX xmlns="http://www.garmin.com/xmlschemas/ActivityExtension/v2">
        <Speed>2.3</Speed>
       </TPX>
      </Extensions>
     </Trackpoint>
     <Trackpoint>
      <Time>2026-08-10T11:26:22Z</Time>
      <Position>
       <LatitudeDegrees>5.2372670</LatitudeDegrees>
       <LongitudeDegrees>100.4364640</LongitudeDegrees>
      </Position>
      <AltitudeMeters>5.7</AltitudeMeters>
      <DistanceMeters>507.4</DistanceMeters>
      <HeartRateBpm>
       <Value>150</Value>
      </HeartRateBpm>
      <Extensions>
       <TPX xmlns="http://www.garmin.com/xmlschemas/ActivityExtension/v2">
        <Speed>2.3</Speed>
       </TPX>
      </Extensions>
     </Trackpoint>
     <Trackpoint>
      <Time>2026-08-10T11:26:23Z</Time>
      <Position>
       <LatitudeDegrees>5.2372710</LatitudeDegrees>
       <LongitudeDegrees>100.4364850</LongitudeDegrees>
      </Position>
      <AltitudeMeters>5.7</AltitudeMeters>
      <DistanceMeters>509.8</DistanceMeters>
      <HeartRateBpm>
       <Value>150</Value>
      </HeartRateBpm>
      <Extensions>
       <TPX xmlns="http://www.garmin.com/xmlschemas/ActivityExtension/v2">
        <Speed>2.3</Speed>
       </TPX>
      </Extensions>
     </Trackpoint>
     <Trackpoint>
      <Time>2026-08-10T11:26:24Z</Time>
      <Position>
       <LatitudeDegrees>5.2372760</LatitudeDegrees>
       <LongitudeDegrees>100.4365060</LongitudeDegrees>
      </Position>
      <AltitudeMeters>5.7</AltitudeMeters>
      <DistanceMeters>512.2</DistanceMeters>
      <HeartRateBpm>
       <Value>150</Value>
      </HeartRateBpm>
      <Extensions>
       <TPX xmlns="http://www.garmin.com/xmlschemas/ActivityExtension/v2">
        <Speed>2.3</Speed>
       </TPX>
      </Extensions>
     </Trackpoint>
     <Trackpoint>
      <Time>2026-08-10T11:26:25Z</Time>
      <Position>
       <LatitudeDegrees>5.2372840</LatitudeDegrees>
       <LongitudeDegrees>100.4365270</LongitudeDegrees>
      </Position>
      <AltitudeMeters>5.7</AltitudeMeters>
      <DistanceMeters>514.6</DistanceMeters>
      <HeartRateBpm>
       <Value>150</Value>
      </HeartRateBpm>
      <Extensions>
       <TPX xmlns="http://www.garmin.com/xmlschemas/ActivityExtension/v2">
        <Speed>2.3</Speed>
       </TPX>
      </Extensions>
     </Trackpoint>
     <Trackpoint>
      <Time>2026-08-10T11:26:26Z</Time>
      <Position>
       <LatitudeDegrees>5.2372890</LatitudeDegrees>
       <LongitudeDegrees>100.4365480</LongitudeDegrees>
      </Position>
      <AltitudeMeters>5.7</AltitudeMeters>
      <DistanceMeters>517.0</DistanceMeters>
      <HeartRateBpm>
       <Value>149</Value>
      </HeartRateBpm>
      <Extensions>
       <TPX xmlns="http://www.garmin.com/xmlschemas/ActivityExtension/v2">
        <Speed>2.4</Speed>
       </TPX>
      </Extensions>
     </Trackpoint>
     <Trackpoint>
      <Time>2026-08-10T11:26:27Z</Time>
      <Position>
       <LatitudeDegrees>5.2372930</LatitudeDegrees>
       <LongitudeDegrees>100.4365690</LongitudeDegrees>
      </Position>
      <AltitudeMeters>5.7</AltitudeMeters>
      <DistanceMeters>519.4</DistanceMeters>
      <HeartRateBpm>
       <Value>149</Value>
      </HeartRateBpm>
      <Extensions>
       <TPX xmlns="http://www.garmin.com/xmlschemas/ActivityExtension/v2">
        <Speed>2.4</Speed>
       </TPX>
      </Extensions>
     </Trackpoint>
     <Trackpoint>
      <Time>2026-08-10T11:26:28Z</Time>
      <Position>
       <LatitudeDegrees>5.2372980</LatitudeDegrees>
       <LongitudeDegrees>100.4365900</LongitudeDegrees>
      </Position>
      <AltitudeMeters>5.7</AltitudeMeters>
      <DistanceMeters>521.8</DistanceMeters>
      <HeartRateBpm>
       <Value>149</Value>
      </HeartRateBpm>
      <Extensions>
       <TPX xmlns="http://www.garmin.com/xmlschemas/ActivityExtension/v2">
        <Speed>2.4</Speed>
       </TPX>
      </Extensions>
     </Trackpoint>
     <Trackpoint>
      <Time>2026-08-10T11:26:29Z</Time>
      <Position>
       <LatitudeDegrees>5.2373020</LatitudeDegrees>
       <LongitudeDegrees>100.4366100</LongitudeDegrees>
      </Position>
      <AltitudeMeters>5.7</AltitudeMeters>
      <DistanceMeters>524.1</DistanceMeters>
      <HeartRateBpm>
       <Value>150</Value>
      </HeartRateBpm>
      <Extensions>
       <TPX xmlns="http://www.garmin.com/xmlschemas/ActivityExtension/v2">
        <Speed>2.4</Speed>
       </TPX>
      </Extensions>
     </Trackpoint>
     <Trackpoint>
      <Time>2026-08-10T11:26:30Z</Time>
      <Position>
       <LatitudeDegrees>5.2373040</LatitudeDegrees>
       <LongitudeDegrees>100.4366300</LongitudeDegrees>
      </Position>
      <AltitudeMeters>5.7</AltitudeMeters>
      <DistanceMeters>526.3</DistanceMeters>
      <HeartRateBpm>
       <Value>150</Value>
      </HeartRateBpm>
      <Extensions>
       <TPX xmlns="http://www.garmin.com/xmlschemas/ActivityExtension/v2">
        <Speed>2.3</Speed>
       </TPX>
      </Extensions>
     </Trackpoint>
     <Trackpoint>
      <Time>2026-08-10T11:26:31Z</Time>
      <Position>
       <LatitudeDegrees>5.2373070</LatitudeDegrees>
       <LongitudeDegrees>100.4366520</LongitudeDegrees>
      </Position>
      <AltitudeMeters>5.7</AltitudeMeters>
      <DistanceMeters>528.8</DistanceMeters>
      <HeartRateBpm>
       <Value>149</Value>
      </HeartRateBpm>
      <Extensions>
       <TPX xmlns="http://www.garmin.com/xmlschemas/ActivityExtension/v2">
        <Speed>2.4</Speed>
       </TPX>
      </Extensions>
     </Trackpoint>
     <Trackpoint>
      <Time>2026-08-10T11:26:32Z</Time>
      <Position>
       <LatitudeDegrees>5.2373110</LatitudeDegrees>
       <LongitudeDegrees>100.4366740</LongitudeDegrees>
      </Position>
      <AltitudeMeters>5.7</AltitudeMeters>
      <DistanceMeters>531.3</DistanceMeters>
      <HeartRateBpm>
       <Value>148</Value>
      </HeartRateBpm>
      <Extensions>
       <TPX xmlns="http://www.garmin.com/xmlschemas/ActivityExtension/v2">
        <Speed>2.4</Speed>
       </TPX>
      </Extensions>
     </Trackpoint>
     <Trackpoint>
      <Time>2026-08-10T11:26:33Z</Time>
      <Position>
       <LatitudeDegrees>5.2373150</LatitudeDegrees>
       <LongitudeDegrees>100.4366950</LongitudeDegrees>
      </Position>
      <AltitudeMeters>5.7</AltitudeMeters>
      <DistanceMeters>533.6</DistanceMeters>
      <HeartRateBpm>
       <Value>148</Value>
      </HeartRateBpm>
      <Extensions>
       <TPX xmlns="http://www.garmin.com/xmlschemas/ActivityExtension/v2">
        <Speed>2.4</Speed>
       </TPX>
      </Extensions>
     </Trackpoint>
     <Trackpoint>
      <Time>2026-08-10T11:26:34Z</Time>
      <Position>
       <LatitudeDegrees>5.2373200</LatitudeDegrees>
       <LongitudeDegrees>100.4367130</LongitudeDegrees>
      </Position>
      <AltitudeMeters>5.7</AltitudeMeters>
      <DistanceMeters>535.6</DistanceMeters>
      <HeartRateBpm>
       <Value>149</Value>
      </HeartRateBpm>
      <Extensions>
       <TPX xmlns="http://www.garmin.com/xmlschemas/ActivityExtension/v2">
        <Speed>2.3</Speed>
       </TPX>
      </Extensions>
     </Trackpoint>
     <Trackpoint>
      <Time>2026-08-10T11:26:35Z</Time>
      <Position>
       <LatitudeDegrees>5.2373260</LatitudeDegrees>
       <LongitudeDegrees>100.4367330</LongitudeDegrees>
      </Position>
      <AltitudeMeters>5.8</AltitudeMeters>
      <DistanceMeters>537.9</DistanceMeters>
      <HeartRateBpm>
       <Value>149</Value>
      </HeartRateBpm>
      <Extensions>
       <TPX xmlns="http://www.garmin.com/xmlschemas/ActivityExtension/v2">
        <Speed>2.3</Speed>
       </TPX>
      </Extensions>
     </Trackpoint>
     <Trackpoint>
      <Time>2026-08-10T11:26:36Z</Time>
      <Position>
       <LatitudeDegrees>5.2373290</LatitudeDegrees>
       <LongitudeDegrees>100.4367530</LongitudeDegrees>
      </Position>
      <AltitudeMeters>5.8</AltitudeMeters>
      <DistanceMeters>540.2</DistanceMeters>
      <HeartRateBpm>
       <Value>149</Value>
      </HeartRateBpm>
      <Extensions>
       <TPX xmlns="http://www.garmin.com/xmlschemas/ActivityExtension/v2">
        <Speed>2.3</Speed>
       </TPX>
      </Extensions>
     </Trackpoint>
     <Trackpoint>
      <Time>2026-08-10T11:26:37Z</Time>
      <Position>
       <LatitudeDegrees>5.2373320</LatitudeDegrees>
       <LongitudeDegrees>100.4367720</LongitudeDegrees>
      </Position>
      <AltitudeMeters>5.8</AltitudeMeters>
      <DistanceMeters>542.3</DistanceMeters>
      <HeartRateBpm>
       <Value>149</Value>
      </HeartRateBpm>
      <Extensions>
       <TPX xmlns="http://www.garmin.com/xmlschemas/ActivityExtension/v2">
        <Speed>2.2</Speed>
       </TPX>
      </Extensions>
     </Trackpoint>
    </Track>
   </Lap>
  </Activity>
 </Activities>
</TrainingCenterDatabase>
