<?xml version="1.0" encoding="UTF-8"?>
<!-- Written by Strava -->
<TrainingCenterDatabase xsi:schemaLocation="http://www.garmin.com/xmlschemas/TrainingCenterDatabase/v2 http://www.garmin.com/xmlschemas/TrainingCenterDatabasev2.xsd" xmlns:ns5="http://www.garmin.com/xmlschemas/ActivityGoals/v1" xmlns:ns3="http://www.garmin.com/xmlschemas/ActivityExtension/v2" xmlns:ns2="http://www.garmin.com/xmlschemas/UserProfile/v2" xmlns="http://www.garmin.com/xmlschemas/TrainingCenterDatabase/v2" xmlns:xsi="http://www.w3.org/2001/XMLSchema-instance">
 <Activities>
  <Activity Sport="Running">
   <Id>2026-08-13T11:02:33Z</Id>
   <Lap StartTime="2026-08-13T11:02:33Z">
    <TotalTimeSeconds>942</TotalTimeSeconds>
    <DistanceMeters>2254.48</DistanceMeters>
    <MaximumSpeed>3.2</MaximumSpeed>
    <Calories>0</Calories>
    <AverageHeartRateBpm>
     <Value>151</Value>
    </AverageHeartRateBpm>
    <MaximumHeartRateBpm>
     <Value>156</Value>
    </MaximumHeartRateBpm>
    <Intensity>Active</Intensity>
    <TriggerMethod>Manual</TriggerMethod>
    <Track>
     <Trackpoint>
      <Time>2026-08-13T11:02:33Z</Time>
      <Position>
       <LatitudeDegrees>5.2371570</LatitudeDegrees>
       <LongitudeDegrees>100.4358200</LongitudeDegrees>
      </Position>
      <AltitudeMeters>5.7</AltitudeMeters>
      <DistanceMeters>0.0</DistanceMeters>
      <HeartRateBpm>
       <Value>124</Value>
      </HeartRateBpm>
      <Extensions>
       <TPX xmlns="http://www.garmin.com/xmlschemas/ActivityExtension/v2">
        <Speed>0.0</Speed>
       </TPX>
      </Extensions>
     </Trackpoint>
     <Trackpoint>
      <Time>2026-08-13T11:02:34Z</Time>
      <Position>
       <LatitudeDegrees>5.2371630</LatitudeDegrees>
       <LongitudeDegrees>100.4358340</LongitudeDegrees>
      </Position>
      <AltitudeMeters>5.7</AltitudeMeters>
      <DistanceMeters>0.0</DistanceMeters>
      <HeartRateBpm>
       <Value>124</Value>
      </HeartRateBpm>
      <Extensions>
       <TPX xmlns="http://www.garmin.com/xmlschemas/ActivityExtension/v2">
        <Speed>0.0</Speed>
       </TPX>
      </Extensions>
     </Trackpoint>
     <Trackpoint>
      <Time>2026-08-13T11:02:35Z</Time>
      <Position>
       <LatitudeDegrees>5.2371700</LatitudeDegrees>
       <LongitudeDegrees>100.4358480</LongitudeDegrees>
      </Position>
      <AltitudeMeters>5.7</AltitudeMeters>
      <DistanceMeters>3.3</DistanceMeters>
      <HeartRateBpm>
       <Value>124</Value>
      </HeartRateBpm>
      <Extensions>
       <TPX xmlns="http://www.garmin.com/xmlschemas/ActivityExtension/v2">
        <Speed>1.6</Speed>
       </TPX>
      </Extensions>
     </Trackpoint>
     <Trackpoint>
      <Time>2026-08-13T11:02:36Z</Time>
      <Position>
       <LatitudeDegrees>5.2371770</LatitudeDegrees>
       <LongitudeDegrees>100.4358620</LongitudeDegrees>
      </Position>
      <AltitudeMeters>5.7</AltitudeMeters>
      <DistanceMeters>3.3</DistanceMeters>
      <HeartRateBpm>
       <Value>124</Value>
      </HeartRateBpm>
      <Extensions>
       <TPX xmlns="http://www.garmin.com/xmlschemas/ActivityExtension/v2">
        <Speed>1.1</Speed>
       </TPX>
      </Extensions>
     </Trackpoint>
     <Trackpoint>
      <Time>2026-08-13T11:02:37Z</Time>
      <Position>
       <LatitudeDegrees>5.2371850</LatitudeDegrees>
       <LongitudeDegrees>100.4358760</LongitudeDegrees>
      </Position>
      <AltitudeMeters>5.7</AltitudeMeters>
      <DistanceMeters>6.9</DistanceMeters>
      <HeartRateBpm>
       <Value>124</Value>
      </HeartRateBpm>
      <Extensions>
       <TPX xmlns="http://www.garmin.com/xmlschemas/ActivityExtension/v2">
        <Speed>1.7</Speed>
       </TPX>
      </Extensions>
     </Trackpoint>
     <Trackpoint>
      <Time>2026-08-13T11:02:38Z</Time>
      <Position>
       <LatitudeDegrees>5.2371900</LatitudeDegrees>
       <LongitudeDegrees>100.4358930</LongitudeDegrees>
      </Position>
      <AltitudeMeters>5.7</AltitudeMeters>
      <DistanceMeters>8.8</DistanceMeters>
      <HeartRateBpm>
       <Value>124</Value>
      </HeartRateBpm>
      <Extensions>
       <TPX xmlns="http://www.garmin.com/xmlschemas/ActivityExtension/v2">
        <Speed>1.8</Speed>
       </TPX>
      </Extensions>
     </Trackpoint>
     <Trackpoint>
      <Time>2026-08-13T11:02:39Z</Time>
      <Position>
       <LatitudeDegrees>5.2371960</LatitudeDegrees>
       <LongitudeDegrees>100.4359160</LongitudeDegrees>
      </Position>
      <AltitudeMeters>5.7</AltitudeMeters>
      <DistanceMeters>11.4</DistanceMeters>
      <HeartRateBpm>
       <Value>123</Value>
      </HeartRateBpm>
      <Extensions>
       <TPX xmlns="http://www.garmin.com/xmlschemas/ActivityExtension/v2">
        <Speed>2.3</Speed>
       </TPX>
      </Extensions>
     </Trackpoint>
     <Trackpoint>
      <Time>2026-08-13T11:02:40Z</Time>
      <Position>
       <LatitudeDegrees>5.2372040</LatitudeDegrees>
       <LongitudeDegrees>100.4359420</LongitudeDegrees>
      </Position>
      <AltitudeMeters>5.7</AltitudeMeters>
      <DistanceMeters>14.4</DistanceMeters>
      <HeartRateBpm>
       <Value>123</Value>
      </HeartRateBpm>
      <Extensions>
       <TPX xmlns="http://www.garmin.com/xmlschemas/ActivityExtension/v2">
        <Speed>2.2</Speed>
       </TPX>
      </Extensions>
     </Trackpoint>
     <Trackpoint>
      <Time>2026-08-13T11:02:41Z</Time>
      <Position>
       <LatitudeDegrees>5.2372110</LatitudeDegrees>
       <LongitudeDegrees>100.4359660</LongitudeDegrees>
      </Position>
      <AltitudeMeters>5.7</AltitudeMeters>
      <DistanceMeters>17.2</DistanceMeters>
      <HeartRateBpm>
       <Value>124</Value>
      </HeartRateBpm>
      <Extensions>
       <TPX xmlns="http://www.garmin.com/xmlschemas/ActivityExtension/v2">
        <Speed>2.8</Speed>
       </TPX>
      </Extensions>
     </Trackpoint>
     <Trackpoint>
      <Time>2026-08-13T11:02:42Z</Time>
      <Position>
       <LatitudeDegrees>5.2372190</LatitudeDegrees>
       <LongitudeDegrees>100.4359930</LongitudeDegrees>
      </Position>
      <AltitudeMeters>5.7</AltitudeMeters>
      <DistanceMeters>20.4</DistanceMeters>
      <HeartRateBpm>
       <Value>125</Value>
      </HeartRateBpm>
      <Extensions>
       <TPX xmlns="http://www.garmin.com/xmlschemas/ActivityExtension/v2">
        <Speed>2.7</Speed>
       </TPX>
      </Extensions>
     </Trackpoint>
     <Trackpoint>
      <Time>2026-08-13T11:02:43Z</Time>
      <Position>
       <LatitudeDegrees>5.2372260</LatitudeDegrees>
       <LongitudeDegrees>100.4360210</LongitudeDegrees>
      </Position>
      <AltitudeMeters>5.7</AltitudeMeters>
      <DistanceMeters>23.6</DistanceMeters>
      <HeartRateBpm>
       <Value>125</Value>
      </HeartRateBpm>
      <Extensions>
       <TPX xmlns="http://www.garmin.com/xmlschemas/ActivityExtension/v2">
        <Speed>3.0</Speed>
       </TPX>
      </Extensions>
     </Trackpoint>
     <Trackpoint>
      <Time>2026-08-13T11:02:44Z</Time>
      <Position>
       <LatitudeDegrees>5.2372320</LatitudeDegrees>
       <LongitudeDegrees>100.4360490</LongitudeDegrees>
      </Position>
      <AltitudeMeters>5.7</AltitudeMeters>
      <DistanceMeters>26.7</DistanceMeters>
      <HeartRateBpm>
       <Value>126</Value>
      </HeartRateBpm>
      <Extensions>
       <TPX xmlns="http://www.garmin.com/xmlschemas/ActivityExtension/v2">
        <Speed>3.1</Speed>
       </TPX>
      </Extensions>
     </Trackpoint>
     <Trackpoint>
      <Time>2026-08-13T11:02:45Z</Time>
      <Position>
       <LatitudeDegrees>5.2372380</LatitudeDegrees>
       <LongitudeDegrees>100.4360750</LongitudeDegrees>
      </Position>
      <AltitudeMeters>5.7</AltitudeMeters>
      <DistanceMeters>29.6</DistanceMeters>
      <HeartRateBpm>
       <Value>127</Value>
      </HeartRateBpm>
      <Extensions>
       <TPX xmlns="http://www.garmin.com/xmlschemas/ActivityExtension/v2">
        <Speed>3.0</Speed>
       </TPX>
      </Extensions>
     </Trackpoint>
     <Trackpoint>
      <Time>2026-08-13T11:02:46Z</Time>
      <Position>
       <LatitudeDegrees>5.2372370</LatitudeDegrees>
       <LongitudeDegrees>100.4361020</LongitudeDegrees>
      </Position>
      <AltitudeMeters>5.7</AltitudeMeters>
      <DistanceMeters>32.6</DistanceMeters>
      <HeartRateBpm>
       <Value>127</Value>
      </HeartRateBpm>
      <Extensions>
       <TPX xmlns="http://www.garmin.com/xmlschemas/ActivityExtension/v2">
        <Speed>3.1</Speed>
       </TPX>
      </Extensions>
     </Trackpoint>
     <Trackpoint>
      <Time>2026-08-13T11:02:47Z</Time>
      <Position>
       <LatitudeDegrees>5.2372350</LatitudeDegrees>
       <LongitudeDegrees>100.4361270</LongitudeDegrees>
      </Position>
      <AltitudeMeters>5.7</AltitudeMeters>
      <DistanceMeters>35.4</DistanceMeters>
      <HeartRateBpm>
       <Value>128</Value>
      </HeartRateBpm>
      <Extensions>
       <TPX xmlns="http://www.garmin.com/xmlschemas/ActivityExtension/v2">
        <Speed>3.0</Speed>
       </TPX>
      </Extensions>
     </Trackpoint>
     <Trackpoint>
      <Time>2026-08-13T11:02:48Z</Time>
      <Position>
       <LatitudeDegrees>5.2372310</LatitudeDegrees>
       <LongitudeDegrees>100.4361500</LongitudeDegrees>
      </Position>
      <AltitudeMeters>5.7</AltitudeMeters>
      <DistanceMeters>38.0</DistanceMeters>
      <HeartRateBpm>
       <Value>129</Value>
      </HeartRateBpm>
      <Extensions>
       <TPX xmlns="http://www.garmin.com/xmlschemas/ActivityExtension/v2">
        <Speed>2.9</Speed>
       </TPX>
      </Extensions>
     </Trackpoint>
     <Trackpoint>
      <Time>2026-08-13T11:02:49Z</Time>
      <Position>
       <LatitudeDegrees>5.2372250</LatitudeDegrees>
       <LongitudeDegrees>100.4361770</LongitudeDegrees>
      </Position>
      <AltitudeMeters>5.7</AltitudeMeters>
      <DistanceMeters>41.1</DistanceMeters>
      <HeartRateBpm>
       <Value>129</Value>
      </HeartRateBpm>
      <Extensions>
       <TPX xmlns="http://www.garmin.com/xmlschemas/ActivityExtension/v2">
        <Speed>2.9</Speed>
       </TPX>
      </Extensions>
     </Trackpoint>
     <Trackpoint>
      <Time>2026-08-13T11:02:50Z</Time>
      <Position>
       <LatitudeDegrees>5.2372270</LatitudeDegrees>
       <LongitudeDegrees>100.4362010</LongitudeDegrees>
      </Position>
      <AltitudeMeters>5.7</AltitudeMeters>
      <DistanceMeters>43.7</DistanceMeters>
      <HeartRateBpm>
       <Value>130</Value>
      </HeartRateBpm>
      <Extensions>
       <TPX xmlns="http://www.garmin.com/xmlschemas/ActivityExtension/v2">
        <Speed>2.8</Speed>
       </TPX>
      </Extensions>
     </Trackpoint>
     <Trackpoint>
      <Time>2026-08-13T11:02:51Z</Time>
      <Position>
       <LatitudeDegrees>5.2372300</LatitudeDegrees>
       <LongitudeDegrees>100.4362200</LongitudeDegrees>
      </Position>
      <AltitudeMeters>5.7</AltitudeMeters>
      <DistanceMeters>45.8</DistanceMeters>
      <HeartRateBpm>
       <Value>131</Value>
      </HeartRateBpm>
      <Extensions>
       <TPX xmlns="http://www.garmin.com/xmlschemas/ActivityExtension/v2">
        <Speed>2.6</Speed>
       </TPX>
      </Extensions>
     </Trackpoint>
     <Trackpoint>
      <Time>2026-08-13T11:02:52Z</Time>
      <Position>
       <LatitudeDegrees>5.2372310</LatitudeDegrees>
       <LongitudeDegrees>100.4362410</LongitudeDegrees>
      </Position>
      <AltitudeMeters>5.7</AltitudeMeters>
      <DistanceMeters>48.2</DistanceMeters>
      <HeartRateBpm>
       <Value>131</Value>
      </HeartRateBpm>
      <Extensions>
       <TPX xmlns="http://www.garmin.com/xmlschemas/ActivityExtension/v2">
        <Speed>2.6</Speed>
       </TPX>
      </Extensions>
     </Trackpoint>
     <Trackpoint>
      <Time>2026-08-13T11:02:53Z</Time>
      <Position>
       <LatitudeDegrees>5.2372340</LatitudeDegrees>
       <LongitudeDegrees>100.4362620</LongitudeDegrees>
      </Position>
      <AltitudeMeters>5.7</AltitudeMeters>
      <DistanceMeters>50.6</DistanceMeters>
      <HeartRateBpm>
       <Value>131</Value>
      </HeartRateBpm>
      <Extensions>
       <TPX xmlns="http://www.garmin.com/xmlschemas/ActivityExtension/v2">
        <Speed>2.5</Speed>
       </TPX>
      </Extensions>
     </Trackpoint>
     <Trackpoint>
      <Time>2026-08-13T11:02:54Z</Time>
      <Position>
       <LatitudeDegrees>5.2372410</LatitudeDegrees>
       <LongitudeDegrees>100.4362860</LongitudeDegrees>
      </Position>
      <AltitudeMeters>5.7</AltitudeMeters>
      <DistanceMeters>53.3</DistanceMeters>
      <HeartRateBpm>
       <Value>132</Value>
      </HeartRateBpm>
      <Extensions>
       <TPX xmlns="http://www.garmin.com/xmlschemas/ActivityExtension/v2">
        <Speed>2.4</Speed>
       </TPX>
      </Extensions>
     </Trackpoint>
     <Trackpoint>
      <Time>2026-08-13T11:02:55Z</Time>
      <Position>
       <LatitudeDegrees>5.2372550</LatitudeDegrees>
       <LongitudeDegrees>100.4363080</LongitudeDegrees>
      </Position>
      <AltitudeMeters>5.7</AltitudeMeters>
      <DistanceMeters>56.1</DistanceMeters>
      <HeartRateBpm>
       <Value>133</Value>
      </HeartRateBpm>
      <Extensions>
       <TPX xmlns="http://www.garmin.com/xmlschemas/ActivityExtension/v2">
        <Speed>2.5</Speed>
       </TPX>
      </Extensions>
     </Trackpoint>
     <Trackpoint>
      <Time>2026-08-13T11:02:56Z</Time>
      <Position>
       <LatitudeDegrees>5.2372720</LatitudeDegrees>
       <LongitudeDegrees>100.4363270</LongitudeDegrees>
      </Position>
      <AltitudeMeters>5.7</AltitudeMeters>
      <DistanceMeters>58.9</DistanceMeters>
      <HeartRateBpm>
       <Value>133</Value>
      </HeartRateBpm>
      <Extensions>
       <TPX xmlns="http://www.garmin.com/xmlschemas/ActivityExtension/v2">
        <Speed>2.6</Speed>
       </TPX>
      </Extensions>
     </Trackpoint>
     <Trackpoint>
      <Time>2026-08-13T11:02:57Z</Time>
      <Position>
       <LatitudeDegrees>5.2372830</LatitudeDegrees>
       <LongitudeDegrees>100.4363540</LongitudeDegrees>
      </Position>
      <AltitudeMeters>5.7</AltitudeMeters>
      <DistanceMeters>62.1</DistanceMeters>
      <HeartRateBpm>
       <Value>134</Value>
      </HeartRateBpm>
      <Extensions>
       <TPX xmlns="http://www.garmin.com/xmlschemas/ActivityExtension/v2">
        <Speed>2.8</Speed>
       </TPX>
      </Extensions>
     </Trackpoint>
     <Trackpoint>
      <Time>2026-08-13T11:02:58Z</Time>
      <Position>
       <LatitudeDegrees>5.2372920</LatitudeDegrees>
       <LongitudeDegrees>100.4363790</LongitudeDegrees>
      </Position>
      <AltitudeMeters>5.7</AltitudeMeters>
      <DistanceMeters>65.0</DistanceMeters>
      <HeartRateBpm>
       <Value>135</Value>
      </HeartRateBpm>
      <Extensions>
       <TPX xmlns="http://www.garmin.com/xmlschemas/ActivityExtension/v2">
        <Speed>2.9</Speed>
       </TPX>
      </Extensions>
     </Trackpoint>
     <Trackpoint>
      <Time>2026-08-13T11:02:59Z</Time>
      <Position>
       <LatitudeDegrees>5.2373020</LatitudeDegrees>
       <LongitudeDegrees>100.4364070</LongitudeDegrees>
      </Position>
      <AltitudeMeters>5.7</AltitudeMeters>
      <DistanceMeters>68.3</DistanceMeters>
      <HeartRateBpm>
       <Value>136</Value>
      </HeartRateBpm>
      <Extensions>
       <TPX xmlns="http://www.garmin.com/xmlschemas/ActivityExtension/v2">
        <Speed>3.0</Speed>
       </TPX>
      </Extensions>
     </Trackpoint>
     <Trackpoint>
      <Time>2026-08-13T11:03:00Z</Time>
      <Position>
       <LatitudeDegrees>5.2373060</LatitudeDegrees>
       <LongitudeDegrees>100.4364380</LongitudeDegrees>
      </Position>
      <AltitudeMeters>5.7</AltitudeMeters>
      <DistanceMeters>71.8</DistanceMeters>
      <HeartRateBpm>
       <Value>136</Value>
      </HeartRateBpm>
      <Extensions>
       <TPX xmlns="http://www.garmin.com/xmlschemas/ActivityExtension/v2">
        <Speed>3.1</Speed>
       </TPX>
      </Extensions>
     </Trackpoint>
     <Trackpoint>
      <Time>2026-08-13T11:03:01Z</Time>
      <Position>
       <LatitudeDegrees>5.2373110</LatitudeDegrees>
       <LongitudeDegrees>100.4364660</LongitudeDegrees>
      </Position>
      <AltitudeMeters>5.7</AltitudeMeters>
      <DistanceMeters>75.0</DistanceMeters>
      <HeartRateBpm>
       <Value>136</Value>
      </HeartRateBpm>
      <Extensions>
       <TPX xmlns="http://www.garmin.com/xmlschemas/ActivityExtension/v2">
        <Speed>3.2</Speed>
       </TPX>
      </Extensions>
     </Trackpoint>
     <Trackpoint>
      <Time>2026-08-13T11:03:02Z</Time>
      <Position>
       <LatitudeDegrees>5.2373190</LatitudeDegrees>
       <LongitudeDegrees>100.4364900</LongitudeDegrees>
      </Position>
      <AltitudeMeters>5.7</AltitudeMeters>
      <DistanceMeters>77.8</DistanceMeters>
      <HeartRateBpm>
       <Value>137</Value>
      </HeartRateBpm>
      <Extensions>
       <TPX xmlns="http://www.garmin.com/xmlschemas/ActivityExtension/v2">
        <Speed>3.1</Speed>
       </TPX>
      </Extensions>
     </Trackpoint>
     <Trackpoint>
      <Time>2026-08-13T11:03:03Z</Time>
      <Position>
       <LatitudeDegrees>5.2373250</LatitudeDegrees>
       <LongitudeDegrees>100.4365200</LongitudeDegrees>
      </Position>
      <AltitudeMeters>5.7</AltitudeMeters>
      <DistanceMeters>81.1</DistanceMeters>
      <HeartRateBpm>
       <Value>137</Value>
      </HeartRateBpm>
      <Extensions>
       <TPX xmlns="http://www.garmin.com/xmlschemas/ActivityExtension/v2">
        <Speed>3.2</Speed>
       </TPX>
      </Extensions>
     </Trackpoint>
     <Trackpoint>
      <Time>2026-08-13T11:03:04Z</Time>
      <Position>
       <LatitudeDegrees>5.2373310</LatitudeDegrees>
       <LongitudeDegrees>100.4365460</LongitudeDegrees>
      </Position>
      <AltitudeMeters>5.7</AltitudeMeters>
      <DistanceMeters>84.1</DistanceMeters>
      <HeartRateBpm>
       <Value>138</Value>
      </HeartRateBpm>
      <Extensions>
       <TPX xmlns="http://www.garmin.com/xmlschemas/ActivityExtension/v2">
        <Speed>3.2</Speed>
       </TPX>
      </Extensions>
     </Trackpoint>
     <Trackpoint>
      <Time>2026-08-13T11:03:05Z</Time>
      <Position>
       <LatitudeDegrees>5.2373420</LatitudeDegrees>
       <LongitudeDegrees>100.4365700</LongitudeDegrees>
      </Position>
      <AltitudeMeters>5.7</AltitudeMeters>
      <DistanceMeters>87.0</DistanceMeters>
      <HeartRateBpm>
       <Value>138</Value>
      </HeartRateBpm>
      <Extensions>
       <TPX xmlns="http://www.garmin.com/xmlschemas/ActivityExtension/v2">
        <Speed>3.0</Speed>
       </TPX>
      </Extensions>
     </Trackpoint>
     <Trackpoint>
      <Time>2026-08-13T11:03:06Z</Time>
      <Position>
       <LatitudeDegrees>5.2373500</LatitudeDegrees>
       <LongitudeDegrees>100.4365940</LongitudeDegrees>
      </Position>
      <AltitudeMeters>5.7</AltitudeMeters>
      <DistanceMeters>89.8</DistanceMeters>
      <HeartRateBpm>
       <Value>138</Value>
      </HeartRateBpm>
      <Extensions>
       <TPX xmlns="http://www.garmin.com/xmlschemas/ActivityExtension/v2">
        <Speed>3.0</Speed>
       </TPX>
      </Extensions>
     </Trackpoint>
     <Trackpoint>
      <Time>2026-08-13T11:03:07Z</Time>
      <Position>
       <LatitudeDegrees>5.2373550</LatitudeDegrees>
       <LongitudeDegrees>100.4366170</LongitudeDegrees>
      </Position>
      <AltitudeMeters>5.7</AltitudeMeters>
      <DistanceMeters>92.4</DistanceMeters>
      <HeartRateBpm>
       <Value>137</Value>
      </HeartRateBpm>
      <Extensions>
       <TPX xmlns="http://www.garmin.com/xmlschemas/ActivityExtension/v2">
        <Speed>2.9</Speed>
       </TPX>
      </Extensions>
     </Trackpoint>
     <Trackpoint>
      <Time>2026-08-13T11:03:08Z</Time>
      <Position>
       <LatitudeDegrees>5.2373600</LatitudeDegrees>
       <LongitudeDegrees>100.4366410</LongitudeDegrees>
      </Position>
      <AltitudeMeters>5.7</AltitudeMeters>
      <DistanceMeters>95.1</DistanceMeters>
      <HeartRateBpm>
       <Value>138</Value>
      </HeartRateBpm>
      <Extensions>
       <TPX xmlns="http://www.garmin.com/xmlschemas/ActivityExtension/v2">
        <Speed>2.8</Speed>
       </TPX>
      </Extensions>
     </Trackpoint>
     <Trackpoint>
      <Time>2026-08-13T11:03:09Z</Time>
      <Position>
       <LatitudeDegrees>5.2373670</LatitudeDegrees>
       <LongitudeDegrees>100.4366650</LongitudeDegrees>
      </Position>
      <AltitudeMeters>5.7</AltitudeMeters>
      <DistanceMeters>97.9</DistanceMeters>
      <HeartRateBpm>
       <Value>139</Value>
      </HeartRateBpm>
      <Extensions>
       <TPX xmlns="http://www.garmin.com/xmlschemas/ActivityExtension/v2">
        <Speed>2.8</Speed>
       </TPX>
      </Extensions>
     </Trackpoint>
     <Trackpoint>
      <Time>2026-08-13T11:03:10Z</Time>
      <Position>
       <LatitudeDegrees>5.2373730</LatitudeDegrees>
       <LongitudeDegrees>100.4366870</LongitudeDegrees>
      </Position>
      <AltitudeMeters>5.7</AltitudeMeters>
      <DistanceMeters>100.4</DistanceMeters>
      <HeartRateBpm>
       <Value>139</Value>
      </HeartRateBpm>
      <Extensions>
       <TPX xmlns="http://www.garmin.com/xmlschemas/ActivityExtension/v2">
        <Speed>2.7</Speed>
       </TPX>
      </Extensions>
     </Trackpoint>
     <Trackpoint>
      <Time>2026-08-13T11:03:11Z</Time>
      <Position>
       <LatitudeDegrees>5.2373730</LatitudeDegrees>
       <LongitudeDegrees>100.4367140</LongitudeDegrees>
      </Position>
      <AltitudeMeters>5.8</AltitudeMeters>
      <DistanceMeters>103.3</DistanceMeters>
      <HeartRateBpm>
       <Value>139</Value>
      </HeartRateBpm>
      <Extensions>
       <TPX xmlns="http://www.garmin.com/xmlschemas/ActivityExtension/v2">
        <Speed>2.7</Speed>
       </TPX>
      </Extensions>
     </Trackpoint>
     <Trackpoint>
      <Time>2026-08-13T11:03:12Z</Time>
      <Position>
       <LatitudeDegrees>5.2373750</LatitudeDegrees>
       <LongitudeDegrees>100.4367400</LongitudeDegrees>
      </Position>
      <AltitudeMeters>5.8</AltitudeMeters>
      <DistanceMeters>106.2</DistanceMeters>
      <HeartRateBpm>
       <Value>139</Value>
      </HeartRateBpm>
      <Extensions>
       <TPX xmlns="http://www.garmin.com/xmlschemas/ActivityExtension/v2">
        <Speed>2.8</Speed>
       </TPX>
      </Extensions>
     </Trackpoint>
     <Trackpoint>
      <Time>2026-08-13T11:03:13Z</Time>
      <Position>
       <LatitudeDegrees>5.2373760</LatitudeDegrees>
       <LongitudeDegrees>100.4367620</LongitudeDegrees>
      </Position>
      <AltitudeMeters>5.8</AltitudeMeters>
      <DistanceMeters>108.7</DistanceMeters>
      <HeartRateBpm>
       <Value>140</Value>
      </HeartRateBpm>
      <Extensions>
       <TPX xmlns="http://www.garmin.com/xmlschemas/ActivityExtension/v2">
        <Speed>2.7</Speed>
       </TPX>
      </Extensions>
     </Trackpoint>
     <Trackpoint>
      <Time>2026-08-13T11:03:14Z</Time>
      <Position>
       <LatitudeDegrees>5.2373820</LatitudeDegrees>
       <LongitudeDegrees>100.4367860</LongitudeDegrees>
      </Position>
      <AltitudeMeters>5.8</AltitudeMeters>
      <DistanceMeters>111.4</DistanceMeters>
      <HeartRateBpm>
       <Value>140</Value>
      </HeartRateBpm>
      <Extensions>
       <TPX xmlns="http://www.garmin.com/xmlschemas/ActivityExtension/v2">
        <Speed>2.7</Speed>
       </TPX>
      </Extensions>
     </Trackpoint>
     <Trackpoint>
      <Time>2026-08-13T11:03:15Z</Time>
      <Position>
       <LatitudeDegrees>5.2373910</LatitudeDegrees>
       <LongitudeDegrees>100.4368070</LongitudeDegrees>
      </Position>
      <AltitudeMeters>5.8</AltitudeMeters>
      <DistanceMeters>113.9</DistanceMeters>
      <HeartRateBpm>
       <Value>140</Value>
      </HeartRateBpm>
      <Extensions>
       <TPX xmlns="http://www.garmin.com/xmlschemas/ActivityExtension/v2">
        <Speed>2.7</Speed>
       </TPX>
      </Extensions>
     </Trackpoint>
     <Trackpoint>
      <Time>2026-08-13T11:03:16Z</Time>
      <Position>
       <LatitudeDegrees>5.2373990</LatitudeDegrees>
       <LongitudeDegrees>100.4368290</LongitudeDegrees>
      </Position>
      <AltitudeMeters>5.8</AltitudeMeters>
      <DistanceMeters>116.5</DistanceMeters>
      <HeartRateBpm>
       <Value>140</Value>
      </HeartRateBpm>
      <Extensions>
       <TPX xmlns="http://www.garmin.com/xmlschemas/ActivityExtension/v2">
        <Speed>2.6</Speed>
       </TPX>
      </Extensions>
     </Trackpoint>
     <Trackpoint>
      <Time>2026-08-13T11:03:17Z</Time>
      <Position>
       <LatitudeDegrees>5.2374080</LatitudeDegrees>
       <LongitudeDegrees>100.4368510</LongitudeDegrees>
      </Position>
      <AltitudeMeters>5.8</AltitudeMeters>
      <DistanceMeters>119.1</DistanceMeters>
      <HeartRateBpm>
       <Value>140</Value>
      </HeartRateBpm>
      <Extensions>
       <TPX xmlns="http://www.garmin.com/xmlschemas/ActivityExtension/v2">
        <Speed>2.6</Speed>
       </TPX>
      </Extensions>
     </Trackpoint>
     <Trackpoint>
      <Time>2026-08-13T11:03:18Z</Time>
      <Position>
       <LatitudeDegrees>5.2374160</LatitudeDegrees>
       <LongitudeDegrees>100.4368740</LongitudeDegrees>
      </Position>
      <AltitudeMeters>5.8</AltitudeMeters>
      <DistanceMeters>121.8</DistanceMeters>
      <HeartRateBpm>
       <Value>140</Value>
      </HeartRateBpm>
      <Extensions>
       <TPX xmlns="http://www.garmin.com/xmlschemas/ActivityExtension/v2">
        <Speed>2.6</Speed>
       </TPX>
      </Extensions>
     </Trackpoint>
     <Trackpoint>
      <Time>2026-08-13T11:03:19Z</Time>
      <Position>
       <LatitudeDegrees>5.2374210</LatitudeDegrees>
       <LongitudeDegrees>100.4368970</LongitudeDegrees>
      </Position>
      <AltitudeMeters>5.8</AltitudeMeters>
      <DistanceMeters>124.4</DistanceMeters>
      <HeartRateBpm>
       <Value>141</Value>
      </HeartRateBpm>
      <Extensions>
       <TPX xmlns="http://www.garmin.com/xmlschemas/ActivityExtension/v2">
        <Speed>2.6</Speed>
       </TPX>
      </Extensions>
     </Trackpoint>
     <Trackpoint>
      <Time>2026-08-13T11:03:20Z</Time>
      <Position>
       <LatitudeDegrees>5.2374270</LatitudeDegrees>
       <LongitudeDegrees>100.4369200</LongitudeDegrees>
      </Position>
      <AltitudeMeters>5.8</AltitudeMeters>
      <DistanceMeters>127.0</DistanceMeters>
      <HeartRateBpm>
       <Value>141</Value>
      </HeartRateBpm>
      <Extensions>
       <TPX xmlns="http://www.garmin.com/xmlschemas/ActivityExtension/v2">
        <Speed>2.6</Speed>
       </TPX>
      </Extensions>
     </Trackpoint>
     <Trackpoint>
      <Time>2026-08-13T11:03:21Z</Time>
      <Position>
       <LatitudeDegrees>5.2374310</LatitudeDegrees>
       <LongitudeDegrees>100.4369420</LongitudeDegrees>
      </Position>
      <AltitudeMeters>5.8</AltitudeMeters>
      <DistanceMeters>129.5</DistanceMeters>
      <HeartRateBpm>
       <Value>142</Value>
      </HeartRateBpm>
      <Extensions>
       <TPX xmlns="http://www.garmin.com/xmlschemas/ActivityExtension/v2">
        <Speed>2.6</Speed>
       </TPX>
      </Extensions>
     </Trackpoint>
     <Trackpoint>
      <Time>2026-08-13T11:03:22Z</Time>
      <Position>
       <LatitudeDegrees>5.2374370</LatitudeDegrees>
       <LongitudeDegrees>100.4369630</LongitudeDegrees>
      </Position>
      <AltitudeMeters>5.8</AltitudeMeters>
      <DistanceMeters>131.9</DistanceMeters>
      <HeartRateBpm>
       <Value>142</Value>
      </HeartRateBpm>
      <Extensions>
       <TPX xmlns="http://www.garmin.com/xmlschemas/ActivityExtension/v2">
        <Speed>2.6</Speed>
       </TPX>
      </Extensions>
     </Trackpoint>
     <Trackpoint>
      <Time>2026-08-13T11:03:23Z</Time>
      <Position>
       <LatitudeDegrees>5.2374440</LatitudeDegrees>
       <LongitudeDegrees>100.4369850</LongitudeDegrees>
      </Position>
      <AltitudeMeters>5.8</AltitudeMeters>
      <DistanceMeters>134.5</DistanceMeters>
      <HeartRateBpm>
       <Value>142</Value>
      </HeartRateBpm>
      <Extensions>
       <TPX xmlns="http://www.garmin.com/xmlschemas/ActivityExtension/v2">
        <Speed>2.5</Speed>
       </TPX>
      </Extensions>
     </Trackpoint>
     <Trackpoint>
      <Time>2026-08-13T11:03:24Z</Time>
      <Position>
       <LatitudeDegrees>5.2374500</LatitudeDegrees>
       <LongitudeDegrees>100.4370070</LongitudeDegrees>
      </Position>
      <AltitudeMeters>5.8</AltitudeMeters>
      <DistanceMeters>137.0</DistanceMeters>
      <HeartRateBpm>
       <Value>142</Value>
      </HeartRateBpm>
      <Extensions>
       <TPX xmlns="http://www.garmin.com/xmlschemas/ActivityExtension/v2">
        <Speed>2.5</Speed>
       </TPX>
      </Extensions>
     </Trackpoint>
     <Trackpoint>
      <Time>2026-08-13T11:03:25Z</Time>
      <Position>
       <LatitudeDegrees>5.2374590</LatitudeDegrees>
       <LongitudeDegrees>100.4370280</LongitudeDegrees>
      </Position>
      <AltitudeMeters>5.8</AltitudeMeters>
      <DistanceMeters>139.5</DistanceMeters>
      <HeartRateBpm>
       <Value>142</Value>
      </HeartRateBpm>
      <Extensions>
       <TPX xmlns="http://www.garmin.com/xmlschemas/ActivityExtension/v2">
        <Speed>2.5</Speed>
       </TPX>
      </Extensions>
     </Trackpoint>
     <Trackpoint>
      <Time>2026-08-13T11:03:26Z</Time>
      <Position>
       <LatitudeDegrees>5.2374650</LatitudeDegrees>
       <LongitudeDegrees>100.4370480</LongitudeDegrees>
      </Position>
      <AltitudeMeters>5.8</AltitudeMeters>
      <DistanceMeters>141.9</DistanceMeters>
      <HeartRateBpm>
       <Value>142</Value>
      </HeartRateBpm>
      <Extensions>
       <TPX xmlns="http://www.garmin.com/xmlschemas/ActivityExtension/v2">
        <Speed>2.5</Speed>
       </TPX>
      </Extensions>
     </Trackpoint>
     <Trackpoint>
      <Time>2026-08-13T11:03:27Z</Time>
      <Position>
       <LatitudeDegrees>5.2374700</LatitudeDegrees>
       <LongitudeDegrees>100.4370700</LongitudeDegrees>
      </Position>
      <AltitudeMeters>5.8</AltitudeMeters>
      <DistanceMeters>144.4</DistanceMeters>
      <HeartRateBpm>
       <Value>142</Value>
      </HeartRateBpm>
      <Extensions>
       <TPX xmlns="http://www.garmin.com/xmlschemas/ActivityExtension/v2">
        <Speed>2.5</Speed>
       </TPX>
      </Extensions>
     </Trackpoint>
     <Trackpoint>
      <Time>2026-08-13T11:03:28Z</Time>
      <Position>
       <LatitudeDegrees>5.2374780</LatitudeDegrees>
       <LongitudeDegrees>100.4370900</LongitudeDegrees>
      </Position>
      <AltitudeMeters>5.8</AltitudeMeters>
      <DistanceMeters>146.7</DistanceMeters>
      <HeartRateBpm>
       <Value>143</Value>
      </HeartRateBpm>
      <Extensions>
       <TPX xmlns="http://www.garmin.com/xmlschemas/ActivityExtension/v2">
        <Speed>2.4</Speed>
       </TPX>
      </Extensions>
     </Trackpoint>
     <Trackpoint>
      <Time>2026-08-13T11:03:29Z</Time>
      <Position>
       <LatitudeDegrees>5.2374900</LatitudeDegrees>
       <LongitudeDegrees>100.4371080</LongitudeDegrees>
      </Position>
      <AltitudeMeters>5.8</AltitudeMeters>
      <DistanceMeters>149.1</DistanceMeters>
      <HeartRateBpm>
       <Value>143</Value>
      </HeartRateBpm>
      <Extensions>
       <TPX xmlns="http://www.garmin.com/xmlschemas/ActivityExtension/v2">
        <Speed>2.4</Speed>
       </TPX>
      </Extensions>
     </Trackpoint>
     <Trackpoint>
      <Time>2026-08-13T11:03:30Z</Time>
      <Position>
       <LatitudeDegrees>5.2375000</LatitudeDegrees>
       <LongitudeDegrees>100.4371250</LongitudeDegrees>
      </Position>
      <AltitudeMeters>5.9</AltitudeMeters>
      <DistanceMeters>151.3</DistanceMeters>
      <HeartRateBpm>
       <Value>143</Value>
      </HeartRateBpm>
      <Extensions>
       <TPX xmlns="http://www.garmin.com/xmlschemas/ActivityExtension/v2">
        <Speed>2.4</Speed>
       </TPX>
      </Extensions>
     </Trackpoint>
     <Trackpoint>
      <Time>2026-08-13T11:03:31Z</Time>
      <Position>
       <LatitudeDegrees>5.2375090</LatitudeDegrees>
       <LongitudeDegrees>100.4371440</LongitudeDegrees>
      </Position>
      <AltitudeMeters>5.9</AltitudeMeters>
      <DistanceMeters>153.6</DistanceMeters>
      <HeartRateBpm>
       <Value>143</Value>
      </HeartRateBpm>
      <Extensions>
       <TPX xmlns="http://www.garmin.com/xmlschemas/ActivityExtension/v2">
        <Speed>2.3</Speed>
       </TPX>
      </Extensions>
     </Trackpoint>
     <Trackpoint>
      <Time>2026-08-13T11:03:32Z</Time>
      <Position>
       <LatitudeDegrees>5.2375210</LatitudeDegrees>
       <LongitudeDegrees>100.4371630</LongitudeDegrees>
      </Position>
      <AltitudeMeters>5.9</AltitudeMeters>
      <DistanceMeters>156.1</DistanceMeters>
      <HeartRateBpm>
       <Value>143</Value>
      </HeartRateBpm>
      <Extensions>
       <TPX xmlns="http://www.garmin.com/xmlschemas/ActivityExtension/v2">
        <Speed>2.3</Speed>
       </TPX>
      </Extensions>
     </Trackpoint>
     <Trackpoint>
      <Time>2026-08-13T11:03:33Z</Time>
      <Position>
       <LatitudeDegrees>5.2375310</LatitudeDegrees>
       <LongitudeDegrees>100.4371850</LongitudeDegrees>
      </Position>
      <AltitudeMeters>5.9</AltitudeMeters>
      <DistanceMeters>158.8</DistanceMeters>
      <HeartRateBpm>
       <Value>144</Value>
      </HeartRateBpm>
      <Extensions>
       <TPX xmlns="http://www.garmin.com/xmlschemas/ActivityExtension/v2">
        <Speed>2.4</Speed>
       </TPX>
      </Extensions>
     </Trackpoint>
     <Trackpoint>
      <Time>2026-08-13T11:03:34Z</Time>
      <Position>
       <LatitudeDegrees>5.2375360</LatitudeDegrees>
       <LongitudeDegrees>100.4372090</LongitudeDegrees>
      </Position>
      <AltitudeMeters>5.9</AltitudeMeters>
      <DistanceMeters>161.5</DistanceMeters>
      <HeartRateBpm>
       <Value>144</Value>
      </HeartRateBpm>
      <Extensions>
       <TPX xmlns="http://www.garmin.com/xmlschemas/ActivityExtension/v2">
        <Speed>2.5</Speed>
       </TPX>
      </Extensions>
     </Trackpoint>
     <Trackpoint>
      <Time>2026-08-13T11:03:35Z</Time>
      <Position>
       <LatitudeDegrees>5.2375380</LatitudeDegrees>
       <LongitudeDegrees>100.4372360</LongitudeDegrees>
      </Position>
      <AltitudeMeters>5.9</AltitudeMeters>
      <DistanceMeters>164.5</DistanceMeters>
      <HeartRateBpm>
       <Value>144</Value>
      </HeartRateBpm>
      <Extensions>
       <TPX xmlns="http://www.garmin.com/xmlschemas/ActivityExtension/v2">
        <Speed>2.6</Speed>
       </TPX>
      </Extensions>
     </Trackpoint>
     <Trackpoint>
      <Time>2026-08-13T11:03:36Z</Time>
      <Position>
       <LatitudeDegrees>5.2375380</LatitudeDegrees>
       <LongitudeDegrees>100.4372580</LongitudeDegrees>
      </Position>
      <AltitudeMeters>5.9</AltitudeMeters>
      <DistanceMeters>166.9</DistanceMeters>
      <HeartRateBpm>
       <Value>144</Value>
      </HeartRateBpm>
      <Extensions>
       <TPX xmlns="http://www.garmin.com/xmlschemas/ActivityExtension/v2">
        <Speed>2.7</Speed>
       </TPX>
      </Extensions>
     </Trackpoint>
     <Trackpoint>
      <Time>2026-08-13T11:03:37Z</Time>
      <Position>
       <LatitudeDegrees>5.2375400</LatitudeDegrees>
       <LongitudeDegrees>100.4372800</LongitudeDegrees>
      </Position>
      <AltitudeMeters>5.9</AltitudeMeters>
      <DistanceMeters>169.4</DistanceMeters>
      <HeartRateBpm>
       <Value>144</Value>
      </HeartRateBpm>
      <Extensions>
       <TPX xmlns="http://www.garmin.com/xmlschemas/ActivityExtension/v2">
        <Speed>2.7</Speed>
       </TPX>
      </Extensions>
     </Trackpoint>
     <Trackpoint>
      <Time>2026-08-13T11:03:38Z</Time>
      <Position>
       <LatitudeDegrees>5.2375430</LatitudeDegrees>
       <LongitudeDegrees>100.4373030</LongitudeDegrees>
      </Position>
      <AltitudeMeters>5.9</AltitudeMeters>
      <DistanceMeters>172.0</DistanceMeters>
      <HeartRateBpm>
       <Value>144</Value>
      </HeartRateBpm>
      <Extensions>
       <TPX xmlns="http://www.garmin.com/xmlschemas/ActivityExtension/v2">
        <Speed>2.6</Speed>
       </TPX>
      </Extensions>
     </Trackpoint>
     <Trackpoint>
      <Time>2026-08-13T11:03:39Z</Time>
      <Position>
       <LatitudeDegrees>5.2375500</LatitudeDegrees>
       <LongitudeDegrees>100.4373250</LongitudeDegrees>
      </Position>
      <AltitudeMeters>5.9</AltitudeMeters>
      <DistanceMeters>174.5</DistanceMeters>
      <HeartRateBpm>
       <Value>144</Value>
      </HeartRateBpm>
      <Extensions>
       <TPX xmlns="http://www.garmin.com/xmlschemas/ActivityExtension/v2">
        <Speed>2.6</Speed>
       </TPX>
      </Extensions>
     </Trackpoint>
     <Trackpoint>
      <Time>2026-08-13T11:03:40Z</Time>
      <Position>
       <LatitudeDegrees>5.2375590</LatitudeDegrees>
       <LongitudeDegrees>100.4373470</LongitudeDegrees>
      </Position>
      <AltitudeMeters>5.9</AltitudeMeters>
      <DistanceMeters>177.1</DistanceMeters>
      <HeartRateBpm>
       <Value>145</Value>
      </HeartRateBpm>
      <Extensions>
       <TPX xmlns="http://www.garmin.com/xmlschemas/ActivityExtension/v2">
        <Speed>2.5</Speed>
       </TPX>
      </Extensions>
     </Trackpoint>
     <Trackpoint>
      <Time>2026-08-13T11:03:41Z</Time>
      <Position>
       <LatitudeDegrees>5.2375650</LatitudeDegrees>
       <LongitudeDegrees>100.4373680</LongitudeDegrees>
      </Position>
      <AltitudeMeters>5.9</AltitudeMeters>
      <DistanceMeters>179.5</DistanceMeters>
      <HeartRateBpm>
       <Value>145</Value>
      </HeartRateBpm>
      <Extensions>
       <TPX xmlns="http://www.garmin.com/xmlschemas/ActivityExtension/v2">
        <Speed>2.5</Speed>
       </TPX>
      </Extensions>
     </Trackpoint>
     <Trackpoint>
      <Time>2026-08-13T11:03:42Z</Time>
      <Position>
       <LatitudeDegrees>5.2375690</LatitudeDegrees>
       <LongitudeDegrees>100.4373900</LongitudeDegrees>
      </Position>
      <AltitudeMeters>5.9</AltitudeMeters>
      <DistanceMeters>182.0</DistanceMeters>
      <HeartRateBpm>
       <Value>145</Value>
      </HeartRateBpm>
      <Extensions>
       <TPX xmlns="http://www.garmin.com/xmlschemas/ActivityExtension/v2">
        <Speed>2.5</Speed>
       </TPX>
      </Extensions>
     </Trackpoint>
     <Trackpoint>
      <Time>2026-08-13T11:03:43Z</Time>
      <Position>
       <LatitudeDegrees>5.2375750</LatitudeDegrees>
       <LongitudeDegrees>100.4374120</LongitudeDegrees>
      </Position>
      <AltitudeMeters>5.9</AltitudeMeters>
      <DistanceMeters>184.6</DistanceMeters>
      <HeartRateBpm>
       <Value>145</Value>
      </HeartRateBpm>
      <Extensions>
       <TPX xmlns="http://www.garmin.com/xmlschemas/ActivityExtension/v2">
        <Speed>2.5</Speed>
       </TPX>
      </Extensions>
     </Trackpoint>
     <Trackpoint>
      <Time>2026-08-13T11:03:44Z</Time>
      <Position>
       <LatitudeDegrees>5.2375810</LatitudeDegrees>
       <LongitudeDegrees>100.4374360</LongitudeDegrees>
      </Position>
      <AltitudeMeters>5.9</AltitudeMeters>
      <DistanceMeters>187.3</DistanceMeters>
      <HeartRateBpm>
       <Value>146</Value>
      </HeartRateBpm>
      <Extensions>
       <TPX xmlns="http://www.garmin.com/xmlschemas/ActivityExtension/v2">
        <Speed>2.6</Speed>
       </TPX>
      </Extensions>
     </Trackpoint>
     <Trackpoint>
      <Time>2026-08-13T11:03:45Z</Time>
      <Position>
       <LatitudeDegrees>5.2375850</LatitudeDegrees>
       <LongitudeDegrees>100.4374580</LongitudeDegrees>
      </Position>
      <AltitudeMeters>5.9</AltitudeMeters>
      <DistanceMeters>189.8</DistanceMeters>
      <HeartRateBpm>
       <Value>145</Value>
      </HeartRateBpm>
      <Extensions>
       <TPX xmlns="http://www.garmin.com/xmlschemas/ActivityExtension/v2">
        <Speed>2.5</Speed>
       </TPX>
      </Extensions>
     </Trackpoint>
     <Trackpoint>
      <Time>2026-08-13T11:03:46Z</Time>
      <Position>
       <LatitudeDegrees>5.2375920</LatitudeDegrees>
       <LongitudeDegrees>100.4374810</LongitudeDegrees>
      </Position>
      <AltitudeMeters>5.9</AltitudeMeters>
      <DistanceMeters>192.4</DistanceMeters>
      <HeartRateBpm>
       <Value>146</Value>
      </HeartRateBpm>
      <Extensions>
       <TPX xmlns="http://www.garmin.com/xmlschemas/ActivityExtension/v2">
        <Speed>2.6</Speed>
       </TPX>
      </Extensions>
     </Trackpoint>
     <Trackpoint>
      <Time>2026-08-13T11:03:47Z</Time>
      <Position>
       <LatitudeDegrees>5.2376020</LatitudeDegrees>
       <LongitudeDegrees>100.4375030</LongitudeDegrees>
      </Position>
      <AltitudeMeters>5.9</AltitudeMeters>
      <DistanceMeters>195.1</DistanceMeters>
      <HeartRateBpm>
       <Value>146</Value>
      </HeartRateBpm>
      <Extensions>
       <TPX xmlns="http://www.garmin.com/xmlschemas/ActivityExtension/v2">
        <Speed>2.6</Speed>
       </TPX>
      </Extensions>
     </Trackpoint>
     <Trackpoint>
      <Time>2026-08-13T11:03:48Z</Time>
      <Position>
       <LatitudeDegrees>5.2376110</LatitudeDegrees>
       <LongitudeDegrees>100.4375260</LongitudeDegrees>
      </Position>
      <AltitudeMeters>5.9</AltitudeMeters>
      <DistanceMeters>197.8</DistanceMeters>
      <HeartRateBpm>
       <Value>147</Value>
      </HeartRateBpm>
      <Extensions>
       <TPX xmlns="http://www.garmin.com/xmlschemas/ActivityExtension/v2">
        <Speed>2.6</Speed>
       </TPX>
      </Extensions>
     </Trackpoint>
     <Trackpoint>
      <Time>2026-08-13T11:03:49Z</Time>
      <Position>
       <LatitudeDegrees>5.2376220</LatitudeDegrees>
       <LongitudeDegrees>100.4375490</LongitudeDegrees>
      </Position>
      <AltitudeMeters>5.9</AltitudeMeters>
      <DistanceMeters>200.6</DistanceMeters>
      <HeartRateBpm>
       <Value>147</Value>
      </HeartRateBpm>
      <Extensions>
       <TPX xmlns="http://www.garmin.com/xmlschemas/ActivityExtension/v2">
        <Speed>2.7</Speed>
       </TPX>
      </Extensions>
     </Trackpoint>
     <Trackpoint>
      <Time>2026-08-13T11:03:50Z</Time>
      <Position>
       <LatitudeDegrees>5.2376320</LatitudeDegrees>
       <LongitudeDegrees>100.4375690</LongitudeDegrees>
      </Position>
      <AltitudeMeters>5.9</AltitudeMeters>
      <DistanceMeters>203.1</DistanceMeters>
      <HeartRateBpm>
       <Value>147</Value>
      </HeartRateBpm>
      <Extensions>
       <TPX xmlns="http://www.garmin.com/xmlschemas/ActivityExtension/v2">
        <Speed>2.7</Speed>
       </TPX>
      </Extensions>
     </Trackpoint>
     <Trackpoint>
      <Time>2026-08-13T11:03:51Z</Time>
      <Position>
       <LatitudeDegrees>5.2376400</LatitudeDegrees>
       <LongitudeDegrees>100.4375900</LongitudeDegrees>
      </Position>
      <AltitudeMeters>5.9</AltitudeMeters>
      <DistanceMeters>205.6</DistanceMeters>
      <HeartRateBpm>
       <Value>147</Value>
      </HeartRateBpm>
      <Extensions>
       <TPX xmlns="http://www.garmin.com/xmlschemas/ActivityExtension/v2">
        <Speed>2.6</Speed>
       </TPX>
      </Extensions>
     </Trackpoint>
     <Trackpoint>
      <Time>2026-08-13T11:03:52Z</Time>
      <Position>
       <LatitudeDegrees>5.2376450</LatitudeDegrees>
       <LongitudeDegrees>100.4376110</LongitudeDegrees>
      </Position>
      <AltitudeMeters>5.9</AltitudeMeters>
      <DistanceMeters>208.0</DistanceMeters>
      <HeartRateBpm>
       <Value>146</Value>
      </HeartRateBpm>
      <Extensions>
       <TPX xmlns="http://www.garmin.com/xmlschemas/ActivityExtension/v2">
        <Speed>2.6</Speed>
       </TPX>
      </Extensions>
     </Trackpoint>
     <Trackpoint>
      <Time>2026-08-13T11:03:53Z</Time>
      <Position>
       <LatitudeDegrees>5.2376480</LatitudeDegrees>
       <LongitudeDegrees>100.4376330</LongitudeDegrees>
      </Position>
      <AltitudeMeters>5.9</AltitudeMeters>
      <DistanceMeters>210.4</DistanceMeters>
      <HeartRateBpm>
       <Value>146</Value>
      </HeartRateBpm>
      <Extensions>
       <TPX xmlns="http://www.garmin.com/xmlschemas/ActivityExtension/v2">
        <Speed>2.5</Speed>
       </TPX>
      </Extensions>
     </Trackpoint>
     <Trackpoint>
      <Time>2026-08-13T11:03:54Z</Time>
      <Position>
       <LatitudeDegrees>5.2376530</LatitudeDegrees>
       <LongitudeDegrees>100.4376550</LongitudeDegrees>
      </Position>
      <AltitudeMeters>5.9</AltitudeMeters>
      <DistanceMeters>212.9</DistanceMeters>
      <HeartRateBpm>
       <Value>146</Value>
      </HeartRateBpm>
      <Extensions>
       <TPX xmlns="http://www.garmin.com/xmlschemas/ActivityExtension/v2">
        <Speed>2.5</Speed>
       </TPX>
      </Extensions>
     </Trackpoint>
     <Trackpoint>
      <Time>2026-08-13T11:03:55Z</Time>
      <Position>
       <LatitudeDegrees>5.2376580</LatitudeDegrees>
       <LongitudeDegrees>100.4376770</LongitudeDegrees>
      </Position>
      <AltitudeMeters>5.9</AltitudeMeters>
      <DistanceMeters>215.4</DistanceMeters>
      <HeartRateBpm>
       <Value>146</Value>
      </HeartRateBpm>
      <Extensions>
       <TPX xmlns="http://www.garmin.com/xmlschemas/ActivityExtension/v2">
        <Speed>2.5</Speed>
       </TPX>
      </Extensions>
     </Trackpoint>
     <Trackpoint>
      <Time>2026-08-13T11:03:56Z</Time>
      <Position>
       <LatitudeDegrees>5.2376630</LatitudeDegrees>
       <LongitudeDegrees>100.4376980</LongitudeDegrees>
      </Position>
      <AltitudeMeters>5.9</AltitudeMeters>
      <DistanceMeters>217.9</DistanceMeters>
      <HeartRateBpm>
       <Value>146</Value>
      </HeartRateBpm>
      <Extensions>
       <TPX xmlns="http://www.garmin.com/xmlschemas/ActivityExtension/v2">
        <Speed>2.4</Speed>
       </TPX>
      </Extensions>
     </Trackpoint>
     <Trackpoint>
      <Time>2026-08-13T11:03:57Z</Time>
      <Position>
       <LatitudeDegrees>5.2376680</LatitudeDegrees>
       <LongitudeDegrees>100.4377190</LongitudeDegrees>
      </Position>
      <AltitudeMeters>5.9</AltitudeMeters>
      <DistanceMeters>220.3</DistanceMeters>
      <HeartRateBpm>
       <Value>147</Value>
      </HeartRateBpm>
      <Extensions>
       <TPX xmlns="http://www.garmin.com/xmlschemas/ActivityExtension/v2">
        <Speed>2.5</Speed>
       </TPX>
      </Extensions>
     </Trackpoint>
     <Trackpoint>
      <Time>2026-08-13T11:03:58Z</Time>
      <Position>
       <LatitudeDegrees>5.2376750</LatitudeDegrees>
       <LongitudeDegrees>100.4377410</LongitudeDegrees>
      </Position>
      <AltitudeMeters>5.9</AltitudeMeters>
      <DistanceMeters>222.8</DistanceMeters>
      <HeartRateBpm>
       <Value>147</Value>
      </HeartRateBpm>
      <Extensions>
       <TPX xmlns="http://www.garmin.com/xmlschemas/ActivityExtension/v2">
        <Speed>2.5</Speed>
       </TPX>
      </Extensions>
     </Trackpoint>
     <Trackpoint>
      <Time>2026-08-13T11:03:59Z</Time>
      <Position>
       <LatitudeDegrees>5.2376800</LatitudeDegrees>
       <LongitudeDegrees>100.4377650</LongitudeDegrees>
      </Position>
      <AltitudeMeters>5.9</AltitudeMeters>
      <DistanceMeters>225.5</DistanceMeters>
      <HeartRateBpm>
       <Value>147</Value>
      </HeartRateBpm>
      <Extensions>
       <TPX xmlns="http://www.garmin.com/xmlschemas/ActivityExtension/v2">
        <Speed>2.5</Speed>
       </TPX>
      </Extensions>
     </Trackpoint>
     <Trackpoint>
      <Time>2026-08-13T11:04:00Z</Time>
      <Position>
       <LatitudeDegrees>5.2376860</LatitudeDegrees>
       <LongitudeDegrees>100.4377890</LongitudeDegrees>
      </Position>
      <AltitudeMeters>5.9</AltitudeMeters>
      <DistanceMeters>228.3</DistanceMeters>
      <HeartRateBpm>
       <Value>147</Value>
      </HeartRateBpm>
      <Extensions>
       <TPX xmlns="http://www.garmin.com/xmlschemas/ActivityExtension/v2">
        <Speed>2.6</Speed>
       </TPX>
      </Extensions>
     </Trackpoint>
     <Trackpoint>
      <Time>2026-08-13T11:04:01Z</Time>
      <Position>
       <LatitudeDegrees>5.2376920</LatitudeDegrees>
       <LongitudeDegrees>100.4378120</LongitudeDegrees>
      </Position>
      <AltitudeMeters>5.9</AltitudeMeters>
      <DistanceMeters>230.9</DistanceMeters>
      <HeartRateBpm>
       <Value>147</Value>
      </HeartRateBpm>
      <Extensions>
       <TPX xmlns="http://www.garmin.com/xmlschemas/ActivityExtension/v2">
        <Speed>2.6</Speed>
       </TPX>
      </Extensions>
     </Trackpoint>
     <Trackpoint>
      <Time>2026-08-13T11:04:02Z</Time>
      <Position>
       <LatitudeDegrees>5.2376960</LatitudeDegrees>
       <LongitudeDegrees>100.4378340</LongitudeDegrees>
      </Position>
      <AltitudeMeters>5.9</AltitudeMeters>
      <DistanceMeters>233.3</DistanceMeters>
      <HeartRateBpm>
       <Value>147</Value>
      </HeartRateBpm>
      <Extensions>
       <TPX xmlns="http://www.garmin.com/xmlschemas/ActivityExtension/v2">
        <Speed>2.6</Speed>
       </TPX>
      </Extensions>
     </Trackpoint>
     <Trackpoint>
      <Time>2026-08-13T11:04:03Z</Time>
      <Position>
       <LatitudeDegrees>5.2377000</LatitudeDegrees>
       <LongitudeDegrees>100.4378590</LongitudeDegrees>
      </Position>
      <AltitudeMeters>5.9</AltitudeMeters>
      <DistanceMeters>236.1</DistanceMeters>
      <HeartRateBpm>
       <Value>147</Value>
      </HeartRateBpm>
      <Extensions>
       <TPX xmlns="http://www.garmin.com/xmlschemas/ActivityExtension/v2">
        <Speed>2.7</Speed>
       </TPX>
      </Extensions>
     </Trackpoint>
     <Trackpoint>
      <Time>2026-08-13T11:04:04Z</Time>
      <Position>
       <LatitudeDegrees>5.2377040</LatitudeDegrees>
       <LongitudeDegrees>100.4378820</LongitudeDegrees>
      </Position>
      <AltitudeMeters>5.9</AltitudeMeters>
      <DistanceMeters>238.7</DistanceMeters>
      <HeartRateBpm>
       <Value>147</Value>
      </HeartRateBpm>
      <Extensions>
       <TPX xmlns="http://www.garmin.com/xmlschemas/ActivityExtension/v2">
        <Speed>2.6</Speed>
       </TPX>
      </Extensions>
     </Trackpoint>
     <Trackpoint>
      <Time>2026-08-13T11:04:05Z</Time>
      <Position>
       <LatitudeDegrees>5.2377100</LatitudeDegrees>
       <LongitudeDegrees>100.4379040</LongitudeDegrees>
      </Position>
      <AltitudeMeters>5.9</AltitudeMeters>
      <DistanceMeters>241.3</DistanceMeters>
      <HeartRateBpm>
       <Value>147</Value>
      </HeartRateBpm>
      <Extensions>
       <TPX xmlns="http://www.garmin.com/xmlschemas/ActivityExtension/v2">
        <Speed>2.6</Speed>
       </TPX>
      </Extensions>
     </Trackpoint>
     <Trackpoint>
      <Time>2026-08-13T11:04:06Z</Time>
      <Position>
       <LatitudeDegrees>5.2377160</LatitudeDegrees>
       <LongitudeDegrees>100.4379250</LongitudeDegrees>
      </Position>
      <AltitudeMeters>5.9</AltitudeMeters>
      <DistanceMeters>243.7</DistanceMeters>
      <HeartRateBpm>
       <Value>147</Value>
      </HeartRateBpm>
      <Extensions>
       <TPX xmlns="http://www.garmin.com/xmlschemas/ActivityExtension/v2">
        <Speed>2.6</Speed>
       </TPX>
      </Extensions>
     </Trackpoint>
     <Trackpoint>
      <Time>2026-08-13T11:04:07Z</Time>
      <Position>
       <LatitudeDegrees>5.2377210</LatitudeDegrees>
       <LongitudeDegrees>100.4379470</LongitudeDegrees>
      </Position>
      <AltitudeMeters>5.9</AltitudeMeters>
      <DistanceMeters>246.1</DistanceMeters>
      <HeartRateBpm>
       <Value>147</Value>
      </HeartRateBpm>
      <Extensions>
       <TPX xmlns="http://www.garmin.com/xmlschemas/ActivityExtension/v2">
        <Speed>2.6</Speed>
       </TPX>
      </Extensions>
     </Trackpoint>
     <Trackpoint>
      <Time>2026-08-13T11:04:08Z</Time>
      <Position>
       <LatitudeDegrees>5.2377260</LatitudeDegrees>
       <LongitudeDegrees>100.4379690</LongitudeDegrees>
      </Position>
      <AltitudeMeters>5.9</AltitudeMeters>
      <DistanceMeters>248.7</DistanceMeters>
      <HeartRateBpm>
       <Value>147</Value>
      </HeartRateBpm>
      <Extensions>
       <TPX xmlns="http://www.garmin.com/xmlschemas/ActivityExtension/v2">
        <Speed>2.5</Speed>
       </TPX>
      </Extensions>
     </Trackpoint>
     <Trackpoint>
      <Time>2026-08-13T11:04:09Z</Time>
      <Position>
       <LatitudeDegrees>5.2377300</LatitudeDegrees>
       <LongitudeDegrees>100.4379910</LongitudeDegrees>
      </Position>
      <AltitudeMeters>5.9</AltitudeMeters>
      <DistanceMeters>251.2</DistanceMeters>
      <HeartRateBpm>
       <Value>147</Value>
      </HeartRateBpm>
      <Extensions>
       <TPX xmlns="http://www.garmin.com/xmlschemas/ActivityExtension/v2">
        <Speed>2.5</Speed>
       </TPX>
      </Extensions>
     </Trackpoint>
     <Trackpoint>
      <Time>2026-08-13T11:04:10Z</Time>
      <Position>
       <LatitudeDegrees>5.2377330</LatitudeDegrees>
       <LongitudeDegrees>100.4380130</LongitudeDegrees>
      </Position>
      <AltitudeMeters>5.9</AltitudeMeters>
      <DistanceMeters>253.6</DistanceMeters>
      <HeartRateBpm>
       <Value>147</Value>
      </HeartRateBpm>
      <Extensions>
       <TPX xmlns="http://www.garmin.com/xmlschemas/ActivityExtension/v2">
        <Speed>2.5</Speed>
       </TPX>
      </Extensions>
     </Trackpoint>
     <Trackpoint>
      <Time>2026-08-13T11:04:11Z</Time>
      <Position>
       <LatitudeDegrees>5.2377380</LatitudeDegrees>
       <LongitudeDegrees>100.4380380</LongitudeDegrees>
      </Position>
      <AltitudeMeters>5.9</AltitudeMeters>
      <DistanceMeters>256.4</DistanceMeters>
      <HeartRateBpm>
       <Value>147</Value>
      </HeartRateBpm>
      <Extensions>
       <TPX xmlns="http://www.garmin.com/xmlschemas/ActivityExtension/v2">
        <Speed>2.5</Speed>
       </TPX>
      </Extensions>
     </Trackpoint>
     <Trackpoint>
      <Time>2026-08-13T11:04:12Z</Time>
      <Position>
       <LatitudeDegrees>5.2377430</LatitudeDegrees>
       <LongitudeDegrees>100.4380620</LongitudeDegrees>
      </Position>
      <AltitudeMeters>5.9</AltitudeMeters>
      <DistanceMeters>259.1</DistanceMeters>
      <HeartRateBpm>
       <Value>148</Value>
      </HeartRateBpm>
      <Extensions>
       <TPX xmlns="http://www.garmin.com/xmlschemas/ActivityExtension/v2">
        <Speed>2.6</Speed>
       </TPX>
      </Extensions>
     </Trackpoint>
     <Trackpoint>
      <Time>2026-08-13T11:04:13Z</Time>
      <Position>
       <LatitudeDegrees>5.2377520</LatitudeDegrees>
       <LongitudeDegrees>100.4380850</LongitudeDegrees>
      </Position>
      <AltitudeMeters>5.9</AltitudeMeters>
      <DistanceMeters>261.8</DistanceMeters>
      <HeartRateBpm>
       <Value>148</Value>
      </HeartRateBpm>
      <Extensions>
       <TPX xmlns="http://www.garmin.com/xmlschemas/ActivityExtension/v2">
        <Speed>2.6</Speed>
       </TPX>
      </Extensions>
     </Trackpoint>
     <Trackpoint>
      <Time>2026-08-13T11:04:14Z</Time>
      <Position>
       <LatitudeDegrees>5.2377600</LatitudeDegrees>
       <LongitudeDegrees>100.4381090</LongitudeDegrees>
      </Position>
      <AltitudeMeters>5.9</AltitudeMeters>
      <DistanceMeters>264.6</DistanceMeters>
      <HeartRateBpm>
       <Value>148</Value>
      </HeartRateBpm>
      <Extensions>
       <TPX xmlns="http://www.garmin.com/xmlschemas/ActivityExtension/v2">
        <Speed>2.7</Speed>
       </TPX>
      </Extensions>
     </Trackpoint>
     <Trackpoint>
      <Time>2026-08-13T11:04:15Z</Time>
      <Position>
       <LatitudeDegrees>5.2377680</LatitudeDegrees>
       <LongitudeDegrees>100.4381320</LongitudeDegrees>
      </Position>
      <AltitudeMeters>5.9</AltitudeMeters>
      <DistanceMeters>267.3</DistanceMeters>
      <HeartRateBpm>
       <Value>148</Value>
      </HeartRateBpm>
      <Extensions>
       <TPX xmlns="http://www.garmin.com/xmlschemas/ActivityExtension/v2">
        <Speed>2.7</Speed>
       </TPX>
      </Extensions>
     </Trackpoint>
     <Trackpoint>
      <Time>2026-08-13T11:04:16Z</Time>
      <Position>
       <LatitudeDegrees>5.2377740</LatitudeDegrees>
       <LongitudeDegrees>100.4381580</LongitudeDegrees>
      </Position>
      <AltitudeMeters>5.9</AltitudeMeters>
      <DistanceMeters>270.3</DistanceMeters>
      <HeartRateBpm>
       <Value>147</Value>
      </HeartRateBpm>
      <Extensions>
       <TPX xmlns="http://www.garmin.com/xmlschemas/ActivityExtension/v2">
        <Speed>2.8</Speed>
       </TPX>
      </Extensions>
     </Trackpoint>
     <Trackpoint>
      <Time>2026-08-13T11:04:17Z</Time>
      <Position>
       <LatitudeDegrees>5.2377780</LatitudeDegrees>
       <LongitudeDegrees>100.4381850</LongitudeDegrees>
      </Position>
      <AltitudeMeters>5.9</AltitudeMeters>
      <DistanceMeters>273.3</DistanceMeters>
      <HeartRateBpm>
       <Value>148</Value>
      </HeartRateBpm>
      <Extensions>
       <TPX xmlns="http://www.garmin.com/xmlschemas/ActivityExtension/v2">
        <Speed>2.8</Speed>
       </TPX>
      </Extensions>
     </Trackpoint>
     <Trackpoint>
      <Time>2026-08-13T11:04:18Z</Time>
      <Position>
       <LatitudeDegrees>5.2377830</LatitudeDegrees>
       <LongitudeDegrees>100.4382090</LongitudeDegrees>
      </Position>
      <AltitudeMeters>5.9</AltitudeMeters>
      <DistanceMeters>276.0</DistanceMeters>
      <HeartRateBpm>
       <Value>148</Value>
      </HeartRateBpm>
      <Extensions>
       <TPX xmlns="http://www.garmin.com/xmlschemas/ActivityExtension/v2">
        <Speed>2.8</Speed>
       </TPX>
      </Extensions>
     </Trackpoint>
     <Trackpoint>
      <Time>2026-08-13T11:04:19Z</Time>
      <Position>
       <LatitudeDegrees>5.2377860</LatitudeDegrees>
       <LongitudeDegrees>100.4382370</LongitudeDegrees>
      </Position>
      <AltitudeMeters>5.9</AltitudeMeters>
      <DistanceMeters>279.2</DistanceMeters>
      <HeartRateBpm>
       <Value>148</Value>
      </HeartRateBpm>
      <Extensions>
       <TPX xmlns="http://www.garmin.com/xmlschemas/ActivityExtension/v2">
        <Speed>2.9</Speed>
       </TPX>
      </Extensions>
     </Trackpoint>
     <Trackpoint>
      <Time>2026-08-13T11:04:20Z</Time>
      <Position>
       <LatitudeDegrees>5.2377900</LatitudeDegrees>
       <LongitudeDegrees>100.4382650</LongitudeDegrees>
      </Position>
      <AltitudeMeters>5.9</AltitudeMeters>
      <DistanceMeters>282.2</DistanceMeters>
      <HeartRateBpm>
       <Value>148</Value>
      </HeartRateBpm>
      <Extensions>
       <TPX xmlns="http://www.garmin.com/xmlschemas/ActivityExtension/v2">
        <Speed>3.0</Speed>
       </TPX>
      </Extensions>
     </Trackpoint>
     <Trackpoint>
      <Time>2026-08-13T11:04:21Z</Time>
      <Position>
       <LatitudeDegrees>5.2377930</LatitudeDegrees>
       <LongitudeDegrees>100.4382890</LongitudeDegrees>
      </Position>
      <AltitudeMeters>5.9</AltitudeMeters>
      <DistanceMeters>284.9</DistanceMeters>
      <HeartRateBpm>
       <Value>149</Value>
      </HeartRateBpm>
      <Extensions>
       <TPX xmlns="http://www.garmin.com/xmlschemas/ActivityExtension/v2">
        <Speed>2.9</Speed>
       </TPX>
      </Extensions>
     </Trackpoint>
     <Trackpoint>
      <Time>2026-08-13T11:04:22Z</Time>
      <Position>
       <LatitudeDegrees>5.2377970</LatitudeDegrees>
       <LongitudeDegrees>100.4383130</LongitudeDegrees>
      </Position>
      <AltitudeMeters>5.9</AltitudeMeters>
      <DistanceMeters>287.6</DistanceMeters>
      <HeartRateBpm>
       <Value>149</Value>
      </HeartRateBpm>
      <Extensions>
       <TPX xmlns="http://www.garmin.com/xmlschemas/ActivityExtension/v2">
        <Speed>2.9</Speed>
       </TPX>
      </Extensions>
     </Trackpoint>
     <Trackpoint>
      <Time>2026-08-13T11:04:23Z</Time>
      <Position>
       <LatitudeDegrees>5.2378000</LatitudeDegrees>
       <LongitudeDegrees>100.4383350</LongitudeDegrees>
      </Position>
      <AltitudeMeters>5.9</AltitudeMeters>
      <DistanceMeters>290.1</DistanceMeters>
      <HeartRateBpm>
       <Value>149</Value>
      </HeartRateBpm>
      <Extensions>
       <TPX xmlns="http://www.garmin.com/xmlschemas/ActivityExtension/v2">
        <Speed>2.8</Speed>
       </TPX>
      </Extensions>
     </Trackpoint>
     <Trackpoint>
      <Time>2026-08-13T11:04:24Z</Time>
      <Position>
       <LatitudeDegrees>5.2378030</LatitudeDegrees>
       <LongitudeDegrees>100.4383590</LongitudeDegrees>
      </Position>
      <AltitudeMeters>5.9</AltitudeMeters>
      <DistanceMeters>292.8</DistanceMeters>
      <HeartRateBpm>
       <Value>149</Value>
      </HeartRateBpm>
      <Extensions>
       <TPX xmlns="http://www.garmin.com/xmlschemas/ActivityExtension/v2">
        <Speed>2.7</Speed>
       </TPX>
      </Extensions>
     </Trackpoint>
     <Trackpoint>
      <Time>2026-08-13T11:04:25Z</Time>
      <Position>
       <LatitudeDegrees>5.2378040</LatitudeDegrees>
       <LongitudeDegrees>100.4383820</LongitudeDegrees>
      </Position>
      <AltitudeMeters>5.9</AltitudeMeters>
      <DistanceMeters>295.4</DistanceMeters>
      <HeartRateBpm>
       <Value>149</Value>
      </HeartRateBpm>
      <Extensions>
       <TPX xmlns="http://www.garmin.com/xmlschemas/ActivityExtension/v2">
        <Speed>2.6</Speed>
       </TPX>
      </Extensions>
     </Trackpoint>
     <Trackpoint>
      <Time>2026-08-13T11:04:26Z</Time>
      <Position>
       <LatitudeDegrees>5.2378040</LatitudeDegrees>
       <LongitudeDegrees>100.4384050</LongitudeDegrees>
      </Position>
      <AltitudeMeters>5.9</AltitudeMeters>
      <DistanceMeters>297.9</DistanceMeters>
      <HeartRateBpm>
       <Value>149</Value>
      </HeartRateBpm>
      <Extensions>
       <TPX xmlns="http://www.garmin.com/xmlschemas/ActivityExtension/v2">
        <Speed>2.6</Speed>
       </TPX>
      </Extensions>
     </Trackpoint>
     <Trackpoint>
      <Time>2026-08-13T11:04:27Z</Time>
      <Position>
       <LatitudeDegrees>5.2378060</LatitudeDegrees>
       <LongitudeDegrees>100.4384250</LongitudeDegrees>
      </Position>
      <AltitudeMeters>5.9</AltitudeMeters>
      <DistanceMeters>300.1</DistanceMeters>
      <HeartRateBpm>
       <Value>150</Value>
      </HeartRateBpm>
      <Extensions>
       <TPX xmlns="http://www.garmin.com/xmlschemas/ActivityExtension/v2">
        <Speed>2.5</Speed>
       </TPX>
      </Extensions>
     </Trackpoint>
     <Trackpoint>
      <Time>2026-08-13T11:04:28Z</Time>
      <Position>
       <LatitudeDegrees>5.2378090</LatitudeDegrees>
       <LongitudeDegrees>100.4384480</LongitudeDegrees>
      </Position>
      <AltitudeMeters>5.9</AltitudeMeters>
      <DistanceMeters>302.6</DistanceMeters>
      <HeartRateBpm>
       <Value>149</Value>
      </HeartRateBpm>
      <Extensions>
       <TPX xmlns="http://www.garmin.com/xmlschemas/ActivityExtension/v2">
        <Speed>2.5</Speed>
       </TPX>
      </Extensions>
     </Trackpoint>
     <Trackpoint>
      <Time>2026-08-13T11:04:29Z</Time>
      <Position>
       <LatitudeDegrees>5.2378100</LatitudeDegrees>
       <LongitudeDegrees>100.4384700</LongitudeDegrees>
      </Position>
      <AltitudeMeters>5.9</AltitudeMeters>
      <DistanceMeters>305.1</DistanceMeters>
      <HeartRateBpm>
       <Value>149</Value>
      </HeartRateBpm>
      <Extensions>
       <TPX xmlns="http://www.garmin.com/xmlschemas/ActivityExtension/v2">
        <Speed>2.5</Speed>
       </TPX>
      </Extensions>
     </Trackpoint>
     <Trackpoint>
      <Time>2026-08-13T11:04:30Z</Time>
      <Position>
       <LatitudeDegrees>5.2378110</LatitudeDegrees>
       <LongitudeDegrees>100.4384910</LongitudeDegrees>
      </Position>
      <AltitudeMeters>5.9</AltitudeMeters>
      <DistanceMeters>307.4</DistanceMeters>
      <HeartRateBpm>
       <Value>149</Value>
      </HeartRateBpm>
      <Extensions>
       <TPX xmlns="http://www.garmin.com/xmlschemas/ActivityExtension/v2">
        <Speed>2.4</Speed>
       </TPX>
      </Extensions>
     </Trackpoint>
     <Trackpoint>
      <Time>2026-08-13T11:04:31Z</Time>
      <Position>
       <LatitudeDegrees>5.2378090</LatitudeDegrees>
       <LongitudeDegrees>100.4385140</LongitudeDegrees>
      </Position>
      <AltitudeMeters>5.9</AltitudeMeters>
      <DistanceMeters>310.0</DistanceMeters>
      <HeartRateBpm>
       <Value>150</Value>
      </HeartRateBpm>
      <Extensions>
       <TPX xmlns="http://www.garmin.com/xmlschemas/ActivityExtension/v2">
        <Speed>2.4</Speed>
       </TPX>
      </Extensions>
     </Trackpoint>
     <Trackpoint>
      <Time>2026-08-13T11:04:32Z</Time>
      <Position>
       <LatitudeDegrees>5.2378080</LatitudeDegrees>
       <LongitudeDegrees>100.4385350</LongitudeDegrees>
      </Position>
      <AltitudeMeters>5.9</AltitudeMeters>
      <DistanceMeters>312.3</DistanceMeters>
      <HeartRateBpm>
       <Value>150</Value>
      </HeartRateBpm>
      <Extensions>
       <TPX xmlns="http://www.garmin.com/xmlschemas/ActivityExtension/v2">
        <Speed>2.4</Speed>
       </TPX>
      </Extensions>
     </Trackpoint>
     <Trackpoint>
      <Time>2026-08-13T11:04:33Z</Time>
      <Position>
       <LatitudeDegrees>5.2378080</LatitudeDegrees>
       <LongitudeDegrees>100.4385610</LongitudeDegrees>
      </Position>
      <AltitudeMeters>5.9</AltitudeMeters>
      <DistanceMeters>315.2</DistanceMeters>
      <HeartRateBpm>
       <Value>150</Value>
      </HeartRateBpm>
      <Extensions>
       <TPX xmlns="http://www.garmin.com/xmlschemas/ActivityExtension/v2">
        <Speed>2.5</Speed>
       </TPX>
      </Extensions>
     </Trackpoint>
     <Trackpoint>
      <Time>2026-08-13T11:04:34Z</Time>
      <Position>
       <LatitudeDegrees>5.2378090</LatitudeDegrees>
       <LongitudeDegrees>100.4385840</LongitudeDegrees>
      </Position>
      <AltitudeMeters>5.9</AltitudeMeters>
      <DistanceMeters>317.7</DistanceMeters>
      <HeartRateBpm>
       <Value>150</Value>
      </HeartRateBpm>
      <Extensions>
       <TPX xmlns="http://www.garmin.com/xmlschemas/ActivityExtension/v2">
        <Speed>2.5</Speed>
       </TPX>
      </Extensions>
     </Trackpoint>
     <Trackpoint>
      <Time>2026-08-13T11:04:35Z</Time>
      <Position>
       <LatitudeDegrees>5.2378100</LatitudeDegrees>
       <LongitudeDegrees>100.4386080</LongitudeDegrees>
      </Position>
      <AltitudeMeters>5.9</AltitudeMeters>
      <DistanceMeters>320.4</DistanceMeters>
      <HeartRateBpm>
       <Value>150</Value>
      </HeartRateBpm>
      <Extensions>
       <TPX xmlns="http://www.garmin.com/xmlschemas/ActivityExtension/v2">
        <Speed>2.6</Speed>
       </TPX>
      </Extensions>
     </Trackpoint>
     <Trackpoint>
      <Time>2026-08-13T11:04:36Z</Time>
      <Position>
       <LatitudeDegrees>5.2378120</LatitudeDegrees>
       <LongitudeDegrees>100.4386320</LongitudeDegrees>
      </Position>
      <AltitudeMeters>5.9</AltitudeMeters>
      <DistanceMeters>323.1</DistanceMeters>
      <HeartRateBpm>
       <Value>150</Value>
      </HeartRateBpm>
      <Extensions>
       <TPX xmlns="http://www.garmin.com/xmlschemas/ActivityExtension/v2">
        <Speed>2.6</Speed>
       </TPX>
      </Extensions>
     </Trackpoint>
     <Trackpoint>
      <Time>2026-08-13T11:04:37Z</Time>
      <Position>
       <LatitudeDegrees>5.2378130</LatitudeDegrees>
       <LongitudeDegrees>100.4386570</LongitudeDegrees>
      </Position>
      <AltitudeMeters>5.9</AltitudeMeters>
      <DistanceMeters>325.9</DistanceMeters>
      <HeartRateBpm>
       <Value>151</Value>
      </HeartRateBpm>
      <Extensions>
       <TPX xmlns="http://www.garmin.com/xmlschemas/ActivityExtension/v2">
        <Speed>2.7</Speed>
       </TPX>
      </Extensions>
     </Trackpoint>
     <Trackpoint>
      <Time>2026-08-13T11:04:38Z</Time>
      <Position>
       <LatitudeDegrees>5.2378120</LatitudeDegrees>
       <LongitudeDegrees>100.4386820</LongitudeDegrees>
      </Position>
      <AltitudeMeters>5.9</AltitudeMeters>
      <DistanceMeters>328.6</DistanceMeters>
      <HeartRateBpm>
       <Value>150</Value>
      </HeartRateBpm>
      <Extensions>
       <TPX xmlns="http://www.garmin.com/xmlschemas/ActivityExtension/v2">
        <Speed>2.7</Speed>
       </TPX>
      </Extensions>
     </Trackpoint>
     <Trackpoint>
      <Time>2026-08-13T11:04:39Z</Time>
      <Position>
       <LatitudeDegrees>5.2378110</LatitudeDegrees>
       <LongitudeDegrees>100.4387060</LongitudeDegrees>
      </Position>
      <AltitudeMeters>5.9</AltitudeMeters>
      <DistanceMeters>331.2</DistanceMeters>
      <HeartRateBpm>
       <Value>150</Value>
      </HeartRateBpm>
      <Extensions>
       <TPX xmlns="http://www.garmin.com/xmlschemas/ActivityExtension/v2">
        <Speed>2.7</Speed>
       </TPX>
      </Extensions>
     </Trackpoint>
     <Trackpoint>
      <Time>2026-08-13T11:04:40Z</Time>
      <Position>
       <LatitudeDegrees>5.2378030</LatitudeDegrees>
       <LongitudeDegrees>100.4387290</LongitudeDegrees>
      </Position>
      <AltitudeMeters>5.9</AltitudeMeters>
      <DistanceMeters>333.9</DistanceMeters>
      <HeartRateBpm>
       <Value>150</Value>
      </HeartRateBpm>
      <Extensions>
       <TPX xmlns="http://www.garmin.com/xmlschemas/ActivityExtension/v2">
        <Speed>2.7</Speed>
       </TPX>
      </Extensions>
     </Trackpoint>
     <Trackpoint>
      <Time>2026-08-13T11:04:41Z</Time>
      <Position>
       <LatitudeDegrees>5.2377920</LatitudeDegrees>
       <LongitudeDegrees>100.4387490</LongitudeDegrees>
      </Position>
      <AltitudeMeters>5.9</AltitudeMeters>
      <DistanceMeters>336.4</DistanceMeters>
      <HeartRateBpm>
       <Value>150</Value>
      </HeartRateBpm>
      <Extensions>
       <TPX xmlns="http://www.garmin.com/xmlschemas/ActivityExtension/v2">
        <Speed>2.7</Speed>
       </TPX>
      </Extensions>
     </Trackpoint>
     <Trackpoint>
      <Time>2026-08-13T11:04:42Z</Time>
      <Position>
       <LatitudeDegrees>5.2377800</LatitudeDegrees>
       <LongitudeDegrees>100.4387700</LongitudeDegrees>
      </Position>
      <AltitudeMeters>5.9</AltitudeMeters>
      <DistanceMeters>339.1</DistanceMeters>
      <HeartRateBpm>
       <Value>151</Value>
      </HeartRateBpm>
      <Extensions>
       <TPX xmlns="http://www.garmin.com/xmlschemas/ActivityExtension/v2">
        <Speed>2.6</Speed>
       </TPX>
      </Extensions>
     </Trackpoint>
     <Trackpoint>
      <Time>2026-08-13T11:04:43Z</Time>
      <Position>
       <LatitudeDegrees>5.2377670</LatitudeDegrees>
       <LongitudeDegrees>100.4387900</LongitudeDegrees>
      </Position>
      <AltitudeMeters>5.9</AltitudeMeters>
      <DistanceMeters>341.7</DistanceMeters>
      <HeartRateBpm>
       <Value>151</Value>
      </HeartRateBpm>
      <Extensions>
       <TPX xmlns="http://www.garmin.com/xmlschemas/ActivityExtension/v2">
        <Speed>2.6</Speed>
       </TPX>
      </Extensions>
     </Trackpoint>
     <Trackpoint>
      <Time>2026-08-13T11:04:44Z</Time>
      <Position>
       <LatitudeDegrees>5.2377520</LatitudeDegrees>
       <LongitudeDegrees>100.4388050</LongitudeDegrees>
      </Position>
      <AltitudeMeters>5.9</AltitudeMeters>
      <DistanceMeters>344.1</DistanceMeters>
      <HeartRateBpm>
       <Value>151</Value>
      </HeartRateBpm>
      <Extensions>
       <TPX xmlns="http://www.garmin.com/xmlschemas/ActivityExtension/v2">
        <Speed>2.6</Speed>
       </TPX>
      </Extensions>
     </Trackpoint>
     <Trackpoint>
      <Time>2026-08-13T11:04:45Z</Time>
      <Position>
       <LatitudeDegrees>5.2377350</LatitudeDegrees>
       <LongitudeDegrees>100.4388200</LongitudeDegrees>
      </Position>
      <AltitudeMeters>5.9</AltitudeMeters>
      <DistanceMeters>346.6</DistanceMeters>
      <HeartRateBpm>
       <Value>150</Value>
      </HeartRateBpm>
      <Extensions>
       <TPX xmlns="http://www.garmin.com/xmlschemas/ActivityExtension/v2">
        <Speed>2.5</Speed>
       </TPX>
      </Extensions>
     </Trackpoint>
     <Trackpoint>
      <Time>2026-08-13T11:04:46Z</Time>
      <Position>
       <LatitudeDegrees>5.2377180</LatitudeDegrees>
       <LongitudeDegrees>100.4388340</LongitudeDegrees>
      </Position>
      <AltitudeMeters>5.9</AltitudeMeters>
      <DistanceMeters>349.0</DistanceMeters>
      <HeartRateBpm>
       <Value>150</Value>
      </HeartRateBpm>
      <Extensions>
       <TPX xmlns="http://www.garmin.com/xmlschemas/ActivityExtension/v2">
        <Speed>2.5</Speed>
       </TPX>
      </Extensions>
     </Trackpoint>
     <Trackpoint>
      <Time>2026-08-13T11:04:47Z</Time>
      <Position>
       <LatitudeDegrees>5.2376980</LatitudeDegrees>
       <LongitudeDegrees>100.4388450</LongitudeDegrees>
      </Position>
      <AltitudeMeters>5.9</AltitudeMeters>
      <DistanceMeters>351.5</DistanceMeters>
      <HeartRateBpm>
       <Value>151</Value>
      </HeartRateBpm>
      <Extensions>
       <TPX xmlns="http://www.garmin.com/xmlschemas/ActivityExtension/v2">
        <Speed>2.5</Speed>
       </TPX>
      </Extensions>
     </Trackpoint>
     <Trackpoint>
      <Time>2026-08-13T11:04:48Z</Time>
      <Position>
       <LatitudeDegrees>5.2376780</LatitudeDegrees>
       <LongitudeDegrees>100.4388570</LongitudeDegrees>
      </Position>
      <AltitudeMeters>5.9</AltitudeMeters>
      <DistanceMeters>354.1</DistanceMeters>
      <HeartRateBpm>
       <Value>152</Value>
      </HeartRateBpm>
      <Extensions>
       <TPX xmlns="http://www.garmin.com/xmlschemas/ActivityExtension/v2">
        <Speed>2.5</Speed>
       </TPX>
      </Extensions>
     </Trackpoint>
     <Trackpoint>
      <Time>2026-08-13T11:04:49Z</Time>
      <Position>
       <LatitudeDegrees>5.2376550</LatitudeDegrees>
       <LongitudeDegrees>100.4388640</LongitudeDegrees>
      </Position>
      <AltitudeMeters>5.9</AltitudeMeters>
      <DistanceMeters>356.8</DistanceMeters>
      <HeartRateBpm>
       <Value>152</Value>
      </HeartRateBpm>
      <Extensions>
       <TPX xmlns="http://www.garmin.com/xmlschemas/ActivityExtension/v2">
        <Speed>2.5</Speed>
       </TPX>
      </Extensions>
     </Trackpoint>
     <Trackpoint>
      <Time>2026-08-13T11:04:50Z</Time>
      <Position>
       <LatitudeDegrees>5.2376320</LatitudeDegrees>
       <LongitudeDegrees>100.4388640</LongitudeDegrees>
      </Position>
      <AltitudeMeters>5.9</AltitudeMeters>
      <DistanceMeters>359.3</DistanceMeters>
      <HeartRateBpm>
       <Value>152</Value>
      </HeartRateBpm>
      <Extensions>
       <TPX xmlns="http://www.garmin.com/xmlschemas/ActivityExtension/v2">
        <Speed>2.5</Speed>
       </TPX>
      </Extensions>
     </Trackpoint>
     <Trackpoint>
      <Time>2026-08-13T11:04:51Z</Time>
      <Position>
       <LatitudeDegrees>5.2376090</LatitudeDegrees>
       <LongitudeDegrees>100.4388710</LongitudeDegrees>
      </Position>
      <AltitudeMeters>5.9</AltitudeMeters>
      <DistanceMeters>362.0</DistanceMeters>
      <HeartRateBpm>
       <Value>152</Value>
      </HeartRateBpm>
      <Extensions>
       <TPX xmlns="http://www.garmin.com/xmlschemas/ActivityExtension/v2">
        <Speed>2.6</Speed>
       </TPX>
      </Extensions>
     </Trackpoint>
     <Trackpoint>
      <Time>2026-08-13T11:04:52Z</Time>
      <Position>
       <LatitudeDegrees>5.2375890</LatitudeDegrees>
       <LongitudeDegrees>100.4388760</LongitudeDegrees>
      </Position>
      <AltitudeMeters>5.9</AltitudeMeters>
      <DistanceMeters>364.3</DistanceMeters>
      <HeartRateBpm>
       <Value>151</Value>
      </HeartRateBpm>
      <Extensions>
       <TPX xmlns="http://www.garmin.com/xmlschemas/ActivityExtension/v2">
        <Speed>2.6</Speed>
       </TPX>
      </Extensions>
     </Trackpoint>
     <Trackpoint>
      <Time>2026-08-13T11:04:53Z</Time>
      <Position>
       <LatitudeDegrees>5.2375700</LatitudeDegrees>
       <LongitudeDegrees>100.4388820</LongitudeDegrees>
      </Position>
      <AltitudeMeters>5.9</AltitudeMeters>
      <DistanceMeters>366.6</DistanceMeters>
      <HeartRateBpm>
       <Value>152</Value>
      </HeartRateBpm>
      <Extensions>
       <TPX xmlns="http://www.garmin.com/xmlschemas/ActivityExtension/v2">
        <Speed>2.5</Speed>
       </TPX>
      </Extensions>
     </Trackpoint>
     <Trackpoint>
      <Time>2026-08-13T11:04:54Z</Time>
      <Position>
       <LatitudeDegrees>5.2375510</LatitudeDegrees>
       <LongitudeDegrees>100.4388880</LongitudeDegrees>
      </Position>
      <AltitudeMeters>5.9</AltitudeMeters>
      <DistanceMeters>368.8</DistanceMeters>
      <HeartRateBpm>
       <Value>152</Value>
      </HeartRateBpm>
      <Extensions>
       <TPX xmlns="http://www.garmin.com/xmlschemas/ActivityExtension/v2">
        <Speed>2.4</Speed>
       </TPX>
      </Extensions>
     </Trackpoint>
     <Trackpoint>
      <Time>2026-08-13T11:04:55Z</Time>
      <Position>
       <LatitudeDegrees>5.2375310</LatitudeDegrees>
       <LongitudeDegrees>100.4388930</LongitudeDegrees>
      </Position>
      <AltitudeMeters>5.9</AltitudeMeters>
      <DistanceMeters>371.1</DistanceMeters>
      <HeartRateBpm>
       <Value>152</Value>
      </HeartRateBpm>
      <Extensions>
       <TPX xmlns="http://www.garmin.com/xmlschemas/ActivityExtension/v2">
        <Speed>2.4</Speed>
       </TPX>
      </Extensions>
     </Trackpoint>
     <Trackpoint>
      <Time>2026-08-13T11:04:56Z</Time>
      <Position>
       <LatitudeDegrees>5.2375100</LatitudeDegrees>
       <LongitudeDegrees>100.4388960</LongitudeDegrees>
      </Position>
      <AltitudeMeters>5.9</AltitudeMeters>
      <DistanceMeters>373.4</DistanceMeters>
      <HeartRateBpm>
       <Value>152</Value>
      </HeartRateBpm>
      <Extensions>
       <TPX xmlns="http://www.garmin.com/xmlschemas/ActivityExtension/v2">
        <Speed>2.3</Speed>
       </TPX>
      </Extensions>
     </Trackpoint>
     <Trackpoint>
      <Time>2026-08-13T11:04:57Z</Time>
      <Position>
       <LatitudeDegrees>5.2374910</LatitudeDegrees>
       <LongitudeDegrees>100.4389000</LongitudeDegrees>
      </Position>
      <AltitudeMeters>5.9</AltitudeMeters>
      <DistanceMeters>375.6</DistanceMeters>
      <HeartRateBpm>
       <Value>151</Value>
      </HeartRateBpm>
      <Extensions>
       <TPX xmlns="http://www.garmin.com/xmlschemas/ActivityExtension/v2">
        <Speed>2.3</Speed>
       </TPX>
      </Extensions>
     </Trackpoint>
     <Trackpoint>
      <Time>2026-08-13T11:04:58Z</Time>
      <Position>
       <LatitudeDegrees>5.2374670</LatitudeDegrees>
       <LongitudeDegrees>100.4389060</LongitudeDegrees>
      </Position>
      <AltitudeMeters>5.9</AltitudeMeters>
      <DistanceMeters>378.3</DistanceMeters>
      <HeartRateBpm>
       <Value>152</Value>
      </HeartRateBpm>
      <Extensions>
       <TPX xmlns="http://www.garmin.com/xmlschemas/ActivityExtension/v2">
        <Speed>2.4</Speed>
       </TPX>
      </Extensions>
     </Trackpoint>
     <Trackpoint>
      <Time>2026-08-13T11:04:59Z</Time>
      <Position>
       <LatitudeDegrees>5.2374470</LatitudeDegrees>
       <LongitudeDegrees>100.4389200</LongitudeDegrees>
      </Position>
      <AltitudeMeters>5.9</AltitudeMeters>
      <DistanceMeters>381.0</DistanceMeters>
      <HeartRateBpm>
       <Value>152</Value>
      </HeartRateBpm>
      <Extensions>
       <TPX xmlns="http://www.garmin.com/xmlschemas/ActivityExtension/v2">
        <Speed>2.4</Speed>
       </TPX>
      </Extensions>
     </Trackpoint>
     <Trackpoint>
      <Time>2026-08-13T11:05:00Z</Time>
      <Position>
       <LatitudeDegrees>5.2374290</LatitudeDegrees>
       <LongitudeDegrees>100.4389330</LongitudeDegrees>
      </Position>
      <AltitudeMeters>5.9</AltitudeMeters>
      <DistanceMeters>383.5</DistanceMeters>
      <HeartRateBpm>
       <Value>152</Value>
      </HeartRateBpm>
      <Extensions>
       <TPX xmlns="http://www.garmin.com/xmlschemas/ActivityExtension/v2">
        <Speed>2.5</Speed>
       </TPX>
      </Extensions>
     </Trackpoint>
     <Trackpoint>
      <Time>2026-08-13T11:05:01Z</Time>
      <Position>
       <LatitudeDegrees>5.2374000</LatitudeDegrees>
       <LongitudeDegrees>100.4389420</LongitudeDegrees>
      </Position>
      <AltitudeMeters>5.9</AltitudeMeters>
      <DistanceMeters>386.9</DistanceMeters>
      <HeartRateBpm>
       <Value>152</Value>
      </HeartRateBpm>
      <Extensions>
       <TPX xmlns="http://www.garmin.com/xmlschemas/ActivityExtension/v2">
        <Speed>2.7</Speed>
       </TPX>
      </Extensions>
     </Trackpoint>
     <Trackpoint>
      <Time>2026-08-13T11:05:02Z</Time>
      <Position>
       <LatitudeDegrees>5.2373750</LatitudeDegrees>
       <LongitudeDegrees>100.4389470</LongitudeDegrees>
      </Position>
      <AltitudeMeters>5.9</AltitudeMeters>
      <DistanceMeters>389.7</DistanceMeters>
      <HeartRateBpm>
       <Value>152</Value>
      </HeartRateBpm>
      <Extensions>
       <TPX xmlns="http://www.garmin.com/xmlschemas/ActivityExtension/v2">
        <Speed>2.8</Speed>
       </TPX>
      </Extensions>
     </Trackpoint>
     <Trackpoint>
      <Time>2026-08-13T11:05:03Z</Time>
      <Position>
       <LatitudeDegrees>5.2373550</LatitudeDegrees>
       <LongitudeDegrees>100.4389540</LongitudeDegrees>
      </Position>
      <AltitudeMeters>5.9</AltitudeMeters>
      <DistanceMeters>392.0</DistanceMeters>
      <HeartRateBpm>
       <Value>152</Value>
      </HeartRateBpm>
      <Extensions>
       <TPX xmlns="http://www.garmin.com/xmlschemas/ActivityExtension/v2">
        <Speed>2.7</Speed>
       </TPX>
      </Extensions>
     </Trackpoint>
     <Trackpoint>
      <Time>2026-08-13T11:05:04Z</Time>
      <Position>
       <LatitudeDegrees>5.2373310</LatitudeDegrees>
       <LongitudeDegrees>100.4389580</LongitudeDegrees>
      </Position>
      <AltitudeMeters>5.9</AltitudeMeters>
      <DistanceMeters>394.7</DistanceMeters>
      <HeartRateBpm>
       <Value>152</Value>
      </HeartRateBpm>
      <Extensions>
       <TPX xmlns="http://www.garmin.com/xmlschemas/ActivityExtension/v2">
        <Speed>2.7</Speed>
       </TPX>
      </Extensions>
     </Trackpoint>
     <Trackpoint>
      <Time>2026-08-13T11:05:05Z</Time>
      <Position>
       <LatitudeDegrees>5.2373030</LatitudeDegrees>
       <LongitudeDegrees>100.4389590</LongitudeDegrees>
      </Position>
      <AltitudeMeters>5.9</AltitudeMeters>
      <DistanceMeters>397.8</DistanceMeters>
      <HeartRateBpm>
       <Value>152</Value>
      </HeartRateBpm>
      <Extensions>
       <TPX xmlns="http://www.garmin.com/xmlschemas/ActivityExtension/v2">
        <Speed>2.9</Speed>
       </TPX>
      </Extensions>
     </Trackpoint>
     <Trackpoint>
      <Time>2026-08-13T11:05:06Z</Time>
      <Position>
       <LatitudeDegrees>5.2372800</LatitudeDegrees>
       <LongitudeDegrees>100.4389660</LongitudeDegrees>
      </Position>
      <AltitudeMeters>5.9</AltitudeMeters>
      <DistanceMeters>400.5</DistanceMeters>
      <HeartRateBpm>
       <Value>153</Value>
      </HeartRateBpm>
      <Extensions>
       <TPX xmlns="http://www.garmin.com/xmlschemas/ActivityExtension/v2">
        <Speed>2.7</Speed>
       </TPX>
      </Extensions>
     </Trackpoint>
     <Trackpoint>
      <Time>2026-08-13T11:05:07Z</Time>
      <Position>
       <LatitudeDegrees>5.2372570</LatitudeDegrees>
       <LongitudeDegrees>100.4389710</LongitudeDegrees>
      </Position>
      <AltitudeMeters>5.9</AltitudeMeters>
      <DistanceMeters>403.2</DistanceMeters>
      <HeartRateBpm>
       <Value>153</Value>
      </HeartRateBpm>
      <Extensions>
       <TPX xmlns="http://www.garmin.com/xmlschemas/ActivityExtension/v2">
        <Speed>2.7</Speed>
       </TPX>
      </Extensions>
     </Trackpoint>
     <Trackpoint>
      <Time>2026-08-13T11:05:08Z</Time>
      <Position>
       <LatitudeDegrees>5.2372300</LatitudeDegrees>
       <LongitudeDegrees>100.4389710</LongitudeDegrees>
      </Position>
      <AltitudeMeters>5.9</AltitudeMeters>
      <DistanceMeters>406.2</DistanceMeters>
      <HeartRateBpm>
       <Value>152</Value>
      </HeartRateBpm>
      <Extensions>
       <TPX xmlns="http://www.garmin.com/xmlschemas/ActivityExtension/v2">
        <Speed>2.8</Speed>
       </TPX>
      </Extensions>
     </Trackpoint>
     <Trackpoint>
      <Time>2026-08-13T11:05:09Z</Time>
      <Position>
       <LatitudeDegrees>5.2372050</LatitudeDegrees>
       <LongitudeDegrees>100.4389700</LongitudeDegrees>
      </Position>
      <AltitudeMeters>5.9</AltitudeMeters>
      <DistanceMeters>408.9</DistanceMeters>
      <HeartRateBpm>
       <Value>151</Value>
      </HeartRateBpm>
      <Extensions>
       <TPX xmlns="http://www.garmin.com/xmlschemas/ActivityExtension/v2">
        <Speed>2.9</Speed>
       </TPX>
      </Extensions>
     </Trackpoint>
     <Trackpoint>
      <Time>2026-08-13T11:05:10Z</Time>
      <Position>
       <LatitudeDegrees>5.2371820</LatitudeDegrees>
       <LongitudeDegrees>100.4389730</LongitudeDegrees>
      </Position>
      <AltitudeMeters>5.9</AltitudeMeters>
      <DistanceMeters>411.5</DistanceMeters>
      <HeartRateBpm>
       <Value>151</Value>
      </HeartRateBpm>
      <Extensions>
       <TPX xmlns="http://www.garmin.com/xmlschemas/ActivityExtension/v2">
        <Speed>2.7</Speed>
       </TPX>
      </Extensions>
     </Trackpoint>
     <Trackpoint>
      <Time>2026-08-13T11:05:11Z</Time>
      <Position>
       <LatitudeDegrees>5.2371580</LatitudeDegrees>
       <LongitudeDegrees>100.4389740</LongitudeDegrees>
      </Position>
      <AltitudeMeters>5.9</AltitudeMeters>
      <DistanceMeters>414.1</DistanceMeters>
      <HeartRateBpm>
       <Value>152</Value>
      </HeartRateBpm>
      <Extensions>
       <TPX xmlns="http://www.garmin.com/xmlschemas/ActivityExtension/v2">
        <Speed>2.7</Speed>
       </TPX>
      </Extensions>
     </Trackpoint>
     <Trackpoint>
      <Time>2026-08-13T11:05:12Z</Time>
      <Position>
       <LatitudeDegrees>5.2371350</LatitudeDegrees>
       <LongitudeDegrees>100.4389700</LongitudeDegrees>
      </Position>
      <AltitudeMeters>5.9</AltitudeMeters>
      <DistanceMeters>416.7</DistanceMeters>
      <HeartRateBpm>
       <Value>152</Value>
      </HeartRateBpm>
      <Extensions>
       <TPX xmlns="http://www.garmin.com/xmlschemas/ActivityExtension/v2">
        <Speed>2.7</Speed>
       </TPX>
      </Extensions>
     </Trackpoint>
     <Trackpoint>
      <Time>2026-08-13T11:05:13Z</Time>
      <Position>
       <LatitudeDegrees>5.2371110</LatitudeDegrees>
       <LongitudeDegrees>100.4389680</LongitudeDegrees>
      </Position>
      <AltitudeMeters>5.9</AltitudeMeters>
      <DistanceMeters>419.4</DistanceMeters>
      <HeartRateBpm>
       <Value>152</Value>
      </HeartRateBpm>
      <Extensions>
       <TPX xmlns="http://www.garmin.com/xmlschemas/ActivityExtension/v2">
        <Speed>2.6</Speed>
       </TPX>
      </Extensions>
     </Trackpoint>
     <Trackpoint>
      <Time>2026-08-13T11:05:14Z</Time>
      <Position>
       <LatitudeDegrees>5.2370870</LatitudeDegrees>
       <LongitudeDegrees>100.4389680</LongitudeDegrees>
      </Position>
      <AltitudeMeters>5.8</AltitudeMeters>
      <DistanceMeters>422.1</DistanceMeters>
      <HeartRateBpm>
       <Value>152</Value>
      </HeartRateBpm>
      <Extensions>
       <TPX xmlns="http://www.garmin.com/xmlschemas/ActivityExtension/v2">
        <Speed>2.6</Speed>
       </TPX>
      </Extensions>
     </Trackpoint>
     <Trackpoint>
      <Time>2026-08-13T11:05:15Z</Time>
      <Position>
       <LatitudeDegrees>5.2370650</LatitudeDegrees>
       <LongitudeDegrees>100.4389700</LongitudeDegrees>
      </Position>
      <AltitudeMeters>5.8</AltitudeMeters>
      <DistanceMeters>424.5</DistanceMeters>
      <HeartRateBpm>
       <Value>152</Value>
      </HeartRateBpm>
      <Extensions>
       <TPX xmlns="http://www.garmin.com/xmlschemas/ActivityExtension/v2">
        <Speed>2.6</Speed>
       </TPX>
      </Extensions>
     </Trackpoint>
     <Trackpoint>
      <Time>2026-08-13T11:05:16Z</Time>
      <Position>
       <LatitudeDegrees>5.2370430</LatitudeDegrees>
       <LongitudeDegrees>100.4389780</LongitudeDegrees>
      </Position>
      <AltitudeMeters>5.8</AltitudeMeters>
      <DistanceMeters>427.0</DistanceMeters>
      <HeartRateBpm>
       <Value>153</Value>
      </HeartRateBpm>
      <Extensions>
       <TPX xmlns="http://www.garmin.com/xmlschemas/ActivityExtension/v2">
        <Speed>2.6</Speed>
       </TPX>
      </Extensions>
     </Trackpoint>
     <Trackpoint>
      <Time>2026-08-13T11:05:17Z</Time>
      <Position>
       <LatitudeDegrees>5.2370220</LatitudeDegrees>
       <LongitudeDegrees>100.4389850</LongitudeDegrees>
      </Position>
      <AltitudeMeters>5.8</AltitudeMeters>
      <DistanceMeters>429.5</DistanceMeters>
      <HeartRateBpm>
       <Value>152</Value>
      </HeartRateBpm>
      <Extensions>
       <TPX xmlns="http://www.garmin.com/xmlschemas/ActivityExtension/v2">
        <Speed>2.6</Speed>
       </TPX>
      </Extensions>
     </Trackpoint>
     <Trackpoint>
      <Time>2026-08-13T11:05:18Z</Time>
      <Position>
       <LatitudeDegrees>5.2369990</LatitudeDegrees>
       <LongitudeDegrees>100.4389920</LongitudeDegrees>
      </Position>
      <AltitudeMeters>5.8</AltitudeMeters>
      <DistanceMeters>432.2</DistanceMeters>
      <HeartRateBpm>
       <Value>152</Value>
      </HeartRateBpm>
      <Extensions>
       <TPX xmlns="http://www.garmin.com/xmlschemas/ActivityExtension/v2">
        <Speed>2.6</Speed>
       </TPX>
      </Extensions>
     </Trackpoint>
     <Trackpoint>
      <Time>2026-08-13T11:05:19Z</Time>
      <Position>
       <LatitudeDegrees>5.2369770</LatitudeDegrees>
       <LongitudeDegrees>100.4390000</LongitudeDegrees>
      </Position>
      <AltitudeMeters>5.8</AltitudeMeters>
      <DistanceMeters>434.8</DistanceMeters>
      <HeartRateBpm>
       <Value>151</Value>
      </HeartRateBpm>
      <Extensions>
       <TPX xmlns="http://www.garmin.com/xmlschemas/ActivityExtension/v2">
        <Speed>2.5</Speed>
       </TPX>
      </Extensions>
     </Trackpoint>
     <Trackpoint>
      <Time>2026-08-13T11:05:20Z</Time>
      <Position>
       <LatitudeDegrees>5.2369540</LatitudeDegrees>
       <LongitudeDegrees>100.4390070</LongitudeDegrees>
      </Position>
      <AltitudeMeters>5.8</AltitudeMeters>
      <DistanceMeters>437.4</DistanceMeters>
      <HeartRateBpm>
       <Value>151</Value>
      </HeartRateBpm>
      <Extensions>
       <TPX xmlns="http://www.garmin.com/xmlschemas/ActivityExtension/v2">
        <Speed>2.6</Speed>
       </TPX>
      </Extensions>
     </Trackpoint>
     <Trackpoint>
      <Time>2026-08-13T11:05:21Z</Time>
      <Position>
       <LatitudeDegrees>5.2369330</LatitudeDegrees>
       <LongitudeDegrees>100.4390150</LongitudeDegrees>
      </Position>
      <AltitudeMeters>5.8</AltitudeMeters>
      <DistanceMeters>439.9</DistanceMeters>
      <HeartRateBpm>
       <Value>151</Value>
      </HeartRateBpm>
      <Extensions>
       <TPX xmlns="http://www.garmin.com/xmlschemas/ActivityExtension/v2">
        <Speed>2.6</Speed>
       </TPX>
      </Extensions>
     </Trackpoint>
     <Trackpoint>
      <Time>2026-08-13T11:05:22Z</Time>
      <Position>
       <LatitudeDegrees>5.2369120</LatitudeDegrees>
       <LongitudeDegrees>100.4390220</LongitudeDegrees>
      </Position>
      <AltitudeMeters>5.8</AltitudeMeters>
      <DistanceMeters>442.4</DistanceMeters>
      <HeartRateBpm>
       <Value>150</Value>
      </HeartRateBpm>
      <Extensions>
       <TPX xmlns="http://www.garmin.com/xmlschemas/ActivityExtension/v2">
        <Speed>2.6</Speed>
       </TPX>
      </Extensions>
     </Trackpoint>
     <Trackpoint>
      <Time>2026-08-13T11:05:23Z</Time>
      <Position>
       <LatitudeDegrees>5.2368930</LatitudeDegrees>
       <LongitudeDegrees>100.4390290</LongitudeDegrees>
      </Position>
      <AltitudeMeters>5.8</AltitudeMeters>
      <DistanceMeters>444.7</DistanceMeters>
      <HeartRateBpm>
       <Value>151</Value>
      </HeartRateBpm>
      <Extensions>
       <TPX xmlns="http://www.garmin.com/xmlschemas/ActivityExtension/v2">
        <Speed>2.5</Speed>
       </TPX>
      </Extensions>
     </Trackpoint>
     <Trackpoint>
      <Time>2026-08-13T11:05:24Z</Time>
      <Position>
       <LatitudeDegrees>5.2368710</LatitudeDegrees>
       <LongitudeDegrees>100.4390400</LongitudeDegrees>
      </Position>
      <AltitudeMeters>5.8</AltitudeMeters>
      <DistanceMeters>447.5</DistanceMeters>
      <HeartRateBpm>
       <Value>151</Value>
      </HeartRateBpm>
      <Extensions>
       <TPX xmlns="http://www.garmin.com/xmlschemas/ActivityExtension/v2">
        <Speed>2.5</Speed>
       </TPX>
      </Extensions>
     </Trackpoint>
     <Trackpoint>
      <Time>2026-08-13T11:05:25Z</Time>
      <Position>
       <LatitudeDegrees>5.2368500</LatitudeDegrees>
       <LongitudeDegrees>100.4390510</LongitudeDegrees>
      </Position>
      <AltitudeMeters>5.8</AltitudeMeters>
      <DistanceMeters>450.1</DistanceMeters>
      <HeartRateBpm>
       <Value>151</Value>
      </HeartRateBpm>
      <Extensions>
       <TPX xmlns="http://www.garmin.com/xmlschemas/ActivityExtension/v2">
        <Speed>2.5</Speed>
       </TPX>
      </Extensions>
     </Trackpoint>
     <Trackpoint>
      <Time>2026-08-13T11:05:26Z</Time>
      <Position>
       <LatitudeDegrees>5.2368310</LatitudeDegrees>
       <LongitudeDegrees>100.4390600</LongitudeDegrees>
      </Position>
      <AltitudeMeters>5.8</AltitudeMeters>
      <DistanceMeters>452.4</DistanceMeters>
      <HeartRateBpm>
       <Value>152</Value>
      </HeartRateBpm>
      <Extensions>
       <TPX xmlns="http://www.garmin.com/xmlschemas/ActivityExtension/v2">
        <Speed>2.5</Speed>
       </TPX>
      </Extensions>
     </Trackpoint>
     <Trackpoint>
      <Time>2026-08-13T11:05:27Z</Time>
      <Position>
       <LatitudeDegrees>5.2368100</LatitudeDegrees>
       <LongitudeDegrees>100.4390680</LongitudeDegrees>
      </Position>
      <AltitudeMeters>5.8</AltitudeMeters>
      <DistanceMeters>454.9</DistanceMeters>
      <HeartRateBpm>
       <Value>153</Value>
      </HeartRateBpm>
      <Extensions>
       <TPX xmlns="http://www.garmin.com/xmlschemas/ActivityExtension/v2">
        <Speed>2.5</Speed>
       </TPX>
      </Extensions>
     </Trackpoint>
     <Trackpoint>
      <Time>2026-08-13T11:05:28Z</Time>
      <Position>
       <LatitudeDegrees>5.2367890</LatitudeDegrees>
       <LongitudeDegrees>100.4390770</LongitudeDegrees>
      </Position>
      <AltitudeMeters>5.7</AltitudeMeters>
      <DistanceMeters>457.4</DistanceMeters>
      <HeartRateBpm>
       <Value>153</Value>
      </HeartRateBpm>
      <Extensions>
       <TPX xmlns="http://www.garmin.com/xmlschemas/ActivityExtension/v2">
        <Speed>2.5</Speed>
       </TPX>
      </Extensions>
     </Trackpoint>
     <Trackpoint>
      <Time>2026-08-13T11:05:29Z</Time>
      <Position>
       <LatitudeDegrees>5.2367670</LatitudeDegrees>
       <LongitudeDegrees>100.4390860</LongitudeDegrees>
      </Position>
      <AltitudeMeters>5.7</AltitudeMeters>
      <DistanceMeters>460.1</DistanceMeters>
      <HeartRateBpm>
       <Value>153</Value>
      </HeartRateBpm>
      <Extensions>
       <TPX xmlns="http://www.garmin.com/xmlschemas/ActivityExtension/v2">
        <Speed>2.5</Speed>
       </TPX>
      </Extensions>
     </Trackpoint>
     <Trackpoint>
      <Time>2026-08-13T11:05:30Z</Time>
      <Position>
       <LatitudeDegrees>5.2367460</LatitudeDegrees>
       <LongitudeDegrees>100.4390920</LongitudeDegrees>
      </Position>
      <AltitudeMeters>5.7</AltitudeMeters>
      <DistanceMeters>462.5</DistanceMeters>
      <HeartRateBpm>
       <Value>153</Value>
      </HeartRateBpm>
      <Extensions>
       <TPX xmlns="http://www.garmin.com/xmlschemas/ActivityExtension/v2">
        <Speed>2.5</Speed>
       </TPX>
      </Extensions>
     </Trackpoint>
     <Trackpoint>
      <Time>2026-08-13T11:05:31Z</Time>
      <Position>
       <LatitudeDegrees>5.2367230</LatitudeDegrees>
       <LongitudeDegrees>100.4390970</LongitudeDegrees>
      </Position>
      <AltitudeMeters>5.7</AltitudeMeters>
      <DistanceMeters>465.1</DistanceMeters>
      <HeartRateBpm>
       <Value>152</Value>
      </HeartRateBpm>
      <Extensions>
       <TPX xmlns="http://www.garmin.com/xmlschemas/ActivityExtension/v2">
        <Speed>2.5</Speed>
       </TPX>
      </Extensions>
     </Trackpoint>
     <Trackpoint>
      <Time>2026-08-13T11:05:32Z</Time>
      <Position>
       <LatitudeDegrees>5.2367010</LatitudeDegrees>
       <LongitudeDegrees>100.4391040</LongitudeDegrees>
      </Position>
      <AltitudeMeters>5.7</AltitudeMeters>
      <DistanceMeters>467.7</DistanceMeters>
      <HeartRateBpm>
       <Value>152</Value>
      </HeartRateBpm>
      <Extensions>
       <TPX xmlns="http://www.garmin.com/xmlschemas/ActivityExtension/v2">
        <Speed>2.6</Speed>
       </TPX>
      </Extensions>
     </Trackpoint>
     <Trackpoint>
      <Time>2026-08-13T11:05:33Z</Time>
      <Position>
       <LatitudeDegrees>5.2366790</LatitudeDegrees>
       <LongitudeDegrees>100.4391080</LongitudeDegrees>
      </Position>
      <AltitudeMeters>5.7</AltitudeMeters>
      <DistanceMeters>470.1</DistanceMeters>
      <HeartRateBpm>
       <Value>153</Value>
      </HeartRateBpm>
      <Extensions>
       <TPX xmlns="http://www.garmin.com/xmlschemas/ActivityExtension/v2">
        <Speed>2.5</Speed>
       </TPX>
      </Extensions>
     </Trackpoint>
     <Trackpoint>
      <Time>2026-08-13T11:05:34Z</Time>
      <Position>
       <LatitudeDegrees>5.2366540</LatitudeDegrees>
       <LongitudeDegrees>100.4391120</LongitudeDegrees>
      </Position>
      <AltitudeMeters>5.7</AltitudeMeters>
      <DistanceMeters>472.9</DistanceMeters>
      <HeartRateBpm>
       <Value>153</Value>
      </HeartRateBpm>
      <Extensions>
       <TPX xmlns="http://www.garmin.com/xmlschemas/ActivityExtension/v2">
        <Speed>2.6</Speed>
       </TPX>
      </Extensions>
     </Trackpoint>
     <Trackpoint>
      <Time>2026-08-13T11:05:35Z</Time>
      <Position>
       <LatitudeDegrees>5.2366320</LatitudeDegrees>
       <LongitudeDegrees>100.4391150</LongitudeDegrees>
      </Position>
      <AltitudeMeters>5.7</AltitudeMeters>
      <DistanceMeters>475.4</DistanceMeters>
      <HeartRateBpm>
       <Value>153</Value>
      </HeartRateBpm>
      <Extensions>
       <TPX xmlns="http://www.garmin.com/xmlschemas/ActivityExtension/v2">
        <Speed>2.6</Speed>
       </TPX>
      </Extensions>
     </Trackpoint>
     <Trackpoint>
      <Time>2026-08-13T11:05:36Z</Time>
      <Position>
       <LatitudeDegrees>5.2366080</LatitudeDegrees>
       <LongitudeDegrees>100.4391190</LongitudeDegrees>
      </Position>
      <AltitudeMeters>5.7</AltitudeMeters>
      <DistanceMeters>478.1</DistanceMeters>
      <HeartRateBpm>
       <Value>152</Value>
      </HeartRateBpm>
      <Extensions>
       <TPX xmlns="http://www.garmin.com/xmlschemas/ActivityExtension/v2">
        <Speed>2.6</Speed>
       </TPX>
      </Extensions>
     </Trackpoint>
     <Trackpoint>
      <Time>2026-08-13T11:05:37Z</Time>
      <Position>
       <LatitudeDegrees>5.2365860</LatitudeDegrees>
       <LongitudeDegrees>100.4391250</LongitudeDegrees>
      </Position>
      <AltitudeMeters>5.6</AltitudeMeters>
      <DistanceMeters>480.7</DistanceMeters>
      <HeartRateBpm>
       <Value>152</Value>
      </HeartRateBpm>
      <Extensions>
       <TPX xmlns="http://www.garmin.com/xmlschemas/ActivityExtension/v2">
        <Speed>2.6</Speed>
       </TPX>
      </Extensions>
     </Trackpoint>
     <Trackpoint>
      <Time>2026-08-13T11:05:38Z</Time>
      <Position>
       <LatitudeDegrees>5.2365640</LatitudeDegrees>
       <LongitudeDegrees>100.4391330</LongitudeDegrees>
      </Position>
      <AltitudeMeters>5.6</AltitudeMeters>
      <DistanceMeters>483.3</DistanceMeters>
      <HeartRateBpm>
       <Value>152</Value>
      </HeartRateBpm>
      <Extensions>
       <TPX xmlns="http://www.garmin.com/xmlschemas/ActivityExtension/v2">
        <Speed>2.6</Speed>
       </TPX>
      </Extensions>
     </Trackpoint>
     <Trackpoint>
      <Time>2026-08-13T11:05:39Z</Time>
      <Position>
       <LatitudeDegrees>5.2365420</LatitudeDegrees>
       <LongitudeDegrees>100.4391400</LongitudeDegrees>
      </Position>
      <AltitudeMeters>5.6</AltitudeMeters>
      <DistanceMeters>485.8</DistanceMeters>
      <HeartRateBpm>
       <Value>153</Value>
      </HeartRateBpm>
      <Extensions>
       <TPX xmlns="http://www.garmin.com/xmlschemas/ActivityExtension/v2">
        <Speed>2.6</Speed>
       </TPX>
      </Extensions>
     </Trackpoint>
     <Trackpoint>
      <Time>2026-08-13T11:05:40Z</Time>
      <Position>
       <LatitudeDegrees>5.2365210</LatitudeDegrees>
       <LongitudeDegrees>100.4391450</LongitudeDegrees>
      </Position>
      <AltitudeMeters>5.6</AltitudeMeters>
      <DistanceMeters>488.2</DistanceMeters>
      <HeartRateBpm>
       <Value>154</Value>
      </HeartRateBpm>
      <Extensions>
       <TPX xmlns="http://www.garmin.com/xmlschemas/ActivityExtension/v2">
        <Speed>2.6</Speed>
       </TPX>
      </Extensions>
     </Trackpoint>
     <Trackpoint>
      <Time>2026-08-13T11:05:41Z</Time>
      <Position>
       <LatitudeDegrees>5.2364980</LatitudeDegrees>
       <LongitudeDegrees>100.4391500</LongitudeDegrees>
      </Position>
      <AltitudeMeters>5.6</AltitudeMeters>
      <DistanceMeters>490.8</DistanceMeters>
      <HeartRateBpm>
       <Value>154</Value>
      </HeartRateBpm>
      <Extensions>
       <TPX xmlns="http://www.garmin.com/xmlschemas/ActivityExtension/v2">
        <Speed>2.5</Speed>
       </TPX>
      </Extensions>
     </Trackpoint>
     <Trackpoint>
      <Time>2026-08-13T11:05:42Z</Time>
      <Position>
       <LatitudeDegrees>5.2364790</LatitudeDegrees>
       <LongitudeDegrees>100.4391550</LongitudeDegrees>
      </Position>
      <AltitudeMeters>5.6</AltitudeMeters>
      <DistanceMeters>493.0</DistanceMeters>
      <HeartRateBpm>
       <Value>153</Value>
      </HeartRateBpm>
      <Extensions>
       <TPX xmlns="http://www.garmin.com/xmlschemas/ActivityExtension/v2">
        <Speed>2.5</Speed>
       </TPX>
      </Extensions>
     </Trackpoint>
     <Trackpoint>
      <Time>2026-08-13T11:05:43Z</Time>
      <Position>
       <LatitudeDegrees>5.2364600</LatitudeDegrees>
       <LongitudeDegrees>100.4391610</LongitudeDegrees>
      </Position>
      <AltitudeMeters>5.6</AltitudeMeters>
      <DistanceMeters>495.3</DistanceMeters>
      <HeartRateBpm>
       <Value>153</Value>
      </HeartRateBpm>
      <Extensions>
       <TPX xmlns="http://www.garmin.com/xmlschemas/ActivityExtension/v2">
        <Speed>2.4</Speed>
       </TPX>
      </Extensions>
     </Trackpoint>
     <Trackpoint>
      <Time>2026-08-13T11:05:44Z</Time>
      <Position>
       <LatitudeDegrees>5.2364380</LatitudeDegrees>
       <LongitudeDegrees>100.4391680</LongitudeDegrees>
      </Position>
      <AltitudeMeters>5.6</AltitudeMeters>
      <DistanceMeters>497.9</DistanceMeters>
      <HeartRateBpm>
       <Value>153</Value>
      </HeartRateBpm>
      <Extensions>
       <TPX xmlns="http://www.garmin.com/xmlschemas/ActivityExtension/v2">
        <Speed>2.4</Speed>
       </TPX>
      </Extensions>
     </Trackpoint>
     <Trackpoint>
      <Time>2026-08-13T11:05:45Z</Time>
      <Position>
       <LatitudeDegrees>5.2364170</LatitudeDegrees>
       <LongitudeDegrees>100.4391700</LongitudeDegrees>
      </Position>
      <AltitudeMeters>5.6</AltitudeMeters>
      <DistanceMeters>500.2</DistanceMeters>
      <HeartRateBpm>
       <Value>152</Value>
      </HeartRateBpm>
      <Extensions>
       <TPX xmlns="http://www.garmin.com/xmlschemas/ActivityExtension/v2">
        <Speed>2.4</Speed>
       </TPX>
      </Extensions>
     </Trackpoint>
     <Trackpoint>
      <Time>2026-08-13T11:05:46Z</Time>
      <Position>
       <LatitudeDegrees>5.2363960</LatitudeDegrees>
       <LongitudeDegrees>100.4391720</LongitudeDegrees>
      </Position>
      <AltitudeMeters>5.5</AltitudeMeters>
      <DistanceMeters>502.5</DistanceMeters>
      <HeartRateBpm>
       <Value>152</Value>
      </HeartRateBpm>
      <Extensions>
       <TPX xmlns="http://www.garmin.com/xmlschemas/ActivityExtension/v2">
        <Speed>2.3</Speed>
       </TPX>
      </Extensions>
     </Trackpoint>
     <Trackpoint>
      <Time>2026-08-13T11:05:47Z</Time>
      <Position>
       <LatitudeDegrees>5.2363710</LatitudeDegrees>
       <LongitudeDegrees>100.4391730</LongitudeDegrees>
      </Position>
      <AltitudeMeters>5.5</AltitudeMeters>
      <DistanceMeters>505.3</DistanceMeters>
      <HeartRateBpm>
       <Value>153</Value>
      </HeartRateBpm>
      <Extensions>
       <TPX xmlns="http://www.garmin.com/xmlschemas/ActivityExtension/v2">
        <Speed>2.5</Speed>
       </TPX>
      </Extensions>
     </Trackpoint>
     <Trackpoint>
      <Time>2026-08-13T11:05:48Z</Time>
      <Position>
       <LatitudeDegrees>5.2363490</LatitudeDegrees>
       <LongitudeDegrees>100.4391770</LongitudeDegrees>
      </Position>
      <AltitudeMeters>5.5</AltitudeMeters>
      <DistanceMeters>507.8</DistanceMeters>
      <HeartRateBpm>
       <Value>152</Value>
      </HeartRateBpm>
      <Extensions>
       <TPX xmlns="http://www.garmin.com/xmlschemas/ActivityExtension/v2">
        <Speed>2.5</Speed>
       </TPX>
      </Extensions>
     </Trackpoint>
     <Trackpoint>
      <Time>2026-08-13T11:05:49Z</Time>
      <Position>
       <LatitudeDegrees>5.2363270</LatitudeDegrees>
       <LongitudeDegrees>100.4391830</LongitudeDegrees>
      </Position>
      <AltitudeMeters>5.5</AltitudeMeters>
      <DistanceMeters>510.3</DistanceMeters>
      <HeartRateBpm>
       <Value>152</Value>
      </HeartRateBpm>
      <Extensions>
       <TPX xmlns="http://www.garmin.com/xmlschemas/ActivityExtension/v2">
        <Speed>2.5</Speed>
       </TPX>
      </Extensions>
     </Trackpoint>
     <Trackpoint>
      <Time>2026-08-13T11:05:50Z</Time>
      <Position>
       <LatitudeDegrees>5.2363060</LatitudeDegrees>
       <LongitudeDegrees>100.4391880</LongitudeDegrees>
      </Position>
      <AltitudeMeters>5.5</AltitudeMeters>
      <DistanceMeters>512.7</DistanceMeters>
      <HeartRateBpm>
       <Value>152</Value>
      </HeartRateBpm>
      <Extensions>
       <TPX xmlns="http://www.garmin.com/xmlschemas/ActivityExtension/v2">
        <Speed>2.5</Speed>
       </TPX>
      </Extensions>
     </Trackpoint>
     <Trackpoint>
      <Time>2026-08-13T11:05:51Z</Time>
      <Position>
       <LatitudeDegrees>5.2362840</LatitudeDegrees>
       <LongitudeDegrees>100.4391930</LongitudeDegrees>
      </Position>
      <AltitudeMeters>5.5</AltitudeMeters>
      <DistanceMeters>515.2</DistanceMeters>
      <HeartRateBpm>
       <Value>152</Value>
      </HeartRateBpm>
      <Extensions>
       <TPX xmlns="http://www.garmin.com/xmlschemas/ActivityExtension/v2">
        <Speed>2.5</Speed>
       </TPX>
      </Extensions>
     </Trackpoint>
     <Trackpoint>
      <Time>2026-08-13T11:05:52Z</Time>
      <Position>
       <LatitudeDegrees>5.2362620</LatitudeDegrees>
       <LongitudeDegrees>100.4391990</LongitudeDegrees>
      </Position>
      <AltitudeMeters>5.5</AltitudeMeters>
      <DistanceMeters>517.7</DistanceMeters>
      <HeartRateBpm>
       <Value>152</Value>
      </HeartRateBpm>
      <Extensions>
       <TPX xmlns="http://www.garmin.com/xmlschemas/ActivityExtension/v2">
        <Speed>2.5</Speed>
       </TPX>
      </Extensions>
     </Trackpoint>
     <Trackpoint>
      <Time>2026-08-13T11:05:53Z</Time>
      <Position>
       <LatitudeDegrees>5.2362400</LatitudeDegrees>
       <LongitudeDegrees>100.4392030</LongitudeDegrees>
      </Position>
      <AltitudeMeters>5.5</AltitudeMeters>
      <DistanceMeters>520.2</DistanceMeters>
      <HeartRateBpm>
       <Value>152</Value>
      </HeartRateBpm>
      <Extensions>
       <TPX xmlns="http://www.garmin.com/xmlschemas/ActivityExtension/v2">
        <Speed>2.5</Speed>
       </TPX>
      </Extensions>
     </Trackpoint>
     <Trackpoint>
      <Time>2026-08-13T11:05:54Z</Time>
      <Position>
       <LatitudeDegrees>5.2362200</LatitudeDegrees>
       <LongitudeDegrees>100.4392070</LongitudeDegrees>
      </Position>
      <AltitudeMeters>5.4</AltitudeMeters>
      <DistanceMeters>522.5</DistanceMeters>
      <HeartRateBpm>
       <Value>153</Value>
      </HeartRateBpm>
      <Extensions>
       <TPX xmlns="http://www.garmin.com/xmlschemas/ActivityExtension/v2">
        <Speed>2.4</Speed>
       </TPX>
      </Extensions>
     </Trackpoint>
     <Trackpoint>
      <Time>2026-08-13T11:05:55Z</Time>
      <Position>
       <LatitudeDegrees>5.2361980</LatitudeDegrees>
       <LongitudeDegrees>100.4392120</LongitudeDegrees>
      </Position>
      <AltitudeMeters>5.4</AltitudeMeters>
      <DistanceMeters>525.0</DistanceMeters>
      <HeartRateBpm>
       <Value>153</Value>
      </HeartRateBpm>
      <Extensions>
       <TPX xmlns="http://www.garmin.com/xmlschemas/ActivityExtension/v2">
        <Speed>2.5</Speed>
       </TPX>
      </Extensions>
     </Trackpoint>
     <Trackpoint>
      <Time>2026-08-13T11:05:56Z</Time>
      <Position>
       <LatitudeDegrees>5.2361760</LatitudeDegrees>
       <LongitudeDegrees>100.4392170</LongitudeDegrees>
      </Position>
      <AltitudeMeters>5.4</AltitudeMeters>
      <DistanceMeters>527.5</DistanceMeters>
      <HeartRateBpm>
       <Value>153</Value>
      </HeartRateBpm>
      <Extensions>
       <TPX xmlns="http://www.garmin.com/xmlschemas/ActivityExtension/v2">
        <Speed>2.5</Speed>
       </TPX>
      </Extensions>
     </Trackpoint>
     <Trackpoint>
      <Time>2026-08-13T11:05:57Z</Time>
      <Position>
       <LatitudeDegrees>5.2361540</LatitudeDegrees>
       <LongitudeDegrees>100.4392210</LongitudeDegrees>
      </Position>
      <AltitudeMeters>5.4</AltitudeMeters>
      <DistanceMeters>530.0</DistanceMeters>
      <HeartRateBpm>
       <Value>152</Value>
      </HeartRateBpm>
      <Extensions>
       <TPX xmlns="http://www.garmin.com/xmlschemas/ActivityExtension/v2">
        <Speed>2.5</Speed>
       </TPX>
      </Extensions>
     </Trackpoint>
     <Trackpoint>
      <Time>2026-08-13T11:05:58Z</Time>
      <Position>
       <LatitudeDegrees>5.2361310</LatitudeDegrees>
       <LongitudeDegrees>100.4392210</LongitudeDegrees>
      </Position>
      <AltitudeMeters>5.4</AltitudeMeters>
      <DistanceMeters>532.5</DistanceMeters>
      <HeartRateBpm>
       <Value>153</Value>
      </HeartRateBpm>
      <Extensions>
       <TPX xmlns="http://www.garmin.com/xmlschemas/ActivityExtension/v2">
        <Speed>2.5</Speed>
       </TPX>
      </Extensions>
     </Trackpoint>
     <Trackpoint>
      <Time>2026-08-13T11:05:59Z</Time>
      <Position>
       <LatitudeDegrees>5.2361090</LatitudeDegrees>
       <LongitudeDegrees>100.4392190</LongitudeDegrees>
      </Position>
      <AltitudeMeters>5.4</AltitudeMeters>
      <DistanceMeters>535.0</DistanceMeters>
      <HeartRateBpm>
       <Value>152</Value>
      </HeartRateBpm>
      <Extensions>
       <TPX xmlns="http://www.garmin.com/xmlschemas/ActivityExtension/v2">
        <Speed>2.5</Speed>
       </TPX>
      </Extensions>
     </Trackpoint>
     <Trackpoint>
      <Time>2026-08-13T11:06:00Z</Time>
      <Position>
       <LatitudeDegrees>5.2360860</LatitudeDegrees>
       <LongitudeDegrees>100.4392150</LongitudeDegrees>
      </Position>
      <AltitudeMeters>5.4</AltitudeMeters>
      <DistanceMeters>537.6</DistanceMeters>
      <HeartRateBpm>
       <Value>153</Value>
      </HeartRateBpm>
      <Extensions>
       <TPX xmlns="http://www.garmin.com/xmlschemas/ActivityExtension/v2">
        <Speed>2.5</Speed>
       </TPX>
      </Extensions>
     </Trackpoint>
     <Trackpoint>
      <Time>2026-08-13T11:06:01Z</Time>
      <Position>
       <LatitudeDegrees>5.2360650</LatitudeDegrees>
       <LongitudeDegrees>100.4392070</LongitudeDegrees>
      </Position>
      <AltitudeMeters>5.4</AltitudeMeters>
      <DistanceMeters>540.1</DistanceMeters>
      <HeartRateBpm>
       <Value>153</Value>
      </HeartRateBpm>
      <Extensions>
       <TPX xmlns="http://www.garmin.com/xmlschemas/ActivityExtension/v2">
        <Speed>2.5</Speed>
       </TPX>
      </Extensions>
     </Trackpoint>
     <Trackpoint>
      <Time>2026-08-13T11:06:02Z</Time>
      <Position>
       <LatitudeDegrees>5.2360440</LatitudeDegrees>
       <LongitudeDegrees>100.4391980</LongitudeDegrees>
      </Position>
      <AltitudeMeters>5.3</AltitudeMeters>
      <DistanceMeters>542.6</DistanceMeters>
      <HeartRateBpm>
       <Value>153</Value>
      </HeartRateBpm>
      <Extensions>
       <TPX xmlns="http://www.garmin.com/xmlschemas/ActivityExtension/v2">
        <Speed>2.5</Speed>
       </TPX>
      </Extensions>
     </Trackpoint>
     <Trackpoint>
      <Time>2026-08-13T11:06:03Z</Time>
      <Position>
       <LatitudeDegrees>5.2360220</LatitudeDegrees>
       <LongitudeDegrees>100.4391930</LongitudeDegrees>
      </Position>
      <AltitudeMeters>5.3</AltitudeMeters>
      <DistanceMeters>545.1</DistanceMeters>
      <HeartRateBpm>
       <Value>153</Value>
      </HeartRateBpm>
      <Extensions>
       <TPX xmlns="http://www.garmin.com/xmlschemas/ActivityExtension/v2">
        <Speed>2.5</Speed>
       </TPX>
      </Extensions>
     </Trackpoint>
     <Trackpoint>
      <Time>2026-08-13T11:06:04Z</Time>
      <Position>
       <LatitudeDegrees>5.2359990</LatitudeDegrees>
       <LongitudeDegrees>100.4391880</LongitudeDegrees>
      </Position>
      <AltitudeMeters>5.3</AltitudeMeters>
      <DistanceMeters>547.7</DistanceMeters>
      <HeartRateBpm>
       <Value>153</Value>
      </HeartRateBpm>
      <Extensions>
       <TPX xmlns="http://www.garmin.com/xmlschemas/ActivityExtension/v2">
        <Speed>2.5</Speed>
       </TPX>
      </Extensions>
     </Trackpoint>
     <Trackpoint>
      <Time>2026-08-13T11:06:05Z</Time>
      <Position>
       <LatitudeDegrees>5.2359790</LatitudeDegrees>
       <LongitudeDegrees>100.4391820</LongitudeDegrees>
      </Position>
      <AltitudeMeters>5.3</AltitudeMeters>
      <DistanceMeters>550.0</DistanceMeters>
      <HeartRateBpm>
       <Value>152</Value>
      </HeartRateBpm>
      <Extensions>
       <TPX xmlns="http://www.garmin.com/xmlschemas/ActivityExtension/v2">
        <Speed>2.5</Speed>
       </TPX>
      </Extensions>
     </Trackpoint>
     <Trackpoint>
      <Time>2026-08-13T11:06:06Z</Time>
      <Position>
       <LatitudeDegrees>5.2359590</LatitudeDegrees>
       <LongitudeDegrees>100.4391690</LongitudeDegrees>
      </Position>
      <AltitudeMeters>5.3</AltitudeMeters>
      <DistanceMeters>552.6</DistanceMeters>
      <HeartRateBpm>
       <Value>152</Value>
      </HeartRateBpm>
      <Extensions>
       <TPX xmlns="http://www.garmin.com/xmlschemas/ActivityExtension/v2">
        <Speed>2.5</Speed>
       </TPX>
      </Extensions>
     </Trackpoint>
     <Trackpoint>
      <Time>2026-08-13T11:06:07Z</Time>
      <Position>
       <LatitudeDegrees>5.2359430</LatitudeDegrees>
       <LongitudeDegrees>100.4391560</LongitudeDegrees>
      </Position>
      <AltitudeMeters>5.3</AltitudeMeters>
      <DistanceMeters>554.9</DistanceMeters>
      <HeartRateBpm>
       <Value>152</Value>
      </HeartRateBpm>
      <Extensions>
       <TPX xmlns="http://www.garmin.com/xmlschemas/ActivityExtension/v2">
        <Speed>2.5</Speed>
       </TPX>
      </Extensions>
     </Trackpoint>
     <Trackpoint>
      <Time>2026-08-13T11:06:08Z</Time>
      <Position>
       <LatitudeDegrees>5.2359250</LatitudeDegrees>
       <LongitudeDegrees>100.4391450</LongitudeDegrees>
      </Position>
      <AltitudeMeters>5.3</AltitudeMeters>
      <DistanceMeters>557.3</DistanceMeters>
      <HeartRateBpm>
       <Value>153</Value>
      </HeartRateBpm>
      <Extensions>
       <TPX xmlns="http://www.garmin.com/xmlschemas/ActivityExtension/v2">
        <Speed>2.4</Speed>
       </TPX>
      </Extensions>
     </Trackpoint>
     <Trackpoint>
      <Time>2026-08-13T11:06:09Z</Time>
      <Position>
       <LatitudeDegrees>5.2359060</LatitudeDegrees>
       <LongitudeDegrees>100.4391340</LongitudeDegrees>
      </Position>
      <AltitudeMeters>5.3</AltitudeMeters>
      <DistanceMeters>559.7</DistanceMeters>
      <HeartRateBpm>
       <Value>153</Value>
      </HeartRateBpm>
      <Extensions>
       <TPX xmlns="http://www.garmin.com/xmlschemas/ActivityExtension/v2">
        <Speed>2.4</Speed>
       </TPX>
      </Extensions>
     </Trackpoint>
     <Trackpoint>
      <Time>2026-08-13T11:06:10Z</Time>
      <Position>
       <LatitudeDegrees>5.2358860</LatitudeDegrees>
       <LongitudeDegrees>100.4391220</LongitudeDegrees>
      </Position>
      <AltitudeMeters>5.3</AltitudeMeters>
      <DistanceMeters>562.3</DistanceMeters>
      <HeartRateBpm>
       <Value>152</Value>
      </HeartRateBpm>
      <Extensions>
       <TPX xmlns="http://www.garmin.com/xmlschemas/ActivityExtension/v2">
        <Speed>2.5</Speed>
       </TPX>
      </Extensions>
     </Trackpoint>
     <Trackpoint>
      <Time>2026-08-13T11:06:11Z</Time>
      <Position>
       <LatitudeDegrees>5.2358650</LatitudeDegrees>
       <LongitudeDegrees>100.4391140</LongitudeDegrees>
      </Position>
      <AltitudeMeters>5.3</AltitudeMeters>
      <DistanceMeters>564.8</DistanceMeters>
      <HeartRateBpm>
       <Value>152</Value>
      </HeartRateBpm>
      <Extensions>
       <TPX xmlns="http://www.garmin.com/xmlschemas/ActivityExtension/v2">
        <Speed>2.4</Speed>
       </TPX>
      </Extensions>
     </Trackpoint>
     <Trackpoint>
      <Time>2026-08-13T11:06:12Z</Time>
      <Position>
       <LatitudeDegrees>5.2358420</LatitudeDegrees>
       <LongitudeDegrees>100.4391110</LongitudeDegrees>
      </Position>
      <AltitudeMeters>5.3</AltitudeMeters>
      <DistanceMeters>567.4</DistanceMeters>
      <HeartRateBpm>
       <Value>152</Value>
      </HeartRateBpm>
      <Extensions>
       <TPX xmlns="http://www.garmin.com/xmlschemas/ActivityExtension/v2">
        <Speed>2.5</Speed>
       </TPX>
      </Extensions>
     </Trackpoint>
     <Trackpoint>
      <Time>2026-08-13T11:06:13Z</Time>
      <Position>
       <LatitudeDegrees>5.2358200</LatitudeDegrees>
       <LongitudeDegrees>100.4391150</LongitudeDegrees>
      </Position>
      <AltitudeMeters>5.3</AltitudeMeters>
      <DistanceMeters>569.8</DistanceMeters>
      <HeartRateBpm>
       <Value>152</Value>
      </HeartRateBpm>
      <Extensions>
       <TPX xmlns="http://www.garmin.com/xmlschemas/ActivityExtension/v2">
        <Speed>2.5</Speed>
       </TPX>
      </Extensions>
     </Trackpoint>
     <Trackpoint>
      <Time>2026-08-13T11:06:14Z</Time>
      <Position>
       <LatitudeDegrees>5.2358000</LatitudeDegrees>
       <LongitudeDegrees>100.4391260</LongitudeDegrees>
      </Position>
      <AltitudeMeters>5.2</AltitudeMeters>
      <DistanceMeters>572.3</DistanceMeters>
      <HeartRateBpm>
       <Value>152</Value>
      </HeartRateBpm>
      <Extensions>
       <TPX xmlns="http://www.garmin.com/xmlschemas/ActivityExtension/v2">
        <Speed>2.5</Speed>
       </TPX>
      </Extensions>
     </Trackpoint>
     <Trackpoint>
      <Time>2026-08-13T11:06:15Z</Time>
      <Position>
       <LatitudeDegrees>5.2357810</LatitudeDegrees>
       <LongitudeDegrees>100.4391390</LongitudeDegrees>
      </Position>
      <AltitudeMeters>5.2</AltitudeMeters>
      <DistanceMeters>574.8</DistanceMeters>
      <HeartRateBpm>
       <Value>152</Value>
      </HeartRateBpm>
      <Extensions>
       <TPX xmlns="http://www.garmin.com/xmlschemas/ActivityExtension/v2">
        <Speed>2.5</Speed>
       </TPX>
      </Extensions>
     </Trackpoint>
     <Trackpoint>
      <Time>2026-08-13T11:06:16Z</Time>
      <Position>
       <LatitudeDegrees>5.2357630</LatitudeDegrees>
       <LongitudeDegrees>100.4391520</LongitudeDegrees>
      </Position>
      <AltitudeMeters>5.2</AltitudeMeters>
      <DistanceMeters>577.3</DistanceMeters>
      <HeartRateBpm>
       <Value>153</Value>
      </HeartRateBpm>
      <Extensions>
       <TPX xmlns="http://www.garmin.com/xmlschemas/ActivityExtension/v2">
        <Speed>2.5</Speed>
       </TPX>
      </Extensions>
     </Trackpoint>
     <Trackpoint>
      <Time>2026-08-13T11:06:17Z</Time>
      <Position>
       <LatitudeDegrees>5.2357450</LatitudeDegrees>
       <LongitudeDegrees>100.4391660</LongitudeDegrees>
      </Position>
      <AltitudeMeters>5.2</AltitudeMeters>
      <DistanceMeters>579.8</DistanceMeters>
      <HeartRateBpm>
       <Value>153</Value>
      </HeartRateBpm>
      <Extensions>
       <TPX xmlns="http://www.garmin.com/xmlschemas/ActivityExtension/v2">
        <Speed>2.5</Speed>
       </TPX>
      </Extensions>
     </Trackpoint>
     <Trackpoint>
      <Time>2026-08-13T11:06:18Z</Time>
      <Position>
       <LatitudeDegrees>5.2357290</LatitudeDegrees>
       <LongitudeDegrees>100.4391820</LongitudeDegrees>
      </Position>
      <AltitudeMeters>5.2</AltitudeMeters>
      <DistanceMeters>582.3</DistanceMeters>
      <HeartRateBpm>
       <Value>153</Value>
      </HeartRateBpm>
      <Extensions>
       <TPX xmlns="http://www.garmin.com/xmlschemas/ActivityExtension/v2">
        <Speed>2.5</Speed>
       </TPX>
      </Extensions>
     </Trackpoint>
     <Trackpoint>
      <Time>2026-08-13T11:06:19Z</Time>
      <Position>
       <LatitudeDegrees>5.2357110</LatitudeDegrees>
       <LongitudeDegrees>100.4391930</LongitudeDegrees>
      </Position>
      <AltitudeMeters>5.2</AltitudeMeters>
      <DistanceMeters>584.7</DistanceMeters>
      <HeartRateBpm>
       <Value>153</Value>
      </HeartRateBpm>
      <Extensions>
       <TPX xmlns="http://www.garmin.com/xmlschemas/ActivityExtension/v2">
        <Speed>2.5</Speed>
       </TPX>
      </Extensions>
     </Trackpoint>
     <Trackpoint>
      <Time>2026-08-13T11:06:20Z</Time>
      <Position>
       <LatitudeDegrees>5.2356930</LatitudeDegrees>
       <LongitudeDegrees>100.4392060</LongitudeDegrees>
      </Position>
      <AltitudeMeters>5.2</AltitudeMeters>
      <DistanceMeters>587.2</DistanceMeters>
      <HeartRateBpm>
       <Value>152</Value>
      </HeartRateBpm>
      <Extensions>
       <TPX xmlns="http://www.garmin.com/xmlschemas/ActivityExtension/v2">
        <Speed>2.5</Speed>
       </TPX>
      </Extensions>
     </Trackpoint>
     <Trackpoint>
      <Time>2026-08-13T11:06:21Z</Time>
      <Position>
       <LatitudeDegrees>5.2356780</LatitudeDegrees>
       <LongitudeDegrees>100.4392200</LongitudeDegrees>
      </Position>
      <AltitudeMeters>5.2</AltitudeMeters>
      <DistanceMeters>589.5</DistanceMeters>
      <HeartRateBpm>
       <Value>152</Value>
      </HeartRateBpm>
      <Extensions>
       <TPX xmlns="http://www.garmin.com/xmlschemas/ActivityExtension/v2">
        <Speed>2.4</Speed>
       </TPX>
      </Extensions>
     </Trackpoint>
     <Trackpoint>
      <Time>2026-08-13T11:06:22Z</Time>
      <Position>
       <LatitudeDegrees>5.2356650</LatitudeDegrees>
       <LongitudeDegrees>100.4392330</LongitudeDegrees>
      </Position>
      <AltitudeMeters>5.2</AltitudeMeters>
      <DistanceMeters>591.5</DistanceMeters>
      <HeartRateBpm>
       <Value>152</Value>
      </HeartRateBpm>
      <Extensions>
       <TPX xmlns="http://www.garmin.com/xmlschemas/ActivityExtension/v2">
        <Speed>2.3</Speed>
       </TPX>
      </Extensions>
     </Trackpoint>
     <Trackpoint>
      <Time>2026-08-13T11:06:23Z</Time>
      <Position>
       <LatitudeDegrees>5.2356490</LatitudeDegrees>
       <LongitudeDegrees>100.4392500</LongitudeDegrees>
      </Position>
      <AltitudeMeters>5.2</AltitudeMeters>
      <DistanceMeters>594.1</DistanceMeters>
      <HeartRateBpm>
       <Value>153</Value>
      </HeartRateBpm>
      <Extensions>
       <TPX xmlns="http://www.garmin.com/xmlschemas/ActivityExtension/v2">
        <Speed>2.4</Speed>
       </TPX>
      </Extensions>
     </Trackpoint>
     <Trackpoint>
      <Time>2026-08-13T11:06:24Z</Time>
      <Position>
       <LatitudeDegrees>5.2356380</LatitudeDegrees>
       <LongitudeDegrees>100.4392660</LongitudeDegrees>
      </Position>
      <AltitudeMeters>5.2</AltitudeMeters>
      <DistanceMeters>596.3</DistanceMeters>
      <HeartRateBpm>
       <Value>154</Value>
      </HeartRateBpm>
      <Extensions>
       <TPX xmlns="http://www.garmin.com/xmlschemas/ActivityExtension/v2">
        <Speed>2.3</Speed>
       </TPX>
      </Extensions>
     </Trackpoint>
     <Trackpoint>
      <Time>2026-08-13T11:06:25Z</Time>
      <Position>
       <LatitudeDegrees>5.2356250</LatitudeDegrees>
       <LongitudeDegrees>100.4392840</LongitudeDegrees>
      </Position>
      <AltitudeMeters>5.1</AltitudeMeters>
      <DistanceMeters>598.7</DistanceMeters>
      <HeartRateBpm>
       <Value>154</Value>
      </HeartRateBpm>
      <Extensions>
       <TPX xmlns="http://www.garmin.com/xmlschemas/ActivityExtension/v2">
        <Speed>2.3</Speed>
       </TPX>
      </Extensions>
     </Trackpoint>
     <Trackpoint>
      <Time>2026-08-13T11:06:26Z</Time>
      <Position>
       <LatitudeDegrees>5.2356100</LatitudeDegrees>
       <LongitudeDegrees>100.4393000</LongitudeDegrees>
      </Position>
      <AltitudeMeters>5.1</AltitudeMeters>
      <DistanceMeters>601.1</DistanceMeters>
      <HeartRateBpm>
       <Value>153</Value>
      </HeartRateBpm>
      <Extensions>
       <TPX xmlns="http://www.garmin.com/xmlschemas/ActivityExtension/v2">
        <Speed>2.3</Speed>
       </TPX>
      </Extensions>
     </Trackpoint>
     <Trackpoint>
      <Time>2026-08-13T11:06:27Z</Time>
      <Position>
       <LatitudeDegrees>5.2355970</LatitudeDegrees>
       <LongitudeDegrees>100.4393200</LongitudeDegrees>
      </Position>
      <AltitudeMeters>5.1</AltitudeMeters>
      <DistanceMeters>603.8</DistanceMeters>
      <HeartRateBpm>
       <Value>153</Value>
      </HeartRateBpm>
      <Extensions>
       <TPX xmlns="http://www.garmin.com/xmlschemas/ActivityExtension/v2">
        <Speed>2.5</Speed>
       </TPX>
      </Extensions>
     </Trackpoint>
     <Trackpoint>
      <Time>2026-08-13T11:06:28Z</Time>
      <Position>
       <LatitudeDegrees>5.2355890</LatitudeDegrees>
       <LongitudeDegrees>100.4393380</LongitudeDegrees>
      </Position>
      <AltitudeMeters>5.1</AltitudeMeters>
      <DistanceMeters>606.0</DistanceMeters>
      <HeartRateBpm>
       <Value>153</Value>
      </HeartRateBpm>
      <Extensions>
       <TPX xmlns="http://www.garmin.com/xmlschemas/ActivityExtension/v2">
        <Speed>2.4</Speed>
       </TPX>
      </Extensions>
     </Trackpoint>
     <Trackpoint>
      <Time>2026-08-13T11:06:29Z</Time>
      <Position>
       <LatitudeDegrees>5.2355780</LatitudeDegrees>
       <LongitudeDegrees>100.4393580</LongitudeDegrees>
      </Position>
      <AltitudeMeters>5.1</AltitudeMeters>
      <DistanceMeters>608.5</DistanceMeters>
      <HeartRateBpm>
       <Value>152</Value>
      </HeartRateBpm>
      <Extensions>
       <TPX xmlns="http://www.garmin.com/xmlschemas/ActivityExtension/v2">
        <Speed>2.4</Speed>
       </TPX>
      </Extensions>
     </Trackpoint>
     <Trackpoint>
      <Time>2026-08-13T11:06:30Z</Time>
      <Position>
       <LatitudeDegrees>5.2355700</LatitudeDegrees>
       <LongitudeDegrees>100.4393800</LongitudeDegrees>
      </Position>
      <AltitudeMeters>5.1</AltitudeMeters>
      <DistanceMeters>611.0</DistanceMeters>
      <HeartRateBpm>
       <Value>152</Value>
      </HeartRateBpm>
      <Extensions>
       <TPX xmlns="http://www.garmin.com/xmlschemas/ActivityExtension/v2">
        <Speed>2.5</Speed>
       </TPX>
      </Extensions>
     </Trackpoint>
     <Trackpoint>
      <Time>2026-08-13T11:06:31Z</Time>
      <Position>
       <LatitudeDegrees>5.2355580</LatitudeDegrees>
       <LongitudeDegrees>100.4393990</LongitudeDegrees>
      </Position>
      <AltitudeMeters>5.1</AltitudeMeters>
      <DistanceMeters>613.5</DistanceMeters>
      <HeartRateBpm>
       <Value>153</Value>
      </HeartRateBpm>
      <Extensions>
       <TPX xmlns="http://www.garmin.com/xmlschemas/ActivityExtension/v2">
        <Speed>2.5</Speed>
       </TPX>
      </Extensions>
     </Trackpoint>
     <Trackpoint>
      <Time>2026-08-13T11:06:32Z</Time>
      <Position>
       <LatitudeDegrees>5.2355430</LatitudeDegrees>
       <LongitudeDegrees>100.4394150</LongitudeDegrees>
      </Position>
      <AltitudeMeters>5.1</AltitudeMeters>
      <DistanceMeters>616.0</DistanceMeters>
      <HeartRateBpm>
       <Value>153</Value>
      </HeartRateBpm>
      <Extensions>
       <TPX xmlns="http://www.garmin.com/xmlschemas/ActivityExtension/v2">
        <Speed>2.4</Speed>
       </TPX>
      </Extensions>
     </Trackpoint>
     <Trackpoint>
      <Time>2026-08-13T11:06:33Z</Time>
      <Position>
       <LatitudeDegrees>5.2355240</LatitudeDegrees>
       <LongitudeDegrees>100.4394270</LongitudeDegrees>
      </Position>
      <AltitudeMeters>5.1</AltitudeMeters>
      <DistanceMeters>618.4</DistanceMeters>
      <HeartRateBpm>
       <Value>153</Value>
      </HeartRateBpm>
      <Extensions>
       <TPX xmlns="http://www.garmin.com/xmlschemas/ActivityExtension/v2">
        <Speed>2.5</Speed>
       </TPX>
      </Extensions>
     </Trackpoint>
     <Trackpoint>
      <Time>2026-08-13T11:06:34Z</Time>
      <Position>
       <LatitudeDegrees>5.2355000</LatitudeDegrees>
       <LongitudeDegrees>100.4394340</LongitudeDegrees>
      </Position>
      <AltitudeMeters>5.1</AltitudeMeters>
      <DistanceMeters>621.1</DistanceMeters>
      <HeartRateBpm>
       <Value>152</Value>
      </HeartRateBpm>
      <Extensions>
       <TPX xmlns="http://www.garmin.com/xmlschemas/ActivityExtension/v2">
        <Speed>2.5</Speed>
       </TPX>
      </Extensions>
     </Trackpoint>
     <Trackpoint>
      <Time>2026-08-13T11:06:35Z</Time>
      <Position>
       <LatitudeDegrees>5.2354760</LatitudeDegrees>
       <LongitudeDegrees>100.4394370</LongitudeDegrees>
      </Position>
      <AltitudeMeters>5.1</AltitudeMeters>
      <DistanceMeters>623.7</DistanceMeters>
      <HeartRateBpm>
       <Value>152</Value>
      </HeartRateBpm>
      <Extensions>
       <TPX xmlns="http://www.garmin.com/xmlschemas/ActivityExtension/v2">
        <Speed>2.5</Speed>
       </TPX>
      </Extensions>
     </Trackpoint>
     <Trackpoint>
      <Time>2026-08-13T11:06:36Z</Time>
      <Position>
       <LatitudeDegrees>5.2354500</LatitudeDegrees>
       <LongitudeDegrees>100.4394350</LongitudeDegrees>
      </Position>
      <AltitudeMeters>5.1</AltitudeMeters>
      <DistanceMeters>626.6</DistanceMeters>
      <HeartRateBpm>
       <Value>152</Value>
      </HeartRateBpm>
      <Extensions>
       <TPX xmlns="http://www.garmin.com/xmlschemas/ActivityExtension/v2">
        <Speed>2.6</Speed>
       </TPX>
      </Extensions>
     </Trackpoint>
     <Trackpoint>
      <Time>2026-08-13T11:06:37Z</Time>
      <Position>
       <LatitudeDegrees>5.2354260</LatitudeDegrees>
       <LongitudeDegrees>100.4394270</LongitudeDegrees>
      </Position>
      <AltitudeMeters>5.1</AltitudeMeters>
      <DistanceMeters>629.5</DistanceMeters>
      <HeartRateBpm>
       <Value>152</Value>
      </HeartRateBpm>
      <Extensions>
       <TPX xmlns="http://www.garmin.com/xmlschemas/ActivityExtension/v2">
        <Speed>2.7</Speed>
       </TPX>
      </Extensions>
     </Trackpoint>
     <Trackpoint>
      <Time>2026-08-13T11:06:38Z</Time>
      <Position>
       <LatitudeDegrees>5.2354050</LatitudeDegrees>
       <LongitudeDegrees>100.4394200</LongitudeDegrees>
      </Position>
      <AltitudeMeters>5.1</AltitudeMeters>
      <DistanceMeters>632.0</DistanceMeters>
      <HeartRateBpm>
       <Value>152</Value>
      </HeartRateBpm>
      <Extensions>
       <TPX xmlns="http://www.garmin.com/xmlschemas/ActivityExtension/v2">
        <Speed>2.7</Speed>
       </TPX>
      </Extensions>
     </Trackpoint>
     <Trackpoint>
      <Time>2026-08-13T11:06:39Z</Time>
      <Position>
       <LatitudeDegrees>5.2353850</LatitudeDegrees>
       <LongitudeDegrees>100.4394220</LongitudeDegrees>
      </Position>
      <AltitudeMeters>5.1</AltitudeMeters>
      <DistanceMeters>634.2</DistanceMeters>
      <HeartRateBpm>
       <Value>153</Value>
      </HeartRateBpm>
      <Extensions>
       <TPX xmlns="http://www.garmin.com/xmlschemas/ActivityExtension/v2">
        <Speed>2.6</Speed>
       </TPX>
      </Extensions>
     </Trackpoint>
     <Trackpoint>
      <Time>2026-08-13T11:06:40Z</Time>
      <Position>
       <LatitudeDegrees>5.2353650</LatitudeDegrees>
       <LongitudeDegrees>100.4394270</LongitudeDegrees>
      </Position>
      <AltitudeMeters>5.1</AltitudeMeters>
      <DistanceMeters>636.5</DistanceMeters>
      <HeartRateBpm>
       <Value>153</Value>
      </HeartRateBpm>
      <Extensions>
       <TPX xmlns="http://www.garmin.com/xmlschemas/ActivityExtension/v2">
        <Speed>2.6</Speed>
       </TPX>
      </Extensions>
     </Trackpoint>
     <Trackpoint>
      <Time>2026-08-13T11:06:41Z</Time>
      <Position>
       <LatitudeDegrees>5.2353430</LatitudeDegrees>
       <LongitudeDegrees>100.4394300</LongitudeDegrees>
      </Position>
      <AltitudeMeters>5.1</AltitudeMeters>
      <DistanceMeters>639.0</DistanceMeters>
      <HeartRateBpm>
       <Value>152</Value>
      </HeartRateBpm>
      <Extensions>
       <TPX xmlns="http://www.garmin.com/xmlschemas/ActivityExtension/v2">
        <Speed>2.5</Speed>
       </TPX>
      </Extensions>
     </Trackpoint>
     <Trackpoint>
      <Time>2026-08-13T11:06:42Z</Time>
      <Position>
       <LatitudeDegrees>5.2353220</LatitudeDegrees>
       <LongitudeDegrees>100.4394300</LongitudeDegrees>
      </Position>
      <AltitudeMeters>5.1</AltitudeMeters>
      <DistanceMeters>641.3</DistanceMeters>
      <HeartRateBpm>
       <Value>153</Value>
      </HeartRateBpm>
      <Extensions>
       <TPX xmlns="http://www.garmin.com/xmlschemas/ActivityExtension/v2">
        <Speed>2.4</Speed>
       </TPX>
      </Extensions>
     </Trackpoint>
     <Trackpoint>
      <Time>2026-08-13T11:06:43Z</Time>
      <Position>
       <LatitudeDegrees>5.2353020</LatitudeDegrees>
       <LongitudeDegrees>100.4394320</LongitudeDegrees>
      </Position>
      <AltitudeMeters>5.1</AltitudeMeters>
      <DistanceMeters>643.4</DistanceMeters>
      <HeartRateBpm>
       <Value>153</Value>
      </HeartRateBpm>
      <Extensions>
       <TPX xmlns="http://www.garmin.com/xmlschemas/ActivityExtension/v2">
        <Speed>2.3</Speed>
       </TPX>
      </Extensions>
     </Trackpoint>
     <Trackpoint>
      <Time>2026-08-13T11:06:44Z</Time>
      <Position>
       <LatitudeDegrees>5.2352850</LatitudeDegrees>
       <LongitudeDegrees>100.4394500</LongitudeDegrees>
      </Position>
      <AltitudeMeters>5.1</AltitudeMeters>
      <DistanceMeters>645.9</DistanceMeters>
      <HeartRateBpm>
       <Value>152</Value>
      </HeartRateBpm>
      <Extensions>
       <TPX xmlns="http://www.garmin.com/xmlschemas/ActivityExtension/v2">
        <Speed>2.3</Speed>
       </TPX>
      </Extensions>
     </Trackpoint>
     <Trackpoint>
      <Time>2026-08-13T11:06:45Z</Time>
      <Position>
       <LatitudeDegrees>5.2352740</LatitudeDegrees>
       <LongitudeDegrees>100.4394740</LongitudeDegrees>
      </Position>
      <AltitudeMeters>5.1</AltitudeMeters>
      <DistanceMeters>648.7</DistanceMeters>
      <HeartRateBpm>
       <Value>152</Value>
      </HeartRateBpm>
      <Extensions>
       <TPX xmlns="http://www.garmin.com/xmlschemas/ActivityExtension/v2">
        <Speed>2.4</Speed>
       </TPX>
      </Extensions>
     </Trackpoint>
     <Trackpoint>
      <Time>2026-08-13T11:06:46Z</Time>
      <Position>
       <LatitudeDegrees>5.2352540</LatitudeDegrees>
       <LongitudeDegrees>100.4394850</LongitudeDegrees>
      </Position>
      <AltitudeMeters>5.1</AltitudeMeters>
      <DistanceMeters>651.1</DistanceMeters>
      <HeartRateBpm>
       <Value>152</Value>
      </HeartRateBpm>
      <Extensions>
       <TPX xmlns="http://www.garmin.com/xmlschemas/ActivityExtension/v2">
        <Speed>2.4</Speed>
       </TPX>
      </Extensions>
     </Trackpoint>
     <Trackpoint>
      <Time>2026-08-13T11:06:47Z</Time>
      <Position>
       <LatitudeDegrees>5.2352320</LatitudeDegrees>
       <LongitudeDegrees>100.4394910</LongitudeDegrees>
      </Position>
      <AltitudeMeters>5.1</AltitudeMeters>
      <DistanceMeters>653.7</DistanceMeters>
      <HeartRateBpm>
       <Value>151</Value>
      </HeartRateBpm>
      <Extensions>
       <TPX xmlns="http://www.garmin.com/xmlschemas/ActivityExtension/v2">
        <Speed>2.5</Speed>
       </TPX>
      </Extensions>
     </Trackpoint>
     <Trackpoint>
      <Time>2026-08-13T11:06:48Z</Time>
      <Position>
       <LatitudeDegrees>5.2352090</LatitudeDegrees>
       <LongitudeDegrees>100.4394940</LongitudeDegrees>
      </Position>
      <AltitudeMeters>5.1</AltitudeMeters>
      <DistanceMeters>656.3</DistanceMeters>
      <HeartRateBpm>
       <Value>151</Value>
      </HeartRateBpm>
      <Extensions>
       <TPX xmlns="http://www.garmin.com/xmlschemas/ActivityExtension/v2">
        <Speed>2.6</Speed>
       </TPX>
      </Extensions>
     </Trackpoint>
     <Trackpoint>
      <Time>2026-08-13T11:06:49Z</Time>
      <Position>
       <LatitudeDegrees>5.2351860</LatitudeDegrees>
       <LongitudeDegrees>100.4394910</LongitudeDegrees>
      </Position>
      <AltitudeMeters>5.1</AltitudeMeters>
      <DistanceMeters>658.8</DistanceMeters>
      <HeartRateBpm>
       <Value>152</Value>
      </HeartRateBpm>
      <Extensions>
       <TPX xmlns="http://www.garmin.com/xmlschemas/ActivityExtension/v2">
        <Speed>2.6</Speed>
       </TPX>
      </Extensions>
     </Trackpoint>
     <Trackpoint>
      <Time>2026-08-13T11:06:50Z</Time>
      <Position>
       <LatitudeDegrees>5.2351650</LatitudeDegrees>
       <LongitudeDegrees>100.4394910</LongitudeDegrees>
      </Position>
      <AltitudeMeters>5.1</AltitudeMeters>
      <DistanceMeters>661.1</DistanceMeters>
      <HeartRateBpm>
       <Value>153</Value>
      </HeartRateBpm>
      <Extensions>
       <TPX xmlns="http://www.garmin.com/xmlschemas/ActivityExtension/v2">
        <Speed>2.5</Speed>
       </TPX>
      </Extensions>
     </Trackpoint>
     <Trackpoint>
      <Time>2026-08-13T11:06:51Z</Time>
      <Position>
       <LatitudeDegrees>5.2351450</LatitudeDegrees>
       <LongitudeDegrees>100.4394950</LongitudeDegrees>
      </Position>
      <AltitudeMeters>5.1</AltitudeMeters>
      <DistanceMeters>663.4</DistanceMeters>
      <HeartRateBpm>
       <Value>153</Value>
      </HeartRateBpm>
      <Extensions>
       <TPX xmlns="http://www.garmin.com/xmlschemas/ActivityExtension/v2">
        <Speed>2.5</Speed>
       </TPX>
      </Extensions>
     </Trackpoint>
     <Trackpoint>
      <Time>2026-08-13T11:06:52Z</Time>
      <Position>
       <LatitudeDegrees>5.2351240</LatitudeDegrees>
       <LongitudeDegrees>100.4395010</LongitudeDegrees>
      </Position>
      <AltitudeMeters>5.1</AltitudeMeters>
      <DistanceMeters>665.8</DistanceMeters>
      <HeartRateBpm>
       <Value>153</Value>
      </HeartRateBpm>
      <Extensions>
       <TPX xmlns="http://www.garmin.com/xmlschemas/ActivityExtension/v2">
        <Speed>2.4</Speed>
       </TPX>
      </Extensions>
     </Trackpoint>
     <Trackpoint>
      <Time>2026-08-13T11:06:53Z</Time>
      <Position>
       <LatitudeDegrees>5.2351050</LatitudeDegrees>
       <LongitudeDegrees>100.4395100</LongitudeDegrees>
      </Position>
      <AltitudeMeters>5.1</AltitudeMeters>
      <DistanceMeters>668.1</DistanceMeters>
      <HeartRateBpm>
       <Value>152</Value>
      </HeartRateBpm>
      <Extensions>
       <TPX xmlns="http://www.garmin.com/xmlschemas/ActivityExtension/v2">
        <Speed>2.4</Speed>
       </TPX>
      </Extensions>
     </Trackpoint>
     <Trackpoint>
      <Time>2026-08-13T11:06:54Z</Time>
      <Position>
       <LatitudeDegrees>5.2350840</LatitudeDegrees>
       <LongitudeDegrees>100.4395170</LongitudeDegrees>
      </Position>
      <AltitudeMeters>5.1</AltitudeMeters>
      <DistanceMeters>670.6</DistanceMeters>
      <HeartRateBpm>
       <Value>152</Value>
      </HeartRateBpm>
      <Extensions>
       <TPX xmlns="http://www.garmin.com/xmlschemas/ActivityExtension/v2">
        <Speed>2.4</Speed>
       </TPX>
      </Extensions>
     </Trackpoint>
     <Trackpoint>
      <Time>2026-08-13T11:06:55Z</Time>
      <Position>
       <LatitudeDegrees>5.2350640</LatitudeDegrees>
       <LongitudeDegrees>100.4395270</LongitudeDegrees>
      </Position>
      <AltitudeMeters>5.1</AltitudeMeters>
      <DistanceMeters>673.1</DistanceMeters>
      <HeartRateBpm>
       <Value>152</Value>
      </HeartRateBpm>
      <Extensions>
       <TPX xmlns="http://www.garmin.com/xmlschemas/ActivityExtension/v2">
        <Speed>2.4</Speed>
       </TPX>
      </Extensions>
     </Trackpoint>
     <Trackpoint>
      <Time>2026-08-13T11:06:56Z</Time>
      <Position>
       <LatitudeDegrees>5.2350430</LatitudeDegrees>
       <LongitudeDegrees>100.4395350</LongitudeDegrees>
      </Position>
      <AltitudeMeters>5.1</AltitudeMeters>
      <DistanceMeters>675.6</DistanceMeters>
      <HeartRateBpm>
       <Value>152</Value>
      </HeartRateBpm>
      <Extensions>
       <TPX xmlns="http://www.garmin.com/xmlschemas/ActivityExtension/v2">
        <Speed>2.4</Speed>
       </TPX>
      </Extensions>
     </Trackpoint>
     <Trackpoint>
      <Time>2026-08-13T11:06:57Z</Time>
      <Position>
       <LatitudeDegrees>5.2350200</LatitudeDegrees>
       <LongitudeDegrees>100.4395390</LongitudeDegrees>
      </Position>
      <AltitudeMeters>5.1</AltitudeMeters>
      <DistanceMeters>678.2</DistanceMeters>
      <HeartRateBpm>
       <Value>153</Value>
      </HeartRateBpm>
      <Extensions>
       <TPX xmlns="http://www.garmin.com/xmlschemas/ActivityExtension/v2">
        <Speed>2.5</Speed>
       </TPX>
      </Extensions>
     </Trackpoint>
     <Trackpoint>
      <Time>2026-08-13T11:06:58Z</Time>
      <Position>
       <LatitudeDegrees>5.2349960</LatitudeDegrees>
       <LongitudeDegrees>100.4395390</LongitudeDegrees>
      </Position>
      <AltitudeMeters>5.1</AltitudeMeters>
      <DistanceMeters>680.8</DistanceMeters>
      <HeartRateBpm>
       <Value>153</Value>
      </HeartRateBpm>
      <Extensions>
       <TPX xmlns="http://www.garmin.com/xmlschemas/ActivityExtension/v2">
        <Speed>2.5</Speed>
       </TPX>
      </Extensions>
     </Trackpoint>
     <Trackpoint>
      <Time>2026-08-13T11:06:59Z</Time>
      <Position>
       <LatitudeDegrees>5.2349730</LatitudeDegrees>
       <LongitudeDegrees>100.4395390</LongitudeDegrees>
      </Position>
      <AltitudeMeters>5.1</AltitudeMeters>
      <DistanceMeters>683.4</DistanceMeters>
      <HeartRateBpm>
       <Value>153</Value>
      </HeartRateBpm>
      <Extensions>
       <TPX xmlns="http://www.garmin.com/xmlschemas/ActivityExtension/v2">
        <Speed>2.6</Speed>
       </TPX>
      </Extensions>
     </Trackpoint>
     <Trackpoint>
      <Time>2026-08-13T11:07:00Z</Time>
      <Position>
       <LatitudeDegrees>5.2349520</LatitudeDegrees>
       <LongitudeDegrees>100.4395450</LongitudeDegrees>
      </Position>
      <AltitudeMeters>5.1</AltitudeMeters>
      <DistanceMeters>685.8</DistanceMeters>
      <HeartRateBpm>
       <Value>153</Value>
      </HeartRateBpm>
      <Extensions>
       <TPX xmlns="http://www.garmin.com/xmlschemas/ActivityExtension/v2">
        <Speed>2.5</Speed>
       </TPX>
      </Extensions>
     </Trackpoint>
     <Trackpoint>
      <Time>2026-08-13T11:07:01Z</Time>
      <Position>
       <LatitudeDegrees>5.2349300</LatitudeDegrees>
       <LongitudeDegrees>100.4395550</LongitudeDegrees>
      </Position>
      <AltitudeMeters>5.1</AltitudeMeters>
      <DistanceMeters>688.4</DistanceMeters>
      <HeartRateBpm>
       <Value>153</Value>
      </HeartRateBpm>
      <Extensions>
       <TPX xmlns="http://www.garmin.com/xmlschemas/ActivityExtension/v2">
        <Speed>2.6</Speed>
       </TPX>
      </Extensions>
     </Trackpoint>
     <Trackpoint>
      <Time>2026-08-13T11:07:02Z</Time>
      <Position>
       <LatitudeDegrees>5.2349090</LatitudeDegrees>
       <LongitudeDegrees>100.4395650</LongitudeDegrees>
      </Position>
      <AltitudeMeters>5.1</AltitudeMeters>
      <DistanceMeters>691.0</DistanceMeters>
      <HeartRateBpm>
       <Value>153</Value>
      </HeartRateBpm>
      <Extensions>
       <TPX xmlns="http://www.garmin.com/xmlschemas/ActivityExtension/v2">
        <Speed>2.6</Speed>
       </TPX>
      </Extensions>
     </Trackpoint>
     <Trackpoint>
      <Time>2026-08-13T11:07:03Z</Time>
      <Position>
       <LatitudeDegrees>5.2348880</LatitudeDegrees>
       <LongitudeDegrees>100.4395710</LongitudeDegrees>
      </Position>
      <AltitudeMeters>5.1</AltitudeMeters>
      <DistanceMeters>693.5</DistanceMeters>
      <HeartRateBpm>
       <Value>152</Value>
      </HeartRateBpm>
      <Extensions>
       <TPX xmlns="http://www.garmin.com/xmlschemas/ActivityExtension/v2">
        <Speed>2.5</Speed>
       </TPX>
      </Extensions>
     </Trackpoint>
     <Trackpoint>
      <Time>2026-08-13T11:07:04Z</Time>
      <Position>
       <LatitudeDegrees>5.2348640</LatitudeDegrees>
       <LongitudeDegrees>100.4395750</LongitudeDegrees>
      </Position>
      <AltitudeMeters>5.1</AltitudeMeters>
      <DistanceMeters>696.2</DistanceMeters>
      <HeartRateBpm>
       <Value>152</Value>
      </HeartRateBpm>
      <Extensions>
       <TPX xmlns="http://www.garmin.com/xmlschemas/ActivityExtension/v2">
        <Speed>2.6</Speed>
       </TPX>
      </Extensions>
     </Trackpoint>
     <Trackpoint>
      <Time>2026-08-13T11:07:05Z</Time>
      <Position>
       <LatitudeDegrees>5.2348420</LatitudeDegrees>
       <LongitudeDegrees>100.4395780</LongitudeDegrees>
      </Position>
      <AltitudeMeters>5.1</AltitudeMeters>
      <DistanceMeters>698.6</DistanceMeters>
      <HeartRateBpm>
       <Value>152</Value>
      </HeartRateBpm>
      <Extensions>
       <TPX xmlns="http://www.garmin.com/xmlschemas/ActivityExtension/v2">
        <Speed>2.6</Speed>
       </TPX>
      </Extensions>
     </Trackpoint>
     <Trackpoint>
      <Time>2026-08-13T11:07:06Z</Time>
      <Position>
       <LatitudeDegrees>5.2348170</LatitudeDegrees>
       <LongitudeDegrees>100.4395810</LongitudeDegrees>
      </Position>
      <AltitudeMeters>5.1</AltitudeMeters>
      <DistanceMeters>701.4</DistanceMeters>
      <HeartRateBpm>
       <Value>153</Value>
      </HeartRateBpm>
      <Extensions>
       <TPX xmlns="http://www.garmin.com/xmlschemas/ActivityExtension/v2">
        <Speed>2.6</Speed>
       </TPX>
      </Extensions>
     </Trackpoint>
     <Trackpoint>
      <Time>2026-08-13T11:07:07Z</Time>
      <Position>
       <LatitudeDegrees>5.2347930</LatitudeDegrees>
       <LongitudeDegrees>100.4395850</LongitudeDegrees>
      </Position>
      <AltitudeMeters>5.1</AltitudeMeters>
      <DistanceMeters>704.1</DistanceMeters>
      <HeartRateBpm>
       <Value>153</Value>
      </HeartRateBpm>
      <Extensions>
       <TPX xmlns="http://www.garmin.com/xmlschemas/ActivityExtension/v2">
        <Speed>2.6</Speed>
       </TPX>
      </Extensions>
     </Trackpoint>
     <Trackpoint>
      <Time>2026-08-13T11:07:08Z</Time>
      <Position>
       <LatitudeDegrees>5.2347720</LatitudeDegrees>
       <LongitudeDegrees>100.4395890</LongitudeDegrees>
      </Position>
      <AltitudeMeters>5.1</AltitudeMeters>
      <DistanceMeters>706.5</DistanceMeters>
      <HeartRateBpm>
       <Value>153</Value>
      </HeartRateBpm>
      <Extensions>
       <TPX xmlns="http://www.garmin.com/xmlschemas/ActivityExtension/v2">
        <Speed>2.6</Speed>
       </TPX>
      </Extensions>
     </Trackpoint>
     <Trackpoint>
      <Time>2026-08-13T11:07:09Z</Time>
      <Position>
       <LatitudeDegrees>5.2347470</LatitudeDegrees>
       <LongitudeDegrees>100.4395930</LongitudeDegrees>
      </Position>
      <AltitudeMeters>5.1</AltitudeMeters>
      <DistanceMeters>709.3</DistanceMeters>
      <HeartRateBpm>
       <Value>152</Value>
      </HeartRateBpm>
      <Extensions>
       <TPX xmlns="http://www.garmin.com/xmlschemas/ActivityExtension/v2">
        <Speed>2.6</Speed>
       </TPX>
      </Extensions>
     </Trackpoint>
     <Trackpoint>
      <Time>2026-08-13T11:07:10Z</Time>
      <Position>
       <LatitudeDegrees>5.2347230</LatitudeDegrees>
       <LongitudeDegrees>100.4395980</LongitudeDegrees>
      </Position>
      <AltitudeMeters>5.1</AltitudeMeters>
      <DistanceMeters>712.1</DistanceMeters>
      <HeartRateBpm>
       <Value>152</Value>
      </HeartRateBpm>
      <Extensions>
       <TPX xmlns="http://www.garmin.com/xmlschemas/ActivityExtension/v2">
        <Speed>2.7</Speed>
       </TPX>
      </Extensions>
     </Trackpoint>
     <Trackpoint>
      <Time>2026-08-13T11:07:11Z</Time>
      <Position>
       <LatitudeDegrees>5.2346980</LatitudeDegrees>
       <LongitudeDegrees>100.4395980</LongitudeDegrees>
      </Position>
      <AltitudeMeters>5.1</AltitudeMeters>
      <DistanceMeters>714.9</DistanceMeters>
      <HeartRateBpm>
       <Value>152</Value>
      </HeartRateBpm>
      <Extensions>
       <TPX xmlns="http://www.garmin.com/xmlschemas/ActivityExtension/v2">
        <Speed>2.7</Speed>
       </TPX>
      </Extensions>
     </Trackpoint>
     <Trackpoint>
      <Time>2026-08-13T11:07:12Z</Time>
      <Position>
       <LatitudeDegrees>5.2346740</LatitudeDegrees>
       <LongitudeDegrees>100.4395970</LongitudeDegrees>
      </Position>
      <AltitudeMeters>5.1</AltitudeMeters>
      <DistanceMeters>717.5</DistanceMeters>
      <HeartRateBpm>
       <Value>153</Value>
      </HeartRateBpm>
      <Extensions>
       <TPX xmlns="http://www.garmin.com/xmlschemas/ActivityExtension/v2">
        <Speed>2.7</Speed>
       </TPX>
      </Extensions>
     </Trackpoint>
     <Trackpoint>
      <Time>2026-08-13T11:07:13Z</Time>
      <Position>
       <LatitudeDegrees>5.2346500</LatitudeDegrees>
       <LongitudeDegrees>100.4395930</LongitudeDegrees>
      </Position>
      <AltitudeMeters>5.1</AltitudeMeters>
      <DistanceMeters>720.2</DistanceMeters>
      <HeartRateBpm>
       <Value>152</Value>
      </HeartRateBpm>
      <Extensions>
       <TPX xmlns="http://www.garmin.com/xmlschemas/ActivityExtension/v2">
        <Speed>2.7</Speed>
       </TPX>
      </Extensions>
     </Trackpoint>
     <Trackpoint>
      <Time>2026-08-13T11:07:14Z</Time>
      <Position>
       <LatitudeDegrees>5.2346270</LatitudeDegrees>
       <LongitudeDegrees>100.4395880</LongitudeDegrees>
      </Position>
      <AltitudeMeters>5.1</AltitudeMeters>
      <DistanceMeters>722.8</DistanceMeters>
      <HeartRateBpm>
       <Value>153</Value>
      </HeartRateBpm>
      <Extensions>
       <TPX xmlns="http://www.garmin.com/xmlschemas/ActivityExtension/v2">
        <Speed>2.7</Speed>
       </TPX>
      </Extensions>
     </Trackpoint>
     <Trackpoint>
      <Time>2026-08-13T11:07:15Z</Time>
      <Position>
       <LatitudeDegrees>5.2346060</LatitudeDegrees>
       <LongitudeDegrees>100.4395810</LongitudeDegrees>
      </Position>
      <AltitudeMeters>5.1</AltitudeMeters>
      <DistanceMeters>725.3</DistanceMeters>
      <HeartRateBpm>
       <Value>154</Value>
      </HeartRateBpm>
      <Extensions>
       <TPX xmlns="http://www.garmin.com/xmlschemas/ActivityExtension/v2">
        <Speed>2.6</Speed>
       </TPX>
      </Extensions>
     </Trackpoint>
     <Trackpoint>
      <Time>2026-08-13T11:07:16Z</Time>
      <Position>
       <LatitudeDegrees>5.2345860</LatitudeDegrees>
       <LongitudeDegrees>100.4395720</LongitudeDegrees>
      </Position>
      <AltitudeMeters>5.1</AltitudeMeters>
      <DistanceMeters>727.7</DistanceMeters>
      <HeartRateBpm>
       <Value>154</Value>
      </HeartRateBpm>
      <Extensions>
       <TPX xmlns="http://www.garmin.com/xmlschemas/ActivityExtension/v2">
        <Speed>2.6</Speed>
       </TPX>
      </Extensions>
     </Trackpoint>
     <Trackpoint>
      <Time>2026-08-13T11:07:17Z</Time>
      <Position>
       <LatitudeDegrees>5.2345680</LatitudeDegrees>
       <LongitudeDegrees>100.4395570</LongitudeDegrees>
      </Position>
      <AltitudeMeters>5.1</AltitudeMeters>
      <DistanceMeters>730.3</DistanceMeters>
      <HeartRateBpm>
       <Value>155</Value>
      </HeartRateBpm>
      <Extensions>
       <TPX xmlns="http://www.garmin.com/xmlschemas/ActivityExtension/v2">
        <Speed>2.6</Speed>
       </TPX>
      </Extensions>
     </Trackpoint>
     <Trackpoint>
      <Time>2026-08-13T11:07:18Z</Time>
      <Position>
       <LatitudeDegrees>5.2345540</LatitudeDegrees>
       <LongitudeDegrees>100.4395430</LongitudeDegrees>
      </Position>
      <AltitudeMeters>5.1</AltitudeMeters>
      <DistanceMeters>732.5</DistanceMeters>
      <HeartRateBpm>
       <Value>154</Value>
      </HeartRateBpm>
      <Extensions>
       <TPX xmlns="http://www.garmin.com/xmlschemas/ActivityExtension/v2">
        <Speed>2.5</Speed>
       </TPX>
      </Extensions>
     </Trackpoint>
     <Trackpoint>
      <Time>2026-08-13T11:07:19Z</Time>
      <Position>
       <LatitudeDegrees>5.2345380</LatitudeDegrees>
       <LongitudeDegrees>100.4395260</LongitudeDegrees>
      </Position>
      <AltitudeMeters>5.1</AltitudeMeters>
      <DistanceMeters>735.1</DistanceMeters>
      <HeartRateBpm>
       <Value>154</Value>
      </HeartRateBpm>
      <Extensions>
       <TPX xmlns="http://www.garmin.com/xmlschemas/ActivityExtension/v2">
        <Speed>2.5</Speed>
       </TPX>
      </Extensions>
     </Trackpoint>
     <Trackpoint>
      <Time>2026-08-13T11:07:20Z</Time>
      <Position>
       <LatitudeDegrees>5.2345240</LatitudeDegrees>
       <LongitudeDegrees>100.4395090</LongitudeDegrees>
      </Position>
      <AltitudeMeters>5.1</AltitudeMeters>
      <DistanceMeters>737.5</DistanceMeters>
      <HeartRateBpm>
       <Value>154</Value>
      </HeartRateBpm>
      <Extensions>
       <TPX xmlns="http://www.garmin.com/xmlschemas/ActivityExtension/v2">
        <Speed>2.4</Speed>
       </TPX>
      </Extensions>
     </Trackpoint>
     <Trackpoint>
      <Time>2026-08-13T11:07:21Z</Time>
      <Position>
       <LatitudeDegrees>5.2345110</LatitudeDegrees>
       <LongitudeDegrees>100.4394880</LongitudeDegrees>
      </Position>
      <AltitudeMeters>5.1</AltitudeMeters>
      <DistanceMeters>740.2</DistanceMeters>
      <HeartRateBpm>
       <Value>154</Value>
      </HeartRateBpm>
      <Extensions>
       <TPX xmlns="http://www.garmin.com/xmlschemas/ActivityExtension/v2">
        <Speed>2.5</Speed>
       </TPX>
      </Extensions>
     </Trackpoint>
     <Trackpoint>
      <Time>2026-08-13T11:07:22Z</Time>
      <Position>
       <LatitudeDegrees>5.2345050</LatitudeDegrees>
       <LongitudeDegrees>100.4394660</LongitudeDegrees>
      </Position>
      <AltitudeMeters>5.1</AltitudeMeters>
      <DistanceMeters>742.7</DistanceMeters>
      <HeartRateBpm>
       <Value>154</Value>
      </HeartRateBpm>
      <Extensions>
       <TPX xmlns="http://www.garmin.com/xmlschemas/ActivityExtension/v2">
        <Speed>2.5</Speed>
       </TPX>
      </Extensions>
     </Trackpoint>
     <Trackpoint>
      <Time>2026-08-13T11:07:23Z</Time>
      <Position>
       <LatitudeDegrees>5.2344980</LatitudeDegrees>
       <LongitudeDegrees>100.4394450</LongitudeDegrees>
      </Position>
      <AltitudeMeters>5.1</AltitudeMeters>
      <DistanceMeters>745.2</DistanceMeters>
      <HeartRateBpm>
       <Value>153</Value>
      </HeartRateBpm>
      <Extensions>
       <TPX xmlns="http://www.garmin.com/xmlschemas/ActivityExtension/v2">
        <Speed>2.5</Speed>
       </TPX>
      </Extensions>
     </Trackpoint>
     <Trackpoint>
      <Time>2026-08-13T11:07:24Z</Time>
      <Position>
       <LatitudeDegrees>5.2344900</LatitudeDegrees>
       <LongitudeDegrees>100.4394230</LongitudeDegrees>
      </Position>
      <AltitudeMeters>5.1</AltitudeMeters>
      <DistanceMeters>747.8</DistanceMeters>
      <HeartRateBpm>
       <Value>154</Value>
      </HeartRateBpm>
      <Extensions>
       <TPX xmlns="http://www.garmin.com/xmlschemas/ActivityExtension/v2">
        <Speed>2.5</Speed>
       </TPX>
      </Extensions>
     </Trackpoint>
     <Trackpoint>
      <Time>2026-08-13T11:07:25Z</Time>
      <Position>
       <LatitudeDegrees>5.2344840</LatitudeDegrees>
       <LongitudeDegrees>100.4394020</LongitudeDegrees>
      </Position>
      <AltitudeMeters>5.2</AltitudeMeters>
      <DistanceMeters>750.2</DistanceMeters>
      <HeartRateBpm>
       <Value>154</Value>
      </HeartRateBpm>
      <Extensions>
       <TPX xmlns="http://www.garmin.com/xmlschemas/ActivityExtension/v2">
        <Speed>2.5</Speed>
       </TPX>
      </Extensions>
     </Trackpoint>
     <Trackpoint>
      <Time>2026-08-13T11:07:26Z</Time>
      <Position>
       <LatitudeDegrees>5.2344800</LatitudeDegrees>
       <LongitudeDegrees>100.4393790</LongitudeDegrees>
      </Position>
      <AltitudeMeters>5.2</AltitudeMeters>
      <DistanceMeters>752.7</DistanceMeters>
      <HeartRateBpm>
       <Value>154</Value>
      </HeartRateBpm>
      <Extensions>
       <TPX xmlns="http://www.garmin.com/xmlschemas/ActivityExtension/v2">
        <Speed>2.5</Speed>
       </TPX>
      </Extensions>
     </Trackpoint>
     <Trackpoint>
      <Time>2026-08-13T11:07:27Z</Time>
      <Position>
       <LatitudeDegrees>5.2344780</LatitudeDegrees>
       <LongitudeDegrees>100.4393580</LongitudeDegrees>
      </Position>
      <AltitudeMeters>5.2</AltitudeMeters>
      <DistanceMeters>755.0</DistanceMeters>
      <HeartRateBpm>
       <Value>154</Value>
      </HeartRateBpm>
      <Extensions>
       <TPX xmlns="http://www.garmin.com/xmlschemas/ActivityExtension/v2">
        <Speed>2.5</Speed>
       </TPX>
      </Extensions>
     </Trackpoint>
     <Trackpoint>
      <Time>2026-08-13T11:07:28Z</Time>
      <Position>
       <LatitudeDegrees>5.2344780</LatitudeDegrees>
       <LongitudeDegrees>100.4393360</LongitudeDegrees>
      </Position>
      <AltitudeMeters>5.2</AltitudeMeters>
      <DistanceMeters>757.5</DistanceMeters>
      <HeartRateBpm>
       <Value>153</Value>
      </HeartRateBpm>
      <Extensions>
       <TPX xmlns="http://www.garmin.com/xmlschemas/ActivityExtension/v2">
        <Speed>2.5</Speed>
       </TPX>
      </Extensions>
     </Trackpoint>
     <Trackpoint>
      <Time>2026-08-13T11:07:29Z</Time>
      <Position>
       <LatitudeDegrees>5.2344740</LatitudeDegrees>
       <LongitudeDegrees>100.4393130</LongitudeDegrees>
      </Position>
      <AltitudeMeters>5.2</AltitudeMeters>
      <DistanceMeters>760.1</DistanceMeters>
      <HeartRateBpm>
       <Value>153</Value>
      </HeartRateBpm>
      <Extensions>
       <TPX xmlns="http://www.garmin.com/xmlschemas/ActivityExtension/v2">
        <Speed>2.5</Speed>
       </TPX>
      </Extensions>
     </Trackpoint>
     <Trackpoint>
      <Time>2026-08-13T11:07:30Z</Time>
      <Position>
       <LatitudeDegrees>5.2344680</LatitudeDegrees>
       <LongitudeDegrees>100.4392920</LongitudeDegrees>
      </Position>
      <AltitudeMeters>5.2</AltitudeMeters>
      <DistanceMeters>762.5</DistanceMeters>
      <HeartRateBpm>
       <Value>153</Value>
      </HeartRateBpm>
      <Extensions>
       <TPX xmlns="http://www.garmin.com/xmlschemas/ActivityExtension/v2">
        <Speed>2.5</Speed>
       </TPX>
      </Extensions>
     </Trackpoint>
     <Trackpoint>
      <Time>2026-08-13T11:07:31Z</Time>
      <Position>
       <LatitudeDegrees>5.2344580</LatitudeDegrees>
       <LongitudeDegrees>100.4392700</LongitudeDegrees>
      </Position>
      <AltitudeMeters>5.2</AltitudeMeters>
      <DistanceMeters>765.2</DistanceMeters>
      <HeartRateBpm>
       <Value>152</Value>
      </HeartRateBpm>
      <Extensions>
       <TPX xmlns="http://www.garmin.com/xmlschemas/ActivityExtension/v2">
        <Speed>2.5</Speed>
       </TPX>
      </Extensions>
     </Trackpoint>
     <Trackpoint>
      <Time>2026-08-13T11:07:32Z</Time>
      <Position>
       <LatitudeDegrees>5.2344500</LatitudeDegrees>
       <LongitudeDegrees>100.4392520</LongitudeDegrees>
      </Position>
      <AltitudeMeters>5.2</AltitudeMeters>
      <DistanceMeters>767.4</DistanceMeters>
      <HeartRateBpm>
       <Value>152</Value>
      </HeartRateBpm>
      <Extensions>
       <TPX xmlns="http://www.garmin.com/xmlschemas/ActivityExtension/v2">
        <Speed>2.5</Speed>
       </TPX>
      </Extensions>
     </Trackpoint>
     <Trackpoint>
      <Time>2026-08-13T11:07:33Z</Time>
      <Position>
       <LatitudeDegrees>5.2344490</LatitudeDegrees>
       <LongitudeDegrees>100.4392290</LongitudeDegrees>
      </Position>
      <AltitudeMeters>5.2</AltitudeMeters>
      <DistanceMeters>769.9</DistanceMeters>
      <HeartRateBpm>
       <Value>152</Value>
      </HeartRateBpm>
      <Extensions>
       <TPX xmlns="http://www.garmin.com/xmlschemas/ActivityExtension/v2">
        <Speed>2.5</Speed>
       </TPX>
      </Extensions>
     </Trackpoint>
     <Trackpoint>
      <Time>2026-08-13T11:07:34Z</Time>
      <Position>
       <LatitudeDegrees>5.2344480</LatitudeDegrees>
       <LongitudeDegrees>100.4392080</LongitudeDegrees>
      </Position>
      <AltitudeMeters>5.2</AltitudeMeters>
      <DistanceMeters>772.2</DistanceMeters>
      <HeartRateBpm>
       <Value>153</Value>
      </HeartRateBpm>
      <Extensions>
       <TPX xmlns="http://www.garmin.com/xmlschemas/ActivityExtension/v2">
        <Speed>2.4</Speed>
       </TPX>
      </Extensions>
     </Trackpoint>
     <Trackpoint>
      <Time>2026-08-13T11:07:35Z</Time>
      <Position>
       <LatitudeDegrees>5.2344410</LatitudeDegrees>
       <LongitudeDegrees>100.4391880</LongitudeDegrees>
      </Position>
      <AltitudeMeters>5.2</AltitudeMeters>
      <DistanceMeters>774.6</DistanceMeters>
      <HeartRateBpm>
       <Value>153</Value>
      </HeartRateBpm>
      <Extensions>
       <TPX xmlns="http://www.garmin.com/xmlschemas/ActivityExtension/v2">
        <Speed>2.4</Speed>
       </TPX>
      </Extensions>
     </Trackpoint>
     <Trackpoint>
      <Time>2026-08-13T11:07:36Z</Time>
      <Position>
       <LatitudeDegrees>5.2344320</LatitudeDegrees>
       <LongitudeDegrees>100.4391670</LongitudeDegrees>
      </Position>
      <AltitudeMeters>5.2</AltitudeMeters>
      <DistanceMeters>777.1</DistanceMeters>
      <HeartRateBpm>
       <Value>154</Value>
      </HeartRateBpm>
      <Extensions>
       <TPX xmlns="http://www.garmin.com/xmlschemas/ActivityExtension/v2">
        <Speed>2.4</Speed>
       </TPX>
      </Extensions>
     </Trackpoint>
     <Trackpoint>
      <Time>2026-08-13T11:07:37Z</Time>
      <Position>
       <LatitudeDegrees>5.2344230</LatitudeDegrees>
       <LongitudeDegrees>100.4391480</LongitudeDegrees>
      </Position>
      <AltitudeMeters>5.2</AltitudeMeters>
      <DistanceMeters>779.4</DistanceMeters>
      <HeartRateBpm>
       <Value>153</Value>
      </HeartRateBpm>
      <Extensions>
       <TPX xmlns="http://www.garmin.com/xmlschemas/ActivityExtension/v2">
        <Speed>2.4</Speed>
       </TPX>
      </Extensions>
     </Trackpoint>
     <Trackpoint>
      <Time>2026-08-13T11:07:38Z</Time>
      <Position>
       <LatitudeDegrees>5.2344190</LatitudeDegrees>
       <LongitudeDegrees>100.4391270</LongitudeDegrees>
      </Position>
      <AltitudeMeters>5.2</AltitudeMeters>
      <DistanceMeters>781.8</DistanceMeters>
      <HeartRateBpm>
       <Value>153</Value>
      </HeartRateBpm>
      <Extensions>
       <TPX xmlns="http://www.garmin.com/xmlschemas/ActivityExtension/v2">
        <Speed>2.4</Speed>
       </TPX>
      </Extensions>
     </Trackpoint>
     <Trackpoint>
      <Time>2026-08-13T11:07:39Z</Time>
      <Position>
       <LatitudeDegrees>5.2344180</LatitudeDegrees>
       <LongitudeDegrees>100.4391060</LongitudeDegrees>
      </Position>
      <AltitudeMeters>5.2</AltitudeMeters>
      <DistanceMeters>784.1</DistanceMeters>
      <HeartRateBpm>
       <Value>153</Value>
      </HeartRateBpm>
      <Extensions>
       <TPX xmlns="http://www.garmin.com/xmlschemas/ActivityExtension/v2">
        <Speed>2.4</Speed>
       </TPX>
      </Extensions>
     </Trackpoint>
     <Trackpoint>
      <Time>2026-08-13T11:07:40Z</Time>
      <Position>
       <LatitudeDegrees>5.2344150</LatitudeDegrees>
       <LongitudeDegrees>100.4390850</LongitudeDegrees>
      </Position>
      <AltitudeMeters>5.2</AltitudeMeters>
      <DistanceMeters>786.5</DistanceMeters>
      <HeartRateBpm>
       <Value>153</Value>
      </HeartRateBpm>
      <Extensions>
       <TPX xmlns="http://www.garmin.com/xmlschemas/ActivityExtension/v2">
        <Speed>2.4</Speed>
       </TPX>
      </Extensions>
     </Trackpoint>
     <Trackpoint>
      <Time>2026-08-13T11:07:41Z</Time>
      <Position>
       <LatitudeDegrees>5.2344100</LatitudeDegrees>
       <LongitudeDegrees>100.4390650</LongitudeDegrees>
      </Position>
      <AltitudeMeters>5.2</AltitudeMeters>
      <DistanceMeters>788.8</DistanceMeters>
      <HeartRateBpm>
       <Value>153</Value>
      </HeartRateBpm>
      <Extensions>
       <TPX xmlns="http://www.garmin.com/xmlschemas/ActivityExtension/v2">
        <Speed>2.3</Speed>
       </TPX>
      </Extensions>
     </Trackpoint>
     <Trackpoint>
      <Time>2026-08-13T11:07:42Z</Time>
      <Position>
       <LatitudeDegrees>5.2344030</LatitudeDegrees>
       <LongitudeDegrees>100.4390450</LongitudeDegrees>
      </Position>
      <AltitudeMeters>5.3</AltitudeMeters>
      <DistanceMeters>791.1</DistanceMeters>
      <HeartRateBpm>
       <Value>153</Value>
      </HeartRateBpm>
      <Extensions>
       <TPX xmlns="http://www.garmin.com/xmlschemas/ActivityExtension/v2">
        <Speed>2.3</Speed>
       </TPX>
      </Extensions>
     </Trackpoint>
     <Trackpoint>
      <Time>2026-08-13T11:07:43Z</Time>
      <Position>
       <LatitudeDegrees>5.2343970</LatitudeDegrees>
       <LongitudeDegrees>100.4390240</LongitudeDegrees>
      </Position>
      <AltitudeMeters>5.3</AltitudeMeters>
      <DistanceMeters>793.5</DistanceMeters>
      <HeartRateBpm>
       <Value>153</Value>
      </HeartRateBpm>
      <Extensions>
       <TPX xmlns="http://www.garmin.com/xmlschemas/ActivityExtension/v2">
        <Speed>2.3</Speed>
       </TPX>
      </Extensions>
     </Trackpoint>
     <Trackpoint>
      <Time>2026-08-13T11:07:44Z</Time>
      <Position>
       <LatitudeDegrees>5.2343940</LatitudeDegrees>
       <LongitudeDegrees>100.4390030</LongitudeDegrees>
      </Position>
      <AltitudeMeters>5.3</AltitudeMeters>
      <DistanceMeters>795.8</DistanceMeters>
      <HeartRateBpm>
       <Value>153</Value>
      </HeartRateBpm>
      <Extensions>
       <TPX xmlns="http://www.garmin.com/xmlschemas/ActivityExtension/v2">
        <Speed>2.3</Speed>
       </TPX>
      </Extensions>
     </Trackpoint>
     <Trackpoint>
      <Time>2026-08-13T11:07:45Z</Time>
      <Position>
       <LatitudeDegrees>5.2343880</LatitudeDegrees>
       <LongitudeDegrees>100.4389840</LongitudeDegrees>
      </Position>
      <AltitudeMeters>5.3</AltitudeMeters>
      <DistanceMeters>798.0</DistanceMeters>
      <HeartRateBpm>
       <Value>153</Value>
      </HeartRateBpm>
      <Extensions>
       <TPX xmlns="http://www.garmin.com/xmlschemas/ActivityExtension/v2">
        <Speed>2.3</Speed>
       </TPX>
      </Extensions>
     </Trackpoint>
     <Trackpoint>
      <Time>2026-08-13T11:07:46Z</Time>
      <Position>
       <LatitudeDegrees>5.2343790</LatitudeDegrees>
       <LongitudeDegrees>100.4389620</LongitudeDegrees>
      </Position>
      <AltitudeMeters>5.3</AltitudeMeters>
      <DistanceMeters>800.7</DistanceMeters>
      <HeartRateBpm>
       <Value>153</Value>
      </HeartRateBpm>
      <Extensions>
       <TPX xmlns="http://www.garmin.com/xmlschemas/ActivityExtension/v2">
        <Speed>2.4</Speed>
       </TPX>
      </Extensions>
     </Trackpoint>
     <Trackpoint>
      <Time>2026-08-13T11:07:47Z</Time>
      <Position>
       <LatitudeDegrees>5.2343730</LatitudeDegrees>
       <LongitudeDegrees>100.4389430</LongitudeDegrees>
      </Position>
      <AltitudeMeters>5.3</AltitudeMeters>
      <DistanceMeters>802.9</DistanceMeters>
      <HeartRateBpm>
       <Value>153</Value>
      </HeartRateBpm>
      <Extensions>
       <TPX xmlns="http://www.garmin.com/xmlschemas/ActivityExtension/v2">
        <Speed>2.4</Speed>
       </TPX>
      </Extensions>
     </Trackpoint>
     <Trackpoint>
      <Time>2026-08-13T11:07:48Z</Time>
      <Position>
       <LatitudeDegrees>5.2343650</LatitudeDegrees>
       <LongitudeDegrees>100.4389240</LongitudeDegrees>
      </Position>
      <AltitudeMeters>5.3</AltitudeMeters>
      <DistanceMeters>805.1</DistanceMeters>
      <HeartRateBpm>
       <Value>153</Value>
      </HeartRateBpm>
      <Extensions>
       <TPX xmlns="http://www.garmin.com/xmlschemas/ActivityExtension/v2">
        <Speed>2.3</Speed>
       </TPX>
      </Extensions>
     </Trackpoint>
     <Trackpoint>
      <Time>2026-08-13T11:07:49Z</Time>
      <Position>
       <LatitudeDegrees>5.2343590</LatitudeDegrees>
       <LongitudeDegrees>100.4389020</LongitudeDegrees>
      </Position>
      <AltitudeMeters>5.3</AltitudeMeters>
      <DistanceMeters>807.6</DistanceMeters>
      <HeartRateBpm>
       <Value>154</Value>
      </HeartRateBpm>
      <Extensions>
       <TPX xmlns="http://www.garmin.com/xmlschemas/ActivityExtension/v2">
        <Speed>2.4</Speed>
       </TPX>
      </Extensions>
     </Trackpoint>
     <Trackpoint>
      <Time>2026-08-13T11:07:50Z</Time>
      <Position>
       <LatitudeDegrees>5.2343550</LatitudeDegrees>
       <LongitudeDegrees>100.4388800</LongitudeDegrees>
      </Position>
      <AltitudeMeters>5.3</AltitudeMeters>
      <DistanceMeters>810.1</DistanceMeters>
      <HeartRateBpm>
       <Value>154</Value>
      </HeartRateBpm>
      <Extensions>
       <TPX xmlns="http://www.garmin.com/xmlschemas/ActivityExtension/v2">
        <Speed>2.4</Speed>
       </TPX>
      </Extensions>
     </Trackpoint>
     <Trackpoint>
      <Time>2026-08-13T11:07:51Z</Time>
      <Position>
       <LatitudeDegrees>5.2343490</LatitudeDegrees>
       <LongitudeDegrees>100.4388590</LongitudeDegrees>
      </Position>
      <AltitudeMeters>5.3</AltitudeMeters>
      <DistanceMeters>812.6</DistanceMeters>
      <HeartRateBpm>
       <Value>154</Value>
      </HeartRateBpm>
      <Extensions>
       <TPX xmlns="http://www.garmin.com/xmlschemas/ActivityExtension/v2">
        <Speed>2.4</Speed>
       </TPX>
      </Extensions>
     </Trackpoint>
     <Trackpoint>
      <Time>2026-08-13T11:07:52Z</Time>
      <Position>
       <LatitudeDegrees>5.2343440</LatitudeDegrees>
       <LongitudeDegrees>100.4388380</LongitudeDegrees>
      </Position>
      <AltitudeMeters>5.3</AltitudeMeters>
      <DistanceMeters>815.0</DistanceMeters>
      <HeartRateBpm>
       <Value>154</Value>
      </HeartRateBpm>
      <Extensions>
       <TPX xmlns="http://www.garmin.com/xmlschemas/ActivityExtension/v2">
        <Speed>2.4</Speed>
       </TPX>
      </Extensions>
     </Trackpoint>
     <Trackpoint>
      <Time>2026-08-13T11:07:53Z</Time>
      <Position>
       <LatitudeDegrees>5.2343390</LatitudeDegrees>
       <LongitudeDegrees>100.4388170</LongitudeDegrees>
      </Position>
      <AltitudeMeters>5.3</AltitudeMeters>
      <DistanceMeters>817.4</DistanceMeters>
      <HeartRateBpm>
       <Value>154</Value>
      </HeartRateBpm>
      <Extensions>
       <TPX xmlns="http://www.garmin.com/xmlschemas/ActivityExtension/v2">
        <Speed>2.5</Speed>
       </TPX>
      </Extensions>
     </Trackpoint>
     <Trackpoint>
      <Time>2026-08-13T11:07:54Z</Time>
      <Position>
       <LatitudeDegrees>5.2343320</LatitudeDegrees>
       <LongitudeDegrees>100.4387970</LongitudeDegrees>
      </Position>
      <AltitudeMeters>5.3</AltitudeMeters>
      <DistanceMeters>819.7</DistanceMeters>
      <HeartRateBpm>
       <Value>154</Value>
      </HeartRateBpm>
      <Extensions>
       <TPX xmlns="http://www.garmin.com/xmlschemas/ActivityExtension/v2">
        <Speed>2.4</Speed>
       </TPX>
      </Extensions>
     </Trackpoint>
     <Trackpoint>
      <Time>2026-08-13T11:07:55Z</Time>
      <Position>
       <LatitudeDegrees>5.2343240</LatitudeDegrees>
       <LongitudeDegrees>100.4387750</LongitudeDegrees>
      </Position>
      <AltitudeMeters>5.3</AltitudeMeters>
      <DistanceMeters>822.3</DistanceMeters>
      <HeartRateBpm>
       <Value>154</Value>
      </HeartRateBpm>
      <Extensions>
       <TPX xmlns="http://www.garmin.com/xmlschemas/ActivityExtension/v2">
        <Speed>2.4</Speed>
       </TPX>
      </Extensions>
     </Trackpoint>
     <Trackpoint>
      <Time>2026-08-13T11:07:56Z</Time>
      <Position>
       <LatitudeDegrees>5.2343220</LatitudeDegrees>
       <LongitudeDegrees>100.4387540</LongitudeDegrees>
      </Position>
      <AltitudeMeters>5.3</AltitudeMeters>
      <DistanceMeters>824.6</DistanceMeters>
      <HeartRateBpm>
       <Value>153</Value>
      </HeartRateBpm>
      <Extensions>
       <TPX xmlns="http://www.garmin.com/xmlschemas/ActivityExtension/v2">
        <Speed>2.4</Speed>
       </TPX>
      </Extensions>
     </Trackpoint>
     <Trackpoint>
      <Time>2026-08-13T11:07:57Z</Time>
      <Position>
       <LatitudeDegrees>5.2343210</LatitudeDegrees>
       <LongitudeDegrees>100.4387340</LongitudeDegrees>
      </Position>
      <AltitudeMeters>5.3</AltitudeMeters>
      <DistanceMeters>826.8</DistanceMeters>
      <HeartRateBpm>
       <Value>153</Value>
      </HeartRateBpm>
      <Extensions>
       <TPX xmlns="http://www.garmin.com/xmlschemas/ActivityExtension/v2">
        <Speed>2.4</Speed>
       </TPX>
      </Extensions>
     </Trackpoint>
     <Trackpoint>
      <Time>2026-08-13T11:07:58Z</Time>
      <Position>
       <LatitudeDegrees>5.2343150</LatitudeDegrees>
       <LongitudeDegrees>100.4387130</LongitudeDegrees>
      </Position>
      <AltitudeMeters>5.3</AltitudeMeters>
      <DistanceMeters>829.2</DistanceMeters>
      <HeartRateBpm>
       <Value>153</Value>
      </HeartRateBpm>
      <Extensions>
       <TPX xmlns="http://www.garmin.com/xmlschemas/ActivityExtension/v2">
        <Speed>2.4</Speed>
       </TPX>
      </Extensions>
     </Trackpoint>
     <Trackpoint>
      <Time>2026-08-13T11:07:59Z</Time>
      <Position>
       <LatitudeDegrees>5.2343060</LatitudeDegrees>
       <LongitudeDegrees>100.4386930</LongitudeDegrees>
      </Position>
      <AltitudeMeters>5.3</AltitudeMeters>
      <DistanceMeters>831.6</DistanceMeters>
      <HeartRateBpm>
       <Value>153</Value>
      </HeartRateBpm>
      <Extensions>
       <TPX xmlns="http://www.garmin.com/xmlschemas/ActivityExtension/v2">
        <Speed>2.4</Speed>
       </TPX>
      </Extensions>
     </Trackpoint>
     <Trackpoint>
      <Time>2026-08-13T11:08:00Z</Time>
      <Position>
       <LatitudeDegrees>5.2343000</LatitudeDegrees>
       <LongitudeDegrees>100.4386730</LongitudeDegrees>
      </Position>
      <AltitudeMeters>5.2</AltitudeMeters>
      <DistanceMeters>833.9</DistanceMeters>
      <HeartRateBpm>
       <Value>153</Value>
      </HeartRateBpm>
      <Extensions>
       <TPX xmlns="http://www.garmin.com/xmlschemas/ActivityExtension/v2">
        <Speed>2.3</Speed>
       </TPX>
      </Extensions>
     </Trackpoint>
     <Trackpoint>
      <Time>2026-08-13T11:08:01Z</Time>
      <Position>
       <LatitudeDegrees>5.2342940</LatitudeDegrees>
       <LongitudeDegrees>100.4386510</LongitudeDegrees>
      </Position>
      <AltitudeMeters>5.2</AltitudeMeters>
      <DistanceMeters>836.4</DistanceMeters>
      <HeartRateBpm>
       <Value>153</Value>
      </HeartRateBpm>
      <Extensions>
       <TPX xmlns="http://www.garmin.com/xmlschemas/ActivityExtension/v2">
        <Speed>2.4</Speed>
       </TPX>
      </Extensions>
     </Trackpoint>
     <Trackpoint>
      <Time>2026-08-13T11:08:02Z</Time>
      <Position>
       <LatitudeDegrees>5.2342900</LatitudeDegrees>
       <LongitudeDegrees>100.4386290</LongitudeDegrees>
      </Position>
      <AltitudeMeters>5.2</AltitudeMeters>
      <DistanceMeters>838.9</DistanceMeters>
      <HeartRateBpm>
       <Value>153</Value>
      </HeartRateBpm>
      <Extensions>
       <TPX xmlns="http://www.garmin.com/xmlschemas/ActivityExtension/v2">
        <Speed>2.4</Speed>
       </TPX>
      </Extensions>
     </Trackpoint>
     <Trackpoint>
      <Time>2026-08-13T11:08:03Z</Time>
      <Position>
       <LatitudeDegrees>5.2342860</LatitudeDegrees>
       <LongitudeDegrees>100.4386060</LongitudeDegrees>
      </Position>
      <AltitudeMeters>5.2</AltitudeMeters>
      <DistanceMeters>841.5</DistanceMeters>
      <HeartRateBpm>
       <Value>153</Value>
      </HeartRateBpm>
      <Extensions>
       <TPX xmlns="http://www.garmin.com/xmlschemas/ActivityExtension/v2">
        <Speed>2.5</Speed>
       </TPX>
      </Extensions>
     </Trackpoint>
     <Trackpoint>
      <Time>2026-08-13T11:08:04Z</Time>
      <Position>
       <LatitudeDegrees>5.2342820</LatitudeDegrees>
       <LongitudeDegrees>100.4385840</LongitudeDegrees>
      </Position>
      <AltitudeMeters>5.2</AltitudeMeters>
      <DistanceMeters>844.0</DistanceMeters>
      <HeartRateBpm>
       <Value>153</Value>
      </HeartRateBpm>
      <Extensions>
       <TPX xmlns="http://www.garmin.com/xmlschemas/ActivityExtension/v2">
        <Speed>2.5</Speed>
       </TPX>
      </Extensions>
     </Trackpoint>
     <Trackpoint>
      <Time>2026-08-13T11:08:05Z</Time>
      <Position>
       <LatitudeDegrees>5.2342760</LatitudeDegrees>
       <LongitudeDegrees>100.4385630</LongitudeDegrees>
      </Position>
      <AltitudeMeters>5.2</AltitudeMeters>
      <DistanceMeters>846.5</DistanceMeters>
      <HeartRateBpm>
       <Value>153</Value>
      </HeartRateBpm>
      <Extensions>
       <TPX xmlns="http://www.garmin.com/xmlschemas/ActivityExtension/v2">
        <Speed>2.5</Speed>
       </TPX>
      </Extensions>
     </Trackpoint>
     <Trackpoint>
      <Time>2026-08-13T11:08:06Z</Time>
      <Position>
       <LatitudeDegrees>5.2342700</LatitudeDegrees>
       <LongitudeDegrees>100.4385430</LongitudeDegrees>
      </Position>
      <AltitudeMeters>5.2</AltitudeMeters>
      <DistanceMeters>848.8</DistanceMeters>
      <HeartRateBpm>
       <Value>153</Value>
      </HeartRateBpm>
      <Extensions>
       <TPX xmlns="http://www.garmin.com/xmlschemas/ActivityExtension/v2">
        <Speed>2.5</Speed>
       </TPX>
      </Extensions>
     </Trackpoint>
     <Trackpoint>
      <Time>2026-08-13T11:08:07Z</Time>
      <Position>
       <LatitudeDegrees>5.2342640</LatitudeDegrees>
       <LongitudeDegrees>100.4385230</LongitudeDegrees>
      </Position>
      <AltitudeMeters>5.2</AltitudeMeters>
      <DistanceMeters>851.1</DistanceMeters>
      <HeartRateBpm>
       <Value>153</Value>
      </HeartRateBpm>
      <Extensions>
       <TPX xmlns="http://www.garmin.com/xmlschemas/ActivityExtension/v2">
        <Speed>2.4</Speed>
       </TPX>
      </Extensions>
     </Trackpoint>
     <Trackpoint>
      <Time>2026-08-13T11:08:08Z</Time>
      <Position>
       <LatitudeDegrees>5.2342570</LatitudeDegrees>
       <LongitudeDegrees>100.4385010</LongitudeDegrees>
      </Position>
      <AltitudeMeters>5.2</AltitudeMeters>
      <DistanceMeters>853.6</DistanceMeters>
      <HeartRateBpm>
       <Value>153</Value>
      </HeartRateBpm>
      <Extensions>
       <TPX xmlns="http://www.garmin.com/xmlschemas/ActivityExtension/v2">
        <Speed>2.4</Speed>
       </TPX>
      </Extensions>
     </Trackpoint>
     <Trackpoint>
      <Time>2026-08-13T11:08:09Z</Time>
      <Position>
       <LatitudeDegrees>5.2342520</LatitudeDegrees>
       <LongitudeDegrees>100.4384800</LongitudeDegrees>
      </Position>
      <AltitudeMeters>5.2</AltitudeMeters>
      <DistanceMeters>856.0</DistanceMeters>
      <HeartRateBpm>
       <Value>153</Value>
      </HeartRateBpm>
      <Extensions>
       <TPX xmlns="http://www.garmin.com/xmlschemas/ActivityExtension/v2">
        <Speed>2.4</Speed>
       </TPX>
      </Extensions>
     </Trackpoint>
     <Trackpoint>
      <Time>2026-08-13T11:08:10Z</Time>
      <Position>
       <LatitudeDegrees>5.2342490</LatitudeDegrees>
       <LongitudeDegrees>100.4384590</LongitudeDegrees>
      </Position>
      <AltitudeMeters>5.2</AltitudeMeters>
      <DistanceMeters>858.3</DistanceMeters>
      <HeartRateBpm>
       <Value>154</Value>
      </HeartRateBpm>
      <Extensions>
       <TPX xmlns="http://www.garmin.com/xmlschemas/ActivityExtension/v2">
        <Speed>2.4</Speed>
       </TPX>
      </Extensions>
     </Trackpoint>
     <Trackpoint>
      <Time>2026-08-13T11:08:11Z</Time>
      <Position>
       <LatitudeDegrees>5.2342440</LatitudeDegrees>
       <LongitudeDegrees>100.4384380</LongitudeDegrees>
      </Position>
      <AltitudeMeters>5.2</AltitudeMeters>
      <DistanceMeters>860.7</DistanceMeters>
      <HeartRateBpm>
       <Value>155</Value>
      </HeartRateBpm>
      <Extensions>
       <TPX xmlns="http://www.garmin.com/xmlschemas/ActivityExtension/v2">
        <Speed>2.4</Speed>
       </TPX>
      </Extensions>
     </Trackpoint>
     <Trackpoint>
      <Time>2026-08-13T11:08:12Z</Time>
      <Position>
       <LatitudeDegrees>5.2342400</LatitudeDegrees>
       <LongitudeDegrees>100.4384170</LongitudeDegrees>
      </Position>
      <AltitudeMeters>5.3</AltitudeMeters>
      <DistanceMeters>863.1</DistanceMeters>
      <HeartRateBpm>
       <Value>154</Value>
      </HeartRateBpm>
      <Extensions>
       <TPX xmlns="http://www.garmin.com/xmlschemas/ActivityExtension/v2">
        <Speed>2.4</Speed>
       </TPX>
      </Extensions>
     </Trackpoint>
     <Trackpoint>
      <Time>2026-08-13T11:08:13Z</Time>
      <Position>
       <LatitudeDegrees>5.2342360</LatitudeDegrees>
       <LongitudeDegrees>100.4383960</LongitudeDegrees>
      </Position>
      <AltitudeMeters>5.3</AltitudeMeters>
      <DistanceMeters>865.5</DistanceMeters>
      <HeartRateBpm>
       <Value>154</Value>
      </HeartRateBpm>
      <Extensions>
       <TPX xmlns="http://www.garmin.com/xmlschemas/ActivityExtension/v2">
        <Speed>2.4</Speed>
       </TPX>
      </Extensions>
     </Trackpoint>
     <Trackpoint>
      <Time>2026-08-13T11:08:14Z</Time>
      <Position>
       <LatitudeDegrees>5.2342320</LatitudeDegrees>
       <LongitudeDegrees>100.4383770</LongitudeDegrees>
      </Position>
      <AltitudeMeters>5.3</AltitudeMeters>
      <DistanceMeters>867.7</DistanceMeters>
      <HeartRateBpm>
       <Value>153</Value>
      </HeartRateBpm>
      <Extensions>
       <TPX xmlns="http://www.garmin.com/xmlschemas/ActivityExtension/v2">
        <Speed>2.3</Speed>
       </TPX>
      </Extensions>
     </Trackpoint>
     <Trackpoint>
      <Time>2026-08-13T11:08:15Z</Time>
      <Position>
       <LatitudeDegrees>5.2342250</LatitudeDegrees>
       <LongitudeDegrees>100.4383560</LongitudeDegrees>
      </Position>
      <AltitudeMeters>5.3</AltitudeMeters>
      <DistanceMeters>870.1</DistanceMeters>
      <HeartRateBpm>
       <Value>153</Value>
      </HeartRateBpm>
      <Extensions>
       <TPX xmlns="http://www.garmin.com/xmlschemas/ActivityExtension/v2">
        <Speed>2.4</Speed>
       </TPX>
      </Extensions>
     </Trackpoint>
     <Trackpoint>
      <Time>2026-08-13T11:08:16Z</Time>
      <Position>
       <LatitudeDegrees>5.2342160</LatitudeDegrees>
       <LongitudeDegrees>100.4383360</LongitudeDegrees>
      </Position>
      <AltitudeMeters>5.3</AltitudeMeters>
      <DistanceMeters>872.5</DistanceMeters>
      <HeartRateBpm>
       <Value>153</Value>
      </HeartRateBpm>
      <Extensions>
       <TPX xmlns="http://www.garmin.com/xmlschemas/ActivityExtension/v2">
        <Speed>2.4</Speed>
       </TPX>
      </Extensions>
     </Trackpoint>
     <Trackpoint>
      <Time>2026-08-13T11:08:17Z</Time>
      <Position>
       <LatitudeDegrees>5.2342120</LatitudeDegrees>
       <LongitudeDegrees>100.4383150</LongitudeDegrees>
      </Position>
      <AltitudeMeters>5.3</AltitudeMeters>
      <DistanceMeters>874.9</DistanceMeters>
      <HeartRateBpm>
       <Value>154</Value>
      </HeartRateBpm>
      <Extensions>
       <TPX xmlns="http://www.garmin.com/xmlschemas/ActivityExtension/v2">
        <Speed>2.4</Speed>
       </TPX>
      </Extensions>
     </Trackpoint>
     <Trackpoint>
      <Time>2026-08-13T11:08:18Z</Time>
      <Position>
       <LatitudeDegrees>5.2342090</LatitudeDegrees>
       <LongitudeDegrees>100.4382930</LongitudeDegrees>
      </Position>
      <AltitudeMeters>5.3</AltitudeMeters>
      <DistanceMeters>877.3</DistanceMeters>
      <HeartRateBpm>
       <Value>154</Value>
      </HeartRateBpm>
      <Extensions>
       <TPX xmlns="http://www.garmin.com/xmlschemas/ActivityExtension/v2">
        <Speed>2.4</Speed>
       </TPX>
      </Extensions>
     </Trackpoint>
     <Trackpoint>
      <Time>2026-08-13T11:08:19Z</Time>
      <Position>
       <LatitudeDegrees>5.2342040</LatitudeDegrees>
       <LongitudeDegrees>100.4382720</LongitudeDegrees>
      </Position>
      <AltitudeMeters>5.3</AltitudeMeters>
      <DistanceMeters>879.7</DistanceMeters>
      <HeartRateBpm>
       <Value>153</Value>
      </HeartRateBpm>
      <Extensions>
       <TPX xmlns="http://www.garmin.com/xmlschemas/ActivityExtension/v2">
        <Speed>2.4</Speed>
       </TPX>
      </Extensions>
     </Trackpoint>
     <Trackpoint>
      <Time>2026-08-13T11:08:20Z</Time>
      <Position>
       <LatitudeDegrees>5.2341990</LatitudeDegrees>
       <LongitudeDegrees>100.4382490</LongitudeDegrees>
      </Position>
      <AltitudeMeters>5.3</AltitudeMeters>
      <DistanceMeters>882.3</DistanceMeters>
      <HeartRateBpm>
       <Value>153</Value>
      </HeartRateBpm>
      <Extensions>
       <TPX xmlns="http://www.garmin.com/xmlschemas/ActivityExtension/v2">
        <Speed>2.4</Speed>
       </TPX>
      </Extensions>
     </Trackpoint>
     <Trackpoint>
      <Time>2026-08-13T11:08:21Z</Time>
      <Position>
       <LatitudeDegrees>5.2341940</LatitudeDegrees>
       <LongitudeDegrees>100.4382280</LongitudeDegrees>
      </Position>
      <AltitudeMeters>5.3</AltitudeMeters>
      <DistanceMeters>884.7</DistanceMeters>
      <HeartRateBpm>
       <Value>153</Value>
      </HeartRateBpm>
      <Extensions>
       <TPX xmlns="http://www.garmin.com/xmlschemas/ActivityExtension/v2">
        <Speed>2.4</Speed>
       </TPX>
      </Extensions>
     </Trackpoint>
     <Trackpoint>
      <Time>2026-08-13T11:08:22Z</Time>
      <Position>
       <LatitudeDegrees>5.2341900</LatitudeDegrees>
       <LongitudeDegrees>100.4382050</LongitudeDegrees>
      </Position>
      <AltitudeMeters>5.3</AltitudeMeters>
      <DistanceMeters>887.3</DistanceMeters>
      <HeartRateBpm>
       <Value>153</Value>
      </HeartRateBpm>
      <Extensions>
       <TPX xmlns="http://www.garmin.com/xmlschemas/ActivityExtension/v2">
        <Speed>2.5</Speed>
       </TPX>
      </Extensions>
     </Trackpoint>
     <Trackpoint>
      <Time>2026-08-13T11:08:23Z</Time>
      <Position>
       <LatitudeDegrees>5.2341840</LatitudeDegrees>
       <LongitudeDegrees>100.4381820</LongitudeDegrees>
      </Position>
      <AltitudeMeters>5.3</AltitudeMeters>
      <DistanceMeters>890.0</DistanceMeters>
      <HeartRateBpm>
       <Value>153</Value>
      </HeartRateBpm>
      <Extensions>
       <TPX xmlns="http://www.garmin.com/xmlschemas/ActivityExtension/v2">
        <Speed>2.5</Speed>
       </TPX>
      </Extensions>
     </Trackpoint>
     <Trackpoint>
      <Time>2026-08-13T11:08:24Z</Time>
      <Position>
       <LatitudeDegrees>5.2341800</LatitudeDegrees>
       <LongitudeDegrees>100.4381610</LongitudeDegrees>
      </Position>
      <AltitudeMeters>5.3</AltitudeMeters>
      <DistanceMeters>892.4</DistanceMeters>
      <HeartRateBpm>
       <Value>153</Value>
      </HeartRateBpm>
      <Extensions>
       <TPX xmlns="http://www.garmin.com/xmlschemas/ActivityExtension/v2">
        <Speed>2.5</Speed>
       </TPX>
      </Extensions>
     </Trackpoint>
     <Trackpoint>
      <Time>2026-08-13T11:08:25Z</Time>
      <Position>
       <LatitudeDegrees>5.2341740</LatitudeDegrees>
       <LongitudeDegrees>100.4381380</LongitudeDegrees>
      </Position>
      <AltitudeMeters>5.3</AltitudeMeters>
      <DistanceMeters>895.0</DistanceMeters>
      <HeartRateBpm>
       <Value>153</Value>
      </HeartRateBpm>
      <Extensions>
       <TPX xmlns="http://www.garmin.com/xmlschemas/ActivityExtension/v2">
        <Speed>2.5</Speed>
       </TPX>
      </Extensions>
     </Trackpoint>
     <Trackpoint>
      <Time>2026-08-13T11:08:26Z</Time>
      <Position>
       <LatitudeDegrees>5.2341670</LatitudeDegrees>
       <LongitudeDegrees>100.4381160</LongitudeDegrees>
      </Position>
      <AltitudeMeters>5.3</AltitudeMeters>
      <DistanceMeters>897.5</DistanceMeters>
      <HeartRateBpm>
       <Value>153</Value>
      </HeartRateBpm>
      <Extensions>
       <TPX xmlns="http://www.garmin.com/xmlschemas/ActivityExtension/v2">
        <Speed>2.6</Speed>
       </TPX>
      </Extensions>
     </Trackpoint>
     <Trackpoint>
      <Time>2026-08-13T11:08:27Z</Time>
      <Position>
       <LatitudeDegrees>5.2341620</LatitudeDegrees>
       <LongitudeDegrees>100.4380940</LongitudeDegrees>
      </Position>
      <AltitudeMeters>5.3</AltitudeMeters>
      <DistanceMeters>900.0</DistanceMeters>
      <HeartRateBpm>
       <Value>153</Value>
      </HeartRateBpm>
      <Extensions>
       <TPX xmlns="http://www.garmin.com/xmlschemas/ActivityExtension/v2">
        <Speed>2.5</Speed>
       </TPX>
      </Extensions>
     </Trackpoint>
     <Trackpoint>
      <Time>2026-08-13T11:08:28Z</Time>
      <Position>
       <LatitudeDegrees>5.2341580</LatitudeDegrees>
       <LongitudeDegrees>100.4380730</LongitudeDegrees>
      </Position>
      <AltitudeMeters>5.3</AltitudeMeters>
      <DistanceMeters>902.4</DistanceMeters>
      <HeartRateBpm>
       <Value>153</Value>
      </HeartRateBpm>
      <Extensions>
       <TPX xmlns="http://www.garmin.com/xmlschemas/ActivityExtension/v2">
        <Speed>2.5</Speed>
       </TPX>
      </Extensions>
     </Trackpoint>
     <Trackpoint>
      <Time>2026-08-13T11:08:29Z</Time>
      <Position>
       <LatitudeDegrees>5.2341540</LatitudeDegrees>
       <LongitudeDegrees>100.4380510</LongitudeDegrees>
      </Position>
      <AltitudeMeters>5.3</AltitudeMeters>
      <DistanceMeters>904.8</DistanceMeters>
      <HeartRateBpm>
       <Value>153</Value>
      </HeartRateBpm>
      <Extensions>
       <TPX xmlns="http://www.garmin.com/xmlschemas/ActivityExtension/v2">
        <Speed>2.5</Speed>
       </TPX>
      </Extensions>
     </Trackpoint>
     <Trackpoint>
      <Time>2026-08-13T11:08:30Z</Time>
      <Position>
       <LatitudeDegrees>5.2341450</LatitudeDegrees>
       <LongitudeDegrees>100.4380310</LongitudeDegrees>
      </Position>
      <AltitudeMeters>5.3</AltitudeMeters>
      <DistanceMeters>907.2</DistanceMeters>
      <HeartRateBpm>
       <Value>153</Value>
      </HeartRateBpm>
      <Extensions>
       <TPX xmlns="http://www.garmin.com/xmlschemas/ActivityExtension/v2">
        <Speed>2.4</Speed>
       </TPX>
      </Extensions>
     </Trackpoint>
     <Trackpoint>
      <Time>2026-08-13T11:08:31Z</Time>
      <Position>
       <LatitudeDegrees>5.2341400</LatitudeDegrees>
       <LongitudeDegrees>100.4380120</LongitudeDegrees>
      </Position>
      <AltitudeMeters>5.3</AltitudeMeters>
      <DistanceMeters>909.4</DistanceMeters>
      <HeartRateBpm>
       <Value>154</Value>
      </HeartRateBpm>
      <Extensions>
       <TPX xmlns="http://www.garmin.com/xmlschemas/ActivityExtension/v2">
        <Speed>2.4</Speed>
       </TPX>
      </Extensions>
     </Trackpoint>
     <Trackpoint>
      <Time>2026-08-13T11:08:32Z</Time>
      <Position>
       <LatitudeDegrees>5.2341340</LatitudeDegrees>
       <LongitudeDegrees>100.4379910</LongitudeDegrees>
      </Position>
      <AltitudeMeters>5.3</AltitudeMeters>
      <DistanceMeters>911.8</DistanceMeters>
      <HeartRateBpm>
       <Value>154</Value>
      </HeartRateBpm>
      <Extensions>
       <TPX xmlns="http://www.garmin.com/xmlschemas/ActivityExtension/v2">
        <Speed>2.4</Speed>
       </TPX>
      </Extensions>
     </Trackpoint>
     <Trackpoint>
      <Time>2026-08-13T11:08:33Z</Time>
      <Position>
       <LatitudeDegrees>5.2341280</LatitudeDegrees>
       <LongitudeDegrees>100.4379700</LongitudeDegrees>
      </Position>
      <AltitudeMeters>5.3</AltitudeMeters>
      <DistanceMeters>914.3</DistanceMeters>
      <HeartRateBpm>
       <Value>155</Value>
      </HeartRateBpm>
      <Extensions>
       <TPX xmlns="http://www.garmin.com/xmlschemas/ActivityExtension/v2">
        <Speed>2.4</Speed>
       </TPX>
      </Extensions>
     </Trackpoint>
     <Trackpoint>
      <Time>2026-08-13T11:08:34Z</Time>
      <Position>
       <LatitudeDegrees>5.2341220</LatitudeDegrees>
       <LongitudeDegrees>100.4379500</LongitudeDegrees>
      </Position>
      <AltitudeMeters>5.3</AltitudeMeters>
      <DistanceMeters>916.6</DistanceMeters>
      <HeartRateBpm>
       <Value>154</Value>
      </HeartRateBpm>
      <Extensions>
       <TPX xmlns="http://www.garmin.com/xmlschemas/ActivityExtension/v2">
        <Speed>2.4</Speed>
       </TPX>
      </Extensions>
     </Trackpoint>
     <Trackpoint>
      <Time>2026-08-13T11:08:35Z</Time>
      <Position>
       <LatitudeDegrees>5.2341180</LatitudeDegrees>
       <LongitudeDegrees>100.4379280</LongitudeDegrees>
      </Position>
      <AltitudeMeters>5.3</AltitudeMeters>
      <DistanceMeters>919.0</DistanceMeters>
      <HeartRateBpm>
       <Value>154</Value>
      </HeartRateBpm>
      <Extensions>
       <TPX xmlns="http://www.garmin.com/xmlschemas/ActivityExtension/v2">
        <Speed>2.4</Speed>
       </TPX>
      </Extensions>
     </Trackpoint>
     <Trackpoint>
      <Time>2026-08-13T11:08:36Z</Time>
      <Position>
       <LatitudeDegrees>5.2341120</LatitudeDegrees>
       <LongitudeDegrees>100.4379060</LongitudeDegrees>
      </Position>
      <AltitudeMeters>5.3</AltitudeMeters>
      <DistanceMeters>921.5</DistanceMeters>
      <HeartRateBpm>
       <Value>153</Value>
      </HeartRateBpm>
      <Extensions>
       <TPX xmlns="http://www.garmin.com/xmlschemas/ActivityExtension/v2">
        <Speed>2.4</Speed>
       </TPX>
      </Extensions>
     </Trackpoint>
     <Trackpoint>
      <Time>2026-08-13T11:08:37Z</Time>
      <Position>
       <LatitudeDegrees>5.2341050</LatitudeDegrees>
       <LongitudeDegrees>100.4378850</LongitudeDegrees>
      </Position>
      <AltitudeMeters>5.3</AltitudeMeters>
      <DistanceMeters>924.0</DistanceMeters>
      <HeartRateBpm>
       <Value>153</Value>
      </HeartRateBpm>
      <Extensions>
       <TPX xmlns="http://www.garmin.com/xmlschemas/ActivityExtension/v2">
        <Speed>2.4</Speed>
       </TPX>
      </Extensions>
     </Trackpoint>
     <Trackpoint>
      <Time>2026-08-13T11:08:38Z</Time>
      <Position>
       <LatitudeDegrees>5.2340990</LatitudeDegrees>
       <LongitudeDegrees>100.4378640</LongitudeDegrees>
      </Position>
      <AltitudeMeters>5.3</AltitudeMeters>
      <DistanceMeters>926.4</DistanceMeters>
      <HeartRateBpm>
       <Value>152</Value>
      </HeartRateBpm>
      <Extensions>
       <TPX xmlns="http://www.garmin.com/xmlschemas/ActivityExtension/v2">
        <Speed>2.4</Speed>
       </TPX>
      </Extensions>
     </Trackpoint>
     <Trackpoint>
      <Time>2026-08-13T11:08:39Z</Time>
      <Position>
       <LatitudeDegrees>5.2340920</LatitudeDegrees>
       <LongitudeDegrees>100.4378430</LongitudeDegrees>
      </Position>
      <AltitudeMeters>5.3</AltitudeMeters>
      <DistanceMeters>928.9</DistanceMeters>
      <HeartRateBpm>
       <Value>153</Value>
      </HeartRateBpm>
      <Extensions>
       <TPX xmlns="http://www.garmin.com/xmlschemas/ActivityExtension/v2">
        <Speed>2.4</Speed>
       </TPX>
      </Extensions>
     </Trackpoint>
     <Trackpoint>
      <Time>2026-08-13T11:08:40Z</Time>
      <Position>
       <LatitudeDegrees>5.2340880</LatitudeDegrees>
       <LongitudeDegrees>100.4378240</LongitudeDegrees>
      </Position>
      <AltitudeMeters>5.3</AltitudeMeters>
      <DistanceMeters>931.0</DistanceMeters>
      <HeartRateBpm>
       <Value>153</Value>
      </HeartRateBpm>
      <Extensions>
       <TPX xmlns="http://www.garmin.com/xmlschemas/ActivityExtension/v2">
        <Speed>2.4</Speed>
       </TPX>
      </Extensions>
     </Trackpoint>
     <Trackpoint>
      <Time>2026-08-13T11:08:41Z</Time>
      <Position>
       <LatitudeDegrees>5.2340830</LatitudeDegrees>
       <LongitudeDegrees>100.4378020</LongitudeDegrees>
      </Position>
      <AltitudeMeters>5.3</AltitudeMeters>
      <DistanceMeters>933.5</DistanceMeters>
      <HeartRateBpm>
       <Value>153</Value>
      </HeartRateBpm>
      <Extensions>
       <TPX xmlns="http://www.garmin.com/xmlschemas/ActivityExtension/v2">
        <Speed>2.4</Speed>
       </TPX>
      </Extensions>
     </Trackpoint>
     <Trackpoint>
      <Time>2026-08-13T11:08:42Z</Time>
      <Position>
       <LatitudeDegrees>5.2340810</LatitudeDegrees>
       <LongitudeDegrees>100.4377810</LongitudeDegrees>
      </Position>
      <AltitudeMeters>5.3</AltitudeMeters>
      <DistanceMeters>935.8</DistanceMeters>
      <HeartRateBpm>
       <Value>153</Value>
      </HeartRateBpm>
      <Extensions>
       <TPX xmlns="http://www.garmin.com/xmlschemas/ActivityExtension/v2">
        <Speed>2.4</Speed>
       </TPX>
      </Extensions>
     </Trackpoint>
     <Trackpoint>
      <Time>2026-08-13T11:08:43Z</Time>
      <Position>
       <LatitudeDegrees>5.2340780</LatitudeDegrees>
       <LongitudeDegrees>100.4377600</LongitudeDegrees>
      </Position>
      <AltitudeMeters>5.3</AltitudeMeters>
      <DistanceMeters>938.2</DistanceMeters>
      <HeartRateBpm>
       <Value>153</Value>
      </HeartRateBpm>
      <Extensions>
       <TPX xmlns="http://www.garmin.com/xmlschemas/ActivityExtension/v2">
        <Speed>2.4</Speed>
       </TPX>
      </Extensions>
     </Trackpoint>
     <Trackpoint>
      <Time>2026-08-13T11:08:44Z</Time>
      <Position>
       <LatitudeDegrees>5.2340720</LatitudeDegrees>
       <LongitudeDegrees>100.4377410</LongitudeDegrees>
      </Position>
      <AltitudeMeters>5.3</AltitudeMeters>
      <DistanceMeters>940.4</DistanceMeters>
      <HeartRateBpm>
       <Value>153</Value>
      </HeartRateBpm>
      <Extensions>
       <TPX xmlns="http://www.garmin.com/xmlschemas/ActivityExtension/v2">
        <Speed>2.3</Speed>
       </TPX>
      </Extensions>
     </Trackpoint>
     <Trackpoint>
      <Time>2026-08-13T11:08:45Z</Time>
      <Position>
       <LatitudeDegrees>5.2340660</LatitudeDegrees>
       <LongitudeDegrees>100.4377200</LongitudeDegrees>
      </Position>
      <AltitudeMeters>5.3</AltitudeMeters>
      <DistanceMeters>942.8</DistanceMeters>
      <HeartRateBpm>
       <Value>153</Value>
      </HeartRateBpm>
      <Extensions>
       <TPX xmlns="http://www.garmin.com/xmlschemas/ActivityExtension/v2">
        <Speed>2.4</Speed>
       </TPX>
      </Extensions>
     </Trackpoint>
     <Trackpoint>
      <Time>2026-08-13T11:08:46Z</Time>
      <Position>
       <LatitudeDegrees>5.2340610</LatitudeDegrees>
       <LongitudeDegrees>100.4376990</LongitudeDegrees>
      </Position>
      <AltitudeMeters>5.3</AltitudeMeters>
      <DistanceMeters>945.2</DistanceMeters>
      <HeartRateBpm>
       <Value>153</Value>
      </HeartRateBpm>
      <Extensions>
       <TPX xmlns="http://www.garmin.com/xmlschemas/ActivityExtension/v2">
        <Speed>2.3</Speed>
       </TPX>
      </Extensions>
     </Trackpoint>
     <Trackpoint>
      <Time>2026-08-13T11:08:47Z</Time>
      <Position>
       <LatitudeDegrees>5.2340550</LatitudeDegrees>
       <LongitudeDegrees>100.4376810</LongitudeDegrees>
      </Position>
      <AltitudeMeters>5.4</AltitudeMeters>
      <DistanceMeters>947.3</DistanceMeters>
      <HeartRateBpm>
       <Value>153</Value>
      </HeartRateBpm>
      <Extensions>
       <TPX xmlns="http://www.garmin.com/xmlschemas/ActivityExtension/v2">
        <Speed>2.3</Speed>
       </TPX>
      </Extensions>
     </Trackpoint>
     <Trackpoint>
      <Time>2026-08-13T11:08:48Z</Time>
      <Position>
       <LatitudeDegrees>5.2340470</LatitudeDegrees>
       <LongitudeDegrees>100.4376610</LongitudeDegrees>
      </Position>
      <AltitudeMeters>5.4</AltitudeMeters>
      <DistanceMeters>949.7</DistanceMeters>
      <HeartRateBpm>
       <Value>153</Value>
      </HeartRateBpm>
      <Extensions>
       <TPX xmlns="http://www.garmin.com/xmlschemas/ActivityExtension/v2">
        <Speed>2.3</Speed>
       </TPX>
      </Extensions>
     </Trackpoint>
     <Trackpoint>
      <Time>2026-08-13T11:08:49Z</Time>
      <Position>
       <LatitudeDegrees>5.2340420</LatitudeDegrees>
       <LongitudeDegrees>100.4376420</LongitudeDegrees>
      </Position>
      <AltitudeMeters>5.4</AltitudeMeters>
      <DistanceMeters>951.9</DistanceMeters>
      <HeartRateBpm>
       <Value>153</Value>
      </HeartRateBpm>
      <Extensions>
       <TPX xmlns="http://www.garmin.com/xmlschemas/ActivityExtension/v2">
        <Speed>2.3</Speed>
       </TPX>
      </Extensions>
     </Trackpoint>
     <Trackpoint>
      <Time>2026-08-13T11:08:50Z</Time>
      <Position>
       <LatitudeDegrees>5.2340360</LatitudeDegrees>
       <LongitudeDegrees>100.4376210</LongitudeDegrees>
      </Position>
      <AltitudeMeters>5.4</AltitudeMeters>
      <DistanceMeters>954.3</DistanceMeters>
      <HeartRateBpm>
       <Value>152</Value>
      </HeartRateBpm>
      <Extensions>
       <TPX xmlns="http://www.garmin.com/xmlschemas/ActivityExtension/v2">
        <Speed>2.3</Speed>
       </TPX>
      </Extensions>
     </Trackpoint>
     <Trackpoint>
      <Time>2026-08-13T11:08:51Z</Time>
      <Position>
       <LatitudeDegrees>5.2340320</LatitudeDegrees>
       <LongitudeDegrees>100.4375990</LongitudeDegrees>
      </Position>
      <AltitudeMeters>5.4</AltitudeMeters>
      <DistanceMeters>956.8</DistanceMeters>
      <HeartRateBpm>
       <Value>153</Value>
      </HeartRateBpm>
      <Extensions>
       <TPX xmlns="http://www.garmin.com/xmlschemas/ActivityExtension/v2">
        <Speed>2.3</Speed>
       </TPX>
      </Extensions>
     </Trackpoint>
     <Trackpoint>
      <Time>2026-08-13T11:08:52Z</Time>
      <Position>
       <LatitudeDegrees>5.2340280</LatitudeDegrees>
       <LongitudeDegrees>100.4375780</LongitudeDegrees>
      </Position>
      <AltitudeMeters>5.4</AltitudeMeters>
      <DistanceMeters>959.1</DistanceMeters>
      <HeartRateBpm>
       <Value>153</Value>
      </HeartRateBpm>
      <Extensions>
       <TPX xmlns="http://www.garmin.com/xmlschemas/ActivityExtension/v2">
        <Speed>2.4</Speed>
       </TPX>
      </Extensions>
     </Trackpoint>
     <Trackpoint>
      <Time>2026-08-13T11:08:53Z</Time>
      <Position>
       <LatitudeDegrees>5.2340240</LatitudeDegrees>
       <LongitudeDegrees>100.4375590</LongitudeDegrees>
      </Position>
      <AltitudeMeters>5.4</AltitudeMeters>
      <DistanceMeters>961.2</DistanceMeters>
      <HeartRateBpm>
       <Value>153</Value>
      </HeartRateBpm>
      <Extensions>
       <TPX xmlns="http://www.garmin.com/xmlschemas/ActivityExtension/v2">
        <Speed>2.3</Speed>
       </TPX>
      </Extensions>
     </Trackpoint>
     <Trackpoint>
      <Time>2026-08-13T11:08:54Z</Time>
      <Position>
       <LatitudeDegrees>5.2340190</LatitudeDegrees>
       <LongitudeDegrees>100.4375370</LongitudeDegrees>
      </Position>
      <AltitudeMeters>5.4</AltitudeMeters>
      <DistanceMeters>963.7</DistanceMeters>
      <HeartRateBpm>
       <Value>154</Value>
      </HeartRateBpm>
      <Extensions>
       <TPX xmlns="http://www.garmin.com/xmlschemas/ActivityExtension/v2">
        <Speed>2.4</Speed>
       </TPX>
      </Extensions>
     </Trackpoint>
     <Trackpoint>
      <Time>2026-08-13T11:08:55Z</Time>
      <Position>
       <LatitudeDegrees>5.2340120</LatitudeDegrees>
       <LongitudeDegrees>100.4375170</LongitudeDegrees>
      </Position>
      <AltitudeMeters>5.4</AltitudeMeters>
      <DistanceMeters>966.1</DistanceMeters>
      <HeartRateBpm>
       <Value>155</Value>
      </HeartRateBpm>
      <Extensions>
       <TPX xmlns="http://www.garmin.com/xmlschemas/ActivityExtension/v2">
        <Speed>2.4</Speed>
       </TPX>
      </Extensions>
     </Trackpoint>
     <Trackpoint>
      <Time>2026-08-13T11:08:56Z</Time>
      <Position>
       <LatitudeDegrees>5.2340030</LatitudeDegrees>
       <LongitudeDegrees>100.4374960</LongitudeDegrees>
      </Position>
      <AltitudeMeters>5.4</AltitudeMeters>
      <DistanceMeters>968.6</DistanceMeters>
      <HeartRateBpm>
       <Value>155</Value>
      </HeartRateBpm>
      <Extensions>
       <TPX xmlns="http://www.garmin.com/xmlschemas/ActivityExtension/v2">
        <Speed>2.4</Speed>
       </TPX>
      </Extensions>
     </Trackpoint>
     <Trackpoint>
      <Time>2026-08-13T11:08:57Z</Time>
      <Position>
       <LatitudeDegrees>5.2339940</LatitudeDegrees>
       <LongitudeDegrees>100.4374770</LongitudeDegrees>
      </Position>
      <AltitudeMeters>5.4</AltitudeMeters>
      <DistanceMeters>970.9</DistanceMeters>
      <HeartRateBpm>
       <Value>154</Value>
      </HeartRateBpm>
      <Extensions>
       <TPX xmlns="http://www.garmin.com/xmlschemas/ActivityExtension/v2">
        <Speed>2.4</Speed>
       </TPX>
      </Extensions>
     </Trackpoint>
     <Trackpoint>
      <Time>2026-08-13T11:08:58Z</Time>
      <Position>
       <LatitudeDegrees>5.2339890</LatitudeDegrees>
       <LongitudeDegrees>100.4374560</LongitudeDegrees>
      </Position>
      <AltitudeMeters>5.4</AltitudeMeters>
      <DistanceMeters>973.3</DistanceMeters>
      <HeartRateBpm>
       <Value>153</Value>
      </HeartRateBpm>
      <Extensions>
       <TPX xmlns="http://www.garmin.com/xmlschemas/ActivityExtension/v2">
        <Speed>2.4</Speed>
       </TPX>
      </Extensions>
     </Trackpoint>
     <Trackpoint>
      <Time>2026-08-13T11:08:59Z</Time>
      <Position>
       <LatitudeDegrees>5.2339870</LatitudeDegrees>
       <LongitudeDegrees>100.4374350</LongitudeDegrees>
      </Position>
      <AltitudeMeters>5.4</AltitudeMeters>
      <DistanceMeters>975.6</DistanceMeters>
      <HeartRateBpm>
       <Value>153</Value>
      </HeartRateBpm>
      <Extensions>
       <TPX xmlns="http://www.garmin.com/xmlschemas/ActivityExtension/v2">
        <Speed>2.4</Speed>
       </TPX>
      </Extensions>
     </Trackpoint>
     <Trackpoint>
      <Time>2026-08-13T11:09:00Z</Time>
      <Position>
       <LatitudeDegrees>5.2339840</LatitudeDegrees>
       <LongitudeDegrees>100.4374130</LongitudeDegrees>
      </Position>
      <AltitudeMeters>5.4</AltitudeMeters>
      <DistanceMeters>978.1</DistanceMeters>
      <HeartRateBpm>
       <Value>153</Value>
      </HeartRateBpm>
      <Extensions>
       <TPX xmlns="http://www.garmin.com/xmlschemas/ActivityExtension/v2">
        <Speed>2.4</Speed>
       </TPX>
      </Extensions>
     </Trackpoint>
     <Trackpoint>
      <Time>2026-08-13T11:09:01Z</Time>
      <Position>
       <LatitudeDegrees>5.2339810</LatitudeDegrees>
       <LongitudeDegrees>100.4373910</LongitudeDegrees>
      </Position>
      <AltitudeMeters>5.4</AltitudeMeters>
      <DistanceMeters>980.6</DistanceMeters>
      <HeartRateBpm>
       <Value>153</Value>
      </HeartRateBpm>
      <Extensions>
       <TPX xmlns="http://www.garmin.com/xmlschemas/ActivityExtension/v2">
        <Speed>2.4</Speed>
       </TPX>
      </Extensions>
     </Trackpoint>
     <Trackpoint>
      <Time>2026-08-13T11:09:02Z</Time>
      <Position>
       <LatitudeDegrees>5.2339750</LatitudeDegrees>
       <LongitudeDegrees>100.4373700</LongitudeDegrees>
      </Position>
      <AltitudeMeters>5.4</AltitudeMeters>
      <DistanceMeters>983.0</DistanceMeters>
      <HeartRateBpm>
       <Value>153</Value>
      </HeartRateBpm>
      <Extensions>
       <TPX xmlns="http://www.garmin.com/xmlschemas/ActivityExtension/v2">
        <Speed>2.4</Speed>
       </TPX>
      </Extensions>
     </Trackpoint>
     <Trackpoint>
      <Time>2026-08-13T11:09:03Z</Time>
      <Position>
       <LatitudeDegrees>5.2339690</LatitudeDegrees>
       <LongitudeDegrees>100.4373480</LongitudeDegrees>
      </Position>
      <AltitudeMeters>5.4</AltitudeMeters>
      <DistanceMeters>985.5</DistanceMeters>
      <HeartRateBpm>
       <Value>153</Value>
      </HeartRateBpm>
      <Extensions>
       <TPX xmlns="http://www.garmin.com/xmlschemas/ActivityExtension/v2">
        <Speed>2.4</Speed>
       </TPX>
      </Extensions>
     </Trackpoint>
     <Trackpoint>
      <Time>2026-08-13T11:09:04Z</Time>
      <Position>
       <LatitudeDegrees>5.2339600</LatitudeDegrees>
       <LongitudeDegrees>100.4373270</LongitudeDegrees>
      </Position>
      <AltitudeMeters>5.4</AltitudeMeters>
      <DistanceMeters>988.1</DistanceMeters>
      <HeartRateBpm>
       <Value>153</Value>
      </HeartRateBpm>
      <Extensions>
       <TPX xmlns="http://www.garmin.com/xmlschemas/ActivityExtension/v2">
        <Speed>2.5</Speed>
       </TPX>
      </Extensions>
     </Trackpoint>
     <Trackpoint>
      <Time>2026-08-13T11:09:05Z</Time>
      <Position>
       <LatitudeDegrees>5.2339540</LatitudeDegrees>
       <LongitudeDegrees>100.4373050</LongitudeDegrees>
      </Position>
      <AltitudeMeters>5.4</AltitudeMeters>
      <DistanceMeters>990.6</DistanceMeters>
      <HeartRateBpm>
       <Value>154</Value>
      </HeartRateBpm>
      <Extensions>
       <TPX xmlns="http://www.garmin.com/xmlschemas/ActivityExtension/v2">
        <Speed>2.5</Speed>
       </TPX>
      </Extensions>
     </Trackpoint>
     <Trackpoint>
      <Time>2026-08-13T11:09:06Z</Time>
      <Position>
       <LatitudeDegrees>5.2339470</LatitudeDegrees>
       <LongitudeDegrees>100.4372830</LongitudeDegrees>
      </Position>
      <AltitudeMeters>5.4</AltitudeMeters>
      <DistanceMeters>993.1</DistanceMeters>
      <HeartRateBpm>
       <Value>154</Value>
      </HeartRateBpm>
      <Extensions>
       <TPX xmlns="http://www.garmin.com/xmlschemas/ActivityExtension/v2">
        <Speed>2.5</Speed>
       </TPX>
      </Extensions>
     </Trackpoint>
     <Trackpoint>
      <Time>2026-08-13T11:09:07Z</Time>
      <Position>
       <LatitudeDegrees>5.2339410</LatitudeDegrees>
       <LongitudeDegrees>100.4372620</LongitudeDegrees>
      </Position>
      <AltitudeMeters>5.4</AltitudeMeters>
      <DistanceMeters>995.5</DistanceMeters>
      <HeartRateBpm>
       <Value>153</Value>
      </HeartRateBpm>
      <Extensions>
       <TPX xmlns="http://www.garmin.com/xmlschemas/ActivityExtension/v2">
        <Speed>2.5</Speed>
       </TPX>
      </Extensions>
     </Trackpoint>
     <Trackpoint>
      <Time>2026-08-13T11:09:08Z</Time>
      <Position>
       <LatitudeDegrees>5.2339360</LatitudeDegrees>
       <LongitudeDegrees>100.4372420</LongitudeDegrees>
      </Position>
      <AltitudeMeters>5.4</AltitudeMeters>
      <DistanceMeters>997.8</DistanceMeters>
      <HeartRateBpm>
       <Value>153</Value>
      </HeartRateBpm>
      <Extensions>
       <TPX xmlns="http://www.garmin.com/xmlschemas/ActivityExtension/v2">
        <Speed>2.5</Speed>
       </TPX>
      </Extensions>
     </Trackpoint>
     <Trackpoint>
      <Time>2026-08-13T11:09:09Z</Time>
      <Position>
       <LatitudeDegrees>5.2339310</LatitudeDegrees>
       <LongitudeDegrees>100.4372220</LongitudeDegrees>
      </Position>
      <AltitudeMeters>5.4</AltitudeMeters>
      <DistanceMeters>1000.1</DistanceMeters>
      <HeartRateBpm>
       <Value>153</Value>
      </HeartRateBpm>
      <Extensions>
       <TPX xmlns="http://www.garmin.com/xmlschemas/ActivityExtension/v2">
        <Speed>2.4</Speed>
       </TPX>
      </Extensions>
     </Trackpoint>
     <Trackpoint>
      <Time>2026-08-13T11:09:10Z</Time>
      <Position>
       <LatitudeDegrees>5.2339260</LatitudeDegrees>
       <LongitudeDegrees>100.4371990</LongitudeDegrees>
      </Position>
      <AltitudeMeters>5.4</AltitudeMeters>
      <DistanceMeters>1002.7</DistanceMeters>
      <HeartRateBpm>
       <Value>154</Value>
      </HeartRateBpm>
      <Extensions>
       <TPX xmlns="http://www.garmin.com/xmlschemas/ActivityExtension/v2">
        <Speed>2.4</Speed>
       </TPX>
      </Extensions>
     </Trackpoint>
     <Trackpoint>
      <Time>2026-08-13T11:09:11Z</Time>
      <Position>
       <LatitudeDegrees>5.2339170</LatitudeDegrees>
       <LongitudeDegrees>100.4371820</LongitudeDegrees>
      </Position>
      <AltitudeMeters>5.4</AltitudeMeters>
      <DistanceMeters>1004.9</DistanceMeters>
      <HeartRateBpm>
       <Value>154</Value>
      </HeartRateBpm>
      <Extensions>
       <TPX xmlns="http://www.garmin.com/xmlschemas/ActivityExtension/v2">
        <Speed>2.4</Speed>
       </TPX>
      </Extensions>
     </Trackpoint>
     <Trackpoint>
      <Time>2026-08-13T11:09:12Z</Time>
      <Position>
       <LatitudeDegrees>5.2339050</LatitudeDegrees>
       <LongitudeDegrees>100.4371640</LongitudeDegrees>
      </Position>
      <AltitudeMeters>5.4</AltitudeMeters>
      <DistanceMeters>1007.3</DistanceMeters>
      <HeartRateBpm>
       <Value>154</Value>
      </HeartRateBpm>
      <Extensions>
       <TPX xmlns="http://www.garmin.com/xmlschemas/ActivityExtension/v2">
        <Speed>2.4</Speed>
       </TPX>
      </Extensions>
     </Trackpoint>
     <Trackpoint>
      <Time>2026-08-13T11:09:13Z</Time>
      <Position>
       <LatitudeDegrees>5.2338930</LatitudeDegrees>
       <LongitudeDegrees>100.4371430</LongitudeDegrees>
      </Position>
      <AltitudeMeters>5.4</AltitudeMeters>
      <DistanceMeters>1009.9</DistanceMeters>
      <HeartRateBpm>
       <Value>154</Value>
      </HeartRateBpm>
      <Extensions>
       <TPX xmlns="http://www.garmin.com/xmlschemas/ActivityExtension/v2">
        <Speed>2.4</Speed>
       </TPX>
      </Extensions>
     </Trackpoint>
     <Trackpoint>
      <Time>2026-08-13T11:09:14Z</Time>
      <Position>
       <LatitudeDegrees>5.2338930</LatitudeDegrees>
       <LongitudeDegrees>100.4371190</LongitudeDegrees>
      </Position>
      <AltitudeMeters>5.4</AltitudeMeters>
      <DistanceMeters>1012.4</DistanceMeters>
      <HeartRateBpm>
       <Value>154</Value>
      </HeartRateBpm>
      <Extensions>
       <TPX xmlns="http://www.garmin.com/xmlschemas/ActivityExtension/v2">
        <Speed>2.5</Speed>
       </TPX>
      </Extensions>
     </Trackpoint>
     <Trackpoint>
      <Time>2026-08-13T11:09:15Z</Time>
      <Position>
       <LatitudeDegrees>5.2338910</LatitudeDegrees>
       <LongitudeDegrees>100.4370950</LongitudeDegrees>
      </Position>
      <AltitudeMeters>5.4</AltitudeMeters>
      <DistanceMeters>1015.1</DistanceMeters>
      <HeartRateBpm>
       <Value>154</Value>
      </HeartRateBpm>
      <Extensions>
       <TPX xmlns="http://www.garmin.com/xmlschemas/ActivityExtension/v2">
        <Speed>2.5</Speed>
       </TPX>
      </Extensions>
     </Trackpoint>
     <Trackpoint>
      <Time>2026-08-13T11:09:16Z</Time>
      <Position>
       <LatitudeDegrees>5.2338890</LatitudeDegrees>
       <LongitudeDegrees>100.4370730</LongitudeDegrees>
      </Position>
      <AltitudeMeters>5.4</AltitudeMeters>
      <DistanceMeters>1017.5</DistanceMeters>
      <HeartRateBpm>
       <Value>154</Value>
      </HeartRateBpm>
      <Extensions>
       <TPX xmlns="http://www.garmin.com/xmlschemas/ActivityExtension/v2">
        <Speed>2.5</Speed>
       </TPX>
      </Extensions>
     </Trackpoint>
     <Trackpoint>
      <Time>2026-08-13T11:09:17Z</Time>
      <Position>
       <LatitudeDegrees>5.2338900</LatitudeDegrees>
       <LongitudeDegrees>100.4370520</LongitudeDegrees>
      </Position>
      <AltitudeMeters>5.4</AltitudeMeters>
      <DistanceMeters>1019.8</DistanceMeters>
      <HeartRateBpm>
       <Value>154</Value>
      </HeartRateBpm>
      <Extensions>
       <TPX xmlns="http://www.garmin.com/xmlschemas/ActivityExtension/v2">
        <Speed>2.5</Speed>
       </TPX>
      </Extensions>
     </Trackpoint>
     <Trackpoint>
      <Time>2026-08-13T11:09:18Z</Time>
      <Position>
       <LatitudeDegrees>5.2338910</LatitudeDegrees>
       <LongitudeDegrees>100.4370300</LongitudeDegrees>
      </Position>
      <AltitudeMeters>5.4</AltitudeMeters>
      <DistanceMeters>1022.3</DistanceMeters>
      <HeartRateBpm>
       <Value>154</Value>
      </HeartRateBpm>
      <Extensions>
       <TPX xmlns="http://www.garmin.com/xmlschemas/ActivityExtension/v2">
        <Speed>2.5</Speed>
       </TPX>
      </Extensions>
     </Trackpoint>
     <Trackpoint>
      <Time>2026-08-13T11:09:19Z</Time>
      <Position>
       <LatitudeDegrees>5.2338930</LatitudeDegrees>
       <LongitudeDegrees>100.4370090</LongitudeDegrees>
      </Position>
      <AltitudeMeters>5.4</AltitudeMeters>
      <DistanceMeters>1024.6</DistanceMeters>
      <HeartRateBpm>
       <Value>153</Value>
      </HeartRateBpm>
      <Extensions>
       <TPX xmlns="http://www.garmin.com/xmlschemas/ActivityExtension/v2">
        <Speed>2.4</Speed>
       </TPX>
      </Extensions>
     </Trackpoint>
     <Trackpoint>
      <Time>2026-08-13T11:09:20Z</Time>
      <Position>
       <LatitudeDegrees>5.2338900</LatitudeDegrees>
       <LongitudeDegrees>100.4369860</LongitudeDegrees>
      </Position>
      <AltitudeMeters>5.4</AltitudeMeters>
      <DistanceMeters>1027.1</DistanceMeters>
      <HeartRateBpm>
       <Value>153</Value>
      </HeartRateBpm>
      <Extensions>
       <TPX xmlns="http://www.garmin.com/xmlschemas/ActivityExtension/v2">
        <Speed>2.4</Speed>
       </TPX>
      </Extensions>
     </Trackpoint>
     <Trackpoint>
      <Time>2026-08-13T11:09:21Z</Time>
      <Position>
       <LatitudeDegrees>5.2338850</LatitudeDegrees>
       <LongitudeDegrees>100.4369640</LongitudeDegrees>
      </Position>
      <AltitudeMeters>5.4</AltitudeMeters>
      <DistanceMeters>1029.6</DistanceMeters>
      <HeartRateBpm>
       <Value>153</Value>
      </HeartRateBpm>
      <Extensions>
       <TPX xmlns="http://www.garmin.com/xmlschemas/ActivityExtension/v2">
        <Speed>2.4</Speed>
       </TPX>
      </Extensions>
     </Trackpoint>
     <Trackpoint>
      <Time>2026-08-13T11:09:22Z</Time>
      <Position>
       <LatitudeDegrees>5.2338790</LatitudeDegrees>
       <LongitudeDegrees>100.4369430</LongitudeDegrees>
      </Position>
      <AltitudeMeters>5.4</AltitudeMeters>
      <DistanceMeters>1032.1</DistanceMeters>
      <HeartRateBpm>
       <Value>154</Value>
      </HeartRateBpm>
      <Extensions>
       <TPX xmlns="http://www.garmin.com/xmlschemas/ActivityExtension/v2">
        <Speed>2.5</Speed>
       </TPX>
      </Extensions>
     </Trackpoint>
     <Trackpoint>
      <Time>2026-08-13T11:09:23Z</Time>
      <Position>
       <LatitudeDegrees>5.2338710</LatitudeDegrees>
       <LongitudeDegrees>100.4369210</LongitudeDegrees>
      </Position>
      <AltitudeMeters>5.4</AltitudeMeters>
      <DistanceMeters>1034.7</DistanceMeters>
      <HeartRateBpm>
       <Value>154</Value>
      </HeartRateBpm>
      <Extensions>
       <TPX xmlns="http://www.garmin.com/xmlschemas/ActivityExtension/v2">
        <Speed>2.5</Speed>
       </TPX>
      </Extensions>
     </Trackpoint>
     <Trackpoint>
      <Time>2026-08-13T11:09:24Z</Time>
      <Position>
       <LatitudeDegrees>5.2338620</LatitudeDegrees>
       <LongitudeDegrees>100.4368980</LongitudeDegrees>
      </Position>
      <AltitudeMeters>5.4</AltitudeMeters>
      <DistanceMeters>1037.4</DistanceMeters>
      <HeartRateBpm>
       <Value>154</Value>
      </HeartRateBpm>
      <Extensions>
       <TPX xmlns="http://www.garmin.com/xmlschemas/ActivityExtension/v2">
        <Speed>2.6</Speed>
       </TPX>
      </Extensions>
     </Trackpoint>
     <Trackpoint>
      <Time>2026-08-13T11:09:25Z</Time>
      <Position>
       <LatitudeDegrees>5.2338520</LatitudeDegrees>
       <LongitudeDegrees>100.4368790</LongitudeDegrees>
      </Position>
      <AltitudeMeters>5.4</AltitudeMeters>
      <DistanceMeters>1039.8</DistanceMeters>
      <HeartRateBpm>
       <Value>155</Value>
      </HeartRateBpm>
      <Extensions>
       <TPX xmlns="http://www.garmin.com/xmlschemas/ActivityExtension/v2">
        <Speed>2.5</Speed>
       </TPX>
      </Extensions>
     </Trackpoint>
     <Trackpoint>
      <Time>2026-08-13T11:09:26Z</Time>
      <Position>
       <LatitudeDegrees>5.2338440</LatitudeDegrees>
       <LongitudeDegrees>100.4368580</LongitudeDegrees>
      </Position>
      <AltitudeMeters>5.5</AltitudeMeters>
      <DistanceMeters>1042.3</DistanceMeters>
      <HeartRateBpm>
       <Value>155</Value>
      </HeartRateBpm>
      <Extensions>
       <TPX xmlns="http://www.garmin.com/xmlschemas/ActivityExtension/v2">
        <Speed>2.5</Speed>
       </TPX>
      </Extensions>
     </Trackpoint>
     <Trackpoint>
      <Time>2026-08-13T11:09:27Z</Time>
      <Position>
       <LatitudeDegrees>5.2338380</LatitudeDegrees>
       <LongitudeDegrees>100.4368360</LongitudeDegrees>
      </Position>
      <AltitudeMeters>5.5</AltitudeMeters>
      <DistanceMeters>1044.8</DistanceMeters>
      <HeartRateBpm>
       <Value>155</Value>
      </HeartRateBpm>
      <Extensions>
       <TPX xmlns="http://www.garmin.com/xmlschemas/ActivityExtension/v2">
        <Speed>2.5</Speed>
       </TPX>
      </Extensions>
     </Trackpoint>
     <Trackpoint>
      <Time>2026-08-13T11:09:28Z</Time>
      <Position>
       <LatitudeDegrees>5.2338320</LatitudeDegrees>
       <LongitudeDegrees>100.4368140</LongitudeDegrees>
      </Position>
      <AltitudeMeters>5.5</AltitudeMeters>
      <DistanceMeters>1047.3</DistanceMeters>
      <HeartRateBpm>
       <Value>155</Value>
      </HeartRateBpm>
      <Extensions>
       <TPX xmlns="http://www.garmin.com/xmlschemas/ActivityExtension/v2">
        <Speed>2.5</Speed>
       </TPX>
      </Extensions>
     </Trackpoint>
     <Trackpoint>
      <Time>2026-08-13T11:09:29Z</Time>
      <Position>
       <LatitudeDegrees>5.2338260</LatitudeDegrees>
       <LongitudeDegrees>100.4367900</LongitudeDegrees>
      </Position>
      <AltitudeMeters>5.5</AltitudeMeters>
      <DistanceMeters>1050.0</DistanceMeters>
      <HeartRateBpm>
       <Value>154</Value>
      </HeartRateBpm>
      <Extensions>
       <TPX xmlns="http://www.garmin.com/xmlschemas/ActivityExtension/v2">
        <Speed>2.5</Speed>
       </TPX>
      </Extensions>
     </Trackpoint>
     <Trackpoint>
      <Time>2026-08-13T11:09:30Z</Time>
      <Position>
       <LatitudeDegrees>5.2338190</LatitudeDegrees>
       <LongitudeDegrees>100.4367700</LongitudeDegrees>
      </Position>
      <AltitudeMeters>5.5</AltitudeMeters>
      <DistanceMeters>1052.4</DistanceMeters>
      <HeartRateBpm>
       <Value>154</Value>
      </HeartRateBpm>
      <Extensions>
       <TPX xmlns="http://www.garmin.com/xmlschemas/ActivityExtension/v2">
        <Speed>2.5</Speed>
       </TPX>
      </Extensions>
     </Trackpoint>
     <Trackpoint>
      <Time>2026-08-13T11:09:31Z</Time>
      <Position>
       <LatitudeDegrees>5.2338140</LatitudeDegrees>
       <LongitudeDegrees>100.4367510</LongitudeDegrees>
      </Position>
      <AltitudeMeters>5.5</AltitudeMeters>
      <DistanceMeters>1054.6</DistanceMeters>
      <HeartRateBpm>
       <Value>154</Value>
      </HeartRateBpm>
      <Extensions>
       <TPX xmlns="http://www.garmin.com/xmlschemas/ActivityExtension/v2">
        <Speed>2.5</Speed>
       </TPX>
      </Extensions>
     </Trackpoint>
     <Trackpoint>
      <Time>2026-08-13T11:09:32Z</Time>
      <Position>
       <LatitudeDegrees>5.2338090</LatitudeDegrees>
       <LongitudeDegrees>100.4367280</LongitudeDegrees>
      </Position>
      <AltitudeMeters>5.5</AltitudeMeters>
      <DistanceMeters>1057.2</DistanceMeters>
      <HeartRateBpm>
       <Value>154</Value>
      </HeartRateBpm>
      <Extensions>
       <TPX xmlns="http://www.garmin.com/xmlschemas/ActivityExtension/v2">
        <Speed>2.5</Speed>
       </TPX>
      </Extensions>
     </Trackpoint>
     <Trackpoint>
      <Time>2026-08-13T11:09:33Z</Time>
      <Position>
       <LatitudeDegrees>5.2338020</LatitudeDegrees>
       <LongitudeDegrees>100.4367070</LongitudeDegrees>
      </Position>
      <AltitudeMeters>5.5</AltitudeMeters>
      <DistanceMeters>1059.6</DistanceMeters>
      <HeartRateBpm>
       <Value>154</Value>
      </HeartRateBpm>
      <Extensions>
       <TPX xmlns="http://www.garmin.com/xmlschemas/ActivityExtension/v2">
        <Speed>2.5</Speed>
       </TPX>
      </Extensions>
     </Trackpoint>
     <Trackpoint>
      <Time>2026-08-13T11:09:34Z</Time>
      <Position>
       <LatitudeDegrees>5.2337960</LatitudeDegrees>
       <LongitudeDegrees>100.4366850</LongitudeDegrees>
      </Position>
      <AltitudeMeters>5.5</AltitudeMeters>
      <DistanceMeters>1062.1</DistanceMeters>
      <HeartRateBpm>
       <Value>154</Value>
      </HeartRateBpm>
      <Extensions>
       <TPX xmlns="http://www.garmin.com/xmlschemas/ActivityExtension/v2">
        <Speed>2.4</Speed>
       </TPX>
      </Extensions>
     </Trackpoint>
     <Trackpoint>
      <Time>2026-08-13T11:09:35Z</Time>
      <Position>
       <LatitudeDegrees>5.2337890</LatitudeDegrees>
       <LongitudeDegrees>100.4366640</LongitudeDegrees>
      </Position>
      <AltitudeMeters>5.5</AltitudeMeters>
      <DistanceMeters>1064.6</DistanceMeters>
      <HeartRateBpm>
       <Value>155</Value>
      </HeartRateBpm>
      <Extensions>
       <TPX xmlns="http://www.garmin.com/xmlschemas/ActivityExtension/v2">
        <Speed>2.4</Speed>
       </TPX>
      </Extensions>
     </Trackpoint>
     <Trackpoint>
      <Time>2026-08-13T11:09:36Z</Time>
      <Position>
       <LatitudeDegrees>5.2337850</LatitudeDegrees>
       <LongitudeDegrees>100.4366430</LongitudeDegrees>
      </Position>
      <AltitudeMeters>5.5</AltitudeMeters>
      <DistanceMeters>1067.0</DistanceMeters>
      <HeartRateBpm>
       <Value>155</Value>
      </HeartRateBpm>
      <Extensions>
       <TPX xmlns="http://www.garmin.com/xmlschemas/ActivityExtension/v2">
        <Speed>2.5</Speed>
       </TPX>
      </Extensions>
     </Trackpoint>
     <Trackpoint>
      <Time>2026-08-13T11:09:37Z</Time>
      <Position>
       <LatitudeDegrees>5.2337790</LatitudeDegrees>
       <LongitudeDegrees>100.4366220</LongitudeDegrees>
      </Position>
      <AltitudeMeters>5.5</AltitudeMeters>
      <DistanceMeters>1069.4</DistanceMeters>
      <HeartRateBpm>
       <Value>155</Value>
      </HeartRateBpm>
      <Extensions>
       <TPX xmlns="http://www.garmin.com/xmlschemas/ActivityExtension/v2">
        <Speed>2.4</Speed>
       </TPX>
      </Extensions>
     </Trackpoint>
     <Trackpoint>
      <Time>2026-08-13T11:09:38Z</Time>
      <Position>
       <LatitudeDegrees>5.2337740</LatitudeDegrees>
       <LongitudeDegrees>100.4366010</LongitudeDegrees>
      </Position>
      <AltitudeMeters>5.5</AltitudeMeters>
      <DistanceMeters>1071.7</DistanceMeters>
      <HeartRateBpm>
       <Value>155</Value>
      </HeartRateBpm>
      <Extensions>
       <TPX xmlns="http://www.garmin.com/xmlschemas/ActivityExtension/v2">
        <Speed>2.4</Speed>
       </TPX>
      </Extensions>
     </Trackpoint>
     <Trackpoint>
      <Time>2026-08-13T11:09:39Z</Time>
      <Position>
       <LatitudeDegrees>5.2337690</LatitudeDegrees>
       <LongitudeDegrees>100.4365790</LongitudeDegrees>
      </Position>
      <AltitudeMeters>5.5</AltitudeMeters>
      <DistanceMeters>1074.3</DistanceMeters>
      <HeartRateBpm>
       <Value>155</Value>
      </HeartRateBpm>
      <Extensions>
       <TPX xmlns="http://www.garmin.com/xmlschemas/ActivityExtension/v2">
        <Speed>2.4</Speed>
       </TPX>
      </Extensions>
     </Trackpoint>
     <Trackpoint>
      <Time>2026-08-13T11:09:40Z</Time>
      <Position>
       <LatitudeDegrees>5.2337640</LatitudeDegrees>
       <LongitudeDegrees>100.4365570</LongitudeDegrees>
      </Position>
      <AltitudeMeters>5.5</AltitudeMeters>
      <DistanceMeters>1076.8</DistanceMeters>
      <HeartRateBpm>
       <Value>155</Value>
      </HeartRateBpm>
      <Extensions>
       <TPX xmlns="http://www.garmin.com/xmlschemas/ActivityExtension/v2">
        <Speed>2.4</Speed>
       </TPX>
      </Extensions>
     </Trackpoint>
     <Trackpoint>
      <Time>2026-08-13T11:09:41Z</Time>
      <Position>
       <LatitudeDegrees>5.2337590</LatitudeDegrees>
       <LongitudeDegrees>100.4365360</LongitudeDegrees>
      </Position>
      <AltitudeMeters>5.5</AltitudeMeters>
      <DistanceMeters>1079.2</DistanceMeters>
      <HeartRateBpm>
       <Value>154</Value>
      </HeartRateBpm>
      <Extensions>
       <TPX xmlns="http://www.garmin.com/xmlschemas/ActivityExtension/v2">
        <Speed>2.4</Speed>
       </TPX>
      </Extensions>
     </Trackpoint>
     <Trackpoint>
      <Time>2026-08-13T11:09:42Z</Time>
      <Position>
       <LatitudeDegrees>5.2337540</LatitudeDegrees>
       <LongitudeDegrees>100.4365160</LongitudeDegrees>
      </Position>
      <AltitudeMeters>5.5</AltitudeMeters>
      <DistanceMeters>1081.5</DistanceMeters>
      <HeartRateBpm>
       <Value>154</Value>
      </HeartRateBpm>
      <Extensions>
       <TPX xmlns="http://www.garmin.com/xmlschemas/ActivityExtension/v2">
        <Speed>2.4</Speed>
       </TPX>
      </Extensions>
     </Trackpoint>
     <Trackpoint>
      <Time>2026-08-13T11:09:43Z</Time>
      <Position>
       <LatitudeDegrees>5.2337500</LatitudeDegrees>
       <LongitudeDegrees>100.4364940</LongitudeDegrees>
      </Position>
      <AltitudeMeters>5.5</AltitudeMeters>
      <DistanceMeters>1083.9</DistanceMeters>
      <HeartRateBpm>
       <Value>154</Value>
      </HeartRateBpm>
      <Extensions>
       <TPX xmlns="http://www.garmin.com/xmlschemas/ActivityExtension/v2">
        <Speed>2.4</Speed>
       </TPX>
      </Extensions>
     </Trackpoint>
     <Trackpoint>
      <Time>2026-08-13T11:09:44Z</Time>
      <Position>
       <LatitudeDegrees>5.2337460</LatitudeDegrees>
       <LongitudeDegrees>100.4364710</LongitudeDegrees>
      </Position>
      <AltitudeMeters>5.5</AltitudeMeters>
      <DistanceMeters>1086.5</DistanceMeters>
      <HeartRateBpm>
       <Value>154</Value>
      </HeartRateBpm>
      <Extensions>
       <TPX xmlns="http://www.garmin.com/xmlschemas/ActivityExtension/v2">
        <Speed>2.4</Speed>
       </TPX>
      </Extensions>
     </Trackpoint>
     <Trackpoint>
      <Time>2026-08-13T11:09:45Z</Time>
      <Position>
       <LatitudeDegrees>5.2337420</LatitudeDegrees>
       <LongitudeDegrees>100.4364490</LongitudeDegrees>
      </Position>
      <AltitudeMeters>5.5</AltitudeMeters>
      <DistanceMeters>1089.0</DistanceMeters>
      <HeartRateBpm>
       <Value>154</Value>
      </HeartRateBpm>
      <Extensions>
       <TPX xmlns="http://www.garmin.com/xmlschemas/ActivityExtension/v2">
        <Speed>2.4</Speed>
       </TPX>
      </Extensions>
     </Trackpoint>
     <Trackpoint>
      <Time>2026-08-13T11:09:46Z</Time>
      <Position>
       <LatitudeDegrees>5.2337360</LatitudeDegrees>
       <LongitudeDegrees>100.4364260</LongitudeDegrees>
      </Position>
      <AltitudeMeters>5.5</AltitudeMeters>
      <DistanceMeters>1091.6</DistanceMeters>
      <HeartRateBpm>
       <Value>155</Value>
      </HeartRateBpm>
      <Extensions>
       <TPX xmlns="http://www.garmin.com/xmlschemas/ActivityExtension/v2">
        <Speed>2.5</Speed>
       </TPX>
      </Extensions>
     </Trackpoint>
     <Trackpoint>
      <Time>2026-08-13T11:09:47Z</Time>
      <Position>
       <LatitudeDegrees>5.2337390</LatitudeDegrees>
       <LongitudeDegrees>100.4364060</LongitudeDegrees>
      </Position>
      <AltitudeMeters>5.5</AltitudeMeters>
      <DistanceMeters>1093.8</DistanceMeters>
      <HeartRateBpm>
       <Value>155</Value>
      </HeartRateBpm>
      <Extensions>
       <TPX xmlns="http://www.garmin.com/xmlschemas/ActivityExtension/v2">
        <Speed>2.5</Speed>
       </TPX>
      </Extensions>
     </Trackpoint>
     <Trackpoint>
      <Time>2026-08-13T11:09:48Z</Time>
      <Position>
       <LatitudeDegrees>5.2337380</LatitudeDegrees>
       <LongitudeDegrees>100.4363820</LongitudeDegrees>
      </Position>
      <AltitudeMeters>5.5</AltitudeMeters>
      <DistanceMeters>1096.5</DistanceMeters>
      <HeartRateBpm>
       <Value>155</Value>
      </HeartRateBpm>
      <Extensions>
       <TPX xmlns="http://www.garmin.com/xmlschemas/ActivityExtension/v2">
        <Speed>2.5</Speed>
       </TPX>
      </Extensions>
     </Trackpoint>
     <Trackpoint>
      <Time>2026-08-13T11:09:49Z</Time>
      <Position>
       <LatitudeDegrees>5.2337380</LatitudeDegrees>
       <LongitudeDegrees>100.4363620</LongitudeDegrees>
      </Position>
      <AltitudeMeters>5.5</AltitudeMeters>
      <DistanceMeters>1098.7</DistanceMeters>
      <HeartRateBpm>
       <Value>154</Value>
      </HeartRateBpm>
      <Extensions>
       <TPX xmlns="http://www.garmin.com/xmlschemas/ActivityExtension/v2">
        <Speed>2.4</Speed>
       </TPX>
      </Extensions>
     </Trackpoint>
     <Trackpoint>
      <Time>2026-08-13T11:09:50Z</Time>
      <Position>
       <LatitudeDegrees>5.2337350</LatitudeDegrees>
       <LongitudeDegrees>100.4363410</LongitudeDegrees>
      </Position>
      <AltitudeMeters>5.5</AltitudeMeters>
      <DistanceMeters>1101.1</DistanceMeters>
      <HeartRateBpm>
       <Value>153</Value>
      </HeartRateBpm>
      <Extensions>
       <TPX xmlns="http://www.garmin.com/xmlschemas/ActivityExtension/v2">
        <Speed>2.4</Speed>
       </TPX>
      </Extensions>
     </Trackpoint>
     <Trackpoint>
      <Time>2026-08-13T11:09:51Z</Time>
      <Position>
       <LatitudeDegrees>5.2337330</LatitudeDegrees>
       <LongitudeDegrees>100.4363210</LongitudeDegrees>
      </Position>
      <AltitudeMeters>5.5</AltitudeMeters>
      <DistanceMeters>1103.3</DistanceMeters>
      <HeartRateBpm>
       <Value>153</Value>
      </HeartRateBpm>
      <Extensions>
       <TPX xmlns="http://www.garmin.com/xmlschemas/ActivityExtension/v2">
        <Speed>2.3</Speed>
       </TPX>
      </Extensions>
     </Trackpoint>
     <Trackpoint>
      <Time>2026-08-13T11:09:52Z</Time>
      <Position>
       <LatitudeDegrees>5.2337200</LatitudeDegrees>
       <LongitudeDegrees>100.4362970</LongitudeDegrees>
      </Position>
      <AltitudeMeters>5.5</AltitudeMeters>
      <DistanceMeters>1106.2</DistanceMeters>
      <HeartRateBpm>
       <Value>153</Value>
      </HeartRateBpm>
      <Extensions>
       <TPX xmlns="http://www.garmin.com/xmlschemas/ActivityExtension/v2">
        <Speed>2.5</Speed>
       </TPX>
      </Extensions>
     </Trackpoint>
     <Trackpoint>
      <Time>2026-08-13T11:09:53Z</Time>
      <Position>
       <LatitudeDegrees>5.2337100</LatitudeDegrees>
       <LongitudeDegrees>100.4362720</LongitudeDegrees>
      </Position>
      <AltitudeMeters>5.5</AltitudeMeters>
      <DistanceMeters>1109.1</DistanceMeters>
      <HeartRateBpm>
       <Value>154</Value>
      </HeartRateBpm>
      <Extensions>
       <TPX xmlns="http://www.garmin.com/xmlschemas/ActivityExtension/v2">
        <Speed>2.5</Speed>
       </TPX>
      </Extensions>
     </Trackpoint>
     <Trackpoint>
      <Time>2026-08-13T11:09:54Z</Time>
      <Position>
       <LatitudeDegrees>5.2336960</LatitudeDegrees>
       <LongitudeDegrees>100.4362500</LongitudeDegrees>
      </Position>
      <AltitudeMeters>5.5</AltitudeMeters>
      <DistanceMeters>1112.0</DistanceMeters>
      <HeartRateBpm>
       <Value>154</Value>
      </HeartRateBpm>
      <Extensions>
       <TPX xmlns="http://www.garmin.com/xmlschemas/ActivityExtension/v2">
        <Speed>2.7</Speed>
       </TPX>
      </Extensions>
     </Trackpoint>
     <Trackpoint>
      <Time>2026-08-13T11:09:55Z</Time>
      <Position>
       <LatitudeDegrees>5.2336710</LatitudeDegrees>
       <LongitudeDegrees>100.4362420</LongitudeDegrees>
      </Position>
      <AltitudeMeters>5.5</AltitudeMeters>
      <DistanceMeters>1114.9</DistanceMeters>
      <HeartRateBpm>
       <Value>154</Value>
      </HeartRateBpm>
      <Extensions>
       <TPX xmlns="http://www.garmin.com/xmlschemas/ActivityExtension/v2">
        <Speed>2.8</Speed>
       </TPX>
      </Extensions>
     </Trackpoint>
     <Trackpoint>
      <Time>2026-08-13T11:09:56Z</Time>
      <Position>
       <LatitudeDegrees>5.2336540</LatitudeDegrees>
       <LongitudeDegrees>100.4362280</LongitudeDegrees>
      </Position>
      <AltitudeMeters>5.5</AltitudeMeters>
      <DistanceMeters>1117.3</DistanceMeters>
      <HeartRateBpm>
       <Value>155</Value>
      </HeartRateBpm>
      <Extensions>
       <TPX xmlns="http://www.garmin.com/xmlschemas/ActivityExtension/v2">
        <Speed>2.8</Speed>
       </TPX>
      </Extensions>
     </Trackpoint>
     <Trackpoint>
      <Time>2026-08-13T11:09:57Z</Time>
      <Position>
       <LatitudeDegrees>5.2336420</LatitudeDegrees>
       <LongitudeDegrees>100.4362070</LongitudeDegrees>
      </Position>
      <AltitudeMeters>5.5</AltitudeMeters>
      <DistanceMeters>1120.0</DistanceMeters>
      <HeartRateBpm>
       <Value>154</Value>
      </HeartRateBpm>
      <Extensions>
       <TPX xmlns="http://www.garmin.com/xmlschemas/ActivityExtension/v2">
        <Speed>2.8</Speed>
       </TPX>
      </Extensions>
     </Trackpoint>
     <Trackpoint>
      <Time>2026-08-13T11:09:58Z</Time>
      <Position>
       <LatitudeDegrees>5.2336350</LatitudeDegrees>
       <LongitudeDegrees>100.4361800</LongitudeDegrees>
      </Position>
      <AltitudeMeters>5.5</AltitudeMeters>
      <DistanceMeters>1123.1</DistanceMeters>
      <HeartRateBpm>
       <Value>152</Value>
      </HeartRateBpm>
      <Extensions>
       <TPX xmlns="http://www.garmin.com/xmlschemas/ActivityExtension/v2">
        <Speed>2.8</Speed>
       </TPX>
      </Extensions>
     </Trackpoint>
     <Trackpoint>
      <Time>2026-08-13T11:09:59Z</Time>
      <Position>
       <LatitudeDegrees>5.2336300</LatitudeDegrees>
       <LongitudeDegrees>100.4361510</LongitudeDegrees>
      </Position>
      <AltitudeMeters>5.5</AltitudeMeters>
      <DistanceMeters>1126.3</DistanceMeters>
      <HeartRateBpm>
       <Value>152</Value>
      </HeartRateBpm>
      <Extensions>
       <TPX xmlns="http://www.garmin.com/xmlschemas/ActivityExtension/v2">
        <Speed>2.9</Speed>
       </TPX>
      </Extensions>
     </Trackpoint>
     <Trackpoint>
      <Time>2026-08-13T11:10:00Z</Time>
      <Position>
       <LatitudeDegrees>5.2336280</LatitudeDegrees>
       <LongitudeDegrees>100.4361240</LongitudeDegrees>
      </Position>
      <AltitudeMeters>5.5</AltitudeMeters>
      <DistanceMeters>1129.3</DistanceMeters>
      <HeartRateBpm>
       <Value>153</Value>
      </HeartRateBpm>
      <Extensions>
       <TPX xmlns="http://www.garmin.com/xmlschemas/ActivityExtension/v2">
        <Speed>2.9</Speed>
       </TPX>
      </Extensions>
     </Trackpoint>
     <Trackpoint>
      <Time>2026-08-13T11:10:01Z</Time>
      <Position>
       <LatitudeDegrees>5.2336230</LatitudeDegrees>
       <LongitudeDegrees>100.4360990</LongitudeDegrees>
      </Position>
      <AltitudeMeters>5.5</AltitudeMeters>
      <DistanceMeters>1132.1</DistanceMeters>
      <HeartRateBpm>
       <Value>154</Value>
      </HeartRateBpm>
      <Extensions>
       <TPX xmlns="http://www.garmin.com/xmlschemas/ActivityExtension/v2">
        <Speed>3.0</Speed>
       </TPX>
      </Extensions>
     </Trackpoint>
     <Trackpoint>
      <Time>2026-08-13T11:10:02Z</Time>
      <Position>
       <LatitudeDegrees>5.2336180</LatitudeDegrees>
       <LongitudeDegrees>100.4360780</LongitudeDegrees>
      </Position>
      <AltitudeMeters>5.5</AltitudeMeters>
      <DistanceMeters>1134.5</DistanceMeters>
      <HeartRateBpm>
       <Value>154</Value>
      </HeartRateBpm>
      <Extensions>
       <TPX xmlns="http://www.garmin.com/xmlschemas/ActivityExtension/v2">
        <Speed>2.9</Speed>
       </TPX>
      </Extensions>
     </Trackpoint>
     <Trackpoint>
      <Time>2026-08-13T11:10:03Z</Time>
      <Position>
       <LatitudeDegrees>5.2336080</LatitudeDegrees>
       <LongitudeDegrees>100.4360570</LongitudeDegrees>
      </Position>
      <AltitudeMeters>5.5</AltitudeMeters>
      <DistanceMeters>1137.0</DistanceMeters>
      <HeartRateBpm>
       <Value>154</Value>
      </HeartRateBpm>
      <Extensions>
       <TPX xmlns="http://www.garmin.com/xmlschemas/ActivityExtension/v2">
        <Speed>2.8</Speed>
       </TPX>
      </Extensions>
     </Trackpoint>
     <Trackpoint>
      <Time>2026-08-13T11:10:04Z</Time>
      <Position>
       <LatitudeDegrees>5.2336050</LatitudeDegrees>
       <LongitudeDegrees>100.4360330</LongitudeDegrees>
      </Position>
      <AltitudeMeters>5.5</AltitudeMeters>
      <DistanceMeters>1139.7</DistanceMeters>
      <HeartRateBpm>
       <Value>153</Value>
      </HeartRateBpm>
      <Extensions>
       <TPX xmlns="http://www.garmin.com/xmlschemas/ActivityExtension/v2">
        <Speed>2.7</Speed>
       </TPX>
      </Extensions>
     </Trackpoint>
     <Trackpoint>
      <Time>2026-08-13T11:10:05Z</Time>
      <Position>
       <LatitudeDegrees>5.2336050</LatitudeDegrees>
       <LongitudeDegrees>100.4360070</LongitudeDegrees>
      </Position>
      <AltitudeMeters>5.5</AltitudeMeters>
      <DistanceMeters>1142.6</DistanceMeters>
      <HeartRateBpm>
       <Value>153</Value>
      </HeartRateBpm>
      <Extensions>
       <TPX xmlns="http://www.garmin.com/xmlschemas/ActivityExtension/v2">
        <Speed>2.7</Speed>
       </TPX>
      </Extensions>
     </Trackpoint>
     <Trackpoint>
      <Time>2026-08-13T11:10:06Z</Time>
      <Position>
       <LatitudeDegrees>5.2336050</LatitudeDegrees>
       <LongitudeDegrees>100.4359830</LongitudeDegrees>
      </Position>
      <AltitudeMeters>5.5</AltitudeMeters>
      <DistanceMeters>1145.2</DistanceMeters>
      <HeartRateBpm>
       <Value>153</Value>
      </HeartRateBpm>
      <Extensions>
       <TPX xmlns="http://www.garmin.com/xmlschemas/ActivityExtension/v2">
        <Speed>2.6</Speed>
       </TPX>
      </Extensions>
     </Trackpoint>
     <Trackpoint>
      <Time>2026-08-13T11:10:07Z</Time>
      <Position>
       <LatitudeDegrees>5.2336060</LatitudeDegrees>
       <LongitudeDegrees>100.4359620</LongitudeDegrees>
      </Position>
      <AltitudeMeters>5.5</AltitudeMeters>
      <DistanceMeters>1147.5</DistanceMeters>
      <HeartRateBpm>
       <Value>153</Value>
      </HeartRateBpm>
      <Extensions>
       <TPX xmlns="http://www.garmin.com/xmlschemas/ActivityExtension/v2">
        <Speed>2.6</Speed>
       </TPX>
      </Extensions>
     </Trackpoint>
     <Trackpoint>
      <Time>2026-08-13T11:10:08Z</Time>
      <Position>
       <LatitudeDegrees>5.2336070</LatitudeDegrees>
       <LongitudeDegrees>100.4359360</LongitudeDegrees>
      </Position>
      <AltitudeMeters>5.5</AltitudeMeters>
      <DistanceMeters>1150.4</DistanceMeters>
      <HeartRateBpm>
       <Value>153</Value>
      </HeartRateBpm>
      <Extensions>
       <TPX xmlns="http://www.garmin.com/xmlschemas/ActivityExtension/v2">
        <Speed>2.7</Speed>
       </TPX>
      </Extensions>
     </Trackpoint>
     <Trackpoint>
      <Time>2026-08-13T11:10:09Z</Time>
      <Position>
       <LatitudeDegrees>5.2336080</LatitudeDegrees>
       <LongitudeDegrees>100.4359150</LongitudeDegrees>
      </Position>
      <AltitudeMeters>5.5</AltitudeMeters>
      <DistanceMeters>1152.7</DistanceMeters>
      <HeartRateBpm>
       <Value>153</Value>
      </HeartRateBpm>
      <Extensions>
       <TPX xmlns="http://www.garmin.com/xmlschemas/ActivityExtension/v2">
        <Speed>2.6</Speed>
       </TPX>
      </Extensions>
     </Trackpoint>
     <Trackpoint>
      <Time>2026-08-13T11:10:10Z</Time>
      <Position>
       <LatitudeDegrees>5.2336090</LatitudeDegrees>
       <LongitudeDegrees>100.4358930</LongitudeDegrees>
      </Position>
      <AltitudeMeters>5.5</AltitudeMeters>
      <DistanceMeters>1155.2</DistanceMeters>
      <HeartRateBpm>
       <Value>153</Value>
      </HeartRateBpm>
      <Extensions>
       <TPX xmlns="http://www.garmin.com/xmlschemas/ActivityExtension/v2">
        <Speed>2.5</Speed>
       </TPX>
      </Extensions>
     </Trackpoint>
     <Trackpoint>
      <Time>2026-08-13T11:10:11Z</Time>
      <Position>
       <LatitudeDegrees>5.2336020</LatitudeDegrees>
       <LongitudeDegrees>100.4358710</LongitudeDegrees>
      </Position>
      <AltitudeMeters>5.5</AltitudeMeters>
      <DistanceMeters>1157.7</DistanceMeters>
      <HeartRateBpm>
       <Value>153</Value>
      </HeartRateBpm>
      <Extensions>
       <TPX xmlns="http://www.garmin.com/xmlschemas/ActivityExtension/v2">
        <Speed>2.5</Speed>
       </TPX>
      </Extensions>
     </Trackpoint>
     <Trackpoint>
      <Time>2026-08-13T11:10:12Z</Time>
      <Position>
       <LatitudeDegrees>5.2335940</LatitudeDegrees>
       <LongitudeDegrees>100.4358480</LongitudeDegrees>
      </Position>
      <AltitudeMeters>5.5</AltitudeMeters>
      <DistanceMeters>1160.4</DistanceMeters>
      <HeartRateBpm>
       <Value>152</Value>
      </HeartRateBpm>
      <Extensions>
       <TPX xmlns="http://www.garmin.com/xmlschemas/ActivityExtension/v2">
        <Speed>2.6</Speed>
       </TPX>
      </Extensions>
     </Trackpoint>
     <Trackpoint>
      <Time>2026-08-13T11:10:13Z</Time>
      <Position>
       <LatitudeDegrees>5.2335890</LatitudeDegrees>
       <LongitudeDegrees>100.4358270</LongitudeDegrees>
      </Position>
      <AltitudeMeters>5.5</AltitudeMeters>
      <DistanceMeters>1162.8</DistanceMeters>
      <HeartRateBpm>
       <Value>152</Value>
      </HeartRateBpm>
      <Extensions>
       <TPX xmlns="http://www.garmin.com/xmlschemas/ActivityExtension/v2">
        <Speed>2.5</Speed>
       </TPX>
      </Extensions>
     </Trackpoint>
     <Trackpoint>
      <Time>2026-08-13T11:10:14Z</Time>
      <Position>
       <LatitudeDegrees>5.2335800</LatitudeDegrees>
       <LongitudeDegrees>100.4358040</LongitudeDegrees>
      </Position>
      <AltitudeMeters>5.5</AltitudeMeters>
      <DistanceMeters>1165.6</DistanceMeters>
      <HeartRateBpm>
       <Value>152</Value>
      </HeartRateBpm>
      <Extensions>
       <TPX xmlns="http://www.garmin.com/xmlschemas/ActivityExtension/v2">
        <Speed>2.6</Speed>
       </TPX>
      </Extensions>
     </Trackpoint>
     <Trackpoint>
      <Time>2026-08-13T11:10:15Z</Time>
      <Position>
       <LatitudeDegrees>5.2335710</LatitudeDegrees>
       <LongitudeDegrees>100.4357820</LongitudeDegrees>
      </Position>
      <AltitudeMeters>5.5</AltitudeMeters>
      <DistanceMeters>1168.2</DistanceMeters>
      <HeartRateBpm>
       <Value>152</Value>
      </HeartRateBpm>
      <Extensions>
       <TPX xmlns="http://www.garmin.com/xmlschemas/ActivityExtension/v2">
        <Speed>2.6</Speed>
       </TPX>
      </Extensions>
     </Trackpoint>
     <Trackpoint>
      <Time>2026-08-13T11:10:16Z</Time>
      <Position>
       <LatitudeDegrees>5.2335650</LatitudeDegrees>
       <LongitudeDegrees>100.4357600</LongitudeDegrees>
      </Position>
      <AltitudeMeters>5.5</AltitudeMeters>
      <DistanceMeters>1170.7</DistanceMeters>
      <HeartRateBpm>
       <Value>152</Value>
      </HeartRateBpm>
      <Extensions>
       <TPX xmlns="http://www.garmin.com/xmlschemas/ActivityExtension/v2">
        <Speed>2.6</Speed>
       </TPX>
      </Extensions>
     </Trackpoint>
     <Trackpoint>
      <Time>2026-08-13T11:10:17Z</Time>
      <Position>
       <LatitudeDegrees>5.2335620</LatitudeDegrees>
       <LongitudeDegrees>100.4357400</LongitudeDegrees>
      </Position>
      <AltitudeMeters>5.5</AltitudeMeters>
      <DistanceMeters>1173.0</DistanceMeters>
      <HeartRateBpm>
       <Value>153</Value>
      </HeartRateBpm>
      <Extensions>
       <TPX xmlns="http://www.garmin.com/xmlschemas/ActivityExtension/v2">
        <Speed>2.5</Speed>
       </TPX>
      </Extensions>
     </Trackpoint>
     <Trackpoint>
      <Time>2026-08-13T11:10:18Z</Time>
      <Position>
       <LatitudeDegrees>5.2335570</LatitudeDegrees>
       <LongitudeDegrees>100.4357140</LongitudeDegrees>
      </Position>
      <AltitudeMeters>5.6</AltitudeMeters>
      <DistanceMeters>1175.9</DistanceMeters>
      <HeartRateBpm>
       <Value>153</Value>
      </HeartRateBpm>
      <Extensions>
       <TPX xmlns="http://www.garmin.com/xmlschemas/ActivityExtension/v2">
        <Speed>2.6</Speed>
       </TPX>
      </Extensions>
     </Trackpoint>
     <Trackpoint>
      <Time>2026-08-13T11:10:19Z</Time>
      <Position>
       <LatitudeDegrees>5.2335530</LatitudeDegrees>
       <LongitudeDegrees>100.4356930</LongitudeDegrees>
      </Position>
      <AltitudeMeters>5.6</AltitudeMeters>
      <DistanceMeters>1178.2</DistanceMeters>
      <HeartRateBpm>
       <Value>153</Value>
      </HeartRateBpm>
      <Extensions>
       <TPX xmlns="http://www.garmin.com/xmlschemas/ActivityExtension/v2">
        <Speed>2.5</Speed>
       </TPX>
      </Extensions>
     </Trackpoint>
     <Trackpoint>
      <Time>2026-08-13T11:10:20Z</Time>
      <Position>
       <LatitudeDegrees>5.2335500</LatitudeDegrees>
       <LongitudeDegrees>100.4356700</LongitudeDegrees>
      </Position>
      <AltitudeMeters>5.6</AltitudeMeters>
      <DistanceMeters>1180.8</DistanceMeters>
      <HeartRateBpm>
       <Value>152</Value>
      </HeartRateBpm>
      <Extensions>
       <TPX xmlns="http://www.garmin.com/xmlschemas/ActivityExtension/v2">
        <Speed>2.5</Speed>
       </TPX>
      </Extensions>
     </Trackpoint>
     <Trackpoint>
      <Time>2026-08-13T11:10:21Z</Time>
      <Position>
       <LatitudeDegrees>5.2335480</LatitudeDegrees>
       <LongitudeDegrees>100.4356470</LongitudeDegrees>
      </Position>
      <AltitudeMeters>5.6</AltitudeMeters>
      <DistanceMeters>1183.4</DistanceMeters>
      <HeartRateBpm>
       <Value>152</Value>
      </HeartRateBpm>
      <Extensions>
       <TPX xmlns="http://www.garmin.com/xmlschemas/ActivityExtension/v2">
        <Speed>2.5</Speed>
       </TPX>
      </Extensions>
     </Trackpoint>
     <Trackpoint>
      <Time>2026-08-13T11:10:22Z</Time>
      <Position>
       <LatitudeDegrees>5.2335430</LatitudeDegrees>
       <LongitudeDegrees>100.4356250</LongitudeDegrees>
      </Position>
      <AltitudeMeters>5.6</AltitudeMeters>
      <DistanceMeters>1185.9</DistanceMeters>
      <HeartRateBpm>
       <Value>152</Value>
      </HeartRateBpm>
      <Extensions>
       <TPX xmlns="http://www.garmin.com/xmlschemas/ActivityExtension/v2">
        <Speed>2.6</Speed>
       </TPX>
      </Extensions>
     </Trackpoint>
     <Trackpoint>
      <Time>2026-08-13T11:10:23Z</Time>
      <Position>
       <LatitudeDegrees>5.2335360</LatitudeDegrees>
       <LongitudeDegrees>100.4356020</LongitudeDegrees>
      </Position>
      <AltitudeMeters>5.6</AltitudeMeters>
      <DistanceMeters>1188.6</DistanceMeters>
      <HeartRateBpm>
       <Value>152</Value>
      </HeartRateBpm>
      <Extensions>
       <TPX xmlns="http://www.garmin.com/xmlschemas/ActivityExtension/v2">
        <Speed>2.5</Speed>
       </TPX>
      </Extensions>
     </Trackpoint>
     <Trackpoint>
      <Time>2026-08-13T11:10:24Z</Time>
      <Position>
       <LatitudeDegrees>5.2335300</LatitudeDegrees>
       <LongitudeDegrees>100.4355800</LongitudeDegrees>
      </Position>
      <AltitudeMeters>5.6</AltitudeMeters>
      <DistanceMeters>1191.1</DistanceMeters>
      <HeartRateBpm>
       <Value>153</Value>
      </HeartRateBpm>
      <Extensions>
       <TPX xmlns="http://www.garmin.com/xmlschemas/ActivityExtension/v2">
        <Speed>2.6</Speed>
       </TPX>
      </Extensions>
     </Trackpoint>
     <Trackpoint>
      <Time>2026-08-13T11:10:25Z</Time>
      <Position>
       <LatitudeDegrees>5.2335210</LatitudeDegrees>
       <LongitudeDegrees>100.4355570</LongitudeDegrees>
      </Position>
      <AltitudeMeters>5.6</AltitudeMeters>
      <DistanceMeters>1193.8</DistanceMeters>
      <HeartRateBpm>
       <Value>154</Value>
      </HeartRateBpm>
      <Extensions>
       <TPX xmlns="http://www.garmin.com/xmlschemas/ActivityExtension/v2">
        <Speed>2.6</Speed>
       </TPX>
      </Extensions>
     </Trackpoint>
     <Trackpoint>
      <Time>2026-08-13T11:10:26Z</Time>
      <Position>
       <LatitudeDegrees>5.2335120</LatitudeDegrees>
       <LongitudeDegrees>100.4355360</LongitudeDegrees>
      </Position>
      <AltitudeMeters>5.6</AltitudeMeters>
      <DistanceMeters>1196.3</DistanceMeters>
      <HeartRateBpm>
       <Value>154</Value>
      </HeartRateBpm>
      <Extensions>
       <TPX xmlns="http://www.garmin.com/xmlschemas/ActivityExtension/v2">
        <Speed>2.6</Speed>
       </TPX>
      </Extensions>
     </Trackpoint>
     <Trackpoint>
      <Time>2026-08-13T11:10:27Z</Time>
      <Position>
       <LatitudeDegrees>5.2335070</LatitudeDegrees>
       <LongitudeDegrees>100.4355150</LongitudeDegrees>
      </Position>
      <AltitudeMeters>5.6</AltitudeMeters>
      <DistanceMeters>1198.7</DistanceMeters>
      <HeartRateBpm>
       <Value>153</Value>
      </HeartRateBpm>
      <Extensions>
       <TPX xmlns="http://www.garmin.com/xmlschemas/ActivityExtension/v2">
        <Speed>2.6</Speed>
       </TPX>
      </Extensions>
     </Trackpoint>
     <Trackpoint>
      <Time>2026-08-13T11:10:28Z</Time>
      <Position>
       <LatitudeDegrees>5.2335000</LatitudeDegrees>
       <LongitudeDegrees>100.4354950</LongitudeDegrees>
      </Position>
      <AltitudeMeters>5.6</AltitudeMeters>
      <DistanceMeters>1201.1</DistanceMeters>
      <HeartRateBpm>
       <Value>153</Value>
      </HeartRateBpm>
      <Extensions>
       <TPX xmlns="http://www.garmin.com/xmlschemas/ActivityExtension/v2">
        <Speed>2.5</Speed>
       </TPX>
      </Extensions>
     </Trackpoint>
     <Trackpoint>
      <Time>2026-08-13T11:10:29Z</Time>
      <Position>
       <LatitudeDegrees>5.2334970</LatitudeDegrees>
       <LongitudeDegrees>100.4354730</LongitudeDegrees>
      </Position>
      <AltitudeMeters>5.6</AltitudeMeters>
      <DistanceMeters>1203.5</DistanceMeters>
      <HeartRateBpm>
       <Value>153</Value>
      </HeartRateBpm>
      <Extensions>
       <TPX xmlns="http://www.garmin.com/xmlschemas/ActivityExtension/v2">
        <Speed>2.5</Speed>
       </TPX>
      </Extensions>
     </Trackpoint>
     <Trackpoint>
      <Time>2026-08-13T11:10:30Z</Time>
      <Position>
       <LatitudeDegrees>5.2334950</LatitudeDegrees>
       <LongitudeDegrees>100.4354500</LongitudeDegrees>
      </Position>
      <AltitudeMeters>5.6</AltitudeMeters>
      <DistanceMeters>1206.0</DistanceMeters>
      <HeartRateBpm>
       <Value>153</Value>
      </HeartRateBpm>
      <Extensions>
       <TPX xmlns="http://www.garmin.com/xmlschemas/ActivityExtension/v2">
        <Speed>2.4</Speed>
       </TPX>
      </Extensions>
     </Trackpoint>
     <Trackpoint>
      <Time>2026-08-13T11:10:31Z</Time>
      <Position>
       <LatitudeDegrees>5.2334930</LatitudeDegrees>
       <LongitudeDegrees>100.4354250</LongitudeDegrees>
      </Position>
      <AltitudeMeters>5.6</AltitudeMeters>
      <DistanceMeters>1208.8</DistanceMeters>
      <HeartRateBpm>
       <Value>153</Value>
      </HeartRateBpm>
      <Extensions>
       <TPX xmlns="http://www.garmin.com/xmlschemas/ActivityExtension/v2">
        <Speed>2.5</Speed>
       </TPX>
      </Extensions>
     </Trackpoint>
     <Trackpoint>
      <Time>2026-08-13T11:10:32Z</Time>
      <Position>
       <LatitudeDegrees>5.2334850</LatitudeDegrees>
       <LongitudeDegrees>100.4354030</LongitudeDegrees>
      </Position>
      <AltitudeMeters>5.6</AltitudeMeters>
      <DistanceMeters>1211.4</DistanceMeters>
      <HeartRateBpm>
       <Value>154</Value>
      </HeartRateBpm>
      <Extensions>
       <TPX xmlns="http://www.garmin.com/xmlschemas/ActivityExtension/v2">
        <Speed>2.5</Speed>
       </TPX>
      </Extensions>
     </Trackpoint>
     <Trackpoint>
      <Time>2026-08-13T11:10:33Z</Time>
      <Position>
       <LatitudeDegrees>5.2334770</LatitudeDegrees>
       <LongitudeDegrees>100.4353820</LongitudeDegrees>
      </Position>
      <AltitudeMeters>5.6</AltitudeMeters>
      <DistanceMeters>1213.9</DistanceMeters>
      <HeartRateBpm>
       <Value>154</Value>
      </HeartRateBpm>
      <Extensions>
       <TPX xmlns="http://www.garmin.com/xmlschemas/ActivityExtension/v2">
        <Speed>2.6</Speed>
       </TPX>
      </Extensions>
     </Trackpoint>
     <Trackpoint>
      <Time>2026-08-13T11:10:34Z</Time>
      <Position>
       <LatitudeDegrees>5.2334700</LatitudeDegrees>
       <LongitudeDegrees>100.4353580</LongitudeDegrees>
      </Position>
      <AltitudeMeters>5.6</AltitudeMeters>
      <DistanceMeters>1216.7</DistanceMeters>
      <HeartRateBpm>
       <Value>154</Value>
      </HeartRateBpm>
      <Extensions>
       <TPX xmlns="http://www.garmin.com/xmlschemas/ActivityExtension/v2">
        <Speed>2.6</Speed>
       </TPX>
      </Extensions>
     </Trackpoint>
     <Trackpoint>
      <Time>2026-08-13T11:10:35Z</Time>
      <Position>
       <LatitudeDegrees>5.2334590</LatitudeDegrees>
       <LongitudeDegrees>100.4353370</LongitudeDegrees>
      </Position>
      <AltitudeMeters>5.6</AltitudeMeters>
      <DistanceMeters>1219.3</DistanceMeters>
      <HeartRateBpm>
       <Value>154</Value>
      </HeartRateBpm>
      <Extensions>
       <TPX xmlns="http://www.garmin.com/xmlschemas/ActivityExtension/v2">
        <Speed>2.7</Speed>
       </TPX>
      </Extensions>
     </Trackpoint>
     <Trackpoint>
      <Time>2026-08-13T11:10:36Z</Time>
      <Position>
       <LatitudeDegrees>5.2334520</LatitudeDegrees>
       <LongitudeDegrees>100.4353170</LongitudeDegrees>
      </Position>
      <AltitudeMeters>5.6</AltitudeMeters>
      <DistanceMeters>1221.6</DistanceMeters>
      <HeartRateBpm>
       <Value>154</Value>
      </HeartRateBpm>
      <Extensions>
       <TPX xmlns="http://www.garmin.com/xmlschemas/ActivityExtension/v2">
        <Speed>2.6</Speed>
       </TPX>
      </Extensions>
     </Trackpoint>
     <Trackpoint>
      <Time>2026-08-13T11:10:37Z</Time>
      <Position>
       <LatitudeDegrees>5.2334500</LatitudeDegrees>
       <LongitudeDegrees>100.4352940</LongitudeDegrees>
      </Position>
      <AltitudeMeters>5.6</AltitudeMeters>
      <DistanceMeters>1224.2</DistanceMeters>
      <HeartRateBpm>
       <Value>154</Value>
      </HeartRateBpm>
      <Extensions>
       <TPX xmlns="http://www.garmin.com/xmlschemas/ActivityExtension/v2">
        <Speed>2.6</Speed>
       </TPX>
      </Extensions>
     </Trackpoint>
     <Trackpoint>
      <Time>2026-08-13T11:10:38Z</Time>
      <Position>
       <LatitudeDegrees>5.2334480</LatitudeDegrees>
       <LongitudeDegrees>100.4352720</LongitudeDegrees>
      </Position>
      <AltitudeMeters>5.6</AltitudeMeters>
      <DistanceMeters>1226.6</DistanceMeters>
      <HeartRateBpm>
       <Value>153</Value>
      </HeartRateBpm>
      <Extensions>
       <TPX xmlns="http://www.garmin.com/xmlschemas/ActivityExtension/v2">
        <Speed>2.5</Speed>
       </TPX>
      </Extensions>
     </Trackpoint>
     <Trackpoint>
      <Time>2026-08-13T11:10:39Z</Time>
      <Position>
       <LatitudeDegrees>5.2334460</LatitudeDegrees>
       <LongitudeDegrees>100.4352510</LongitudeDegrees>
      </Position>
      <AltitudeMeters>5.6</AltitudeMeters>
      <DistanceMeters>1228.9</DistanceMeters>
      <HeartRateBpm>
       <Value>153</Value>
      </HeartRateBpm>
      <Extensions>
       <TPX xmlns="http://www.garmin.com/xmlschemas/ActivityExtension/v2">
        <Speed>2.4</Speed>
       </TPX>
      </Extensions>
     </Trackpoint>
     <Trackpoint>
      <Time>2026-08-13T11:10:40Z</Time>
      <Position>
       <LatitudeDegrees>5.2334460</LatitudeDegrees>
       <LongitudeDegrees>100.4352270</LongitudeDegrees>
      </Position>
      <AltitudeMeters>5.6</AltitudeMeters>
      <DistanceMeters>1231.6</DistanceMeters>
      <HeartRateBpm>
       <Value>153</Value>
      </HeartRateBpm>
      <Extensions>
       <TPX xmlns="http://www.garmin.com/xmlschemas/ActivityExtension/v2">
        <Speed>2.5</Speed>
       </TPX>
      </Extensions>
     </Trackpoint>
     <Trackpoint>
      <Time>2026-08-13T11:10:41Z</Time>
      <Position>
       <LatitudeDegrees>5.2334420</LatitudeDegrees>
       <LongitudeDegrees>100.4352050</LongitudeDegrees>
      </Position>
      <AltitudeMeters>5.6</AltitudeMeters>
      <DistanceMeters>1234.1</DistanceMeters>
      <HeartRateBpm>
       <Value>153</Value>
      </HeartRateBpm>
      <Extensions>
       <TPX xmlns="http://www.garmin.com/xmlschemas/ActivityExtension/v2">
        <Speed>2.5</Speed>
       </TPX>
      </Extensions>
     </Trackpoint>
     <Trackpoint>
      <Time>2026-08-13T11:10:42Z</Time>
      <Position>
       <LatitudeDegrees>5.2334380</LatitudeDegrees>
       <LongitudeDegrees>100.4351840</LongitudeDegrees>
      </Position>
      <AltitudeMeters>5.6</AltitudeMeters>
      <DistanceMeters>1236.4</DistanceMeters>
      <HeartRateBpm>
       <Value>153</Value>
      </HeartRateBpm>
      <Extensions>
       <TPX xmlns="http://www.garmin.com/xmlschemas/ActivityExtension/v2">
        <Speed>2.4</Speed>
       </TPX>
      </Extensions>
     </Trackpoint>
     <Trackpoint>
      <Time>2026-08-13T11:10:43Z</Time>
      <Position>
       <LatitudeDegrees>5.2334310</LatitudeDegrees>
       <LongitudeDegrees>100.4351600</LongitudeDegrees>
      </Position>
      <AltitudeMeters>5.6</AltitudeMeters>
      <DistanceMeters>1239.2</DistanceMeters>
      <HeartRateBpm>
       <Value>153</Value>
      </HeartRateBpm>
      <Extensions>
       <TPX xmlns="http://www.garmin.com/xmlschemas/ActivityExtension/v2">
        <Speed>2.5</Speed>
       </TPX>
      </Extensions>
     </Trackpoint>
     <Trackpoint>
      <Time>2026-08-13T11:10:44Z</Time>
      <Position>
       <LatitudeDegrees>5.2334250</LatitudeDegrees>
       <LongitudeDegrees>100.4351360</LongitudeDegrees>
      </Position>
      <AltitudeMeters>5.6</AltitudeMeters>
      <DistanceMeters>1241.9</DistanceMeters>
      <HeartRateBpm>
       <Value>153</Value>
      </HeartRateBpm>
      <Extensions>
       <TPX xmlns="http://www.garmin.com/xmlschemas/ActivityExtension/v2">
        <Speed>2.6</Speed>
       </TPX>
      </Extensions>
     </Trackpoint>
     <Trackpoint>
      <Time>2026-08-13T11:10:45Z</Time>
      <Position>
       <LatitudeDegrees>5.2334200</LatitudeDegrees>
       <LongitudeDegrees>100.4351140</LongitudeDegrees>
      </Position>
      <AltitudeMeters>5.6</AltitudeMeters>
      <DistanceMeters>1244.4</DistanceMeters>
      <HeartRateBpm>
       <Value>153</Value>
      </HeartRateBpm>
      <Extensions>
       <TPX xmlns="http://www.garmin.com/xmlschemas/ActivityExtension/v2">
        <Speed>2.6</Speed>
       </TPX>
      </Extensions>
     </Trackpoint>
     <Trackpoint>
      <Time>2026-08-13T11:10:46Z</Time>
      <Position>
       <LatitudeDegrees>5.2334140</LatitudeDegrees>
       <LongitudeDegrees>100.4350930</LongitudeDegrees>
      </Position>
      <AltitudeMeters>5.6</AltitudeMeters>
      <DistanceMeters>1246.8</DistanceMeters>
      <HeartRateBpm>
       <Value>153</Value>
      </HeartRateBpm>
      <Extensions>
       <TPX xmlns="http://www.garmin.com/xmlschemas/ActivityExtension/v2">
        <Speed>2.5</Speed>
       </TPX>
      </Extensions>
     </Trackpoint>
     <Trackpoint>
      <Time>2026-08-13T11:10:47Z</Time>
      <Position>
       <LatitudeDegrees>5.2334100</LatitudeDegrees>
       <LongitudeDegrees>100.4350680</LongitudeDegrees>
      </Position>
      <AltitudeMeters>5.6</AltitudeMeters>
      <DistanceMeters>1249.7</DistanceMeters>
      <HeartRateBpm>
       <Value>152</Value>
      </HeartRateBpm>
      <Extensions>
       <TPX xmlns="http://www.garmin.com/xmlschemas/ActivityExtension/v2">
        <Speed>2.7</Speed>
       </TPX>
      </Extensions>
     </Trackpoint>
     <Trackpoint>
      <Time>2026-08-13T11:10:48Z</Time>
      <Position>
       <LatitudeDegrees>5.2334060</LatitudeDegrees>
       <LongitudeDegrees>100.4350460</LongitudeDegrees>
      </Position>
      <AltitudeMeters>5.6</AltitudeMeters>
      <DistanceMeters>1252.2</DistanceMeters>
      <HeartRateBpm>
       <Value>152</Value>
      </HeartRateBpm>
      <Extensions>
       <TPX xmlns="http://www.garmin.com/xmlschemas/ActivityExtension/v2">
        <Speed>2.6</Speed>
       </TPX>
      </Extensions>
     </Trackpoint>
     <Trackpoint>
      <Time>2026-08-13T11:10:49Z</Time>
      <Position>
       <LatitudeDegrees>5.2334010</LatitudeDegrees>
       <LongitudeDegrees>100.4350230</LongitudeDegrees>
      </Position>
      <AltitudeMeters>5.6</AltitudeMeters>
      <DistanceMeters>1254.8</DistanceMeters>
      <HeartRateBpm>
       <Value>153</Value>
      </HeartRateBpm>
      <Extensions>
       <TPX xmlns="http://www.garmin.com/xmlschemas/ActivityExtension/v2">
        <Speed>2.6</Speed>
       </TPX>
      </Extensions>
     </Trackpoint>
     <Trackpoint>
      <Time>2026-08-13T11:10:50Z</Time>
      <Position>
       <LatitudeDegrees>5.2333930</LatitudeDegrees>
       <LongitudeDegrees>100.4350030</LongitudeDegrees>
      </Position>
      <AltitudeMeters>5.6</AltitudeMeters>
      <DistanceMeters>1257.1</DistanceMeters>
      <HeartRateBpm>
       <Value>153</Value>
      </HeartRateBpm>
      <Extensions>
       <TPX xmlns="http://www.garmin.com/xmlschemas/ActivityExtension/v2">
        <Speed>2.5</Speed>
       </TPX>
      </Extensions>
     </Trackpoint>
     <Trackpoint>
      <Time>2026-08-13T11:10:51Z</Time>
      <Position>
       <LatitudeDegrees>5.2333860</LatitudeDegrees>
       <LongitudeDegrees>100.4349800</LongitudeDegrees>
      </Position>
      <AltitudeMeters>5.6</AltitudeMeters>
      <DistanceMeters>1259.7</DistanceMeters>
      <HeartRateBpm>
       <Value>153</Value>
      </HeartRateBpm>
      <Extensions>
       <TPX xmlns="http://www.garmin.com/xmlschemas/ActivityExtension/v2">
        <Speed>2.6</Speed>
       </TPX>
      </Extensions>
     </Trackpoint>
     <Trackpoint>
      <Time>2026-08-13T11:10:52Z</Time>
      <Position>
       <LatitudeDegrees>5.2333830</LatitudeDegrees>
       <LongitudeDegrees>100.4349570</LongitudeDegrees>
      </Position>
      <AltitudeMeters>5.6</AltitudeMeters>
      <DistanceMeters>1262.3</DistanceMeters>
      <HeartRateBpm>
       <Value>153</Value>
      </HeartRateBpm>
      <Extensions>
       <TPX xmlns="http://www.garmin.com/xmlschemas/ActivityExtension/v2">
        <Speed>2.5</Speed>
       </TPX>
      </Extensions>
     </Trackpoint>
     <Trackpoint>
      <Time>2026-08-13T11:10:53Z</Time>
      <Position>
       <LatitudeDegrees>5.2333810</LatitudeDegrees>
       <LongitudeDegrees>100.4349340</LongitudeDegrees>
      </Position>
      <AltitudeMeters>5.6</AltitudeMeters>
      <DistanceMeters>1264.9</DistanceMeters>
      <HeartRateBpm>
       <Value>152</Value>
      </HeartRateBpm>
      <Extensions>
       <TPX xmlns="http://www.garmin.com/xmlschemas/ActivityExtension/v2">
        <Speed>2.5</Speed>
       </TPX>
      </Extensions>
     </Trackpoint>
     <Trackpoint>
      <Time>2026-08-13T11:10:54Z</Time>
      <Position>
       <LatitudeDegrees>5.2333820</LatitudeDegrees>
       <LongitudeDegrees>100.4349120</LongitudeDegrees>
      </Position>
      <AltitudeMeters>5.6</AltitudeMeters>
      <DistanceMeters>1267.3</DistanceMeters>
      <HeartRateBpm>
       <Value>151</Value>
      </HeartRateBpm>
      <Extensions>
       <TPX xmlns="http://www.garmin.com/xmlschemas/ActivityExtension/v2">
        <Speed>2.5</Speed>
       </TPX>
      </Extensions>
     </Trackpoint>
     <Trackpoint>
      <Time>2026-08-13T11:10:55Z</Time>
      <Position>
       <LatitudeDegrees>5.2333870</LatitudeDegrees>
       <LongitudeDegrees>100.4348890</LongitudeDegrees>
      </Position>
      <AltitudeMeters>5.6</AltitudeMeters>
      <DistanceMeters>1269.9</DistanceMeters>
      <HeartRateBpm>
       <Value>151</Value>
      </HeartRateBpm>
      <Extensions>
       <TPX xmlns="http://www.garmin.com/xmlschemas/ActivityExtension/v2">
        <Speed>2.6</Speed>
       </TPX>
      </Extensions>
     </Trackpoint>
     <Trackpoint>
      <Time>2026-08-13T11:10:56Z</Time>
      <Position>
       <LatitudeDegrees>5.2333960</LatitudeDegrees>
       <LongitudeDegrees>100.4348670</LongitudeDegrees>
      </Position>
      <AltitudeMeters>5.6</AltitudeMeters>
      <DistanceMeters>1272.5</DistanceMeters>
      <HeartRateBpm>
       <Value>150</Value>
      </HeartRateBpm>
      <Extensions>
       <TPX xmlns="http://www.garmin.com/xmlschemas/ActivityExtension/v2">
        <Speed>2.6</Speed>
       </TPX>
      </Extensions>
     </Trackpoint>
     <Trackpoint>
      <Time>2026-08-13T11:10:57Z</Time>
      <Position>
       <LatitudeDegrees>5.2334030</LatitudeDegrees>
       <LongitudeDegrees>100.4348480</LongitudeDegrees>
      </Position>
      <AltitudeMeters>5.6</AltitudeMeters>
      <DistanceMeters>1274.8</DistanceMeters>
      <HeartRateBpm>
       <Value>151</Value>
      </HeartRateBpm>
      <Extensions>
       <TPX xmlns="http://www.garmin.com/xmlschemas/ActivityExtension/v2">
        <Speed>2.5</Speed>
       </TPX>
      </Extensions>
     </Trackpoint>
     <Trackpoint>
      <Time>2026-08-13T11:10:58Z</Time>
      <Position>
       <LatitudeDegrees>5.2334110</LatitudeDegrees>
       <LongitudeDegrees>100.4348270</LongitudeDegrees>
      </Position>
      <AltitudeMeters>5.6</AltitudeMeters>
      <DistanceMeters>1277.3</DistanceMeters>
      <HeartRateBpm>
       <Value>149</Value>
      </HeartRateBpm>
      <Extensions>
       <TPX xmlns="http://www.garmin.com/xmlschemas/ActivityExtension/v2">
        <Speed>2.5</Speed>
       </TPX>
      </Extensions>
     </Trackpoint>
     <Trackpoint>
      <Time>2026-08-13T11:10:59Z</Time>
      <Position>
       <LatitudeDegrees>5.2334180</LatitudeDegrees>
       <LongitudeDegrees>100.4348050</LongitudeDegrees>
      </Position>
      <AltitudeMeters>5.6</AltitudeMeters>
      <DistanceMeters>1279.8</DistanceMeters>
      <HeartRateBpm>
       <Value>148</Value>
      </HeartRateBpm>
      <Extensions>
       <TPX xmlns="http://www.garmin.com/xmlschemas/ActivityExtension/v2">
        <Speed>2.5</Speed>
       </TPX>
      </Extensions>
     </Trackpoint>
     <Trackpoint>
      <Time>2026-08-13T11:11:00Z</Time>
      <Position>
       <LatitudeDegrees>5.2334280</LatitudeDegrees>
       <LongitudeDegrees>100.4347820</LongitudeDegrees>
      </Position>
      <AltitudeMeters>5.6</AltitudeMeters>
      <DistanceMeters>1282.6</DistanceMeters>
      <HeartRateBpm>
       <Value>148</Value>
      </HeartRateBpm>
      <Extensions>
       <TPX xmlns="http://www.garmin.com/xmlschemas/ActivityExtension/v2">
        <Speed>2.5</Speed>
       </TPX>
      </Extensions>
     </Trackpoint>
     <Trackpoint>
      <Time>2026-08-13T11:11:01Z</Time>
      <Position>
       <LatitudeDegrees>5.2334380</LatitudeDegrees>
       <LongitudeDegrees>100.4347640</LongitudeDegrees>
      </Position>
      <AltitudeMeters>5.7</AltitudeMeters>
      <DistanceMeters>1284.9</DistanceMeters>
      <HeartRateBpm>
       <Value>149</Value>
      </HeartRateBpm>
      <Extensions>
       <TPX xmlns="http://www.garmin.com/xmlschemas/ActivityExtension/v2">
        <Speed>2.5</Speed>
       </TPX>
      </Extensions>
     </Trackpoint>
     <Trackpoint>
      <Time>2026-08-13T11:11:02Z</Time>
      <Position>
       <LatitudeDegrees>5.2334480</LatitudeDegrees>
       <LongitudeDegrees>100.4347430</LongitudeDegrees>
      </Position>
      <AltitudeMeters>5.7</AltitudeMeters>
      <DistanceMeters>1287.5</DistanceMeters>
      <HeartRateBpm>
       <Value>150</Value>
      </HeartRateBpm>
      <Extensions>
       <TPX xmlns="http://www.garmin.com/xmlschemas/ActivityExtension/v2">
        <Speed>2.5</Speed>
       </TPX>
      </Extensions>
     </Trackpoint>
     <Trackpoint>
      <Time>2026-08-13T11:11:03Z</Time>
      <Position>
       <LatitudeDegrees>5.2334560</LatitudeDegrees>
       <LongitudeDegrees>100.4347250</LongitudeDegrees>
      </Position>
      <AltitudeMeters>5.7</AltitudeMeters>
      <DistanceMeters>1289.6</DistanceMeters>
      <HeartRateBpm>
       <Value>150</Value>
      </HeartRateBpm>
      <Extensions>
       <TPX xmlns="http://www.garmin.com/xmlschemas/ActivityExtension/v2">
        <Speed>2.5</Speed>
       </TPX>
      </Extensions>
     </Trackpoint>
     <Trackpoint>
      <Time>2026-08-13T11:11:04Z</Time>
      <Position>
       <LatitudeDegrees>5.2334720</LatitudeDegrees>
       <LongitudeDegrees>100.4347110</LongitudeDegrees>
      </Position>
      <AltitudeMeters>5.7</AltitudeMeters>
      <DistanceMeters>1291.9</DistanceMeters>
      <HeartRateBpm>
       <Value>150</Value>
      </HeartRateBpm>
      <Extensions>
       <TPX xmlns="http://www.garmin.com/xmlschemas/ActivityExtension/v2">
        <Speed>2.4</Speed>
       </TPX>
      </Extensions>
     </Trackpoint>
     <Trackpoint>
      <Time>2026-08-13T11:11:05Z</Time>
      <Position>
       <LatitudeDegrees>5.2334890</LatitudeDegrees>
       <LongitudeDegrees>100.4346970</LongitudeDegrees>
      </Position>
      <AltitudeMeters>5.7</AltitudeMeters>
      <DistanceMeters>1294.3</DistanceMeters>
      <HeartRateBpm>
       <Value>150</Value>
      </HeartRateBpm>
      <Extensions>
       <TPX xmlns="http://www.garmin.com/xmlschemas/ActivityExtension/v2">
        <Speed>2.3</Speed>
       </TPX>
      </Extensions>
     </Trackpoint>
     <Trackpoint>
      <Time>2026-08-13T11:11:06Z</Time>
      <Position>
       <LatitudeDegrees>5.2335020</LatitudeDegrees>
       <LongitudeDegrees>100.4346800</LongitudeDegrees>
      </Position>
      <AltitudeMeters>5.7</AltitudeMeters>
      <DistanceMeters>1296.7</DistanceMeters>
      <HeartRateBpm>
       <Value>150</Value>
      </HeartRateBpm>
      <Extensions>
       <TPX xmlns="http://www.garmin.com/xmlschemas/ActivityExtension/v2">
        <Speed>2.4</Speed>
       </TPX>
      </Extensions>
     </Trackpoint>
     <Trackpoint>
      <Time>2026-08-13T11:11:07Z</Time>
      <Position>
       <LatitudeDegrees>5.2335120</LatitudeDegrees>
       <LongitudeDegrees>100.4346610</LongitudeDegrees>
      </Position>
      <AltitudeMeters>5.7</AltitudeMeters>
      <DistanceMeters>1299.1</DistanceMeters>
      <HeartRateBpm>
       <Value>151</Value>
      </HeartRateBpm>
      <Extensions>
       <TPX xmlns="http://www.garmin.com/xmlschemas/ActivityExtension/v2">
        <Speed>2.3</Speed>
       </TPX>
      </Extensions>
     </Trackpoint>
     <Trackpoint>
      <Time>2026-08-13T11:11:08Z</Time>
      <Position>
       <LatitudeDegrees>5.2335250</LatitudeDegrees>
       <LongitudeDegrees>100.4346430</LongitudeDegrees>
      </Position>
      <AltitudeMeters>5.7</AltitudeMeters>
      <DistanceMeters>1301.5</DistanceMeters>
      <HeartRateBpm>
       <Value>152</Value>
      </HeartRateBpm>
      <Extensions>
       <TPX xmlns="http://www.garmin.com/xmlschemas/ActivityExtension/v2">
        <Speed>2.4</Speed>
       </TPX>
      </Extensions>
     </Trackpoint>
     <Trackpoint>
      <Time>2026-08-13T11:11:09Z</Time>
      <Position>
       <LatitudeDegrees>5.2335390</LatitudeDegrees>
       <LongitudeDegrees>100.4346270</LongitudeDegrees>
      </Position>
      <AltitudeMeters>5.7</AltitudeMeters>
      <DistanceMeters>1303.9</DistanceMeters>
      <HeartRateBpm>
       <Value>153</Value>
      </HeartRateBpm>
      <Extensions>
       <TPX xmlns="http://www.garmin.com/xmlschemas/ActivityExtension/v2">
        <Speed>2.4</Speed>
       </TPX>
      </Extensions>
     </Trackpoint>
     <Trackpoint>
      <Time>2026-08-13T11:11:10Z</Time>
      <Position>
       <LatitudeDegrees>5.2335540</LatitudeDegrees>
       <LongitudeDegrees>100.4346100</LongitudeDegrees>
      </Position>
      <AltitudeMeters>5.7</AltitudeMeters>
      <DistanceMeters>1306.4</DistanceMeters>
      <HeartRateBpm>
       <Value>152</Value>
      </HeartRateBpm>
      <Extensions>
       <TPX xmlns="http://www.garmin.com/xmlschemas/ActivityExtension/v2">
        <Speed>2.4</Speed>
       </TPX>
      </Extensions>
     </Trackpoint>
     <Trackpoint>
      <Time>2026-08-13T11:11:11Z</Time>
      <Position>
       <LatitudeDegrees>5.2335740</LatitudeDegrees>
       <LongitudeDegrees>100.4346000</LongitudeDegrees>
      </Position>
      <AltitudeMeters>5.7</AltitudeMeters>
      <DistanceMeters>1308.9</DistanceMeters>
      <HeartRateBpm>
       <Value>151</Value>
      </HeartRateBpm>
      <Extensions>
       <TPX xmlns="http://www.garmin.com/xmlschemas/ActivityExtension/v2">
        <Speed>2.4</Speed>
       </TPX>
      </Extensions>
     </Trackpoint>
     <Trackpoint>
      <Time>2026-08-13T11:11:12Z</Time>
      <Position>
       <LatitudeDegrees>5.2335920</LatitudeDegrees>
       <LongitudeDegrees>100.4345880</LongitudeDegrees>
      </Position>
      <AltitudeMeters>5.7</AltitudeMeters>
      <DistanceMeters>1311.3</DistanceMeters>
      <HeartRateBpm>
       <Value>151</Value>
      </HeartRateBpm>
      <Extensions>
       <TPX xmlns="http://www.garmin.com/xmlschemas/ActivityExtension/v2">
        <Speed>2.4</Speed>
       </TPX>
      </Extensions>
     </Trackpoint>
     <Trackpoint>
      <Time>2026-08-13T11:11:13Z</Time>
      <Position>
       <LatitudeDegrees>5.2336160</LatitudeDegrees>
       <LongitudeDegrees>100.4345790</LongitudeDegrees>
      </Position>
      <AltitudeMeters>5.7</AltitudeMeters>
      <DistanceMeters>1314.2</DistanceMeters>
      <HeartRateBpm>
       <Value>152</Value>
      </HeartRateBpm>
      <Extensions>
       <TPX xmlns="http://www.garmin.com/xmlschemas/ActivityExtension/v2">
        <Speed>2.5</Speed>
       </TPX>
      </Extensions>
     </Trackpoint>
     <Trackpoint>
      <Time>2026-08-13T11:11:14Z</Time>
      <Position>
       <LatitudeDegrees>5.2336380</LatitudeDegrees>
       <LongitudeDegrees>100.4345740</LongitudeDegrees>
      </Position>
      <AltitudeMeters>5.7</AltitudeMeters>
      <DistanceMeters>1316.7</DistanceMeters>
      <HeartRateBpm>
       <Value>153</Value>
      </HeartRateBpm>
      <Extensions>
       <TPX xmlns="http://www.garmin.com/xmlschemas/ActivityExtension/v2">
        <Speed>2.6</Speed>
       </TPX>
      </Extensions>
     </Trackpoint>
     <Trackpoint>
      <Time>2026-08-13T11:11:15Z</Time>
      <Position>
       <LatitudeDegrees>5.2336600</LatitudeDegrees>
       <LongitudeDegrees>100.4345670</LongitudeDegrees>
      </Position>
      <AltitudeMeters>5.7</AltitudeMeters>
      <DistanceMeters>1319.2</DistanceMeters>
      <HeartRateBpm>
       <Value>154</Value>
      </HeartRateBpm>
      <Extensions>
       <TPX xmlns="http://www.garmin.com/xmlschemas/ActivityExtension/v2">
        <Speed>2.6</Speed>
       </TPX>
      </Extensions>
     </Trackpoint>
     <Trackpoint>
      <Time>2026-08-13T11:11:16Z</Time>
      <Position>
       <LatitudeDegrees>5.2336830</LatitudeDegrees>
       <LongitudeDegrees>100.4345630</LongitudeDegrees>
      </Position>
      <AltitudeMeters>5.7</AltitudeMeters>
      <DistanceMeters>1321.7</DistanceMeters>
      <HeartRateBpm>
       <Value>154</Value>
      </HeartRateBpm>
      <Extensions>
       <TPX xmlns="http://www.garmin.com/xmlschemas/ActivityExtension/v2">
        <Speed>2.6</Speed>
       </TPX>
      </Extensions>
     </Trackpoint>
     <Trackpoint>
      <Time>2026-08-13T11:11:17Z</Time>
      <Position>
       <LatitudeDegrees>5.2337070</LatitudeDegrees>
       <LongitudeDegrees>100.4345620</LongitudeDegrees>
      </Position>
      <AltitudeMeters>5.7</AltitudeMeters>
      <DistanceMeters>1324.4</DistanceMeters>
      <HeartRateBpm>
       <Value>154</Value>
      </HeartRateBpm>
      <Extensions>
       <TPX xmlns="http://www.garmin.com/xmlschemas/ActivityExtension/v2">
        <Speed>2.6</Speed>
       </TPX>
      </Extensions>
     </Trackpoint>
     <Trackpoint>
      <Time>2026-08-13T11:11:18Z</Time>
      <Position>
       <LatitudeDegrees>5.2337330</LatitudeDegrees>
       <LongitudeDegrees>100.4345610</LongitudeDegrees>
      </Position>
      <AltitudeMeters>5.7</AltitudeMeters>
      <DistanceMeters>1327.3</DistanceMeters>
      <HeartRateBpm>
       <Value>153</Value>
      </HeartRateBpm>
      <Extensions>
       <TPX xmlns="http://www.garmin.com/xmlschemas/ActivityExtension/v2">
        <Speed>2.6</Speed>
       </TPX>
      </Extensions>
     </Trackpoint>
     <Trackpoint>
      <Time>2026-08-13T11:11:19Z</Time>
      <Position>
       <LatitudeDegrees>5.2337570</LatitudeDegrees>
       <LongitudeDegrees>100.4345600</LongitudeDegrees>
      </Position>
      <AltitudeMeters>5.7</AltitudeMeters>
      <DistanceMeters>1330.0</DistanceMeters>
      <HeartRateBpm>
       <Value>152</Value>
      </HeartRateBpm>
      <Extensions>
       <TPX xmlns="http://www.garmin.com/xmlschemas/ActivityExtension/v2">
        <Speed>2.7</Speed>
       </TPX>
      </Extensions>
     </Trackpoint>
     <Trackpoint>
      <Time>2026-08-13T11:11:20Z</Time>
      <Position>
       <LatitudeDegrees>5.2337820</LatitudeDegrees>
       <LongitudeDegrees>100.4345590</LongitudeDegrees>
      </Position>
      <AltitudeMeters>5.7</AltitudeMeters>
      <DistanceMeters>1332.8</DistanceMeters>
      <HeartRateBpm>
       <Value>152</Value>
      </HeartRateBpm>
      <Extensions>
       <TPX xmlns="http://www.garmin.com/xmlschemas/ActivityExtension/v2">
        <Speed>2.7</Speed>
       </TPX>
      </Extensions>
     </Trackpoint>
     <Trackpoint>
      <Time>2026-08-13T11:11:21Z</Time>
      <Position>
       <LatitudeDegrees>5.2338070</LatitudeDegrees>
       <LongitudeDegrees>100.4345590</LongitudeDegrees>
      </Position>
      <AltitudeMeters>5.6</AltitudeMeters>
      <DistanceMeters>1335.6</DistanceMeters>
      <HeartRateBpm>
       <Value>152</Value>
      </HeartRateBpm>
      <Extensions>
       <TPX xmlns="http://www.garmin.com/xmlschemas/ActivityExtension/v2">
        <Speed>2.8</Speed>
       </TPX>
      </Extensions>
     </Trackpoint>
     <Trackpoint>
      <Time>2026-08-13T11:11:22Z</Time>
      <Position>
       <LatitudeDegrees>5.2338290</LatitudeDegrees>
       <LongitudeDegrees>100.4345580</LongitudeDegrees>
      </Position>
      <AltitudeMeters>5.6</AltitudeMeters>
      <DistanceMeters>1338.0</DistanceMeters>
      <HeartRateBpm>
       <Value>152</Value>
      </HeartRateBpm>
      <Extensions>
       <TPX xmlns="http://www.garmin.com/xmlschemas/ActivityExtension/v2">
        <Speed>2.7</Speed>
       </TPX>
      </Extensions>
     </Trackpoint>
     <Trackpoint>
      <Time>2026-08-13T11:11:23Z</Time>
      <Position>
       <LatitudeDegrees>5.2338540</LatitudeDegrees>
       <LongitudeDegrees>100.4345500</LongitudeDegrees>
      </Position>
      <AltitudeMeters>5.6</AltitudeMeters>
      <DistanceMeters>1340.9</DistanceMeters>
      <HeartRateBpm>
       <Value>153</Value>
      </HeartRateBpm>
      <Extensions>
       <TPX xmlns="http://www.garmin.com/xmlschemas/ActivityExtension/v2">
        <Speed>2.7</Speed>
       </TPX>
      </Extensions>
     </Trackpoint>
     <Trackpoint>
      <Time>2026-08-13T11:11:24Z</Time>
      <Position>
       <LatitudeDegrees>5.2338760</LatitudeDegrees>
       <LongitudeDegrees>100.4345460</LongitudeDegrees>
      </Position>
      <AltitudeMeters>5.6</AltitudeMeters>
      <DistanceMeters>1343.4</DistanceMeters>
      <HeartRateBpm>
       <Value>154</Value>
      </HeartRateBpm>
      <Extensions>
       <TPX xmlns="http://www.garmin.com/xmlschemas/ActivityExtension/v2">
        <Speed>2.7</Speed>
       </TPX>
      </Extensions>
     </Trackpoint>
     <Trackpoint>
      <Time>2026-08-13T11:11:25Z</Time>
      <Position>
       <LatitudeDegrees>5.2338990</LatitudeDegrees>
       <LongitudeDegrees>100.4345430</LongitudeDegrees>
      </Position>
      <AltitudeMeters>5.6</AltitudeMeters>
      <DistanceMeters>1345.9</DistanceMeters>
      <HeartRateBpm>
       <Value>154</Value>
      </HeartRateBpm>
      <Extensions>
       <TPX xmlns="http://www.garmin.com/xmlschemas/ActivityExtension/v2">
        <Speed>2.6</Speed>
       </TPX>
      </Extensions>
     </Trackpoint>
     <Trackpoint>
      <Time>2026-08-13T11:11:26Z</Time>
      <Position>
       <LatitudeDegrees>5.2339200</LatitudeDegrees>
       <LongitudeDegrees>100.4345390</LongitudeDegrees>
      </Position>
      <AltitudeMeters>5.6</AltitudeMeters>
      <DistanceMeters>1348.3</DistanceMeters>
      <HeartRateBpm>
       <Value>154</Value>
      </HeartRateBpm>
      <Extensions>
       <TPX xmlns="http://www.garmin.com/xmlschemas/ActivityExtension/v2">
        <Speed>2.5</Speed>
       </TPX>
      </Extensions>
     </Trackpoint>
     <Trackpoint>
      <Time>2026-08-13T11:11:27Z</Time>
      <Position>
       <LatitudeDegrees>5.2339410</LatitudeDegrees>
       <LongitudeDegrees>100.4345310</LongitudeDegrees>
      </Position>
      <AltitudeMeters>5.6</AltitudeMeters>
      <DistanceMeters>1350.8</DistanceMeters>
      <HeartRateBpm>
       <Value>154</Value>
      </HeartRateBpm>
      <Extensions>
       <TPX xmlns="http://www.garmin.com/xmlschemas/ActivityExtension/v2">
        <Speed>2.6</Speed>
       </TPX>
      </Extensions>
     </Trackpoint>
     <Trackpoint>
      <Time>2026-08-13T11:11:28Z</Time>
      <Position>
       <LatitudeDegrees>5.2339610</LatitudeDegrees>
       <LongitudeDegrees>100.4345250</LongitudeDegrees>
      </Position>
      <AltitudeMeters>5.6</AltitudeMeters>
      <DistanceMeters>1353.2</DistanceMeters>
      <HeartRateBpm>
       <Value>152</Value>
      </HeartRateBpm>
      <Extensions>
       <TPX xmlns="http://www.garmin.com/xmlschemas/ActivityExtension/v2">
        <Speed>2.5</Speed>
       </TPX>
      </Extensions>
     </Trackpoint>
     <Trackpoint>
      <Time>2026-08-13T11:11:29Z</Time>
      <Position>
       <LatitudeDegrees>5.2339850</LatitudeDegrees>
       <LongitudeDegrees>100.4345170</LongitudeDegrees>
      </Position>
      <AltitudeMeters>5.6</AltitudeMeters>
      <DistanceMeters>1356.0</DistanceMeters>
      <HeartRateBpm>
       <Value>152</Value>
      </HeartRateBpm>
      <Extensions>
       <TPX xmlns="http://www.garmin.com/xmlschemas/ActivityExtension/v2">
        <Speed>2.5</Speed>
       </TPX>
      </Extensions>
     </Trackpoint>
     <Trackpoint>
      <Time>2026-08-13T11:11:30Z</Time>
      <Position>
       <LatitudeDegrees>5.2340070</LatitudeDegrees>
       <LongitudeDegrees>100.4345110</LongitudeDegrees>
      </Position>
      <AltitudeMeters>5.6</AltitudeMeters>
      <DistanceMeters>1358.5</DistanceMeters>
      <HeartRateBpm>
       <Value>153</Value>
      </HeartRateBpm>
      <Extensions>
       <TPX xmlns="http://www.garmin.com/xmlschemas/ActivityExtension/v2">
        <Speed>2.5</Speed>
       </TPX>
      </Extensions>
     </Trackpoint>
     <Trackpoint>
      <Time>2026-08-13T11:11:31Z</Time>
      <Position>
       <LatitudeDegrees>5.2340300</LatitudeDegrees>
       <LongitudeDegrees>100.4345050</LongitudeDegrees>
      </Position>
      <AltitudeMeters>5.6</AltitudeMeters>
      <DistanceMeters>1361.1</DistanceMeters>
      <HeartRateBpm>
       <Value>153</Value>
      </HeartRateBpm>
      <Extensions>
       <TPX xmlns="http://www.garmin.com/xmlschemas/ActivityExtension/v2">
        <Speed>2.6</Speed>
       </TPX>
      </Extensions>
     </Trackpoint>
     <Trackpoint>
      <Time>2026-08-13T11:11:32Z</Time>
      <Position>
       <LatitudeDegrees>5.2340510</LatitudeDegrees>
       <LongitudeDegrees>100.4345010</LongitudeDegrees>
      </Position>
      <AltitudeMeters>5.6</AltitudeMeters>
      <DistanceMeters>1363.5</DistanceMeters>
      <HeartRateBpm>
       <Value>153</Value>
      </HeartRateBpm>
      <Extensions>
       <TPX xmlns="http://www.garmin.com/xmlschemas/ActivityExtension/v2">
        <Speed>2.5</Speed>
       </TPX>
      </Extensions>
     </Trackpoint>
     <Trackpoint>
      <Time>2026-08-13T11:11:33Z</Time>
      <Position>
       <LatitudeDegrees>5.2340730</LatitudeDegrees>
       <LongitudeDegrees>100.4345020</LongitudeDegrees>
      </Position>
      <AltitudeMeters>5.6</AltitudeMeters>
      <DistanceMeters>1365.9</DistanceMeters>
      <HeartRateBpm>
       <Value>153</Value>
      </HeartRateBpm>
      <Extensions>
       <TPX xmlns="http://www.garmin.com/xmlschemas/ActivityExtension/v2">
        <Speed>2.5</Speed>
       </TPX>
      </Extensions>
     </Trackpoint>
     <Trackpoint>
      <Time>2026-08-13T11:11:34Z</Time>
      <Position>
       <LatitudeDegrees>5.2340950</LatitudeDegrees>
       <LongitudeDegrees>100.4345070</LongitudeDegrees>
      </Position>
      <AltitudeMeters>5.6</AltitudeMeters>
      <DistanceMeters>1368.4</DistanceMeters>
      <HeartRateBpm>
       <Value>153</Value>
      </HeartRateBpm>
      <Extensions>
       <TPX xmlns="http://www.garmin.com/xmlschemas/ActivityExtension/v2">
        <Speed>2.5</Speed>
       </TPX>
      </Extensions>
     </Trackpoint>
     <Trackpoint>
      <Time>2026-08-13T11:11:35Z</Time>
      <Position>
       <LatitudeDegrees>5.2341170</LatitudeDegrees>
       <LongitudeDegrees>100.4345060</LongitudeDegrees>
      </Position>
      <AltitudeMeters>5.6</AltitudeMeters>
      <DistanceMeters>1370.9</DistanceMeters>
      <HeartRateBpm>
       <Value>153</Value>
      </HeartRateBpm>
      <Extensions>
       <TPX xmlns="http://www.garmin.com/xmlschemas/ActivityExtension/v2">
        <Speed>2.5</Speed>
       </TPX>
      </Extensions>
     </Trackpoint>
     <Trackpoint>
      <Time>2026-08-13T11:11:36Z</Time>
      <Position>
       <LatitudeDegrees>5.2341390</LatitudeDegrees>
       <LongitudeDegrees>100.4345030</LongitudeDegrees>
      </Position>
      <AltitudeMeters>5.6</AltitudeMeters>
      <DistanceMeters>1373.4</DistanceMeters>
      <HeartRateBpm>
       <Value>153</Value>
      </HeartRateBpm>
      <Extensions>
       <TPX xmlns="http://www.garmin.com/xmlschemas/ActivityExtension/v2">
        <Speed>2.5</Speed>
       </TPX>
      </Extensions>
     </Trackpoint>
     <Trackpoint>
      <Time>2026-08-13T11:11:37Z</Time>
      <Position>
       <LatitudeDegrees>5.2341600</LatitudeDegrees>
       <LongitudeDegrees>100.4345020</LongitudeDegrees>
      </Position>
      <AltitudeMeters>5.6</AltitudeMeters>
      <DistanceMeters>1375.7</DistanceMeters>
      <HeartRateBpm>
       <Value>152</Value>
      </HeartRateBpm>
      <Extensions>
       <TPX xmlns="http://www.garmin.com/xmlschemas/ActivityExtension/v2">
        <Speed>2.4</Speed>
       </TPX>
      </Extensions>
     </Trackpoint>
     <Trackpoint>
      <Time>2026-08-13T11:11:38Z</Time>
      <Position>
       <LatitudeDegrees>5.2341840</LatitudeDegrees>
       <LongitudeDegrees>100.4344890</LongitudeDegrees>
      </Position>
      <AltitudeMeters>5.6</AltitudeMeters>
      <DistanceMeters>1378.6</DistanceMeters>
      <HeartRateBpm>
       <Value>152</Value>
      </HeartRateBpm>
      <Extensions>
       <TPX xmlns="http://www.garmin.com/xmlschemas/ActivityExtension/v2">
        <Speed>2.5</Speed>
       </TPX>
      </Extensions>
     </Trackpoint>
     <Trackpoint>
      <Time>2026-08-13T11:11:39Z</Time>
      <Position>
       <LatitudeDegrees>5.2342060</LatitudeDegrees>
       <LongitudeDegrees>100.4344790</LongitudeDegrees>
      </Position>
      <AltitudeMeters>5.6</AltitudeMeters>
      <DistanceMeters>1381.3</DistanceMeters>
      <HeartRateBpm>
       <Value>152</Value>
      </HeartRateBpm>
      <Extensions>
       <TPX xmlns="http://www.garmin.com/xmlschemas/ActivityExtension/v2">
        <Speed>2.6</Speed>
       </TPX>
      </Extensions>
     </Trackpoint>
     <Trackpoint>
      <Time>2026-08-13T11:11:40Z</Time>
      <Position>
       <LatitudeDegrees>5.2342260</LatitudeDegrees>
       <LongitudeDegrees>100.4344700</LongitudeDegrees>
      </Position>
      <AltitudeMeters>5.6</AltitudeMeters>
      <DistanceMeters>1383.7</DistanceMeters>
      <HeartRateBpm>
       <Value>152</Value>
      </HeartRateBpm>
      <Extensions>
       <TPX xmlns="http://www.garmin.com/xmlschemas/ActivityExtension/v2">
        <Speed>2.6</Speed>
       </TPX>
      </Extensions>
     </Trackpoint>
     <Trackpoint>
      <Time>2026-08-13T11:11:41Z</Time>
      <Position>
       <LatitudeDegrees>5.2342470</LatitudeDegrees>
       <LongitudeDegrees>100.4344580</LongitudeDegrees>
      </Position>
      <AltitudeMeters>5.6</AltitudeMeters>
      <DistanceMeters>1386.4</DistanceMeters>
      <HeartRateBpm>
       <Value>153</Value>
      </HeartRateBpm>
      <Extensions>
       <TPX xmlns="http://www.garmin.com/xmlschemas/ActivityExtension/v2">
        <Speed>2.6</Speed>
       </TPX>
      </Extensions>
     </Trackpoint>
     <Trackpoint>
      <Time>2026-08-13T11:11:42Z</Time>
      <Position>
       <LatitudeDegrees>5.2342660</LatitudeDegrees>
       <LongitudeDegrees>100.4344500</LongitudeDegrees>
      </Position>
      <AltitudeMeters>5.7</AltitudeMeters>
      <DistanceMeters>1388.7</DistanceMeters>
      <HeartRateBpm>
       <Value>153</Value>
      </HeartRateBpm>
      <Extensions>
       <TPX xmlns="http://www.garmin.com/xmlschemas/ActivityExtension/v2">
        <Speed>2.6</Speed>
       </TPX>
      </Extensions>
     </Trackpoint>
     <Trackpoint>
      <Time>2026-08-13T11:11:43Z</Time>
      <Position>
       <LatitudeDegrees>5.2342850</LatitudeDegrees>
       <LongitudeDegrees>100.4344420</LongitudeDegrees>
      </Position>
      <AltitudeMeters>5.7</AltitudeMeters>
      <DistanceMeters>1391.0</DistanceMeters>
      <HeartRateBpm>
       <Value>153</Value>
      </HeartRateBpm>
      <Extensions>
       <TPX xmlns="http://www.garmin.com/xmlschemas/ActivityExtension/v2">
        <Speed>2.5</Speed>
       </TPX>
      </Extensions>
     </Trackpoint>
     <Trackpoint>
      <Time>2026-08-13T11:11:44Z</Time>
      <Position>
       <LatitudeDegrees>5.2343080</LatitudeDegrees>
       <LongitudeDegrees>100.4344360</LongitudeDegrees>
      </Position>
      <AltitudeMeters>5.7</AltitudeMeters>
      <DistanceMeters>1393.6</DistanceMeters>
      <HeartRateBpm>
       <Value>154</Value>
      </HeartRateBpm>
      <Extensions>
       <TPX xmlns="http://www.garmin.com/xmlschemas/ActivityExtension/v2">
        <Speed>2.5</Speed>
       </TPX>
      </Extensions>
     </Trackpoint>
     <Trackpoint>
      <Time>2026-08-13T11:11:45Z</Time>
      <Position>
       <LatitudeDegrees>5.2343280</LatitudeDegrees>
       <LongitudeDegrees>100.4344300</LongitudeDegrees>
      </Position>
      <AltitudeMeters>5.7</AltitudeMeters>
      <DistanceMeters>1395.9</DistanceMeters>
      <HeartRateBpm>
       <Value>156</Value>
      </HeartRateBpm>
      <Extensions>
       <TPX xmlns="http://www.garmin.com/xmlschemas/ActivityExtension/v2">
        <Speed>2.4</Speed>
       </TPX>
      </Extensions>
     </Trackpoint>
     <Trackpoint>
      <Time>2026-08-13T11:11:46Z</Time>
      <Position>
       <LatitudeDegrees>5.2343500</LatitudeDegrees>
       <LongitudeDegrees>100.4344250</LongitudeDegrees>
      </Position>
      <AltitudeMeters>5.7</AltitudeMeters>
      <DistanceMeters>1398.4</DistanceMeters>
      <HeartRateBpm>
       <Value>155</Value>
      </HeartRateBpm>
      <Extensions>
       <TPX xmlns="http://www.garmin.com/xmlschemas/ActivityExtension/v2">
        <Speed>2.4</Speed>
       </TPX>
      </Extensions>
     </Trackpoint>
     <Trackpoint>
      <Time>2026-08-13T11:11:47Z</Time>
      <Position>
       <LatitudeDegrees>5.2343710</LatitudeDegrees>
       <LongitudeDegrees>100.4344210</LongitudeDegrees>
      </Position>
      <AltitudeMeters>5.7</AltitudeMeters>
      <DistanceMeters>1400.8</DistanceMeters>
      <HeartRateBpm>
       <Value>155</Value>
      </HeartRateBpm>
      <Extensions>
       <TPX xmlns="http://www.garmin.com/xmlschemas/ActivityExtension/v2">
        <Speed>2.4</Speed>
       </TPX>
      </Extensions>
     </Trackpoint>
     <Trackpoint>
      <Time>2026-08-13T11:11:48Z</Time>
      <Position>
       <LatitudeDegrees>5.2343920</LatitudeDegrees>
       <LongitudeDegrees>100.4344160</LongitudeDegrees>
      </Position>
      <AltitudeMeters>5.7</AltitudeMeters>
      <DistanceMeters>1403.2</DistanceMeters>
      <HeartRateBpm>
       <Value>155</Value>
      </HeartRateBpm>
      <Extensions>
       <TPX xmlns="http://www.garmin.com/xmlschemas/ActivityExtension/v2">
        <Speed>2.4</Speed>
       </TPX>
      </Extensions>
     </Trackpoint>
     <Trackpoint>
      <Time>2026-08-13T11:11:49Z</Time>
      <Position>
       <LatitudeDegrees>5.2344130</LatitudeDegrees>
       <LongitudeDegrees>100.4344120</LongitudeDegrees>
      </Position>
      <AltitudeMeters>5.7</AltitudeMeters>
      <DistanceMeters>1405.6</DistanceMeters>
      <HeartRateBpm>
       <Value>154</Value>
      </HeartRateBpm>
      <Extensions>
       <TPX xmlns="http://www.garmin.com/xmlschemas/ActivityExtension/v2">
        <Speed>2.4</Speed>
       </TPX>
      </Extensions>
     </Trackpoint>
     <Trackpoint>
      <Time>2026-08-13T11:11:50Z</Time>
      <Position>
       <LatitudeDegrees>5.2344340</LatitudeDegrees>
       <LongitudeDegrees>100.4344070</LongitudeDegrees>
      </Position>
      <AltitudeMeters>5.7</AltitudeMeters>
      <DistanceMeters>1408.1</DistanceMeters>
      <HeartRateBpm>
       <Value>154</Value>
      </HeartRateBpm>
      <Extensions>
       <TPX xmlns="http://www.garmin.com/xmlschemas/ActivityExtension/v2">
        <Speed>2.4</Speed>
       </TPX>
      </Extensions>
     </Trackpoint>
     <Trackpoint>
      <Time>2026-08-13T11:11:51Z</Time>
      <Position>
       <LatitudeDegrees>5.2344560</LatitudeDegrees>
       <LongitudeDegrees>100.4344030</LongitudeDegrees>
      </Position>
      <AltitudeMeters>5.6</AltitudeMeters>
      <DistanceMeters>1410.5</DistanceMeters>
      <HeartRateBpm>
       <Value>153</Value>
      </HeartRateBpm>
      <Extensions>
       <TPX xmlns="http://www.garmin.com/xmlschemas/ActivityExtension/v2">
        <Speed>2.4</Speed>
       </TPX>
      </Extensions>
     </Trackpoint>
     <Trackpoint>
      <Time>2026-08-13T11:11:52Z</Time>
      <Position>
       <LatitudeDegrees>5.2344770</LatitudeDegrees>
       <LongitudeDegrees>100.4344000</LongitudeDegrees>
      </Position>
      <AltitudeMeters>5.6</AltitudeMeters>
      <DistanceMeters>1412.8</DistanceMeters>
      <HeartRateBpm>
       <Value>153</Value>
      </HeartRateBpm>
      <Extensions>
       <TPX xmlns="http://www.garmin.com/xmlschemas/ActivityExtension/v2">
        <Speed>2.4</Speed>
       </TPX>
      </Extensions>
     </Trackpoint>
     <Trackpoint>
      <Time>2026-08-13T11:11:53Z</Time>
      <Position>
       <LatitudeDegrees>5.2344990</LatitudeDegrees>
       <LongitudeDegrees>100.4343960</LongitudeDegrees>
      </Position>
      <AltitudeMeters>5.6</AltitudeMeters>
      <DistanceMeters>1415.3</DistanceMeters>
      <HeartRateBpm>
       <Value>154</Value>
      </HeartRateBpm>
      <Extensions>
       <TPX xmlns="http://www.garmin.com/xmlschemas/ActivityExtension/v2">
        <Speed>2.4</Speed>
       </TPX>
      </Extensions>
     </Trackpoint>
     <Trackpoint>
      <Time>2026-08-13T11:11:54Z</Time>
      <Position>
       <LatitudeDegrees>5.2345200</LatitudeDegrees>
       <LongitudeDegrees>100.4343890</LongitudeDegrees>
      </Position>
      <AltitudeMeters>5.6</AltitudeMeters>
      <DistanceMeters>1417.8</DistanceMeters>
      <HeartRateBpm>
       <Value>154</Value>
      </HeartRateBpm>
      <Extensions>
       <TPX xmlns="http://www.garmin.com/xmlschemas/ActivityExtension/v2">
        <Speed>2.4</Speed>
       </TPX>
      </Extensions>
     </Trackpoint>
     <Trackpoint>
      <Time>2026-08-13T11:11:55Z</Time>
      <Position>
       <LatitudeDegrees>5.2345410</LatitudeDegrees>
       <LongitudeDegrees>100.4343830</LongitudeDegrees>
      </Position>
      <AltitudeMeters>5.6</AltitudeMeters>
      <DistanceMeters>1420.2</DistanceMeters>
      <HeartRateBpm>
       <Value>155</Value>
      </HeartRateBpm>
      <Extensions>
       <TPX xmlns="http://www.garmin.com/xmlschemas/ActivityExtension/v2">
        <Speed>2.4</Speed>
       </TPX>
      </Extensions>
     </Trackpoint>
     <Trackpoint>
      <Time>2026-08-13T11:11:56Z</Time>
      <Position>
       <LatitudeDegrees>5.2345620</LatitudeDegrees>
       <LongitudeDegrees>100.4343790</LongitudeDegrees>
      </Position>
      <AltitudeMeters>5.6</AltitudeMeters>
      <DistanceMeters>1422.6</DistanceMeters>
      <HeartRateBpm>
       <Value>154</Value>
      </HeartRateBpm>
      <Extensions>
       <TPX xmlns="http://www.garmin.com/xmlschemas/ActivityExtension/v2">
        <Speed>2.4</Speed>
       </TPX>
      </Extensions>
     </Trackpoint>
     <Trackpoint>
      <Time>2026-08-13T11:11:57Z</Time>
      <Position>
       <LatitudeDegrees>5.2345850</LatitudeDegrees>
       <LongitudeDegrees>100.4343740</LongitudeDegrees>
      </Position>
      <AltitudeMeters>5.6</AltitudeMeters>
      <DistanceMeters>1425.2</DistanceMeters>
      <HeartRateBpm>
       <Value>154</Value>
      </HeartRateBpm>
      <Extensions>
       <TPX xmlns="http://www.garmin.com/xmlschemas/ActivityExtension/v2">
        <Speed>2.5</Speed>
       </TPX>
      </Extensions>
     </Trackpoint>
     <Trackpoint>
      <Time>2026-08-13T11:11:58Z</Time>
      <Position>
       <LatitudeDegrees>5.2346070</LatitudeDegrees>
       <LongitudeDegrees>100.4343660</LongitudeDegrees>
      </Position>
      <AltitudeMeters>5.6</AltitudeMeters>
      <DistanceMeters>1427.8</DistanceMeters>
      <HeartRateBpm>
       <Value>154</Value>
      </HeartRateBpm>
      <Extensions>
       <TPX xmlns="http://www.garmin.com/xmlschemas/ActivityExtension/v2">
        <Speed>2.5</Speed>
       </TPX>
      </Extensions>
     </Trackpoint>
     <Trackpoint>
      <Time>2026-08-13T11:11:59Z</Time>
      <Position>
       <LatitudeDegrees>5.2346300</LatitudeDegrees>
       <LongitudeDegrees>100.4343570</LongitudeDegrees>
      </Position>
      <AltitudeMeters>5.6</AltitudeMeters>
      <DistanceMeters>1430.6</DistanceMeters>
      <HeartRateBpm>
       <Value>154</Value>
      </HeartRateBpm>
      <Extensions>
       <TPX xmlns="http://www.garmin.com/xmlschemas/ActivityExtension/v2">
        <Speed>2.6</Speed>
       </TPX>
      </Extensions>
     </Trackpoint>
     <Trackpoint>
      <Time>2026-08-13T11:12:00Z</Time>
      <Position>
       <LatitudeDegrees>5.2346510</LatitudeDegrees>
       <LongitudeDegrees>100.4343480</LongitudeDegrees>
      </Position>
      <AltitudeMeters>5.6</AltitudeMeters>
      <DistanceMeters>1433.1</DistanceMeters>
      <HeartRateBpm>
       <Value>154</Value>
      </HeartRateBpm>
      <Extensions>
       <TPX xmlns="http://www.garmin.com/xmlschemas/ActivityExtension/v2">
        <Speed>2.6</Speed>
       </TPX>
      </Extensions>
     </Trackpoint>
     <Trackpoint>
      <Time>2026-08-13T11:12:01Z</Time>
      <Position>
       <LatitudeDegrees>5.2346720</LatitudeDegrees>
       <LongitudeDegrees>100.4343420</LongitudeDegrees>
      </Position>
      <AltitudeMeters>5.6</AltitudeMeters>
      <DistanceMeters>1435.5</DistanceMeters>
      <HeartRateBpm>
       <Value>154</Value>
      </HeartRateBpm>
      <Extensions>
       <TPX xmlns="http://www.garmin.com/xmlschemas/ActivityExtension/v2">
        <Speed>2.6</Speed>
       </TPX>
      </Extensions>
     </Trackpoint>
     <Trackpoint>
      <Time>2026-08-13T11:12:02Z</Time>
      <Position>
       <LatitudeDegrees>5.2346950</LatitudeDegrees>
       <LongitudeDegrees>100.4343350</LongitudeDegrees>
      </Position>
      <AltitudeMeters>5.6</AltitudeMeters>
      <DistanceMeters>1438.2</DistanceMeters>
      <HeartRateBpm>
       <Value>154</Value>
      </HeartRateBpm>
      <Extensions>
       <TPX xmlns="http://www.garmin.com/xmlschemas/ActivityExtension/v2">
        <Speed>2.6</Speed>
       </TPX>
      </Extensions>
     </Trackpoint>
     <Trackpoint>
      <Time>2026-08-13T11:12:03Z</Time>
      <Position>
       <LatitudeDegrees>5.2347170</LatitudeDegrees>
       <LongitudeDegrees>100.4343280</LongitudeDegrees>
      </Position>
      <AltitudeMeters>5.6</AltitudeMeters>
      <DistanceMeters>1440.8</DistanceMeters>
      <HeartRateBpm>
       <Value>154</Value>
      </HeartRateBpm>
      <Extensions>
       <TPX xmlns="http://www.garmin.com/xmlschemas/ActivityExtension/v2">
        <Speed>2.6</Speed>
       </TPX>
      </Extensions>
     </Trackpoint>
     <Trackpoint>
      <Time>2026-08-13T11:12:04Z</Time>
      <Position>
       <LatitudeDegrees>5.2347380</LatitudeDegrees>
       <LongitudeDegrees>100.4343210</LongitudeDegrees>
      </Position>
      <AltitudeMeters>5.6</AltitudeMeters>
      <DistanceMeters>1443.3</DistanceMeters>
      <HeartRateBpm>
       <Value>154</Value>
      </HeartRateBpm>
      <Extensions>
       <TPX xmlns="http://www.garmin.com/xmlschemas/ActivityExtension/v2">
        <Speed>2.5</Speed>
       </TPX>
      </Extensions>
     </Trackpoint>
     <Trackpoint>
      <Time>2026-08-13T11:12:05Z</Time>
      <Position>
       <LatitudeDegrees>5.2347610</LatitudeDegrees>
       <LongitudeDegrees>100.4343160</LongitudeDegrees>
      </Position>
      <AltitudeMeters>5.6</AltitudeMeters>
      <DistanceMeters>1445.9</DistanceMeters>
      <HeartRateBpm>
       <Value>154</Value>
      </HeartRateBpm>
      <Extensions>
       <TPX xmlns="http://www.garmin.com/xmlschemas/ActivityExtension/v2">
        <Speed>2.6</Speed>
       </TPX>
      </Extensions>
     </Trackpoint>
     <Trackpoint>
      <Time>2026-08-13T11:12:06Z</Time>
      <Position>
       <LatitudeDegrees>5.2347840</LatitudeDegrees>
       <LongitudeDegrees>100.4343120</LongitudeDegrees>
      </Position>
      <AltitudeMeters>5.6</AltitudeMeters>
      <DistanceMeters>1448.4</DistanceMeters>
      <HeartRateBpm>
       <Value>154</Value>
      </HeartRateBpm>
      <Extensions>
       <TPX xmlns="http://www.garmin.com/xmlschemas/ActivityExtension/v2">
        <Speed>2.6</Speed>
       </TPX>
      </Extensions>
     </Trackpoint>
     <Trackpoint>
      <Time>2026-08-13T11:12:07Z</Time>
      <Position>
       <LatitudeDegrees>5.2348050</LatitudeDegrees>
       <LongitudeDegrees>100.4343080</LongitudeDegrees>
      </Position>
      <AltitudeMeters>5.6</AltitudeMeters>
      <DistanceMeters>1450.8</DistanceMeters>
      <HeartRateBpm>
       <Value>154</Value>
      </HeartRateBpm>
      <Extensions>
       <TPX xmlns="http://www.garmin.com/xmlschemas/ActivityExtension/v2">
        <Speed>2.5</Speed>
       </TPX>
      </Extensions>
     </Trackpoint>
     <Trackpoint>
      <Time>2026-08-13T11:12:08Z</Time>
      <Position>
       <LatitudeDegrees>5.2348260</LatitudeDegrees>
       <LongitudeDegrees>100.4343010</LongitudeDegrees>
      </Position>
      <AltitudeMeters>5.6</AltitudeMeters>
      <DistanceMeters>1453.3</DistanceMeters>
      <HeartRateBpm>
       <Value>154</Value>
      </HeartRateBpm>
      <Extensions>
       <TPX xmlns="http://www.garmin.com/xmlschemas/ActivityExtension/v2">
        <Speed>2.5</Speed>
       </TPX>
      </Extensions>
     </Trackpoint>
     <Trackpoint>
      <Time>2026-08-13T11:12:09Z</Time>
      <Position>
       <LatitudeDegrees>5.2348480</LatitudeDegrees>
       <LongitudeDegrees>100.4342960</LongitudeDegrees>
      </Position>
      <AltitudeMeters>5.6</AltitudeMeters>
      <DistanceMeters>1455.8</DistanceMeters>
      <HeartRateBpm>
       <Value>154</Value>
      </HeartRateBpm>
      <Extensions>
       <TPX xmlns="http://www.garmin.com/xmlschemas/ActivityExtension/v2">
        <Speed>2.5</Speed>
       </TPX>
      </Extensions>
     </Trackpoint>
     <Trackpoint>
      <Time>2026-08-13T11:12:10Z</Time>
      <Position>
       <LatitudeDegrees>5.2348680</LatitudeDegrees>
       <LongitudeDegrees>100.4342920</LongitudeDegrees>
      </Position>
      <AltitudeMeters>5.6</AltitudeMeters>
      <DistanceMeters>1458.0</DistanceMeters>
      <HeartRateBpm>
       <Value>154</Value>
      </HeartRateBpm>
      <Extensions>
       <TPX xmlns="http://www.garmin.com/xmlschemas/ActivityExtension/v2">
        <Speed>2.4</Speed>
       </TPX>
      </Extensions>
     </Trackpoint>
     <Trackpoint>
      <Time>2026-08-13T11:12:11Z</Time>
      <Position>
       <LatitudeDegrees>5.2348890</LatitudeDegrees>
       <LongitudeDegrees>100.4342870</LongitudeDegrees>
      </Position>
      <AltitudeMeters>5.6</AltitudeMeters>
      <DistanceMeters>1460.5</DistanceMeters>
      <HeartRateBpm>
       <Value>154</Value>
      </HeartRateBpm>
      <Extensions>
       <TPX xmlns="http://www.garmin.com/xmlschemas/ActivityExtension/v2">
        <Speed>2.4</Speed>
       </TPX>
      </Extensions>
     </Trackpoint>
     <Trackpoint>
      <Time>2026-08-13T11:12:12Z</Time>
      <Position>
       <LatitudeDegrees>5.2349080</LatitudeDegrees>
       <LongitudeDegrees>100.4342820</LongitudeDegrees>
      </Position>
      <AltitudeMeters>5.6</AltitudeMeters>
      <DistanceMeters>1462.7</DistanceMeters>
      <HeartRateBpm>
       <Value>154</Value>
      </HeartRateBpm>
      <Extensions>
       <TPX xmlns="http://www.garmin.com/xmlschemas/ActivityExtension/v2">
        <Speed>2.4</Speed>
       </TPX>
      </Extensions>
     </Trackpoint>
     <Trackpoint>
      <Time>2026-08-13T11:12:13Z</Time>
      <Position>
       <LatitudeDegrees>5.2349290</LatitudeDegrees>
       <LongitudeDegrees>100.4342780</LongitudeDegrees>
      </Position>
      <AltitudeMeters>5.6</AltitudeMeters>
      <DistanceMeters>1465.0</DistanceMeters>
      <HeartRateBpm>
       <Value>154</Value>
      </HeartRateBpm>
      <Extensions>
       <TPX xmlns="http://www.garmin.com/xmlschemas/ActivityExtension/v2">
        <Speed>2.3</Speed>
       </TPX>
      </Extensions>
     </Trackpoint>
     <Trackpoint>
      <Time>2026-08-13T11:12:14Z</Time>
      <Position>
       <LatitudeDegrees>5.2349520</LatitudeDegrees>
       <LongitudeDegrees>100.4342730</LongitudeDegrees>
      </Position>
      <AltitudeMeters>5.6</AltitudeMeters>
      <DistanceMeters>1467.6</DistanceMeters>
      <HeartRateBpm>
       <Value>153</Value>
      </HeartRateBpm>
      <Extensions>
       <TPX xmlns="http://www.garmin.com/xmlschemas/ActivityExtension/v2">
        <Speed>2.4</Speed>
       </TPX>
      </Extensions>
     </Trackpoint>
     <Trackpoint>
      <Time>2026-08-13T11:12:15Z</Time>
      <Position>
       <LatitudeDegrees>5.2349730</LatitudeDegrees>
       <LongitudeDegrees>100.4342670</LongitudeDegrees>
      </Position>
      <AltitudeMeters>5.6</AltitudeMeters>
      <DistanceMeters>1470.0</DistanceMeters>
      <HeartRateBpm>
       <Value>153</Value>
      </HeartRateBpm>
      <Extensions>
       <TPX xmlns="http://www.garmin.com/xmlschemas/ActivityExtension/v2">
        <Speed>2.4</Speed>
       </TPX>
      </Extensions>
     </Trackpoint>
     <Trackpoint>
      <Time>2026-08-13T11:12:16Z</Time>
      <Position>
       <LatitudeDegrees>5.2349930</LatitudeDegrees>
       <LongitudeDegrees>100.4342630</LongitudeDegrees>
      </Position>
      <AltitudeMeters>5.6</AltitudeMeters>
      <DistanceMeters>1472.3</DistanceMeters>
      <HeartRateBpm>
       <Value>153</Value>
      </HeartRateBpm>
      <Extensions>
       <TPX xmlns="http://www.garmin.com/xmlschemas/ActivityExtension/v2">
        <Speed>2.4</Speed>
       </TPX>
      </Extensions>
     </Trackpoint>
     <Trackpoint>
      <Time>2026-08-13T11:12:17Z</Time>
      <Position>
       <LatitudeDegrees>5.2350170</LatitudeDegrees>
       <LongitudeDegrees>100.4342580</LongitudeDegrees>
      </Position>
      <AltitudeMeters>5.6</AltitudeMeters>
      <DistanceMeters>1475.0</DistanceMeters>
      <HeartRateBpm>
       <Value>153</Value>
      </HeartRateBpm>
      <Extensions>
       <TPX xmlns="http://www.garmin.com/xmlschemas/ActivityExtension/v2">
        <Speed>2.5</Speed>
       </TPX>
      </Extensions>
     </Trackpoint>
     <Trackpoint>
      <Time>2026-08-13T11:12:18Z</Time>
      <Position>
       <LatitudeDegrees>5.2350390</LatitudeDegrees>
       <LongitudeDegrees>100.4342520</LongitudeDegrees>
      </Position>
      <AltitudeMeters>5.6</AltitudeMeters>
      <DistanceMeters>1477.5</DistanceMeters>
      <HeartRateBpm>
       <Value>153</Value>
      </HeartRateBpm>
      <Extensions>
       <TPX xmlns="http://www.garmin.com/xmlschemas/ActivityExtension/v2">
        <Speed>2.5</Speed>
       </TPX>
      </Extensions>
     </Trackpoint>
     <Trackpoint>
      <Time>2026-08-13T11:12:19Z</Time>
      <Position>
       <LatitudeDegrees>5.2350590</LatitudeDegrees>
       <LongitudeDegrees>100.4342470</LongitudeDegrees>
      </Position>
      <AltitudeMeters>5.6</AltitudeMeters>
      <DistanceMeters>1479.8</DistanceMeters>
      <HeartRateBpm>
       <Value>154</Value>
      </HeartRateBpm>
      <Extensions>
       <TPX xmlns="http://www.garmin.com/xmlschemas/ActivityExtension/v2">
        <Speed>2.4</Speed>
       </TPX>
      </Extensions>
     </Trackpoint>
     <Trackpoint>
      <Time>2026-08-13T11:12:20Z</Time>
      <Position>
       <LatitudeDegrees>5.2350830</LatitudeDegrees>
       <LongitudeDegrees>100.4342400</LongitudeDegrees>
      </Position>
      <AltitudeMeters>5.6</AltitudeMeters>
      <DistanceMeters>1482.6</DistanceMeters>
      <HeartRateBpm>
       <Value>154</Value>
      </HeartRateBpm>
      <Extensions>
       <TPX xmlns="http://www.garmin.com/xmlschemas/ActivityExtension/v2">
        <Speed>2.5</Speed>
       </TPX>
      </Extensions>
     </Trackpoint>
     <Trackpoint>
      <Time>2026-08-13T11:12:21Z</Time>
      <Position>
       <LatitudeDegrees>5.2351040</LatitudeDegrees>
       <LongitudeDegrees>100.4342340</LongitudeDegrees>
      </Position>
      <AltitudeMeters>5.6</AltitudeMeters>
      <DistanceMeters>1485.0</DistanceMeters>
      <HeartRateBpm>
       <Value>154</Value>
      </HeartRateBpm>
      <Extensions>
       <TPX xmlns="http://www.garmin.com/xmlschemas/ActivityExtension/v2">
        <Speed>2.5</Speed>
       </TPX>
      </Extensions>
     </Trackpoint>
     <Trackpoint>
      <Time>2026-08-13T11:12:22Z</Time>
      <Position>
       <LatitudeDegrees>5.2351240</LatitudeDegrees>
       <LongitudeDegrees>100.4342270</LongitudeDegrees>
      </Position>
      <AltitudeMeters>5.6</AltitudeMeters>
      <DistanceMeters>1487.4</DistanceMeters>
      <HeartRateBpm>
       <Value>153</Value>
      </HeartRateBpm>
      <Extensions>
       <TPX xmlns="http://www.garmin.com/xmlschemas/ActivityExtension/v2">
        <Speed>2.5</Speed>
       </TPX>
      </Extensions>
     </Trackpoint>
     <Trackpoint>
      <Time>2026-08-13T11:12:23Z</Time>
      <Position>
       <LatitudeDegrees>5.2351450</LatitudeDegrees>
       <LongitudeDegrees>100.4342210</LongitudeDegrees>
      </Position>
      <AltitudeMeters>5.6</AltitudeMeters>
      <DistanceMeters>1489.8</DistanceMeters>
      <HeartRateBpm>
       <Value>153</Value>
      </HeartRateBpm>
      <Extensions>
       <TPX xmlns="http://www.garmin.com/xmlschemas/ActivityExtension/v2">
        <Speed>2.5</Speed>
       </TPX>
      </Extensions>
     </Trackpoint>
     <Trackpoint>
      <Time>2026-08-13T11:12:24Z</Time>
      <Position>
       <LatitudeDegrees>5.2351660</LatitudeDegrees>
       <LongitudeDegrees>100.4342170</LongitudeDegrees>
      </Position>
      <AltitudeMeters>5.6</AltitudeMeters>
      <DistanceMeters>1492.2</DistanceMeters>
      <HeartRateBpm>
       <Value>153</Value>
      </HeartRateBpm>
      <Extensions>
       <TPX xmlns="http://www.garmin.com/xmlschemas/ActivityExtension/v2">
        <Speed>2.5</Speed>
       </TPX>
      </Extensions>
     </Trackpoint>
     <Trackpoint>
      <Time>2026-08-13T11:12:25Z</Time>
      <Position>
       <LatitudeDegrees>5.2351890</LatitudeDegrees>
       <LongitudeDegrees>100.4342130</LongitudeDegrees>
      </Position>
      <AltitudeMeters>5.6</AltitudeMeters>
      <DistanceMeters>1494.8</DistanceMeters>
      <HeartRateBpm>
       <Value>153</Value>
      </HeartRateBpm>
      <Extensions>
       <TPX xmlns="http://www.garmin.com/xmlschemas/ActivityExtension/v2">
        <Speed>2.4</Speed>
       </TPX>
      </Extensions>
     </Trackpoint>
     <Trackpoint>
      <Time>2026-08-13T11:12:26Z</Time>
      <Position>
       <LatitudeDegrees>5.2352100</LatitudeDegrees>
       <LongitudeDegrees>100.4342100</LongitudeDegrees>
      </Position>
      <AltitudeMeters>5.6</AltitudeMeters>
      <DistanceMeters>1497.2</DistanceMeters>
      <HeartRateBpm>
       <Value>153</Value>
      </HeartRateBpm>
      <Extensions>
       <TPX xmlns="http://www.garmin.com/xmlschemas/ActivityExtension/v2">
        <Speed>2.4</Speed>
       </TPX>
      </Extensions>
     </Trackpoint>
     <Trackpoint>
      <Time>2026-08-13T11:12:27Z</Time>
      <Position>
       <LatitudeDegrees>5.2352310</LatitudeDegrees>
       <LongitudeDegrees>100.4342060</LongitudeDegrees>
      </Position>
      <AltitudeMeters>5.6</AltitudeMeters>
      <DistanceMeters>1499.6</DistanceMeters>
      <HeartRateBpm>
       <Value>153</Value>
      </HeartRateBpm>
      <Extensions>
       <TPX xmlns="http://www.garmin.com/xmlschemas/ActivityExtension/v2">
        <Speed>2.4</Speed>
       </TPX>
      </Extensions>
     </Trackpoint>
     <Trackpoint>
      <Time>2026-08-13T11:12:28Z</Time>
      <Position>
       <LatitudeDegrees>5.2352540</LatitudeDegrees>
       <LongitudeDegrees>100.4342000</LongitudeDegrees>
      </Position>
      <AltitudeMeters>5.6</AltitudeMeters>
      <DistanceMeters>1502.2</DistanceMeters>
      <HeartRateBpm>
       <Value>154</Value>
      </HeartRateBpm>
      <Extensions>
       <TPX xmlns="http://www.garmin.com/xmlschemas/ActivityExtension/v2">
        <Speed>2.5</Speed>
       </TPX>
      </Extensions>
     </Trackpoint>
     <Trackpoint>
      <Time>2026-08-13T11:12:29Z</Time>
      <Position>
       <LatitudeDegrees>5.2352760</LatitudeDegrees>
       <LongitudeDegrees>100.4341970</LongitudeDegrees>
      </Position>
      <AltitudeMeters>5.6</AltitudeMeters>
      <DistanceMeters>1504.6</DistanceMeters>
      <HeartRateBpm>
       <Value>154</Value>
      </HeartRateBpm>
      <Extensions>
       <TPX xmlns="http://www.garmin.com/xmlschemas/ActivityExtension/v2">
        <Speed>2.5</Speed>
       </TPX>
      </Extensions>
     </Trackpoint>
     <Trackpoint>
      <Time>2026-08-13T11:12:30Z</Time>
      <Position>
       <LatitudeDegrees>5.2352980</LatitudeDegrees>
       <LongitudeDegrees>100.4341930</LongitudeDegrees>
      </Position>
      <AltitudeMeters>5.6</AltitudeMeters>
      <DistanceMeters>1507.1</DistanceMeters>
      <HeartRateBpm>
       <Value>154</Value>
      </HeartRateBpm>
      <Extensions>
       <TPX xmlns="http://www.garmin.com/xmlschemas/ActivityExtension/v2">
        <Speed>2.5</Speed>
       </TPX>
      </Extensions>
     </Trackpoint>
     <Trackpoint>
      <Time>2026-08-13T11:12:31Z</Time>
      <Position>
       <LatitudeDegrees>5.2353180</LatitudeDegrees>
       <LongitudeDegrees>100.4341880</LongitudeDegrees>
      </Position>
      <AltitudeMeters>5.6</AltitudeMeters>
      <DistanceMeters>1509.4</DistanceMeters>
      <HeartRateBpm>
       <Value>154</Value>
      </HeartRateBpm>
      <Extensions>
       <TPX xmlns="http://www.garmin.com/xmlschemas/ActivityExtension/v2">
        <Speed>2.4</Speed>
       </TPX>
      </Extensions>
     </Trackpoint>
     <Trackpoint>
      <Time>2026-08-13T11:12:32Z</Time>
      <Position>
       <LatitudeDegrees>5.2353380</LatitudeDegrees>
       <LongitudeDegrees>100.4341750</LongitudeDegrees>
      </Position>
      <AltitudeMeters>5.6</AltitudeMeters>
      <DistanceMeters>1512.0</DistanceMeters>
      <HeartRateBpm>
       <Value>154</Value>
      </HeartRateBpm>
      <Extensions>
       <TPX xmlns="http://www.garmin.com/xmlschemas/ActivityExtension/v2">
        <Speed>2.5</Speed>
       </TPX>
      </Extensions>
     </Trackpoint>
     <Trackpoint>
      <Time>2026-08-13T11:12:33Z</Time>
      <Position>
       <LatitudeDegrees>5.2353590</LatitudeDegrees>
       <LongitudeDegrees>100.4341660</LongitudeDegrees>
      </Position>
      <AltitudeMeters>5.6</AltitudeMeters>
      <DistanceMeters>1514.5</DistanceMeters>
      <HeartRateBpm>
       <Value>154</Value>
      </HeartRateBpm>
      <Extensions>
       <TPX xmlns="http://www.garmin.com/xmlschemas/ActivityExtension/v2">
        <Speed>2.5</Speed>
       </TPX>
      </Extensions>
     </Trackpoint>
     <Trackpoint>
      <Time>2026-08-13T11:12:34Z</Time>
      <Position>
       <LatitudeDegrees>5.2353780</LatitudeDegrees>
       <LongitudeDegrees>100.4341600</LongitudeDegrees>
      </Position>
      <AltitudeMeters>5.6</AltitudeMeters>
      <DistanceMeters>1516.7</DistanceMeters>
      <HeartRateBpm>
       <Value>153</Value>
      </HeartRateBpm>
      <Extensions>
       <TPX xmlns="http://www.garmin.com/xmlschemas/ActivityExtension/v2">
        <Speed>2.4</Speed>
       </TPX>
      </Extensions>
     </Trackpoint>
     <Trackpoint>
      <Time>2026-08-13T11:12:35Z</Time>
      <Position>
       <LatitudeDegrees>5.2354010</LatitudeDegrees>
       <LongitudeDegrees>100.4341530</LongitudeDegrees>
      </Position>
      <AltitudeMeters>5.6</AltitudeMeters>
      <DistanceMeters>1519.4</DistanceMeters>
      <HeartRateBpm>
       <Value>153</Value>
      </HeartRateBpm>
      <Extensions>
       <TPX xmlns="http://www.garmin.com/xmlschemas/ActivityExtension/v2">
        <Speed>2.5</Speed>
       </TPX>
      </Extensions>
     </Trackpoint>
     <Trackpoint>
      <Time>2026-08-13T11:12:36Z</Time>
      <Position>
       <LatitudeDegrees>5.2354230</LatitudeDegrees>
       <LongitudeDegrees>100.4341460</LongitudeDegrees>
      </Position>
      <AltitudeMeters>5.6</AltitudeMeters>
      <DistanceMeters>1522.0</DistanceMeters>
      <HeartRateBpm>
       <Value>153</Value>
      </HeartRateBpm>
      <Extensions>
       <TPX xmlns="http://www.garmin.com/xmlschemas/ActivityExtension/v2">
        <Speed>2.5</Speed>
       </TPX>
      </Extensions>
     </Trackpoint>
     <Trackpoint>
      <Time>2026-08-13T11:12:37Z</Time>
      <Position>
       <LatitudeDegrees>5.2354430</LatitudeDegrees>
       <LongitudeDegrees>100.4341380</LongitudeDegrees>
      </Position>
      <AltitudeMeters>5.6</AltitudeMeters>
      <DistanceMeters>1524.3</DistanceMeters>
      <HeartRateBpm>
       <Value>153</Value>
      </HeartRateBpm>
      <Extensions>
       <TPX xmlns="http://www.garmin.com/xmlschemas/ActivityExtension/v2">
        <Speed>2.5</Speed>
       </TPX>
      </Extensions>
     </Trackpoint>
     <Trackpoint>
      <Time>2026-08-13T11:12:38Z</Time>
      <Position>
       <LatitudeDegrees>5.2354670</LatitudeDegrees>
       <LongitudeDegrees>100.4341300</LongitudeDegrees>
      </Position>
      <AltitudeMeters>5.6</AltitudeMeters>
      <DistanceMeters>1527.1</DistanceMeters>
      <HeartRateBpm>
       <Value>153</Value>
      </HeartRateBpm>
      <Extensions>
       <TPX xmlns="http://www.garmin.com/xmlschemas/ActivityExtension/v2">
        <Speed>2.5</Speed>
       </TPX>
      </Extensions>
     </Trackpoint>
     <Trackpoint>
      <Time>2026-08-13T11:12:39Z</Time>
      <Position>
       <LatitudeDegrees>5.2354890</LatitudeDegrees>
       <LongitudeDegrees>100.4341230</LongitudeDegrees>
      </Position>
      <AltitudeMeters>5.6</AltitudeMeters>
      <DistanceMeters>1529.7</DistanceMeters>
      <HeartRateBpm>
       <Value>154</Value>
      </HeartRateBpm>
      <Extensions>
       <TPX xmlns="http://www.garmin.com/xmlschemas/ActivityExtension/v2">
        <Speed>2.6</Speed>
       </TPX>
      </Extensions>
     </Trackpoint>
     <Trackpoint>
      <Time>2026-08-13T11:12:40Z</Time>
      <Position>
       <LatitudeDegrees>5.2355150</LatitudeDegrees>
       <LongitudeDegrees>100.4341230</LongitudeDegrees>
      </Position>
      <AltitudeMeters>5.6</AltitudeMeters>
      <DistanceMeters>1532.6</DistanceMeters>
      <HeartRateBpm>
       <Value>154</Value>
      </HeartRateBpm>
      <Extensions>
       <TPX xmlns="http://www.garmin.com/xmlschemas/ActivityExtension/v2">
        <Speed>2.6</Speed>
       </TPX>
      </Extensions>
     </Trackpoint>
     <Trackpoint>
      <Time>2026-08-13T11:12:41Z</Time>
      <Position>
       <LatitudeDegrees>5.2355400</LatitudeDegrees>
       <LongitudeDegrees>100.4341220</LongitudeDegrees>
      </Position>
      <AltitudeMeters>5.6</AltitudeMeters>
      <DistanceMeters>1535.4</DistanceMeters>
      <HeartRateBpm>
       <Value>154</Value>
      </HeartRateBpm>
      <Extensions>
       <TPX xmlns="http://www.garmin.com/xmlschemas/ActivityExtension/v2">
        <Speed>2.7</Speed>
       </TPX>
      </Extensions>
     </Trackpoint>
     <Trackpoint>
      <Time>2026-08-13T11:12:42Z</Time>
      <Position>
       <LatitudeDegrees>5.2355620</LatitudeDegrees>
       <LongitudeDegrees>100.4341180</LongitudeDegrees>
      </Position>
      <AltitudeMeters>5.6</AltitudeMeters>
      <DistanceMeters>1537.9</DistanceMeters>
      <HeartRateBpm>
       <Value>155</Value>
      </HeartRateBpm>
      <Extensions>
       <TPX xmlns="http://www.garmin.com/xmlschemas/ActivityExtension/v2">
        <Speed>2.7</Speed>
       </TPX>
      </Extensions>
     </Trackpoint>
     <Trackpoint>
      <Time>2026-08-13T11:12:43Z</Time>
      <Position>
       <LatitudeDegrees>5.2355880</LatitudeDegrees>
       <LongitudeDegrees>100.4341170</LongitudeDegrees>
      </Position>
      <AltitudeMeters>5.6</AltitudeMeters>
      <DistanceMeters>1540.8</DistanceMeters>
      <HeartRateBpm>
       <Value>155</Value>
      </HeartRateBpm>
      <Extensions>
       <TPX xmlns="http://www.garmin.com/xmlschemas/ActivityExtension/v2">
        <Speed>2.7</Speed>
       </TPX>
      </Extensions>
     </Trackpoint>
     <Trackpoint>
      <Time>2026-08-13T11:12:44Z</Time>
      <Position>
       <LatitudeDegrees>5.2356100</LatitudeDegrees>
       <LongitudeDegrees>100.4341150</LongitudeDegrees>
      </Position>
      <AltitudeMeters>5.6</AltitudeMeters>
      <DistanceMeters>1543.2</DistanceMeters>
      <HeartRateBpm>
       <Value>155</Value>
      </HeartRateBpm>
      <Extensions>
       <TPX xmlns="http://www.garmin.com/xmlschemas/ActivityExtension/v2">
        <Speed>2.7</Speed>
       </TPX>
      </Extensions>
     </Trackpoint>
     <Trackpoint>
      <Time>2026-08-13T11:12:45Z</Time>
      <Position>
       <LatitudeDegrees>5.2356330</LatitudeDegrees>
       <LongitudeDegrees>100.4341110</LongitudeDegrees>
      </Position>
      <AltitudeMeters>5.6</AltitudeMeters>
      <DistanceMeters>1545.7</DistanceMeters>
      <HeartRateBpm>
       <Value>155</Value>
      </HeartRateBpm>
      <Extensions>
       <TPX xmlns="http://www.garmin.com/xmlschemas/ActivityExtension/v2">
        <Speed>2.6</Speed>
       </TPX>
      </Extensions>
     </Trackpoint>
     <Trackpoint>
      <Time>2026-08-13T11:12:46Z</Time>
      <Position>
       <LatitudeDegrees>5.2356560</LatitudeDegrees>
       <LongitudeDegrees>100.4341070</LongitudeDegrees>
      </Position>
      <AltitudeMeters>5.6</AltitudeMeters>
      <DistanceMeters>1548.3</DistanceMeters>
      <HeartRateBpm>
       <Value>154</Value>
      </HeartRateBpm>
      <Extensions>
       <TPX xmlns="http://www.garmin.com/xmlschemas/ActivityExtension/v2">
        <Speed>2.6</Speed>
       </TPX>
      </Extensions>
     </Trackpoint>
     <Trackpoint>
      <Time>2026-08-13T11:12:47Z</Time>
      <Position>
       <LatitudeDegrees>5.2356790</LatitudeDegrees>
       <LongitudeDegrees>100.4341020</LongitudeDegrees>
      </Position>
      <AltitudeMeters>5.6</AltitudeMeters>
      <DistanceMeters>1550.9</DistanceMeters>
      <HeartRateBpm>
       <Value>154</Value>
      </HeartRateBpm>
      <Extensions>
       <TPX xmlns="http://www.garmin.com/xmlschemas/ActivityExtension/v2">
        <Speed>2.6</Speed>
       </TPX>
      </Extensions>
     </Trackpoint>
     <Trackpoint>
      <Time>2026-08-13T11:12:48Z</Time>
      <Position>
       <LatitudeDegrees>5.2357030</LatitudeDegrees>
       <LongitudeDegrees>100.4340980</LongitudeDegrees>
      </Position>
      <AltitudeMeters>5.6</AltitudeMeters>
      <DistanceMeters>1553.6</DistanceMeters>
      <HeartRateBpm>
       <Value>154</Value>
      </HeartRateBpm>
      <Extensions>
       <TPX xmlns="http://www.garmin.com/xmlschemas/ActivityExtension/v2">
        <Speed>2.6</Speed>
       </TPX>
      </Extensions>
     </Trackpoint>
     <Trackpoint>
      <Time>2026-08-13T11:12:49Z</Time>
      <Position>
       <LatitudeDegrees>5.2357270</LatitudeDegrees>
       <LongitudeDegrees>100.4340940</LongitudeDegrees>
      </Position>
      <AltitudeMeters>5.6</AltitudeMeters>
      <DistanceMeters>1556.3</DistanceMeters>
      <HeartRateBpm>
       <Value>153</Value>
      </HeartRateBpm>
      <Extensions>
       <TPX xmlns="http://www.garmin.com/xmlschemas/ActivityExtension/v2">
        <Speed>2.6</Speed>
       </TPX>
      </Extensions>
     </Trackpoint>
     <Trackpoint>
      <Time>2026-08-13T11:12:50Z</Time>
      <Position>
       <LatitudeDegrees>5.2357510</LatitudeDegrees>
       <LongitudeDegrees>100.4340920</LongitudeDegrees>
      </Position>
      <AltitudeMeters>5.6</AltitudeMeters>
      <DistanceMeters>1559.0</DistanceMeters>
      <HeartRateBpm>
       <Value>153</Value>
      </HeartRateBpm>
      <Extensions>
       <TPX xmlns="http://www.garmin.com/xmlschemas/ActivityExtension/v2">
        <Speed>2.6</Speed>
       </TPX>
      </Extensions>
     </Trackpoint>
     <Trackpoint>
      <Time>2026-08-13T11:12:51Z</Time>
      <Position>
       <LatitudeDegrees>5.2357740</LatitudeDegrees>
       <LongitudeDegrees>100.4340890</LongitudeDegrees>
      </Position>
      <AltitudeMeters>5.6</AltitudeMeters>
      <DistanceMeters>1561.6</DistanceMeters>
      <HeartRateBpm>
       <Value>154</Value>
      </HeartRateBpm>
      <Extensions>
       <TPX xmlns="http://www.garmin.com/xmlschemas/ActivityExtension/v2">
        <Speed>2.7</Speed>
       </TPX>
      </Extensions>
     </Trackpoint>
     <Trackpoint>
      <Time>2026-08-13T11:12:52Z</Time>
      <Position>
       <LatitudeDegrees>5.2357980</LatitudeDegrees>
       <LongitudeDegrees>100.4340840</LongitudeDegrees>
      </Position>
      <AltitudeMeters>5.6</AltitudeMeters>
      <DistanceMeters>1564.3</DistanceMeters>
      <HeartRateBpm>
       <Value>154</Value>
      </HeartRateBpm>
      <Extensions>
       <TPX xmlns="http://www.garmin.com/xmlschemas/ActivityExtension/v2">
        <Speed>2.7</Speed>
       </TPX>
      </Extensions>
     </Trackpoint>
     <Trackpoint>
      <Time>2026-08-13T11:12:53Z</Time>
      <Position>
       <LatitudeDegrees>5.2358200</LatitudeDegrees>
       <LongitudeDegrees>100.4340760</LongitudeDegrees>
      </Position>
      <AltitudeMeters>5.6</AltitudeMeters>
      <DistanceMeters>1566.9</DistanceMeters>
      <HeartRateBpm>
       <Value>154</Value>
      </HeartRateBpm>
      <Extensions>
       <TPX xmlns="http://www.garmin.com/xmlschemas/ActivityExtension/v2">
        <Speed>2.7</Speed>
       </TPX>
      </Extensions>
     </Trackpoint>
     <Trackpoint>
      <Time>2026-08-13T11:12:54Z</Time>
      <Position>
       <LatitudeDegrees>5.2358430</LatitudeDegrees>
       <LongitudeDegrees>100.4340680</LongitudeDegrees>
      </Position>
      <AltitudeMeters>5.6</AltitudeMeters>
      <DistanceMeters>1569.7</DistanceMeters>
      <HeartRateBpm>
       <Value>154</Value>
      </HeartRateBpm>
      <Extensions>
       <TPX xmlns="http://www.garmin.com/xmlschemas/ActivityExtension/v2">
        <Speed>2.7</Speed>
       </TPX>
      </Extensions>
     </Trackpoint>
     <Trackpoint>
      <Time>2026-08-13T11:12:55Z</Time>
      <Position>
       <LatitudeDegrees>5.2358650</LatitudeDegrees>
       <LongitudeDegrees>100.4340610</LongitudeDegrees>
      </Position>
      <AltitudeMeters>5.6</AltitudeMeters>
      <DistanceMeters>1572.3</DistanceMeters>
      <HeartRateBpm>
       <Value>154</Value>
      </HeartRateBpm>
      <Extensions>
       <TPX xmlns="http://www.garmin.com/xmlschemas/ActivityExtension/v2">
        <Speed>2.7</Speed>
       </TPX>
      </Extensions>
     </Trackpoint>
     <Trackpoint>
      <Time>2026-08-13T11:12:56Z</Time>
      <Position>
       <LatitudeDegrees>5.2358860</LatitudeDegrees>
       <LongitudeDegrees>100.4340540</LongitudeDegrees>
      </Position>
      <AltitudeMeters>5.6</AltitudeMeters>
      <DistanceMeters>1574.7</DistanceMeters>
      <HeartRateBpm>
       <Value>153</Value>
      </HeartRateBpm>
      <Extensions>
       <TPX xmlns="http://www.garmin.com/xmlschemas/ActivityExtension/v2">
        <Speed>2.6</Speed>
       </TPX>
      </Extensions>
     </Trackpoint>
     <Trackpoint>
      <Time>2026-08-13T11:12:57Z</Time>
      <Position>
       <LatitudeDegrees>5.2359100</LatitudeDegrees>
       <LongitudeDegrees>100.4340480</LongitudeDegrees>
      </Position>
      <AltitudeMeters>5.6</AltitudeMeters>
      <DistanceMeters>1577.4</DistanceMeters>
      <HeartRateBpm>
       <Value>153</Value>
      </HeartRateBpm>
      <Extensions>
       <TPX xmlns="http://www.garmin.com/xmlschemas/ActivityExtension/v2">
        <Speed>2.6</Speed>
       </TPX>
      </Extensions>
     </Trackpoint>
     <Trackpoint>
      <Time>2026-08-13T11:12:58Z</Time>
      <Position>
       <LatitudeDegrees>5.2359330</LatitudeDegrees>
       <LongitudeDegrees>100.4340420</LongitudeDegrees>
      </Position>
      <AltitudeMeters>5.6</AltitudeMeters>
      <DistanceMeters>1580.0</DistanceMeters>
      <HeartRateBpm>
       <Value>154</Value>
      </HeartRateBpm>
      <Extensions>
       <TPX xmlns="http://www.garmin.com/xmlschemas/ActivityExtension/v2">
        <Speed>2.6</Speed>
       </TPX>
      </Extensions>
     </Trackpoint>
     <Trackpoint>
      <Time>2026-08-13T11:12:59Z</Time>
      <Position>
       <LatitudeDegrees>5.2359540</LatitudeDegrees>
       <LongitudeDegrees>100.4340380</LongitudeDegrees>
      </Position>
      <AltitudeMeters>5.6</AltitudeMeters>
      <DistanceMeters>1582.4</DistanceMeters>
      <HeartRateBpm>
       <Value>154</Value>
      </HeartRateBpm>
      <Extensions>
       <TPX xmlns="http://www.garmin.com/xmlschemas/ActivityExtension/v2">
        <Speed>2.5</Speed>
       </TPX>
      </Extensions>
     </Trackpoint>
     <Trackpoint>
      <Time>2026-08-13T11:13:00Z</Time>
      <Position>
       <LatitudeDegrees>5.2359790</LatitudeDegrees>
       <LongitudeDegrees>100.4340320</LongitudeDegrees>
      </Position>
      <AltitudeMeters>5.6</AltitudeMeters>
      <DistanceMeters>1585.3</DistanceMeters>
      <HeartRateBpm>
       <Value>154</Value>
      </HeartRateBpm>
      <Extensions>
       <TPX xmlns="http://www.garmin.com/xmlschemas/ActivityExtension/v2">
        <Speed>2.6</Speed>
       </TPX>
      </Extensions>
     </Trackpoint>
     <Trackpoint>
      <Time>2026-08-13T11:13:01Z</Time>
      <Position>
       <LatitudeDegrees>5.2360000</LatitudeDegrees>
       <LongitudeDegrees>100.4340260</LongitudeDegrees>
      </Position>
      <AltitudeMeters>5.6</AltitudeMeters>
      <DistanceMeters>1587.7</DistanceMeters>
      <HeartRateBpm>
       <Value>155</Value>
      </HeartRateBpm>
      <Extensions>
       <TPX xmlns="http://www.garmin.com/xmlschemas/ActivityExtension/v2">
        <Speed>2.6</Speed>
       </TPX>
      </Extensions>
     </Trackpoint>
     <Trackpoint>
      <Time>2026-08-13T11:13:02Z</Time>
      <Position>
       <LatitudeDegrees>5.2360230</LatitudeDegrees>
       <LongitudeDegrees>100.4340220</LongitudeDegrees>
      </Position>
      <AltitudeMeters>5.6</AltitudeMeters>
      <DistanceMeters>1590.3</DistanceMeters>
      <HeartRateBpm>
       <Value>155</Value>
      </HeartRateBpm>
      <Extensions>
       <TPX xmlns="http://www.garmin.com/xmlschemas/ActivityExtension/v2">
        <Speed>2.6</Speed>
       </TPX>
      </Extensions>
     </Trackpoint>
     <Trackpoint>
      <Time>2026-08-13T11:13:03Z</Time>
      <Position>
       <LatitudeDegrees>5.2360460</LatitudeDegrees>
       <LongitudeDegrees>100.4340170</LongitudeDegrees>
      </Position>
      <AltitudeMeters>5.6</AltitudeMeters>
      <DistanceMeters>1592.9</DistanceMeters>
      <HeartRateBpm>
       <Value>155</Value>
      </HeartRateBpm>
      <Extensions>
       <TPX xmlns="http://www.garmin.com/xmlschemas/ActivityExtension/v2">
        <Speed>2.6</Speed>
       </TPX>
      </Extensions>
     </Trackpoint>
     <Trackpoint>
      <Time>2026-08-13T11:13:04Z</Time>
      <Position>
       <LatitudeDegrees>5.2360670</LatitudeDegrees>
       <LongitudeDegrees>100.4340120</LongitudeDegrees>
      </Position>
      <AltitudeMeters>5.6</AltitudeMeters>
      <DistanceMeters>1595.3</DistanceMeters>
      <HeartRateBpm>
       <Value>155</Value>
      </HeartRateBpm>
      <Extensions>
       <TPX xmlns="http://www.garmin.com/xmlschemas/ActivityExtension/v2">
        <Speed>2.6</Speed>
       </TPX>
      </Extensions>
     </Trackpoint>
     <Trackpoint>
      <Time>2026-08-13T11:13:05Z</Time>
      <Position>
       <LatitudeDegrees>5.2360900</LatitudeDegrees>
       <LongitudeDegrees>100.4340070</LongitudeDegrees>
      </Position>
      <AltitudeMeters>5.6</AltitudeMeters>
      <DistanceMeters>1598.0</DistanceMeters>
      <HeartRateBpm>
       <Value>154</Value>
      </HeartRateBpm>
      <Extensions>
       <TPX xmlns="http://www.garmin.com/xmlschemas/ActivityExtension/v2">
        <Speed>2.5</Speed>
       </TPX>
      </Extensions>
     </Trackpoint>
     <Trackpoint>
      <Time>2026-08-13T11:13:06Z</Time>
      <Position>
       <LatitudeDegrees>5.2361100</LatitudeDegrees>
       <LongitudeDegrees>100.4340020</LongitudeDegrees>
      </Position>
      <AltitudeMeters>5.6</AltitudeMeters>
      <DistanceMeters>1600.3</DistanceMeters>
      <HeartRateBpm>
       <Value>153</Value>
      </HeartRateBpm>
      <Extensions>
       <TPX xmlns="http://www.garmin.com/xmlschemas/ActivityExtension/v2">
        <Speed>2.5</Speed>
       </TPX>
      </Extensions>
     </Trackpoint>
     <Trackpoint>
      <Time>2026-08-13T11:13:07Z</Time>
      <Position>
       <LatitudeDegrees>5.2361340</LatitudeDegrees>
       <LongitudeDegrees>100.4340060</LongitudeDegrees>
      </Position>
      <AltitudeMeters>5.6</AltitudeMeters>
      <DistanceMeters>1603.0</DistanceMeters>
      <HeartRateBpm>
       <Value>153</Value>
      </HeartRateBpm>
      <Extensions>
       <TPX xmlns="http://www.garmin.com/xmlschemas/ActivityExtension/v2">
        <Speed>2.5</Speed>
       </TPX>
      </Extensions>
     </Trackpoint>
     <Trackpoint>
      <Time>2026-08-13T11:13:08Z</Time>
      <Position>
       <LatitudeDegrees>5.2361550</LatitudeDegrees>
       <LongitudeDegrees>100.4340050</LongitudeDegrees>
      </Position>
      <AltitudeMeters>5.6</AltitudeMeters>
      <DistanceMeters>1605.3</DistanceMeters>
      <HeartRateBpm>
       <Value>153</Value>
      </HeartRateBpm>
      <Extensions>
       <TPX xmlns="http://www.garmin.com/xmlschemas/ActivityExtension/v2">
        <Speed>2.5</Speed>
       </TPX>
      </Extensions>
     </Trackpoint>
     <Trackpoint>
      <Time>2026-08-13T11:13:09Z</Time>
      <Position>
       <LatitudeDegrees>5.2361790</LatitudeDegrees>
       <LongitudeDegrees>100.4339950</LongitudeDegrees>
      </Position>
      <AltitudeMeters>5.6</AltitudeMeters>
      <DistanceMeters>1608.2</DistanceMeters>
      <HeartRateBpm>
       <Value>153</Value>
      </HeartRateBpm>
      <Extensions>
       <TPX xmlns="http://www.garmin.com/xmlschemas/ActivityExtension/v2">
        <Speed>2.6</Speed>
       </TPX>
      </Extensions>
     </Trackpoint>
     <Trackpoint>
      <Time>2026-08-13T11:13:10Z</Time>
      <Position>
       <LatitudeDegrees>5.2362000</LatitudeDegrees>
       <LongitudeDegrees>100.4339830</LongitudeDegrees>
      </Position>
      <AltitudeMeters>5.6</AltitudeMeters>
      <DistanceMeters>1610.8</DistanceMeters>
      <HeartRateBpm>
       <Value>154</Value>
      </HeartRateBpm>
      <Extensions>
       <TPX xmlns="http://www.garmin.com/xmlschemas/ActivityExtension/v2">
        <Speed>2.6</Speed>
       </TPX>
      </Extensions>
     </Trackpoint>
     <Trackpoint>
      <Time>2026-08-13T11:13:11Z</Time>
      <Position>
       <LatitudeDegrees>5.2362250</LatitudeDegrees>
       <LongitudeDegrees>100.4339760</LongitudeDegrees>
      </Position>
      <AltitudeMeters>5.6</AltitudeMeters>
      <DistanceMeters>1613.7</DistanceMeters>
      <HeartRateBpm>
       <Value>155</Value>
      </HeartRateBpm>
      <Extensions>
       <TPX xmlns="http://www.garmin.com/xmlschemas/ActivityExtension/v2">
        <Speed>2.7</Speed>
       </TPX>
      </Extensions>
     </Trackpoint>
     <Trackpoint>
      <Time>2026-08-13T11:13:12Z</Time>
      <Position>
       <LatitudeDegrees>5.2362480</LatitudeDegrees>
       <LongitudeDegrees>100.4339710</LongitudeDegrees>
      </Position>
      <AltitudeMeters>5.6</AltitudeMeters>
      <DistanceMeters>1616.4</DistanceMeters>
      <HeartRateBpm>
       <Value>155</Value>
      </HeartRateBpm>
      <Extensions>
       <TPX xmlns="http://www.garmin.com/xmlschemas/ActivityExtension/v2">
        <Speed>2.7</Speed>
       </TPX>
      </Extensions>
     </Trackpoint>
     <Trackpoint>
      <Time>2026-08-13T11:13:13Z</Time>
      <Position>
       <LatitudeDegrees>5.2362710</LatitudeDegrees>
       <LongitudeDegrees>100.4339670</LongitudeDegrees>
      </Position>
      <AltitudeMeters>5.6</AltitudeMeters>
      <DistanceMeters>1618.9</DistanceMeters>
      <HeartRateBpm>
       <Value>155</Value>
      </HeartRateBpm>
      <Extensions>
       <TPX xmlns="http://www.garmin.com/xmlschemas/ActivityExtension/v2">
        <Speed>2.7</Speed>
       </TPX>
      </Extensions>
     </Trackpoint>
     <Trackpoint>
      <Time>2026-08-13T11:13:14Z</Time>
      <Position>
       <LatitudeDegrees>5.2362960</LatitudeDegrees>
       <LongitudeDegrees>100.4339630</LongitudeDegrees>
      </Position>
      <AltitudeMeters>5.6</AltitudeMeters>
      <DistanceMeters>1621.7</DistanceMeters>
      <HeartRateBpm>
       <Value>155</Value>
      </HeartRateBpm>
      <Extensions>
       <TPX xmlns="http://www.garmin.com/xmlschemas/ActivityExtension/v2">
        <Speed>2.7</Speed>
       </TPX>
      </Extensions>
     </Trackpoint>
     <Trackpoint>
      <Time>2026-08-13T11:13:15Z</Time>
      <Position>
       <LatitudeDegrees>5.2363190</LatitudeDegrees>
       <LongitudeDegrees>100.4339570</LongitudeDegrees>
      </Position>
      <AltitudeMeters>5.6</AltitudeMeters>
      <DistanceMeters>1624.3</DistanceMeters>
      <HeartRateBpm>
       <Value>154</Value>
      </HeartRateBpm>
      <Extensions>
       <TPX xmlns="http://www.garmin.com/xmlschemas/ActivityExtension/v2">
        <Speed>2.7</Speed>
       </TPX>
      </Extensions>
     </Trackpoint>
     <Trackpoint>
      <Time>2026-08-13T11:13:16Z</Time>
      <Position>
       <LatitudeDegrees>5.2363400</LatitudeDegrees>
       <LongitudeDegrees>100.4339500</LongitudeDegrees>
      </Position>
      <AltitudeMeters>5.6</AltitudeMeters>
      <DistanceMeters>1626.8</DistanceMeters>
      <HeartRateBpm>
       <Value>153</Value>
      </HeartRateBpm>
      <Extensions>
       <TPX xmlns="http://www.garmin.com/xmlschemas/ActivityExtension/v2">
        <Speed>2.6</Speed>
       </TPX>
      </Extensions>
     </Trackpoint>
     <Trackpoint>
      <Time>2026-08-13T11:13:17Z</Time>
      <Position>
       <LatitudeDegrees>5.2363610</LatitudeDegrees>
       <LongitudeDegrees>100.4339440</LongitudeDegrees>
      </Position>
      <AltitudeMeters>5.6</AltitudeMeters>
      <DistanceMeters>1629.3</DistanceMeters>
      <HeartRateBpm>
       <Value>153</Value>
      </HeartRateBpm>
      <Extensions>
       <TPX xmlns="http://www.garmin.com/xmlschemas/ActivityExtension/v2">
        <Speed>2.6</Speed>
       </TPX>
      </Extensions>
     </Trackpoint>
     <Trackpoint>
      <Time>2026-08-13T11:13:18Z</Time>
      <Position>
       <LatitudeDegrees>5.2363820</LatitudeDegrees>
       <LongitudeDegrees>100.4339380</LongitudeDegrees>
      </Position>
      <AltitudeMeters>5.6</AltitudeMeters>
      <DistanceMeters>1631.7</DistanceMeters>
      <HeartRateBpm>
       <Value>154</Value>
      </HeartRateBpm>
      <Extensions>
       <TPX xmlns="http://www.garmin.com/xmlschemas/ActivityExtension/v2">
        <Speed>2.6</Speed>
       </TPX>
      </Extensions>
     </Trackpoint>
     <Trackpoint>
      <Time>2026-08-13T11:13:19Z</Time>
      <Position>
       <LatitudeDegrees>5.2364020</LatitudeDegrees>
       <LongitudeDegrees>100.4339310</LongitudeDegrees>
      </Position>
      <AltitudeMeters>5.6</AltitudeMeters>
      <DistanceMeters>1634.0</DistanceMeters>
      <HeartRateBpm>
       <Value>154</Value>
      </HeartRateBpm>
      <Extensions>
       <TPX xmlns="http://www.garmin.com/xmlschemas/ActivityExtension/v2">
        <Speed>2.5</Speed>
       </TPX>
      </Extensions>
     </Trackpoint>
     <Trackpoint>
      <Time>2026-08-13T11:13:20Z</Time>
      <Position>
       <LatitudeDegrees>5.2364220</LatitudeDegrees>
       <LongitudeDegrees>100.4339260</LongitudeDegrees>
      </Position>
      <AltitudeMeters>5.6</AltitudeMeters>
      <DistanceMeters>1636.3</DistanceMeters>
      <HeartRateBpm>
       <Value>154</Value>
      </HeartRateBpm>
      <Extensions>
       <TPX xmlns="http://www.garmin.com/xmlschemas/ActivityExtension/v2">
        <Speed>2.4</Speed>
       </TPX>
      </Extensions>
     </Trackpoint>
     <Trackpoint>
      <Time>2026-08-13T11:13:21Z</Time>
      <Position>
       <LatitudeDegrees>5.2364440</LatitudeDegrees>
       <LongitudeDegrees>100.4339210</LongitudeDegrees>
      </Position>
      <AltitudeMeters>5.6</AltitudeMeters>
      <DistanceMeters>1638.8</DistanceMeters>
      <HeartRateBpm>
       <Value>154</Value>
      </HeartRateBpm>
      <Extensions>
       <TPX xmlns="http://www.garmin.com/xmlschemas/ActivityExtension/v2">
        <Speed>2.4</Speed>
       </TPX>
      </Extensions>
     </Trackpoint>
     <Trackpoint>
      <Time>2026-08-13T11:13:22Z</Time>
      <Position>
       <LatitudeDegrees>5.2364650</LatitudeDegrees>
       <LongitudeDegrees>100.4339200</LongitudeDegrees>
      </Position>
      <AltitudeMeters>5.6</AltitudeMeters>
      <DistanceMeters>1641.2</DistanceMeters>
      <HeartRateBpm>
       <Value>154</Value>
      </HeartRateBpm>
      <Extensions>
       <TPX xmlns="http://www.garmin.com/xmlschemas/ActivityExtension/v2">
        <Speed>2.4</Speed>
       </TPX>
      </Extensions>
     </Trackpoint>
     <Trackpoint>
      <Time>2026-08-13T11:13:23Z</Time>
      <Position>
       <LatitudeDegrees>5.2364870</LatitudeDegrees>
       <LongitudeDegrees>100.4339190</LongitudeDegrees>
      </Position>
      <AltitudeMeters>5.6</AltitudeMeters>
      <DistanceMeters>1643.6</DistanceMeters>
      <HeartRateBpm>
       <Value>154</Value>
      </HeartRateBpm>
      <Extensions>
       <TPX xmlns="http://www.garmin.com/xmlschemas/ActivityExtension/v2">
        <Speed>2.4</Speed>
       </TPX>
      </Extensions>
     </Trackpoint>
     <Trackpoint>
      <Time>2026-08-13T11:13:24Z</Time>
      <Position>
       <LatitudeDegrees>5.2365090</LatitudeDegrees>
       <LongitudeDegrees>100.4339220</LongitudeDegrees>
      </Position>
      <AltitudeMeters>5.6</AltitudeMeters>
      <DistanceMeters>1646.0</DistanceMeters>
      <HeartRateBpm>
       <Value>154</Value>
      </HeartRateBpm>
      <Extensions>
       <TPX xmlns="http://www.garmin.com/xmlschemas/ActivityExtension/v2">
        <Speed>2.4</Speed>
       </TPX>
      </Extensions>
     </Trackpoint>
     <Trackpoint>
      <Time>2026-08-13T11:13:25Z</Time>
      <Position>
       <LatitudeDegrees>5.2365270</LatitudeDegrees>
       <LongitudeDegrees>100.4339250</LongitudeDegrees>
      </Position>
      <AltitudeMeters>5.6</AltitudeMeters>
      <DistanceMeters>1648.0</DistanceMeters>
      <HeartRateBpm>
       <Value>154</Value>
      </HeartRateBpm>
      <Extensions>
       <TPX xmlns="http://www.garmin.com/xmlschemas/ActivityExtension/v2">
        <Speed>2.3</Speed>
       </TPX>
      </Extensions>
     </Trackpoint>
     <Trackpoint>
      <Time>2026-08-13T11:13:26Z</Time>
      <Position>
       <LatitudeDegrees>5.2365490</LatitudeDegrees>
       <LongitudeDegrees>100.4339260</LongitudeDegrees>
      </Position>
      <AltitudeMeters>5.6</AltitudeMeters>
      <DistanceMeters>1650.5</DistanceMeters>
      <HeartRateBpm>
       <Value>153</Value>
      </HeartRateBpm>
      <Extensions>
       <TPX xmlns="http://www.garmin.com/xmlschemas/ActivityExtension/v2">
        <Speed>2.3</Speed>
       </TPX>
      </Extensions>
     </Trackpoint>
     <Trackpoint>
      <Time>2026-08-13T11:13:27Z</Time>
      <Position>
       <LatitudeDegrees>5.2365690</LatitudeDegrees>
       <LongitudeDegrees>100.4339280</LongitudeDegrees>
      </Position>
      <AltitudeMeters>5.6</AltitudeMeters>
      <DistanceMeters>1652.7</DistanceMeters>
      <HeartRateBpm>
       <Value>154</Value>
      </HeartRateBpm>
      <Extensions>
       <TPX xmlns="http://www.garmin.com/xmlschemas/ActivityExtension/v2">
        <Speed>2.3</Speed>
       </TPX>
      </Extensions>
     </Trackpoint>
     <Trackpoint>
      <Time>2026-08-13T11:13:28Z</Time>
      <Position>
       <LatitudeDegrees>5.2365880</LatitudeDegrees>
       <LongitudeDegrees>100.4339330</LongitudeDegrees>
      </Position>
      <AltitudeMeters>5.6</AltitudeMeters>
      <DistanceMeters>1654.9</DistanceMeters>
      <HeartRateBpm>
       <Value>154</Value>
      </HeartRateBpm>
      <Extensions>
       <TPX xmlns="http://www.garmin.com/xmlschemas/ActivityExtension/v2">
        <Speed>2.3</Speed>
       </TPX>
      </Extensions>
     </Trackpoint>
     <Trackpoint>
      <Time>2026-08-13T11:13:29Z</Time>
      <Position>
       <LatitudeDegrees>5.2366090</LatitudeDegrees>
       <LongitudeDegrees>100.4339430</LongitudeDegrees>
      </Position>
      <AltitudeMeters>5.6</AltitudeMeters>
      <DistanceMeters>1657.5</DistanceMeters>
      <HeartRateBpm>
       <Value>154</Value>
      </HeartRateBpm>
      <Extensions>
       <TPX xmlns="http://www.garmin.com/xmlschemas/ActivityExtension/v2">
        <Speed>2.3</Speed>
       </TPX>
      </Extensions>
     </Trackpoint>
     <Trackpoint>
      <Time>2026-08-13T11:13:30Z</Time>
      <Position>
       <LatitudeDegrees>5.2366270</LatitudeDegrees>
       <LongitudeDegrees>100.4339560</LongitudeDegrees>
      </Position>
      <AltitudeMeters>5.6</AltitudeMeters>
      <DistanceMeters>1659.9</DistanceMeters>
      <HeartRateBpm>
       <Value>154</Value>
      </HeartRateBpm>
      <Extensions>
       <TPX xmlns="http://www.garmin.com/xmlschemas/ActivityExtension/v2">
        <Speed>2.4</Speed>
       </TPX>
      </Extensions>
     </Trackpoint>
     <Trackpoint>
      <Time>2026-08-13T11:13:31Z</Time>
      <Position>
       <LatitudeDegrees>5.2366450</LatitudeDegrees>
       <LongitudeDegrees>100.4339680</LongitudeDegrees>
      </Position>
      <AltitudeMeters>5.7</AltitudeMeters>
      <DistanceMeters>1662.3</DistanceMeters>
      <HeartRateBpm>
       <Value>154</Value>
      </HeartRateBpm>
      <Extensions>
       <TPX xmlns="http://www.garmin.com/xmlschemas/ActivityExtension/v2">
        <Speed>2.4</Speed>
       </TPX>
      </Extensions>
     </Trackpoint>
     <Trackpoint>
      <Time>2026-08-13T11:13:32Z</Time>
      <Position>
       <LatitudeDegrees>5.2366620</LatitudeDegrees>
       <LongitudeDegrees>100.4339820</LongitudeDegrees>
      </Position>
      <AltitudeMeters>5.7</AltitudeMeters>
      <DistanceMeters>1664.8</DistanceMeters>
      <HeartRateBpm>
       <Value>154</Value>
      </HeartRateBpm>
      <Extensions>
       <TPX xmlns="http://www.garmin.com/xmlschemas/ActivityExtension/v2">
        <Speed>2.4</Speed>
       </TPX>
      </Extensions>
     </Trackpoint>
     <Trackpoint>
      <Time>2026-08-13T11:13:33Z</Time>
      <Position>
       <LatitudeDegrees>5.2366770</LatitudeDegrees>
       <LongitudeDegrees>100.4339970</LongitudeDegrees>
      </Position>
      <AltitudeMeters>5.7</AltitudeMeters>
      <DistanceMeters>1667.2</DistanceMeters>
      <HeartRateBpm>
       <Value>154</Value>
      </HeartRateBpm>
      <Extensions>
       <TPX xmlns="http://www.garmin.com/xmlschemas/ActivityExtension/v2">
        <Speed>2.5</Speed>
       </TPX>
      </Extensions>
     </Trackpoint>
     <Trackpoint>
      <Time>2026-08-13T11:13:34Z</Time>
      <Position>
       <LatitudeDegrees>5.2366930</LatitudeDegrees>
       <LongitudeDegrees>100.4340120</LongitudeDegrees>
      </Position>
      <AltitudeMeters>5.7</AltitudeMeters>
      <DistanceMeters>1669.6</DistanceMeters>
      <HeartRateBpm>
       <Value>153</Value>
      </HeartRateBpm>
      <Extensions>
       <TPX xmlns="http://www.garmin.com/xmlschemas/ActivityExtension/v2">
        <Speed>2.4</Speed>
       </TPX>
      </Extensions>
     </Trackpoint>
     <Trackpoint>
      <Time>2026-08-13T11:13:35Z</Time>
      <Position>
       <LatitudeDegrees>5.2366980</LatitudeDegrees>
       <LongitudeDegrees>100.4340390</LongitudeDegrees>
      </Position>
      <AltitudeMeters>5.7</AltitudeMeters>
      <DistanceMeters>1672.6</DistanceMeters>
      <HeartRateBpm>
       <Value>154</Value>
      </HeartRateBpm>
      <Extensions>
       <TPX xmlns="http://www.garmin.com/xmlschemas/ActivityExtension/v2">
        <Speed>2.5</Speed>
       </TPX>
      </Extensions>
     </Trackpoint>
     <Trackpoint>
      <Time>2026-08-13T11:13:36Z</Time>
      <Position>
       <LatitudeDegrees>5.2367060</LatitudeDegrees>
       <LongitudeDegrees>100.4340590</LongitudeDegrees>
      </Position>
      <AltitudeMeters>5.7</AltitudeMeters>
      <DistanceMeters>1675.0</DistanceMeters>
      <HeartRateBpm>
       <Value>154</Value>
      </HeartRateBpm>
      <Extensions>
       <TPX xmlns="http://www.garmin.com/xmlschemas/ActivityExtension/v2">
        <Speed>2.5</Speed>
       </TPX>
      </Extensions>
     </Trackpoint>
     <Trackpoint>
      <Time>2026-08-13T11:13:37Z</Time>
      <Position>
       <LatitudeDegrees>5.2367140</LatitudeDegrees>
       <LongitudeDegrees>100.4340780</LongitudeDegrees>
      </Position>
      <AltitudeMeters>5.7</AltitudeMeters>
      <DistanceMeters>1677.3</DistanceMeters>
      <HeartRateBpm>
       <Value>154</Value>
      </HeartRateBpm>
      <Extensions>
       <TPX xmlns="http://www.garmin.com/xmlschemas/ActivityExtension/v2">
        <Speed>2.5</Speed>
       </TPX>
      </Extensions>
     </Trackpoint>
     <Trackpoint>
      <Time>2026-08-13T11:13:38Z</Time>
      <Position>
       <LatitudeDegrees>5.2367170</LatitudeDegrees>
       <LongitudeDegrees>100.4341000</LongitudeDegrees>
      </Position>
      <AltitudeMeters>5.7</AltitudeMeters>
      <DistanceMeters>1679.7</DistanceMeters>
      <HeartRateBpm>
       <Value>154</Value>
      </HeartRateBpm>
      <Extensions>
       <TPX xmlns="http://www.garmin.com/xmlschemas/ActivityExtension/v2">
        <Speed>2.5</Speed>
       </TPX>
      </Extensions>
     </Trackpoint>
     <Trackpoint>
      <Time>2026-08-13T11:13:39Z</Time>
      <Position>
       <LatitudeDegrees>5.2367190</LatitudeDegrees>
       <LongitudeDegrees>100.4341230</LongitudeDegrees>
      </Position>
      <AltitudeMeters>5.7</AltitudeMeters>
      <DistanceMeters>1682.3</DistanceMeters>
      <HeartRateBpm>
       <Value>154</Value>
      </HeartRateBpm>
      <Extensions>
       <TPX xmlns="http://www.garmin.com/xmlschemas/ActivityExtension/v2">
        <Speed>2.5</Speed>
       </TPX>
      </Extensions>
     </Trackpoint>
     <Trackpoint>
      <Time>2026-08-13T11:13:40Z</Time>
      <Position>
       <LatitudeDegrees>5.2367210</LatitudeDegrees>
       <LongitudeDegrees>100.4341460</LongitudeDegrees>
      </Position>
      <AltitudeMeters>5.7</AltitudeMeters>
      <DistanceMeters>1684.9</DistanceMeters>
      <HeartRateBpm>
       <Value>153</Value>
      </HeartRateBpm>
      <Extensions>
       <TPX xmlns="http://www.garmin.com/xmlschemas/ActivityExtension/v2">
        <Speed>2.5</Speed>
       </TPX>
      </Extensions>
     </Trackpoint>
     <Trackpoint>
      <Time>2026-08-13T11:13:41Z</Time>
      <Position>
       <LatitudeDegrees>5.2367250</LatitudeDegrees>
       <LongitudeDegrees>100.4341670</LongitudeDegrees>
      </Position>
      <AltitudeMeters>5.7</AltitudeMeters>
      <DistanceMeters>1687.3</DistanceMeters>
      <HeartRateBpm>
       <Value>153</Value>
      </HeartRateBpm>
      <Extensions>
       <TPX xmlns="http://www.garmin.com/xmlschemas/ActivityExtension/v2">
        <Speed>2.5</Speed>
       </TPX>
      </Extensions>
     </Trackpoint>
     <Trackpoint>
      <Time>2026-08-13T11:13:42Z</Time>
      <Position>
       <LatitudeDegrees>5.2367280</LatitudeDegrees>
       <LongitudeDegrees>100.4341880</LongitudeDegrees>
      </Position>
      <AltitudeMeters>5.7</AltitudeMeters>
      <DistanceMeters>1689.6</DistanceMeters>
      <HeartRateBpm>
       <Value>153</Value>
      </HeartRateBpm>
      <Extensions>
       <TPX xmlns="http://www.garmin.com/xmlschemas/ActivityExtension/v2">
        <Speed>2.5</Speed>
       </TPX>
      </Extensions>
     </Trackpoint>
     <Trackpoint>
      <Time>2026-08-13T11:13:43Z</Time>
      <Position>
       <LatitudeDegrees>5.2367320</LatitudeDegrees>
       <LongitudeDegrees>100.4342080</LongitudeDegrees>
      </Position>
      <AltitudeMeters>5.7</AltitudeMeters>
      <DistanceMeters>1691.9</DistanceMeters>
      <HeartRateBpm>
       <Value>153</Value>
      </HeartRateBpm>
      <Extensions>
       <TPX xmlns="http://www.garmin.com/xmlschemas/ActivityExtension/v2">
        <Speed>2.4</Speed>
       </TPX>
      </Extensions>
     </Trackpoint>
     <Trackpoint>
      <Time>2026-08-13T11:13:44Z</Time>
      <Position>
       <LatitudeDegrees>5.2367360</LatitudeDegrees>
       <LongitudeDegrees>100.4342300</LongitudeDegrees>
      </Position>
      <AltitudeMeters>5.7</AltitudeMeters>
      <DistanceMeters>1694.3</DistanceMeters>
      <HeartRateBpm>
       <Value>153</Value>
      </HeartRateBpm>
      <Extensions>
       <TPX xmlns="http://www.garmin.com/xmlschemas/ActivityExtension/v2">
        <Speed>2.4</Speed>
       </TPX>
      </Extensions>
     </Trackpoint>
     <Trackpoint>
      <Time>2026-08-13T11:13:45Z</Time>
      <Position>
       <LatitudeDegrees>5.2367430</LatitudeDegrees>
       <LongitudeDegrees>100.4342500</LongitudeDegrees>
      </Position>
      <AltitudeMeters>5.7</AltitudeMeters>
      <DistanceMeters>1696.6</DistanceMeters>
      <HeartRateBpm>
       <Value>153</Value>
      </HeartRateBpm>
      <Extensions>
       <TPX xmlns="http://www.garmin.com/xmlschemas/ActivityExtension/v2">
        <Speed>2.3</Speed>
       </TPX>
      </Extensions>
     </Trackpoint>
     <Trackpoint>
      <Time>2026-08-13T11:13:46Z</Time>
      <Position>
       <LatitudeDegrees>5.2367490</LatitudeDegrees>
       <LongitudeDegrees>100.4342710</LongitudeDegrees>
      </Position>
      <AltitudeMeters>5.7</AltitudeMeters>
      <DistanceMeters>1699.1</DistanceMeters>
      <HeartRateBpm>
       <Value>153</Value>
      </HeartRateBpm>
      <Extensions>
       <TPX xmlns="http://www.garmin.com/xmlschemas/ActivityExtension/v2">
        <Speed>2.4</Speed>
       </TPX>
      </Extensions>
     </Trackpoint>
     <Trackpoint>
      <Time>2026-08-13T11:13:47Z</Time>
      <Position>
       <LatitudeDegrees>5.2367540</LatitudeDegrees>
       <LongitudeDegrees>100.4342920</LongitudeDegrees>
      </Position>
      <AltitudeMeters>5.7</AltitudeMeters>
      <DistanceMeters>1701.5</DistanceMeters>
      <HeartRateBpm>
       <Value>153</Value>
      </HeartRateBpm>
      <Extensions>
       <TPX xmlns="http://www.garmin.com/xmlschemas/ActivityExtension/v2">
        <Speed>2.4</Speed>
       </TPX>
      </Extensions>
     </Trackpoint>
     <Trackpoint>
      <Time>2026-08-13T11:13:48Z</Time>
      <Position>
       <LatitudeDegrees>5.2367570</LatitudeDegrees>
       <LongitudeDegrees>100.4343130</LongitudeDegrees>
      </Position>
      <AltitudeMeters>5.7</AltitudeMeters>
      <DistanceMeters>1703.8</DistanceMeters>
      <HeartRateBpm>
       <Value>153</Value>
      </HeartRateBpm>
      <Extensions>
       <TPX xmlns="http://www.garmin.com/xmlschemas/ActivityExtension/v2">
        <Speed>2.4</Speed>
       </TPX>
      </Extensions>
     </Trackpoint>
     <Trackpoint>
      <Time>2026-08-13T11:13:49Z</Time>
      <Position>
       <LatitudeDegrees>5.2367610</LatitudeDegrees>
       <LongitudeDegrees>100.4343340</LongitudeDegrees>
      </Position>
      <AltitudeMeters>5.7</AltitudeMeters>
      <DistanceMeters>1706.2</DistanceMeters>
      <HeartRateBpm>
       <Value>153</Value>
      </HeartRateBpm>
      <Extensions>
       <TPX xmlns="http://www.garmin.com/xmlschemas/ActivityExtension/v2">
        <Speed>2.4</Speed>
       </TPX>
      </Extensions>
     </Trackpoint>
     <Trackpoint>
      <Time>2026-08-13T11:13:50Z</Time>
      <Position>
       <LatitudeDegrees>5.2367630</LatitudeDegrees>
       <LongitudeDegrees>100.4343560</LongitudeDegrees>
      </Position>
      <AltitudeMeters>5.7</AltitudeMeters>
      <DistanceMeters>1708.6</DistanceMeters>
      <HeartRateBpm>
       <Value>153</Value>
      </HeartRateBpm>
      <Extensions>
       <TPX xmlns="http://www.garmin.com/xmlschemas/ActivityExtension/v2">
        <Speed>2.4</Speed>
       </TPX>
      </Extensions>
     </Trackpoint>
     <Trackpoint>
      <Time>2026-08-13T11:13:51Z</Time>
      <Position>
       <LatitudeDegrees>5.2367660</LatitudeDegrees>
       <LongitudeDegrees>100.4343780</LongitudeDegrees>
      </Position>
      <AltitudeMeters>5.7</AltitudeMeters>
      <DistanceMeters>1711.1</DistanceMeters>
      <HeartRateBpm>
       <Value>153</Value>
      </HeartRateBpm>
      <Extensions>
       <TPX xmlns="http://www.garmin.com/xmlschemas/ActivityExtension/v2">
        <Speed>2.4</Speed>
       </TPX>
      </Extensions>
     </Trackpoint>
     <Trackpoint>
      <Time>2026-08-13T11:13:52Z</Time>
      <Position>
       <LatitudeDegrees>5.2367690</LatitudeDegrees>
       <LongitudeDegrees>100.4343990</LongitudeDegrees>
      </Position>
      <AltitudeMeters>5.7</AltitudeMeters>
      <DistanceMeters>1713.5</DistanceMeters>
      <HeartRateBpm>
       <Value>153</Value>
      </HeartRateBpm>
      <Extensions>
       <TPX xmlns="http://www.garmin.com/xmlschemas/ActivityExtension/v2">
        <Speed>2.4</Speed>
       </TPX>
      </Extensions>
     </Trackpoint>
     <Trackpoint>
      <Time>2026-08-13T11:13:53Z</Time>
      <Position>
       <LatitudeDegrees>5.2367720</LatitudeDegrees>
       <LongitudeDegrees>100.4344190</LongitudeDegrees>
      </Position>
      <AltitudeMeters>5.7</AltitudeMeters>
      <DistanceMeters>1715.7</DistanceMeters>
      <HeartRateBpm>
       <Value>153</Value>
      </HeartRateBpm>
      <Extensions>
       <TPX xmlns="http://www.garmin.com/xmlschemas/ActivityExtension/v2">
        <Speed>2.4</Speed>
       </TPX>
      </Extensions>
     </Trackpoint>
     <Trackpoint>
      <Time>2026-08-13T11:13:54Z</Time>
      <Position>
       <LatitudeDegrees>5.2367750</LatitudeDegrees>
       <LongitudeDegrees>100.4344410</LongitudeDegrees>
      </Position>
      <AltitudeMeters>5.7</AltitudeMeters>
      <DistanceMeters>1718.1</DistanceMeters>
      <HeartRateBpm>
       <Value>154</Value>
      </HeartRateBpm>
      <Extensions>
       <TPX xmlns="http://www.garmin.com/xmlschemas/ActivityExtension/v2">
        <Speed>2.4</Speed>
       </TPX>
      </Extensions>
     </Trackpoint>
     <Trackpoint>
      <Time>2026-08-13T11:13:55Z</Time>
      <Position>
       <LatitudeDegrees>5.2367790</LatitudeDegrees>
       <LongitudeDegrees>100.4344620</LongitudeDegrees>
      </Position>
      <AltitudeMeters>5.7</AltitudeMeters>
      <DistanceMeters>1720.5</DistanceMeters>
      <HeartRateBpm>
       <Value>153</Value>
      </HeartRateBpm>
      <Extensions>
       <TPX xmlns="http://www.garmin.com/xmlschemas/ActivityExtension/v2">
        <Speed>2.4</Speed>
       </TPX>
      </Extensions>
     </Trackpoint>
     <Trackpoint>
      <Time>2026-08-13T11:13:56Z</Time>
      <Position>
       <LatitudeDegrees>5.2367820</LatitudeDegrees>
       <LongitudeDegrees>100.4344820</LongitudeDegrees>
      </Position>
      <AltitudeMeters>5.7</AltitudeMeters>
      <DistanceMeters>1722.8</DistanceMeters>
      <HeartRateBpm>
       <Value>153</Value>
      </HeartRateBpm>
      <Extensions>
       <TPX xmlns="http://www.garmin.com/xmlschemas/ActivityExtension/v2">
        <Speed>2.3</Speed>
       </TPX>
      </Extensions>
     </Trackpoint>
     <Trackpoint>
      <Time>2026-08-13T11:13:57Z</Time>
      <Position>
       <LatitudeDegrees>5.2367860</LatitudeDegrees>
       <LongitudeDegrees>100.4345020</LongitudeDegrees>
      </Position>
      <AltitudeMeters>5.7</AltitudeMeters>
      <DistanceMeters>1725.1</DistanceMeters>
      <HeartRateBpm>
       <Value>153</Value>
      </HeartRateBpm>
      <Extensions>
       <TPX xmlns="http://www.garmin.com/xmlschemas/ActivityExtension/v2">
        <Speed>2.3</Speed>
       </TPX>
      </Extensions>
     </Trackpoint>
     <Trackpoint>
      <Time>2026-08-13T11:13:58Z</Time>
      <Position>
       <LatitudeDegrees>5.2367920</LatitudeDegrees>
       <LongitudeDegrees>100.4345240</LongitudeDegrees>
      </Position>
      <AltitudeMeters>5.7</AltitudeMeters>
      <DistanceMeters>1727.5</DistanceMeters>
      <HeartRateBpm>
       <Value>153</Value>
      </HeartRateBpm>
      <Extensions>
       <TPX xmlns="http://www.garmin.com/xmlschemas/ActivityExtension/v2">
        <Speed>2.4</Speed>
       </TPX>
      </Extensions>
     </Trackpoint>
     <Trackpoint>
      <Time>2026-08-13T11:13:59Z</Time>
      <Position>
       <LatitudeDegrees>5.2367930</LatitudeDegrees>
       <LongitudeDegrees>100.4345450</LongitudeDegrees>
      </Position>
      <AltitudeMeters>5.7</AltitudeMeters>
      <DistanceMeters>1729.8</DistanceMeters>
      <HeartRateBpm>
       <Value>153</Value>
      </HeartRateBpm>
      <Extensions>
       <TPX xmlns="http://www.garmin.com/xmlschemas/ActivityExtension/v2">
        <Speed>2.3</Speed>
       </TPX>
      </Extensions>
     </Trackpoint>
     <Trackpoint>
      <Time>2026-08-13T11:14:00Z</Time>
      <Position>
       <LatitudeDegrees>5.2367970</LatitudeDegrees>
       <LongitudeDegrees>100.4345660</LongitudeDegrees>
      </Position>
      <AltitudeMeters>5.7</AltitudeMeters>
      <DistanceMeters>1732.1</DistanceMeters>
      <HeartRateBpm>
       <Value>153</Value>
      </HeartRateBpm>
      <Extensions>
       <TPX xmlns="http://www.garmin.com/xmlschemas/ActivityExtension/v2">
        <Speed>2.3</Speed>
       </TPX>
      </Extensions>
     </Trackpoint>
     <Trackpoint>
      <Time>2026-08-13T11:14:01Z</Time>
      <Position>
       <LatitudeDegrees>5.2368030</LatitudeDegrees>
       <LongitudeDegrees>100.4345860</LongitudeDegrees>
      </Position>
      <AltitudeMeters>5.7</AltitudeMeters>
      <DistanceMeters>1734.4</DistanceMeters>
      <HeartRateBpm>
       <Value>153</Value>
      </HeartRateBpm>
      <Extensions>
       <TPX xmlns="http://www.garmin.com/xmlschemas/ActivityExtension/v2">
        <Speed>2.3</Speed>
       </TPX>
      </Extensions>
     </Trackpoint>
     <Trackpoint>
      <Time>2026-08-13T11:14:02Z</Time>
      <Position>
       <LatitudeDegrees>5.2368060</LatitudeDegrees>
       <LongitudeDegrees>100.4346060</LongitudeDegrees>
      </Position>
      <AltitudeMeters>5.7</AltitudeMeters>
      <DistanceMeters>1736.7</DistanceMeters>
      <HeartRateBpm>
       <Value>153</Value>
      </HeartRateBpm>
      <Extensions>
       <TPX xmlns="http://www.garmin.com/xmlschemas/ActivityExtension/v2">
        <Speed>2.3</Speed>
       </TPX>
      </Extensions>
     </Trackpoint>
     <Trackpoint>
      <Time>2026-08-13T11:14:03Z</Time>
      <Position>
       <LatitudeDegrees>5.2368100</LatitudeDegrees>
       <LongitudeDegrees>100.4346270</LongitudeDegrees>
      </Position>
      <AltitudeMeters>5.7</AltitudeMeters>
      <DistanceMeters>1739.1</DistanceMeters>
      <HeartRateBpm>
       <Value>153</Value>
      </HeartRateBpm>
      <Extensions>
       <TPX xmlns="http://www.garmin.com/xmlschemas/ActivityExtension/v2">
        <Speed>2.3</Speed>
       </TPX>
      </Extensions>
     </Trackpoint>
     <Trackpoint>
      <Time>2026-08-13T11:14:04Z</Time>
      <Position>
       <LatitudeDegrees>5.2368160</LatitudeDegrees>
       <LongitudeDegrees>100.4346470</LongitudeDegrees>
      </Position>
      <AltitudeMeters>5.7</AltitudeMeters>
      <DistanceMeters>1741.4</DistanceMeters>
      <HeartRateBpm>
       <Value>153</Value>
      </HeartRateBpm>
      <Extensions>
       <TPX xmlns="http://www.garmin.com/xmlschemas/ActivityExtension/v2">
        <Speed>2.3</Speed>
       </TPX>
      </Extensions>
     </Trackpoint>
     <Trackpoint>
      <Time>2026-08-13T11:14:05Z</Time>
      <Position>
       <LatitudeDegrees>5.2368200</LatitudeDegrees>
       <LongitudeDegrees>100.4346680</LongitudeDegrees>
      </Position>
      <AltitudeMeters>5.7</AltitudeMeters>
      <DistanceMeters>1743.8</DistanceMeters>
      <HeartRateBpm>
       <Value>153</Value>
      </HeartRateBpm>
      <Extensions>
       <TPX xmlns="http://www.garmin.com/xmlschemas/ActivityExtension/v2">
        <Speed>2.3</Speed>
       </TPX>
      </Extensions>
     </Trackpoint>
     <Trackpoint>
      <Time>2026-08-13T11:14:06Z</Time>
      <Position>
       <LatitudeDegrees>5.2368230</LatitudeDegrees>
       <LongitudeDegrees>100.4346890</LongitudeDegrees>
      </Position>
      <AltitudeMeters>5.7</AltitudeMeters>
      <DistanceMeters>1746.1</DistanceMeters>
      <HeartRateBpm>
       <Value>153</Value>
      </HeartRateBpm>
      <Extensions>
       <TPX xmlns="http://www.garmin.com/xmlschemas/ActivityExtension/v2">
        <Speed>2.3</Speed>
       </TPX>
      </Extensions>
     </Trackpoint>
     <Trackpoint>
      <Time>2026-08-13T11:14:07Z</Time>
      <Position>
       <LatitudeDegrees>5.2368270</LatitudeDegrees>
       <LongitudeDegrees>100.4347120</LongitudeDegrees>
      </Position>
      <AltitudeMeters>5.7</AltitudeMeters>
      <DistanceMeters>1748.7</DistanceMeters>
      <HeartRateBpm>
       <Value>153</Value>
      </HeartRateBpm>
      <Extensions>
       <TPX xmlns="http://www.garmin.com/xmlschemas/ActivityExtension/v2">
        <Speed>2.4</Speed>
       </TPX>
      </Extensions>
     </Trackpoint>
     <Trackpoint>
      <Time>2026-08-13T11:14:08Z</Time>
      <Position>
       <LatitudeDegrees>5.2368310</LatitudeDegrees>
       <LongitudeDegrees>100.4347330</LongitudeDegrees>
      </Position>
      <AltitudeMeters>5.7</AltitudeMeters>
      <DistanceMeters>1751.0</DistanceMeters>
      <HeartRateBpm>
       <Value>152</Value>
      </HeartRateBpm>
      <Extensions>
       <TPX xmlns="http://www.garmin.com/xmlschemas/ActivityExtension/v2">
        <Speed>2.4</Speed>
       </TPX>
      </Extensions>
     </Trackpoint>
     <Trackpoint>
      <Time>2026-08-13T11:14:09Z</Time>
      <Position>
       <LatitudeDegrees>5.2368360</LatitudeDegrees>
       <LongitudeDegrees>100.4347550</LongitudeDegrees>
      </Position>
      <AltitudeMeters>5.8</AltitudeMeters>
      <DistanceMeters>1753.5</DistanceMeters>
      <HeartRateBpm>
       <Value>153</Value>
      </HeartRateBpm>
      <Extensions>
       <TPX xmlns="http://www.garmin.com/xmlschemas/ActivityExtension/v2">
        <Speed>2.4</Speed>
       </TPX>
      </Extensions>
     </Trackpoint>
     <Trackpoint>
      <Time>2026-08-13T11:14:10Z</Time>
      <Position>
       <LatitudeDegrees>5.2368420</LatitudeDegrees>
       <LongitudeDegrees>100.4347750</LongitudeDegrees>
      </Position>
      <AltitudeMeters>5.8</AltitudeMeters>
      <DistanceMeters>1755.8</DistanceMeters>
      <HeartRateBpm>
       <Value>153</Value>
      </HeartRateBpm>
      <Extensions>
       <TPX xmlns="http://www.garmin.com/xmlschemas/ActivityExtension/v2">
        <Speed>2.4</Speed>
       </TPX>
      </Extensions>
     </Trackpoint>
     <Trackpoint>
      <Time>2026-08-13T11:14:11Z</Time>
      <Position>
       <LatitudeDegrees>5.2368470</LatitudeDegrees>
       <LongitudeDegrees>100.4347960</LongitudeDegrees>
      </Position>
      <AltitudeMeters>5.8</AltitudeMeters>
      <DistanceMeters>1758.2</DistanceMeters>
      <HeartRateBpm>
       <Value>153</Value>
      </HeartRateBpm>
      <Extensions>
       <TPX xmlns="http://www.garmin.com/xmlschemas/ActivityExtension/v2">
        <Speed>2.4</Speed>
       </TPX>
      </Extensions>
     </Trackpoint>
     <Trackpoint>
      <Time>2026-08-13T11:14:12Z</Time>
      <Position>
       <LatitudeDegrees>5.2368520</LatitudeDegrees>
       <LongitudeDegrees>100.4348200</LongitudeDegrees>
      </Position>
      <AltitudeMeters>5.8</AltitudeMeters>
      <DistanceMeters>1761.0</DistanceMeters>
      <HeartRateBpm>
       <Value>153</Value>
      </HeartRateBpm>
      <Extensions>
       <TPX xmlns="http://www.garmin.com/xmlschemas/ActivityExtension/v2">
        <Speed>2.5</Speed>
       </TPX>
      </Extensions>
     </Trackpoint>
     <Trackpoint>
      <Time>2026-08-13T11:14:13Z</Time>
      <Position>
       <LatitudeDegrees>5.2368580</LatitudeDegrees>
       <LongitudeDegrees>100.4348400</LongitudeDegrees>
      </Position>
      <AltitudeMeters>5.8</AltitudeMeters>
      <DistanceMeters>1763.3</DistanceMeters>
      <HeartRateBpm>
       <Value>153</Value>
      </HeartRateBpm>
      <Extensions>
       <TPX xmlns="http://www.garmin.com/xmlschemas/ActivityExtension/v2">
        <Speed>2.5</Speed>
       </TPX>
      </Extensions>
     </Trackpoint>
     <Trackpoint>
      <Time>2026-08-13T11:14:14Z</Time>
      <Position>
       <LatitudeDegrees>5.2368650</LatitudeDegrees>
       <LongitudeDegrees>100.4348620</LongitudeDegrees>
      </Position>
      <AltitudeMeters>5.8</AltitudeMeters>
      <DistanceMeters>1765.9</DistanceMeters>
      <HeartRateBpm>
       <Value>153</Value>
      </HeartRateBpm>
      <Extensions>
       <TPX xmlns="http://www.garmin.com/xmlschemas/ActivityExtension/v2">
        <Speed>2.5</Speed>
       </TPX>
      </Extensions>
     </Trackpoint>
     <Trackpoint>
      <Time>2026-08-13T11:14:15Z</Time>
      <Position>
       <LatitudeDegrees>5.2368720</LatitudeDegrees>
       <LongitudeDegrees>100.4348830</LongitudeDegrees>
      </Position>
      <AltitudeMeters>5.8</AltitudeMeters>
      <DistanceMeters>1768.3</DistanceMeters>
      <HeartRateBpm>
       <Value>153</Value>
      </HeartRateBpm>
      <Extensions>
       <TPX xmlns="http://www.garmin.com/xmlschemas/ActivityExtension/v2">
        <Speed>2.5</Speed>
       </TPX>
      </Extensions>
     </Trackpoint>
     <Trackpoint>
      <Time>2026-08-13T11:14:16Z</Time>
      <Position>
       <LatitudeDegrees>5.2368780</LatitudeDegrees>
       <LongitudeDegrees>100.4349040</LongitudeDegrees>
      </Position>
      <AltitudeMeters>5.8</AltitudeMeters>
      <DistanceMeters>1770.7</DistanceMeters>
      <HeartRateBpm>
       <Value>153</Value>
      </HeartRateBpm>
      <Extensions>
       <TPX xmlns="http://www.garmin.com/xmlschemas/ActivityExtension/v2">
        <Speed>2.5</Speed>
       </TPX>
      </Extensions>
     </Trackpoint>
     <Trackpoint>
      <Time>2026-08-13T11:14:17Z</Time>
      <Position>
       <LatitudeDegrees>5.2368830</LatitudeDegrees>
       <LongitudeDegrees>100.4349260</LongitudeDegrees>
      </Position>
      <AltitudeMeters>5.8</AltitudeMeters>
      <DistanceMeters>1773.2</DistanceMeters>
      <HeartRateBpm>
       <Value>154</Value>
      </HeartRateBpm>
      <Extensions>
       <TPX xmlns="http://www.garmin.com/xmlschemas/ActivityExtension/v2">
        <Speed>2.4</Speed>
       </TPX>
      </Extensions>
     </Trackpoint>
     <Trackpoint>
      <Time>2026-08-13T11:14:18Z</Time>
      <Position>
       <LatitudeDegrees>5.2368860</LatitudeDegrees>
       <LongitudeDegrees>100.4349490</LongitudeDegrees>
      </Position>
      <AltitudeMeters>5.8</AltitudeMeters>
      <DistanceMeters>1775.8</DistanceMeters>
      <HeartRateBpm>
       <Value>154</Value>
      </HeartRateBpm>
      <Extensions>
       <TPX xmlns="http://www.garmin.com/xmlschemas/ActivityExtension/v2">
        <Speed>2.5</Speed>
       </TPX>
      </Extensions>
     </Trackpoint>
     <Trackpoint>
      <Time>2026-08-13T11:14:19Z</Time>
      <Position>
       <LatitudeDegrees>5.2368870</LatitudeDegrees>
       <LongitudeDegrees>100.4349700</LongitudeDegrees>
      </Position>
      <AltitudeMeters>5.8</AltitudeMeters>
      <DistanceMeters>1778.1</DistanceMeters>
      <HeartRateBpm>
       <Value>154</Value>
      </HeartRateBpm>
      <Extensions>
       <TPX xmlns="http://www.garmin.com/xmlschemas/ActivityExtension/v2">
        <Speed>2.4</Speed>
       </TPX>
      </Extensions>
     </Trackpoint>
     <Trackpoint>
      <Time>2026-08-13T11:14:20Z</Time>
      <Position>
       <LatitudeDegrees>5.2368900</LatitudeDegrees>
       <LongitudeDegrees>100.4349930</LongitudeDegrees>
      </Position>
      <AltitudeMeters>5.8</AltitudeMeters>
      <DistanceMeters>1780.6</DistanceMeters>
      <HeartRateBpm>
       <Value>154</Value>
      </HeartRateBpm>
      <Extensions>
       <TPX xmlns="http://www.garmin.com/xmlschemas/ActivityExtension/v2">
        <Speed>2.5</Speed>
       </TPX>
      </Extensions>
     </Trackpoint>
     <Trackpoint>
      <Time>2026-08-13T11:14:21Z</Time>
      <Position>
       <LatitudeDegrees>5.2368860</LatitudeDegrees>
       <LongitudeDegrees>100.4350150</LongitudeDegrees>
      </Position>
      <AltitudeMeters>5.8</AltitudeMeters>
      <DistanceMeters>1783.0</DistanceMeters>
      <HeartRateBpm>
       <Value>154</Value>
      </HeartRateBpm>
      <Extensions>
       <TPX xmlns="http://www.garmin.com/xmlschemas/ActivityExtension/v2">
        <Speed>2.5</Speed>
       </TPX>
      </Extensions>
     </Trackpoint>
     <Trackpoint>
      <Time>2026-08-13T11:14:22Z</Time>
      <Position>
       <LatitudeDegrees>5.2368840</LatitudeDegrees>
       <LongitudeDegrees>100.4350350</LongitudeDegrees>
      </Position>
      <AltitudeMeters>5.8</AltitudeMeters>
      <DistanceMeters>1785.3</DistanceMeters>
      <HeartRateBpm>
       <Value>154</Value>
      </HeartRateBpm>
      <Extensions>
       <TPX xmlns="http://www.garmin.com/xmlschemas/ActivityExtension/v2">
        <Speed>2.4</Speed>
       </TPX>
      </Extensions>
     </Trackpoint>
     <Trackpoint>
      <Time>2026-08-13T11:14:23Z</Time>
      <Position>
       <LatitudeDegrees>5.2368880</LatitudeDegrees>
       <LongitudeDegrees>100.4350560</LongitudeDegrees>
      </Position>
      <AltitudeMeters>5.8</AltitudeMeters>
      <DistanceMeters>1787.7</DistanceMeters>
      <HeartRateBpm>
       <Value>153</Value>
      </HeartRateBpm>
      <Extensions>
       <TPX xmlns="http://www.garmin.com/xmlschemas/ActivityExtension/v2">
        <Speed>2.4</Speed>
       </TPX>
      </Extensions>
     </Trackpoint>
     <Trackpoint>
      <Time>2026-08-13T11:14:24Z</Time>
      <Position>
       <LatitudeDegrees>5.2368940</LatitudeDegrees>
       <LongitudeDegrees>100.4350780</LongitudeDegrees>
      </Position>
      <AltitudeMeters>5.8</AltitudeMeters>
      <DistanceMeters>1790.2</DistanceMeters>
      <HeartRateBpm>
       <Value>154</Value>
      </HeartRateBpm>
      <Extensions>
       <TPX xmlns="http://www.garmin.com/xmlschemas/ActivityExtension/v2">
        <Speed>2.4</Speed>
       </TPX>
      </Extensions>
     </Trackpoint>
     <Trackpoint>
      <Time>2026-08-13T11:14:25Z</Time>
      <Position>
       <LatitudeDegrees>5.2369010</LatitudeDegrees>
       <LongitudeDegrees>100.4350990</LongitudeDegrees>
      </Position>
      <AltitudeMeters>5.8</AltitudeMeters>
      <DistanceMeters>1792.6</DistanceMeters>
      <HeartRateBpm>
       <Value>154</Value>
      </HeartRateBpm>
      <Extensions>
       <TPX xmlns="http://www.garmin.com/xmlschemas/ActivityExtension/v2">
        <Speed>2.4</Speed>
       </TPX>
      </Extensions>
     </Trackpoint>
     <Trackpoint>
      <Time>2026-08-13T11:14:26Z</Time>
      <Position>
       <LatitudeDegrees>5.2369090</LatitudeDegrees>
       <LongitudeDegrees>100.4351190</LongitudeDegrees>
      </Position>
      <AltitudeMeters>5.8</AltitudeMeters>
      <DistanceMeters>1795.0</DistanceMeters>
      <HeartRateBpm>
       <Value>154</Value>
      </HeartRateBpm>
      <Extensions>
       <TPX xmlns="http://www.garmin.com/xmlschemas/ActivityExtension/v2">
        <Speed>2.4</Speed>
       </TPX>
      </Extensions>
     </Trackpoint>
     <Trackpoint>
      <Time>2026-08-13T11:14:27Z</Time>
      <Position>
       <LatitudeDegrees>5.2369190</LatitudeDegrees>
       <LongitudeDegrees>100.4351390</LongitudeDegrees>
      </Position>
      <AltitudeMeters>5.8</AltitudeMeters>
      <DistanceMeters>1797.5</DistanceMeters>
      <HeartRateBpm>
       <Value>154</Value>
      </HeartRateBpm>
      <Extensions>
       <TPX xmlns="http://www.garmin.com/xmlschemas/ActivityExtension/v2">
        <Speed>2.4</Speed>
       </TPX>
      </Extensions>
     </Trackpoint>
     <Trackpoint>
      <Time>2026-08-13T11:14:28Z</Time>
      <Position>
       <LatitudeDegrees>5.2369290</LatitudeDegrees>
       <LongitudeDegrees>100.4351590</LongitudeDegrees>
      </Position>
      <AltitudeMeters>5.8</AltitudeMeters>
      <DistanceMeters>1800.0</DistanceMeters>
      <HeartRateBpm>
       <Value>154</Value>
      </HeartRateBpm>
      <Extensions>
       <TPX xmlns="http://www.garmin.com/xmlschemas/ActivityExtension/v2">
        <Speed>2.5</Speed>
       </TPX>
      </Extensions>
     </Trackpoint>
     <Trackpoint>
      <Time>2026-08-13T11:14:29Z</Time>
      <Position>
       <LatitudeDegrees>5.2369350</LatitudeDegrees>
       <LongitudeDegrees>100.4351760</LongitudeDegrees>
      </Position>
      <AltitudeMeters>5.7</AltitudeMeters>
      <DistanceMeters>1802.0</DistanceMeters>
      <HeartRateBpm>
       <Value>153</Value>
      </HeartRateBpm>
      <Extensions>
       <TPX xmlns="http://www.garmin.com/xmlschemas/ActivityExtension/v2">
        <Speed>2.4</Speed>
       </TPX>
      </Extensions>
     </Trackpoint>
     <Trackpoint>
      <Time>2026-08-13T11:14:30Z</Time>
      <Position>
       <LatitudeDegrees>5.2369420</LatitudeDegrees>
       <LongitudeDegrees>100.4351950</LongitudeDegrees>
      </Position>
      <AltitudeMeters>5.7</AltitudeMeters>
      <DistanceMeters>1804.2</DistanceMeters>
      <HeartRateBpm>
       <Value>153</Value>
      </HeartRateBpm>
      <Extensions>
       <TPX xmlns="http://www.garmin.com/xmlschemas/ActivityExtension/v2">
        <Speed>2.3</Speed>
       </TPX>
      </Extensions>
     </Trackpoint>
     <Trackpoint>
      <Time>2026-08-13T11:14:31Z</Time>
      <Position>
       <LatitudeDegrees>5.2369480</LatitudeDegrees>
       <LongitudeDegrees>100.4352160</LongitudeDegrees>
      </Position>
      <AltitudeMeters>5.7</AltitudeMeters>
      <DistanceMeters>1806.6</DistanceMeters>
      <HeartRateBpm>
       <Value>153</Value>
      </HeartRateBpm>
      <Extensions>
       <TPX xmlns="http://www.garmin.com/xmlschemas/ActivityExtension/v2">
        <Speed>2.3</Speed>
       </TPX>
      </Extensions>
     </Trackpoint>
     <Trackpoint>
      <Time>2026-08-13T11:14:32Z</Time>
      <Position>
       <LatitudeDegrees>5.2369540</LatitudeDegrees>
       <LongitudeDegrees>100.4352360</LongitudeDegrees>
      </Position>
      <AltitudeMeters>5.7</AltitudeMeters>
      <DistanceMeters>1808.9</DistanceMeters>
      <HeartRateBpm>
       <Value>153</Value>
      </HeartRateBpm>
      <Extensions>
       <TPX xmlns="http://www.garmin.com/xmlschemas/ActivityExtension/v2">
        <Speed>2.3</Speed>
       </TPX>
      </Extensions>
     </Trackpoint>
     <Trackpoint>
      <Time>2026-08-13T11:14:33Z</Time>
      <Position>
       <LatitudeDegrees>5.2369590</LatitudeDegrees>
       <LongitudeDegrees>100.4352580</LongitudeDegrees>
      </Position>
      <AltitudeMeters>5.7</AltitudeMeters>
      <DistanceMeters>1811.4</DistanceMeters>
      <HeartRateBpm>
       <Value>153</Value>
      </HeartRateBpm>
      <Extensions>
       <TPX xmlns="http://www.garmin.com/xmlschemas/ActivityExtension/v2">
        <Speed>2.3</Speed>
       </TPX>
      </Extensions>
     </Trackpoint>
     <Trackpoint>
      <Time>2026-08-13T11:14:34Z</Time>
      <Position>
       <LatitudeDegrees>5.2369640</LatitudeDegrees>
       <LongitudeDegrees>100.4352800</LongitudeDegrees>
      </Position>
      <AltitudeMeters>5.7</AltitudeMeters>
      <DistanceMeters>1813.9</DistanceMeters>
      <HeartRateBpm>
       <Value>153</Value>
      </HeartRateBpm>
      <Extensions>
       <TPX xmlns="http://www.garmin.com/xmlschemas/ActivityExtension/v2">
        <Speed>2.4</Speed>
       </TPX>
      </Extensions>
     </Trackpoint>
     <Trackpoint>
      <Time>2026-08-13T11:14:35Z</Time>
      <Position>
       <LatitudeDegrees>5.2369690</LatitudeDegrees>
       <LongitudeDegrees>100.4353010</LongitudeDegrees>
      </Position>
      <AltitudeMeters>5.7</AltitudeMeters>
      <DistanceMeters>1816.3</DistanceMeters>
      <HeartRateBpm>
       <Value>153</Value>
      </HeartRateBpm>
      <Extensions>
       <TPX xmlns="http://www.garmin.com/xmlschemas/ActivityExtension/v2">
        <Speed>2.4</Speed>
       </TPX>
      </Extensions>
     </Trackpoint>
     <Trackpoint>
      <Time>2026-08-13T11:14:36Z</Time>
      <Position>
       <LatitudeDegrees>5.2369730</LatitudeDegrees>
       <LongitudeDegrees>100.4353220</LongitudeDegrees>
      </Position>
      <AltitudeMeters>5.7</AltitudeMeters>
      <DistanceMeters>1818.7</DistanceMeters>
      <HeartRateBpm>
       <Value>153</Value>
      </HeartRateBpm>
      <Extensions>
       <TPX xmlns="http://www.garmin.com/xmlschemas/ActivityExtension/v2">
        <Speed>2.4</Speed>
       </TPX>
      </Extensions>
     </Trackpoint>
     <Trackpoint>
      <Time>2026-08-13T11:14:37Z</Time>
      <Position>
       <LatitudeDegrees>5.2369760</LatitudeDegrees>
       <LongitudeDegrees>100.4353430</LongitudeDegrees>
      </Position>
      <AltitudeMeters>5.7</AltitudeMeters>
      <DistanceMeters>1821.1</DistanceMeters>
      <HeartRateBpm>
       <Value>153</Value>
      </HeartRateBpm>
      <Extensions>
       <TPX xmlns="http://www.garmin.com/xmlschemas/ActivityExtension/v2">
        <Speed>2.4</Speed>
       </TPX>
      </Extensions>
     </Trackpoint>
     <Trackpoint>
      <Time>2026-08-13T11:14:38Z</Time>
      <Position>
       <LatitudeDegrees>5.2369790</LatitudeDegrees>
       <LongitudeDegrees>100.4353650</LongitudeDegrees>
      </Position>
      <AltitudeMeters>5.7</AltitudeMeters>
      <DistanceMeters>1823.5</DistanceMeters>
      <HeartRateBpm>
       <Value>153</Value>
      </HeartRateBpm>
      <Extensions>
       <TPX xmlns="http://www.garmin.com/xmlschemas/ActivityExtension/v2">
        <Speed>2.4</Speed>
       </TPX>
      </Extensions>
     </Trackpoint>
     <Trackpoint>
      <Time>2026-08-13T11:14:39Z</Time>
      <Position>
       <LatitudeDegrees>5.2369790</LatitudeDegrees>
       <LongitudeDegrees>100.4353870</LongitudeDegrees>
      </Position>
      <AltitudeMeters>5.7</AltitudeMeters>
      <DistanceMeters>1825.9</DistanceMeters>
      <HeartRateBpm>
       <Value>153</Value>
      </HeartRateBpm>
      <Extensions>
       <TPX xmlns="http://www.garmin.com/xmlschemas/ActivityExtension/v2">
        <Speed>2.4</Speed>
       </TPX>
      </Extensions>
     </Trackpoint>
     <Trackpoint>
      <Time>2026-08-13T11:14:40Z</Time>
      <Position>
       <LatitudeDegrees>5.2369820</LatitudeDegrees>
       <LongitudeDegrees>100.4354110</LongitudeDegrees>
      </Position>
      <AltitudeMeters>5.7</AltitudeMeters>
      <DistanceMeters>1828.6</DistanceMeters>
      <HeartRateBpm>
       <Value>153</Value>
      </HeartRateBpm>
      <Extensions>
       <TPX xmlns="http://www.garmin.com/xmlschemas/ActivityExtension/v2">
        <Speed>2.5</Speed>
       </TPX>
      </Extensions>
     </Trackpoint>
     <Trackpoint>
      <Time>2026-08-13T11:14:41Z</Time>
      <Position>
       <LatitudeDegrees>5.2369860</LatitudeDegrees>
       <LongitudeDegrees>100.4354320</LongitudeDegrees>
      </Position>
      <AltitudeMeters>5.7</AltitudeMeters>
      <DistanceMeters>1830.9</DistanceMeters>
      <HeartRateBpm>
       <Value>152</Value>
      </HeartRateBpm>
      <Extensions>
       <TPX xmlns="http://www.garmin.com/xmlschemas/ActivityExtension/v2">
        <Speed>2.4</Speed>
       </TPX>
      </Extensions>
     </Trackpoint>
     <Trackpoint>
      <Time>2026-08-13T11:14:42Z</Time>
      <Position>
       <LatitudeDegrees>5.2369940</LatitudeDegrees>
       <LongitudeDegrees>100.4354520</LongitudeDegrees>
      </Position>
      <AltitudeMeters>5.7</AltitudeMeters>
      <DistanceMeters>1833.3</DistanceMeters>
      <HeartRateBpm>
       <Value>152</Value>
      </HeartRateBpm>
      <Extensions>
       <TPX xmlns="http://www.garmin.com/xmlschemas/ActivityExtension/v2">
        <Speed>2.4</Speed>
       </TPX>
      </Extensions>
     </Trackpoint>
     <Trackpoint>
      <Time>2026-08-13T11:14:43Z</Time>
      <Position>
       <LatitudeDegrees>5.2370030</LatitudeDegrees>
       <LongitudeDegrees>100.4354730</LongitudeDegrees>
      </Position>
      <AltitudeMeters>5.7</AltitudeMeters>
      <DistanceMeters>1835.9</DistanceMeters>
      <HeartRateBpm>
       <Value>153</Value>
      </HeartRateBpm>
      <Extensions>
       <TPX xmlns="http://www.garmin.com/xmlschemas/ActivityExtension/v2">
        <Speed>2.5</Speed>
       </TPX>
      </Extensions>
     </Trackpoint>
     <Trackpoint>
      <Time>2026-08-13T11:14:44Z</Time>
      <Position>
       <LatitudeDegrees>5.2370110</LatitudeDegrees>
       <LongitudeDegrees>100.4354940</LongitudeDegrees>
      </Position>
      <AltitudeMeters>5.7</AltitudeMeters>
      <DistanceMeters>1838.4</DistanceMeters>
      <HeartRateBpm>
       <Value>153</Value>
      </HeartRateBpm>
      <Extensions>
       <TPX xmlns="http://www.garmin.com/xmlschemas/ActivityExtension/v2">
        <Speed>2.5</Speed>
       </TPX>
      </Extensions>
     </Trackpoint>
     <Trackpoint>
      <Time>2026-08-13T11:14:45Z</Time>
      <Position>
       <LatitudeDegrees>5.2370180</LatitudeDegrees>
       <LongitudeDegrees>100.4355150</LongitudeDegrees>
      </Position>
      <AltitudeMeters>5.7</AltitudeMeters>
      <DistanceMeters>1840.8</DistanceMeters>
      <HeartRateBpm>
       <Value>153</Value>
      </HeartRateBpm>
      <Extensions>
       <TPX xmlns="http://www.garmin.com/xmlschemas/ActivityExtension/v2">
        <Speed>2.4</Speed>
       </TPX>
      </Extensions>
     </Trackpoint>
     <Trackpoint>
      <Time>2026-08-13T11:14:46Z</Time>
      <Position>
       <LatitudeDegrees>5.2370260</LatitudeDegrees>
       <LongitudeDegrees>100.4355350</LongitudeDegrees>
      </Position>
      <AltitudeMeters>5.7</AltitudeMeters>
      <DistanceMeters>1843.2</DistanceMeters>
      <HeartRateBpm>
       <Value>152</Value>
      </HeartRateBpm>
      <Extensions>
       <TPX xmlns="http://www.garmin.com/xmlschemas/ActivityExtension/v2">
        <Speed>2.5</Speed>
       </TPX>
      </Extensions>
     </Trackpoint>
     <Trackpoint>
      <Time>2026-08-13T11:14:47Z</Time>
      <Position>
       <LatitudeDegrees>5.2370340</LatitudeDegrees>
       <LongitudeDegrees>100.4355550</LongitudeDegrees>
      </Position>
      <AltitudeMeters>5.7</AltitudeMeters>
      <DistanceMeters>1845.6</DistanceMeters>
      <HeartRateBpm>
       <Value>152</Value>
      </HeartRateBpm>
      <Extensions>
       <TPX xmlns="http://www.garmin.com/xmlschemas/ActivityExtension/v2">
        <Speed>2.5</Speed>
       </TPX>
      </Extensions>
     </Trackpoint>
     <Trackpoint>
      <Time>2026-08-13T11:14:48Z</Time>
      <Position>
       <LatitudeDegrees>5.2370420</LatitudeDegrees>
       <LongitudeDegrees>100.4355740</LongitudeDegrees>
      </Position>
      <AltitudeMeters>5.7</AltitudeMeters>
      <DistanceMeters>1847.9</DistanceMeters>
      <HeartRateBpm>
       <Value>152</Value>
      </HeartRateBpm>
      <Extensions>
       <TPX xmlns="http://www.garmin.com/xmlschemas/ActivityExtension/v2">
        <Speed>2.4</Speed>
       </TPX>
      </Extensions>
     </Trackpoint>
     <Trackpoint>
      <Time>2026-08-13T11:14:49Z</Time>
      <Position>
       <LatitudeDegrees>5.2370490</LatitudeDegrees>
       <LongitudeDegrees>100.4355960</LongitudeDegrees>
      </Position>
      <AltitudeMeters>5.7</AltitudeMeters>
      <DistanceMeters>1850.4</DistanceMeters>
      <HeartRateBpm>
       <Value>152</Value>
      </HeartRateBpm>
      <Extensions>
       <TPX xmlns="http://www.garmin.com/xmlschemas/ActivityExtension/v2">
        <Speed>2.4</Speed>
       </TPX>
      </Extensions>
     </Trackpoint>
     <Trackpoint>
      <Time>2026-08-13T11:14:50Z</Time>
      <Position>
       <LatitudeDegrees>5.2370560</LatitudeDegrees>
       <LongitudeDegrees>100.4356170</LongitudeDegrees>
      </Position>
      <AltitudeMeters>5.7</AltitudeMeters>
      <DistanceMeters>1852.9</DistanceMeters>
      <HeartRateBpm>
       <Value>152</Value>
      </HeartRateBpm>
      <Extensions>
       <TPX xmlns="http://www.garmin.com/xmlschemas/ActivityExtension/v2">
        <Speed>2.4</Speed>
       </TPX>
      </Extensions>
     </Trackpoint>
     <Trackpoint>
      <Time>2026-08-13T11:14:51Z</Time>
      <Position>
       <LatitudeDegrees>5.2370630</LatitudeDegrees>
       <LongitudeDegrees>100.4356380</LongitudeDegrees>
      </Position>
      <AltitudeMeters>5.7</AltitudeMeters>
      <DistanceMeters>1855.3</DistanceMeters>
      <HeartRateBpm>
       <Value>152</Value>
      </HeartRateBpm>
      <Extensions>
       <TPX xmlns="http://www.garmin.com/xmlschemas/ActivityExtension/v2">
        <Speed>2.4</Speed>
       </TPX>
      </Extensions>
     </Trackpoint>
     <Trackpoint>
      <Time>2026-08-13T11:14:52Z</Time>
      <Position>
       <LatitudeDegrees>5.2370700</LatitudeDegrees>
       <LongitudeDegrees>100.4356600</LongitudeDegrees>
      </Position>
      <AltitudeMeters>5.7</AltitudeMeters>
      <DistanceMeters>1857.9</DistanceMeters>
      <HeartRateBpm>
       <Value>153</Value>
      </HeartRateBpm>
      <Extensions>
       <TPX xmlns="http://www.garmin.com/xmlschemas/ActivityExtension/v2">
        <Speed>2.5</Speed>
       </TPX>
      </Extensions>
     </Trackpoint>
     <Trackpoint>
      <Time>2026-08-13T11:14:53Z</Time>
      <Position>
       <LatitudeDegrees>5.2370780</LatitudeDegrees>
       <LongitudeDegrees>100.4356810</LongitudeDegrees>
      </Position>
      <AltitudeMeters>5.7</AltitudeMeters>
      <DistanceMeters>1860.4</DistanceMeters>
      <HeartRateBpm>
       <Value>153</Value>
      </HeartRateBpm>
      <Extensions>
       <TPX xmlns="http://www.garmin.com/xmlschemas/ActivityExtension/v2">
        <Speed>2.5</Speed>
       </TPX>
      </Extensions>
     </Trackpoint>
     <Trackpoint>
      <Time>2026-08-13T11:14:54Z</Time>
      <Position>
       <LatitudeDegrees>5.2370820</LatitudeDegrees>
       <LongitudeDegrees>100.4357040</LongitudeDegrees>
      </Position>
      <AltitudeMeters>5.7</AltitudeMeters>
      <DistanceMeters>1863.0</DistanceMeters>
      <HeartRateBpm>
       <Value>152</Value>
      </HeartRateBpm>
      <Extensions>
       <TPX xmlns="http://www.garmin.com/xmlschemas/ActivityExtension/v2">
        <Speed>2.5</Speed>
       </TPX>
      </Extensions>
     </Trackpoint>
     <Trackpoint>
      <Time>2026-08-13T11:14:55Z</Time>
      <Position>
       <LatitudeDegrees>5.2370870</LatitudeDegrees>
       <LongitudeDegrees>100.4357270</LongitudeDegrees>
      </Position>
      <AltitudeMeters>5.7</AltitudeMeters>
      <DistanceMeters>1865.6</DistanceMeters>
      <HeartRateBpm>
       <Value>151</Value>
      </HeartRateBpm>
      <Extensions>
       <TPX xmlns="http://www.garmin.com/xmlschemas/ActivityExtension/v2">
        <Speed>2.6</Speed>
       </TPX>
      </Extensions>
     </Trackpoint>
     <Trackpoint>
      <Time>2026-08-13T11:14:56Z</Time>
      <Position>
       <LatitudeDegrees>5.2370950</LatitudeDegrees>
       <LongitudeDegrees>100.4357490</LongitudeDegrees>
      </Position>
      <AltitudeMeters>5.7</AltitudeMeters>
      <DistanceMeters>1868.2</DistanceMeters>
      <HeartRateBpm>
       <Value>151</Value>
      </HeartRateBpm>
      <Extensions>
       <TPX xmlns="http://www.garmin.com/xmlschemas/ActivityExtension/v2">
        <Speed>2.6</Speed>
       </TPX>
      </Extensions>
     </Trackpoint>
     <Trackpoint>
      <Time>2026-08-13T11:14:57Z</Time>
      <Position>
       <LatitudeDegrees>5.2371010</LatitudeDegrees>
       <LongitudeDegrees>100.4357710</LongitudeDegrees>
      </Position>
      <AltitudeMeters>5.7</AltitudeMeters>
      <DistanceMeters>1870.7</DistanceMeters>
      <HeartRateBpm>
       <Value>151</Value>
      </HeartRateBpm>
      <Extensions>
       <TPX xmlns="http://www.garmin.com/xmlschemas/ActivityExtension/v2">
        <Speed>2.6</Speed>
       </TPX>
      </Extensions>
     </Trackpoint>
     <Trackpoint>
      <Time>2026-08-13T11:14:58Z</Time>
      <Position>
       <LatitudeDegrees>5.2371050</LatitudeDegrees>
       <LongitudeDegrees>100.4357920</LongitudeDegrees>
      </Position>
      <AltitudeMeters>5.7</AltitudeMeters>
      <DistanceMeters>1873.1</DistanceMeters>
      <HeartRateBpm>
       <Value>151</Value>
      </HeartRateBpm>
      <Extensions>
       <TPX xmlns="http://www.garmin.com/xmlschemas/ActivityExtension/v2">
        <Speed>2.5</Speed>
       </TPX>
      </Extensions>
     </Trackpoint>
     <Trackpoint>
      <Time>2026-08-13T11:14:59Z</Time>
      <Position>
       <LatitudeDegrees>5.2371070</LatitudeDegrees>
       <LongitudeDegrees>100.4358160</LongitudeDegrees>
      </Position>
      <AltitudeMeters>5.7</AltitudeMeters>
      <DistanceMeters>1875.7</DistanceMeters>
      <HeartRateBpm>
       <Value>152</Value>
      </HeartRateBpm>
      <Extensions>
       <TPX xmlns="http://www.garmin.com/xmlschemas/ActivityExtension/v2">
        <Speed>2.5</Speed>
       </TPX>
      </Extensions>
     </Trackpoint>
     <Trackpoint>
      <Time>2026-08-13T11:15:00Z</Time>
      <Position>
       <LatitudeDegrees>5.2371090</LatitudeDegrees>
       <LongitudeDegrees>100.4358390</LongitudeDegrees>
      </Position>
      <AltitudeMeters>5.7</AltitudeMeters>
      <DistanceMeters>1878.2</DistanceMeters>
      <HeartRateBpm>
       <Value>153</Value>
      </HeartRateBpm>
      <Extensions>
       <TPX xmlns="http://www.garmin.com/xmlschemas/ActivityExtension/v2">
        <Speed>2.5</Speed>
       </TPX>
      </Extensions>
     </Trackpoint>
     <Trackpoint>
      <Time>2026-08-13T11:15:01Z</Time>
      <Position>
       <LatitudeDegrees>5.2371140</LatitudeDegrees>
       <LongitudeDegrees>100.4358590</LongitudeDegrees>
      </Position>
      <AltitudeMeters>5.7</AltitudeMeters>
      <DistanceMeters>1880.5</DistanceMeters>
      <HeartRateBpm>
       <Value>153</Value>
      </HeartRateBpm>
      <Extensions>
       <TPX xmlns="http://www.garmin.com/xmlschemas/ActivityExtension/v2">
        <Speed>2.5</Speed>
       </TPX>
      </Extensions>
     </Trackpoint>
     <Trackpoint>
      <Time>2026-08-13T11:15:02Z</Time>
      <Position>
       <LatitudeDegrees>5.2371230</LatitudeDegrees>
       <LongitudeDegrees>100.4358830</LongitudeDegrees>
      </Position>
      <AltitudeMeters>5.7</AltitudeMeters>
      <DistanceMeters>1883.3</DistanceMeters>
      <HeartRateBpm>
       <Value>153</Value>
      </HeartRateBpm>
      <Extensions>
       <TPX xmlns="http://www.garmin.com/xmlschemas/ActivityExtension/v2">
        <Speed>2.5</Speed>
       </TPX>
      </Extensions>
     </Trackpoint>
     <Trackpoint>
      <Time>2026-08-13T11:15:03Z</Time>
      <Position>
       <LatitudeDegrees>5.2371330</LatitudeDegrees>
       <LongitudeDegrees>100.4359060</LongitudeDegrees>
      </Position>
      <AltitudeMeters>5.7</AltitudeMeters>
      <DistanceMeters>1886.1</DistanceMeters>
      <HeartRateBpm>
       <Value>152</Value>
      </HeartRateBpm>
      <Extensions>
       <TPX xmlns="http://www.garmin.com/xmlschemas/ActivityExtension/v2">
        <Speed>2.6</Speed>
       </TPX>
      </Extensions>
     </Trackpoint>
     <Trackpoint>
      <Time>2026-08-13T11:15:04Z</Time>
      <Position>
       <LatitudeDegrees>5.2371440</LatitudeDegrees>
       <LongitudeDegrees>100.4359270</LongitudeDegrees>
      </Position>
      <AltitudeMeters>5.7</AltitudeMeters>
      <DistanceMeters>1888.8</DistanceMeters>
      <HeartRateBpm>
       <Value>152</Value>
      </HeartRateBpm>
      <Extensions>
       <TPX xmlns="http://www.garmin.com/xmlschemas/ActivityExtension/v2">
        <Speed>2.6</Speed>
       </TPX>
      </Extensions>
     </Trackpoint>
     <Trackpoint>
      <Time>2026-08-13T11:15:05Z</Time>
      <Position>
       <LatitudeDegrees>5.2371540</LatitudeDegrees>
       <LongitudeDegrees>100.4359490</LongitudeDegrees>
      </Position>
      <AltitudeMeters>5.7</AltitudeMeters>
      <DistanceMeters>1891.5</DistanceMeters>
      <HeartRateBpm>
       <Value>152</Value>
      </HeartRateBpm>
      <Extensions>
       <TPX xmlns="http://www.garmin.com/xmlschemas/ActivityExtension/v2">
        <Speed>2.7</Speed>
       </TPX>
      </Extensions>
     </Trackpoint>
     <Trackpoint>
      <Time>2026-08-13T11:15:06Z</Time>
      <Position>
       <LatitudeDegrees>5.2371620</LatitudeDegrees>
       <LongitudeDegrees>100.4359710</LongitudeDegrees>
      </Position>
      <AltitudeMeters>5.7</AltitudeMeters>
      <DistanceMeters>1894.1</DistanceMeters>
      <HeartRateBpm>
       <Value>153</Value>
      </HeartRateBpm>
      <Extensions>
       <TPX xmlns="http://www.garmin.com/xmlschemas/ActivityExtension/v2">
        <Speed>2.7</Speed>
       </TPX>
      </Extensions>
     </Trackpoint>
     <Trackpoint>
      <Time>2026-08-13T11:15:07Z</Time>
      <Position>
       <LatitudeDegrees>5.2371700</LatitudeDegrees>
       <LongitudeDegrees>100.4359920</LongitudeDegrees>
      </Position>
      <AltitudeMeters>5.7</AltitudeMeters>
      <DistanceMeters>1896.5</DistanceMeters>
      <HeartRateBpm>
       <Value>153</Value>
      </HeartRateBpm>
      <Extensions>
       <TPX xmlns="http://www.garmin.com/xmlschemas/ActivityExtension/v2">
        <Speed>2.6</Speed>
       </TPX>
      </Extensions>
     </Trackpoint>
     <Trackpoint>
      <Time>2026-08-13T11:15:08Z</Time>
      <Position>
       <LatitudeDegrees>5.2371780</LatitudeDegrees>
       <LongitudeDegrees>100.4360160</LongitudeDegrees>
      </Position>
      <AltitudeMeters>5.7</AltitudeMeters>
      <DistanceMeters>1899.3</DistanceMeters>
      <HeartRateBpm>
       <Value>153</Value>
      </HeartRateBpm>
      <Extensions>
       <TPX xmlns="http://www.garmin.com/xmlschemas/ActivityExtension/v2">
        <Speed>2.6</Speed>
       </TPX>
      </Extensions>
     </Trackpoint>
     <Trackpoint>
      <Time>2026-08-13T11:15:09Z</Time>
      <Position>
       <LatitudeDegrees>5.2371860</LatitudeDegrees>
       <LongitudeDegrees>100.4360400</LongitudeDegrees>
      </Position>
      <AltitudeMeters>5.7</AltitudeMeters>
      <DistanceMeters>1902.1</DistanceMeters>
      <HeartRateBpm>
       <Value>154</Value>
      </HeartRateBpm>
      <Extensions>
       <TPX xmlns="http://www.garmin.com/xmlschemas/ActivityExtension/v2">
        <Speed>2.7</Speed>
       </TPX>
      </Extensions>
     </Trackpoint>
     <Trackpoint>
      <Time>2026-08-13T11:15:10Z</Time>
      <Position>
       <LatitudeDegrees>5.2371940</LatitudeDegrees>
       <LongitudeDegrees>100.4360620</LongitudeDegrees>
      </Position>
      <AltitudeMeters>5.7</AltitudeMeters>
      <DistanceMeters>1904.7</DistanceMeters>
      <HeartRateBpm>
       <Value>154</Value>
      </HeartRateBpm>
      <Extensions>
       <TPX xmlns="http://www.garmin.com/xmlschemas/ActivityExtension/v2">
        <Speed>2.6</Speed>
       </TPX>
      </Extensions>
     </Trackpoint>
     <Trackpoint>
      <Time>2026-08-13T11:15:11Z</Time>
      <Position>
       <LatitudeDegrees>5.2372020</LatitudeDegrees>
       <LongitudeDegrees>100.4360840</LongitudeDegrees>
      </Position>
      <AltitudeMeters>5.7</AltitudeMeters>
      <DistanceMeters>1907.3</DistanceMeters>
      <HeartRateBpm>
       <Value>154</Value>
      </HeartRateBpm>
      <Extensions>
       <TPX xmlns="http://www.garmin.com/xmlschemas/ActivityExtension/v2">
        <Speed>2.6</Speed>
       </TPX>
      </Extensions>
     </Trackpoint>
     <Trackpoint>
      <Time>2026-08-13T11:15:12Z</Time>
      <Position>
       <LatitudeDegrees>5.2372050</LatitudeDegrees>
       <LongitudeDegrees>100.4361080</LongitudeDegrees>
      </Position>
      <AltitudeMeters>5.7</AltitudeMeters>
      <DistanceMeters>1910.0</DistanceMeters>
      <HeartRateBpm>
       <Value>154</Value>
      </HeartRateBpm>
      <Extensions>
       <TPX xmlns="http://www.garmin.com/xmlschemas/ActivityExtension/v2">
        <Speed>2.7</Speed>
       </TPX>
      </Extensions>
     </Trackpoint>
     <Trackpoint>
      <Time>2026-08-13T11:15:13Z</Time>
      <Position>
       <LatitudeDegrees>5.2372080</LatitudeDegrees>
       <LongitudeDegrees>100.4361320</LongitudeDegrees>
      </Position>
      <AltitudeMeters>5.7</AltitudeMeters>
      <DistanceMeters>1912.7</DistanceMeters>
      <HeartRateBpm>
       <Value>154</Value>
      </HeartRateBpm>
      <Extensions>
       <TPX xmlns="http://www.garmin.com/xmlschemas/ActivityExtension/v2">
        <Speed>2.7</Speed>
       </TPX>
      </Extensions>
     </Trackpoint>
     <Trackpoint>
      <Time>2026-08-13T11:15:14Z</Time>
      <Position>
       <LatitudeDegrees>5.2372110</LatitudeDegrees>
       <LongitudeDegrees>100.4361560</LongitudeDegrees>
      </Position>
      <AltitudeMeters>5.7</AltitudeMeters>
      <DistanceMeters>1915.4</DistanceMeters>
      <HeartRateBpm>
       <Value>154</Value>
      </HeartRateBpm>
      <Extensions>
       <TPX xmlns="http://www.garmin.com/xmlschemas/ActivityExtension/v2">
        <Speed>2.7</Speed>
       </TPX>
      </Extensions>
     </Trackpoint>
     <Trackpoint>
      <Time>2026-08-13T11:15:15Z</Time>
      <Position>
       <LatitudeDegrees>5.2372150</LatitudeDegrees>
       <LongitudeDegrees>100.4361810</LongitudeDegrees>
      </Position>
      <AltitudeMeters>5.7</AltitudeMeters>
      <DistanceMeters>1918.2</DistanceMeters>
      <HeartRateBpm>
       <Value>154</Value>
      </HeartRateBpm>
      <Extensions>
       <TPX xmlns="http://www.garmin.com/xmlschemas/ActivityExtension/v2">
        <Speed>2.7</Speed>
       </TPX>
      </Extensions>
     </Trackpoint>
     <Trackpoint>
      <Time>2026-08-13T11:15:16Z</Time>
      <Position>
       <LatitudeDegrees>5.2372200</LatitudeDegrees>
       <LongitudeDegrees>100.4362040</LongitudeDegrees>
      </Position>
      <AltitudeMeters>5.7</AltitudeMeters>
      <DistanceMeters>1920.8</DistanceMeters>
      <HeartRateBpm>
       <Value>154</Value>
      </HeartRateBpm>
      <Extensions>
       <TPX xmlns="http://www.garmin.com/xmlschemas/ActivityExtension/v2">
        <Speed>2.7</Speed>
       </TPX>
      </Extensions>
     </Trackpoint>
     <Trackpoint>
      <Time>2026-08-13T11:15:17Z</Time>
      <Position>
       <LatitudeDegrees>5.2372250</LatitudeDegrees>
       <LongitudeDegrees>100.4362260</LongitudeDegrees>
      </Position>
      <AltitudeMeters>5.7</AltitudeMeters>
      <DistanceMeters>1923.3</DistanceMeters>
      <HeartRateBpm>
       <Value>155</Value>
      </HeartRateBpm>
      <Extensions>
       <TPX xmlns="http://www.garmin.com/xmlschemas/ActivityExtension/v2">
        <Speed>2.7</Speed>
       </TPX>
      </Extensions>
     </Trackpoint>
     <Trackpoint>
      <Time>2026-08-13T11:15:18Z</Time>
      <Position>
       <LatitudeDegrees>5.2372280</LatitudeDegrees>
       <LongitudeDegrees>100.4362510</LongitudeDegrees>
      </Position>
      <AltitudeMeters>5.7</AltitudeMeters>
      <DistanceMeters>1926.1</DistanceMeters>
      <HeartRateBpm>
       <Value>155</Value>
      </HeartRateBpm>
      <Extensions>
       <TPX xmlns="http://www.garmin.com/xmlschemas/ActivityExtension/v2">
        <Speed>2.7</Speed>
       </TPX>
      </Extensions>
     </Trackpoint>
     <Trackpoint>
      <Time>2026-08-13T11:15:19Z</Time>
      <Position>
       <LatitudeDegrees>5.2372320</LatitudeDegrees>
       <LongitudeDegrees>100.4362740</LongitudeDegrees>
      </Position>
      <AltitudeMeters>5.7</AltitudeMeters>
      <DistanceMeters>1928.6</DistanceMeters>
      <HeartRateBpm>
       <Value>155</Value>
      </HeartRateBpm>
      <Extensions>
       <TPX xmlns="http://www.garmin.com/xmlschemas/ActivityExtension/v2">
        <Speed>2.6</Speed>
       </TPX>
      </Extensions>
     </Trackpoint>
     <Trackpoint>
      <Time>2026-08-13T11:15:20Z</Time>
      <Position>
       <LatitudeDegrees>5.2372380</LatitudeDegrees>
       <LongitudeDegrees>100.4362970</LongitudeDegrees>
      </Position>
      <AltitudeMeters>5.7</AltitudeMeters>
      <DistanceMeters>1931.3</DistanceMeters>
      <HeartRateBpm>
       <Value>154</Value>
      </HeartRateBpm>
      <Extensions>
       <TPX xmlns="http://www.garmin.com/xmlschemas/ActivityExtension/v2">
        <Speed>2.6</Speed>
       </TPX>
      </Extensions>
     </Trackpoint>
     <Trackpoint>
      <Time>2026-08-13T11:15:21Z</Time>
      <Position>
       <LatitudeDegrees>5.2372440</LatitudeDegrees>
       <LongitudeDegrees>100.4363190</LongitudeDegrees>
      </Position>
      <AltitudeMeters>5.7</AltitudeMeters>
      <DistanceMeters>1933.8</DistanceMeters>
      <HeartRateBpm>
       <Value>154</Value>
      </HeartRateBpm>
      <Extensions>
       <TPX xmlns="http://www.garmin.com/xmlschemas/ActivityExtension/v2">
        <Speed>2.6</Speed>
       </TPX>
      </Extensions>
     </Trackpoint>
     <Trackpoint>
      <Time>2026-08-13T11:15:22Z</Time>
      <Position>
       <LatitudeDegrees>5.2372490</LatitudeDegrees>
       <LongitudeDegrees>100.4363410</LongitudeDegrees>
      </Position>
      <AltitudeMeters>5.7</AltitudeMeters>
      <DistanceMeters>1936.3</DistanceMeters>
      <HeartRateBpm>
       <Value>154</Value>
      </HeartRateBpm>
      <Extensions>
       <TPX xmlns="http://www.garmin.com/xmlschemas/ActivityExtension/v2">
        <Speed>2.6</Speed>
       </TPX>
      </Extensions>
     </Trackpoint>
     <Trackpoint>
      <Time>2026-08-13T11:15:23Z</Time>
      <Position>
       <LatitudeDegrees>5.2372500</LatitudeDegrees>
       <LongitudeDegrees>100.4363620</LongitudeDegrees>
      </Position>
      <AltitudeMeters>5.7</AltitudeMeters>
      <DistanceMeters>1938.6</DistanceMeters>
      <HeartRateBpm>
       <Value>153</Value>
      </HeartRateBpm>
      <Extensions>
       <TPX xmlns="http://www.garmin.com/xmlschemas/ActivityExtension/v2">
        <Speed>2.5</Speed>
       </TPX>
      </Extensions>
     </Trackpoint>
     <Trackpoint>
      <Time>2026-08-13T11:15:24Z</Time>
      <Position>
       <LatitudeDegrees>5.2372550</LatitudeDegrees>
       <LongitudeDegrees>100.4363840</LongitudeDegrees>
      </Position>
      <AltitudeMeters>5.7</AltitudeMeters>
      <DistanceMeters>1941.0</DistanceMeters>
      <HeartRateBpm>
       <Value>153</Value>
      </HeartRateBpm>
      <Extensions>
       <TPX xmlns="http://www.garmin.com/xmlschemas/ActivityExtension/v2">
        <Speed>2.5</Speed>
       </TPX>
      </Extensions>
     </Trackpoint>
     <Trackpoint>
      <Time>2026-08-13T11:15:25Z</Time>
      <Position>
       <LatitudeDegrees>5.2372720</LatitudeDegrees>
       <LongitudeDegrees>100.4364060</LongitudeDegrees>
      </Position>
      <AltitudeMeters>5.7</AltitudeMeters>
      <DistanceMeters>1944.0</DistanceMeters>
      <HeartRateBpm>
       <Value>154</Value>
      </HeartRateBpm>
      <Extensions>
       <TPX xmlns="http://www.garmin.com/xmlschemas/ActivityExtension/v2">
        <Speed>2.5</Speed>
       </TPX>
      </Extensions>
     </Trackpoint>
     <Trackpoint>
      <Time>2026-08-13T11:15:26Z</Time>
      <Position>
       <LatitudeDegrees>5.2372840</LatitudeDegrees>
       <LongitudeDegrees>100.4364270</LongitudeDegrees>
      </Position>
      <AltitudeMeters>5.7</AltitudeMeters>
      <DistanceMeters>1946.7</DistanceMeters>
      <HeartRateBpm>
       <Value>154</Value>
      </HeartRateBpm>
      <Extensions>
       <TPX xmlns="http://www.garmin.com/xmlschemas/ActivityExtension/v2">
        <Speed>2.6</Speed>
       </TPX>
      </Extensions>
     </Trackpoint>
     <Trackpoint>
      <Time>2026-08-13T11:15:27Z</Time>
      <Position>
       <LatitudeDegrees>5.2372930</LatitudeDegrees>
       <LongitudeDegrees>100.4364460</LongitudeDegrees>
      </Position>
      <AltitudeMeters>5.7</AltitudeMeters>
      <DistanceMeters>1949.1</DistanceMeters>
      <HeartRateBpm>
       <Value>154</Value>
      </HeartRateBpm>
      <Extensions>
       <TPX xmlns="http://www.garmin.com/xmlschemas/ActivityExtension/v2">
        <Speed>2.6</Speed>
       </TPX>
      </Extensions>
     </Trackpoint>
     <Trackpoint>
      <Time>2026-08-13T11:15:28Z</Time>
      <Position>
       <LatitudeDegrees>5.2373030</LatitudeDegrees>
       <LongitudeDegrees>100.4364690</LongitudeDegrees>
      </Position>
      <AltitudeMeters>5.7</AltitudeMeters>
      <DistanceMeters>1951.8</DistanceMeters>
      <HeartRateBpm>
       <Value>154</Value>
      </HeartRateBpm>
      <Extensions>
       <TPX xmlns="http://www.garmin.com/xmlschemas/ActivityExtension/v2">
        <Speed>2.6</Speed>
       </TPX>
      </Extensions>
     </Trackpoint>
     <Trackpoint>
      <Time>2026-08-13T11:15:29Z</Time>
      <Position>
       <LatitudeDegrees>5.2373110</LatitudeDegrees>
       <LongitudeDegrees>100.4364900</LongitudeDegrees>
      </Position>
      <AltitudeMeters>5.7</AltitudeMeters>
      <DistanceMeters>1954.3</DistanceMeters>
      <HeartRateBpm>
       <Value>153</Value>
      </HeartRateBpm>
      <Extensions>
       <TPX xmlns="http://www.garmin.com/xmlschemas/ActivityExtension/v2">
        <Speed>2.7</Speed>
       </TPX>
      </Extensions>
     </Trackpoint>
     <Trackpoint>
      <Time>2026-08-13T11:15:30Z</Time>
      <Position>
       <LatitudeDegrees>5.2373170</LatitudeDegrees>
       <LongitudeDegrees>100.4365130</LongitudeDegrees>
      </Position>
      <AltitudeMeters>5.7</AltitudeMeters>
      <DistanceMeters>1956.9</DistanceMeters>
      <HeartRateBpm>
       <Value>153</Value>
      </HeartRateBpm>
      <Extensions>
       <TPX xmlns="http://www.garmin.com/xmlschemas/ActivityExtension/v2">
        <Speed>2.6</Speed>
       </TPX>
      </Extensions>
     </Trackpoint>
     <Trackpoint>
      <Time>2026-08-13T11:15:31Z</Time>
      <Position>
       <LatitudeDegrees>5.2373200</LatitudeDegrees>
       <LongitudeDegrees>100.4365340</LongitudeDegrees>
      </Position>
      <AltitudeMeters>5.7</AltitudeMeters>
      <DistanceMeters>1959.3</DistanceMeters>
      <HeartRateBpm>
       <Value>153</Value>
      </HeartRateBpm>
      <Extensions>
       <TPX xmlns="http://www.garmin.com/xmlschemas/ActivityExtension/v2">
        <Speed>2.5</Speed>
       </TPX>
      </Extensions>
     </Trackpoint>
     <Trackpoint>
      <Time>2026-08-13T11:15:32Z</Time>
      <Position>
       <LatitudeDegrees>5.2373220</LatitudeDegrees>
       <LongitudeDegrees>100.4365560</LongitudeDegrees>
      </Position>
      <AltitudeMeters>5.7</AltitudeMeters>
      <DistanceMeters>1961.7</DistanceMeters>
      <HeartRateBpm>
       <Value>154</Value>
      </HeartRateBpm>
      <Extensions>
       <TPX xmlns="http://www.garmin.com/xmlschemas/ActivityExtension/v2">
        <Speed>2.5</Speed>
       </TPX>
      </Extensions>
     </Trackpoint>
     <Trackpoint>
      <Time>2026-08-13T11:15:33Z</Time>
      <Position>
       <LatitudeDegrees>5.2373260</LatitudeDegrees>
       <LongitudeDegrees>100.4365770</LongitudeDegrees>
      </Position>
      <AltitudeMeters>5.7</AltitudeMeters>
      <DistanceMeters>1964.1</DistanceMeters>
      <HeartRateBpm>
       <Value>154</Value>
      </HeartRateBpm>
      <Extensions>
       <TPX xmlns="http://www.garmin.com/xmlschemas/ActivityExtension/v2">
        <Speed>2.5</Speed>
       </TPX>
      </Extensions>
     </Trackpoint>
     <Trackpoint>
      <Time>2026-08-13T11:15:34Z</Time>
      <Position>
       <LatitudeDegrees>5.2373290</LatitudeDegrees>
       <LongitudeDegrees>100.4366000</LongitudeDegrees>
      </Position>
      <AltitudeMeters>5.7</AltitudeMeters>
      <DistanceMeters>1966.7</DistanceMeters>
      <HeartRateBpm>
       <Value>154</Value>
      </HeartRateBpm>
      <Extensions>
       <TPX xmlns="http://www.garmin.com/xmlschemas/ActivityExtension/v2">
        <Speed>2.5</Speed>
       </TPX>
      </Extensions>
     </Trackpoint>
     <Trackpoint>
      <Time>2026-08-13T11:15:35Z</Time>
      <Position>
       <LatitudeDegrees>5.2373310</LatitudeDegrees>
       <LongitudeDegrees>100.4366220</LongitudeDegrees>
      </Position>
      <AltitudeMeters>5.7</AltitudeMeters>
      <DistanceMeters>1969.2</DistanceMeters>
      <HeartRateBpm>
       <Value>154</Value>
      </HeartRateBpm>
      <Extensions>
       <TPX xmlns="http://www.garmin.com/xmlschemas/ActivityExtension/v2">
        <Speed>2.5</Speed>
       </TPX>
      </Extensions>
     </Trackpoint>
     <Trackpoint>
      <Time>2026-08-13T11:15:36Z</Time>
      <Position>
       <LatitudeDegrees>5.2373310</LatitudeDegrees>
       <LongitudeDegrees>100.4366450</LongitudeDegrees>
      </Position>
      <AltitudeMeters>5.7</AltitudeMeters>
      <DistanceMeters>1971.7</DistanceMeters>
      <HeartRateBpm>
       <Value>153</Value>
      </HeartRateBpm>
      <Extensions>
       <TPX xmlns="http://www.garmin.com/xmlschemas/ActivityExtension/v2">
        <Speed>2.5</Speed>
       </TPX>
      </Extensions>
     </Trackpoint>
     <Trackpoint>
      <Time>2026-08-13T11:15:37Z</Time>
      <Position>
       <LatitudeDegrees>5.2373300</LatitudeDegrees>
       <LongitudeDegrees>100.4366670</LongitudeDegrees>
      </Position>
      <AltitudeMeters>5.7</AltitudeMeters>
      <DistanceMeters>1974.1</DistanceMeters>
      <HeartRateBpm>
       <Value>153</Value>
      </HeartRateBpm>
      <Extensions>
       <TPX xmlns="http://www.garmin.com/xmlschemas/ActivityExtension/v2">
        <Speed>2.5</Speed>
       </TPX>
      </Extensions>
     </Trackpoint>
     <Trackpoint>
      <Time>2026-08-13T11:15:38Z</Time>
      <Position>
       <LatitudeDegrees>5.2373290</LatitudeDegrees>
       <LongitudeDegrees>100.4366890</LongitudeDegrees>
      </Position>
      <AltitudeMeters>5.7</AltitudeMeters>
      <DistanceMeters>1976.5</DistanceMeters>
      <HeartRateBpm>
       <Value>153</Value>
      </HeartRateBpm>
      <Extensions>
       <TPX xmlns="http://www.garmin.com/xmlschemas/ActivityExtension/v2">
        <Speed>2.5</Speed>
       </TPX>
      </Extensions>
     </Trackpoint>
     <Trackpoint>
      <Time>2026-08-13T11:15:39Z</Time>
      <Position>
       <LatitudeDegrees>5.2373320</LatitudeDegrees>
       <LongitudeDegrees>100.4367100</LongitudeDegrees>
      </Position>
      <AltitudeMeters>5.7</AltitudeMeters>
      <DistanceMeters>1978.9</DistanceMeters>
      <HeartRateBpm>
       <Value>153</Value>
      </HeartRateBpm>
      <Extensions>
       <TPX xmlns="http://www.garmin.com/xmlschemas/ActivityExtension/v2">
        <Speed>2.4</Speed>
       </TPX>
      </Extensions>
     </Trackpoint>
     <Trackpoint>
      <Time>2026-08-13T11:15:40Z</Time>
      <Position>
       <LatitudeDegrees>5.2373340</LatitudeDegrees>
       <LongitudeDegrees>100.4367310</LongitudeDegrees>
      </Position>
      <AltitudeMeters>5.8</AltitudeMeters>
      <DistanceMeters>1981.2</DistanceMeters>
      <HeartRateBpm>
       <Value>153</Value>
      </HeartRateBpm>
      <Extensions>
       <TPX xmlns="http://www.garmin.com/xmlschemas/ActivityExtension/v2">
        <Speed>2.4</Speed>
       </TPX>
      </Extensions>
     </Trackpoint>
     <Trackpoint>
      <Time>2026-08-13T11:15:41Z</Time>
      <Position>
       <LatitudeDegrees>5.2373390</LatitudeDegrees>
       <LongitudeDegrees>100.4367520</LongitudeDegrees>
      </Position>
      <AltitudeMeters>5.8</AltitudeMeters>
      <DistanceMeters>1983.6</DistanceMeters>
      <HeartRateBpm>
       <Value>154</Value>
      </HeartRateBpm>
      <Extensions>
       <TPX xmlns="http://www.garmin.com/xmlschemas/ActivityExtension/v2">
        <Speed>2.4</Speed>
       </TPX>
      </Extensions>
     </Trackpoint>
     <Trackpoint>
      <Time>2026-08-13T11:15:42Z</Time>
      <Position>
       <LatitudeDegrees>5.2373460</LatitudeDegrees>
       <LongitudeDegrees>100.4367730</LongitudeDegrees>
      </Position>
      <AltitudeMeters>5.8</AltitudeMeters>
      <DistanceMeters>1986.0</DistanceMeters>
      <HeartRateBpm>
       <Value>154</Value>
      </HeartRateBpm>
      <Extensions>
       <TPX xmlns="http://www.garmin.com/xmlschemas/ActivityExtension/v2">
        <Speed>2.4</Speed>
       </TPX>
      </Extensions>
     </Trackpoint>
     <Trackpoint>
      <Time>2026-08-13T11:15:43Z</Time>
      <Position>
       <LatitudeDegrees>5.2373560</LatitudeDegrees>
       <LongitudeDegrees>100.4367930</LongitudeDegrees>
      </Position>
      <AltitudeMeters>5.8</AltitudeMeters>
      <DistanceMeters>1988.5</DistanceMeters>
      <HeartRateBpm>
       <Value>154</Value>
      </HeartRateBpm>
      <Extensions>
       <TPX xmlns="http://www.garmin.com/xmlschemas/ActivityExtension/v2">
        <Speed>2.4</Speed>
       </TPX>
      </Extensions>
     </Trackpoint>
     <Trackpoint>
      <Time>2026-08-13T11:15:44Z</Time>
      <Position>
       <LatitudeDegrees>5.2373650</LatitudeDegrees>
       <LongitudeDegrees>100.4368110</LongitudeDegrees>
      </Position>
      <AltitudeMeters>5.8</AltitudeMeters>
      <DistanceMeters>1990.7</DistanceMeters>
      <HeartRateBpm>
       <Value>154</Value>
      </HeartRateBpm>
      <Extensions>
       <TPX xmlns="http://www.garmin.com/xmlschemas/ActivityExtension/v2">
        <Speed>2.4</Speed>
       </TPX>
      </Extensions>
     </Trackpoint>
     <Trackpoint>
      <Time>2026-08-13T11:15:45Z</Time>
      <Position>
       <LatitudeDegrees>5.2373740</LatitudeDegrees>
       <LongitudeDegrees>100.4368320</LongitudeDegrees>
      </Position>
      <AltitudeMeters>5.8</AltitudeMeters>
      <DistanceMeters>1993.3</DistanceMeters>
      <HeartRateBpm>
       <Value>153</Value>
      </HeartRateBpm>
      <Extensions>
       <TPX xmlns="http://www.garmin.com/xmlschemas/ActivityExtension/v2">
        <Speed>2.4</Speed>
       </TPX>
      </Extensions>
     </Trackpoint>
     <Trackpoint>
      <Time>2026-08-13T11:15:46Z</Time>
      <Position>
       <LatitudeDegrees>5.2373810</LatitudeDegrees>
       <LongitudeDegrees>100.4368530</LongitudeDegrees>
      </Position>
      <AltitudeMeters>5.8</AltitudeMeters>
      <DistanceMeters>1995.7</DistanceMeters>
      <HeartRateBpm>
       <Value>153</Value>
      </HeartRateBpm>
      <Extensions>
       <TPX xmlns="http://www.garmin.com/xmlschemas/ActivityExtension/v2">
        <Speed>2.4</Speed>
       </TPX>
      </Extensions>
     </Trackpoint>
     <Trackpoint>
      <Time>2026-08-13T11:15:47Z</Time>
      <Position>
       <LatitudeDegrees>5.2373860</LatitudeDegrees>
       <LongitudeDegrees>100.4368750</LongitudeDegrees>
      </Position>
      <AltitudeMeters>5.8</AltitudeMeters>
      <DistanceMeters>1998.2</DistanceMeters>
      <HeartRateBpm>
       <Value>153</Value>
      </HeartRateBpm>
      <Extensions>
       <TPX xmlns="http://www.garmin.com/xmlschemas/ActivityExtension/v2">
        <Speed>2.4</Speed>
       </TPX>
      </Extensions>
     </Trackpoint>
     <Trackpoint>
      <Time>2026-08-13T11:15:48Z</Time>
      <Position>
       <LatitudeDegrees>5.2373930</LatitudeDegrees>
       <LongitudeDegrees>100.4368970</LongitudeDegrees>
      </Position>
      <AltitudeMeters>5.8</AltitudeMeters>
      <DistanceMeters>2000.7</DistanceMeters>
      <HeartRateBpm>
       <Value>154</Value>
      </HeartRateBpm>
      <Extensions>
       <TPX xmlns="http://www.garmin.com/xmlschemas/ActivityExtension/v2">
        <Speed>2.4</Speed>
       </TPX>
      </Extensions>
     </Trackpoint>
     <Trackpoint>
      <Time>2026-08-13T11:15:49Z</Time>
      <Position>
       <LatitudeDegrees>5.2373960</LatitudeDegrees>
       <LongitudeDegrees>100.4369200</LongitudeDegrees>
      </Position>
      <AltitudeMeters>5.8</AltitudeMeters>
      <DistanceMeters>2003.3</DistanceMeters>
      <HeartRateBpm>
       <Value>154</Value>
      </HeartRateBpm>
      <Extensions>
       <TPX xmlns="http://www.garmin.com/xmlschemas/ActivityExtension/v2">
        <Speed>2.5</Speed>
       </TPX>
      </Extensions>
     </Trackpoint>
     <Trackpoint>
      <Time>2026-08-13T11:15:50Z</Time>
      <Position>
       <LatitudeDegrees>5.2373960</LatitudeDegrees>
       <LongitudeDegrees>100.4369410</LongitudeDegrees>
      </Position>
      <AltitudeMeters>5.8</AltitudeMeters>
      <DistanceMeters>2005.6</DistanceMeters>
      <HeartRateBpm>
       <Value>154</Value>
      </HeartRateBpm>
      <Extensions>
       <TPX xmlns="http://www.garmin.com/xmlschemas/ActivityExtension/v2">
        <Speed>2.5</Speed>
       </TPX>
      </Extensions>
     </Trackpoint>
     <Trackpoint>
      <Time>2026-08-13T11:15:51Z</Time>
      <Position>
       <LatitudeDegrees>5.2374040</LatitudeDegrees>
       <LongitudeDegrees>100.4369640</LongitudeDegrees>
      </Position>
      <AltitudeMeters>5.8</AltitudeMeters>
      <DistanceMeters>2008.3</DistanceMeters>
      <HeartRateBpm>
       <Value>154</Value>
      </HeartRateBpm>
      <Extensions>
       <TPX xmlns="http://www.garmin.com/xmlschemas/ActivityExtension/v2">
        <Speed>2.5</Speed>
       </TPX>
      </Extensions>
     </Trackpoint>
     <Trackpoint>
      <Time>2026-08-13T11:15:52Z</Time>
      <Position>
       <LatitudeDegrees>5.2374130</LatitudeDegrees>
       <LongitudeDegrees>100.4369860</LongitudeDegrees>
      </Position>
      <AltitudeMeters>5.8</AltitudeMeters>
      <DistanceMeters>2010.9</DistanceMeters>
      <HeartRateBpm>
       <Value>154</Value>
      </HeartRateBpm>
      <Extensions>
       <TPX xmlns="http://www.garmin.com/xmlschemas/ActivityExtension/v2">
        <Speed>2.5</Speed>
       </TPX>
      </Extensions>
     </Trackpoint>
     <Trackpoint>
      <Time>2026-08-13T11:15:53Z</Time>
      <Position>
       <LatitudeDegrees>5.2374220</LatitudeDegrees>
       <LongitudeDegrees>100.4370090</LongitudeDegrees>
      </Position>
      <AltitudeMeters>5.8</AltitudeMeters>
      <DistanceMeters>2013.6</DistanceMeters>
      <HeartRateBpm>
       <Value>154</Value>
      </HeartRateBpm>
      <Extensions>
       <TPX xmlns="http://www.garmin.com/xmlschemas/ActivityExtension/v2">
        <Speed>2.6</Speed>
       </TPX>
      </Extensions>
     </Trackpoint>
     <Trackpoint>
      <Time>2026-08-13T11:15:54Z</Time>
      <Position>
       <LatitudeDegrees>5.2374300</LatitudeDegrees>
       <LongitudeDegrees>100.4370300</LongitudeDegrees>
      </Position>
      <AltitudeMeters>5.8</AltitudeMeters>
      <DistanceMeters>2016.1</DistanceMeters>
      <HeartRateBpm>
       <Value>153</Value>
      </HeartRateBpm>
      <Extensions>
       <TPX xmlns="http://www.garmin.com/xmlschemas/ActivityExtension/v2">
        <Speed>2.6</Speed>
       </TPX>
      </Extensions>
     </Trackpoint>
     <Trackpoint>
      <Time>2026-08-13T11:15:55Z</Time>
      <Position>
       <LatitudeDegrees>5.2374390</LatitudeDegrees>
       <LongitudeDegrees>100.4370510</LongitudeDegrees>
      </Position>
      <AltitudeMeters>5.8</AltitudeMeters>
      <DistanceMeters>2018.6</DistanceMeters>
      <HeartRateBpm>
       <Value>153</Value>
      </HeartRateBpm>
      <Extensions>
       <TPX xmlns="http://www.garmin.com/xmlschemas/ActivityExtension/v2">
        <Speed>2.6</Speed>
       </TPX>
      </Extensions>
     </Trackpoint>
     <Trackpoint>
      <Time>2026-08-13T11:15:56Z</Time>
      <Position>
       <LatitudeDegrees>5.2374450</LatitudeDegrees>
       <LongitudeDegrees>100.4370710</LongitudeDegrees>
      </Position>
      <AltitudeMeters>5.8</AltitudeMeters>
      <DistanceMeters>2020.9</DistanceMeters>
      <HeartRateBpm>
       <Value>153</Value>
      </HeartRateBpm>
      <Extensions>
       <TPX xmlns="http://www.garmin.com/xmlschemas/ActivityExtension/v2">
        <Speed>2.5</Speed>
       </TPX>
      </Extensions>
     </Trackpoint>
     <Trackpoint>
      <Time>2026-08-13T11:15:57Z</Time>
      <Position>
       <LatitudeDegrees>5.2374510</LatitudeDegrees>
       <LongitudeDegrees>100.4370920</LongitudeDegrees>
      </Position>
      <AltitudeMeters>5.8</AltitudeMeters>
      <DistanceMeters>2023.3</DistanceMeters>
      <HeartRateBpm>
       <Value>153</Value>
      </HeartRateBpm>
      <Extensions>
       <TPX xmlns="http://www.garmin.com/xmlschemas/ActivityExtension/v2">
        <Speed>2.5</Speed>
       </TPX>
      </Extensions>
     </Trackpoint>
     <Trackpoint>
      <Time>2026-08-13T11:15:58Z</Time>
      <Position>
       <LatitudeDegrees>5.2374550</LatitudeDegrees>
       <LongitudeDegrees>100.4371120</LongitudeDegrees>
      </Position>
      <AltitudeMeters>5.8</AltitudeMeters>
      <DistanceMeters>2025.6</DistanceMeters>
      <HeartRateBpm>
       <Value>153</Value>
      </HeartRateBpm>
      <Extensions>
       <TPX xmlns="http://www.garmin.com/xmlschemas/ActivityExtension/v2">
        <Speed>2.4</Speed>
       </TPX>
      </Extensions>
     </Trackpoint>
     <Trackpoint>
      <Time>2026-08-13T11:15:59Z</Time>
      <Position>
       <LatitudeDegrees>5.2374580</LatitudeDegrees>
       <LongitudeDegrees>100.4371340</LongitudeDegrees>
      </Position>
      <AltitudeMeters>5.8</AltitudeMeters>
      <DistanceMeters>2028.1</DistanceMeters>
      <HeartRateBpm>
       <Value>153</Value>
      </HeartRateBpm>
      <Extensions>
       <TPX xmlns="http://www.garmin.com/xmlschemas/ActivityExtension/v2">
        <Speed>2.4</Speed>
       </TPX>
      </Extensions>
     </Trackpoint>
     <Trackpoint>
      <Time>2026-08-13T11:16:00Z</Time>
      <Position>
       <LatitudeDegrees>5.2374620</LatitudeDegrees>
       <LongitudeDegrees>100.4371560</LongitudeDegrees>
      </Position>
      <AltitudeMeters>5.9</AltitudeMeters>
      <DistanceMeters>2030.6</DistanceMeters>
      <HeartRateBpm>
       <Value>153</Value>
      </HeartRateBpm>
      <Extensions>
       <TPX xmlns="http://www.garmin.com/xmlschemas/ActivityExtension/v2">
        <Speed>2.4</Speed>
       </TPX>
      </Extensions>
     </Trackpoint>
     <Trackpoint>
      <Time>2026-08-13T11:16:01Z</Time>
      <Position>
       <LatitudeDegrees>5.2374680</LatitudeDegrees>
       <LongitudeDegrees>100.4371770</LongitudeDegrees>
      </Position>
      <AltitudeMeters>5.9</AltitudeMeters>
      <DistanceMeters>2033.0</DistanceMeters>
      <HeartRateBpm>
       <Value>153</Value>
      </HeartRateBpm>
      <Extensions>
       <TPX xmlns="http://www.garmin.com/xmlschemas/ActivityExtension/v2">
        <Speed>2.4</Speed>
       </TPX>
      </Extensions>
     </Trackpoint>
     <Trackpoint>
      <Time>2026-08-13T11:16:02Z</Time>
      <Position>
       <LatitudeDegrees>5.2374760</LatitudeDegrees>
       <LongitudeDegrees>100.4371980</LongitudeDegrees>
      </Position>
      <AltitudeMeters>5.9</AltitudeMeters>
      <DistanceMeters>2035.5</DistanceMeters>
      <HeartRateBpm>
       <Value>152</Value>
      </HeartRateBpm>
      <Extensions>
       <TPX xmlns="http://www.garmin.com/xmlschemas/ActivityExtension/v2">
        <Speed>2.4</Speed>
       </TPX>
      </Extensions>
     </Trackpoint>
     <Trackpoint>
      <Time>2026-08-13T11:16:03Z</Time>
      <Position>
       <LatitudeDegrees>5.2374830</LatitudeDegrees>
       <LongitudeDegrees>100.4372200</LongitudeDegrees>
      </Position>
      <AltitudeMeters>5.9</AltitudeMeters>
      <DistanceMeters>2038.1</DistanceMeters>
      <HeartRateBpm>
       <Value>152</Value>
      </HeartRateBpm>
      <Extensions>
       <TPX xmlns="http://www.garmin.com/xmlschemas/ActivityExtension/v2">
        <Speed>2.5</Speed>
       </TPX>
      </Extensions>
     </Trackpoint>
     <Trackpoint>
      <Time>2026-08-13T11:16:04Z</Time>
      <Position>
       <LatitudeDegrees>5.2374890</LatitudeDegrees>
       <LongitudeDegrees>100.4372410</LongitudeDegrees>
      </Position>
      <AltitudeMeters>5.9</AltitudeMeters>
      <DistanceMeters>2040.5</DistanceMeters>
      <HeartRateBpm>
       <Value>153</Value>
      </HeartRateBpm>
      <Extensions>
       <TPX xmlns="http://www.garmin.com/xmlschemas/ActivityExtension/v2">
        <Speed>2.5</Speed>
       </TPX>
      </Extensions>
     </Trackpoint>
     <Trackpoint>
      <Time>2026-08-13T11:16:05Z</Time>
      <Position>
       <LatitudeDegrees>5.2374930</LatitudeDegrees>
       <LongitudeDegrees>100.4372640</LongitudeDegrees>
      </Position>
      <AltitudeMeters>5.9</AltitudeMeters>
      <DistanceMeters>2043.1</DistanceMeters>
      <HeartRateBpm>
       <Value>153</Value>
      </HeartRateBpm>
      <Extensions>
       <TPX xmlns="http://www.garmin.com/xmlschemas/ActivityExtension/v2">
        <Speed>2.5</Speed>
       </TPX>
      </Extensions>
     </Trackpoint>
     <Trackpoint>
      <Time>2026-08-13T11:16:06Z</Time>
      <Position>
       <LatitudeDegrees>5.2374970</LatitudeDegrees>
       <LongitudeDegrees>100.4372860</LongitudeDegrees>
      </Position>
      <AltitudeMeters>5.9</AltitudeMeters>
      <DistanceMeters>2045.5</DistanceMeters>
      <HeartRateBpm>
       <Value>153</Value>
      </HeartRateBpm>
      <Extensions>
       <TPX xmlns="http://www.garmin.com/xmlschemas/ActivityExtension/v2">
        <Speed>2.5</Speed>
       </TPX>
      </Extensions>
     </Trackpoint>
     <Trackpoint>
      <Time>2026-08-13T11:16:07Z</Time>
      <Position>
       <LatitudeDegrees>5.2375030</LatitudeDegrees>
       <LongitudeDegrees>100.4373050</LongitudeDegrees>
      </Position>
      <AltitudeMeters>5.9</AltitudeMeters>
      <DistanceMeters>2047.7</DistanceMeters>
      <HeartRateBpm>
       <Value>152</Value>
      </HeartRateBpm>
      <Extensions>
       <TPX xmlns="http://www.garmin.com/xmlschemas/ActivityExtension/v2">
        <Speed>2.4</Speed>
       </TPX>
      </Extensions>
     </Trackpoint>
     <Trackpoint>
      <Time>2026-08-13T11:16:08Z</Time>
      <Position>
       <LatitudeDegrees>5.2375070</LatitudeDegrees>
       <LongitudeDegrees>100.4373130</LongitudeDegrees>
      </Position>
      <AltitudeMeters>5.9</AltitudeMeters>
      <DistanceMeters>2048.7</DistanceMeters>
      <HeartRateBpm>
       <Value>152</Value>
      </HeartRateBpm>
      <Extensions>
       <TPX xmlns="http://www.garmin.com/xmlschemas/ActivityExtension/v2">
        <Speed>2.1</Speed>
       </TPX>
      </Extensions>
     </Trackpoint>
     <Trackpoint>
      <Time>2026-08-13T11:16:09Z</Time>
      <Position>
       <LatitudeDegrees>5.2375200</LatitudeDegrees>
       <LongitudeDegrees>100.4373410</LongitudeDegrees>
      </Position>
      <AltitudeMeters>5.9</AltitudeMeters>
      <DistanceMeters>2052.1</DistanceMeters>
      <HeartRateBpm>
       <Value>152</Value>
      </HeartRateBpm>
      <Extensions>
       <TPX xmlns="http://www.garmin.com/xmlschemas/ActivityExtension/v2">
        <Speed>2.3</Speed>
       </TPX>
      </Extensions>
     </Trackpoint>
     <Trackpoint>
      <Time>2026-08-13T11:16:10Z</Time>
      <Position>
       <LatitudeDegrees>5.2375270</LatitudeDegrees>
       <LongitudeDegrees>100.4373640</LongitudeDegrees>
      </Position>
      <AltitudeMeters>5.9</AltitudeMeters>
      <DistanceMeters>2054.7</DistanceMeters>
      <HeartRateBpm>
       <Value>153</Value>
      </HeartRateBpm>
      <Extensions>
       <TPX xmlns="http://www.garmin.com/xmlschemas/ActivityExtension/v2">
        <Speed>2.3</Speed>
       </TPX>
      </Extensions>
     </Trackpoint>
     <Trackpoint>
      <Time>2026-08-13T11:16:11Z</Time>
      <Position>
       <LatitudeDegrees>5.2375370</LatitudeDegrees>
       <LongitudeDegrees>100.4373870</LongitudeDegrees>
      </Position>
      <AltitudeMeters>5.9</AltitudeMeters>
      <DistanceMeters>2057.5</DistanceMeters>
      <HeartRateBpm>
       <Value>153</Value>
      </HeartRateBpm>
      <Extensions>
       <TPX xmlns="http://www.garmin.com/xmlschemas/ActivityExtension/v2">
        <Speed>2.4</Speed>
       </TPX>
      </Extensions>
     </Trackpoint>
     <Trackpoint>
      <Time>2026-08-13T11:16:12Z</Time>
      <Position>
       <LatitudeDegrees>5.2375530</LatitudeDegrees>
       <LongitudeDegrees>100.4374070</LongitudeDegrees>
      </Position>
      <AltitudeMeters>5.9</AltitudeMeters>
      <DistanceMeters>2060.3</DistanceMeters>
      <HeartRateBpm>
       <Value>154</Value>
      </HeartRateBpm>
      <Extensions>
       <TPX xmlns="http://www.garmin.com/xmlschemas/ActivityExtension/v2">
        <Speed>2.5</Speed>
       </TPX>
      </Extensions>
     </Trackpoint>
     <Trackpoint>
      <Time>2026-08-13T11:16:13Z</Time>
      <Position>
       <LatitudeDegrees>5.2375650</LatitudeDegrees>
       <LongitudeDegrees>100.4374270</LongitudeDegrees>
      </Position>
      <AltitudeMeters>5.9</AltitudeMeters>
      <DistanceMeters>2062.9</DistanceMeters>
      <HeartRateBpm>
       <Value>153</Value>
      </HeartRateBpm>
      <Extensions>
       <TPX xmlns="http://www.garmin.com/xmlschemas/ActivityExtension/v2">
        <Speed>2.8</Speed>
       </TPX>
      </Extensions>
     </Trackpoint>
     <Trackpoint>
      <Time>2026-08-13T11:16:14Z</Time>
      <Position>
       <LatitudeDegrees>5.2375750</LatitudeDegrees>
       <LongitudeDegrees>100.4374470</LongitudeDegrees>
      </Position>
      <AltitudeMeters>5.9</AltitudeMeters>
      <DistanceMeters>2065.4</DistanceMeters>
      <HeartRateBpm>
       <Value>152</Value>
      </HeartRateBpm>
      <Extensions>
       <TPX xmlns="http://www.garmin.com/xmlschemas/ActivityExtension/v2">
        <Speed>2.7</Speed>
       </TPX>
      </Extensions>
     </Trackpoint>
     <Trackpoint>
      <Time>2026-08-13T11:16:15Z</Time>
      <Position>
       <LatitudeDegrees>5.2375860</LatitudeDegrees>
       <LongitudeDegrees>100.4374650</LongitudeDegrees>
      </Position>
      <AltitudeMeters>5.9</AltitudeMeters>
      <DistanceMeters>2067.7</DistanceMeters>
      <HeartRateBpm>
       <Value>152</Value>
      </HeartRateBpm>
      <Extensions>
       <TPX xmlns="http://www.garmin.com/xmlschemas/ActivityExtension/v2">
        <Speed>2.6</Speed>
       </TPX>
      </Extensions>
     </Trackpoint>
     <Trackpoint>
      <Time>2026-08-13T11:16:16Z</Time>
      <Position>
       <LatitudeDegrees>5.2375990</LatitudeDegrees>
       <LongitudeDegrees>100.4374840</LongitudeDegrees>
      </Position>
      <AltitudeMeters>5.9</AltitudeMeters>
      <DistanceMeters>2070.3</DistanceMeters>
      <HeartRateBpm>
       <Value>152</Value>
      </HeartRateBpm>
      <Extensions>
       <TPX xmlns="http://www.garmin.com/xmlschemas/ActivityExtension/v2">
        <Speed>2.6</Speed>
       </TPX>
      </Extensions>
     </Trackpoint>
     <Trackpoint>
      <Time>2026-08-13T11:16:17Z</Time>
      <Position>
       <LatitudeDegrees>5.2376070</LatitudeDegrees>
       <LongitudeDegrees>100.4375040</LongitudeDegrees>
      </Position>
      <AltitudeMeters>5.9</AltitudeMeters>
      <DistanceMeters>2072.7</DistanceMeters>
      <HeartRateBpm>
       <Value>153</Value>
      </HeartRateBpm>
      <Extensions>
       <TPX xmlns="http://www.garmin.com/xmlschemas/ActivityExtension/v2">
        <Speed>2.5</Speed>
       </TPX>
      </Extensions>
     </Trackpoint>
     <Trackpoint>
      <Time>2026-08-13T11:16:18Z</Time>
      <Position>
       <LatitudeDegrees>5.2376150</LatitudeDegrees>
       <LongitudeDegrees>100.4375260</LongitudeDegrees>
      </Position>
      <AltitudeMeters>5.9</AltitudeMeters>
      <DistanceMeters>2075.2</DistanceMeters>
      <HeartRateBpm>
       <Value>153</Value>
      </HeartRateBpm>
      <Extensions>
       <TPX xmlns="http://www.garmin.com/xmlschemas/ActivityExtension/v2">
        <Speed>2.5</Speed>
       </TPX>
      </Extensions>
     </Trackpoint>
     <Trackpoint>
      <Time>2026-08-13T11:16:19Z</Time>
      <Position>
       <LatitudeDegrees>5.2376200</LatitudeDegrees>
       <LongitudeDegrees>100.4375480</LongitudeDegrees>
      </Position>
      <AltitudeMeters>5.9</AltitudeMeters>
      <DistanceMeters>2077.7</DistanceMeters>
      <HeartRateBpm>
       <Value>153</Value>
      </HeartRateBpm>
      <Extensions>
       <TPX xmlns="http://www.garmin.com/xmlschemas/ActivityExtension/v2">
        <Speed>2.5</Speed>
       </TPX>
      </Extensions>
     </Trackpoint>
     <Trackpoint>
      <Time>2026-08-13T11:16:20Z</Time>
      <Position>
       <LatitudeDegrees>5.2376250</LatitudeDegrees>
       <LongitudeDegrees>100.4375690</LongitudeDegrees>
      </Position>
      <AltitudeMeters>5.9</AltitudeMeters>
      <DistanceMeters>2080.1</DistanceMeters>
      <HeartRateBpm>
       <Value>153</Value>
      </HeartRateBpm>
      <Extensions>
       <TPX xmlns="http://www.garmin.com/xmlschemas/ActivityExtension/v2">
        <Speed>2.5</Speed>
       </TPX>
      </Extensions>
     </Trackpoint>
     <Trackpoint>
      <Time>2026-08-13T11:16:21Z</Time>
      <Position>
       <LatitudeDegrees>5.2376300</LatitudeDegrees>
       <LongitudeDegrees>100.4375910</LongitudeDegrees>
      </Position>
      <AltitudeMeters>5.9</AltitudeMeters>
      <DistanceMeters>2082.7</DistanceMeters>
      <HeartRateBpm>
       <Value>152</Value>
      </HeartRateBpm>
      <Extensions>
       <TPX xmlns="http://www.garmin.com/xmlschemas/ActivityExtension/v2">
        <Speed>2.5</Speed>
       </TPX>
      </Extensions>
     </Trackpoint>
     <Trackpoint>
      <Time>2026-08-13T11:16:22Z</Time>
      <Position>
       <LatitudeDegrees>5.2376360</LatitudeDegrees>
       <LongitudeDegrees>100.4376120</LongitudeDegrees>
      </Position>
      <AltitudeMeters>5.9</AltitudeMeters>
      <DistanceMeters>2085.1</DistanceMeters>
      <HeartRateBpm>
       <Value>153</Value>
      </HeartRateBpm>
      <Extensions>
       <TPX xmlns="http://www.garmin.com/xmlschemas/ActivityExtension/v2">
        <Speed>2.5</Speed>
       </TPX>
      </Extensions>
     </Trackpoint>
     <Trackpoint>
      <Time>2026-08-13T11:16:23Z</Time>
      <Position>
       <LatitudeDegrees>5.2376440</LatitudeDegrees>
       <LongitudeDegrees>100.4376350</LongitudeDegrees>
      </Position>
      <AltitudeMeters>5.9</AltitudeMeters>
      <DistanceMeters>2087.8</DistanceMeters>
      <HeartRateBpm>
       <Value>153</Value>
      </HeartRateBpm>
      <Extensions>
       <TPX xmlns="http://www.garmin.com/xmlschemas/ActivityExtension/v2">
        <Speed>2.5</Speed>
       </TPX>
      </Extensions>
     </Trackpoint>
     <Trackpoint>
      <Time>2026-08-13T11:16:24Z</Time>
      <Position>
       <LatitudeDegrees>5.2376520</LatitudeDegrees>
       <LongitudeDegrees>100.4376550</LongitudeDegrees>
      </Position>
      <AltitudeMeters>5.9</AltitudeMeters>
      <DistanceMeters>2090.2</DistanceMeters>
      <HeartRateBpm>
       <Value>153</Value>
      </HeartRateBpm>
      <Extensions>
       <TPX xmlns="http://www.garmin.com/xmlschemas/ActivityExtension/v2">
        <Speed>2.5</Speed>
       </TPX>
      </Extensions>
     </Trackpoint>
     <Trackpoint>
      <Time>2026-08-13T11:16:25Z</Time>
      <Position>
       <LatitudeDegrees>5.2376620</LatitudeDegrees>
       <LongitudeDegrees>100.4376740</LongitudeDegrees>
      </Position>
      <AltitudeMeters>5.9</AltitudeMeters>
      <DistanceMeters>2092.5</DistanceMeters>
      <HeartRateBpm>
       <Value>153</Value>
      </HeartRateBpm>
      <Extensions>
       <TPX xmlns="http://www.garmin.com/xmlschemas/ActivityExtension/v2">
        <Speed>2.5</Speed>
       </TPX>
      </Extensions>
     </Trackpoint>
     <Trackpoint>
      <Time>2026-08-13T11:16:26Z</Time>
      <Position>
       <LatitudeDegrees>5.2376720</LatitudeDegrees>
       <LongitudeDegrees>100.4376970</LongitudeDegrees>
      </Position>
      <AltitudeMeters>5.9</AltitudeMeters>
      <DistanceMeters>2095.3</DistanceMeters>
      <HeartRateBpm>
       <Value>153</Value>
      </HeartRateBpm>
      <Extensions>
       <TPX xmlns="http://www.garmin.com/xmlschemas/ActivityExtension/v2">
        <Speed>2.5</Speed>
       </TPX>
      </Extensions>
     </Trackpoint>
     <Trackpoint>
      <Time>2026-08-13T11:16:27Z</Time>
      <Position>
       <LatitudeDegrees>5.2376760</LatitudeDegrees>
       <LongitudeDegrees>100.4377190</LongitudeDegrees>
      </Position>
      <AltitudeMeters>5.9</AltitudeMeters>
      <DistanceMeters>2097.8</DistanceMeters>
      <HeartRateBpm>
       <Value>153</Value>
      </HeartRateBpm>
      <Extensions>
       <TPX xmlns="http://www.garmin.com/xmlschemas/ActivityExtension/v2">
        <Speed>2.5</Speed>
       </TPX>
      </Extensions>
     </Trackpoint>
     <Trackpoint>
      <Time>2026-08-13T11:16:28Z</Time>
      <Position>
       <LatitudeDegrees>5.2376800</LatitudeDegrees>
       <LongitudeDegrees>100.4377420</LongitudeDegrees>
      </Position>
      <AltitudeMeters>5.9</AltitudeMeters>
      <DistanceMeters>2100.4</DistanceMeters>
      <HeartRateBpm>
       <Value>154</Value>
      </HeartRateBpm>
      <Extensions>
       <TPX xmlns="http://www.garmin.com/xmlschemas/ActivityExtension/v2">
        <Speed>2.5</Speed>
       </TPX>
      </Extensions>
     </Trackpoint>
     <Trackpoint>
      <Time>2026-08-13T11:16:29Z</Time>
      <Position>
       <LatitudeDegrees>5.2376810</LatitudeDegrees>
       <LongitudeDegrees>100.4377660</LongitudeDegrees>
      </Position>
      <AltitudeMeters>5.9</AltitudeMeters>
      <DistanceMeters>2103.0</DistanceMeters>
      <HeartRateBpm>
       <Value>154</Value>
      </HeartRateBpm>
      <Extensions>
       <TPX xmlns="http://www.garmin.com/xmlschemas/ActivityExtension/v2">
        <Speed>2.6</Speed>
       </TPX>
      </Extensions>
     </Trackpoint>
     <Trackpoint>
      <Time>2026-08-13T11:16:30Z</Time>
      <Position>
       <LatitudeDegrees>5.2376830</LatitudeDegrees>
       <LongitudeDegrees>100.4377910</LongitudeDegrees>
      </Position>
      <AltitudeMeters>5.9</AltitudeMeters>
      <DistanceMeters>2105.8</DistanceMeters>
      <HeartRateBpm>
       <Value>153</Value>
      </HeartRateBpm>
      <Extensions>
       <TPX xmlns="http://www.garmin.com/xmlschemas/ActivityExtension/v2">
        <Speed>2.7</Speed>
       </TPX>
      </Extensions>
     </Trackpoint>
     <Trackpoint>
      <Time>2026-08-13T11:16:31Z</Time>
      <Position>
       <LatitudeDegrees>5.2376870</LatitudeDegrees>
       <LongitudeDegrees>100.4378140</LongitudeDegrees>
      </Position>
      <AltitudeMeters>5.9</AltitudeMeters>
      <DistanceMeters>2108.4</DistanceMeters>
      <HeartRateBpm>
       <Value>153</Value>
      </HeartRateBpm>
      <Extensions>
       <TPX xmlns="http://www.garmin.com/xmlschemas/ActivityExtension/v2">
        <Speed>2.6</Speed>
       </TPX>
      </Extensions>
     </Trackpoint>
     <Trackpoint>
      <Time>2026-08-13T11:16:32Z</Time>
      <Position>
       <LatitudeDegrees>5.2376910</LatitudeDegrees>
       <LongitudeDegrees>100.4378380</LongitudeDegrees>
      </Position>
      <AltitudeMeters>5.9</AltitudeMeters>
      <DistanceMeters>2111.1</DistanceMeters>
      <HeartRateBpm>
       <Value>152</Value>
      </HeartRateBpm>
      <Extensions>
       <TPX xmlns="http://www.garmin.com/xmlschemas/ActivityExtension/v2">
        <Speed>2.6</Speed>
       </TPX>
      </Extensions>
     </Trackpoint>
     <Trackpoint>
      <Time>2026-08-13T11:16:33Z</Time>
      <Position>
       <LatitudeDegrees>5.2376950</LatitudeDegrees>
       <LongitudeDegrees>100.4378620</LongitudeDegrees>
      </Position>
      <AltitudeMeters>5.9</AltitudeMeters>
      <DistanceMeters>2113.7</DistanceMeters>
      <HeartRateBpm>
       <Value>153</Value>
      </HeartRateBpm>
      <Extensions>
       <TPX xmlns="http://www.garmin.com/xmlschemas/ActivityExtension/v2">
        <Speed>2.7</Speed>
       </TPX>
      </Extensions>
     </Trackpoint>
     <Trackpoint>
      <Time>2026-08-13T11:16:34Z</Time>
      <Position>
       <LatitudeDegrees>5.2377010</LatitudeDegrees>
       <LongitudeDegrees>100.4378850</LongitudeDegrees>
      </Position>
      <AltitudeMeters>5.9</AltitudeMeters>
      <DistanceMeters>2116.4</DistanceMeters>
      <HeartRateBpm>
       <Value>153</Value>
      </HeartRateBpm>
      <Extensions>
       <TPX xmlns="http://www.garmin.com/xmlschemas/ActivityExtension/v2">
        <Speed>2.7</Speed>
       </TPX>
      </Extensions>
     </Trackpoint>
     <Trackpoint>
      <Time>2026-08-13T11:16:35Z</Time>
      <Position>
       <LatitudeDegrees>5.2377060</LatitudeDegrees>
       <LongitudeDegrees>100.4379100</LongitudeDegrees>
      </Position>
      <AltitudeMeters>5.9</AltitudeMeters>
      <DistanceMeters>2119.2</DistanceMeters>
      <HeartRateBpm>
       <Value>153</Value>
      </HeartRateBpm>
      <Extensions>
       <TPX xmlns="http://www.garmin.com/xmlschemas/ActivityExtension/v2">
        <Speed>2.7</Speed>
       </TPX>
      </Extensions>
     </Trackpoint>
     <Trackpoint>
      <Time>2026-08-13T11:16:36Z</Time>
      <Position>
       <LatitudeDegrees>5.2377100</LatitudeDegrees>
       <LongitudeDegrees>100.4379340</LongitudeDegrees>
      </Position>
      <AltitudeMeters>5.9</AltitudeMeters>
      <DistanceMeters>2121.9</DistanceMeters>
      <HeartRateBpm>
       <Value>153</Value>
      </HeartRateBpm>
      <Extensions>
       <TPX xmlns="http://www.garmin.com/xmlschemas/ActivityExtension/v2">
        <Speed>2.7</Speed>
       </TPX>
      </Extensions>
     </Trackpoint>
     <Trackpoint>
      <Time>2026-08-13T11:16:37Z</Time>
      <Position>
       <LatitudeDegrees>5.2377100</LatitudeDegrees>
       <LongitudeDegrees>100.4379580</LongitudeDegrees>
      </Position>
      <AltitudeMeters>5.9</AltitudeMeters>
      <DistanceMeters>2124.5</DistanceMeters>
      <HeartRateBpm>
       <Value>153</Value>
      </HeartRateBpm>
      <Extensions>
       <TPX xmlns="http://www.garmin.com/xmlschemas/ActivityExtension/v2">
        <Speed>2.7</Speed>
       </TPX>
      </Extensions>
     </Trackpoint>
     <Trackpoint>
      <Time>2026-08-13T11:16:38Z</Time>
      <Position>
       <LatitudeDegrees>5.2377080</LatitudeDegrees>
       <LongitudeDegrees>100.4379820</LongitudeDegrees>
      </Position>
      <AltitudeMeters>5.9</AltitudeMeters>
      <DistanceMeters>2127.2</DistanceMeters>
      <HeartRateBpm>
       <Value>153</Value>
      </HeartRateBpm>
      <Extensions>
       <TPX xmlns="http://www.garmin.com/xmlschemas/ActivityExtension/v2">
        <Speed>2.7</Speed>
       </TPX>
      </Extensions>
     </Trackpoint>
     <Trackpoint>
      <Time>2026-08-13T11:16:39Z</Time>
      <Position>
       <LatitudeDegrees>5.2377090</LatitudeDegrees>
       <LongitudeDegrees>100.4380060</LongitudeDegrees>
      </Position>
      <AltitudeMeters>5.9</AltitudeMeters>
      <DistanceMeters>2129.8</DistanceMeters>
      <HeartRateBpm>
       <Value>153</Value>
      </HeartRateBpm>
      <Extensions>
       <TPX xmlns="http://www.garmin.com/xmlschemas/ActivityExtension/v2">
        <Speed>2.7</Speed>
       </TPX>
      </Extensions>
     </Trackpoint>
     <Trackpoint>
      <Time>2026-08-13T11:16:40Z</Time>
      <Position>
       <LatitudeDegrees>5.2377130</LatitudeDegrees>
       <LongitudeDegrees>100.4380300</LongitudeDegrees>
      </Position>
      <AltitudeMeters>5.9</AltitudeMeters>
      <DistanceMeters>2132.5</DistanceMeters>
      <HeartRateBpm>
       <Value>154</Value>
      </HeartRateBpm>
      <Extensions>
       <TPX xmlns="http://www.garmin.com/xmlschemas/ActivityExtension/v2">
        <Speed>2.7</Speed>
       </TPX>
      </Extensions>
     </Trackpoint>
     <Trackpoint>
      <Time>2026-08-13T11:16:41Z</Time>
      <Position>
       <LatitudeDegrees>5.2377160</LatitudeDegrees>
       <LongitudeDegrees>100.4380510</LongitudeDegrees>
      </Position>
      <AltitudeMeters>5.9</AltitudeMeters>
      <DistanceMeters>2134.9</DistanceMeters>
      <HeartRateBpm>
       <Value>154</Value>
      </HeartRateBpm>
      <Extensions>
       <TPX xmlns="http://www.garmin.com/xmlschemas/ActivityExtension/v2">
        <Speed>2.6</Speed>
       </TPX>
      </Extensions>
     </Trackpoint>
     <Trackpoint>
      <Time>2026-08-13T11:16:42Z</Time>
      <Position>
       <LatitudeDegrees>5.2377170</LatitudeDegrees>
       <LongitudeDegrees>100.4380610</LongitudeDegrees>
      </Position>
      <AltitudeMeters>5.9</AltitudeMeters>
      <DistanceMeters>2136.0</DistanceMeters>
      <HeartRateBpm>
       <Value>154</Value>
      </HeartRateBpm>
      <Extensions>
       <TPX xmlns="http://www.garmin.com/xmlschemas/ActivityExtension/v2">
        <Speed>2.3</Speed>
       </TPX>
      </Extensions>
     </Trackpoint>
     <Trackpoint>
      <Time>2026-08-13T11:16:43Z</Time>
      <Position>
       <LatitudeDegrees>5.2377240</LatitudeDegrees>
       <LongitudeDegrees>100.4380930</LongitudeDegrees>
      </Position>
      <AltitudeMeters>5.9</AltitudeMeters>
      <DistanceMeters>2139.6</DistanceMeters>
      <HeartRateBpm>
       <Value>153</Value>
      </HeartRateBpm>
      <Extensions>
       <TPX xmlns="http://www.garmin.com/xmlschemas/ActivityExtension/v2">
        <Speed>2.5</Speed>
       </TPX>
      </Extensions>
     </Trackpoint>
     <Trackpoint>
      <Time>2026-08-13T11:16:44Z</Time>
      <Position>
       <LatitudeDegrees>5.2377290</LatitudeDegrees>
       <LongitudeDegrees>100.4381190</LongitudeDegrees>
      </Position>
      <AltitudeMeters>5.9</AltitudeMeters>
      <DistanceMeters>2142.5</DistanceMeters>
      <HeartRateBpm>
       <Value>153</Value>
      </HeartRateBpm>
      <Extensions>
       <TPX xmlns="http://www.garmin.com/xmlschemas/ActivityExtension/v2">
        <Speed>2.5</Speed>
       </TPX>
      </Extensions>
     </Trackpoint>
     <Trackpoint>
      <Time>2026-08-13T11:16:45Z</Time>
      <Position>
       <LatitudeDegrees>5.2377330</LatitudeDegrees>
       <LongitudeDegrees>100.4381410</LongitudeDegrees>
      </Position>
      <AltitudeMeters>5.9</AltitudeMeters>
      <DistanceMeters>2145.0</DistanceMeters>
      <HeartRateBpm>
       <Value>153</Value>
      </HeartRateBpm>
      <Extensions>
       <TPX xmlns="http://www.garmin.com/xmlschemas/ActivityExtension/v2">
        <Speed>2.5</Speed>
       </TPX>
      </Extensions>
     </Trackpoint>
     <Trackpoint>
      <Time>2026-08-13T11:16:46Z</Time>
      <Position>
       <LatitudeDegrees>5.2377360</LatitudeDegrees>
       <LongitudeDegrees>100.4381700</LongitudeDegrees>
      </Position>
      <AltitudeMeters>5.9</AltitudeMeters>
      <DistanceMeters>2148.3</DistanceMeters>
      <HeartRateBpm>
       <Value>153</Value>
      </HeartRateBpm>
      <Extensions>
       <TPX xmlns="http://www.garmin.com/xmlschemas/ActivityExtension/v2">
        <Speed>2.7</Speed>
       </TPX>
      </Extensions>
     </Trackpoint>
     <Trackpoint>
      <Time>2026-08-13T11:16:47Z</Time>
      <Position>
       <LatitudeDegrees>5.2377380</LatitudeDegrees>
       <LongitudeDegrees>100.4381950</LongitudeDegrees>
      </Position>
      <AltitudeMeters>5.9</AltitudeMeters>
      <DistanceMeters>2151.1</DistanceMeters>
      <HeartRateBpm>
       <Value>154</Value>
      </HeartRateBpm>
      <Extensions>
       <TPX xmlns="http://www.garmin.com/xmlschemas/ActivityExtension/v2">
        <Speed>3.0</Speed>
       </TPX>
      </Extensions>
     </Trackpoint>
     <Trackpoint>
      <Time>2026-08-13T11:16:48Z</Time>
      <Position>
       <LatitudeDegrees>5.2377400</LatitudeDegrees>
       <LongitudeDegrees>100.4382190</LongitudeDegrees>
      </Position>
      <AltitudeMeters>5.9</AltitudeMeters>
      <DistanceMeters>2153.7</DistanceMeters>
      <HeartRateBpm>
       <Value>154</Value>
      </HeartRateBpm>
      <Extensions>
       <TPX xmlns="http://www.garmin.com/xmlschemas/ActivityExtension/v2">
        <Speed>2.8</Speed>
       </TPX>
      </Extensions>
     </Trackpoint>
     <Trackpoint>
      <Time>2026-08-13T11:16:49Z</Time>
      <Position>
       <LatitudeDegrees>5.2377410</LatitudeDegrees>
       <LongitudeDegrees>100.4382420</LongitudeDegrees>
      </Position>
      <AltitudeMeters>5.9</AltitudeMeters>
      <DistanceMeters>2156.2</DistanceMeters>
      <HeartRateBpm>
       <Value>154</Value>
      </HeartRateBpm>
      <Extensions>
       <TPX xmlns="http://www.garmin.com/xmlschemas/ActivityExtension/v2">
        <Speed>2.7</Speed>
       </TPX>
      </Extensions>
     </Trackpoint>
     <Trackpoint>
      <Time>2026-08-13T11:16:50Z</Time>
      <Position>
       <LatitudeDegrees>5.2377400</LatitudeDegrees>
       <LongitudeDegrees>100.4382660</LongitudeDegrees>
      </Position>
      <AltitudeMeters>5.9</AltitudeMeters>
      <DistanceMeters>2158.9</DistanceMeters>
      <HeartRateBpm>
       <Value>153</Value>
      </HeartRateBpm>
      <Extensions>
       <TPX xmlns="http://www.garmin.com/xmlschemas/ActivityExtension/v2">
        <Speed>2.8</Speed>
       </TPX>
      </Extensions>
     </Trackpoint>
     <Trackpoint>
      <Time>2026-08-13T11:16:51Z</Time>
      <Position>
       <LatitudeDegrees>5.2377420</LatitudeDegrees>
       <LongitudeDegrees>100.4382890</LongitudeDegrees>
      </Position>
      <AltitudeMeters>5.9</AltitudeMeters>
      <DistanceMeters>2161.4</DistanceMeters>
      <HeartRateBpm>
       <Value>154</Value>
      </HeartRateBpm>
      <Extensions>
       <TPX xmlns="http://www.garmin.com/xmlschemas/ActivityExtension/v2">
        <Speed>2.6</Speed>
       </TPX>
      </Extensions>
     </Trackpoint>
     <Trackpoint>
      <Time>2026-08-13T11:16:52Z</Time>
      <Position>
       <LatitudeDegrees>5.2377470</LatitudeDegrees>
       <LongitudeDegrees>100.4383130</LongitudeDegrees>
      </Position>
      <AltitudeMeters>5.9</AltitudeMeters>
      <DistanceMeters>2164.1</DistanceMeters>
      <HeartRateBpm>
       <Value>154</Value>
      </HeartRateBpm>
      <Extensions>
       <TPX xmlns="http://www.garmin.com/xmlschemas/ActivityExtension/v2">
        <Speed>2.6</Speed>
       </TPX>
      </Extensions>
     </Trackpoint>
     <Trackpoint>
      <Time>2026-08-13T11:16:53Z</Time>
      <Position>
       <LatitudeDegrees>5.2377520</LatitudeDegrees>
       <LongitudeDegrees>100.4383340</LongitudeDegrees>
      </Position>
      <AltitudeMeters>5.9</AltitudeMeters>
      <DistanceMeters>2166.5</DistanceMeters>
      <HeartRateBpm>
       <Value>154</Value>
      </HeartRateBpm>
      <Extensions>
       <TPX xmlns="http://www.garmin.com/xmlschemas/ActivityExtension/v2">
        <Speed>2.6</Speed>
       </TPX>
      </Extensions>
     </Trackpoint>
     <Trackpoint>
      <Time>2026-08-13T11:16:54Z</Time>
      <Position>
       <LatitudeDegrees>5.2377560</LatitudeDegrees>
       <LongitudeDegrees>100.4383590</LongitudeDegrees>
      </Position>
      <AltitudeMeters>5.9</AltitudeMeters>
      <DistanceMeters>2169.4</DistanceMeters>
      <HeartRateBpm>
       <Value>153</Value>
      </HeartRateBpm>
      <Extensions>
       <TPX xmlns="http://www.garmin.com/xmlschemas/ActivityExtension/v2">
        <Speed>2.6</Speed>
       </TPX>
      </Extensions>
     </Trackpoint>
     <Trackpoint>
      <Time>2026-08-13T11:16:55Z</Time>
      <Position>
       <LatitudeDegrees>5.2377610</LatitudeDegrees>
       <LongitudeDegrees>100.4383820</LongitudeDegrees>
      </Position>
      <AltitudeMeters>5.9</AltitudeMeters>
      <DistanceMeters>2172.0</DistanceMeters>
      <HeartRateBpm>
       <Value>153</Value>
      </HeartRateBpm>
      <Extensions>
       <TPX xmlns="http://www.garmin.com/xmlschemas/ActivityExtension/v2">
        <Speed>2.6</Speed>
       </TPX>
      </Extensions>
     </Trackpoint>
     <Trackpoint>
      <Time>2026-08-13T11:16:56Z</Time>
      <Position>
       <LatitudeDegrees>5.2377650</LatitudeDegrees>
       <LongitudeDegrees>100.4384060</LongitudeDegrees>
      </Position>
      <AltitudeMeters>5.9</AltitudeMeters>
      <DistanceMeters>2174.6</DistanceMeters>
      <HeartRateBpm>
       <Value>154</Value>
      </HeartRateBpm>
      <Extensions>
       <TPX xmlns="http://www.garmin.com/xmlschemas/ActivityExtension/v2">
        <Speed>2.6</Speed>
       </TPX>
      </Extensions>
     </Trackpoint>
     <Trackpoint>
      <Time>2026-08-13T11:16:57Z</Time>
      <Position>
       <LatitudeDegrees>5.2377650</LatitudeDegrees>
       <LongitudeDegrees>100.4384290</LongitudeDegrees>
      </Position>
      <AltitudeMeters>5.9</AltitudeMeters>
      <DistanceMeters>2177.1</DistanceMeters>
      <HeartRateBpm>
       <Value>153</Value>
      </HeartRateBpm>
      <Extensions>
       <TPX xmlns="http://www.garmin.com/xmlschemas/ActivityExtension/v2">
        <Speed>2.6</Speed>
       </TPX>
      </Extensions>
     </Trackpoint>
     <Trackpoint>
      <Time>2026-08-13T11:16:58Z</Time>
      <Position>
       <LatitudeDegrees>5.2377700</LatitudeDegrees>
       <LongitudeDegrees>100.4384510</LongitudeDegrees>
      </Position>
      <AltitudeMeters>5.9</AltitudeMeters>
      <DistanceMeters>2179.6</DistanceMeters>
      <HeartRateBpm>
       <Value>153</Value>
      </HeartRateBpm>
      <Extensions>
       <TPX xmlns="http://www.garmin.com/xmlschemas/ActivityExtension/v2">
        <Speed>2.6</Speed>
       </TPX>
      </Extensions>
     </Trackpoint>
     <Trackpoint>
      <Time>2026-08-13T11:16:59Z</Time>
      <Position>
       <LatitudeDegrees>5.2377690</LatitudeDegrees>
       <LongitudeDegrees>100.4384710</LongitudeDegrees>
      </Position>
      <AltitudeMeters>5.9</AltitudeMeters>
      <DistanceMeters>2181.8</DistanceMeters>
      <HeartRateBpm>
       <Value>153</Value>
      </HeartRateBpm>
      <Extensions>
       <TPX xmlns="http://www.garmin.com/xmlschemas/ActivityExtension/v2">
        <Speed>2.5</Speed>
       </TPX>
      </Extensions>
     </Trackpoint>
     <Trackpoint>
      <Time>2026-08-13T11:17:00Z</Time>
      <Position>
       <LatitudeDegrees>5.2377770</LatitudeDegrees>
       <LongitudeDegrees>100.4384900</LongitudeDegrees>
      </Position>
      <AltitudeMeters>5.9</AltitudeMeters>
      <DistanceMeters>2184.0</DistanceMeters>
      <HeartRateBpm>
       <Value>153</Value>
      </HeartRateBpm>
      <Extensions>
       <TPX xmlns="http://www.garmin.com/xmlschemas/ActivityExtension/v2">
        <Speed>2.4</Speed>
       </TPX>
      </Extensions>
     </Trackpoint>
     <Trackpoint>
      <Time>2026-08-13T11:17:01Z</Time>
      <Position>
       <LatitudeDegrees>5.2377820</LatitudeDegrees>
       <LongitudeDegrees>100.4385090</LongitudeDegrees>
      </Position>
      <AltitudeMeters>5.9</AltitudeMeters>
      <DistanceMeters>2186.2</DistanceMeters>
      <HeartRateBpm>
       <Value>153</Value>
      </HeartRateBpm>
      <Extensions>
       <TPX xmlns="http://www.garmin.com/xmlschemas/ActivityExtension/v2">
        <Speed>2.3</Speed>
       </TPX>
      </Extensions>
     </Trackpoint>
     <Trackpoint>
      <Time>2026-08-13T11:17:02Z</Time>
      <Position>
       <LatitudeDegrees>5.2377870</LatitudeDegrees>
       <LongitudeDegrees>100.4385270</LongitudeDegrees>
      </Position>
      <AltitudeMeters>5.9</AltitudeMeters>
      <DistanceMeters>2188.3</DistanceMeters>
      <HeartRateBpm>
       <Value>154</Value>
      </HeartRateBpm>
      <Extensions>
       <TPX xmlns="http://www.garmin.com/xmlschemas/ActivityExtension/v2">
        <Speed>2.2</Speed>
       </TPX>
      </Extensions>
     </Trackpoint>
     <Trackpoint>
      <Time>2026-08-13T11:17:03Z</Time>
      <Position>
       <LatitudeDegrees>5.2377930</LatitudeDegrees>
       <LongitudeDegrees>100.4385460</LongitudeDegrees>
      </Position>
      <AltitudeMeters>5.9</AltitudeMeters>
      <DistanceMeters>2190.5</DistanceMeters>
      <HeartRateBpm>
       <Value>155</Value>
      </HeartRateBpm>
      <Extensions>
       <TPX xmlns="http://www.garmin.com/xmlschemas/ActivityExtension/v2">
        <Speed>2.2</Speed>
       </TPX>
      </Extensions>
     </Trackpoint>
     <Trackpoint>
      <Time>2026-08-13T11:17:04Z</Time>
      <Position>
       <LatitudeDegrees>5.2378030</LatitudeDegrees>
       <LongitudeDegrees>100.4385650</LongitudeDegrees>
      </Position>
      <AltitudeMeters>5.9</AltitudeMeters>
      <DistanceMeters>2192.9</DistanceMeters>
      <HeartRateBpm>
       <Value>155</Value>
      </HeartRateBpm>
      <Extensions>
       <TPX xmlns="http://www.garmin.com/xmlschemas/ActivityExtension/v2">
        <Speed>2.2</Speed>
       </TPX>
      </Extensions>
     </Trackpoint>
     <Trackpoint>
      <Time>2026-08-13T11:17:05Z</Time>
      <Position>
       <LatitudeDegrees>5.2378110</LatitudeDegrees>
       <LongitudeDegrees>100.4385830</LongitudeDegrees>
      </Position>
      <AltitudeMeters>5.9</AltitudeMeters>
      <DistanceMeters>2195.0</DistanceMeters>
      <HeartRateBpm>
       <Value>155</Value>
      </HeartRateBpm>
      <Extensions>
       <TPX xmlns="http://www.garmin.com/xmlschemas/ActivityExtension/v2">
        <Speed>2.2</Speed>
       </TPX>
      </Extensions>
     </Trackpoint>
     <Trackpoint>
      <Time>2026-08-13T11:17:06Z</Time>
      <Position>
       <LatitudeDegrees>5.2378120</LatitudeDegrees>
       <LongitudeDegrees>100.4386120</LongitudeDegrees>
      </Position>
      <AltitudeMeters>5.9</AltitudeMeters>
      <DistanceMeters>2198.1</DistanceMeters>
      <HeartRateBpm>
       <Value>155</Value>
      </HeartRateBpm>
      <Extensions>
       <TPX xmlns="http://www.garmin.com/xmlschemas/ActivityExtension/v2">
        <Speed>2.4</Speed>
       </TPX>
      </Extensions>
     </Trackpoint>
     <Trackpoint>
      <Time>2026-08-13T11:17:07Z</Time>
      <Position>
       <LatitudeDegrees>5.2378090</LatitudeDegrees>
       <LongitudeDegrees>100.4386350</LongitudeDegrees>
      </Position>
      <AltitudeMeters>5.9</AltitudeMeters>
      <DistanceMeters>2200.7</DistanceMeters>
      <HeartRateBpm>
       <Value>155</Value>
      </HeartRateBpm>
      <Extensions>
       <TPX xmlns="http://www.garmin.com/xmlschemas/ActivityExtension/v2">
        <Speed>2.5</Speed>
       </TPX>
      </Extensions>
     </Trackpoint>
     <Trackpoint>
      <Time>2026-08-13T11:17:08Z</Time>
      <Position>
       <LatitudeDegrees>5.2378010</LatitudeDegrees>
       <LongitudeDegrees>100.4386590</LongitudeDegrees>
      </Position>
      <AltitudeMeters>5.9</AltitudeMeters>
      <DistanceMeters>2203.5</DistanceMeters>
      <HeartRateBpm>
       <Value>154</Value>
      </HeartRateBpm>
      <Extensions>
       <TPX xmlns="http://www.garmin.com/xmlschemas/ActivityExtension/v2">
        <Speed>2.6</Speed>
       </TPX>
      </Extensions>
     </Trackpoint>
     <Trackpoint>
      <Time>2026-08-13T11:17:09Z</Time>
      <Position>
       <LatitudeDegrees>5.2377920</LatitudeDegrees>
       <LongitudeDegrees>100.4386850</LongitudeDegrees>
      </Position>
      <AltitudeMeters>5.9</AltitudeMeters>
      <DistanceMeters>2206.5</DistanceMeters>
      <HeartRateBpm>
       <Value>154</Value>
      </HeartRateBpm>
      <Extensions>
       <TPX xmlns="http://www.garmin.com/xmlschemas/ActivityExtension/v2">
        <Speed>2.7</Speed>
       </TPX>
      </Extensions>
     </Trackpoint>
     <Trackpoint>
      <Time>2026-08-13T11:17:10Z</Time>
      <Position>
       <LatitudeDegrees>5.2377810</LatitudeDegrees>
       <LongitudeDegrees>100.4387050</LongitudeDegrees>
      </Position>
      <AltitudeMeters>5.9</AltitudeMeters>
      <DistanceMeters>2209.0</DistanceMeters>
      <HeartRateBpm>
       <Value>154</Value>
      </HeartRateBpm>
      <Extensions>
       <TPX xmlns="http://www.garmin.com/xmlschemas/ActivityExtension/v2">
        <Speed>2.8</Speed>
       </TPX>
      </Extensions>
     </Trackpoint>
     <Trackpoint>
      <Time>2026-08-13T11:17:11Z</Time>
      <Position>
       <LatitudeDegrees>5.2377650</LatitudeDegrees>
       <LongitudeDegrees>100.4387290</LongitudeDegrees>
      </Position>
      <AltitudeMeters>5.9</AltitudeMeters>
      <DistanceMeters>2212.2</DistanceMeters>
      <HeartRateBpm>
       <Value>154</Value>
      </HeartRateBpm>
      <Extensions>
       <TPX xmlns="http://www.garmin.com/xmlschemas/ActivityExtension/v2">
        <Speed>2.8</Speed>
       </TPX>
      </Extensions>
     </Trackpoint>
     <Trackpoint>
      <Time>2026-08-13T11:17:12Z</Time>
      <Position>
       <LatitudeDegrees>5.2377540</LatitudeDegrees>
       <LongitudeDegrees>100.4387490</LongitudeDegrees>
      </Position>
      <AltitudeMeters>5.9</AltitudeMeters>
      <DistanceMeters>2214.8</DistanceMeters>
      <HeartRateBpm>
       <Value>155</Value>
      </HeartRateBpm>
      <Extensions>
       <TPX xmlns="http://www.garmin.com/xmlschemas/ActivityExtension/v2">
        <Speed>2.8</Speed>
       </TPX>
      </Extensions>
     </Trackpoint>
     <Trackpoint>
      <Time>2026-08-13T11:17:13Z</Time>
      <Position>
       <LatitudeDegrees>5.2377380</LatitudeDegrees>
       <LongitudeDegrees>100.4387680</LongitudeDegrees>
      </Position>
      <AltitudeMeters>5.9</AltitudeMeters>
      <DistanceMeters>2217.6</DistanceMeters>
      <HeartRateBpm>
       <Value>155</Value>
      </HeartRateBpm>
      <Extensions>
       <TPX xmlns="http://www.garmin.com/xmlschemas/ActivityExtension/v2">
        <Speed>2.8</Speed>
       </TPX>
      </Extensions>
     </Trackpoint>
     <Trackpoint>
      <Time>2026-08-13T11:17:14Z</Time>
      <Position>
       <LatitudeDegrees>5.2377210</LatitudeDegrees>
       <LongitudeDegrees>100.4387850</LongitudeDegrees>
      </Position>
      <AltitudeMeters>5.9</AltitudeMeters>
      <DistanceMeters>2220.2</DistanceMeters>
      <HeartRateBpm>
       <Value>156</Value>
      </HeartRateBpm>
      <Extensions>
       <TPX xmlns="http://www.garmin.com/xmlschemas/ActivityExtension/v2">
        <Speed>2.7</Speed>
       </TPX>
      </Extensions>
     </Trackpoint>
     <Trackpoint>
      <Time>2026-08-13T11:17:15Z</Time>
      <Position>
       <LatitudeDegrees>5.2377040</LatitudeDegrees>
       <LongitudeDegrees>100.4387990</LongitudeDegrees>
      </Position>
      <AltitudeMeters>5.9</AltitudeMeters>
      <DistanceMeters>2222.6</DistanceMeters>
      <HeartRateBpm>
       <Value>156</Value>
      </HeartRateBpm>
      <Extensions>
       <TPX xmlns="http://www.garmin.com/xmlschemas/ActivityExtension/v2">
        <Speed>2.7</Speed>
       </TPX>
      </Extensions>
     </Trackpoint>
     <Trackpoint>
      <Time>2026-08-13T11:17:16Z</Time>
      <Position>
       <LatitudeDegrees>5.2376870</LatitudeDegrees>
       <LongitudeDegrees>100.4388160</LongitudeDegrees>
      </Position>
      <AltitudeMeters>5.9</AltitudeMeters>
      <DistanceMeters>2225.3</DistanceMeters>
      <HeartRateBpm>
       <Value>155</Value>
      </HeartRateBpm>
      <Extensions>
       <TPX xmlns="http://www.garmin.com/xmlschemas/ActivityExtension/v2">
        <Speed>2.6</Speed>
       </TPX>
      </Extensions>
     </Trackpoint>
     <Trackpoint>
      <Time>2026-08-13T11:17:17Z</Time>
      <Position>
       <LatitudeDegrees>5.2376730</LatitudeDegrees>
       <LongitudeDegrees>100.4388340</LongitudeDegrees>
      </Position>
      <AltitudeMeters>5.9</AltitudeMeters>
      <DistanceMeters>2227.9</DistanceMeters>
      <HeartRateBpm>
       <Value>154</Value>
      </HeartRateBpm>
      <Extensions>
       <TPX xmlns="http://www.garmin.com/xmlschemas/ActivityExtension/v2">
        <Speed>2.6</Speed>
       </TPX>
      </Extensions>
     </Trackpoint>
     <Trackpoint>
      <Time>2026-08-13T11:17:18Z</Time>
      <Position>
       <LatitudeDegrees>5.2376560</LatitudeDegrees>
       <LongitudeDegrees>100.4388480</LongitudeDegrees>
      </Position>
      <AltitudeMeters>5.9</AltitudeMeters>
      <DistanceMeters>2230.3</DistanceMeters>
      <HeartRateBpm>
       <Value>153</Value>
      </HeartRateBpm>
      <Extensions>
       <TPX xmlns="http://www.garmin.com/xmlschemas/ActivityExtension/v2">
        <Speed>2.5</Speed>
       </TPX>
      </Extensions>
     </Trackpoint>
     <Trackpoint>
      <Time>2026-08-13T11:17:19Z</Time>
      <Position>
       <LatitudeDegrees>5.2376300</LatitudeDegrees>
       <LongitudeDegrees>100.4388560</LongitudeDegrees>
      </Position>
      <AltitudeMeters>5.9</AltitudeMeters>
      <DistanceMeters>2233.2</DistanceMeters>
      <HeartRateBpm>
       <Value>153</Value>
      </HeartRateBpm>
      <Extensions>
       <TPX xmlns="http://www.garmin.com/xmlschemas/ActivityExtension/v2">
        <Speed>2.6</Speed>
       </TPX>
      </Extensions>
     </Trackpoint>
     <Trackpoint>
      <Time>2026-08-13T11:17:20Z</Time>
      <Position>
       <LatitudeDegrees>5.2376060</LatitudeDegrees>
       <LongitudeDegrees>100.4388600</LongitudeDegrees>
      </Position>
      <AltitudeMeters>5.9</AltitudeMeters>
      <DistanceMeters>2235.9</DistanceMeters>
      <HeartRateBpm>
       <Value>153</Value>
      </HeartRateBpm>
      <Extensions>
       <TPX xmlns="http://www.garmin.com/xmlschemas/ActivityExtension/v2">
        <Speed>2.7</Speed>
       </TPX>
      </Extensions>
     </Trackpoint>
     <Trackpoint>
      <Time>2026-08-13T11:17:21Z</Time>
      <Position>
       <LatitudeDegrees>5.2375820</LatitudeDegrees>
       <LongitudeDegrees>100.4388640</LongitudeDegrees>
      </Position>
      <AltitudeMeters>5.9</AltitudeMeters>
      <DistanceMeters>2238.6</DistanceMeters>
      <HeartRateBpm>
       <Value>154</Value>
      </HeartRateBpm>
      <Extensions>
       <TPX xmlns="http://www.garmin.com/xmlschemas/ActivityExtension/v2">
        <Speed>2.7</Speed>
       </TPX>
      </Extensions>
     </Trackpoint>
     <Trackpoint>
      <Time>2026-08-13T11:17:22Z</Time>
      <Position>
       <LatitudeDegrees>5.2375570</LatitudeDegrees>
       <LongitudeDegrees>100.4388660</LongitudeDegrees>
      </Position>
      <AltitudeMeters>5.9</AltitudeMeters>
      <DistanceMeters>2241.4</DistanceMeters>
      <HeartRateBpm>
       <Value>154</Value>
      </HeartRateBpm>
      <Extensions>
       <TPX xmlns="http://www.garmin.com/xmlschemas/ActivityExtension/v2">
        <Speed>2.7</Speed>
       </TPX>
      </Extensions>
     </Trackpoint>
     <Trackpoint>
      <Time>2026-08-13T11:17:23Z</Time>
      <Position>
       <LatitudeDegrees>5.2375350</LatitudeDegrees>
       <LongitudeDegrees>100.4388750</LongitudeDegrees>
      </Position>
      <AltitudeMeters>5.9</AltitudeMeters>
      <DistanceMeters>2244.0</DistanceMeters>
      <HeartRateBpm>
       <Value>154</Value>
      </HeartRateBpm>
      <Extensions>
       <TPX xmlns="http://www.garmin.com/xmlschemas/ActivityExtension/v2">
        <Speed>2.7</Speed>
       </TPX>
      </Extensions>
     </Trackpoint>
     <Trackpoint>
      <Time>2026-08-13T11:17:24Z</Time>
      <Position>
       <LatitudeDegrees>5.2375130</LatitudeDegrees>
       <LongitudeDegrees>100.4388830</LongitudeDegrees>
      </Position>
      <AltitudeMeters>5.9</AltitudeMeters>
      <DistanceMeters>2246.6</DistanceMeters>
      <HeartRateBpm>
       <Value>154</Value>
      </HeartRateBpm>
      <Extensions>
       <TPX xmlns="http://www.garmin.com/xmlschemas/ActivityExtension/v2">
        <Speed>2.7</Speed>
       </TPX>
      </Extensions>
     </Trackpoint>
     <Trackpoint>
      <Time>2026-08-13T11:17:25Z</Time>
      <Position>
       <LatitudeDegrees>5.2374910</LatitudeDegrees>
       <LongitudeDegrees>100.4388900</LongitudeDegrees>
      </Position>
      <AltitudeMeters>5.9</AltitudeMeters>
      <DistanceMeters>2249.1</DistanceMeters>
      <HeartRateBpm>
       <Value>154</Value>
      </HeartRateBpm>
      <Extensions>
       <TPX xmlns="http://www.garmin.com/xmlschemas/ActivityExtension/v2">
        <Speed>2.6</Speed>
       </TPX>
      </Extensions>
     </Trackpoint>
     <Trackpoint>
      <Time>2026-08-13T11:17:26Z</Time>
      <Position>
       <LatitudeDegrees>5.2374660</LatitudeDegrees>
       <LongitudeDegrees>100.4388940</LongitudeDegrees>
      </Position>
      <AltitudeMeters>5.9</AltitudeMeters>
      <DistanceMeters>2251.9</DistanceMeters>
      <HeartRateBpm>
       <Value>153</Value>
      </HeartRateBpm>
      <Extensions>
       <TPX xmlns="http://www.garmin.com/xmlschemas/ActivityExtension/v2">
        <Speed>2.7</Speed>
       </TPX>
      </Extensions>
     </Trackpoint>
     <Trackpoint>
      <Time>2026-08-13T11:17:27Z</Time>
      <Position>
       <LatitudeDegrees>5.2374430</LatitudeDegrees>
       <LongitudeDegrees>100.4388930</LongitudeDegrees>
      </Position>
      <AltitudeMeters>5.9</AltitudeMeters>
      <DistanceMeters>2254.5</DistanceMeters>
      <HeartRateBpm>
       <Value>153</Value>
      </HeartRateBpm>
      <Extensions>
       <TPX xmlns="http://www.garmin.com/xmlschemas/ActivityExtension/v2">
        <Speed>2.6</Speed>
       </TPX>
      </Extensions>
     </Trackpoint>
     <Trackpoint>
      <Time>2026-08-13T11:17:28Z</Time>
      <Position>
       <LatitudeDegrees>5.2374230</LatitudeDegrees>
       <LongitudeDegrees>100.4388970</LongitudeDegrees>
      </Position>
      <AltitudeMeters>5.9</AltitudeMeters>
      <DistanceMeters>2254.5</DistanceMeters>
      <HeartRateBpm>
       <Value>153</Value>
      </HeartRateBpm>
      <Extensions>
       <TPX xmlns="http://www.garmin.com/xmlschemas/ActivityExtension/v2">
        <Speed>2.1</Speed>
       </TPX>
      </Extensions>
     </Trackpoint>
    </Track>
   </Lap>
  </Activity>
 </Activities>
</TrainingCenterDatabase>
