<?xml version="1.0" encoding="UTF-8"?>
<!-- Written by Strava -->
<TrainingCenterDatabase xsi:schemaLocation="http://www.garmin.com/xmlschemas/TrainingCenterDatabase/v2 http://www.garmin.com/xmlschemas/TrainingCenterDatabasev2.xsd" xmlns:ns5="http://www.garmin.com/xmlschemas/ActivityGoals/v1" xmlns:ns3="http://www.garmin.com/xmlschemas/ActivityExtension/v2" xmlns:ns2="http://www.garmin.com/xmlschemas/UserProfile/v2" xmlns="http://www.garmin.com/xmlschemas/TrainingCenterDatabase/v2" xmlns:xsi="http://www.w3.org/2001/XMLSchema-instance">
 <Activities>
  <Activity Sport="Running">
   <Id>2026-08-19T11:29:40Z</Id>
   <Lap StartTime="2026-08-19T11:29:40Z">
    <TotalTimeSeconds>432</TotalTimeSeconds>
    <DistanceMeters>1503.07</DistanceMeters>
    <MaximumSpeed>4.7</MaximumSpeed>
    <Calories>0</Calories>
    <AverageHeartRateBpm>
     <Value>157</Value>
    </AverageHeartRateBpm>
    <MaximumHeartRateBpm>
     <Value>165</Value>
    </MaximumHeartRateBpm>
    <Intensity>Active</Intensity>
    <TriggerMethod>Manual</TriggerMethod>
    <Track>
     <Trackpoint>
      <Time>2026-08-19T11:29:40Z</Time>
      <Position>
       <LatitudeDegrees>5.2345120</LatitudeDegrees>
       <LongitudeDegrees>100.4395870</LongitudeDegrees>
      </Position>
      <AltitudeMeters>5.1</AltitudeMeters>
      <DistanceMeters>0.0</DistanceMeters>
      <HeartRateBpm>
       <Value>124</Value>
      </HeartRateBpm>
      <Extensions>
       <TPX xmlns="http://www.garmin.com/xmlschemas/ActivityExtension/v2">
        <Speed>0.0</Speed>
       </TPX>
      </Extensions>
     </Trackpoint>
     <Trackpoint>
      <Time>2026-08-19T11:29:41Z</Time>
      <Position>
       <LatitudeDegrees>5.2344960</LatitudeDegrees>
       <LongitudeDegrees>100.4395650</LongitudeDegrees>
      </Position>
      <AltitudeMeters>5.1</AltitudeMeters>
      <DistanceMeters>3.0</DistanceMeters>
      <HeartRateBpm>
       <Value>125</Value>
      </HeartRateBpm>
      <Extensions>
       <TPX xmlns="http://www.garmin.com/xmlschemas/ActivityExtension/v2">
        <Speed>0.0</Speed>
       </TPX>
      </Extensions>
     </Trackpoint>
     <Trackpoint>
      <Time>2026-08-19T11:29:42Z</Time>
      <Position>
       <LatitudeDegrees>5.2344900</LatitudeDegrees>
       <LongitudeDegrees>100.4395510</LongitudeDegrees>
      </Position>
      <AltitudeMeters>5.1</AltitudeMeters>
      <DistanceMeters>3.0</DistanceMeters>
      <HeartRateBpm>
       <Value>125</Value>
      </HeartRateBpm>
      <Extensions>
       <TPX xmlns="http://www.garmin.com/xmlschemas/ActivityExtension/v2">
        <Speed>1.5</Speed>
       </TPX>
      </Extensions>
     </Trackpoint>
     <Trackpoint>
      <Time>2026-08-19T11:29:43Z</Time>
      <Position>
       <LatitudeDegrees>5.2344810</LatitudeDegrees>
       <LongitudeDegrees>100.4395360</LongitudeDegrees>
      </Position>
      <AltitudeMeters>5.1</AltitudeMeters>
      <DistanceMeters>6.7</DistanceMeters>
      <HeartRateBpm>
       <Value>124</Value>
      </HeartRateBpm>
      <Extensions>
       <TPX xmlns="http://www.garmin.com/xmlschemas/ActivityExtension/v2">
        <Speed>2.2</Speed>
       </TPX>
      </Extensions>
     </Trackpoint>
     <Trackpoint>
      <Time>2026-08-19T11:29:44Z</Time>
      <Position>
       <LatitudeDegrees>5.2344680</LatitudeDegrees>
       <LongitudeDegrees>100.4395160</LongitudeDegrees>
      </Position>
      <AltitudeMeters>5.1</AltitudeMeters>
      <DistanceMeters>9.3</DistanceMeters>
      <HeartRateBpm>
       <Value>124</Value>
      </HeartRateBpm>
      <Extensions>
       <TPX xmlns="http://www.garmin.com/xmlschemas/ActivityExtension/v2">
        <Speed>2.3</Speed>
       </TPX>
      </Extensions>
     </Trackpoint>
     <Trackpoint>
      <Time>2026-08-19T11:29:45Z</Time>
      <Position>
       <LatitudeDegrees>5.2344580</LatitudeDegrees>
       <LongitudeDegrees>100.4394950</LongitudeDegrees>
      </Position>
      <AltitudeMeters>5.1</AltitudeMeters>
      <DistanceMeters>11.8</DistanceMeters>
      <HeartRateBpm>
       <Value>124</Value>
      </HeartRateBpm>
      <Extensions>
       <TPX xmlns="http://www.garmin.com/xmlschemas/ActivityExtension/v2">
        <Speed>2.4</Speed>
       </TPX>
      </Extensions>
     </Trackpoint>
     <Trackpoint>
      <Time>2026-08-19T11:29:46Z</Time>
      <Position>
       <LatitudeDegrees>5.2344500</LatitudeDegrees>
       <LongitudeDegrees>100.4394670</LongitudeDegrees>
      </Position>
      <AltitudeMeters>5.2</AltitudeMeters>
      <DistanceMeters>15.1</DistanceMeters>
      <HeartRateBpm>
       <Value>124</Value>
      </HeartRateBpm>
      <Extensions>
       <TPX xmlns="http://www.garmin.com/xmlschemas/ActivityExtension/v2">
        <Speed>2.4</Speed>
       </TPX>
      </Extensions>
     </Trackpoint>
     <Trackpoint>
      <Time>2026-08-19T11:29:47Z</Time>
      <Position>
       <LatitudeDegrees>5.2344420</LatitudeDegrees>
       <LongitudeDegrees>100.4394330</LongitudeDegrees>
      </Position>
      <AltitudeMeters>5.2</AltitudeMeters>
      <DistanceMeters>19.0</DistanceMeters>
      <HeartRateBpm>
       <Value>124</Value>
      </HeartRateBpm>
      <Extensions>
       <TPX xmlns="http://www.garmin.com/xmlschemas/ActivityExtension/v2">
        <Speed>3.2</Speed>
       </TPX>
      </Extensions>
     </Trackpoint>
     <Trackpoint>
      <Time>2026-08-19T11:29:48Z</Time>
      <Position>
       <LatitudeDegrees>5.2344350</LatitudeDegrees>
       <LongitudeDegrees>100.4393950</LongitudeDegrees>
      </Position>
      <AltitudeMeters>5.2</AltitudeMeters>
      <DistanceMeters>23.2</DistanceMeters>
      <HeartRateBpm>
       <Value>125</Value>
      </HeartRateBpm>
      <Extensions>
       <TPX xmlns="http://www.garmin.com/xmlschemas/ActivityExtension/v2">
        <Speed>3.3</Speed>
       </TPX>
      </Extensions>
     </Trackpoint>
     <Trackpoint>
      <Time>2026-08-19T11:29:49Z</Time>
      <Position>
       <LatitudeDegrees>5.2344260</LatitudeDegrees>
       <LongitudeDegrees>100.4393500</LongitudeDegrees>
      </Position>
      <AltitudeMeters>5.2</AltitudeMeters>
      <DistanceMeters>28.2</DistanceMeters>
      <HeartRateBpm>
       <Value>125</Value>
      </HeartRateBpm>
      <Extensions>
       <TPX xmlns="http://www.garmin.com/xmlschemas/ActivityExtension/v2">
        <Speed>3.8</Speed>
       </TPX>
      </Extensions>
     </Trackpoint>
     <Trackpoint>
      <Time>2026-08-19T11:29:50Z</Time>
      <Position>
       <LatitudeDegrees>5.2344180</LatitudeDegrees>
       <LongitudeDegrees>100.4393090</LongitudeDegrees>
      </Position>
      <AltitudeMeters>5.2</AltitudeMeters>
      <DistanceMeters>32.9</DistanceMeters>
      <HeartRateBpm>
       <Value>126</Value>
      </HeartRateBpm>
      <Extensions>
       <TPX xmlns="http://www.garmin.com/xmlschemas/ActivityExtension/v2">
        <Speed>4.2</Speed>
       </TPX>
      </Extensions>
     </Trackpoint>
     <Trackpoint>
      <Time>2026-08-19T11:29:51Z</Time>
      <Position>
       <LatitudeDegrees>5.2344080</LatitudeDegrees>
       <LongitudeDegrees>100.4392700</LongitudeDegrees>
      </Position>
      <AltitudeMeters>5.2</AltitudeMeters>
      <DistanceMeters>37.3</DistanceMeters>
      <HeartRateBpm>
       <Value>127</Value>
      </HeartRateBpm>
      <Extensions>
       <TPX xmlns="http://www.garmin.com/xmlschemas/ActivityExtension/v2">
        <Speed>4.4</Speed>
       </TPX>
      </Extensions>
     </Trackpoint>
     <Trackpoint>
      <Time>2026-08-19T11:29:52Z</Time>
      <Position>
       <LatitudeDegrees>5.2344000</LatitudeDegrees>
       <LongitudeDegrees>100.4392320</LongitudeDegrees>
      </Position>
      <AltitudeMeters>5.2</AltitudeMeters>
      <DistanceMeters>41.6</DistanceMeters>
      <HeartRateBpm>
       <Value>127</Value>
      </HeartRateBpm>
      <Extensions>
       <TPX xmlns="http://www.garmin.com/xmlschemas/ActivityExtension/v2">
        <Speed>4.5</Speed>
       </TPX>
      </Extensions>
     </Trackpoint>
     <Trackpoint>
      <Time>2026-08-19T11:29:53Z</Time>
      <Position>
       <LatitudeDegrees>5.2343910</LatitudeDegrees>
       <LongitudeDegrees>100.4391970</LongitudeDegrees>
      </Position>
      <AltitudeMeters>5.2</AltitudeMeters>
      <DistanceMeters>45.7</DistanceMeters>
      <HeartRateBpm>
       <Value>128</Value>
      </HeartRateBpm>
      <Extensions>
       <TPX xmlns="http://www.garmin.com/xmlschemas/ActivityExtension/v2">
        <Speed>4.5</Speed>
       </TPX>
      </Extensions>
     </Trackpoint>
     <Trackpoint>
      <Time>2026-08-19T11:29:54Z</Time>
      <Position>
       <LatitudeDegrees>5.2343850</LatitudeDegrees>
       <LongitudeDegrees>100.4391600</LongitudeDegrees>
      </Position>
      <AltitudeMeters>5.2</AltitudeMeters>
      <DistanceMeters>49.8</DistanceMeters>
      <HeartRateBpm>
       <Value>129</Value>
      </HeartRateBpm>
      <Extensions>
       <TPX xmlns="http://www.garmin.com/xmlschemas/ActivityExtension/v2">
        <Speed>4.3</Speed>
       </TPX>
      </Extensions>
     </Trackpoint>
     <Trackpoint>
      <Time>2026-08-19T11:29:55Z</Time>
      <Position>
       <LatitudeDegrees>5.2343780</LatitudeDegrees>
       <LongitudeDegrees>100.4391210</LongitudeDegrees>
      </Position>
      <AltitudeMeters>5.2</AltitudeMeters>
      <DistanceMeters>54.2</DistanceMeters>
      <HeartRateBpm>
       <Value>131</Value>
      </HeartRateBpm>
      <Extensions>
       <TPX xmlns="http://www.garmin.com/xmlschemas/ActivityExtension/v2">
        <Speed>4.3</Speed>
       </TPX>
      </Extensions>
     </Trackpoint>
     <Trackpoint>
      <Time>2026-08-19T11:29:56Z</Time>
      <Position>
       <LatitudeDegrees>5.2343690</LatitudeDegrees>
       <LongitudeDegrees>100.4390770</LongitudeDegrees>
      </Position>
      <AltitudeMeters>5.3</AltitudeMeters>
      <DistanceMeters>59.2</DistanceMeters>
      <HeartRateBpm>
       <Value>132</Value>
      </HeartRateBpm>
      <Extensions>
       <TPX xmlns="http://www.garmin.com/xmlschemas/ActivityExtension/v2">
        <Speed>4.4</Speed>
       </TPX>
      </Extensions>
     </Trackpoint>
     <Trackpoint>
      <Time>2026-08-19T11:29:57Z</Time>
      <Position>
       <LatitudeDegrees>5.2343620</LatitudeDegrees>
       <LongitudeDegrees>100.4390430</LongitudeDegrees>
      </Position>
      <AltitudeMeters>5.3</AltitudeMeters>
      <DistanceMeters>63.1</DistanceMeters>
      <HeartRateBpm>
       <Value>133</Value>
      </HeartRateBpm>
      <Extensions>
       <TPX xmlns="http://www.garmin.com/xmlschemas/ActivityExtension/v2">
        <Speed>4.3</Speed>
       </TPX>
      </Extensions>
     </Trackpoint>
     <Trackpoint>
      <Time>2026-08-19T11:29:58Z</Time>
      <Position>
       <LatitudeDegrees>5.2343560</LatitudeDegrees>
       <LongitudeDegrees>100.4390050</LongitudeDegrees>
      </Position>
      <AltitudeMeters>5.3</AltitudeMeters>
      <DistanceMeters>67.3</DistanceMeters>
      <HeartRateBpm>
       <Value>135</Value>
      </HeartRateBpm>
      <Extensions>
       <TPX xmlns="http://www.garmin.com/xmlschemas/ActivityExtension/v2">
        <Speed>4.3</Speed>
       </TPX>
      </Extensions>
     </Trackpoint>
     <Trackpoint>
      <Time>2026-08-19T11:29:59Z</Time>
      <Position>
       <LatitudeDegrees>5.2343480</LatitudeDegrees>
       <LongitudeDegrees>100.4389700</LongitudeDegrees>
      </Position>
      <AltitudeMeters>5.3</AltitudeMeters>
      <DistanceMeters>71.3</DistanceMeters>
      <HeartRateBpm>
       <Value>136</Value>
      </HeartRateBpm>
      <Extensions>
       <TPX xmlns="http://www.garmin.com/xmlschemas/ActivityExtension/v2">
        <Speed>4.3</Speed>
       </TPX>
      </Extensions>
     </Trackpoint>
     <Trackpoint>
      <Time>2026-08-19T11:30:00Z</Time>
      <Position>
       <LatitudeDegrees>5.2343400</LatitudeDegrees>
       <LongitudeDegrees>100.4389320</LongitudeDegrees>
      </Position>
      <AltitudeMeters>5.3</AltitudeMeters>
      <DistanceMeters>75.6</DistanceMeters>
      <HeartRateBpm>
       <Value>137</Value>
      </HeartRateBpm>
      <Extensions>
       <TPX xmlns="http://www.garmin.com/xmlschemas/ActivityExtension/v2">
        <Speed>4.3</Speed>
       </TPX>
      </Extensions>
     </Trackpoint>
     <Trackpoint>
      <Time>2026-08-19T11:30:01Z</Time>
      <Position>
       <LatitudeDegrees>5.2343320</LatitudeDegrees>
       <LongitudeDegrees>100.4388900</LongitudeDegrees>
      </Position>
      <AltitudeMeters>5.3</AltitudeMeters>
      <DistanceMeters>80.3</DistanceMeters>
      <HeartRateBpm>
       <Value>137</Value>
      </HeartRateBpm>
      <Extensions>
       <TPX xmlns="http://www.garmin.com/xmlschemas/ActivityExtension/v2">
        <Speed>4.2</Speed>
       </TPX>
      </Extensions>
     </Trackpoint>
     <Trackpoint>
      <Time>2026-08-19T11:30:02Z</Time>
      <Position>
       <LatitudeDegrees>5.2343240</LatitudeDegrees>
       <LongitudeDegrees>100.4388500</LongitudeDegrees>
      </Position>
      <AltitudeMeters>5.3</AltitudeMeters>
      <DistanceMeters>84.8</DistanceMeters>
      <HeartRateBpm>
       <Value>138</Value>
      </HeartRateBpm>
      <Extensions>
       <TPX xmlns="http://www.garmin.com/xmlschemas/ActivityExtension/v2">
        <Speed>4.3</Speed>
       </TPX>
      </Extensions>
     </Trackpoint>
     <Trackpoint>
      <Time>2026-08-19T11:30:03Z</Time>
      <Position>
       <LatitudeDegrees>5.2343170</LatitudeDegrees>
       <LongitudeDegrees>100.4388160</LongitudeDegrees>
      </Position>
      <AltitudeMeters>5.3</AltitudeMeters>
      <DistanceMeters>88.7</DistanceMeters>
      <HeartRateBpm>
       <Value>139</Value>
      </HeartRateBpm>
      <Extensions>
       <TPX xmlns="http://www.garmin.com/xmlschemas/ActivityExtension/v2">
        <Speed>4.3</Speed>
       </TPX>
      </Extensions>
     </Trackpoint>
     <Trackpoint>
      <Time>2026-08-19T11:30:04Z</Time>
      <Position>
       <LatitudeDegrees>5.2343080</LatitudeDegrees>
       <LongitudeDegrees>100.4387870</LongitudeDegrees>
      </Position>
      <AltitudeMeters>5.3</AltitudeMeters>
      <DistanceMeters>92.0</DistanceMeters>
      <HeartRateBpm>
       <Value>139</Value>
      </HeartRateBpm>
      <Extensions>
       <TPX xmlns="http://www.garmin.com/xmlschemas/ActivityExtension/v2">
        <Speed>4.1</Speed>
       </TPX>
      </Extensions>
     </Trackpoint>
     <Trackpoint>
      <Time>2026-08-19T11:30:05Z</Time>
      <Position>
       <LatitudeDegrees>5.2342960</LatitudeDegrees>
       <LongitudeDegrees>100.4387580</LongitudeDegrees>
      </Position>
      <AltitudeMeters>5.3</AltitudeMeters>
      <DistanceMeters>95.5</DistanceMeters>
      <HeartRateBpm>
       <Value>140</Value>
      </HeartRateBpm>
      <Extensions>
       <TPX xmlns="http://www.garmin.com/xmlschemas/ActivityExtension/v2">
        <Speed>4.0</Speed>
       </TPX>
      </Extensions>
     </Trackpoint>
     <Trackpoint>
      <Time>2026-08-19T11:30:06Z</Time>
      <Position>
       <LatitudeDegrees>5.2342890</LatitudeDegrees>
       <LongitudeDegrees>100.4387280</LongitudeDegrees>
      </Position>
      <AltitudeMeters>5.3</AltitudeMeters>
      <DistanceMeters>98.9</DistanceMeters>
      <HeartRateBpm>
       <Value>141</Value>
      </HeartRateBpm>
      <Extensions>
       <TPX xmlns="http://www.garmin.com/xmlschemas/ActivityExtension/v2">
        <Speed>3.7</Speed>
       </TPX>
      </Extensions>
     </Trackpoint>
     <Trackpoint>
      <Time>2026-08-19T11:30:07Z</Time>
      <Position>
       <LatitudeDegrees>5.2342850</LatitudeDegrees>
       <LongitudeDegrees>100.4386900</LongitudeDegrees>
      </Position>
      <AltitudeMeters>5.2</AltitudeMeters>
      <DistanceMeters>103.1</DistanceMeters>
      <HeartRateBpm>
       <Value>141</Value>
      </HeartRateBpm>
      <Extensions>
       <TPX xmlns="http://www.garmin.com/xmlschemas/ActivityExtension/v2">
        <Speed>3.7</Speed>
       </TPX>
      </Extensions>
     </Trackpoint>
     <Trackpoint>
      <Time>2026-08-19T11:30:08Z</Time>
      <Position>
       <LatitudeDegrees>5.2342810</LatitudeDegrees>
       <LongitudeDegrees>100.4386570</LongitudeDegrees>
      </Position>
      <AltitudeMeters>5.2</AltitudeMeters>
      <DistanceMeters>106.8</DistanceMeters>
      <HeartRateBpm>
       <Value>142</Value>
      </HeartRateBpm>
      <Extensions>
       <TPX xmlns="http://www.garmin.com/xmlschemas/ActivityExtension/v2">
        <Speed>3.6</Speed>
       </TPX>
      </Extensions>
     </Trackpoint>
     <Trackpoint>
      <Time>2026-08-19T11:30:09Z</Time>
      <Position>
       <LatitudeDegrees>5.2342740</LatitudeDegrees>
       <LongitudeDegrees>100.4386180</LongitudeDegrees>
      </Position>
      <AltitudeMeters>5.2</AltitudeMeters>
      <DistanceMeters>111.3</DistanceMeters>
      <HeartRateBpm>
       <Value>143</Value>
      </HeartRateBpm>
      <Extensions>
       <TPX xmlns="http://www.garmin.com/xmlschemas/ActivityExtension/v2">
        <Speed>3.9</Speed>
       </TPX>
      </Extensions>
     </Trackpoint>
     <Trackpoint>
      <Time>2026-08-19T11:30:10Z</Time>
      <Position>
       <LatitudeDegrees>5.2342640</LatitudeDegrees>
       <LongitudeDegrees>100.4385830</LongitudeDegrees>
      </Position>
      <AltitudeMeters>5.2</AltitudeMeters>
      <DistanceMeters>115.3</DistanceMeters>
      <HeartRateBpm>
       <Value>144</Value>
      </HeartRateBpm>
      <Extensions>
       <TPX xmlns="http://www.garmin.com/xmlschemas/ActivityExtension/v2">
        <Speed>4.0</Speed>
       </TPX>
      </Extensions>
     </Trackpoint>
     <Trackpoint>
      <Time>2026-08-19T11:30:11Z</Time>
      <Position>
       <LatitudeDegrees>5.2342530</LatitudeDegrees>
       <LongitudeDegrees>100.4385470</LongitudeDegrees>
      </Position>
      <AltitudeMeters>5.2</AltitudeMeters>
      <DistanceMeters>119.5</DistanceMeters>
      <HeartRateBpm>
       <Value>144</Value>
      </HeartRateBpm>
      <Extensions>
       <TPX xmlns="http://www.garmin.com/xmlschemas/ActivityExtension/v2">
        <Speed>4.1</Speed>
       </TPX>
      </Extensions>
     </Trackpoint>
     <Trackpoint>
      <Time>2026-08-19T11:30:12Z</Time>
      <Position>
       <LatitudeDegrees>5.2342420</LatitudeDegrees>
       <LongitudeDegrees>100.4385120</LongitudeDegrees>
      </Position>
      <AltitudeMeters>5.2</AltitudeMeters>
      <DistanceMeters>123.5</DistanceMeters>
      <HeartRateBpm>
       <Value>145</Value>
      </HeartRateBpm>
      <Extensions>
       <TPX xmlns="http://www.garmin.com/xmlschemas/ActivityExtension/v2">
        <Speed>4.1</Speed>
       </TPX>
      </Extensions>
     </Trackpoint>
     <Trackpoint>
      <Time>2026-08-19T11:30:13Z</Time>
      <Position>
       <LatitudeDegrees>5.2342300</LatitudeDegrees>
       <LongitudeDegrees>100.4384780</LongitudeDegrees>
      </Position>
      <AltitudeMeters>5.2</AltitudeMeters>
      <DistanceMeters>127.5</DistanceMeters>
      <HeartRateBpm>
       <Value>145</Value>
      </HeartRateBpm>
      <Extensions>
       <TPX xmlns="http://www.garmin.com/xmlschemas/ActivityExtension/v2">
        <Speed>4.1</Speed>
       </TPX>
      </Extensions>
     </Trackpoint>
     <Trackpoint>
      <Time>2026-08-19T11:30:14Z</Time>
      <Position>
       <LatitudeDegrees>5.2342190</LatitudeDegrees>
       <LongitudeDegrees>100.4384430</LongitudeDegrees>
      </Position>
      <AltitudeMeters>5.3</AltitudeMeters>
      <DistanceMeters>131.6</DistanceMeters>
      <HeartRateBpm>
       <Value>145</Value>
      </HeartRateBpm>
      <Extensions>
       <TPX xmlns="http://www.garmin.com/xmlschemas/ActivityExtension/v2">
        <Speed>4.1</Speed>
       </TPX>
      </Extensions>
     </Trackpoint>
     <Trackpoint>
      <Time>2026-08-19T11:30:15Z</Time>
      <Position>
       <LatitudeDegrees>5.2342110</LatitudeDegrees>
       <LongitudeDegrees>100.4384080</LongitudeDegrees>
      </Position>
      <AltitudeMeters>5.3</AltitudeMeters>
      <DistanceMeters>135.6</DistanceMeters>
      <HeartRateBpm>
       <Value>145</Value>
      </HeartRateBpm>
      <Extensions>
       <TPX xmlns="http://www.garmin.com/xmlschemas/ActivityExtension/v2">
        <Speed>4.1</Speed>
       </TPX>
      </Extensions>
     </Trackpoint>
     <Trackpoint>
      <Time>2026-08-19T11:30:16Z</Time>
      <Position>
       <LatitudeDegrees>5.2342030</LatitudeDegrees>
       <LongitudeDegrees>100.4383720</LongitudeDegrees>
      </Position>
      <AltitudeMeters>5.3</AltitudeMeters>
      <DistanceMeters>139.6</DistanceMeters>
      <HeartRateBpm>
       <Value>145</Value>
      </HeartRateBpm>
      <Extensions>
       <TPX xmlns="http://www.garmin.com/xmlschemas/ActivityExtension/v2">
        <Speed>4.0</Speed>
       </TPX>
      </Extensions>
     </Trackpoint>
     <Trackpoint>
      <Time>2026-08-19T11:30:17Z</Time>
      <Position>
       <LatitudeDegrees>5.2341960</LatitudeDegrees>
       <LongitudeDegrees>100.4383380</LongitudeDegrees>
      </Position>
      <AltitudeMeters>5.3</AltitudeMeters>
      <DistanceMeters>143.4</DistanceMeters>
      <HeartRateBpm>
       <Value>146</Value>
      </HeartRateBpm>
      <Extensions>
       <TPX xmlns="http://www.garmin.com/xmlschemas/ActivityExtension/v2">
        <Speed>4.0</Speed>
       </TPX>
      </Extensions>
     </Trackpoint>
     <Trackpoint>
      <Time>2026-08-19T11:30:18Z</Time>
      <Position>
       <LatitudeDegrees>5.2341910</LatitudeDegrees>
       <LongitudeDegrees>100.4383080</LongitudeDegrees>
      </Position>
      <AltitudeMeters>5.3</AltitudeMeters>
      <DistanceMeters>146.9</DistanceMeters>
      <HeartRateBpm>
       <Value>146</Value>
      </HeartRateBpm>
      <Extensions>
       <TPX xmlns="http://www.garmin.com/xmlschemas/ActivityExtension/v2">
        <Speed>3.9</Speed>
       </TPX>
      </Extensions>
     </Trackpoint>
     <Trackpoint>
      <Time>2026-08-19T11:30:19Z</Time>
      <Position>
       <LatitudeDegrees>5.2341860</LatitudeDegrees>
       <LongitudeDegrees>100.4382720</LongitudeDegrees>
      </Position>
      <AltitudeMeters>5.3</AltitudeMeters>
      <DistanceMeters>150.9</DistanceMeters>
      <HeartRateBpm>
       <Value>146</Value>
      </HeartRateBpm>
      <Extensions>
       <TPX xmlns="http://www.garmin.com/xmlschemas/ActivityExtension/v2">
        <Speed>3.9</Speed>
       </TPX>
      </Extensions>
     </Trackpoint>
     <Trackpoint>
      <Time>2026-08-19T11:30:20Z</Time>
      <Position>
       <LatitudeDegrees>5.2341780</LatitudeDegrees>
       <LongitudeDegrees>100.4382310</LongitudeDegrees>
      </Position>
      <AltitudeMeters>5.3</AltitudeMeters>
      <DistanceMeters>155.5</DistanceMeters>
      <HeartRateBpm>
       <Value>147</Value>
      </HeartRateBpm>
      <Extensions>
       <TPX xmlns="http://www.garmin.com/xmlschemas/ActivityExtension/v2">
        <Speed>4.0</Speed>
       </TPX>
      </Extensions>
     </Trackpoint>
     <Trackpoint>
      <Time>2026-08-19T11:30:21Z</Time>
      <Position>
       <LatitudeDegrees>5.2341720</LatitudeDegrees>
       <LongitudeDegrees>100.4381950</LongitudeDegrees>
      </Position>
      <AltitudeMeters>5.3</AltitudeMeters>
      <DistanceMeters>159.6</DistanceMeters>
      <HeartRateBpm>
       <Value>148</Value>
      </HeartRateBpm>
      <Extensions>
       <TPX xmlns="http://www.garmin.com/xmlschemas/ActivityExtension/v2">
        <Speed>4.0</Speed>
       </TPX>
      </Extensions>
     </Trackpoint>
     <Trackpoint>
      <Time>2026-08-19T11:30:22Z</Time>
      <Position>
       <LatitudeDegrees>5.2341620</LatitudeDegrees>
       <LongitudeDegrees>100.4381560</LongitudeDegrees>
      </Position>
      <AltitudeMeters>5.3</AltitudeMeters>
      <DistanceMeters>163.9</DistanceMeters>
      <HeartRateBpm>
       <Value>148</Value>
      </HeartRateBpm>
      <Extensions>
       <TPX xmlns="http://www.garmin.com/xmlschemas/ActivityExtension/v2">
        <Speed>4.1</Speed>
       </TPX>
      </Extensions>
     </Trackpoint>
     <Trackpoint>
      <Time>2026-08-19T11:30:23Z</Time>
      <Position>
       <LatitudeDegrees>5.2341560</LatitudeDegrees>
       <LongitudeDegrees>100.4381210</LongitudeDegrees>
      </Position>
      <AltitudeMeters>5.3</AltitudeMeters>
      <DistanceMeters>167.9</DistanceMeters>
      <HeartRateBpm>
       <Value>148</Value>
      </HeartRateBpm>
      <Extensions>
       <TPX xmlns="http://www.garmin.com/xmlschemas/ActivityExtension/v2">
        <Speed>4.2</Speed>
       </TPX>
      </Extensions>
     </Trackpoint>
     <Trackpoint>
      <Time>2026-08-19T11:30:24Z</Time>
      <Position>
       <LatitudeDegrees>5.2341470</LatitudeDegrees>
       <LongitudeDegrees>100.4380770</LongitudeDegrees>
      </Position>
      <AltitudeMeters>5.3</AltitudeMeters>
      <DistanceMeters>172.9</DistanceMeters>
      <HeartRateBpm>
       <Value>149</Value>
      </HeartRateBpm>
      <Extensions>
       <TPX xmlns="http://www.garmin.com/xmlschemas/ActivityExtension/v2">
        <Speed>4.4</Speed>
       </TPX>
      </Extensions>
     </Trackpoint>
     <Trackpoint>
      <Time>2026-08-19T11:30:25Z</Time>
      <Position>
       <LatitudeDegrees>5.2341390</LatitudeDegrees>
       <LongitudeDegrees>100.4380390</LongitudeDegrees>
      </Position>
      <AltitudeMeters>5.3</AltitudeMeters>
      <DistanceMeters>177.2</DistanceMeters>
      <HeartRateBpm>
       <Value>150</Value>
      </HeartRateBpm>
      <Extensions>
       <TPX xmlns="http://www.garmin.com/xmlschemas/ActivityExtension/v2">
        <Speed>4.3</Speed>
       </TPX>
      </Extensions>
     </Trackpoint>
     <Trackpoint>
      <Time>2026-08-19T11:30:26Z</Time>
      <Position>
       <LatitudeDegrees>5.2341320</LatitudeDegrees>
       <LongitudeDegrees>100.4380040</LongitudeDegrees>
      </Position>
      <AltitudeMeters>5.3</AltitudeMeters>
      <DistanceMeters>181.2</DistanceMeters>
      <HeartRateBpm>
       <Value>150</Value>
      </HeartRateBpm>
      <Extensions>
       <TPX xmlns="http://www.garmin.com/xmlschemas/ActivityExtension/v2">
        <Speed>4.3</Speed>
       </TPX>
      </Extensions>
     </Trackpoint>
     <Trackpoint>
      <Time>2026-08-19T11:30:27Z</Time>
      <Position>
       <LatitudeDegrees>5.2341270</LatitudeDegrees>
       <LongitudeDegrees>100.4379690</LongitudeDegrees>
      </Position>
      <AltitudeMeters>5.3</AltitudeMeters>
      <DistanceMeters>185.0</DistanceMeters>
      <HeartRateBpm>
       <Value>150</Value>
      </HeartRateBpm>
      <Extensions>
       <TPX xmlns="http://www.garmin.com/xmlschemas/ActivityExtension/v2">
        <Speed>4.2</Speed>
       </TPX>
      </Extensions>
     </Trackpoint>
     <Trackpoint>
      <Time>2026-08-19T11:30:28Z</Time>
      <Position>
       <LatitudeDegrees>5.2341220</LatitudeDegrees>
       <LongitudeDegrees>100.4379350</LongitudeDegrees>
      </Position>
      <AltitudeMeters>5.3</AltitudeMeters>
      <DistanceMeters>188.8</DistanceMeters>
      <HeartRateBpm>
       <Value>150</Value>
      </HeartRateBpm>
      <Extensions>
       <TPX xmlns="http://www.garmin.com/xmlschemas/ActivityExtension/v2">
        <Speed>4.2</Speed>
       </TPX>
      </Extensions>
     </Trackpoint>
     <Trackpoint>
      <Time>2026-08-19T11:30:29Z</Time>
      <Position>
       <LatitudeDegrees>5.2341130</LatitudeDegrees>
       <LongitudeDegrees>100.4379020</LongitudeDegrees>
      </Position>
      <AltitudeMeters>5.3</AltitudeMeters>
      <DistanceMeters>192.6</DistanceMeters>
      <HeartRateBpm>
       <Value>150</Value>
      </HeartRateBpm>
      <Extensions>
       <TPX xmlns="http://www.garmin.com/xmlschemas/ActivityExtension/v2">
        <Speed>3.9</Speed>
       </TPX>
      </Extensions>
     </Trackpoint>
     <Trackpoint>
      <Time>2026-08-19T11:30:30Z</Time>
      <Position>
       <LatitudeDegrees>5.2340990</LatitudeDegrees>
       <LongitudeDegrees>100.4378710</LongitudeDegrees>
      </Position>
      <AltitudeMeters>5.3</AltitudeMeters>
      <DistanceMeters>196.4</DistanceMeters>
      <HeartRateBpm>
       <Value>150</Value>
      </HeartRateBpm>
      <Extensions>
       <TPX xmlns="http://www.garmin.com/xmlschemas/ActivityExtension/v2">
        <Speed>3.8</Speed>
       </TPX>
      </Extensions>
     </Trackpoint>
     <Trackpoint>
      <Time>2026-08-19T11:30:31Z</Time>
      <Position>
       <LatitudeDegrees>5.2340870</LatitudeDegrees>
       <LongitudeDegrees>100.4378450</LongitudeDegrees>
      </Position>
      <AltitudeMeters>5.3</AltitudeMeters>
      <DistanceMeters>199.6</DistanceMeters>
      <HeartRateBpm>
       <Value>150</Value>
      </HeartRateBpm>
      <Extensions>
       <TPX xmlns="http://www.garmin.com/xmlschemas/ActivityExtension/v2">
        <Speed>3.7</Speed>
       </TPX>
      </Extensions>
     </Trackpoint>
     <Trackpoint>
      <Time>2026-08-19T11:30:32Z</Time>
      <Position>
       <LatitudeDegrees>5.2340680</LatitudeDegrees>
       <LongitudeDegrees>100.4378130</LongitudeDegrees>
      </Position>
      <AltitudeMeters>5.3</AltitudeMeters>
      <DistanceMeters>203.7</DistanceMeters>
      <HeartRateBpm>
       <Value>151</Value>
      </HeartRateBpm>
      <Extensions>
       <TPX xmlns="http://www.garmin.com/xmlschemas/ActivityExtension/v2">
        <Speed>3.7</Speed>
       </TPX>
      </Extensions>
     </Trackpoint>
     <Trackpoint>
      <Time>2026-08-19T11:30:33Z</Time>
      <Position>
       <LatitudeDegrees>5.2340570</LatitudeDegrees>
       <LongitudeDegrees>100.4377730</LongitudeDegrees>
      </Position>
      <AltitudeMeters>5.3</AltitudeMeters>
      <DistanceMeters>208.3</DistanceMeters>
      <HeartRateBpm>
       <Value>151</Value>
      </HeartRateBpm>
      <Extensions>
       <TPX xmlns="http://www.garmin.com/xmlschemas/ActivityExtension/v2">
        <Speed>3.9</Speed>
       </TPX>
      </Extensions>
     </Trackpoint>
     <Trackpoint>
      <Time>2026-08-19T11:30:34Z</Time>
      <Position>
       <LatitudeDegrees>5.2340510</LatitudeDegrees>
       <LongitudeDegrees>100.4377390</LongitudeDegrees>
      </Position>
      <AltitudeMeters>5.3</AltitudeMeters>
      <DistanceMeters>212.2</DistanceMeters>
      <HeartRateBpm>
       <Value>151</Value>
      </HeartRateBpm>
      <Extensions>
       <TPX xmlns="http://www.garmin.com/xmlschemas/ActivityExtension/v2">
        <Speed>3.9</Speed>
       </TPX>
      </Extensions>
     </Trackpoint>
     <Trackpoint>
      <Time>2026-08-19T11:30:35Z</Time>
      <Position>
       <LatitudeDegrees>5.2340450</LatitudeDegrees>
       <LongitudeDegrees>100.4377050</LongitudeDegrees>
      </Position>
      <AltitudeMeters>5.4</AltitudeMeters>
      <DistanceMeters>215.9</DistanceMeters>
      <HeartRateBpm>
       <Value>151</Value>
      </HeartRateBpm>
      <Extensions>
       <TPX xmlns="http://www.garmin.com/xmlschemas/ActivityExtension/v2">
        <Speed>3.9</Speed>
       </TPX>
      </Extensions>
     </Trackpoint>
     <Trackpoint>
      <Time>2026-08-19T11:30:36Z</Time>
      <Position>
       <LatitudeDegrees>5.2340420</LatitudeDegrees>
       <LongitudeDegrees>100.4376710</LongitudeDegrees>
      </Position>
      <AltitudeMeters>5.4</AltitudeMeters>
      <DistanceMeters>219.8</DistanceMeters>
      <HeartRateBpm>
       <Value>151</Value>
      </HeartRateBpm>
      <Extensions>
       <TPX xmlns="http://www.garmin.com/xmlschemas/ActivityExtension/v2">
        <Speed>4.0</Speed>
       </TPX>
      </Extensions>
     </Trackpoint>
     <Trackpoint>
      <Time>2026-08-19T11:30:37Z</Time>
      <Position>
       <LatitudeDegrees>5.2340370</LatitudeDegrees>
       <LongitudeDegrees>100.4376380</LongitudeDegrees>
      </Position>
      <AltitudeMeters>5.4</AltitudeMeters>
      <DistanceMeters>223.5</DistanceMeters>
      <HeartRateBpm>
       <Value>151</Value>
      </HeartRateBpm>
      <Extensions>
       <TPX xmlns="http://www.garmin.com/xmlschemas/ActivityExtension/v2">
        <Speed>4.0</Speed>
       </TPX>
      </Extensions>
     </Trackpoint>
     <Trackpoint>
      <Time>2026-08-19T11:30:38Z</Time>
      <Position>
       <LatitudeDegrees>5.2340290</LatitudeDegrees>
       <LongitudeDegrees>100.4376080</LongitudeDegrees>
      </Position>
      <AltitudeMeters>5.4</AltitudeMeters>
      <DistanceMeters>226.9</DistanceMeters>
      <HeartRateBpm>
       <Value>152</Value>
      </HeartRateBpm>
      <Extensions>
       <TPX xmlns="http://www.garmin.com/xmlschemas/ActivityExtension/v2">
        <Speed>3.7</Speed>
       </TPX>
      </Extensions>
     </Trackpoint>
     <Trackpoint>
      <Time>2026-08-19T11:30:39Z</Time>
      <Position>
       <LatitudeDegrees>5.2340190</LatitudeDegrees>
       <LongitudeDegrees>100.4375760</LongitudeDegrees>
      </Position>
      <AltitudeMeters>5.4</AltitudeMeters>
      <DistanceMeters>230.6</DistanceMeters>
      <HeartRateBpm>
       <Value>152</Value>
      </HeartRateBpm>
      <Extensions>
       <TPX xmlns="http://www.garmin.com/xmlschemas/ActivityExtension/v2">
        <Speed>3.7</Speed>
       </TPX>
      </Extensions>
     </Trackpoint>
     <Trackpoint>
      <Time>2026-08-19T11:30:40Z</Time>
      <Position>
       <LatitudeDegrees>5.2340110</LatitudeDegrees>
       <LongitudeDegrees>100.4375440</LongitudeDegrees>
      </Position>
      <AltitudeMeters>5.4</AltitudeMeters>
      <DistanceMeters>234.3</DistanceMeters>
      <HeartRateBpm>
       <Value>152</Value>
      </HeartRateBpm>
      <Extensions>
       <TPX xmlns="http://www.garmin.com/xmlschemas/ActivityExtension/v2">
        <Speed>3.7</Speed>
       </TPX>
      </Extensions>
     </Trackpoint>
     <Trackpoint>
      <Time>2026-08-19T11:30:41Z</Time>
      <Position>
       <LatitudeDegrees>5.2340020</LatitudeDegrees>
       <LongitudeDegrees>100.4375120</LongitudeDegrees>
      </Position>
      <AltitudeMeters>5.4</AltitudeMeters>
      <DistanceMeters>237.9</DistanceMeters>
      <HeartRateBpm>
       <Value>153</Value>
      </HeartRateBpm>
      <Extensions>
       <TPX xmlns="http://www.garmin.com/xmlschemas/ActivityExtension/v2">
        <Speed>3.6</Speed>
       </TPX>
      </Extensions>
     </Trackpoint>
     <Trackpoint>
      <Time>2026-08-19T11:30:42Z</Time>
      <Position>
       <LatitudeDegrees>5.2339960</LatitudeDegrees>
       <LongitudeDegrees>100.4374810</LongitudeDegrees>
      </Position>
      <AltitudeMeters>5.4</AltitudeMeters>
      <DistanceMeters>241.5</DistanceMeters>
      <HeartRateBpm>
       <Value>153</Value>
      </HeartRateBpm>
      <Extensions>
       <TPX xmlns="http://www.garmin.com/xmlschemas/ActivityExtension/v2">
        <Speed>3.6</Speed>
       </TPX>
      </Extensions>
     </Trackpoint>
     <Trackpoint>
      <Time>2026-08-19T11:30:43Z</Time>
      <Position>
       <LatitudeDegrees>5.2339890</LatitudeDegrees>
       <LongitudeDegrees>100.4374500</LongitudeDegrees>
      </Position>
      <AltitudeMeters>5.4</AltitudeMeters>
      <DistanceMeters>245.0</DistanceMeters>
      <HeartRateBpm>
       <Value>153</Value>
      </HeartRateBpm>
      <Extensions>
       <TPX xmlns="http://www.garmin.com/xmlschemas/ActivityExtension/v2">
        <Speed>3.6</Speed>
       </TPX>
      </Extensions>
     </Trackpoint>
     <Trackpoint>
      <Time>2026-08-19T11:30:44Z</Time>
      <Position>
       <LatitudeDegrees>5.2339810</LatitudeDegrees>
       <LongitudeDegrees>100.4374220</LongitudeDegrees>
      </Position>
      <AltitudeMeters>5.4</AltitudeMeters>
      <DistanceMeters>248.1</DistanceMeters>
      <HeartRateBpm>
       <Value>153</Value>
      </HeartRateBpm>
      <Extensions>
       <TPX xmlns="http://www.garmin.com/xmlschemas/ActivityExtension/v2">
        <Speed>3.5</Speed>
       </TPX>
      </Extensions>
     </Trackpoint>
     <Trackpoint>
      <Time>2026-08-19T11:30:45Z</Time>
      <Position>
       <LatitudeDegrees>5.2339680</LatitudeDegrees>
       <LongitudeDegrees>100.4373940</LongitudeDegrees>
      </Position>
      <AltitudeMeters>5.4</AltitudeMeters>
      <DistanceMeters>251.6</DistanceMeters>
      <HeartRateBpm>
       <Value>153</Value>
      </HeartRateBpm>
      <Extensions>
       <TPX xmlns="http://www.garmin.com/xmlschemas/ActivityExtension/v2">
        <Speed>3.5</Speed>
       </TPX>
      </Extensions>
     </Trackpoint>
     <Trackpoint>
      <Time>2026-08-19T11:30:46Z</Time>
      <Position>
       <LatitudeDegrees>5.2339500</LatitudeDegrees>
       <LongitudeDegrees>100.4373560</LongitudeDegrees>
      </Position>
      <AltitudeMeters>5.4</AltitudeMeters>
      <DistanceMeters>256.2</DistanceMeters>
      <HeartRateBpm>
       <Value>153</Value>
      </HeartRateBpm>
      <Extensions>
       <TPX xmlns="http://www.garmin.com/xmlschemas/ActivityExtension/v2">
        <Speed>3.7</Speed>
       </TPX>
      </Extensions>
     </Trackpoint>
     <Trackpoint>
      <Time>2026-08-19T11:30:47Z</Time>
      <Position>
       <LatitudeDegrees>5.2339330</LatitudeDegrees>
       <LongitudeDegrees>100.4373240</LongitudeDegrees>
      </Position>
      <AltitudeMeters>5.4</AltitudeMeters>
      <DistanceMeters>260.3</DistanceMeters>
      <HeartRateBpm>
       <Value>154</Value>
      </HeartRateBpm>
      <Extensions>
       <TPX xmlns="http://www.garmin.com/xmlschemas/ActivityExtension/v2">
        <Speed>3.8</Speed>
       </TPX>
      </Extensions>
     </Trackpoint>
     <Trackpoint>
      <Time>2026-08-19T11:30:48Z</Time>
      <Position>
       <LatitudeDegrees>5.2339140</LatitudeDegrees>
       <LongitudeDegrees>100.4372940</LongitudeDegrees>
      </Position>
      <AltitudeMeters>5.4</AltitudeMeters>
      <DistanceMeters>264.2</DistanceMeters>
      <HeartRateBpm>
       <Value>154</Value>
      </HeartRateBpm>
      <Extensions>
       <TPX xmlns="http://www.garmin.com/xmlschemas/ActivityExtension/v2">
        <Speed>3.8</Speed>
       </TPX>
      </Extensions>
     </Trackpoint>
     <Trackpoint>
      <Time>2026-08-19T11:30:49Z</Time>
      <Position>
       <LatitudeDegrees>5.2339050</LatitudeDegrees>
       <LongitudeDegrees>100.4372690</LongitudeDegrees>
      </Position>
      <AltitudeMeters>5.4</AltitudeMeters>
      <DistanceMeters>264.2</DistanceMeters>
      <HeartRateBpm>
       <Value>154</Value>
      </HeartRateBpm>
      <Extensions>
       <TPX xmlns="http://www.garmin.com/xmlschemas/ActivityExtension/v2">
        <Speed>3.2</Speed>
       </TPX>
      </Extensions>
     </Trackpoint>
     <Trackpoint>
      <Time>2026-08-19T11:30:50Z</Time>
      <Position>
       <LatitudeDegrees>5.2339010</LatitudeDegrees>
       <LongitudeDegrees>100.4372610</LongitudeDegrees>
      </Position>
      <AltitudeMeters>5.4</AltitudeMeters>
      <DistanceMeters>268.1</DistanceMeters>
      <HeartRateBpm>
       <Value>155</Value>
      </HeartRateBpm>
      <Extensions>
       <TPX xmlns="http://www.garmin.com/xmlschemas/ActivityExtension/v2">
        <Speed>3.3</Speed>
       </TPX>
      </Extensions>
     </Trackpoint>
     <Trackpoint>
      <Time>2026-08-19T11:30:51Z</Time>
      <Position>
       <LatitudeDegrees>5.2338980</LatitudeDegrees>
       <LongitudeDegrees>100.4372230</LongitudeDegrees>
      </Position>
      <AltitudeMeters>5.4</AltitudeMeters>
      <DistanceMeters>272.4</DistanceMeters>
      <HeartRateBpm>
       <Value>155</Value>
      </HeartRateBpm>
      <Extensions>
       <TPX xmlns="http://www.garmin.com/xmlschemas/ActivityExtension/v2">
        <Speed>3.2</Speed>
       </TPX>
      </Extensions>
     </Trackpoint>
     <Trackpoint>
      <Time>2026-08-19T11:30:52Z</Time>
      <Position>
       <LatitudeDegrees>5.2338960</LatitudeDegrees>
       <LongitudeDegrees>100.4371830</LongitudeDegrees>
      </Position>
      <AltitudeMeters>5.4</AltitudeMeters>
      <DistanceMeters>276.8</DistanceMeters>
      <HeartRateBpm>
       <Value>154</Value>
      </HeartRateBpm>
      <Extensions>
       <TPX xmlns="http://www.garmin.com/xmlschemas/ActivityExtension/v2">
        <Speed>3.3</Speed>
       </TPX>
      </Extensions>
     </Trackpoint>
     <Trackpoint>
      <Time>2026-08-19T11:30:53Z</Time>
      <Position>
       <LatitudeDegrees>5.2338960</LatitudeDegrees>
       <LongitudeDegrees>100.4371430</LongitudeDegrees>
      </Position>
      <AltitudeMeters>5.4</AltitudeMeters>
      <DistanceMeters>281.2</DistanceMeters>
      <HeartRateBpm>
       <Value>154</Value>
      </HeartRateBpm>
      <Extensions>
       <TPX xmlns="http://www.garmin.com/xmlschemas/ActivityExtension/v2">
        <Speed>3.4</Speed>
       </TPX>
      </Extensions>
     </Trackpoint>
     <Trackpoint>
      <Time>2026-08-19T11:30:54Z</Time>
      <Position>
       <LatitudeDegrees>5.2338920</LatitudeDegrees>
       <LongitudeDegrees>100.4371110</LongitudeDegrees>
      </Position>
      <AltitudeMeters>5.4</AltitudeMeters>
      <DistanceMeters>284.7</DistanceMeters>
      <HeartRateBpm>
       <Value>155</Value>
      </HeartRateBpm>
      <Extensions>
       <TPX xmlns="http://www.garmin.com/xmlschemas/ActivityExtension/v2">
        <Speed>4.1</Speed>
       </TPX>
      </Extensions>
     </Trackpoint>
     <Trackpoint>
      <Time>2026-08-19T11:30:55Z</Time>
      <Position>
       <LatitudeDegrees>5.2338840</LatitudeDegrees>
       <LongitudeDegrees>100.4370720</LongitudeDegrees>
      </Position>
      <AltitudeMeters>5.4</AltitudeMeters>
      <DistanceMeters>289.2</DistanceMeters>
      <HeartRateBpm>
       <Value>155</Value>
      </HeartRateBpm>
      <Extensions>
       <TPX xmlns="http://www.garmin.com/xmlschemas/ActivityExtension/v2">
        <Speed>4.2</Speed>
       </TPX>
      </Extensions>
     </Trackpoint>
     <Trackpoint>
      <Time>2026-08-19T11:30:56Z</Time>
      <Position>
       <LatitudeDegrees>5.2338780</LatitudeDegrees>
       <LongitudeDegrees>100.4370400</LongitudeDegrees>
      </Position>
      <AltitudeMeters>5.4</AltitudeMeters>
      <DistanceMeters>292.8</DistanceMeters>
      <HeartRateBpm>
       <Value>155</Value>
      </HeartRateBpm>
      <Extensions>
       <TPX xmlns="http://www.garmin.com/xmlschemas/ActivityExtension/v2">
        <Speed>4.1</Speed>
       </TPX>
      </Extensions>
     </Trackpoint>
     <Trackpoint>
      <Time>2026-08-19T11:30:57Z</Time>
      <Position>
       <LatitudeDegrees>5.2338760</LatitudeDegrees>
       <LongitudeDegrees>100.4370020</LongitudeDegrees>
      </Position>
      <AltitudeMeters>5.4</AltitudeMeters>
      <DistanceMeters>297.0</DistanceMeters>
      <HeartRateBpm>
       <Value>155</Value>
      </HeartRateBpm>
      <Extensions>
       <TPX xmlns="http://www.garmin.com/xmlschemas/ActivityExtension/v2">
        <Speed>4.0</Speed>
       </TPX>
      </Extensions>
     </Trackpoint>
     <Trackpoint>
      <Time>2026-08-19T11:30:58Z</Time>
      <Position>
       <LatitudeDegrees>5.2338720</LatitudeDegrees>
       <LongitudeDegrees>100.4369710</LongitudeDegrees>
      </Position>
      <AltitudeMeters>5.4</AltitudeMeters>
      <DistanceMeters>300.4</DistanceMeters>
      <HeartRateBpm>
       <Value>155</Value>
      </HeartRateBpm>
      <Extensions>
       <TPX xmlns="http://www.garmin.com/xmlschemas/ActivityExtension/v2">
        <Speed>3.8</Speed>
       </TPX>
      </Extensions>
     </Trackpoint>
     <Trackpoint>
      <Time>2026-08-19T11:30:59Z</Time>
      <Position>
       <LatitudeDegrees>5.2338650</LatitudeDegrees>
       <LongitudeDegrees>100.4369430</LongitudeDegrees>
      </Position>
      <AltitudeMeters>5.4</AltitudeMeters>
      <DistanceMeters>303.6</DistanceMeters>
      <HeartRateBpm>
       <Value>155</Value>
      </HeartRateBpm>
      <Extensions>
       <TPX xmlns="http://www.garmin.com/xmlschemas/ActivityExtension/v2">
        <Speed>3.8</Speed>
       </TPX>
      </Extensions>
     </Trackpoint>
     <Trackpoint>
      <Time>2026-08-19T11:31:00Z</Time>
      <Position>
       <LatitudeDegrees>5.2338580</LatitudeDegrees>
       <LongitudeDegrees>100.4369140</LongitudeDegrees>
      </Position>
      <AltitudeMeters>5.4</AltitudeMeters>
      <DistanceMeters>307.0</DistanceMeters>
      <HeartRateBpm>
       <Value>155</Value>
      </HeartRateBpm>
      <Extensions>
       <TPX xmlns="http://www.garmin.com/xmlschemas/ActivityExtension/v2">
        <Speed>3.6</Speed>
       </TPX>
      </Extensions>
     </Trackpoint>
     <Trackpoint>
      <Time>2026-08-19T11:31:01Z</Time>
      <Position>
       <LatitudeDegrees>5.2338520</LatitudeDegrees>
       <LongitudeDegrees>100.4368810</LongitudeDegrees>
      </Position>
      <AltitudeMeters>5.4</AltitudeMeters>
      <DistanceMeters>310.7</DistanceMeters>
      <HeartRateBpm>
       <Value>155</Value>
      </HeartRateBpm>
      <Extensions>
       <TPX xmlns="http://www.garmin.com/xmlschemas/ActivityExtension/v2">
        <Speed>3.6</Speed>
       </TPX>
      </Extensions>
     </Trackpoint>
     <Trackpoint>
      <Time>2026-08-19T11:31:02Z</Time>
      <Position>
       <LatitudeDegrees>5.2338450</LatitudeDegrees>
       <LongitudeDegrees>100.4368500</LongitudeDegrees>
      </Position>
      <AltitudeMeters>5.5</AltitudeMeters>
      <DistanceMeters>314.2</DistanceMeters>
      <HeartRateBpm>
       <Value>154</Value>
      </HeartRateBpm>
      <Extensions>
       <TPX xmlns="http://www.garmin.com/xmlschemas/ActivityExtension/v2">
        <Speed>3.4</Speed>
       </TPX>
      </Extensions>
     </Trackpoint>
     <Trackpoint>
      <Time>2026-08-19T11:31:03Z</Time>
      <Position>
       <LatitudeDegrees>5.2338400</LatitudeDegrees>
       <LongitudeDegrees>100.4368120</LongitudeDegrees>
      </Position>
      <AltitudeMeters>5.5</AltitudeMeters>
      <DistanceMeters>318.4</DistanceMeters>
      <HeartRateBpm>
       <Value>155</Value>
      </HeartRateBpm>
      <Extensions>
       <TPX xmlns="http://www.garmin.com/xmlschemas/ActivityExtension/v2">
        <Speed>3.6</Speed>
       </TPX>
      </Extensions>
     </Trackpoint>
     <Trackpoint>
      <Time>2026-08-19T11:31:04Z</Time>
      <Position>
       <LatitudeDegrees>5.2338380</LatitudeDegrees>
       <LongitudeDegrees>100.4367690</LongitudeDegrees>
      </Position>
      <AltitudeMeters>5.5</AltitudeMeters>
      <DistanceMeters>323.3</DistanceMeters>
      <HeartRateBpm>
       <Value>155</Value>
      </HeartRateBpm>
      <Extensions>
       <TPX xmlns="http://www.garmin.com/xmlschemas/ActivityExtension/v2">
        <Speed>3.9</Speed>
       </TPX>
      </Extensions>
     </Trackpoint>
     <Trackpoint>
      <Time>2026-08-19T11:31:05Z</Time>
      <Position>
       <LatitudeDegrees>5.2338350</LatitudeDegrees>
       <LongitudeDegrees>100.4367340</LongitudeDegrees>
      </Position>
      <AltitudeMeters>5.5</AltitudeMeters>
      <DistanceMeters>327.1</DistanceMeters>
      <HeartRateBpm>
       <Value>155</Value>
      </HeartRateBpm>
      <Extensions>
       <TPX xmlns="http://www.garmin.com/xmlschemas/ActivityExtension/v2">
        <Speed>4.0</Speed>
       </TPX>
      </Extensions>
     </Trackpoint>
     <Trackpoint>
      <Time>2026-08-19T11:31:06Z</Time>
      <Position>
       <LatitudeDegrees>5.2338310</LatitudeDegrees>
       <LongitudeDegrees>100.4366990</LongitudeDegrees>
      </Position>
      <AltitudeMeters>5.5</AltitudeMeters>
      <DistanceMeters>330.9</DistanceMeters>
      <HeartRateBpm>
       <Value>156</Value>
      </HeartRateBpm>
      <Extensions>
       <TPX xmlns="http://www.garmin.com/xmlschemas/ActivityExtension/v2">
        <Speed>4.0</Speed>
       </TPX>
      </Extensions>
     </Trackpoint>
     <Trackpoint>
      <Time>2026-08-19T11:31:07Z</Time>
      <Position>
       <LatitudeDegrees>5.2338270</LatitudeDegrees>
       <LongitudeDegrees>100.4366650</LongitudeDegrees>
      </Position>
      <AltitudeMeters>5.5</AltitudeMeters>
      <DistanceMeters>334.8</DistanceMeters>
      <HeartRateBpm>
       <Value>156</Value>
      </HeartRateBpm>
      <Extensions>
       <TPX xmlns="http://www.garmin.com/xmlschemas/ActivityExtension/v2">
        <Speed>4.1</Speed>
       </TPX>
      </Extensions>
     </Trackpoint>
     <Trackpoint>
      <Time>2026-08-19T11:31:08Z</Time>
      <Position>
       <LatitudeDegrees>5.2338180</LatitudeDegrees>
       <LongitudeDegrees>100.4366330</LongitudeDegrees>
      </Position>
      <AltitudeMeters>5.5</AltitudeMeters>
      <DistanceMeters>338.5</DistanceMeters>
      <HeartRateBpm>
       <Value>156</Value>
      </HeartRateBpm>
      <Extensions>
       <TPX xmlns="http://www.garmin.com/xmlschemas/ActivityExtension/v2">
        <Speed>4.0</Speed>
       </TPX>
      </Extensions>
     </Trackpoint>
     <Trackpoint>
      <Time>2026-08-19T11:31:09Z</Time>
      <Position>
       <LatitudeDegrees>5.2338090</LatitudeDegrees>
       <LongitudeDegrees>100.4366020</LongitudeDegrees>
      </Position>
      <AltitudeMeters>5.5</AltitudeMeters>
      <DistanceMeters>342.1</DistanceMeters>
      <HeartRateBpm>
       <Value>156</Value>
      </HeartRateBpm>
      <Extensions>
       <TPX xmlns="http://www.garmin.com/xmlschemas/ActivityExtension/v2">
        <Speed>3.8</Speed>
       </TPX>
      </Extensions>
     </Trackpoint>
     <Trackpoint>
      <Time>2026-08-19T11:31:10Z</Time>
      <Position>
       <LatitudeDegrees>5.2338010</LatitudeDegrees>
       <LongitudeDegrees>100.4365710</LongitudeDegrees>
      </Position>
      <AltitudeMeters>5.5</AltitudeMeters>
      <DistanceMeters>345.6</DistanceMeters>
      <HeartRateBpm>
       <Value>156</Value>
      </HeartRateBpm>
      <Extensions>
       <TPX xmlns="http://www.garmin.com/xmlschemas/ActivityExtension/v2">
        <Speed>3.7</Speed>
       </TPX>
      </Extensions>
     </Trackpoint>
     <Trackpoint>
      <Time>2026-08-19T11:31:11Z</Time>
      <Position>
       <LatitudeDegrees>5.2337930</LatitudeDegrees>
       <LongitudeDegrees>100.4365410</LongitudeDegrees>
      </Position>
      <AltitudeMeters>5.5</AltitudeMeters>
      <DistanceMeters>349.1</DistanceMeters>
      <HeartRateBpm>
       <Value>156</Value>
      </HeartRateBpm>
      <Extensions>
       <TPX xmlns="http://www.garmin.com/xmlschemas/ActivityExtension/v2">
        <Speed>3.6</Speed>
       </TPX>
      </Extensions>
     </Trackpoint>
     <Trackpoint>
      <Time>2026-08-19T11:31:12Z</Time>
      <Position>
       <LatitudeDegrees>5.2337830</LatitudeDegrees>
       <LongitudeDegrees>100.4365140</LongitudeDegrees>
      </Position>
      <AltitudeMeters>5.5</AltitudeMeters>
      <DistanceMeters>352.2</DistanceMeters>
      <HeartRateBpm>
       <Value>156</Value>
      </HeartRateBpm>
      <Extensions>
       <TPX xmlns="http://www.garmin.com/xmlschemas/ActivityExtension/v2">
        <Speed>3.5</Speed>
       </TPX>
      </Extensions>
     </Trackpoint>
     <Trackpoint>
      <Time>2026-08-19T11:31:13Z</Time>
      <Position>
       <LatitudeDegrees>5.2337730</LatitudeDegrees>
       <LongitudeDegrees>100.4364850</LongitudeDegrees>
      </Position>
      <AltitudeMeters>5.5</AltitudeMeters>
      <DistanceMeters>355.6</DistanceMeters>
      <HeartRateBpm>
       <Value>156</Value>
      </HeartRateBpm>
      <Extensions>
       <TPX xmlns="http://www.garmin.com/xmlschemas/ActivityExtension/v2">
        <Speed>3.4</Speed>
       </TPX>
      </Extensions>
     </Trackpoint>
     <Trackpoint>
      <Time>2026-08-19T11:31:14Z</Time>
      <Position>
       <LatitudeDegrees>5.2337660</LatitudeDegrees>
       <LongitudeDegrees>100.4364580</LongitudeDegrees>
      </Position>
      <AltitudeMeters>5.5</AltitudeMeters>
      <DistanceMeters>358.6</DistanceMeters>
      <HeartRateBpm>
       <Value>157</Value>
      </HeartRateBpm>
      <Extensions>
       <TPX xmlns="http://www.garmin.com/xmlschemas/ActivityExtension/v2">
        <Speed>3.3</Speed>
       </TPX>
      </Extensions>
     </Trackpoint>
     <Trackpoint>
      <Time>2026-08-19T11:31:15Z</Time>
      <Position>
       <LatitudeDegrees>5.2337660</LatitudeDegrees>
       <LongitudeDegrees>100.4364270</LongitudeDegrees>
      </Position>
      <AltitudeMeters>5.5</AltitudeMeters>
      <DistanceMeters>362.1</DistanceMeters>
      <HeartRateBpm>
       <Value>157</Value>
      </HeartRateBpm>
      <Extensions>
       <TPX xmlns="http://www.garmin.com/xmlschemas/ActivityExtension/v2">
        <Speed>3.3</Speed>
       </TPX>
      </Extensions>
     </Trackpoint>
     <Trackpoint>
      <Time>2026-08-19T11:31:16Z</Time>
      <Position>
       <LatitudeDegrees>5.2337650</LatitudeDegrees>
       <LongitudeDegrees>100.4363980</LongitudeDegrees>
      </Position>
      <AltitudeMeters>5.5</AltitudeMeters>
      <DistanceMeters>365.3</DistanceMeters>
      <HeartRateBpm>
       <Value>157</Value>
      </HeartRateBpm>
      <Extensions>
       <TPX xmlns="http://www.garmin.com/xmlschemas/ActivityExtension/v2">
        <Speed>3.2</Speed>
       </TPX>
      </Extensions>
     </Trackpoint>
     <Trackpoint>
      <Time>2026-08-19T11:31:17Z</Time>
      <Position>
       <LatitudeDegrees>5.2337630</LatitudeDegrees>
       <LongitudeDegrees>100.4363680</LongitudeDegrees>
      </Position>
      <AltitudeMeters>5.5</AltitudeMeters>
      <DistanceMeters>368.7</DistanceMeters>
      <HeartRateBpm>
       <Value>158</Value>
      </HeartRateBpm>
      <Extensions>
       <TPX xmlns="http://www.garmin.com/xmlschemas/ActivityExtension/v2">
        <Speed>3.3</Speed>
       </TPX>
      </Extensions>
     </Trackpoint>
     <Trackpoint>
      <Time>2026-08-19T11:31:18Z</Time>
      <Position>
       <LatitudeDegrees>5.2337580</LatitudeDegrees>
       <LongitudeDegrees>100.4363380</LongitudeDegrees>
      </Position>
      <AltitudeMeters>5.5</AltitudeMeters>
      <DistanceMeters>372.0</DistanceMeters>
      <HeartRateBpm>
       <Value>157</Value>
      </HeartRateBpm>
      <Extensions>
       <TPX xmlns="http://www.garmin.com/xmlschemas/ActivityExtension/v2">
        <Speed>3.3</Speed>
       </TPX>
      </Extensions>
     </Trackpoint>
     <Trackpoint>
      <Time>2026-08-19T11:31:19Z</Time>
      <Position>
       <LatitudeDegrees>5.2337480</LatitudeDegrees>
       <LongitudeDegrees>100.4363110</LongitudeDegrees>
      </Position>
      <AltitudeMeters>5.5</AltitudeMeters>
      <DistanceMeters>375.3</DistanceMeters>
      <HeartRateBpm>
       <Value>158</Value>
      </HeartRateBpm>
      <Extensions>
       <TPX xmlns="http://www.garmin.com/xmlschemas/ActivityExtension/v2">
        <Speed>3.3</Speed>
       </TPX>
      </Extensions>
     </Trackpoint>
     <Trackpoint>
      <Time>2026-08-19T11:31:20Z</Time>
      <Position>
       <LatitudeDegrees>5.2337320</LatitudeDegrees>
       <LongitudeDegrees>100.4362850</LongitudeDegrees>
      </Position>
      <AltitudeMeters>5.5</AltitudeMeters>
      <DistanceMeters>378.7</DistanceMeters>
      <HeartRateBpm>
       <Value>157</Value>
      </HeartRateBpm>
      <Extensions>
       <TPX xmlns="http://www.garmin.com/xmlschemas/ActivityExtension/v2">
        <Speed>3.3</Speed>
       </TPX>
      </Extensions>
     </Trackpoint>
     <Trackpoint>
      <Time>2026-08-19T11:31:21Z</Time>
      <Position>
       <LatitudeDegrees>5.2337200</LatitudeDegrees>
       <LongitudeDegrees>100.4362590</LongitudeDegrees>
      </Position>
      <AltitudeMeters>5.5</AltitudeMeters>
      <DistanceMeters>381.8</DistanceMeters>
      <HeartRateBpm>
       <Value>157</Value>
      </HeartRateBpm>
      <Extensions>
       <TPX xmlns="http://www.garmin.com/xmlschemas/ActivityExtension/v2">
        <Speed>3.3</Speed>
       </TPX>
      </Extensions>
     </Trackpoint>
     <Trackpoint>
      <Time>2026-08-19T11:31:22Z</Time>
      <Position>
       <LatitudeDegrees>5.2337010</LatitudeDegrees>
       <LongitudeDegrees>100.4362290</LongitudeDegrees>
      </Position>
      <AltitudeMeters>5.5</AltitudeMeters>
      <DistanceMeters>385.8</DistanceMeters>
      <HeartRateBpm>
       <Value>157</Value>
      </HeartRateBpm>
      <Extensions>
       <TPX xmlns="http://www.garmin.com/xmlschemas/ActivityExtension/v2">
        <Speed>3.4</Speed>
       </TPX>
      </Extensions>
     </Trackpoint>
     <Trackpoint>
      <Time>2026-08-19T11:31:23Z</Time>
      <Position>
       <LatitudeDegrees>5.2336850</LatitudeDegrees>
       <LongitudeDegrees>100.4361990</LongitudeDegrees>
      </Position>
      <AltitudeMeters>5.5</AltitudeMeters>
      <DistanceMeters>389.5</DistanceMeters>
      <HeartRateBpm>
       <Value>157</Value>
      </HeartRateBpm>
      <Extensions>
       <TPX xmlns="http://www.garmin.com/xmlschemas/ActivityExtension/v2">
        <Speed>3.5</Speed>
       </TPX>
      </Extensions>
     </Trackpoint>
     <Trackpoint>
      <Time>2026-08-19T11:31:24Z</Time>
      <Position>
       <LatitudeDegrees>5.2336690</LatitudeDegrees>
       <LongitudeDegrees>100.4361690</LongitudeDegrees>
      </Position>
      <AltitudeMeters>5.5</AltitudeMeters>
      <DistanceMeters>393.2</DistanceMeters>
      <HeartRateBpm>
       <Value>156</Value>
      </HeartRateBpm>
      <Extensions>
       <TPX xmlns="http://www.garmin.com/xmlschemas/ActivityExtension/v2">
        <Speed>3.6</Speed>
       </TPX>
      </Extensions>
     </Trackpoint>
     <Trackpoint>
      <Time>2026-08-19T11:31:25Z</Time>
      <Position>
       <LatitudeDegrees>5.2336570</LatitudeDegrees>
       <LongitudeDegrees>100.4361410</LongitudeDegrees>
      </Position>
      <AltitudeMeters>5.5</AltitudeMeters>
      <DistanceMeters>396.6</DistanceMeters>
      <HeartRateBpm>
       <Value>156</Value>
      </HeartRateBpm>
      <Extensions>
       <TPX xmlns="http://www.garmin.com/xmlschemas/ActivityExtension/v2">
        <Speed>3.6</Speed>
       </TPX>
      </Extensions>
     </Trackpoint>
     <Trackpoint>
      <Time>2026-08-19T11:31:26Z</Time>
      <Position>
       <LatitudeDegrees>5.2336490</LatitudeDegrees>
       <LongitudeDegrees>100.4361100</LongitudeDegrees>
      </Position>
      <AltitudeMeters>5.5</AltitudeMeters>
      <DistanceMeters>400.2</DistanceMeters>
      <HeartRateBpm>
       <Value>156</Value>
      </HeartRateBpm>
      <Extensions>
       <TPX xmlns="http://www.garmin.com/xmlschemas/ActivityExtension/v2">
        <Speed>3.7</Speed>
       </TPX>
      </Extensions>
     </Trackpoint>
     <Trackpoint>
      <Time>2026-08-19T11:31:27Z</Time>
      <Position>
       <LatitudeDegrees>5.2336450</LatitudeDegrees>
       <LongitudeDegrees>100.4360790</LongitudeDegrees>
      </Position>
      <AltitudeMeters>5.5</AltitudeMeters>
      <DistanceMeters>403.6</DistanceMeters>
      <HeartRateBpm>
       <Value>157</Value>
      </HeartRateBpm>
      <Extensions>
       <TPX xmlns="http://www.garmin.com/xmlschemas/ActivityExtension/v2">
        <Speed>3.6</Speed>
       </TPX>
      </Extensions>
     </Trackpoint>
     <Trackpoint>
      <Time>2026-08-19T11:31:28Z</Time>
      <Position>
       <LatitudeDegrees>5.2336410</LatitudeDegrees>
       <LongitudeDegrees>100.4360500</LongitudeDegrees>
      </Position>
      <AltitudeMeters>5.5</AltitudeMeters>
      <DistanceMeters>406.9</DistanceMeters>
      <HeartRateBpm>
       <Value>157</Value>
      </HeartRateBpm>
      <Extensions>
       <TPX xmlns="http://www.garmin.com/xmlschemas/ActivityExtension/v2">
        <Speed>3.5</Speed>
       </TPX>
      </Extensions>
     </Trackpoint>
     <Trackpoint>
      <Time>2026-08-19T11:31:29Z</Time>
      <Position>
       <LatitudeDegrees>5.2336420</LatitudeDegrees>
       <LongitudeDegrees>100.4360130</LongitudeDegrees>
      </Position>
      <AltitudeMeters>5.5</AltitudeMeters>
      <DistanceMeters>411.0</DistanceMeters>
      <HeartRateBpm>
       <Value>157</Value>
      </HeartRateBpm>
      <Extensions>
       <TPX xmlns="http://www.garmin.com/xmlschemas/ActivityExtension/v2">
        <Speed>3.6</Speed>
       </TPX>
      </Extensions>
     </Trackpoint>
     <Trackpoint>
      <Time>2026-08-19T11:31:30Z</Time>
      <Position>
       <LatitudeDegrees>5.2336400</LatitudeDegrees>
       <LongitudeDegrees>100.4359790</LongitudeDegrees>
      </Position>
      <AltitudeMeters>5.5</AltitudeMeters>
      <DistanceMeters>414.7</DistanceMeters>
      <HeartRateBpm>
       <Value>157</Value>
      </HeartRateBpm>
      <Extensions>
       <TPX xmlns="http://www.garmin.com/xmlschemas/ActivityExtension/v2">
        <Speed>3.6</Speed>
       </TPX>
      </Extensions>
     </Trackpoint>
     <Trackpoint>
      <Time>2026-08-19T11:31:31Z</Time>
      <Position>
       <LatitudeDegrees>5.2336370</LatitudeDegrees>
       <LongitudeDegrees>100.4359480</LongitudeDegrees>
      </Position>
      <AltitudeMeters>5.5</AltitudeMeters>
      <DistanceMeters>418.3</DistanceMeters>
      <HeartRateBpm>
       <Value>156</Value>
      </HeartRateBpm>
      <Extensions>
       <TPX xmlns="http://www.garmin.com/xmlschemas/ActivityExtension/v2">
        <Speed>3.6</Speed>
       </TPX>
      </Extensions>
     </Trackpoint>
     <Trackpoint>
      <Time>2026-08-19T11:31:32Z</Time>
      <Position>
       <LatitudeDegrees>5.2336340</LatitudeDegrees>
       <LongitudeDegrees>100.4359150</LongitudeDegrees>
      </Position>
      <AltitudeMeters>5.5</AltitudeMeters>
      <DistanceMeters>421.9</DistanceMeters>
      <HeartRateBpm>
       <Value>156</Value>
      </HeartRateBpm>
      <Extensions>
       <TPX xmlns="http://www.garmin.com/xmlschemas/ActivityExtension/v2">
        <Speed>3.7</Speed>
       </TPX>
      </Extensions>
     </Trackpoint>
     <Trackpoint>
      <Time>2026-08-19T11:31:33Z</Time>
      <Position>
       <LatitudeDegrees>5.2336320</LatitudeDegrees>
       <LongitudeDegrees>100.4358770</LongitudeDegrees>
      </Position>
      <AltitudeMeters>5.5</AltitudeMeters>
      <DistanceMeters>426.1</DistanceMeters>
      <HeartRateBpm>
       <Value>156</Value>
      </HeartRateBpm>
      <Extensions>
       <TPX xmlns="http://www.garmin.com/xmlschemas/ActivityExtension/v2">
        <Speed>3.8</Speed>
       </TPX>
      </Extensions>
     </Trackpoint>
     <Trackpoint>
      <Time>2026-08-19T11:31:34Z</Time>
      <Position>
       <LatitudeDegrees>5.2336280</LatitudeDegrees>
       <LongitudeDegrees>100.4358430</LongitudeDegrees>
      </Position>
      <AltitudeMeters>5.5</AltitudeMeters>
      <DistanceMeters>429.9</DistanceMeters>
      <HeartRateBpm>
       <Value>157</Value>
      </HeartRateBpm>
      <Extensions>
       <TPX xmlns="http://www.garmin.com/xmlschemas/ActivityExtension/v2">
        <Speed>3.8</Speed>
       </TPX>
      </Extensions>
     </Trackpoint>
     <Trackpoint>
      <Time>2026-08-19T11:31:35Z</Time>
      <Position>
       <LatitudeDegrees>5.2336230</LatitudeDegrees>
       <LongitudeDegrees>100.4358130</LongitudeDegrees>
      </Position>
      <AltitudeMeters>5.5</AltitudeMeters>
      <DistanceMeters>433.2</DistanceMeters>
      <HeartRateBpm>
       <Value>157</Value>
      </HeartRateBpm>
      <Extensions>
       <TPX xmlns="http://www.garmin.com/xmlschemas/ActivityExtension/v2">
        <Speed>3.7</Speed>
       </TPX>
      </Extensions>
     </Trackpoint>
     <Trackpoint>
      <Time>2026-08-19T11:31:36Z</Time>
      <Position>
       <LatitudeDegrees>5.2336190</LatitudeDegrees>
       <LongitudeDegrees>100.4357800</LongitudeDegrees>
      </Position>
      <AltitudeMeters>5.5</AltitudeMeters>
      <DistanceMeters>436.9</DistanceMeters>
      <HeartRateBpm>
       <Value>157</Value>
      </HeartRateBpm>
      <Extensions>
       <TPX xmlns="http://www.garmin.com/xmlschemas/ActivityExtension/v2">
        <Speed>3.7</Speed>
       </TPX>
      </Extensions>
     </Trackpoint>
     <Trackpoint>
      <Time>2026-08-19T11:31:37Z</Time>
      <Position>
       <LatitudeDegrees>5.2336150</LatitudeDegrees>
       <LongitudeDegrees>100.4357510</LongitudeDegrees>
      </Position>
      <AltitudeMeters>5.5</AltitudeMeters>
      <DistanceMeters>440.2</DistanceMeters>
      <HeartRateBpm>
       <Value>157</Value>
      </HeartRateBpm>
      <Extensions>
       <TPX xmlns="http://www.garmin.com/xmlschemas/ActivityExtension/v2">
        <Speed>3.7</Speed>
       </TPX>
      </Extensions>
     </Trackpoint>
     <Trackpoint>
      <Time>2026-08-19T11:31:38Z</Time>
      <Position>
       <LatitudeDegrees>5.2336010</LatitudeDegrees>
       <LongitudeDegrees>100.4357270</LongitudeDegrees>
      </Position>
      <AltitudeMeters>5.5</AltitudeMeters>
      <DistanceMeters>443.3</DistanceMeters>
      <HeartRateBpm>
       <Value>157</Value>
      </HeartRateBpm>
      <Extensions>
       <TPX xmlns="http://www.garmin.com/xmlschemas/ActivityExtension/v2">
        <Speed>3.4</Speed>
       </TPX>
      </Extensions>
     </Trackpoint>
     <Trackpoint>
      <Time>2026-08-19T11:31:39Z</Time>
      <Position>
       <LatitudeDegrees>5.2335880</LatitudeDegrees>
       <LongitudeDegrees>100.4357030</LongitudeDegrees>
      </Position>
      <AltitudeMeters>5.5</AltitudeMeters>
      <DistanceMeters>446.3</DistanceMeters>
      <HeartRateBpm>
       <Value>157</Value>
      </HeartRateBpm>
      <Extensions>
       <TPX xmlns="http://www.garmin.com/xmlschemas/ActivityExtension/v2">
        <Speed>3.3</Speed>
       </TPX>
      </Extensions>
     </Trackpoint>
     <Trackpoint>
      <Time>2026-08-19T11:31:40Z</Time>
      <Position>
       <LatitudeDegrees>5.2335710</LatitudeDegrees>
       <LongitudeDegrees>100.4356740</LongitudeDegrees>
      </Position>
      <AltitudeMeters>5.6</AltitudeMeters>
      <DistanceMeters>450.0</DistanceMeters>
      <HeartRateBpm>
       <Value>157</Value>
      </HeartRateBpm>
      <Extensions>
       <TPX xmlns="http://www.garmin.com/xmlschemas/ActivityExtension/v2">
        <Speed>3.4</Speed>
       </TPX>
      </Extensions>
     </Trackpoint>
     <Trackpoint>
      <Time>2026-08-19T11:31:41Z</Time>
      <Position>
       <LatitudeDegrees>5.2335620</LatitudeDegrees>
       <LongitudeDegrees>100.4356440</LongitudeDegrees>
      </Position>
      <AltitudeMeters>5.6</AltitudeMeters>
      <DistanceMeters>453.5</DistanceMeters>
      <HeartRateBpm>
       <Value>157</Value>
      </HeartRateBpm>
      <Extensions>
       <TPX xmlns="http://www.garmin.com/xmlschemas/ActivityExtension/v2">
        <Speed>3.3</Speed>
       </TPX>
      </Extensions>
     </Trackpoint>
     <Trackpoint>
      <Time>2026-08-19T11:31:42Z</Time>
      <Position>
       <LatitudeDegrees>5.2335590</LatitudeDegrees>
       <LongitudeDegrees>100.4356140</LongitudeDegrees>
      </Position>
      <AltitudeMeters>5.6</AltitudeMeters>
      <DistanceMeters>456.8</DistanceMeters>
      <HeartRateBpm>
       <Value>157</Value>
      </HeartRateBpm>
      <Extensions>
       <TPX xmlns="http://www.garmin.com/xmlschemas/ActivityExtension/v2">
        <Speed>3.3</Speed>
       </TPX>
      </Extensions>
     </Trackpoint>
     <Trackpoint>
      <Time>2026-08-19T11:31:43Z</Time>
      <Position>
       <LatitudeDegrees>5.2335600</LatitudeDegrees>
       <LongitudeDegrees>100.4355890</LongitudeDegrees>
      </Position>
      <AltitudeMeters>5.6</AltitudeMeters>
      <DistanceMeters>459.6</DistanceMeters>
      <HeartRateBpm>
       <Value>157</Value>
      </HeartRateBpm>
      <Extensions>
       <TPX xmlns="http://www.garmin.com/xmlschemas/ActivityExtension/v2">
        <Speed>3.2</Speed>
       </TPX>
      </Extensions>
     </Trackpoint>
     <Trackpoint>
      <Time>2026-08-19T11:31:44Z</Time>
      <Position>
       <LatitudeDegrees>5.2335620</LatitudeDegrees>
       <LongitudeDegrees>100.4355640</LongitudeDegrees>
      </Position>
      <AltitudeMeters>5.6</AltitudeMeters>
      <DistanceMeters>462.3</DistanceMeters>
      <HeartRateBpm>
       <Value>157</Value>
      </HeartRateBpm>
      <Extensions>
       <TPX xmlns="http://www.garmin.com/xmlschemas/ActivityExtension/v2">
        <Speed>3.2</Speed>
       </TPX>
      </Extensions>
     </Trackpoint>
     <Trackpoint>
      <Time>2026-08-19T11:31:45Z</Time>
      <Position>
       <LatitudeDegrees>5.2335370</LatitudeDegrees>
       <LongitudeDegrees>100.4355410</LongitudeDegrees>
      </Position>
      <AltitudeMeters>5.6</AltitudeMeters>
      <DistanceMeters>466.1</DistanceMeters>
      <HeartRateBpm>
       <Value>157</Value>
      </HeartRateBpm>
      <Extensions>
       <TPX xmlns="http://www.garmin.com/xmlschemas/ActivityExtension/v2">
        <Speed>3.2</Speed>
       </TPX>
      </Extensions>
     </Trackpoint>
     <Trackpoint>
      <Time>2026-08-19T11:31:46Z</Time>
      <Position>
       <LatitudeDegrees>5.2335120</LatitudeDegrees>
       <LongitudeDegrees>100.4355190</LongitudeDegrees>
      </Position>
      <AltitudeMeters>5.6</AltitudeMeters>
      <DistanceMeters>469.8</DistanceMeters>
      <HeartRateBpm>
       <Value>156</Value>
      </HeartRateBpm>
      <Extensions>
       <TPX xmlns="http://www.garmin.com/xmlschemas/ActivityExtension/v2">
        <Speed>3.3</Speed>
       </TPX>
      </Extensions>
     </Trackpoint>
     <Trackpoint>
      <Time>2026-08-19T11:31:47Z</Time>
      <Position>
       <LatitudeDegrees>5.2334910</LatitudeDegrees>
       <LongitudeDegrees>100.4354920</LongitudeDegrees>
      </Position>
      <AltitudeMeters>5.6</AltitudeMeters>
      <DistanceMeters>473.6</DistanceMeters>
      <HeartRateBpm>
       <Value>157</Value>
      </HeartRateBpm>
      <Extensions>
       <TPX xmlns="http://www.garmin.com/xmlschemas/ActivityExtension/v2">
        <Speed>3.4</Speed>
       </TPX>
      </Extensions>
     </Trackpoint>
     <Trackpoint>
      <Time>2026-08-19T11:31:48Z</Time>
      <Position>
       <LatitudeDegrees>5.2334790</LatitudeDegrees>
       <LongitudeDegrees>100.4354630</LongitudeDegrees>
      </Position>
      <AltitudeMeters>5.6</AltitudeMeters>
      <DistanceMeters>477.1</DistanceMeters>
      <HeartRateBpm>
       <Value>157</Value>
      </HeartRateBpm>
      <Extensions>
       <TPX xmlns="http://www.garmin.com/xmlschemas/ActivityExtension/v2">
        <Speed>3.5</Speed>
       </TPX>
      </Extensions>
     </Trackpoint>
     <Trackpoint>
      <Time>2026-08-19T11:31:49Z</Time>
      <Position>
       <LatitudeDegrees>5.2334690</LatitudeDegrees>
       <LongitudeDegrees>100.4354310</LongitudeDegrees>
      </Position>
      <AltitudeMeters>5.6</AltitudeMeters>
      <DistanceMeters>480.8</DistanceMeters>
      <HeartRateBpm>
       <Value>157</Value>
      </HeartRateBpm>
      <Extensions>
       <TPX xmlns="http://www.garmin.com/xmlschemas/ActivityExtension/v2">
        <Speed>3.7</Speed>
       </TPX>
      </Extensions>
     </Trackpoint>
     <Trackpoint>
      <Time>2026-08-19T11:31:50Z</Time>
      <Position>
       <LatitudeDegrees>5.2334610</LatitudeDegrees>
       <LongitudeDegrees>100.4353980</LongitudeDegrees>
      </Position>
      <AltitudeMeters>5.6</AltitudeMeters>
      <DistanceMeters>484.5</DistanceMeters>
      <HeartRateBpm>
       <Value>156</Value>
      </HeartRateBpm>
      <Extensions>
       <TPX xmlns="http://www.garmin.com/xmlschemas/ActivityExtension/v2">
        <Speed>3.7</Speed>
       </TPX>
      </Extensions>
     </Trackpoint>
     <Trackpoint>
      <Time>2026-08-19T11:31:51Z</Time>
      <Position>
       <LatitudeDegrees>5.2334570</LatitudeDegrees>
       <LongitudeDegrees>100.4353660</LongitudeDegrees>
      </Position>
      <AltitudeMeters>5.6</AltitudeMeters>
      <DistanceMeters>488.1</DistanceMeters>
      <HeartRateBpm>
       <Value>157</Value>
      </HeartRateBpm>
      <Extensions>
       <TPX xmlns="http://www.garmin.com/xmlschemas/ActivityExtension/v2">
        <Speed>3.7</Speed>
       </TPX>
      </Extensions>
     </Trackpoint>
     <Trackpoint>
      <Time>2026-08-19T11:31:52Z</Time>
      <Position>
       <LatitudeDegrees>5.2334520</LatitudeDegrees>
       <LongitudeDegrees>100.4353330</LongitudeDegrees>
      </Position>
      <AltitudeMeters>5.6</AltitudeMeters>
      <DistanceMeters>491.8</DistanceMeters>
      <HeartRateBpm>
       <Value>158</Value>
      </HeartRateBpm>
      <Extensions>
       <TPX xmlns="http://www.garmin.com/xmlschemas/ActivityExtension/v2">
        <Speed>3.6</Speed>
       </TPX>
      </Extensions>
     </Trackpoint>
     <Trackpoint>
      <Time>2026-08-19T11:31:53Z</Time>
      <Position>
       <LatitudeDegrees>5.2334480</LatitudeDegrees>
       <LongitudeDegrees>100.4353020</LongitudeDegrees>
      </Position>
      <AltitudeMeters>5.6</AltitudeMeters>
      <DistanceMeters>495.3</DistanceMeters>
      <HeartRateBpm>
       <Value>157</Value>
      </HeartRateBpm>
      <Extensions>
       <TPX xmlns="http://www.garmin.com/xmlschemas/ActivityExtension/v2">
        <Speed>3.6</Speed>
       </TPX>
      </Extensions>
     </Trackpoint>
     <Trackpoint>
      <Time>2026-08-19T11:31:54Z</Time>
      <Position>
       <LatitudeDegrees>5.2334430</LatitudeDegrees>
       <LongitudeDegrees>100.4352770</LongitudeDegrees>
      </Position>
      <AltitudeMeters>5.6</AltitudeMeters>
      <DistanceMeters>498.1</DistanceMeters>
      <HeartRateBpm>
       <Value>157</Value>
      </HeartRateBpm>
      <Extensions>
       <TPX xmlns="http://www.garmin.com/xmlschemas/ActivityExtension/v2">
        <Speed>3.5</Speed>
       </TPX>
      </Extensions>
     </Trackpoint>
     <Trackpoint>
      <Time>2026-08-19T11:31:55Z</Time>
      <Position>
       <LatitudeDegrees>5.2334370</LatitudeDegrees>
       <LongitudeDegrees>100.4352520</LongitudeDegrees>
      </Position>
      <AltitudeMeters>5.6</AltitudeMeters>
      <DistanceMeters>501.0</DistanceMeters>
      <HeartRateBpm>
       <Value>158</Value>
      </HeartRateBpm>
      <Extensions>
       <TPX xmlns="http://www.garmin.com/xmlschemas/ActivityExtension/v2">
        <Speed>3.3</Speed>
       </TPX>
      </Extensions>
     </Trackpoint>
     <Trackpoint>
      <Time>2026-08-19T11:31:56Z</Time>
      <Position>
       <LatitudeDegrees>5.2334300</LatitudeDegrees>
       <LongitudeDegrees>100.4352270</LongitudeDegrees>
      </Position>
      <AltitudeMeters>5.6</AltitudeMeters>
      <DistanceMeters>503.8</DistanceMeters>
      <HeartRateBpm>
       <Value>157</Value>
      </HeartRateBpm>
      <Extensions>
       <TPX xmlns="http://www.garmin.com/xmlschemas/ActivityExtension/v2">
        <Speed>3.1</Speed>
       </TPX>
      </Extensions>
     </Trackpoint>
     <Trackpoint>
      <Time>2026-08-19T11:31:57Z</Time>
      <Position>
       <LatitudeDegrees>5.2334230</LatitudeDegrees>
       <LongitudeDegrees>100.4352010</LongitudeDegrees>
      </Position>
      <AltitudeMeters>5.6</AltitudeMeters>
      <DistanceMeters>506.8</DistanceMeters>
      <HeartRateBpm>
       <Value>157</Value>
      </HeartRateBpm>
      <Extensions>
       <TPX xmlns="http://www.garmin.com/xmlschemas/ActivityExtension/v2">
        <Speed>3.0</Speed>
       </TPX>
      </Extensions>
     </Trackpoint>
     <Trackpoint>
      <Time>2026-08-19T11:31:58Z</Time>
      <Position>
       <LatitudeDegrees>5.2334160</LatitudeDegrees>
       <LongitudeDegrees>100.4351720</LongitudeDegrees>
      </Position>
      <AltitudeMeters>5.6</AltitudeMeters>
      <DistanceMeters>510.0</DistanceMeters>
      <HeartRateBpm>
       <Value>157</Value>
      </HeartRateBpm>
      <Extensions>
       <TPX xmlns="http://www.garmin.com/xmlschemas/ActivityExtension/v2">
        <Speed>2.9</Speed>
       </TPX>
      </Extensions>
     </Trackpoint>
     <Trackpoint>
      <Time>2026-08-19T11:31:59Z</Time>
      <Position>
       <LatitudeDegrees>5.2334050</LatitudeDegrees>
       <LongitudeDegrees>100.4351460</LongitudeDegrees>
      </Position>
      <AltitudeMeters>5.6</AltitudeMeters>
      <DistanceMeters>513.2</DistanceMeters>
      <HeartRateBpm>
       <Value>158</Value>
      </HeartRateBpm>
      <Extensions>
       <TPX xmlns="http://www.garmin.com/xmlschemas/ActivityExtension/v2">
        <Speed>3.0</Speed>
       </TPX>
      </Extensions>
     </Trackpoint>
     <Trackpoint>
      <Time>2026-08-19T11:32:00Z</Time>
      <Position>
       <LatitudeDegrees>5.2333950</LatitudeDegrees>
       <LongitudeDegrees>100.4351120</LongitudeDegrees>
      </Position>
      <AltitudeMeters>5.6</AltitudeMeters>
      <DistanceMeters>517.1</DistanceMeters>
      <HeartRateBpm>
       <Value>158</Value>
      </HeartRateBpm>
      <Extensions>
       <TPX xmlns="http://www.garmin.com/xmlschemas/ActivityExtension/v2">
        <Speed>3.2</Speed>
       </TPX>
      </Extensions>
     </Trackpoint>
     <Trackpoint>
      <Time>2026-08-19T11:32:01Z</Time>
      <Position>
       <LatitudeDegrees>5.2333840</LatitudeDegrees>
       <LongitudeDegrees>100.4350780</LongitudeDegrees>
      </Position>
      <AltitudeMeters>5.6</AltitudeMeters>
      <DistanceMeters>521.1</DistanceMeters>
      <HeartRateBpm>
       <Value>158</Value>
      </HeartRateBpm>
      <Extensions>
       <TPX xmlns="http://www.garmin.com/xmlschemas/ActivityExtension/v2">
        <Speed>3.5</Speed>
       </TPX>
      </Extensions>
     </Trackpoint>
     <Trackpoint>
      <Time>2026-08-19T11:32:02Z</Time>
      <Position>
       <LatitudeDegrees>5.2333790</LatitudeDegrees>
       <LongitudeDegrees>100.4350420</LongitudeDegrees>
      </Position>
      <AltitudeMeters>5.6</AltitudeMeters>
      <DistanceMeters>525.1</DistanceMeters>
      <HeartRateBpm>
       <Value>158</Value>
      </HeartRateBpm>
      <Extensions>
       <TPX xmlns="http://www.garmin.com/xmlschemas/ActivityExtension/v2">
        <Speed>3.7</Speed>
       </TPX>
      </Extensions>
     </Trackpoint>
     <Trackpoint>
      <Time>2026-08-19T11:32:03Z</Time>
      <Position>
       <LatitudeDegrees>5.2333780</LatitudeDegrees>
       <LongitudeDegrees>100.4350050</LongitudeDegrees>
      </Position>
      <AltitudeMeters>5.6</AltitudeMeters>
      <DistanceMeters>529.2</DistanceMeters>
      <HeartRateBpm>
       <Value>158</Value>
      </HeartRateBpm>
      <Extensions>
       <TPX xmlns="http://www.garmin.com/xmlschemas/ActivityExtension/v2">
        <Speed>3.8</Speed>
       </TPX>
      </Extensions>
     </Trackpoint>
     <Trackpoint>
      <Time>2026-08-19T11:32:04Z</Time>
      <Position>
       <LatitudeDegrees>5.2333840</LatitudeDegrees>
       <LongitudeDegrees>100.4349710</LongitudeDegrees>
      </Position>
      <AltitudeMeters>5.6</AltitudeMeters>
      <DistanceMeters>533.0</DistanceMeters>
      <HeartRateBpm>
       <Value>158</Value>
      </HeartRateBpm>
      <Extensions>
       <TPX xmlns="http://www.garmin.com/xmlschemas/ActivityExtension/v2">
        <Speed>4.0</Speed>
       </TPX>
      </Extensions>
     </Trackpoint>
     <Trackpoint>
      <Time>2026-08-19T11:32:05Z</Time>
      <Position>
       <LatitudeDegrees>5.2333980</LatitudeDegrees>
       <LongitudeDegrees>100.4349390</LongitudeDegrees>
      </Position>
      <AltitudeMeters>5.6</AltitudeMeters>
      <DistanceMeters>537.0</DistanceMeters>
      <HeartRateBpm>
       <Value>158</Value>
      </HeartRateBpm>
      <Extensions>
       <TPX xmlns="http://www.garmin.com/xmlschemas/ActivityExtension/v2">
        <Speed>4.0</Speed>
       </TPX>
      </Extensions>
     </Trackpoint>
     <Trackpoint>
      <Time>2026-08-19T11:32:06Z</Time>
      <Position>
       <LatitudeDegrees>5.2334150</LatitudeDegrees>
       <LongitudeDegrees>100.4349070</LongitudeDegrees>
      </Position>
      <AltitudeMeters>5.6</AltitudeMeters>
      <DistanceMeters>540.9</DistanceMeters>
      <HeartRateBpm>
       <Value>158</Value>
      </HeartRateBpm>
      <Extensions>
       <TPX xmlns="http://www.garmin.com/xmlschemas/ActivityExtension/v2">
        <Speed>4.0</Speed>
       </TPX>
      </Extensions>
     </Trackpoint>
     <Trackpoint>
      <Time>2026-08-19T11:32:07Z</Time>
      <Position>
       <LatitudeDegrees>5.2334330</LatitudeDegrees>
       <LongitudeDegrees>100.4348770</LongitudeDegrees>
      </Position>
      <AltitudeMeters>5.6</AltitudeMeters>
      <DistanceMeters>544.8</DistanceMeters>
      <HeartRateBpm>
       <Value>158</Value>
      </HeartRateBpm>
      <Extensions>
       <TPX xmlns="http://www.garmin.com/xmlschemas/ActivityExtension/v2">
        <Speed>3.9</Speed>
       </TPX>
      </Extensions>
     </Trackpoint>
     <Trackpoint>
      <Time>2026-08-19T11:32:08Z</Time>
      <Position>
       <LatitudeDegrees>5.2334500</LatitudeDegrees>
       <LongitudeDegrees>100.4348500</LongitudeDegrees>
      </Position>
      <AltitudeMeters>5.6</AltitudeMeters>
      <DistanceMeters>548.3</DistanceMeters>
      <HeartRateBpm>
       <Value>158</Value>
      </HeartRateBpm>
      <Extensions>
       <TPX xmlns="http://www.garmin.com/xmlschemas/ActivityExtension/v2">
        <Speed>3.8</Speed>
       </TPX>
      </Extensions>
     </Trackpoint>
     <Trackpoint>
      <Time>2026-08-19T11:32:09Z</Time>
      <Position>
       <LatitudeDegrees>5.2334640</LatitudeDegrees>
       <LongitudeDegrees>100.4348250</LongitudeDegrees>
      </Position>
      <AltitudeMeters>5.6</AltitudeMeters>
      <DistanceMeters>551.5</DistanceMeters>
      <HeartRateBpm>
       <Value>158</Value>
      </HeartRateBpm>
      <Extensions>
       <TPX xmlns="http://www.garmin.com/xmlschemas/ActivityExtension/v2">
        <Speed>3.7</Speed>
       </TPX>
      </Extensions>
     </Trackpoint>
     <Trackpoint>
      <Time>2026-08-19T11:32:10Z</Time>
      <Position>
       <LatitudeDegrees>5.2334830</LatitudeDegrees>
       <LongitudeDegrees>100.4347980</LongitudeDegrees>
      </Position>
      <AltitudeMeters>5.7</AltitudeMeters>
      <DistanceMeters>555.2</DistanceMeters>
      <HeartRateBpm>
       <Value>158</Value>
      </HeartRateBpm>
      <Extensions>
       <TPX xmlns="http://www.garmin.com/xmlschemas/ActivityExtension/v2">
        <Speed>3.6</Speed>
       </TPX>
      </Extensions>
     </Trackpoint>
     <Trackpoint>
      <Time>2026-08-19T11:32:11Z</Time>
      <Position>
       <LatitudeDegrees>5.2335030</LatitudeDegrees>
       <LongitudeDegrees>100.4347700</LongitudeDegrees>
      </Position>
      <AltitudeMeters>5.7</AltitudeMeters>
      <DistanceMeters>559.0</DistanceMeters>
      <HeartRateBpm>
       <Value>158</Value>
      </HeartRateBpm>
      <Extensions>
       <TPX xmlns="http://www.garmin.com/xmlschemas/ActivityExtension/v2">
        <Speed>3.6</Speed>
       </TPX>
      </Extensions>
     </Trackpoint>
     <Trackpoint>
      <Time>2026-08-19T11:32:12Z</Time>
      <Position>
       <LatitudeDegrees>5.2335240</LatitudeDegrees>
       <LongitudeDegrees>100.4347410</LongitudeDegrees>
      </Position>
      <AltitudeMeters>5.7</AltitudeMeters>
      <DistanceMeters>562.9</DistanceMeters>
      <HeartRateBpm>
       <Value>158</Value>
      </HeartRateBpm>
      <Extensions>
       <TPX xmlns="http://www.garmin.com/xmlschemas/ActivityExtension/v2">
        <Speed>3.6</Speed>
       </TPX>
      </Extensions>
     </Trackpoint>
     <Trackpoint>
      <Time>2026-08-19T11:32:13Z</Time>
      <Position>
       <LatitudeDegrees>5.2335450</LatitudeDegrees>
       <LongitudeDegrees>100.4347160</LongitudeDegrees>
      </Position>
      <AltitudeMeters>5.7</AltitudeMeters>
      <DistanceMeters>566.6</DistanceMeters>
      <HeartRateBpm>
       <Value>158</Value>
      </HeartRateBpm>
      <Extensions>
       <TPX xmlns="http://www.garmin.com/xmlschemas/ActivityExtension/v2">
        <Speed>3.7</Speed>
       </TPX>
      </Extensions>
     </Trackpoint>
     <Trackpoint>
      <Time>2026-08-19T11:32:14Z</Time>
      <Position>
       <LatitudeDegrees>5.2335740</LatitudeDegrees>
       <LongitudeDegrees>100.4346910</LongitudeDegrees>
      </Position>
      <AltitudeMeters>5.7</AltitudeMeters>
      <DistanceMeters>570.9</DistanceMeters>
      <HeartRateBpm>
       <Value>158</Value>
      </HeartRateBpm>
      <Extensions>
       <TPX xmlns="http://www.garmin.com/xmlschemas/ActivityExtension/v2">
        <Speed>3.9</Speed>
       </TPX>
      </Extensions>
     </Trackpoint>
     <Trackpoint>
      <Time>2026-08-19T11:32:15Z</Time>
      <Position>
       <LatitudeDegrees>5.2335990</LatitudeDegrees>
       <LongitudeDegrees>100.4346690</LongitudeDegrees>
      </Position>
      <AltitudeMeters>5.7</AltitudeMeters>
      <DistanceMeters>574.6</DistanceMeters>
      <HeartRateBpm>
       <Value>159</Value>
      </HeartRateBpm>
      <Extensions>
       <TPX xmlns="http://www.garmin.com/xmlschemas/ActivityExtension/v2">
        <Speed>3.9</Speed>
       </TPX>
      </Extensions>
     </Trackpoint>
     <Trackpoint>
      <Time>2026-08-19T11:32:16Z</Time>
      <Position>
       <LatitudeDegrees>5.2336280</LatitudeDegrees>
       <LongitudeDegrees>100.4346480</LongitudeDegrees>
      </Position>
      <AltitudeMeters>5.7</AltitudeMeters>
      <DistanceMeters>578.5</DistanceMeters>
      <HeartRateBpm>
       <Value>159</Value>
      </HeartRateBpm>
      <Extensions>
       <TPX xmlns="http://www.garmin.com/xmlschemas/ActivityExtension/v2">
        <Speed>3.9</Speed>
       </TPX>
      </Extensions>
     </Trackpoint>
     <Trackpoint>
      <Time>2026-08-19T11:32:17Z</Time>
      <Position>
       <LatitudeDegrees>5.2336510</LatitudeDegrees>
       <LongitudeDegrees>100.4346330</LongitudeDegrees>
      </Position>
      <AltitudeMeters>5.7</AltitudeMeters>
      <DistanceMeters>581.6</DistanceMeters>
      <HeartRateBpm>
       <Value>159</Value>
      </HeartRateBpm>
      <Extensions>
       <TPX xmlns="http://www.garmin.com/xmlschemas/ActivityExtension/v2">
        <Speed>3.7</Speed>
       </TPX>
      </Extensions>
     </Trackpoint>
     <Trackpoint>
      <Time>2026-08-19T11:32:18Z</Time>
      <Position>
       <LatitudeDegrees>5.2336740</LatitudeDegrees>
       <LongitudeDegrees>100.4346230</LongitudeDegrees>
      </Position>
      <AltitudeMeters>5.7</AltitudeMeters>
      <DistanceMeters>584.4</DistanceMeters>
      <HeartRateBpm>
       <Value>159</Value>
      </HeartRateBpm>
      <Extensions>
       <TPX xmlns="http://www.garmin.com/xmlschemas/ActivityExtension/v2">
        <Speed>3.6</Speed>
       </TPX>
      </Extensions>
     </Trackpoint>
     <Trackpoint>
      <Time>2026-08-19T11:32:19Z</Time>
      <Position>
       <LatitudeDegrees>5.2337010</LatitudeDegrees>
       <LongitudeDegrees>100.4346180</LongitudeDegrees>
      </Position>
      <AltitudeMeters>5.7</AltitudeMeters>
      <DistanceMeters>587.4</DistanceMeters>
      <HeartRateBpm>
       <Value>159</Value>
      </HeartRateBpm>
      <Extensions>
       <TPX xmlns="http://www.garmin.com/xmlschemas/ActivityExtension/v2">
        <Speed>3.3</Speed>
       </TPX>
      </Extensions>
     </Trackpoint>
     <Trackpoint>
      <Time>2026-08-19T11:32:20Z</Time>
      <Position>
       <LatitudeDegrees>5.2337300</LatitudeDegrees>
       <LongitudeDegrees>100.4346150</LongitudeDegrees>
      </Position>
      <AltitudeMeters>5.7</AltitudeMeters>
      <DistanceMeters>590.7</DistanceMeters>
      <HeartRateBpm>
       <Value>159</Value>
      </HeartRateBpm>
      <Extensions>
       <TPX xmlns="http://www.garmin.com/xmlschemas/ActivityExtension/v2">
        <Speed>3.2</Speed>
       </TPX>
      </Extensions>
     </Trackpoint>
     <Trackpoint>
      <Time>2026-08-19T11:32:21Z</Time>
      <Position>
       <LatitudeDegrees>5.2337570</LatitudeDegrees>
       <LongitudeDegrees>100.4346160</LongitudeDegrees>
      </Position>
      <AltitudeMeters>5.7</AltitudeMeters>
      <DistanceMeters>593.7</DistanceMeters>
      <HeartRateBpm>
       <Value>158</Value>
      </HeartRateBpm>
      <Extensions>
       <TPX xmlns="http://www.garmin.com/xmlschemas/ActivityExtension/v2">
        <Speed>3.0</Speed>
       </TPX>
      </Extensions>
     </Trackpoint>
     <Trackpoint>
      <Time>2026-08-19T11:32:22Z</Time>
      <Position>
       <LatitudeDegrees>5.2337890</LatitudeDegrees>
       <LongitudeDegrees>100.4346100</LongitudeDegrees>
      </Position>
      <AltitudeMeters>5.7</AltitudeMeters>
      <DistanceMeters>597.3</DistanceMeters>
      <HeartRateBpm>
       <Value>158</Value>
      </HeartRateBpm>
      <Extensions>
       <TPX xmlns="http://www.garmin.com/xmlschemas/ActivityExtension/v2">
        <Speed>3.1</Speed>
       </TPX>
      </Extensions>
     </Trackpoint>
     <Trackpoint>
      <Time>2026-08-19T11:32:23Z</Time>
      <Position>
       <LatitudeDegrees>5.2338160</LatitudeDegrees>
       <LongitudeDegrees>100.4345980</LongitudeDegrees>
      </Position>
      <AltitudeMeters>5.6</AltitudeMeters>
      <DistanceMeters>600.6</DistanceMeters>
      <HeartRateBpm>
       <Value>158</Value>
      </HeartRateBpm>
      <Extensions>
       <TPX xmlns="http://www.garmin.com/xmlschemas/ActivityExtension/v2">
        <Speed>3.2</Speed>
       </TPX>
      </Extensions>
     </Trackpoint>
     <Trackpoint>
      <Time>2026-08-19T11:32:24Z</Time>
      <Position>
       <LatitudeDegrees>5.2338440</LatitudeDegrees>
       <LongitudeDegrees>100.4345900</LongitudeDegrees>
      </Position>
      <AltitudeMeters>5.6</AltitudeMeters>
      <DistanceMeters>603.7</DistanceMeters>
      <HeartRateBpm>
       <Value>159</Value>
      </HeartRateBpm>
      <Extensions>
       <TPX xmlns="http://www.garmin.com/xmlschemas/ActivityExtension/v2">
        <Speed>3.3</Speed>
       </TPX>
      </Extensions>
     </Trackpoint>
     <Trackpoint>
      <Time>2026-08-19T11:32:25Z</Time>
      <Position>
       <LatitudeDegrees>5.2338710</LatitudeDegrees>
       <LongitudeDegrees>100.4345810</LongitudeDegrees>
      </Position>
      <AltitudeMeters>5.6</AltitudeMeters>
      <DistanceMeters>607.0</DistanceMeters>
      <HeartRateBpm>
       <Value>159</Value>
      </HeartRateBpm>
      <Extensions>
       <TPX xmlns="http://www.garmin.com/xmlschemas/ActivityExtension/v2">
        <Speed>3.3</Speed>
       </TPX>
      </Extensions>
     </Trackpoint>
     <Trackpoint>
      <Time>2026-08-19T11:32:26Z</Time>
      <Position>
       <LatitudeDegrees>5.2338970</LatitudeDegrees>
       <LongitudeDegrees>100.4345740</LongitudeDegrees>
      </Position>
      <AltitudeMeters>5.6</AltitudeMeters>
      <DistanceMeters>610.0</DistanceMeters>
      <HeartRateBpm>
       <Value>159</Value>
      </HeartRateBpm>
      <Extensions>
       <TPX xmlns="http://www.garmin.com/xmlschemas/ActivityExtension/v2">
        <Speed>3.3</Speed>
       </TPX>
      </Extensions>
     </Trackpoint>
     <Trackpoint>
      <Time>2026-08-19T11:32:27Z</Time>
      <Position>
       <LatitudeDegrees>5.2339280</LatitudeDegrees>
       <LongitudeDegrees>100.4345660</LongitudeDegrees>
      </Position>
      <AltitudeMeters>5.6</AltitudeMeters>
      <DistanceMeters>613.6</DistanceMeters>
      <HeartRateBpm>
       <Value>159</Value>
      </HeartRateBpm>
      <Extensions>
       <TPX xmlns="http://www.garmin.com/xmlschemas/ActivityExtension/v2">
        <Speed>3.3</Speed>
       </TPX>
      </Extensions>
     </Trackpoint>
     <Trackpoint>
      <Time>2026-08-19T11:32:28Z</Time>
      <Position>
       <LatitudeDegrees>5.2339630</LatitudeDegrees>
       <LongitudeDegrees>100.4345570</LongitudeDegrees>
      </Position>
      <AltitudeMeters>5.6</AltitudeMeters>
      <DistanceMeters>617.5</DistanceMeters>
      <HeartRateBpm>
       <Value>159</Value>
      </HeartRateBpm>
      <Extensions>
       <TPX xmlns="http://www.garmin.com/xmlschemas/ActivityExtension/v2">
        <Speed>3.4</Speed>
       </TPX>
      </Extensions>
     </Trackpoint>
     <Trackpoint>
      <Time>2026-08-19T11:32:29Z</Time>
      <Position>
       <LatitudeDegrees>5.2339960</LatitudeDegrees>
       <LongitudeDegrees>100.4345490</LongitudeDegrees>
      </Position>
      <AltitudeMeters>5.6</AltitudeMeters>
      <DistanceMeters>621.2</DistanceMeters>
      <HeartRateBpm>
       <Value>159</Value>
      </HeartRateBpm>
      <Extensions>
       <TPX xmlns="http://www.garmin.com/xmlschemas/ActivityExtension/v2">
        <Speed>3.5</Speed>
       </TPX>
      </Extensions>
     </Trackpoint>
     <Trackpoint>
      <Time>2026-08-19T11:32:30Z</Time>
      <Position>
       <LatitudeDegrees>5.2340290</LatitudeDegrees>
       <LongitudeDegrees>100.4345440</LongitudeDegrees>
      </Position>
      <AltitudeMeters>5.6</AltitudeMeters>
      <DistanceMeters>625.0</DistanceMeters>
      <HeartRateBpm>
       <Value>159</Value>
      </HeartRateBpm>
      <Extensions>
       <TPX xmlns="http://www.garmin.com/xmlschemas/ActivityExtension/v2">
        <Speed>3.6</Speed>
       </TPX>
      </Extensions>
     </Trackpoint>
     <Trackpoint>
      <Time>2026-08-19T11:32:31Z</Time>
      <Position>
       <LatitudeDegrees>5.2340600</LatitudeDegrees>
       <LongitudeDegrees>100.4345370</LongitudeDegrees>
      </Position>
      <AltitudeMeters>5.6</AltitudeMeters>
      <DistanceMeters>628.6</DistanceMeters>
      <HeartRateBpm>
       <Value>159</Value>
      </HeartRateBpm>
      <Extensions>
       <TPX xmlns="http://www.garmin.com/xmlschemas/ActivityExtension/v2">
        <Speed>3.7</Speed>
       </TPX>
      </Extensions>
     </Trackpoint>
     <Trackpoint>
      <Time>2026-08-19T11:32:32Z</Time>
      <Position>
       <LatitudeDegrees>5.2340910</LatitudeDegrees>
       <LongitudeDegrees>100.4345290</LongitudeDegrees>
      </Position>
      <AltitudeMeters>5.6</AltitudeMeters>
      <DistanceMeters>632.1</DistanceMeters>
      <HeartRateBpm>
       <Value>159</Value>
      </HeartRateBpm>
      <Extensions>
       <TPX xmlns="http://www.garmin.com/xmlschemas/ActivityExtension/v2">
        <Speed>3.7</Speed>
       </TPX>
      </Extensions>
     </Trackpoint>
     <Trackpoint>
      <Time>2026-08-19T11:32:33Z</Time>
      <Position>
       <LatitudeDegrees>5.2341210</LatitudeDegrees>
       <LongitudeDegrees>100.4345240</LongitudeDegrees>
      </Position>
      <AltitudeMeters>5.6</AltitudeMeters>
      <DistanceMeters>635.5</DistanceMeters>
      <HeartRateBpm>
       <Value>158</Value>
      </HeartRateBpm>
      <Extensions>
       <TPX xmlns="http://www.garmin.com/xmlschemas/ActivityExtension/v2">
        <Speed>3.6</Speed>
       </TPX>
      </Extensions>
     </Trackpoint>
     <Trackpoint>
      <Time>2026-08-19T11:32:34Z</Time>
      <Position>
       <LatitudeDegrees>5.2341540</LatitudeDegrees>
       <LongitudeDegrees>100.4345190</LongitudeDegrees>
      </Position>
      <AltitudeMeters>5.6</AltitudeMeters>
      <DistanceMeters>639.2</DistanceMeters>
      <HeartRateBpm>
       <Value>159</Value>
      </HeartRateBpm>
      <Extensions>
       <TPX xmlns="http://www.garmin.com/xmlschemas/ActivityExtension/v2">
        <Speed>3.6</Speed>
       </TPX>
      </Extensions>
     </Trackpoint>
     <Trackpoint>
      <Time>2026-08-19T11:32:35Z</Time>
      <Position>
       <LatitudeDegrees>5.2341850</LatitudeDegrees>
       <LongitudeDegrees>100.4345110</LongitudeDegrees>
      </Position>
      <AltitudeMeters>5.6</AltitudeMeters>
      <DistanceMeters>642.8</DistanceMeters>
      <HeartRateBpm>
       <Value>159</Value>
      </HeartRateBpm>
      <Extensions>
       <TPX xmlns="http://www.garmin.com/xmlschemas/ActivityExtension/v2">
        <Speed>3.6</Speed>
       </TPX>
      </Extensions>
     </Trackpoint>
     <Trackpoint>
      <Time>2026-08-19T11:32:36Z</Time>
      <Position>
       <LatitudeDegrees>5.2342160</LatitudeDegrees>
       <LongitudeDegrees>100.4345060</LongitudeDegrees>
      </Position>
      <AltitudeMeters>5.6</AltitudeMeters>
      <DistanceMeters>646.2</DistanceMeters>
      <HeartRateBpm>
       <Value>159</Value>
      </HeartRateBpm>
      <Extensions>
       <TPX xmlns="http://www.garmin.com/xmlschemas/ActivityExtension/v2">
        <Speed>3.5</Speed>
       </TPX>
      </Extensions>
     </Trackpoint>
     <Trackpoint>
      <Time>2026-08-19T11:32:37Z</Time>
      <Position>
       <LatitudeDegrees>5.2342450</LatitudeDegrees>
       <LongitudeDegrees>100.4344980</LongitudeDegrees>
      </Position>
      <AltitudeMeters>5.6</AltitudeMeters>
      <DistanceMeters>649.6</DistanceMeters>
      <HeartRateBpm>
       <Value>159</Value>
      </HeartRateBpm>
      <Extensions>
       <TPX xmlns="http://www.garmin.com/xmlschemas/ActivityExtension/v2">
        <Speed>3.5</Speed>
       </TPX>
      </Extensions>
     </Trackpoint>
     <Trackpoint>
      <Time>2026-08-19T11:32:38Z</Time>
      <Position>
       <LatitudeDegrees>5.2342740</LatitudeDegrees>
       <LongitudeDegrees>100.4344860</LongitudeDegrees>
      </Position>
      <AltitudeMeters>5.6</AltitudeMeters>
      <DistanceMeters>653.1</DistanceMeters>
      <HeartRateBpm>
       <Value>159</Value>
      </HeartRateBpm>
      <Extensions>
       <TPX xmlns="http://www.garmin.com/xmlschemas/ActivityExtension/v2">
        <Speed>3.5</Speed>
       </TPX>
      </Extensions>
     </Trackpoint>
     <Trackpoint>
      <Time>2026-08-19T11:32:39Z</Time>
      <Position>
       <LatitudeDegrees>5.2342980</LatitudeDegrees>
       <LongitudeDegrees>100.4344720</LongitudeDegrees>
      </Position>
      <AltitudeMeters>5.7</AltitudeMeters>
      <DistanceMeters>656.2</DistanceMeters>
      <HeartRateBpm>
       <Value>159</Value>
      </HeartRateBpm>
      <Extensions>
       <TPX xmlns="http://www.garmin.com/xmlschemas/ActivityExtension/v2">
        <Speed>3.4</Speed>
       </TPX>
      </Extensions>
     </Trackpoint>
     <Trackpoint>
      <Time>2026-08-19T11:32:40Z</Time>
      <Position>
       <LatitudeDegrees>5.2343300</LatitudeDegrees>
       <LongitudeDegrees>100.4344570</LongitudeDegrees>
      </Position>
      <AltitudeMeters>5.7</AltitudeMeters>
      <DistanceMeters>660.1</DistanceMeters>
      <HeartRateBpm>
       <Value>159</Value>
      </HeartRateBpm>
      <Extensions>
       <TPX xmlns="http://www.garmin.com/xmlschemas/ActivityExtension/v2">
        <Speed>3.5</Speed>
       </TPX>
      </Extensions>
     </Trackpoint>
     <Trackpoint>
      <Time>2026-08-19T11:32:41Z</Time>
      <Position>
       <LatitudeDegrees>5.2343600</LatitudeDegrees>
       <LongitudeDegrees>100.4344460</LongitudeDegrees>
      </Position>
      <AltitudeMeters>5.7</AltitudeMeters>
      <DistanceMeters>663.7</DistanceMeters>
      <HeartRateBpm>
       <Value>159</Value>
      </HeartRateBpm>
      <Extensions>
       <TPX xmlns="http://www.garmin.com/xmlschemas/ActivityExtension/v2">
        <Speed>3.5</Speed>
       </TPX>
      </Extensions>
     </Trackpoint>
     <Trackpoint>
      <Time>2026-08-19T11:32:42Z</Time>
      <Position>
       <LatitudeDegrees>5.2343870</LatitudeDegrees>
       <LongitudeDegrees>100.4344340</LongitudeDegrees>
      </Position>
      <AltitudeMeters>5.7</AltitudeMeters>
      <DistanceMeters>667.0</DistanceMeters>
      <HeartRateBpm>
       <Value>159</Value>
      </HeartRateBpm>
      <Extensions>
       <TPX xmlns="http://www.garmin.com/xmlschemas/ActivityExtension/v2">
        <Speed>3.5</Speed>
       </TPX>
      </Extensions>
     </Trackpoint>
     <Trackpoint>
      <Time>2026-08-19T11:32:43Z</Time>
      <Position>
       <LatitudeDegrees>5.2344140</LatitudeDegrees>
       <LongitudeDegrees>100.4344240</LongitudeDegrees>
      </Position>
      <AltitudeMeters>5.7</AltitudeMeters>
      <DistanceMeters>670.1</DistanceMeters>
      <HeartRateBpm>
       <Value>159</Value>
      </HeartRateBpm>
      <Extensions>
       <TPX xmlns="http://www.garmin.com/xmlschemas/ActivityExtension/v2">
        <Speed>3.4</Speed>
       </TPX>
      </Extensions>
     </Trackpoint>
     <Trackpoint>
      <Time>2026-08-19T11:32:44Z</Time>
      <Position>
       <LatitudeDegrees>5.2344490</LatitudeDegrees>
       <LongitudeDegrees>100.4344180</LongitudeDegrees>
      </Position>
      <AltitudeMeters>5.7</AltitudeMeters>
      <DistanceMeters>674.1</DistanceMeters>
      <HeartRateBpm>
       <Value>159</Value>
      </HeartRateBpm>
      <Extensions>
       <TPX xmlns="http://www.garmin.com/xmlschemas/ActivityExtension/v2">
        <Speed>3.6</Speed>
       </TPX>
      </Extensions>
     </Trackpoint>
     <Trackpoint>
      <Time>2026-08-19T11:32:45Z</Time>
      <Position>
       <LatitudeDegrees>5.2344770</LatitudeDegrees>
       <LongitudeDegrees>100.4344100</LongitudeDegrees>
      </Position>
      <AltitudeMeters>5.6</AltitudeMeters>
      <DistanceMeters>677.3</DistanceMeters>
      <HeartRateBpm>
       <Value>159</Value>
      </HeartRateBpm>
      <Extensions>
       <TPX xmlns="http://www.garmin.com/xmlschemas/ActivityExtension/v2">
        <Speed>3.4</Speed>
       </TPX>
      </Extensions>
     </Trackpoint>
     <Trackpoint>
      <Time>2026-08-19T11:32:46Z</Time>
      <Position>
       <LatitudeDegrees>5.2345070</LatitudeDegrees>
       <LongitudeDegrees>100.4344040</LongitudeDegrees>
      </Position>
      <AltitudeMeters>5.6</AltitudeMeters>
      <DistanceMeters>680.7</DistanceMeters>
      <HeartRateBpm>
       <Value>159</Value>
      </HeartRateBpm>
      <Extensions>
       <TPX xmlns="http://www.garmin.com/xmlschemas/ActivityExtension/v2">
        <Speed>3.4</Speed>
       </TPX>
      </Extensions>
     </Trackpoint>
     <Trackpoint>
      <Time>2026-08-19T11:32:47Z</Time>
      <Position>
       <LatitudeDegrees>5.2345370</LatitudeDegrees>
       <LongitudeDegrees>100.4343990</LongitudeDegrees>
      </Position>
      <AltitudeMeters>5.6</AltitudeMeters>
      <DistanceMeters>684.0</DistanceMeters>
      <HeartRateBpm>
       <Value>159</Value>
      </HeartRateBpm>
      <Extensions>
       <TPX xmlns="http://www.garmin.com/xmlschemas/ActivityExtension/v2">
        <Speed>3.4</Speed>
       </TPX>
      </Extensions>
     </Trackpoint>
     <Trackpoint>
      <Time>2026-08-19T11:32:48Z</Time>
      <Position>
       <LatitudeDegrees>5.2345650</LatitudeDegrees>
       <LongitudeDegrees>100.4343950</LongitudeDegrees>
      </Position>
      <AltitudeMeters>5.6</AltitudeMeters>
      <DistanceMeters>687.3</DistanceMeters>
      <HeartRateBpm>
       <Value>159</Value>
      </HeartRateBpm>
      <Extensions>
       <TPX xmlns="http://www.garmin.com/xmlschemas/ActivityExtension/v2">
        <Speed>3.4</Speed>
       </TPX>
      </Extensions>
     </Trackpoint>
     <Trackpoint>
      <Time>2026-08-19T11:32:49Z</Time>
      <Position>
       <LatitudeDegrees>5.2345980</LatitudeDegrees>
       <LongitudeDegrees>100.4343950</LongitudeDegrees>
      </Position>
      <AltitudeMeters>5.6</AltitudeMeters>
      <DistanceMeters>690.9</DistanceMeters>
      <HeartRateBpm>
       <Value>159</Value>
      </HeartRateBpm>
      <Extensions>
       <TPX xmlns="http://www.garmin.com/xmlschemas/ActivityExtension/v2">
        <Speed>3.4</Speed>
       </TPX>
      </Extensions>
     </Trackpoint>
     <Trackpoint>
      <Time>2026-08-19T11:32:50Z</Time>
      <Position>
       <LatitudeDegrees>5.2346300</LatitudeDegrees>
       <LongitudeDegrees>100.4343890</LongitudeDegrees>
      </Position>
      <AltitudeMeters>5.6</AltitudeMeters>
      <DistanceMeters>694.5</DistanceMeters>
      <HeartRateBpm>
       <Value>159</Value>
      </HeartRateBpm>
      <Extensions>
       <TPX xmlns="http://www.garmin.com/xmlschemas/ActivityExtension/v2">
        <Speed>3.4</Speed>
       </TPX>
      </Extensions>
     </Trackpoint>
     <Trackpoint>
      <Time>2026-08-19T11:32:51Z</Time>
      <Position>
       <LatitudeDegrees>5.2346610</LatitudeDegrees>
       <LongitudeDegrees>100.4343810</LongitudeDegrees>
      </Position>
      <AltitudeMeters>5.6</AltitudeMeters>
      <DistanceMeters>698.0</DistanceMeters>
      <HeartRateBpm>
       <Value>159</Value>
      </HeartRateBpm>
      <Extensions>
       <TPX xmlns="http://www.garmin.com/xmlschemas/ActivityExtension/v2">
        <Speed>3.5</Speed>
       </TPX>
      </Extensions>
     </Trackpoint>
     <Trackpoint>
      <Time>2026-08-19T11:32:52Z</Time>
      <Position>
       <LatitudeDegrees>5.2346920</LatitudeDegrees>
       <LongitudeDegrees>100.4343750</LongitudeDegrees>
      </Position>
      <AltitudeMeters>5.6</AltitudeMeters>
      <DistanceMeters>701.6</DistanceMeters>
      <HeartRateBpm>
       <Value>159</Value>
      </HeartRateBpm>
      <Extensions>
       <TPX xmlns="http://www.garmin.com/xmlschemas/ActivityExtension/v2">
        <Speed>3.5</Speed>
       </TPX>
      </Extensions>
     </Trackpoint>
     <Trackpoint>
      <Time>2026-08-19T11:32:53Z</Time>
      <Position>
       <LatitudeDegrees>5.2347240</LatitudeDegrees>
       <LongitudeDegrees>100.4343680</LongitudeDegrees>
      </Position>
      <AltitudeMeters>5.6</AltitudeMeters>
      <DistanceMeters>705.2</DistanceMeters>
      <HeartRateBpm>
       <Value>159</Value>
      </HeartRateBpm>
      <Extensions>
       <TPX xmlns="http://www.garmin.com/xmlschemas/ActivityExtension/v2">
        <Speed>3.6</Speed>
       </TPX>
      </Extensions>
     </Trackpoint>
     <Trackpoint>
      <Time>2026-08-19T11:32:54Z</Time>
      <Position>
       <LatitudeDegrees>5.2347520</LatitudeDegrees>
       <LongitudeDegrees>100.4343610</LongitudeDegrees>
      </Position>
      <AltitudeMeters>5.6</AltitudeMeters>
      <DistanceMeters>708.4</DistanceMeters>
      <HeartRateBpm>
       <Value>159</Value>
      </HeartRateBpm>
      <Extensions>
       <TPX xmlns="http://www.garmin.com/xmlschemas/ActivityExtension/v2">
        <Speed>3.5</Speed>
       </TPX>
      </Extensions>
     </Trackpoint>
     <Trackpoint>
      <Time>2026-08-19T11:32:55Z</Time>
      <Position>
       <LatitudeDegrees>5.2347840</LatitudeDegrees>
       <LongitudeDegrees>100.4343500</LongitudeDegrees>
      </Position>
      <AltitudeMeters>5.6</AltitudeMeters>
      <DistanceMeters>712.2</DistanceMeters>
      <HeartRateBpm>
       <Value>159</Value>
      </HeartRateBpm>
      <Extensions>
       <TPX xmlns="http://www.garmin.com/xmlschemas/ActivityExtension/v2">
        <Speed>3.5</Speed>
       </TPX>
      </Extensions>
     </Trackpoint>
     <Trackpoint>
      <Time>2026-08-19T11:32:56Z</Time>
      <Position>
       <LatitudeDegrees>5.2348120</LatitudeDegrees>
       <LongitudeDegrees>100.4343410</LongitudeDegrees>
      </Position>
      <AltitudeMeters>5.6</AltitudeMeters>
      <DistanceMeters>715.5</DistanceMeters>
      <HeartRateBpm>
       <Value>159</Value>
      </HeartRateBpm>
      <Extensions>
       <TPX xmlns="http://www.garmin.com/xmlschemas/ActivityExtension/v2">
        <Speed>3.5</Speed>
       </TPX>
      </Extensions>
     </Trackpoint>
     <Trackpoint>
      <Time>2026-08-19T11:32:57Z</Time>
      <Position>
       <LatitudeDegrees>5.2348410</LatitudeDegrees>
       <LongitudeDegrees>100.4343350</LongitudeDegrees>
      </Position>
      <AltitudeMeters>5.6</AltitudeMeters>
      <DistanceMeters>718.8</DistanceMeters>
      <HeartRateBpm>
       <Value>160</Value>
      </HeartRateBpm>
      <Extensions>
       <TPX xmlns="http://www.garmin.com/xmlschemas/ActivityExtension/v2">
        <Speed>3.4</Speed>
       </TPX>
      </Extensions>
     </Trackpoint>
     <Trackpoint>
      <Time>2026-08-19T11:32:58Z</Time>
      <Position>
       <LatitudeDegrees>5.2348690</LatitudeDegrees>
       <LongitudeDegrees>100.4343310</LongitudeDegrees>
      </Position>
      <AltitudeMeters>5.6</AltitudeMeters>
      <DistanceMeters>721.9</DistanceMeters>
      <HeartRateBpm>
       <Value>160</Value>
      </HeartRateBpm>
      <Extensions>
       <TPX xmlns="http://www.garmin.com/xmlschemas/ActivityExtension/v2">
        <Speed>3.3</Speed>
       </TPX>
      </Extensions>
     </Trackpoint>
     <Trackpoint>
      <Time>2026-08-19T11:32:59Z</Time>
      <Position>
       <LatitudeDegrees>5.2348970</LatitudeDegrees>
       <LongitudeDegrees>100.4343270</LongitudeDegrees>
      </Position>
      <AltitudeMeters>5.6</AltitudeMeters>
      <DistanceMeters>725.0</DistanceMeters>
      <HeartRateBpm>
       <Value>160</Value>
      </HeartRateBpm>
      <Extensions>
       <TPX xmlns="http://www.garmin.com/xmlschemas/ActivityExtension/v2">
        <Speed>3.3</Speed>
       </TPX>
      </Extensions>
     </Trackpoint>
     <Trackpoint>
      <Time>2026-08-19T11:33:00Z</Time>
      <Position>
       <LatitudeDegrees>5.2349300</LatitudeDegrees>
       <LongitudeDegrees>100.4343190</LongitudeDegrees>
      </Position>
      <AltitudeMeters>5.6</AltitudeMeters>
      <DistanceMeters>728.8</DistanceMeters>
      <HeartRateBpm>
       <Value>160</Value>
      </HeartRateBpm>
      <Extensions>
       <TPX xmlns="http://www.garmin.com/xmlschemas/ActivityExtension/v2">
        <Speed>3.3</Speed>
       </TPX>
      </Extensions>
     </Trackpoint>
     <Trackpoint>
      <Time>2026-08-19T11:33:01Z</Time>
      <Position>
       <LatitudeDegrees>5.2349600</LatitudeDegrees>
       <LongitudeDegrees>100.4343140</LongitudeDegrees>
      </Position>
      <AltitudeMeters>5.6</AltitudeMeters>
      <DistanceMeters>732.2</DistanceMeters>
      <HeartRateBpm>
       <Value>160</Value>
      </HeartRateBpm>
      <Extensions>
       <TPX xmlns="http://www.garmin.com/xmlschemas/ActivityExtension/v2">
        <Speed>3.3</Speed>
       </TPX>
      </Extensions>
     </Trackpoint>
     <Trackpoint>
      <Time>2026-08-19T11:33:02Z</Time>
      <Position>
       <LatitudeDegrees>5.2349900</LatitudeDegrees>
       <LongitudeDegrees>100.4343080</LongitudeDegrees>
      </Position>
      <AltitudeMeters>5.6</AltitudeMeters>
      <DistanceMeters>735.6</DistanceMeters>
      <HeartRateBpm>
       <Value>160</Value>
      </HeartRateBpm>
      <Extensions>
       <TPX xmlns="http://www.garmin.com/xmlschemas/ActivityExtension/v2">
        <Speed>3.4</Speed>
       </TPX>
      </Extensions>
     </Trackpoint>
     <Trackpoint>
      <Time>2026-08-19T11:33:03Z</Time>
      <Position>
       <LatitudeDegrees>5.2350190</LatitudeDegrees>
       <LongitudeDegrees>100.4342990</LongitudeDegrees>
      </Position>
      <AltitudeMeters>5.6</AltitudeMeters>
      <DistanceMeters>739.0</DistanceMeters>
      <HeartRateBpm>
       <Value>160</Value>
      </HeartRateBpm>
      <Extensions>
       <TPX xmlns="http://www.garmin.com/xmlschemas/ActivityExtension/v2">
        <Speed>3.4</Speed>
       </TPX>
      </Extensions>
     </Trackpoint>
     <Trackpoint>
      <Time>2026-08-19T11:33:04Z</Time>
      <Position>
       <LatitudeDegrees>5.2350490</LatitudeDegrees>
       <LongitudeDegrees>100.4342910</LongitudeDegrees>
      </Position>
      <AltitudeMeters>5.6</AltitudeMeters>
      <DistanceMeters>742.5</DistanceMeters>
      <HeartRateBpm>
       <Value>160</Value>
      </HeartRateBpm>
      <Extensions>
       <TPX xmlns="http://www.garmin.com/xmlschemas/ActivityExtension/v2">
        <Speed>3.5</Speed>
       </TPX>
      </Extensions>
     </Trackpoint>
     <Trackpoint>
      <Time>2026-08-19T11:33:05Z</Time>
      <Position>
       <LatitudeDegrees>5.2350790</LatitudeDegrees>
       <LongitudeDegrees>100.4342840</LongitudeDegrees>
      </Position>
      <AltitudeMeters>5.6</AltitudeMeters>
      <DistanceMeters>745.8</DistanceMeters>
      <HeartRateBpm>
       <Value>160</Value>
      </HeartRateBpm>
      <Extensions>
       <TPX xmlns="http://www.garmin.com/xmlschemas/ActivityExtension/v2">
        <Speed>3.4</Speed>
       </TPX>
      </Extensions>
     </Trackpoint>
     <Trackpoint>
      <Time>2026-08-19T11:33:06Z</Time>
      <Position>
       <LatitudeDegrees>5.2351080</LatitudeDegrees>
       <LongitudeDegrees>100.4342770</LongitudeDegrees>
      </Position>
      <AltitudeMeters>5.6</AltitudeMeters>
      <DistanceMeters>749.1</DistanceMeters>
      <HeartRateBpm>
       <Value>160</Value>
      </HeartRateBpm>
      <Extensions>
       <TPX xmlns="http://www.garmin.com/xmlschemas/ActivityExtension/v2">
        <Speed>3.4</Speed>
       </TPX>
      </Extensions>
     </Trackpoint>
     <Trackpoint>
      <Time>2026-08-19T11:33:07Z</Time>
      <Position>
       <LatitudeDegrees>5.2351400</LatitudeDegrees>
       <LongitudeDegrees>100.4342700</LongitudeDegrees>
      </Position>
      <AltitudeMeters>5.6</AltitudeMeters>
      <DistanceMeters>752.8</DistanceMeters>
      <HeartRateBpm>
       <Value>160</Value>
      </HeartRateBpm>
      <Extensions>
       <TPX xmlns="http://www.garmin.com/xmlschemas/ActivityExtension/v2">
        <Speed>3.4</Speed>
       </TPX>
      </Extensions>
     </Trackpoint>
     <Trackpoint>
      <Time>2026-08-19T11:33:08Z</Time>
      <Position>
       <LatitudeDegrees>5.2351700</LatitudeDegrees>
       <LongitudeDegrees>100.4342650</LongitudeDegrees>
      </Position>
      <AltitudeMeters>5.6</AltitudeMeters>
      <DistanceMeters>756.2</DistanceMeters>
      <HeartRateBpm>
       <Value>160</Value>
      </HeartRateBpm>
      <Extensions>
       <TPX xmlns="http://www.garmin.com/xmlschemas/ActivityExtension/v2">
        <Speed>3.4</Speed>
       </TPX>
      </Extensions>
     </Trackpoint>
     <Trackpoint>
      <Time>2026-08-19T11:33:09Z</Time>
      <Position>
       <LatitudeDegrees>5.2352000</LatitudeDegrees>
       <LongitudeDegrees>100.4342600</LongitudeDegrees>
      </Position>
      <AltitudeMeters>5.6</AltitudeMeters>
      <DistanceMeters>759.5</DistanceMeters>
      <HeartRateBpm>
       <Value>160</Value>
      </HeartRateBpm>
      <Extensions>
       <TPX xmlns="http://www.garmin.com/xmlschemas/ActivityExtension/v2">
        <Speed>3.4</Speed>
       </TPX>
      </Extensions>
     </Trackpoint>
     <Trackpoint>
      <Time>2026-08-19T11:33:10Z</Time>
      <Position>
       <LatitudeDegrees>5.2352290</LatitudeDegrees>
       <LongitudeDegrees>100.4342540</LongitudeDegrees>
      </Position>
      <AltitudeMeters>5.6</AltitudeMeters>
      <DistanceMeters>762.8</DistanceMeters>
      <HeartRateBpm>
       <Value>161</Value>
      </HeartRateBpm>
      <Extensions>
       <TPX xmlns="http://www.garmin.com/xmlschemas/ActivityExtension/v2">
        <Speed>3.4</Speed>
       </TPX>
      </Extensions>
     </Trackpoint>
     <Trackpoint>
      <Time>2026-08-19T11:33:11Z</Time>
      <Position>
       <LatitudeDegrees>5.2352580</LatitudeDegrees>
       <LongitudeDegrees>100.4342470</LongitudeDegrees>
      </Position>
      <AltitudeMeters>5.6</AltitudeMeters>
      <DistanceMeters>766.2</DistanceMeters>
      <HeartRateBpm>
       <Value>161</Value>
      </HeartRateBpm>
      <Extensions>
       <TPX xmlns="http://www.garmin.com/xmlschemas/ActivityExtension/v2">
        <Speed>3.4</Speed>
       </TPX>
      </Extensions>
     </Trackpoint>
     <Trackpoint>
      <Time>2026-08-19T11:33:12Z</Time>
      <Position>
       <LatitudeDegrees>5.2352880</LatitudeDegrees>
       <LongitudeDegrees>100.4342420</LongitudeDegrees>
      </Position>
      <AltitudeMeters>5.6</AltitudeMeters>
      <DistanceMeters>769.6</DistanceMeters>
      <HeartRateBpm>
       <Value>160</Value>
      </HeartRateBpm>
      <Extensions>
       <TPX xmlns="http://www.garmin.com/xmlschemas/ActivityExtension/v2">
        <Speed>3.4</Speed>
       </TPX>
      </Extensions>
     </Trackpoint>
     <Trackpoint>
      <Time>2026-08-19T11:33:13Z</Time>
      <Position>
       <LatitudeDegrees>5.2353180</LatitudeDegrees>
       <LongitudeDegrees>100.4342390</LongitudeDegrees>
      </Position>
      <AltitudeMeters>5.6</AltitudeMeters>
      <DistanceMeters>772.9</DistanceMeters>
      <HeartRateBpm>
       <Value>160</Value>
      </HeartRateBpm>
      <Extensions>
       <TPX xmlns="http://www.garmin.com/xmlschemas/ActivityExtension/v2">
        <Speed>3.3</Speed>
       </TPX>
      </Extensions>
     </Trackpoint>
     <Trackpoint>
      <Time>2026-08-19T11:33:14Z</Time>
      <Position>
       <LatitudeDegrees>5.2353470</LatitudeDegrees>
       <LongitudeDegrees>100.4342300</LongitudeDegrees>
      </Position>
      <AltitudeMeters>5.6</AltitudeMeters>
      <DistanceMeters>776.3</DistanceMeters>
      <HeartRateBpm>
       <Value>159</Value>
      </HeartRateBpm>
      <Extensions>
       <TPX xmlns="http://www.garmin.com/xmlschemas/ActivityExtension/v2">
        <Speed>3.4</Speed>
       </TPX>
      </Extensions>
     </Trackpoint>
     <Trackpoint>
      <Time>2026-08-19T11:33:15Z</Time>
      <Position>
       <LatitudeDegrees>5.2353780</LatitudeDegrees>
       <LongitudeDegrees>100.4342220</LongitudeDegrees>
      </Position>
      <AltitudeMeters>5.6</AltitudeMeters>
      <DistanceMeters>779.8</DistanceMeters>
      <HeartRateBpm>
       <Value>160</Value>
      </HeartRateBpm>
      <Extensions>
       <TPX xmlns="http://www.garmin.com/xmlschemas/ActivityExtension/v2">
        <Speed>3.4</Speed>
       </TPX>
      </Extensions>
     </Trackpoint>
     <Trackpoint>
      <Time>2026-08-19T11:33:16Z</Time>
      <Position>
       <LatitudeDegrees>5.2354090</LatitudeDegrees>
       <LongitudeDegrees>100.4342130</LongitudeDegrees>
      </Position>
      <AltitudeMeters>5.6</AltitudeMeters>
      <DistanceMeters>783.4</DistanceMeters>
      <HeartRateBpm>
       <Value>161</Value>
      </HeartRateBpm>
      <Extensions>
       <TPX xmlns="http://www.garmin.com/xmlschemas/ActivityExtension/v2">
        <Speed>3.4</Speed>
       </TPX>
      </Extensions>
     </Trackpoint>
     <Trackpoint>
      <Time>2026-08-19T11:33:17Z</Time>
      <Position>
       <LatitudeDegrees>5.2354400</LatitudeDegrees>
       <LongitudeDegrees>100.4342030</LongitudeDegrees>
      </Position>
      <AltitudeMeters>5.6</AltitudeMeters>
      <DistanceMeters>787.0</DistanceMeters>
      <HeartRateBpm>
       <Value>160</Value>
      </HeartRateBpm>
      <Extensions>
       <TPX xmlns="http://www.garmin.com/xmlschemas/ActivityExtension/v2">
        <Speed>3.5</Speed>
       </TPX>
      </Extensions>
     </Trackpoint>
     <Trackpoint>
      <Time>2026-08-19T11:33:18Z</Time>
      <Position>
       <LatitudeDegrees>5.2354710</LatitudeDegrees>
       <LongitudeDegrees>100.4341960</LongitudeDegrees>
      </Position>
      <AltitudeMeters>5.6</AltitudeMeters>
      <DistanceMeters>790.6</DistanceMeters>
      <HeartRateBpm>
       <Value>160</Value>
      </HeartRateBpm>
      <Extensions>
       <TPX xmlns="http://www.garmin.com/xmlschemas/ActivityExtension/v2">
        <Speed>3.5</Speed>
       </TPX>
      </Extensions>
     </Trackpoint>
     <Trackpoint>
      <Time>2026-08-19T11:33:19Z</Time>
      <Position>
       <LatitudeDegrees>5.2355030</LatitudeDegrees>
       <LongitudeDegrees>100.4341900</LongitudeDegrees>
      </Position>
      <AltitudeMeters>5.6</AltitudeMeters>
      <DistanceMeters>794.2</DistanceMeters>
      <HeartRateBpm>
       <Value>160</Value>
      </HeartRateBpm>
      <Extensions>
       <TPX xmlns="http://www.garmin.com/xmlschemas/ActivityExtension/v2">
        <Speed>3.6</Speed>
       </TPX>
      </Extensions>
     </Trackpoint>
     <Trackpoint>
      <Time>2026-08-19T11:33:20Z</Time>
      <Position>
       <LatitudeDegrees>5.2355310</LatitudeDegrees>
       <LongitudeDegrees>100.4341810</LongitudeDegrees>
      </Position>
      <AltitudeMeters>5.6</AltitudeMeters>
      <DistanceMeters>797.4</DistanceMeters>
      <HeartRateBpm>
       <Value>160</Value>
      </HeartRateBpm>
      <Extensions>
       <TPX xmlns="http://www.garmin.com/xmlschemas/ActivityExtension/v2">
        <Speed>3.5</Speed>
       </TPX>
      </Extensions>
     </Trackpoint>
     <Trackpoint>
      <Time>2026-08-19T11:33:21Z</Time>
      <Position>
       <LatitudeDegrees>5.2355620</LatitudeDegrees>
       <LongitudeDegrees>100.4341710</LongitudeDegrees>
      </Position>
      <AltitudeMeters>5.6</AltitudeMeters>
      <DistanceMeters>801.0</DistanceMeters>
      <HeartRateBpm>
       <Value>161</Value>
      </HeartRateBpm>
      <Extensions>
       <TPX xmlns="http://www.garmin.com/xmlschemas/ActivityExtension/v2">
        <Speed>3.5</Speed>
       </TPX>
      </Extensions>
     </Trackpoint>
     <Trackpoint>
      <Time>2026-08-19T11:33:22Z</Time>
      <Position>
       <LatitudeDegrees>5.2355950</LatitudeDegrees>
       <LongitudeDegrees>100.4341590</LongitudeDegrees>
      </Position>
      <AltitudeMeters>5.6</AltitudeMeters>
      <DistanceMeters>805.0</DistanceMeters>
      <HeartRateBpm>
       <Value>161</Value>
      </HeartRateBpm>
      <Extensions>
       <TPX xmlns="http://www.garmin.com/xmlschemas/ActivityExtension/v2">
        <Speed>3.6</Speed>
       </TPX>
      </Extensions>
     </Trackpoint>
     <Trackpoint>
      <Time>2026-08-19T11:33:23Z</Time>
      <Position>
       <LatitudeDegrees>5.2356260</LatitudeDegrees>
       <LongitudeDegrees>100.4341520</LongitudeDegrees>
      </Position>
      <AltitudeMeters>5.6</AltitudeMeters>
      <DistanceMeters>808.5</DistanceMeters>
      <HeartRateBpm>
       <Value>160</Value>
      </HeartRateBpm>
      <Extensions>
       <TPX xmlns="http://www.garmin.com/xmlschemas/ActivityExtension/v2">
        <Speed>3.6</Speed>
       </TPX>
      </Extensions>
     </Trackpoint>
     <Trackpoint>
      <Time>2026-08-19T11:33:24Z</Time>
      <Position>
       <LatitudeDegrees>5.2356570</LatitudeDegrees>
       <LongitudeDegrees>100.4341480</LongitudeDegrees>
      </Position>
      <AltitudeMeters>5.6</AltitudeMeters>
      <DistanceMeters>812.0</DistanceMeters>
      <HeartRateBpm>
       <Value>160</Value>
      </HeartRateBpm>
      <Extensions>
       <TPX xmlns="http://www.garmin.com/xmlschemas/ActivityExtension/v2">
        <Speed>3.6</Speed>
       </TPX>
      </Extensions>
     </Trackpoint>
     <Trackpoint>
      <Time>2026-08-19T11:33:25Z</Time>
      <Position>
       <LatitudeDegrees>5.2356870</LatitudeDegrees>
       <LongitudeDegrees>100.4341410</LongitudeDegrees>
      </Position>
      <AltitudeMeters>5.6</AltitudeMeters>
      <DistanceMeters>815.5</DistanceMeters>
      <HeartRateBpm>
       <Value>160</Value>
      </HeartRateBpm>
      <Extensions>
       <TPX xmlns="http://www.garmin.com/xmlschemas/ActivityExtension/v2">
        <Speed>3.6</Speed>
       </TPX>
      </Extensions>
     </Trackpoint>
     <Trackpoint>
      <Time>2026-08-19T11:33:26Z</Time>
      <Position>
       <LatitudeDegrees>5.2357180</LatitudeDegrees>
       <LongitudeDegrees>100.4341350</LongitudeDegrees>
      </Position>
      <AltitudeMeters>5.6</AltitudeMeters>
      <DistanceMeters>819.0</DistanceMeters>
      <HeartRateBpm>
       <Value>160</Value>
      </HeartRateBpm>
      <Extensions>
       <TPX xmlns="http://www.garmin.com/xmlschemas/ActivityExtension/v2">
        <Speed>3.6</Speed>
       </TPX>
      </Extensions>
     </Trackpoint>
     <Trackpoint>
      <Time>2026-08-19T11:33:27Z</Time>
      <Position>
       <LatitudeDegrees>5.2357460</LatitudeDegrees>
       <LongitudeDegrees>100.4341310</LongitudeDegrees>
      </Position>
      <AltitudeMeters>5.6</AltitudeMeters>
      <DistanceMeters>822.1</DistanceMeters>
      <HeartRateBpm>
       <Value>160</Value>
      </HeartRateBpm>
      <Extensions>
       <TPX xmlns="http://www.garmin.com/xmlschemas/ActivityExtension/v2">
        <Speed>3.4</Speed>
       </TPX>
      </Extensions>
     </Trackpoint>
     <Trackpoint>
      <Time>2026-08-19T11:33:28Z</Time>
      <Position>
       <LatitudeDegrees>5.2357780</LatitudeDegrees>
       <LongitudeDegrees>100.4341280</LongitudeDegrees>
      </Position>
      <AltitudeMeters>5.6</AltitudeMeters>
      <DistanceMeters>825.7</DistanceMeters>
      <HeartRateBpm>
       <Value>160</Value>
      </HeartRateBpm>
      <Extensions>
       <TPX xmlns="http://www.garmin.com/xmlschemas/ActivityExtension/v2">
        <Speed>3.4</Speed>
       </TPX>
      </Extensions>
     </Trackpoint>
     <Trackpoint>
      <Time>2026-08-19T11:33:29Z</Time>
      <Position>
       <LatitudeDegrees>5.2358080</LatitudeDegrees>
       <LongitudeDegrees>100.4341260</LongitudeDegrees>
      </Position>
      <AltitudeMeters>5.6</AltitudeMeters>
      <DistanceMeters>829.0</DistanceMeters>
      <HeartRateBpm>
       <Value>160</Value>
      </HeartRateBpm>
      <Extensions>
       <TPX xmlns="http://www.garmin.com/xmlschemas/ActivityExtension/v2">
        <Speed>3.4</Speed>
       </TPX>
      </Extensions>
     </Trackpoint>
     <Trackpoint>
      <Time>2026-08-19T11:33:30Z</Time>
      <Position>
       <LatitudeDegrees>5.2358370</LatitudeDegrees>
       <LongitudeDegrees>100.4341210</LongitudeDegrees>
      </Position>
      <AltitudeMeters>5.6</AltitudeMeters>
      <DistanceMeters>832.3</DistanceMeters>
      <HeartRateBpm>
       <Value>160</Value>
      </HeartRateBpm>
      <Extensions>
       <TPX xmlns="http://www.garmin.com/xmlschemas/ActivityExtension/v2">
        <Speed>3.4</Speed>
       </TPX>
      </Extensions>
     </Trackpoint>
     <Trackpoint>
      <Time>2026-08-19T11:33:31Z</Time>
      <Position>
       <LatitudeDegrees>5.2358660</LatitudeDegrees>
       <LongitudeDegrees>100.4341150</LongitudeDegrees>
      </Position>
      <AltitudeMeters>5.6</AltitudeMeters>
      <DistanceMeters>835.6</DistanceMeters>
      <HeartRateBpm>
       <Value>159</Value>
      </HeartRateBpm>
      <Extensions>
       <TPX xmlns="http://www.garmin.com/xmlschemas/ActivityExtension/v2">
        <Speed>3.3</Speed>
       </TPX>
      </Extensions>
     </Trackpoint>
     <Trackpoint>
      <Time>2026-08-19T11:33:32Z</Time>
      <Position>
       <LatitudeDegrees>5.2358950</LatitudeDegrees>
       <LongitudeDegrees>100.4341060</LongitudeDegrees>
      </Position>
      <AltitudeMeters>5.6</AltitudeMeters>
      <DistanceMeters>839.0</DistanceMeters>
      <HeartRateBpm>
       <Value>159</Value>
      </HeartRateBpm>
      <Extensions>
       <TPX xmlns="http://www.garmin.com/xmlschemas/ActivityExtension/v2">
        <Speed>3.4</Speed>
       </TPX>
      </Extensions>
     </Trackpoint>
     <Trackpoint>
      <Time>2026-08-19T11:33:33Z</Time>
      <Position>
       <LatitudeDegrees>5.2359250</LatitudeDegrees>
       <LongitudeDegrees>100.4340990</LongitudeDegrees>
      </Position>
      <AltitudeMeters>5.6</AltitudeMeters>
      <DistanceMeters>842.4</DistanceMeters>
      <HeartRateBpm>
       <Value>160</Value>
      </HeartRateBpm>
      <Extensions>
       <TPX xmlns="http://www.garmin.com/xmlschemas/ActivityExtension/v2">
        <Speed>3.3</Speed>
       </TPX>
      </Extensions>
     </Trackpoint>
     <Trackpoint>
      <Time>2026-08-19T11:33:34Z</Time>
      <Position>
       <LatitudeDegrees>5.2359520</LatitudeDegrees>
       <LongitudeDegrees>100.4340920</LongitudeDegrees>
      </Position>
      <AltitudeMeters>5.6</AltitudeMeters>
      <DistanceMeters>845.5</DistanceMeters>
      <HeartRateBpm>
       <Value>159</Value>
      </HeartRateBpm>
      <Extensions>
       <TPX xmlns="http://www.garmin.com/xmlschemas/ActivityExtension/v2">
        <Speed>3.3</Speed>
       </TPX>
      </Extensions>
     </Trackpoint>
     <Trackpoint>
      <Time>2026-08-19T11:33:35Z</Time>
      <Position>
       <LatitudeDegrees>5.2359870</LatitudeDegrees>
       <LongitudeDegrees>100.4340770</LongitudeDegrees>
      </Position>
      <AltitudeMeters>5.6</AltitudeMeters>
      <DistanceMeters>849.7</DistanceMeters>
      <HeartRateBpm>
       <Value>159</Value>
      </HeartRateBpm>
      <Extensions>
       <TPX xmlns="http://www.garmin.com/xmlschemas/ActivityExtension/v2">
        <Speed>3.5</Speed>
       </TPX>
      </Extensions>
     </Trackpoint>
     <Trackpoint>
      <Time>2026-08-19T11:33:36Z</Time>
      <Position>
       <LatitudeDegrees>5.2360170</LatitudeDegrees>
       <LongitudeDegrees>100.4340670</LongitudeDegrees>
      </Position>
      <AltitudeMeters>5.6</AltitudeMeters>
      <DistanceMeters>853.2</DistanceMeters>
      <HeartRateBpm>
       <Value>159</Value>
      </HeartRateBpm>
      <Extensions>
       <TPX xmlns="http://www.garmin.com/xmlschemas/ActivityExtension/v2">
        <Speed>3.5</Speed>
       </TPX>
      </Extensions>
     </Trackpoint>
     <Trackpoint>
      <Time>2026-08-19T11:33:37Z</Time>
      <Position>
       <LatitudeDegrees>5.2360450</LatitudeDegrees>
       <LongitudeDegrees>100.4340550</LongitudeDegrees>
      </Position>
      <AltitudeMeters>5.6</AltitudeMeters>
      <DistanceMeters>856.6</DistanceMeters>
      <HeartRateBpm>
       <Value>160</Value>
      </HeartRateBpm>
      <Extensions>
       <TPX xmlns="http://www.garmin.com/xmlschemas/ActivityExtension/v2">
        <Speed>3.5</Speed>
       </TPX>
      </Extensions>
     </Trackpoint>
     <Trackpoint>
      <Time>2026-08-19T11:33:38Z</Time>
      <Position>
       <LatitudeDegrees>5.2360730</LatitudeDegrees>
       <LongitudeDegrees>100.4340440</LongitudeDegrees>
      </Position>
      <AltitudeMeters>5.6</AltitudeMeters>
      <DistanceMeters>860.0</DistanceMeters>
      <HeartRateBpm>
       <Value>160</Value>
      </HeartRateBpm>
      <Extensions>
       <TPX xmlns="http://www.garmin.com/xmlschemas/ActivityExtension/v2">
        <Speed>3.5</Speed>
       </TPX>
      </Extensions>
     </Trackpoint>
     <Trackpoint>
      <Time>2026-08-19T11:33:39Z</Time>
      <Position>
       <LatitudeDegrees>5.2361040</LatitudeDegrees>
       <LongitudeDegrees>100.4340340</LongitudeDegrees>
      </Position>
      <AltitudeMeters>5.6</AltitudeMeters>
      <DistanceMeters>863.5</DistanceMeters>
      <HeartRateBpm>
       <Value>160</Value>
      </HeartRateBpm>
      <Extensions>
       <TPX xmlns="http://www.garmin.com/xmlschemas/ActivityExtension/v2">
        <Speed>3.6</Speed>
       </TPX>
      </Extensions>
     </Trackpoint>
     <Trackpoint>
      <Time>2026-08-19T11:33:40Z</Time>
      <Position>
       <LatitudeDegrees>5.2361340</LatitudeDegrees>
       <LongitudeDegrees>100.4340270</LongitudeDegrees>
      </Position>
      <AltitudeMeters>5.6</AltitudeMeters>
      <DistanceMeters>867.0</DistanceMeters>
      <HeartRateBpm>
       <Value>160</Value>
      </HeartRateBpm>
      <Extensions>
       <TPX xmlns="http://www.garmin.com/xmlschemas/ActivityExtension/v2">
        <Speed>3.5</Speed>
       </TPX>
      </Extensions>
     </Trackpoint>
     <Trackpoint>
      <Time>2026-08-19T11:33:41Z</Time>
      <Position>
       <LatitudeDegrees>5.2361670</LatitudeDegrees>
       <LongitudeDegrees>100.4340210</LongitudeDegrees>
      </Position>
      <AltitudeMeters>5.6</AltitudeMeters>
      <DistanceMeters>870.8</DistanceMeters>
      <HeartRateBpm>
       <Value>160</Value>
      </HeartRateBpm>
      <Extensions>
       <TPX xmlns="http://www.garmin.com/xmlschemas/ActivityExtension/v2">
        <Speed>3.5</Speed>
       </TPX>
      </Extensions>
     </Trackpoint>
     <Trackpoint>
      <Time>2026-08-19T11:33:42Z</Time>
      <Position>
       <LatitudeDegrees>5.2362000</LatitudeDegrees>
       <LongitudeDegrees>100.4340160</LongitudeDegrees>
      </Position>
      <AltitudeMeters>5.6</AltitudeMeters>
      <DistanceMeters>874.5</DistanceMeters>
      <HeartRateBpm>
       <Value>160</Value>
      </HeartRateBpm>
      <Extensions>
       <TPX xmlns="http://www.garmin.com/xmlschemas/ActivityExtension/v2">
        <Speed>3.6</Speed>
       </TPX>
      </Extensions>
     </Trackpoint>
     <Trackpoint>
      <Time>2026-08-19T11:33:43Z</Time>
      <Position>
       <LatitudeDegrees>5.2362300</LatitudeDegrees>
       <LongitudeDegrees>100.4340080</LongitudeDegrees>
      </Position>
      <AltitudeMeters>5.6</AltitudeMeters>
      <DistanceMeters>877.9</DistanceMeters>
      <HeartRateBpm>
       <Value>160</Value>
      </HeartRateBpm>
      <Extensions>
       <TPX xmlns="http://www.garmin.com/xmlschemas/ActivityExtension/v2">
        <Speed>3.6</Speed>
       </TPX>
      </Extensions>
     </Trackpoint>
     <Trackpoint>
      <Time>2026-08-19T11:33:44Z</Time>
      <Position>
       <LatitudeDegrees>5.2362640</LatitudeDegrees>
       <LongitudeDegrees>100.4340000</LongitudeDegrees>
      </Position>
      <AltitudeMeters>5.6</AltitudeMeters>
      <DistanceMeters>881.8</DistanceMeters>
      <HeartRateBpm>
       <Value>161</Value>
      </HeartRateBpm>
      <Extensions>
       <TPX xmlns="http://www.garmin.com/xmlschemas/ActivityExtension/v2">
        <Speed>3.7</Speed>
       </TPX>
      </Extensions>
     </Trackpoint>
     <Trackpoint>
      <Time>2026-08-19T11:33:45Z</Time>
      <Position>
       <LatitudeDegrees>5.2362980</LatitudeDegrees>
       <LongitudeDegrees>100.4339940</LongitudeDegrees>
      </Position>
      <AltitudeMeters>5.6</AltitudeMeters>
      <DistanceMeters>885.6</DistanceMeters>
      <HeartRateBpm>
       <Value>160</Value>
      </HeartRateBpm>
      <Extensions>
       <TPX xmlns="http://www.garmin.com/xmlschemas/ActivityExtension/v2">
        <Speed>3.7</Speed>
       </TPX>
      </Extensions>
     </Trackpoint>
     <Trackpoint>
      <Time>2026-08-19T11:33:46Z</Time>
      <Position>
       <LatitudeDegrees>5.2363310</LatitudeDegrees>
       <LongitudeDegrees>100.4339860</LongitudeDegrees>
      </Position>
      <AltitudeMeters>5.6</AltitudeMeters>
      <DistanceMeters>889.3</DistanceMeters>
      <HeartRateBpm>
       <Value>160</Value>
      </HeartRateBpm>
      <Extensions>
       <TPX xmlns="http://www.garmin.com/xmlschemas/ActivityExtension/v2">
        <Speed>3.7</Speed>
       </TPX>
      </Extensions>
     </Trackpoint>
     <Trackpoint>
      <Time>2026-08-19T11:33:47Z</Time>
      <Position>
       <LatitudeDegrees>5.2363620</LatitudeDegrees>
       <LongitudeDegrees>100.4339770</LongitudeDegrees>
      </Position>
      <AltitudeMeters>5.6</AltitudeMeters>
      <DistanceMeters>893.0</DistanceMeters>
      <HeartRateBpm>
       <Value>160</Value>
      </HeartRateBpm>
      <Extensions>
       <TPX xmlns="http://www.garmin.com/xmlschemas/ActivityExtension/v2">
        <Speed>3.7</Speed>
       </TPX>
      </Extensions>
     </Trackpoint>
     <Trackpoint>
      <Time>2026-08-19T11:33:48Z</Time>
      <Position>
       <LatitudeDegrees>5.2363940</LatitudeDegrees>
       <LongitudeDegrees>100.4339680</LongitudeDegrees>
      </Position>
      <AltitudeMeters>5.6</AltitudeMeters>
      <DistanceMeters>896.7</DistanceMeters>
      <HeartRateBpm>
       <Value>161</Value>
      </HeartRateBpm>
      <Extensions>
       <TPX xmlns="http://www.garmin.com/xmlschemas/ActivityExtension/v2">
        <Speed>3.8</Speed>
       </TPX>
      </Extensions>
     </Trackpoint>
     <Trackpoint>
      <Time>2026-08-19T11:33:49Z</Time>
      <Position>
       <LatitudeDegrees>5.2364270</LatitudeDegrees>
       <LongitudeDegrees>100.4339610</LongitudeDegrees>
      </Position>
      <AltitudeMeters>5.6</AltitudeMeters>
      <DistanceMeters>900.4</DistanceMeters>
      <HeartRateBpm>
       <Value>161</Value>
      </HeartRateBpm>
      <Extensions>
       <TPX xmlns="http://www.garmin.com/xmlschemas/ActivityExtension/v2">
        <Speed>3.7</Speed>
       </TPX>
      </Extensions>
     </Trackpoint>
     <Trackpoint>
      <Time>2026-08-19T11:33:50Z</Time>
      <Position>
       <LatitudeDegrees>5.2364600</LatitudeDegrees>
       <LongitudeDegrees>100.4339560</LongitudeDegrees>
      </Position>
      <AltitudeMeters>5.6</AltitudeMeters>
      <DistanceMeters>904.1</DistanceMeters>
      <HeartRateBpm>
       <Value>160</Value>
      </HeartRateBpm>
      <Extensions>
       <TPX xmlns="http://www.garmin.com/xmlschemas/ActivityExtension/v2">
        <Speed>3.7</Speed>
       </TPX>
      </Extensions>
     </Trackpoint>
     <Trackpoint>
      <Time>2026-08-19T11:33:51Z</Time>
      <Position>
       <LatitudeDegrees>5.2364920</LatitudeDegrees>
       <LongitudeDegrees>100.4339510</LongitudeDegrees>
      </Position>
      <AltitudeMeters>5.6</AltitudeMeters>
      <DistanceMeters>907.7</DistanceMeters>
      <HeartRateBpm>
       <Value>160</Value>
      </HeartRateBpm>
      <Extensions>
       <TPX xmlns="http://www.garmin.com/xmlschemas/ActivityExtension/v2">
        <Speed>3.7</Speed>
       </TPX>
      </Extensions>
     </Trackpoint>
     <Trackpoint>
      <Time>2026-08-19T11:33:52Z</Time>
      <Position>
       <LatitudeDegrees>5.2365180</LatitudeDegrees>
       <LongitudeDegrees>100.4339480</LongitudeDegrees>
      </Position>
      <AltitudeMeters>5.6</AltitudeMeters>
      <DistanceMeters>910.3</DistanceMeters>
      <HeartRateBpm>
       <Value>160</Value>
      </HeartRateBpm>
      <Extensions>
       <TPX xmlns="http://www.garmin.com/xmlschemas/ActivityExtension/v2">
        <Speed>3.5</Speed>
       </TPX>
      </Extensions>
     </Trackpoint>
     <Trackpoint>
      <Time>2026-08-19T11:33:53Z</Time>
      <Position>
       <LatitudeDegrees>5.2365290</LatitudeDegrees>
       <LongitudeDegrees>100.4339600</LongitudeDegrees>
      </Position>
      <AltitudeMeters>5.6</AltitudeMeters>
      <DistanceMeters>911.9</DistanceMeters>
      <HeartRateBpm>
       <Value>160</Value>
      </HeartRateBpm>
      <Extensions>
       <TPX xmlns="http://www.garmin.com/xmlschemas/ActivityExtension/v2">
        <Speed>3.0</Speed>
       </TPX>
      </Extensions>
     </Trackpoint>
     <Trackpoint>
      <Time>2026-08-19T11:33:54Z</Time>
      <Position>
       <LatitudeDegrees>5.2365640</LatitudeDegrees>
       <LongitudeDegrees>100.4339750</LongitudeDegrees>
      </Position>
      <AltitudeMeters>5.6</AltitudeMeters>
      <DistanceMeters>916.2</DistanceMeters>
      <HeartRateBpm>
       <Value>160</Value>
      </HeartRateBpm>
      <Extensions>
       <TPX xmlns="http://www.garmin.com/xmlschemas/ActivityExtension/v2">
        <Speed>3.2</Speed>
       </TPX>
      </Extensions>
     </Trackpoint>
     <Trackpoint>
      <Time>2026-08-19T11:33:55Z</Time>
      <Position>
       <LatitudeDegrees>5.2366000</LatitudeDegrees>
       <LongitudeDegrees>100.4339930</LongitudeDegrees>
      </Position>
      <AltitudeMeters>5.6</AltitudeMeters>
      <DistanceMeters>920.6</DistanceMeters>
      <HeartRateBpm>
       <Value>160</Value>
      </HeartRateBpm>
      <Extensions>
       <TPX xmlns="http://www.garmin.com/xmlschemas/ActivityExtension/v2">
        <Speed>3.3</Speed>
       </TPX>
      </Extensions>
     </Trackpoint>
     <Trackpoint>
      <Time>2026-08-19T11:33:56Z</Time>
      <Position>
       <LatitudeDegrees>5.2366250</LatitudeDegrees>
       <LongitudeDegrees>100.4340130</LongitudeDegrees>
      </Position>
      <AltitudeMeters>5.7</AltitudeMeters>
      <DistanceMeters>924.2</DistanceMeters>
      <HeartRateBpm>
       <Value>160</Value>
      </HeartRateBpm>
      <Extensions>
       <TPX xmlns="http://www.garmin.com/xmlschemas/ActivityExtension/v2">
        <Speed>3.3</Speed>
       </TPX>
      </Extensions>
     </Trackpoint>
     <Trackpoint>
      <Time>2026-08-19T11:33:57Z</Time>
      <Position>
       <LatitudeDegrees>5.2366500</LatitudeDegrees>
       <LongitudeDegrees>100.4340320</LongitudeDegrees>
      </Position>
      <AltitudeMeters>5.7</AltitudeMeters>
      <DistanceMeters>927.7</DistanceMeters>
      <HeartRateBpm>
       <Value>160</Value>
      </HeartRateBpm>
      <Extensions>
       <TPX xmlns="http://www.garmin.com/xmlschemas/ActivityExtension/v2">
        <Speed>3.5</Speed>
       </TPX>
      </Extensions>
     </Trackpoint>
     <Trackpoint>
      <Time>2026-08-19T11:33:58Z</Time>
      <Position>
       <LatitudeDegrees>5.2366720</LatitudeDegrees>
       <LongitudeDegrees>100.4340530</LongitudeDegrees>
      </Position>
      <AltitudeMeters>5.7</AltitudeMeters>
      <DistanceMeters>931.1</DistanceMeters>
      <HeartRateBpm>
       <Value>160</Value>
      </HeartRateBpm>
      <Extensions>
       <TPX xmlns="http://www.garmin.com/xmlschemas/ActivityExtension/v2">
        <Speed>3.8</Speed>
       </TPX>
      </Extensions>
     </Trackpoint>
     <Trackpoint>
      <Time>2026-08-19T11:33:59Z</Time>
      <Position>
       <LatitudeDegrees>5.2366900</LatitudeDegrees>
       <LongitudeDegrees>100.4340760</LongitudeDegrees>
      </Position>
      <AltitudeMeters>5.7</AltitudeMeters>
      <DistanceMeters>934.3</DistanceMeters>
      <HeartRateBpm>
       <Value>160</Value>
      </HeartRateBpm>
      <Extensions>
       <TPX xmlns="http://www.garmin.com/xmlschemas/ActivityExtension/v2">
        <Speed>3.6</Speed>
       </TPX>
      </Extensions>
     </Trackpoint>
     <Trackpoint>
      <Time>2026-08-19T11:34:00Z</Time>
      <Position>
       <LatitudeDegrees>5.2367010</LatitudeDegrees>
       <LongitudeDegrees>100.4341060</LongitudeDegrees>
      </Position>
      <AltitudeMeters>5.7</AltitudeMeters>
      <DistanceMeters>937.9</DistanceMeters>
      <HeartRateBpm>
       <Value>160</Value>
      </HeartRateBpm>
      <Extensions>
       <TPX xmlns="http://www.garmin.com/xmlschemas/ActivityExtension/v2">
        <Speed>3.5</Speed>
       </TPX>
      </Extensions>
     </Trackpoint>
     <Trackpoint>
      <Time>2026-08-19T11:34:01Z</Time>
      <Position>
       <LatitudeDegrees>5.2367090</LatitudeDegrees>
       <LongitudeDegrees>100.4341390</LongitudeDegrees>
      </Position>
      <AltitudeMeters>5.7</AltitudeMeters>
      <DistanceMeters>941.6</DistanceMeters>
      <HeartRateBpm>
       <Value>160</Value>
      </HeartRateBpm>
      <Extensions>
       <TPX xmlns="http://www.garmin.com/xmlschemas/ActivityExtension/v2">
        <Speed>3.5</Speed>
       </TPX>
      </Extensions>
     </Trackpoint>
     <Trackpoint>
      <Time>2026-08-19T11:34:02Z</Time>
      <Position>
       <LatitudeDegrees>5.2367160</LatitudeDegrees>
       <LongitudeDegrees>100.4341690</LongitudeDegrees>
      </Position>
      <AltitudeMeters>5.7</AltitudeMeters>
      <DistanceMeters>945.0</DistanceMeters>
      <HeartRateBpm>
       <Value>160</Value>
      </HeartRateBpm>
      <Extensions>
       <TPX xmlns="http://www.garmin.com/xmlschemas/ActivityExtension/v2">
        <Speed>3.5</Speed>
       </TPX>
      </Extensions>
     </Trackpoint>
     <Trackpoint>
      <Time>2026-08-19T11:34:03Z</Time>
      <Position>
       <LatitudeDegrees>5.2367240</LatitudeDegrees>
       <LongitudeDegrees>100.4341960</LongitudeDegrees>
      </Position>
      <AltitudeMeters>5.7</AltitudeMeters>
      <DistanceMeters>948.2</DistanceMeters>
      <HeartRateBpm>
       <Value>160</Value>
      </HeartRateBpm>
      <Extensions>
       <TPX xmlns="http://www.garmin.com/xmlschemas/ActivityExtension/v2">
        <Speed>3.4</Speed>
       </TPX>
      </Extensions>
     </Trackpoint>
     <Trackpoint>
      <Time>2026-08-19T11:34:04Z</Time>
      <Position>
       <LatitudeDegrees>5.2367350</LatitudeDegrees>
       <LongitudeDegrees>100.4342240</LongitudeDegrees>
      </Position>
      <AltitudeMeters>5.7</AltitudeMeters>
      <DistanceMeters>951.5</DistanceMeters>
      <HeartRateBpm>
       <Value>160</Value>
      </HeartRateBpm>
      <Extensions>
       <TPX xmlns="http://www.garmin.com/xmlschemas/ActivityExtension/v2">
        <Speed>3.4</Speed>
       </TPX>
      </Extensions>
     </Trackpoint>
     <Trackpoint>
      <Time>2026-08-19T11:34:05Z</Time>
      <Position>
       <LatitudeDegrees>5.2367450</LatitudeDegrees>
       <LongitudeDegrees>100.4342520</LongitudeDegrees>
      </Position>
      <AltitudeMeters>5.7</AltitudeMeters>
      <DistanceMeters>954.8</DistanceMeters>
      <HeartRateBpm>
       <Value>161</Value>
      </HeartRateBpm>
      <Extensions>
       <TPX xmlns="http://www.garmin.com/xmlschemas/ActivityExtension/v2">
        <Speed>3.4</Speed>
       </TPX>
      </Extensions>
     </Trackpoint>
     <Trackpoint>
      <Time>2026-08-19T11:34:06Z</Time>
      <Position>
       <LatitudeDegrees>5.2367510</LatitudeDegrees>
       <LongitudeDegrees>100.4342830</LongitudeDegrees>
      </Position>
      <AltitudeMeters>5.7</AltitudeMeters>
      <DistanceMeters>958.3</DistanceMeters>
      <HeartRateBpm>
       <Value>160</Value>
      </HeartRateBpm>
      <Extensions>
       <TPX xmlns="http://www.garmin.com/xmlschemas/ActivityExtension/v2">
        <Speed>3.3</Speed>
       </TPX>
      </Extensions>
     </Trackpoint>
     <Trackpoint>
      <Time>2026-08-19T11:34:07Z</Time>
      <Position>
       <LatitudeDegrees>5.2367580</LatitudeDegrees>
       <LongitudeDegrees>100.4343130</LongitudeDegrees>
      </Position>
      <AltitudeMeters>5.7</AltitudeMeters>
      <DistanceMeters>961.7</DistanceMeters>
      <HeartRateBpm>
       <Value>160</Value>
      </HeartRateBpm>
      <Extensions>
       <TPX xmlns="http://www.garmin.com/xmlschemas/ActivityExtension/v2">
        <Speed>3.3</Speed>
       </TPX>
      </Extensions>
     </Trackpoint>
     <Trackpoint>
      <Time>2026-08-19T11:34:08Z</Time>
      <Position>
       <LatitudeDegrees>5.2367580</LatitudeDegrees>
       <LongitudeDegrees>100.4343400</LongitudeDegrees>
      </Position>
      <AltitudeMeters>5.7</AltitudeMeters>
      <DistanceMeters>964.7</DistanceMeters>
      <HeartRateBpm>
       <Value>160</Value>
      </HeartRateBpm>
      <Extensions>
       <TPX xmlns="http://www.garmin.com/xmlschemas/ActivityExtension/v2">
        <Speed>3.3</Speed>
       </TPX>
      </Extensions>
     </Trackpoint>
     <Trackpoint>
      <Time>2026-08-19T11:34:09Z</Time>
      <Position>
       <LatitudeDegrees>5.2367600</LatitudeDegrees>
       <LongitudeDegrees>100.4343670</LongitudeDegrees>
      </Position>
      <AltitudeMeters>5.7</AltitudeMeters>
      <DistanceMeters>967.7</DistanceMeters>
      <HeartRateBpm>
       <Value>160</Value>
      </HeartRateBpm>
      <Extensions>
       <TPX xmlns="http://www.garmin.com/xmlschemas/ActivityExtension/v2">
        <Speed>3.2</Speed>
       </TPX>
      </Extensions>
     </Trackpoint>
     <Trackpoint>
      <Time>2026-08-19T11:34:10Z</Time>
      <Position>
       <LatitudeDegrees>5.2367640</LatitudeDegrees>
       <LongitudeDegrees>100.4343980</LongitudeDegrees>
      </Position>
      <AltitudeMeters>5.7</AltitudeMeters>
      <DistanceMeters>971.2</DistanceMeters>
      <HeartRateBpm>
       <Value>160</Value>
      </HeartRateBpm>
      <Extensions>
       <TPX xmlns="http://www.garmin.com/xmlschemas/ActivityExtension/v2">
        <Speed>3.3</Speed>
       </TPX>
      </Extensions>
     </Trackpoint>
     <Trackpoint>
      <Time>2026-08-19T11:34:11Z</Time>
      <Position>
       <LatitudeDegrees>5.2367720</LatitudeDegrees>
       <LongitudeDegrees>100.4344310</LongitudeDegrees>
      </Position>
      <AltitudeMeters>5.7</AltitudeMeters>
      <DistanceMeters>974.9</DistanceMeters>
      <HeartRateBpm>
       <Value>160</Value>
      </HeartRateBpm>
      <Extensions>
       <TPX xmlns="http://www.garmin.com/xmlschemas/ActivityExtension/v2">
        <Speed>3.3</Speed>
       </TPX>
      </Extensions>
     </Trackpoint>
     <Trackpoint>
      <Time>2026-08-19T11:34:12Z</Time>
      <Position>
       <LatitudeDegrees>5.2367790</LatitudeDegrees>
       <LongitudeDegrees>100.4344640</LongitudeDegrees>
      </Position>
      <AltitudeMeters>5.7</AltitudeMeters>
      <DistanceMeters>978.6</DistanceMeters>
      <HeartRateBpm>
       <Value>160</Value>
      </HeartRateBpm>
      <Extensions>
       <TPX xmlns="http://www.garmin.com/xmlschemas/ActivityExtension/v2">
        <Speed>3.4</Speed>
       </TPX>
      </Extensions>
     </Trackpoint>
     <Trackpoint>
      <Time>2026-08-19T11:34:13Z</Time>
      <Position>
       <LatitudeDegrees>5.2367860</LatitudeDegrees>
       <LongitudeDegrees>100.4344960</LongitudeDegrees>
      </Position>
      <AltitudeMeters>5.7</AltitudeMeters>
      <DistanceMeters>982.2</DistanceMeters>
      <HeartRateBpm>
       <Value>160</Value>
      </HeartRateBpm>
      <Extensions>
       <TPX xmlns="http://www.garmin.com/xmlschemas/ActivityExtension/v2">
        <Speed>3.5</Speed>
       </TPX>
      </Extensions>
     </Trackpoint>
     <Trackpoint>
      <Time>2026-08-19T11:34:14Z</Time>
      <Position>
       <LatitudeDegrees>5.2367910</LatitudeDegrees>
       <LongitudeDegrees>100.4345280</LongitudeDegrees>
      </Position>
      <AltitudeMeters>5.7</AltitudeMeters>
      <DistanceMeters>985.8</DistanceMeters>
      <HeartRateBpm>
       <Value>160</Value>
      </HeartRateBpm>
      <Extensions>
       <TPX xmlns="http://www.garmin.com/xmlschemas/ActivityExtension/v2">
        <Speed>3.6</Speed>
       </TPX>
      </Extensions>
     </Trackpoint>
     <Trackpoint>
      <Time>2026-08-19T11:34:15Z</Time>
      <Position>
       <LatitudeDegrees>5.2367970</LatitudeDegrees>
       <LongitudeDegrees>100.4345610</LongitudeDegrees>
      </Position>
      <AltitudeMeters>5.7</AltitudeMeters>
      <DistanceMeters>989.5</DistanceMeters>
      <HeartRateBpm>
       <Value>160</Value>
      </HeartRateBpm>
      <Extensions>
       <TPX xmlns="http://www.garmin.com/xmlschemas/ActivityExtension/v2">
        <Speed>3.7</Speed>
       </TPX>
      </Extensions>
     </Trackpoint>
     <Trackpoint>
      <Time>2026-08-19T11:34:16Z</Time>
      <Position>
       <LatitudeDegrees>5.2368030</LatitudeDegrees>
       <LongitudeDegrees>100.4345920</LongitudeDegrees>
      </Position>
      <AltitudeMeters>5.7</AltitudeMeters>
      <DistanceMeters>993.0</DistanceMeters>
      <HeartRateBpm>
       <Value>160</Value>
      </HeartRateBpm>
      <Extensions>
       <TPX xmlns="http://www.garmin.com/xmlschemas/ActivityExtension/v2">
        <Speed>3.6</Speed>
       </TPX>
      </Extensions>
     </Trackpoint>
     <Trackpoint>
      <Time>2026-08-19T11:34:17Z</Time>
      <Position>
       <LatitudeDegrees>5.2368120</LatitudeDegrees>
       <LongitudeDegrees>100.4346220</LongitudeDegrees>
      </Position>
      <AltitudeMeters>5.7</AltitudeMeters>
      <DistanceMeters>996.5</DistanceMeters>
      <HeartRateBpm>
       <Value>160</Value>
      </HeartRateBpm>
      <Extensions>
       <TPX xmlns="http://www.garmin.com/xmlschemas/ActivityExtension/v2">
        <Speed>3.6</Speed>
       </TPX>
      </Extensions>
     </Trackpoint>
     <Trackpoint>
      <Time>2026-08-19T11:34:18Z</Time>
      <Position>
       <LatitudeDegrees>5.2368220</LatitudeDegrees>
       <LongitudeDegrees>100.4346520</LongitudeDegrees>
      </Position>
      <AltitudeMeters>5.7</AltitudeMeters>
      <DistanceMeters>1000.0</DistanceMeters>
      <HeartRateBpm>
       <Value>160</Value>
      </HeartRateBpm>
      <Extensions>
       <TPX xmlns="http://www.garmin.com/xmlschemas/ActivityExtension/v2">
        <Speed>3.6</Speed>
       </TPX>
      </Extensions>
     </Trackpoint>
     <Trackpoint>
      <Time>2026-08-19T11:34:19Z</Time>
      <Position>
       <LatitudeDegrees>5.2368270</LatitudeDegrees>
       <LongitudeDegrees>100.4346820</LongitudeDegrees>
      </Position>
      <AltitudeMeters>5.7</AltitudeMeters>
      <DistanceMeters>1003.4</DistanceMeters>
      <HeartRateBpm>
       <Value>160</Value>
      </HeartRateBpm>
      <Extensions>
       <TPX xmlns="http://www.garmin.com/xmlschemas/ActivityExtension/v2">
        <Speed>3.5</Speed>
       </TPX>
      </Extensions>
     </Trackpoint>
     <Trackpoint>
      <Time>2026-08-19T11:34:20Z</Time>
      <Position>
       <LatitudeDegrees>5.2368280</LatitudeDegrees>
       <LongitudeDegrees>100.4347180</LongitudeDegrees>
      </Position>
      <AltitudeMeters>5.7</AltitudeMeters>
      <DistanceMeters>1007.4</DistanceMeters>
      <HeartRateBpm>
       <Value>161</Value>
      </HeartRateBpm>
      <Extensions>
       <TPX xmlns="http://www.garmin.com/xmlschemas/ActivityExtension/v2">
        <Speed>3.6</Speed>
       </TPX>
      </Extensions>
     </Trackpoint>
     <Trackpoint>
      <Time>2026-08-19T11:34:21Z</Time>
      <Position>
       <LatitudeDegrees>5.2368320</LatitudeDegrees>
       <LongitudeDegrees>100.4347500</LongitudeDegrees>
      </Position>
      <AltitudeMeters>5.8</AltitudeMeters>
      <DistanceMeters>1011.0</DistanceMeters>
      <HeartRateBpm>
       <Value>161</Value>
      </HeartRateBpm>
      <Extensions>
       <TPX xmlns="http://www.garmin.com/xmlschemas/ActivityExtension/v2">
        <Speed>3.6</Speed>
       </TPX>
      </Extensions>
     </Trackpoint>
     <Trackpoint>
      <Time>2026-08-19T11:34:22Z</Time>
      <Position>
       <LatitudeDegrees>5.2368390</LatitudeDegrees>
       <LongitudeDegrees>100.4347840</LongitudeDegrees>
      </Position>
      <AltitudeMeters>5.8</AltitudeMeters>
      <DistanceMeters>1014.8</DistanceMeters>
      <HeartRateBpm>
       <Value>161</Value>
      </HeartRateBpm>
      <Extensions>
       <TPX xmlns="http://www.garmin.com/xmlschemas/ActivityExtension/v2">
        <Speed>3.7</Speed>
       </TPX>
      </Extensions>
     </Trackpoint>
     <Trackpoint>
      <Time>2026-08-19T11:34:23Z</Time>
      <Position>
       <LatitudeDegrees>5.2368460</LatitudeDegrees>
       <LongitudeDegrees>100.4348170</LongitudeDegrees>
      </Position>
      <AltitudeMeters>5.8</AltitudeMeters>
      <DistanceMeters>1018.5</DistanceMeters>
      <HeartRateBpm>
       <Value>161</Value>
      </HeartRateBpm>
      <Extensions>
       <TPX xmlns="http://www.garmin.com/xmlschemas/ActivityExtension/v2">
        <Speed>3.7</Speed>
       </TPX>
      </Extensions>
     </Trackpoint>
     <Trackpoint>
      <Time>2026-08-19T11:34:24Z</Time>
      <Position>
       <LatitudeDegrees>5.2368510</LatitudeDegrees>
       <LongitudeDegrees>100.4348500</LongitudeDegrees>
      </Position>
      <AltitudeMeters>5.8</AltitudeMeters>
      <DistanceMeters>1022.3</DistanceMeters>
      <HeartRateBpm>
       <Value>161</Value>
      </HeartRateBpm>
      <Extensions>
       <TPX xmlns="http://www.garmin.com/xmlschemas/ActivityExtension/v2">
        <Speed>3.8</Speed>
       </TPX>
      </Extensions>
     </Trackpoint>
     <Trackpoint>
      <Time>2026-08-19T11:34:25Z</Time>
      <Position>
       <LatitudeDegrees>5.2368550</LatitudeDegrees>
       <LongitudeDegrees>100.4348800</LongitudeDegrees>
      </Position>
      <AltitudeMeters>5.8</AltitudeMeters>
      <DistanceMeters>1025.6</DistanceMeters>
      <HeartRateBpm>
       <Value>161</Value>
      </HeartRateBpm>
      <Extensions>
       <TPX xmlns="http://www.garmin.com/xmlschemas/ActivityExtension/v2">
        <Speed>3.6</Speed>
       </TPX>
      </Extensions>
     </Trackpoint>
     <Trackpoint>
      <Time>2026-08-19T11:34:26Z</Time>
      <Position>
       <LatitudeDegrees>5.2368600</LatitudeDegrees>
       <LongitudeDegrees>100.4349070</LongitudeDegrees>
      </Position>
      <AltitudeMeters>5.8</AltitudeMeters>
      <DistanceMeters>1028.6</DistanceMeters>
      <HeartRateBpm>
       <Value>161</Value>
      </HeartRateBpm>
      <Extensions>
       <TPX xmlns="http://www.garmin.com/xmlschemas/ActivityExtension/v2">
        <Speed>3.5</Speed>
       </TPX>
      </Extensions>
     </Trackpoint>
     <Trackpoint>
      <Time>2026-08-19T11:34:27Z</Time>
      <Position>
       <LatitudeDegrees>5.2368690</LatitudeDegrees>
       <LongitudeDegrees>100.4349300</LongitudeDegrees>
      </Position>
      <AltitudeMeters>5.8</AltitudeMeters>
      <DistanceMeters>1031.4</DistanceMeters>
      <HeartRateBpm>
       <Value>161</Value>
      </HeartRateBpm>
      <Extensions>
       <TPX xmlns="http://www.garmin.com/xmlschemas/ActivityExtension/v2">
        <Speed>3.3</Speed>
       </TPX>
      </Extensions>
     </Trackpoint>
     <Trackpoint>
      <Time>2026-08-19T11:34:28Z</Time>
      <Position>
       <LatitudeDegrees>5.2368750</LatitudeDegrees>
       <LongitudeDegrees>100.4349510</LongitudeDegrees>
      </Position>
      <AltitudeMeters>5.8</AltitudeMeters>
      <DistanceMeters>1033.8</DistanceMeters>
      <HeartRateBpm>
       <Value>161</Value>
      </HeartRateBpm>
      <Extensions>
       <TPX xmlns="http://www.garmin.com/xmlschemas/ActivityExtension/v2">
        <Speed>3.1</Speed>
       </TPX>
      </Extensions>
     </Trackpoint>
     <Trackpoint>
      <Time>2026-08-19T11:34:29Z</Time>
      <Position>
       <LatitudeDegrees>5.2368810</LatitudeDegrees>
       <LongitudeDegrees>100.4349800</LongitudeDegrees>
      </Position>
      <AltitudeMeters>5.8</AltitudeMeters>
      <DistanceMeters>1037.0</DistanceMeters>
      <HeartRateBpm>
       <Value>161</Value>
      </HeartRateBpm>
      <Extensions>
       <TPX xmlns="http://www.garmin.com/xmlschemas/ActivityExtension/v2">
        <Speed>2.9</Speed>
       </TPX>
      </Extensions>
     </Trackpoint>
     <Trackpoint>
      <Time>2026-08-19T11:34:30Z</Time>
      <Position>
       <LatitudeDegrees>5.2368900</LatitudeDegrees>
       <LongitudeDegrees>100.4350140</LongitudeDegrees>
      </Position>
      <AltitudeMeters>5.8</AltitudeMeters>
      <DistanceMeters>1040.9</DistanceMeters>
      <HeartRateBpm>
       <Value>161</Value>
      </HeartRateBpm>
      <Extensions>
       <TPX xmlns="http://www.garmin.com/xmlschemas/ActivityExtension/v2">
        <Speed>3.1</Speed>
       </TPX>
      </Extensions>
     </Trackpoint>
     <Trackpoint>
      <Time>2026-08-19T11:34:31Z</Time>
      <Position>
       <LatitudeDegrees>5.2369040</LatitudeDegrees>
       <LongitudeDegrees>100.4350410</LongitudeDegrees>
      </Position>
      <AltitudeMeters>5.8</AltitudeMeters>
      <DistanceMeters>1044.3</DistanceMeters>
      <HeartRateBpm>
       <Value>161</Value>
      </HeartRateBpm>
      <Extensions>
       <TPX xmlns="http://www.garmin.com/xmlschemas/ActivityExtension/v2">
        <Speed>3.1</Speed>
       </TPX>
      </Extensions>
     </Trackpoint>
     <Trackpoint>
      <Time>2026-08-19T11:34:32Z</Time>
      <Position>
       <LatitudeDegrees>5.2369160</LatitudeDegrees>
       <LongitudeDegrees>100.4350690</LongitudeDegrees>
      </Position>
      <AltitudeMeters>5.8</AltitudeMeters>
      <DistanceMeters>1047.7</DistanceMeters>
      <HeartRateBpm>
       <Value>161</Value>
      </HeartRateBpm>
      <Extensions>
       <TPX xmlns="http://www.garmin.com/xmlschemas/ActivityExtension/v2">
        <Speed>3.3</Speed>
       </TPX>
      </Extensions>
     </Trackpoint>
     <Trackpoint>
      <Time>2026-08-19T11:34:33Z</Time>
      <Position>
       <LatitudeDegrees>5.2369270</LatitudeDegrees>
       <LongitudeDegrees>100.4350990</LongitudeDegrees>
      </Position>
      <AltitudeMeters>5.8</AltitudeMeters>
      <DistanceMeters>1051.2</DistanceMeters>
      <HeartRateBpm>
       <Value>161</Value>
      </HeartRateBpm>
      <Extensions>
       <TPX xmlns="http://www.garmin.com/xmlschemas/ActivityExtension/v2">
        <Speed>3.5</Speed>
       </TPX>
      </Extensions>
     </Trackpoint>
     <Trackpoint>
      <Time>2026-08-19T11:34:34Z</Time>
      <Position>
       <LatitudeDegrees>5.2369380</LatitudeDegrees>
       <LongitudeDegrees>100.4351300</LongitudeDegrees>
      </Position>
      <AltitudeMeters>5.8</AltitudeMeters>
      <DistanceMeters>1054.9</DistanceMeters>
      <HeartRateBpm>
       <Value>160</Value>
      </HeartRateBpm>
      <Extensions>
       <TPX xmlns="http://www.garmin.com/xmlschemas/ActivityExtension/v2">
        <Speed>3.6</Speed>
       </TPX>
      </Extensions>
     </Trackpoint>
     <Trackpoint>
      <Time>2026-08-19T11:34:35Z</Time>
      <Position>
       <LatitudeDegrees>5.2369470</LatitudeDegrees>
       <LongitudeDegrees>100.4351620</LongitudeDegrees>
      </Position>
      <AltitudeMeters>5.8</AltitudeMeters>
      <DistanceMeters>1058.6</DistanceMeters>
      <HeartRateBpm>
       <Value>160</Value>
      </HeartRateBpm>
      <Extensions>
       <TPX xmlns="http://www.garmin.com/xmlschemas/ActivityExtension/v2">
        <Speed>3.5</Speed>
       </TPX>
      </Extensions>
     </Trackpoint>
     <Trackpoint>
      <Time>2026-08-19T11:34:36Z</Time>
      <Position>
       <LatitudeDegrees>5.2369550</LatitudeDegrees>
       <LongitudeDegrees>100.4351980</LongitudeDegrees>
      </Position>
      <AltitudeMeters>5.7</AltitudeMeters>
      <DistanceMeters>1062.6</DistanceMeters>
      <HeartRateBpm>
       <Value>161</Value>
      </HeartRateBpm>
      <Extensions>
       <TPX xmlns="http://www.garmin.com/xmlschemas/ActivityExtension/v2">
        <Speed>3.7</Speed>
       </TPX>
      </Extensions>
     </Trackpoint>
     <Trackpoint>
      <Time>2026-08-19T11:34:37Z</Time>
      <Position>
       <LatitudeDegrees>5.2369620</LatitudeDegrees>
       <LongitudeDegrees>100.4352370</LongitudeDegrees>
      </Position>
      <AltitudeMeters>5.7</AltitudeMeters>
      <DistanceMeters>1067.0</DistanceMeters>
      <HeartRateBpm>
       <Value>162</Value>
      </HeartRateBpm>
      <Extensions>
       <TPX xmlns="http://www.garmin.com/xmlschemas/ActivityExtension/v2">
        <Speed>3.9</Speed>
       </TPX>
      </Extensions>
     </Trackpoint>
     <Trackpoint>
      <Time>2026-08-19T11:34:38Z</Time>
      <Position>
       <LatitudeDegrees>5.2369690</LatitudeDegrees>
       <LongitudeDegrees>100.4352720</LongitudeDegrees>
      </Position>
      <AltitudeMeters>5.7</AltitudeMeters>
      <DistanceMeters>1071.0</DistanceMeters>
      <HeartRateBpm>
       <Value>162</Value>
      </HeartRateBpm>
      <Extensions>
       <TPX xmlns="http://www.garmin.com/xmlschemas/ActivityExtension/v2">
        <Speed>4.0</Speed>
       </TPX>
      </Extensions>
     </Trackpoint>
     <Trackpoint>
      <Time>2026-08-19T11:34:39Z</Time>
      <Position>
       <LatitudeDegrees>5.2369760</LatitudeDegrees>
       <LongitudeDegrees>100.4353040</LongitudeDegrees>
      </Position>
      <AltitudeMeters>5.7</AltitudeMeters>
      <DistanceMeters>1074.6</DistanceMeters>
      <HeartRateBpm>
       <Value>162</Value>
      </HeartRateBpm>
      <Extensions>
       <TPX xmlns="http://www.garmin.com/xmlschemas/ActivityExtension/v2">
        <Speed>3.9</Speed>
       </TPX>
      </Extensions>
     </Trackpoint>
     <Trackpoint>
      <Time>2026-08-19T11:34:40Z</Time>
      <Position>
       <LatitudeDegrees>5.2369770</LatitudeDegrees>
       <LongitudeDegrees>100.4353450</LongitudeDegrees>
      </Position>
      <AltitudeMeters>5.7</AltitudeMeters>
      <DistanceMeters>1079.2</DistanceMeters>
      <HeartRateBpm>
       <Value>161</Value>
      </HeartRateBpm>
      <Extensions>
       <TPX xmlns="http://www.garmin.com/xmlschemas/ActivityExtension/v2">
        <Speed>4.1</Speed>
       </TPX>
      </Extensions>
     </Trackpoint>
     <Trackpoint>
      <Time>2026-08-19T11:34:41Z</Time>
      <Position>
       <LatitudeDegrees>5.2369830</LatitudeDegrees>
       <LongitudeDegrees>100.4353790</LongitudeDegrees>
      </Position>
      <AltitudeMeters>5.7</AltitudeMeters>
      <DistanceMeters>1083.0</DistanceMeters>
      <HeartRateBpm>
       <Value>161</Value>
      </HeartRateBpm>
      <Extensions>
       <TPX xmlns="http://www.garmin.com/xmlschemas/ActivityExtension/v2">
        <Speed>4.1</Speed>
       </TPX>
      </Extensions>
     </Trackpoint>
     <Trackpoint>
      <Time>2026-08-19T11:34:42Z</Time>
      <Position>
       <LatitudeDegrees>5.2369900</LatitudeDegrees>
       <LongitudeDegrees>100.4354110</LongitudeDegrees>
      </Position>
      <AltitudeMeters>5.7</AltitudeMeters>
      <DistanceMeters>1086.6</DistanceMeters>
      <HeartRateBpm>
       <Value>162</Value>
      </HeartRateBpm>
      <Extensions>
       <TPX xmlns="http://www.garmin.com/xmlschemas/ActivityExtension/v2">
        <Speed>3.9</Speed>
       </TPX>
      </Extensions>
     </Trackpoint>
     <Trackpoint>
      <Time>2026-08-19T11:34:43Z</Time>
      <Position>
       <LatitudeDegrees>5.2369960</LatitudeDegrees>
       <LongitudeDegrees>100.4354420</LongitudeDegrees>
      </Position>
      <AltitudeMeters>5.7</AltitudeMeters>
      <DistanceMeters>1090.1</DistanceMeters>
      <HeartRateBpm>
       <Value>163</Value>
      </HeartRateBpm>
      <Extensions>
       <TPX xmlns="http://www.garmin.com/xmlschemas/ActivityExtension/v2">
        <Speed>3.8</Speed>
       </TPX>
      </Extensions>
     </Trackpoint>
     <Trackpoint>
      <Time>2026-08-19T11:34:44Z</Time>
      <Position>
       <LatitudeDegrees>5.2370020</LatitudeDegrees>
       <LongitudeDegrees>100.4354710</LongitudeDegrees>
      </Position>
      <AltitudeMeters>5.7</AltitudeMeters>
      <DistanceMeters>1093.4</DistanceMeters>
      <HeartRateBpm>
       <Value>162</Value>
      </HeartRateBpm>
      <Extensions>
       <TPX xmlns="http://www.garmin.com/xmlschemas/ActivityExtension/v2">
        <Speed>3.8</Speed>
       </TPX>
      </Extensions>
     </Trackpoint>
     <Trackpoint>
      <Time>2026-08-19T11:34:45Z</Time>
      <Position>
       <LatitudeDegrees>5.2370070</LatitudeDegrees>
       <LongitudeDegrees>100.4355000</LongitudeDegrees>
      </Position>
      <AltitudeMeters>5.7</AltitudeMeters>
      <DistanceMeters>1096.6</DistanceMeters>
      <HeartRateBpm>
       <Value>162</Value>
      </HeartRateBpm>
      <Extensions>
       <TPX xmlns="http://www.garmin.com/xmlschemas/ActivityExtension/v2">
        <Speed>3.5</Speed>
       </TPX>
      </Extensions>
     </Trackpoint>
     <Trackpoint>
      <Time>2026-08-19T11:34:46Z</Time>
      <Position>
       <LatitudeDegrees>5.2370160</LatitudeDegrees>
       <LongitudeDegrees>100.4355270</LongitudeDegrees>
      </Position>
      <AltitudeMeters>5.7</AltitudeMeters>
      <DistanceMeters>1099.8</DistanceMeters>
      <HeartRateBpm>
       <Value>162</Value>
      </HeartRateBpm>
      <Extensions>
       <TPX xmlns="http://www.garmin.com/xmlschemas/ActivityExtension/v2">
        <Speed>3.4</Speed>
       </TPX>
      </Extensions>
     </Trackpoint>
     <Trackpoint>
      <Time>2026-08-19T11:34:47Z</Time>
      <Position>
       <LatitudeDegrees>5.2370240</LatitudeDegrees>
       <LongitudeDegrees>100.4355540</LongitudeDegrees>
      </Position>
      <AltitudeMeters>5.7</AltitudeMeters>
      <DistanceMeters>1103.0</DistanceMeters>
      <HeartRateBpm>
       <Value>161</Value>
      </HeartRateBpm>
      <Extensions>
       <TPX xmlns="http://www.garmin.com/xmlschemas/ActivityExtension/v2">
        <Speed>3.3</Speed>
       </TPX>
      </Extensions>
     </Trackpoint>
     <Trackpoint>
      <Time>2026-08-19T11:34:48Z</Time>
      <Position>
       <LatitudeDegrees>5.2370310</LatitudeDegrees>
       <LongitudeDegrees>100.4355820</LongitudeDegrees>
      </Position>
      <AltitudeMeters>5.7</AltitudeMeters>
      <DistanceMeters>1106.1</DistanceMeters>
      <HeartRateBpm>
       <Value>162</Value>
      </HeartRateBpm>
      <Extensions>
       <TPX xmlns="http://www.garmin.com/xmlschemas/ActivityExtension/v2">
        <Speed>3.2</Speed>
       </TPX>
      </Extensions>
     </Trackpoint>
     <Trackpoint>
      <Time>2026-08-19T11:34:49Z</Time>
      <Position>
       <LatitudeDegrees>5.2370360</LatitudeDegrees>
       <LongitudeDegrees>100.4356080</LongitudeDegrees>
      </Position>
      <AltitudeMeters>5.7</AltitudeMeters>
      <DistanceMeters>1109.1</DistanceMeters>
      <HeartRateBpm>
       <Value>162</Value>
      </HeartRateBpm>
      <Extensions>
       <TPX xmlns="http://www.garmin.com/xmlschemas/ActivityExtension/v2">
        <Speed>3.1</Speed>
       </TPX>
      </Extensions>
     </Trackpoint>
     <Trackpoint>
      <Time>2026-08-19T11:34:50Z</Time>
      <Position>
       <LatitudeDegrees>5.2370400</LatitudeDegrees>
       <LongitudeDegrees>100.4356340</LongitudeDegrees>
      </Position>
      <AltitudeMeters>5.7</AltitudeMeters>
      <DistanceMeters>1112.0</DistanceMeters>
      <HeartRateBpm>
       <Value>162</Value>
      </HeartRateBpm>
      <Extensions>
       <TPX xmlns="http://www.garmin.com/xmlschemas/ActivityExtension/v2">
        <Speed>3.1</Speed>
       </TPX>
      </Extensions>
     </Trackpoint>
     <Trackpoint>
      <Time>2026-08-19T11:34:51Z</Time>
      <Position>
       <LatitudeDegrees>5.2370430</LatitudeDegrees>
       <LongitudeDegrees>100.4356680</LongitudeDegrees>
      </Position>
      <AltitudeMeters>5.7</AltitudeMeters>
      <DistanceMeters>1115.7</DistanceMeters>
      <HeartRateBpm>
       <Value>162</Value>
      </HeartRateBpm>
      <Extensions>
       <TPX xmlns="http://www.garmin.com/xmlschemas/ActivityExtension/v2">
        <Speed>3.2</Speed>
       </TPX>
      </Extensions>
     </Trackpoint>
     <Trackpoint>
      <Time>2026-08-19T11:34:52Z</Time>
      <Position>
       <LatitudeDegrees>5.2370440</LatitudeDegrees>
       <LongitudeDegrees>100.4356970</LongitudeDegrees>
      </Position>
      <AltitudeMeters>5.7</AltitudeMeters>
      <DistanceMeters>1118.9</DistanceMeters>
      <HeartRateBpm>
       <Value>162</Value>
      </HeartRateBpm>
      <Extensions>
       <TPX xmlns="http://www.garmin.com/xmlschemas/ActivityExtension/v2">
        <Speed>3.2</Speed>
       </TPX>
      </Extensions>
     </Trackpoint>
     <Trackpoint>
      <Time>2026-08-19T11:34:53Z</Time>
      <Position>
       <LatitudeDegrees>5.2370590</LatitudeDegrees>
       <LongitudeDegrees>100.4357350</LongitudeDegrees>
      </Position>
      <AltitudeMeters>5.7</AltitudeMeters>
      <DistanceMeters>1123.4</DistanceMeters>
      <HeartRateBpm>
       <Value>162</Value>
      </HeartRateBpm>
      <Extensions>
       <TPX xmlns="http://www.garmin.com/xmlschemas/ActivityExtension/v2">
        <Speed>3.5</Speed>
       </TPX>
      </Extensions>
     </Trackpoint>
     <Trackpoint>
      <Time>2026-08-19T11:34:54Z</Time>
      <Position>
       <LatitudeDegrees>5.2370690</LatitudeDegrees>
       <LongitudeDegrees>100.4357570</LongitudeDegrees>
      </Position>
      <AltitudeMeters>5.7</AltitudeMeters>
      <DistanceMeters>1126.1</DistanceMeters>
      <HeartRateBpm>
       <Value>162</Value>
      </HeartRateBpm>
      <Extensions>
       <TPX xmlns="http://www.garmin.com/xmlschemas/ActivityExtension/v2">
        <Speed>3.4</Speed>
       </TPX>
      </Extensions>
     </Trackpoint>
     <Trackpoint>
      <Time>2026-08-19T11:34:55Z</Time>
      <Position>
       <LatitudeDegrees>5.2370800</LatitudeDegrees>
       <LongitudeDegrees>100.4357860</LongitudeDegrees>
      </Position>
      <AltitudeMeters>5.7</AltitudeMeters>
      <DistanceMeters>1129.6</DistanceMeters>
      <HeartRateBpm>
       <Value>161</Value>
      </HeartRateBpm>
      <Extensions>
       <TPX xmlns="http://www.garmin.com/xmlschemas/ActivityExtension/v2">
        <Speed>3.5</Speed>
       </TPX>
      </Extensions>
     </Trackpoint>
     <Trackpoint>
      <Time>2026-08-19T11:34:56Z</Time>
      <Position>
       <LatitudeDegrees>5.2370900</LatitudeDegrees>
       <LongitudeDegrees>100.4358180</LongitudeDegrees>
      </Position>
      <AltitudeMeters>5.7</AltitudeMeters>
      <DistanceMeters>1133.3</DistanceMeters>
      <HeartRateBpm>
       <Value>162</Value>
      </HeartRateBpm>
      <Extensions>
       <TPX xmlns="http://www.garmin.com/xmlschemas/ActivityExtension/v2">
        <Speed>3.5</Speed>
       </TPX>
      </Extensions>
     </Trackpoint>
     <Trackpoint>
      <Time>2026-08-19T11:34:57Z</Time>
      <Position>
       <LatitudeDegrees>5.2371000</LatitudeDegrees>
       <LongitudeDegrees>100.4358490</LongitudeDegrees>
      </Position>
      <AltitudeMeters>5.7</AltitudeMeters>
      <DistanceMeters>1136.9</DistanceMeters>
      <HeartRateBpm>
       <Value>162</Value>
      </HeartRateBpm>
      <Extensions>
       <TPX xmlns="http://www.garmin.com/xmlschemas/ActivityExtension/v2">
        <Speed>3.6</Speed>
       </TPX>
      </Extensions>
     </Trackpoint>
     <Trackpoint>
      <Time>2026-08-19T11:34:58Z</Time>
      <Position>
       <LatitudeDegrees>5.2371110</LatitudeDegrees>
       <LongitudeDegrees>100.4358810</LongitudeDegrees>
      </Position>
      <AltitudeMeters>5.7</AltitudeMeters>
      <DistanceMeters>1140.7</DistanceMeters>
      <HeartRateBpm>
       <Value>162</Value>
      </HeartRateBpm>
      <Extensions>
       <TPX xmlns="http://www.garmin.com/xmlschemas/ActivityExtension/v2">
        <Speed>3.5</Speed>
       </TPX>
      </Extensions>
     </Trackpoint>
     <Trackpoint>
      <Time>2026-08-19T11:34:59Z</Time>
      <Position>
       <LatitudeDegrees>5.2371240</LatitudeDegrees>
       <LongitudeDegrees>100.4359160</LongitudeDegrees>
      </Position>
      <AltitudeMeters>5.7</AltitudeMeters>
      <DistanceMeters>1144.8</DistanceMeters>
      <HeartRateBpm>
       <Value>162</Value>
      </HeartRateBpm>
      <Extensions>
       <TPX xmlns="http://www.garmin.com/xmlschemas/ActivityExtension/v2">
        <Speed>3.7</Speed>
       </TPX>
      </Extensions>
     </Trackpoint>
     <Trackpoint>
      <Time>2026-08-19T11:35:00Z</Time>
      <Position>
       <LatitudeDegrees>5.2371360</LatitudeDegrees>
       <LongitudeDegrees>100.4359520</LongitudeDegrees>
      </Position>
      <AltitudeMeters>5.7</AltitudeMeters>
      <DistanceMeters>1149.0</DistanceMeters>
      <HeartRateBpm>
       <Value>162</Value>
      </HeartRateBpm>
      <Extensions>
       <TPX xmlns="http://www.garmin.com/xmlschemas/ActivityExtension/v2">
        <Speed>3.9</Speed>
       </TPX>
      </Extensions>
     </Trackpoint>
     <Trackpoint>
      <Time>2026-08-19T11:35:01Z</Time>
      <Position>
       <LatitudeDegrees>5.2371450</LatitudeDegrees>
       <LongitudeDegrees>100.4360040</LongitudeDegrees>
      </Position>
      <AltitudeMeters>5.7</AltitudeMeters>
      <DistanceMeters>1154.8</DistanceMeters>
      <HeartRateBpm>
       <Value>162</Value>
      </HeartRateBpm>
      <Extensions>
       <TPX xmlns="http://www.garmin.com/xmlschemas/ActivityExtension/v2">
        <Speed>4.3</Speed>
       </TPX>
      </Extensions>
     </Trackpoint>
     <Trackpoint>
      <Time>2026-08-19T11:35:02Z</Time>
      <Position>
       <LatitudeDegrees>5.2371470</LatitudeDegrees>
       <LongitudeDegrees>100.4360520</LongitudeDegrees>
      </Position>
      <AltitudeMeters>5.7</AltitudeMeters>
      <DistanceMeters>1160.1</DistanceMeters>
      <HeartRateBpm>
       <Value>162</Value>
      </HeartRateBpm>
      <Extensions>
       <TPX xmlns="http://www.garmin.com/xmlschemas/ActivityExtension/v2">
        <Speed>4.6</Speed>
       </TPX>
      </Extensions>
     </Trackpoint>
     <Trackpoint>
      <Time>2026-08-19T11:35:03Z</Time>
      <Position>
       <LatitudeDegrees>5.2371510</LatitudeDegrees>
       <LongitudeDegrees>100.4360790</LongitudeDegrees>
      </Position>
      <AltitudeMeters>5.7</AltitudeMeters>
      <DistanceMeters>1163.1</DistanceMeters>
      <HeartRateBpm>
       <Value>162</Value>
      </HeartRateBpm>
      <Extensions>
       <TPX xmlns="http://www.garmin.com/xmlschemas/ActivityExtension/v2">
        <Speed>4.5</Speed>
       </TPX>
      </Extensions>
     </Trackpoint>
     <Trackpoint>
      <Time>2026-08-19T11:35:04Z</Time>
      <Position>
       <LatitudeDegrees>5.2371570</LatitudeDegrees>
       <LongitudeDegrees>100.4361030</LongitudeDegrees>
      </Position>
      <AltitudeMeters>5.7</AltitudeMeters>
      <DistanceMeters>1165.9</DistanceMeters>
      <HeartRateBpm>
       <Value>162</Value>
      </HeartRateBpm>
      <Extensions>
       <TPX xmlns="http://www.garmin.com/xmlschemas/ActivityExtension/v2">
        <Speed>4.2</Speed>
       </TPX>
      </Extensions>
     </Trackpoint>
     <Trackpoint>
      <Time>2026-08-19T11:35:05Z</Time>
      <Position>
       <LatitudeDegrees>5.2371660</LatitudeDegrees>
       <LongitudeDegrees>100.4361350</LongitudeDegrees>
      </Position>
      <AltitudeMeters>5.7</AltitudeMeters>
      <DistanceMeters>1169.6</DistanceMeters>
      <HeartRateBpm>
       <Value>163</Value>
      </HeartRateBpm>
      <Extensions>
       <TPX xmlns="http://www.garmin.com/xmlschemas/ActivityExtension/v2">
        <Speed>4.1</Speed>
       </TPX>
      </Extensions>
     </Trackpoint>
     <Trackpoint>
      <Time>2026-08-19T11:35:06Z</Time>
      <Position>
       <LatitudeDegrees>5.2371770</LatitudeDegrees>
       <LongitudeDegrees>100.4361620</LongitudeDegrees>
      </Position>
      <AltitudeMeters>5.7</AltitudeMeters>
      <DistanceMeters>1172.8</DistanceMeters>
      <HeartRateBpm>
       <Value>163</Value>
      </HeartRateBpm>
      <Extensions>
       <TPX xmlns="http://www.garmin.com/xmlschemas/ActivityExtension/v2">
        <Speed>3.6</Speed>
       </TPX>
      </Extensions>
     </Trackpoint>
     <Trackpoint>
      <Time>2026-08-19T11:35:07Z</Time>
      <Position>
       <LatitudeDegrees>5.2371800</LatitudeDegrees>
       <LongitudeDegrees>100.4361770</LongitudeDegrees>
      </Position>
      <AltitudeMeters>5.7</AltitudeMeters>
      <DistanceMeters>1174.5</DistanceMeters>
      <HeartRateBpm>
       <Value>162</Value>
      </HeartRateBpm>
      <Extensions>
       <TPX xmlns="http://www.garmin.com/xmlschemas/ActivityExtension/v2">
        <Speed>2.9</Speed>
       </TPX>
      </Extensions>
     </Trackpoint>
     <Trackpoint>
      <Time>2026-08-19T11:35:08Z</Time>
      <Position>
       <LatitudeDegrees>5.2371830</LatitudeDegrees>
       <LongitudeDegrees>100.4361990</LongitudeDegrees>
      </Position>
      <AltitudeMeters>5.7</AltitudeMeters>
      <DistanceMeters>1177.0</DistanceMeters>
      <HeartRateBpm>
       <Value>162</Value>
      </HeartRateBpm>
      <Extensions>
       <TPX xmlns="http://www.garmin.com/xmlschemas/ActivityExtension/v2">
        <Speed>2.8</Speed>
       </TPX>
      </Extensions>
     </Trackpoint>
     <Trackpoint>
      <Time>2026-08-19T11:35:09Z</Time>
      <Position>
       <LatitudeDegrees>5.2371930</LatitudeDegrees>
       <LongitudeDegrees>100.4362410</LongitudeDegrees>
      </Position>
      <AltitudeMeters>5.7</AltitudeMeters>
      <DistanceMeters>1181.8</DistanceMeters>
      <HeartRateBpm>
       <Value>162</Value>
      </HeartRateBpm>
      <Extensions>
       <TPX xmlns="http://www.garmin.com/xmlschemas/ActivityExtension/v2">
        <Speed>3.2</Speed>
       </TPX>
      </Extensions>
     </Trackpoint>
     <Trackpoint>
      <Time>2026-08-19T11:35:10Z</Time>
      <Position>
       <LatitudeDegrees>5.2371980</LatitudeDegrees>
       <LongitudeDegrees>100.4362670</LongitudeDegrees>
      </Position>
      <AltitudeMeters>5.7</AltitudeMeters>
      <DistanceMeters>1184.6</DistanceMeters>
      <HeartRateBpm>
       <Value>163</Value>
      </HeartRateBpm>
      <Extensions>
       <TPX xmlns="http://www.garmin.com/xmlschemas/ActivityExtension/v2">
        <Speed>3.0</Speed>
       </TPX>
      </Extensions>
     </Trackpoint>
     <Trackpoint>
      <Time>2026-08-19T11:35:11Z</Time>
      <Position>
       <LatitudeDegrees>5.2371930</LatitudeDegrees>
       <LongitudeDegrees>100.4362850</LongitudeDegrees>
      </Position>
      <AltitudeMeters>5.7</AltitudeMeters>
      <DistanceMeters>1186.6</DistanceMeters>
      <HeartRateBpm>
       <Value>162</Value>
      </HeartRateBpm>
      <Extensions>
       <TPX xmlns="http://www.garmin.com/xmlschemas/ActivityExtension/v2">
        <Speed>2.8</Speed>
       </TPX>
      </Extensions>
     </Trackpoint>
     <Trackpoint>
      <Time>2026-08-19T11:35:12Z</Time>
      <Position>
       <LatitudeDegrees>5.2371900</LatitudeDegrees>
       <LongitudeDegrees>100.4363030</LongitudeDegrees>
      </Position>
      <AltitudeMeters>5.7</AltitudeMeters>
      <DistanceMeters>1186.6</DistanceMeters>
      <HeartRateBpm>
       <Value>162</Value>
      </HeartRateBpm>
      <Extensions>
       <TPX xmlns="http://www.garmin.com/xmlschemas/ActivityExtension/v2">
        <Speed>2.4</Speed>
       </TPX>
      </Extensions>
     </Trackpoint>
     <Trackpoint>
      <Time>2026-08-19T11:35:13Z</Time>
      <Position>
       <LatitudeDegrees>5.2371890</LatitudeDegrees>
       <LongitudeDegrees>100.4363190</LongitudeDegrees>
      </Position>
      <AltitudeMeters>5.7</AltitudeMeters>
      <DistanceMeters>1190.5</DistanceMeters>
      <HeartRateBpm>
       <Value>162</Value>
      </HeartRateBpm>
      <Extensions>
       <TPX xmlns="http://www.garmin.com/xmlschemas/ActivityExtension/v2">
        <Speed>2.7</Speed>
       </TPX>
      </Extensions>
     </Trackpoint>
     <Trackpoint>
      <Time>2026-08-19T11:35:14Z</Time>
      <Position>
       <LatitudeDegrees>5.2371920</LatitudeDegrees>
       <LongitudeDegrees>100.4363390</LongitudeDegrees>
      </Position>
      <AltitudeMeters>5.7</AltitudeMeters>
      <DistanceMeters>1192.7</DistanceMeters>
      <HeartRateBpm>
       <Value>162</Value>
      </HeartRateBpm>
      <Extensions>
       <TPX xmlns="http://www.garmin.com/xmlschemas/ActivityExtension/v2">
        <Speed>2.2</Speed>
       </TPX>
      </Extensions>
     </Trackpoint>
     <Trackpoint>
      <Time>2026-08-19T11:35:15Z</Time>
      <Position>
       <LatitudeDegrees>5.2372010</LatitudeDegrees>
       <LongitudeDegrees>100.4363650</LongitudeDegrees>
      </Position>
      <AltitudeMeters>5.7</AltitudeMeters>
      <DistanceMeters>1195.7</DistanceMeters>
      <HeartRateBpm>
       <Value>162</Value>
      </HeartRateBpm>
      <Extensions>
       <TPX xmlns="http://www.garmin.com/xmlschemas/ActivityExtension/v2">
        <Speed>2.2</Speed>
       </TPX>
      </Extensions>
     </Trackpoint>
     <Trackpoint>
      <Time>2026-08-19T11:35:16Z</Time>
      <Position>
       <LatitudeDegrees>5.2372150</LatitudeDegrees>
       <LongitudeDegrees>100.4363970</LongitudeDegrees>
      </Position>
      <AltitudeMeters>5.7</AltitudeMeters>
      <DistanceMeters>1199.5</DistanceMeters>
      <HeartRateBpm>
       <Value>163</Value>
      </HeartRateBpm>
      <Extensions>
       <TPX xmlns="http://www.garmin.com/xmlschemas/ActivityExtension/v2">
        <Speed>2.6</Speed>
       </TPX>
      </Extensions>
     </Trackpoint>
     <Trackpoint>
      <Time>2026-08-19T11:35:17Z</Time>
      <Position>
       <LatitudeDegrees>5.2372250</LatitudeDegrees>
       <LongitudeDegrees>100.4364280</LongitudeDegrees>
      </Position>
      <AltitudeMeters>5.7</AltitudeMeters>
      <DistanceMeters>1203.2</DistanceMeters>
      <HeartRateBpm>
       <Value>163</Value>
      </HeartRateBpm>
      <Extensions>
       <TPX xmlns="http://www.garmin.com/xmlschemas/ActivityExtension/v2">
        <Speed>3.3</Speed>
       </TPX>
      </Extensions>
     </Trackpoint>
     <Trackpoint>
      <Time>2026-08-19T11:35:18Z</Time>
      <Position>
       <LatitudeDegrees>5.2372370</LatitudeDegrees>
       <LongitudeDegrees>100.4364620</LongitudeDegrees>
      </Position>
      <AltitudeMeters>5.7</AltitudeMeters>
      <DistanceMeters>1207.2</DistanceMeters>
      <HeartRateBpm>
       <Value>163</Value>
      </HeartRateBpm>
      <Extensions>
       <TPX xmlns="http://www.garmin.com/xmlschemas/ActivityExtension/v2">
        <Speed>3.3</Speed>
       </TPX>
      </Extensions>
     </Trackpoint>
     <Trackpoint>
      <Time>2026-08-19T11:35:19Z</Time>
      <Position>
       <LatitudeDegrees>5.2372490</LatitudeDegrees>
       <LongitudeDegrees>100.4364940</LongitudeDegrees>
      </Position>
      <AltitudeMeters>5.7</AltitudeMeters>
      <DistanceMeters>1211.0</DistanceMeters>
      <HeartRateBpm>
       <Value>163</Value>
      </HeartRateBpm>
      <Extensions>
       <TPX xmlns="http://www.garmin.com/xmlschemas/ActivityExtension/v2">
        <Speed>3.7</Speed>
       </TPX>
      </Extensions>
     </Trackpoint>
     <Trackpoint>
      <Time>2026-08-19T11:35:20Z</Time>
      <Position>
       <LatitudeDegrees>5.2372610</LatitudeDegrees>
       <LongitudeDegrees>100.4365330</LongitudeDegrees>
      </Position>
      <AltitudeMeters>5.7</AltitudeMeters>
      <DistanceMeters>1215.5</DistanceMeters>
      <HeartRateBpm>
       <Value>162</Value>
      </HeartRateBpm>
      <Extensions>
       <TPX xmlns="http://www.garmin.com/xmlschemas/ActivityExtension/v2">
        <Speed>4.0</Speed>
       </TPX>
      </Extensions>
     </Trackpoint>
     <Trackpoint>
      <Time>2026-08-19T11:35:21Z</Time>
      <Position>
       <LatitudeDegrees>5.2372710</LatitudeDegrees>
       <LongitudeDegrees>100.4365710</LongitudeDegrees>
      </Position>
      <AltitudeMeters>5.7</AltitudeMeters>
      <DistanceMeters>1219.8</DistanceMeters>
      <HeartRateBpm>
       <Value>162</Value>
      </HeartRateBpm>
      <Extensions>
       <TPX xmlns="http://www.garmin.com/xmlschemas/ActivityExtension/v2">
        <Speed>4.1</Speed>
       </TPX>
      </Extensions>
     </Trackpoint>
     <Trackpoint>
      <Time>2026-08-19T11:35:22Z</Time>
      <Position>
       <LatitudeDegrees>5.2372840</LatitudeDegrees>
       <LongitudeDegrees>100.4366060</LongitudeDegrees>
      </Position>
      <AltitudeMeters>5.7</AltitudeMeters>
      <DistanceMeters>1224.0</DistanceMeters>
      <HeartRateBpm>
       <Value>163</Value>
      </HeartRateBpm>
      <Extensions>
       <TPX xmlns="http://www.garmin.com/xmlschemas/ActivityExtension/v2">
        <Speed>4.2</Speed>
       </TPX>
      </Extensions>
     </Trackpoint>
     <Trackpoint>
      <Time>2026-08-19T11:35:23Z</Time>
      <Position>
       <LatitudeDegrees>5.2372930</LatitudeDegrees>
       <LongitudeDegrees>100.4366420</LongitudeDegrees>
      </Position>
      <AltitudeMeters>5.7</AltitudeMeters>
      <DistanceMeters>1228.1</DistanceMeters>
      <HeartRateBpm>
       <Value>162</Value>
      </HeartRateBpm>
      <Extensions>
       <TPX xmlns="http://www.garmin.com/xmlschemas/ActivityExtension/v2">
        <Speed>4.2</Speed>
       </TPX>
      </Extensions>
     </Trackpoint>
     <Trackpoint>
      <Time>2026-08-19T11:35:24Z</Time>
      <Position>
       <LatitudeDegrees>5.2373000</LatitudeDegrees>
       <LongitudeDegrees>100.4366780</LongitudeDegrees>
      </Position>
      <AltitudeMeters>5.7</AltitudeMeters>
      <DistanceMeters>1232.1</DistanceMeters>
      <HeartRateBpm>
       <Value>162</Value>
      </HeartRateBpm>
      <Extensions>
       <TPX xmlns="http://www.garmin.com/xmlschemas/ActivityExtension/v2">
        <Speed>4.2</Speed>
       </TPX>
      </Extensions>
     </Trackpoint>
     <Trackpoint>
      <Time>2026-08-19T11:35:25Z</Time>
      <Position>
       <LatitudeDegrees>5.2373060</LatitudeDegrees>
       <LongitudeDegrees>100.4367130</LongitudeDegrees>
      </Position>
      <AltitudeMeters>5.7</AltitudeMeters>
      <DistanceMeters>1236.1</DistanceMeters>
      <HeartRateBpm>
       <Value>163</Value>
      </HeartRateBpm>
      <Extensions>
       <TPX xmlns="http://www.garmin.com/xmlschemas/ActivityExtension/v2">
        <Speed>4.1</Speed>
       </TPX>
      </Extensions>
     </Trackpoint>
     <Trackpoint>
      <Time>2026-08-19T11:35:26Z</Time>
      <Position>
       <LatitudeDegrees>5.2373140</LatitudeDegrees>
       <LongitudeDegrees>100.4367500</LongitudeDegrees>
      </Position>
      <AltitudeMeters>5.8</AltitudeMeters>
      <DistanceMeters>1240.2</DistanceMeters>
      <HeartRateBpm>
       <Value>163</Value>
      </HeartRateBpm>
      <Extensions>
       <TPX xmlns="http://www.garmin.com/xmlschemas/ActivityExtension/v2">
        <Speed>4.1</Speed>
       </TPX>
      </Extensions>
     </Trackpoint>
     <Trackpoint>
      <Time>2026-08-19T11:35:27Z</Time>
      <Position>
       <LatitudeDegrees>5.2373270</LatitudeDegrees>
       <LongitudeDegrees>100.4367830</LongitudeDegrees>
      </Position>
      <AltitudeMeters>5.8</AltitudeMeters>
      <DistanceMeters>1244.2</DistanceMeters>
      <HeartRateBpm>
       <Value>163</Value>
      </HeartRateBpm>
      <Extensions>
       <TPX xmlns="http://www.garmin.com/xmlschemas/ActivityExtension/v2">
        <Speed>4.0</Speed>
       </TPX>
      </Extensions>
     </Trackpoint>
     <Trackpoint>
      <Time>2026-08-19T11:35:28Z</Time>
      <Position>
       <LatitudeDegrees>5.2373360</LatitudeDegrees>
       <LongitudeDegrees>100.4368180</LongitudeDegrees>
      </Position>
      <AltitudeMeters>5.8</AltitudeMeters>
      <DistanceMeters>1248.2</DistanceMeters>
      <HeartRateBpm>
       <Value>162</Value>
      </HeartRateBpm>
      <Extensions>
       <TPX xmlns="http://www.garmin.com/xmlschemas/ActivityExtension/v2">
        <Speed>4.0</Speed>
       </TPX>
      </Extensions>
     </Trackpoint>
     <Trackpoint>
      <Time>2026-08-19T11:35:29Z</Time>
      <Position>
       <LatitudeDegrees>5.2373420</LatitudeDegrees>
       <LongitudeDegrees>100.4368540</LongitudeDegrees>
      </Position>
      <AltitudeMeters>5.8</AltitudeMeters>
      <DistanceMeters>1252.3</DistanceMeters>
      <HeartRateBpm>
       <Value>163</Value>
      </HeartRateBpm>
      <Extensions>
       <TPX xmlns="http://www.garmin.com/xmlschemas/ActivityExtension/v2">
        <Speed>4.0</Speed>
       </TPX>
      </Extensions>
     </Trackpoint>
     <Trackpoint>
      <Time>2026-08-19T11:35:30Z</Time>
      <Position>
       <LatitudeDegrees>5.2373480</LatitudeDegrees>
       <LongitudeDegrees>100.4368890</LongitudeDegrees>
      </Position>
      <AltitudeMeters>5.8</AltitudeMeters>
      <DistanceMeters>1256.2</DistanceMeters>
      <HeartRateBpm>
       <Value>162</Value>
      </HeartRateBpm>
      <Extensions>
       <TPX xmlns="http://www.garmin.com/xmlschemas/ActivityExtension/v2">
        <Speed>4.0</Speed>
       </TPX>
      </Extensions>
     </Trackpoint>
     <Trackpoint>
      <Time>2026-08-19T11:35:31Z</Time>
      <Position>
       <LatitudeDegrees>5.2373540</LatitudeDegrees>
       <LongitudeDegrees>100.4369210</LongitudeDegrees>
      </Position>
      <AltitudeMeters>5.8</AltitudeMeters>
      <DistanceMeters>1259.8</DistanceMeters>
      <HeartRateBpm>
       <Value>163</Value>
      </HeartRateBpm>
      <Extensions>
       <TPX xmlns="http://www.garmin.com/xmlschemas/ActivityExtension/v2">
        <Speed>3.9</Speed>
       </TPX>
      </Extensions>
     </Trackpoint>
     <Trackpoint>
      <Time>2026-08-19T11:35:32Z</Time>
      <Position>
       <LatitudeDegrees>5.2373600</LatitudeDegrees>
       <LongitudeDegrees>100.4369510</LongitudeDegrees>
      </Position>
      <AltitudeMeters>5.8</AltitudeMeters>
      <DistanceMeters>1263.2</DistanceMeters>
      <HeartRateBpm>
       <Value>163</Value>
      </HeartRateBpm>
      <Extensions>
       <TPX xmlns="http://www.garmin.com/xmlschemas/ActivityExtension/v2">
        <Speed>3.8</Speed>
       </TPX>
      </Extensions>
     </Trackpoint>
     <Trackpoint>
      <Time>2026-08-19T11:35:33Z</Time>
      <Position>
       <LatitudeDegrees>5.2373680</LatitudeDegrees>
       <LongitudeDegrees>100.4369850</LongitudeDegrees>
      </Position>
      <AltitudeMeters>5.8</AltitudeMeters>
      <DistanceMeters>1267.0</DistanceMeters>
      <HeartRateBpm>
       <Value>162</Value>
      </HeartRateBpm>
      <Extensions>
       <TPX xmlns="http://www.garmin.com/xmlschemas/ActivityExtension/v2">
        <Speed>3.8</Speed>
       </TPX>
      </Extensions>
     </Trackpoint>
     <Trackpoint>
      <Time>2026-08-19T11:35:34Z</Time>
      <Position>
       <LatitudeDegrees>5.2373740</LatitudeDegrees>
       <LongitudeDegrees>100.4370150</LongitudeDegrees>
      </Position>
      <AltitudeMeters>5.8</AltitudeMeters>
      <DistanceMeters>1270.4</DistanceMeters>
      <HeartRateBpm>
       <Value>162</Value>
      </HeartRateBpm>
      <Extensions>
       <TPX xmlns="http://www.garmin.com/xmlschemas/ActivityExtension/v2">
        <Speed>3.6</Speed>
       </TPX>
      </Extensions>
     </Trackpoint>
     <Trackpoint>
      <Time>2026-08-19T11:35:35Z</Time>
      <Position>
       <LatitudeDegrees>5.2373830</LatitudeDegrees>
       <LongitudeDegrees>100.4370430</LongitudeDegrees>
      </Position>
      <AltitudeMeters>5.8</AltitudeMeters>
      <DistanceMeters>1273.7</DistanceMeters>
      <HeartRateBpm>
       <Value>163</Value>
      </HeartRateBpm>
      <Extensions>
       <TPX xmlns="http://www.garmin.com/xmlschemas/ActivityExtension/v2">
        <Speed>3.5</Speed>
       </TPX>
      </Extensions>
     </Trackpoint>
     <Trackpoint>
      <Time>2026-08-19T11:35:36Z</Time>
      <Position>
       <LatitudeDegrees>5.2373930</LatitudeDegrees>
       <LongitudeDegrees>100.4370710</LongitudeDegrees>
      </Position>
      <AltitudeMeters>5.8</AltitudeMeters>
      <DistanceMeters>1277.0</DistanceMeters>
      <HeartRateBpm>
       <Value>163</Value>
      </HeartRateBpm>
      <Extensions>
       <TPX xmlns="http://www.garmin.com/xmlschemas/ActivityExtension/v2">
        <Speed>3.4</Speed>
       </TPX>
      </Extensions>
     </Trackpoint>
     <Trackpoint>
      <Time>2026-08-19T11:35:37Z</Time>
      <Position>
       <LatitudeDegrees>5.2374040</LatitudeDegrees>
       <LongitudeDegrees>100.4370980</LongitudeDegrees>
      </Position>
      <AltitudeMeters>5.8</AltitudeMeters>
      <DistanceMeters>1280.2</DistanceMeters>
      <HeartRateBpm>
       <Value>163</Value>
      </HeartRateBpm>
      <Extensions>
       <TPX xmlns="http://www.garmin.com/xmlschemas/ActivityExtension/v2">
        <Speed>3.4</Speed>
       </TPX>
      </Extensions>
     </Trackpoint>
     <Trackpoint>
      <Time>2026-08-19T11:35:38Z</Time>
      <Position>
       <LatitudeDegrees>5.2374140</LatitudeDegrees>
       <LongitudeDegrees>100.4371200</LongitudeDegrees>
      </Position>
      <AltitudeMeters>5.8</AltitudeMeters>
      <DistanceMeters>1282.9</DistanceMeters>
      <HeartRateBpm>
       <Value>163</Value>
      </HeartRateBpm>
      <Extensions>
       <TPX xmlns="http://www.garmin.com/xmlschemas/ActivityExtension/v2">
        <Speed>3.2</Speed>
       </TPX>
      </Extensions>
     </Trackpoint>
     <Trackpoint>
      <Time>2026-08-19T11:35:39Z</Time>
      <Position>
       <LatitudeDegrees>5.2374260</LatitudeDegrees>
       <LongitudeDegrees>100.4371420</LongitudeDegrees>
      </Position>
      <AltitudeMeters>5.8</AltitudeMeters>
      <DistanceMeters>1285.7</DistanceMeters>
      <HeartRateBpm>
       <Value>163</Value>
      </HeartRateBpm>
      <Extensions>
       <TPX xmlns="http://www.garmin.com/xmlschemas/ActivityExtension/v2">
        <Speed>3.1</Speed>
       </TPX>
      </Extensions>
     </Trackpoint>
     <Trackpoint>
      <Time>2026-08-19T11:35:40Z</Time>
      <Position>
       <LatitudeDegrees>5.2374380</LatitudeDegrees>
       <LongitudeDegrees>100.4371640</LongitudeDegrees>
      </Position>
      <AltitudeMeters>5.9</AltitudeMeters>
      <DistanceMeters>1288.4</DistanceMeters>
      <HeartRateBpm>
       <Value>164</Value>
      </HeartRateBpm>
      <Extensions>
       <TPX xmlns="http://www.garmin.com/xmlschemas/ActivityExtension/v2">
        <Speed>2.9</Speed>
       </TPX>
      </Extensions>
     </Trackpoint>
     <Trackpoint>
      <Time>2026-08-19T11:35:41Z</Time>
      <Position>
       <LatitudeDegrees>5.2374490</LatitudeDegrees>
       <LongitudeDegrees>100.4371890</LongitudeDegrees>
      </Position>
      <AltitudeMeters>5.9</AltitudeMeters>
      <DistanceMeters>1291.4</DistanceMeters>
      <HeartRateBpm>
       <Value>164</Value>
      </HeartRateBpm>
      <Extensions>
       <TPX xmlns="http://www.garmin.com/xmlschemas/ActivityExtension/v2">
        <Speed>2.9</Speed>
       </TPX>
      </Extensions>
     </Trackpoint>
     <Trackpoint>
      <Time>2026-08-19T11:35:42Z</Time>
      <Position>
       <LatitudeDegrees>5.2374560</LatitudeDegrees>
       <LongitudeDegrees>100.4372160</LongitudeDegrees>
      </Position>
      <AltitudeMeters>5.9</AltitudeMeters>
      <DistanceMeters>1294.5</DistanceMeters>
      <HeartRateBpm>
       <Value>164</Value>
      </HeartRateBpm>
      <Extensions>
       <TPX xmlns="http://www.garmin.com/xmlschemas/ActivityExtension/v2">
        <Speed>2.9</Speed>
       </TPX>
      </Extensions>
     </Trackpoint>
     <Trackpoint>
      <Time>2026-08-19T11:35:43Z</Time>
      <Position>
       <LatitudeDegrees>5.2374640</LatitudeDegrees>
       <LongitudeDegrees>100.4372440</LongitudeDegrees>
      </Position>
      <AltitudeMeters>5.9</AltitudeMeters>
      <DistanceMeters>1297.8</DistanceMeters>
      <HeartRateBpm>
       <Value>162</Value>
      </HeartRateBpm>
      <Extensions>
       <TPX xmlns="http://www.garmin.com/xmlschemas/ActivityExtension/v2">
        <Speed>3.0</Speed>
       </TPX>
      </Extensions>
     </Trackpoint>
     <Trackpoint>
      <Time>2026-08-19T11:35:44Z</Time>
      <Position>
       <LatitudeDegrees>5.2374770</LatitudeDegrees>
       <LongitudeDegrees>100.4372660</LongitudeDegrees>
      </Position>
      <AltitudeMeters>5.9</AltitudeMeters>
      <DistanceMeters>1300.6</DistanceMeters>
      <HeartRateBpm>
       <Value>162</Value>
      </HeartRateBpm>
      <Extensions>
       <TPX xmlns="http://www.garmin.com/xmlschemas/ActivityExtension/v2">
        <Speed>3.0</Speed>
       </TPX>
      </Extensions>
     </Trackpoint>
     <Trackpoint>
      <Time>2026-08-19T11:35:45Z</Time>
      <Position>
       <LatitudeDegrees>5.2374900</LatitudeDegrees>
       <LongitudeDegrees>100.4372940</LongitudeDegrees>
      </Position>
      <AltitudeMeters>5.9</AltitudeMeters>
      <DistanceMeters>1304.0</DistanceMeters>
      <HeartRateBpm>
       <Value>162</Value>
      </HeartRateBpm>
      <Extensions>
       <TPX xmlns="http://www.garmin.com/xmlschemas/ActivityExtension/v2">
        <Speed>3.1</Speed>
       </TPX>
      </Extensions>
     </Trackpoint>
     <Trackpoint>
      <Time>2026-08-19T11:35:46Z</Time>
      <Position>
       <LatitudeDegrees>5.2375030</LatitudeDegrees>
       <LongitudeDegrees>100.4373260</LongitudeDegrees>
      </Position>
      <AltitudeMeters>5.9</AltitudeMeters>
      <DistanceMeters>1307.8</DistanceMeters>
      <HeartRateBpm>
       <Value>162</Value>
      </HeartRateBpm>
      <Extensions>
       <TPX xmlns="http://www.garmin.com/xmlschemas/ActivityExtension/v2">
        <Speed>3.3</Speed>
       </TPX>
      </Extensions>
     </Trackpoint>
     <Trackpoint>
      <Time>2026-08-19T11:35:47Z</Time>
      <Position>
       <LatitudeDegrees>5.2375200</LatitudeDegrees>
       <LongitudeDegrees>100.4373590</LongitudeDegrees>
      </Position>
      <AltitudeMeters>5.9</AltitudeMeters>
      <DistanceMeters>1312.0</DistanceMeters>
      <HeartRateBpm>
       <Value>163</Value>
      </HeartRateBpm>
      <Extensions>
       <TPX xmlns="http://www.garmin.com/xmlschemas/ActivityExtension/v2">
        <Speed>3.5</Speed>
       </TPX>
      </Extensions>
     </Trackpoint>
     <Trackpoint>
      <Time>2026-08-19T11:35:48Z</Time>
      <Position>
       <LatitudeDegrees>5.2375370</LatitudeDegrees>
       <LongitudeDegrees>100.4373930</LongitudeDegrees>
      </Position>
      <AltitudeMeters>5.9</AltitudeMeters>
      <DistanceMeters>1316.2</DistanceMeters>
      <HeartRateBpm>
       <Value>162</Value>
      </HeartRateBpm>
      <Extensions>
       <TPX xmlns="http://www.garmin.com/xmlschemas/ActivityExtension/v2">
        <Speed>3.7</Speed>
       </TPX>
      </Extensions>
     </Trackpoint>
     <Trackpoint>
      <Time>2026-08-19T11:35:49Z</Time>
      <Position>
       <LatitudeDegrees>5.2375480</LatitudeDegrees>
       <LongitudeDegrees>100.4374220</LongitudeDegrees>
      </Position>
      <AltitudeMeters>5.9</AltitudeMeters>
      <DistanceMeters>1319.6</DistanceMeters>
      <HeartRateBpm>
       <Value>163</Value>
      </HeartRateBpm>
      <Extensions>
       <TPX xmlns="http://www.garmin.com/xmlschemas/ActivityExtension/v2">
        <Speed>3.8</Speed>
       </TPX>
      </Extensions>
     </Trackpoint>
     <Trackpoint>
      <Time>2026-08-19T11:35:50Z</Time>
      <Position>
       <LatitudeDegrees>5.2375660</LatitudeDegrees>
       <LongitudeDegrees>100.4374510</LongitudeDegrees>
      </Position>
      <AltitudeMeters>5.9</AltitudeMeters>
      <DistanceMeters>1323.4</DistanceMeters>
      <HeartRateBpm>
       <Value>163</Value>
      </HeartRateBpm>
      <Extensions>
       <TPX xmlns="http://www.garmin.com/xmlschemas/ActivityExtension/v2">
        <Speed>3.9</Speed>
       </TPX>
      </Extensions>
     </Trackpoint>
     <Trackpoint>
      <Time>2026-08-19T11:35:51Z</Time>
      <Position>
       <LatitudeDegrees>5.2376090</LatitudeDegrees>
       <LongitudeDegrees>100.4374770</LongitudeDegrees>
      </Position>
      <AltitudeMeters>5.9</AltitudeMeters>
      <DistanceMeters>1329.0</DistanceMeters>
      <HeartRateBpm>
       <Value>163</Value>
      </HeartRateBpm>
      <Extensions>
       <TPX xmlns="http://www.garmin.com/xmlschemas/ActivityExtension/v2">
        <Speed>4.2</Speed>
       </TPX>
      </Extensions>
     </Trackpoint>
     <Trackpoint>
      <Time>2026-08-19T11:35:52Z</Time>
      <Position>
       <LatitudeDegrees>5.2376290</LatitudeDegrees>
       <LongitudeDegrees>100.4374880</LongitudeDegrees>
      </Position>
      <AltitudeMeters>5.9</AltitudeMeters>
      <DistanceMeters>1331.4</DistanceMeters>
      <HeartRateBpm>
       <Value>163</Value>
      </HeartRateBpm>
      <Extensions>
       <TPX xmlns="http://www.garmin.com/xmlschemas/ActivityExtension/v2">
        <Speed>3.9</Speed>
       </TPX>
      </Extensions>
     </Trackpoint>
     <Trackpoint>
      <Time>2026-08-19T11:35:53Z</Time>
      <Position>
       <LatitudeDegrees>5.2376440</LatitudeDegrees>
       <LongitudeDegrees>100.4375110</LongitudeDegrees>
      </Position>
      <AltitudeMeters>5.9</AltitudeMeters>
      <DistanceMeters>1334.3</DistanceMeters>
      <HeartRateBpm>
       <Value>162</Value>
      </HeartRateBpm>
      <Extensions>
       <TPX xmlns="http://www.garmin.com/xmlschemas/ActivityExtension/v2">
        <Speed>3.6</Speed>
       </TPX>
      </Extensions>
     </Trackpoint>
     <Trackpoint>
      <Time>2026-08-19T11:35:54Z</Time>
      <Position>
       <LatitudeDegrees>5.2376590</LatitudeDegrees>
       <LongitudeDegrees>100.4375340</LongitudeDegrees>
      </Position>
      <AltitudeMeters>5.9</AltitudeMeters>
      <DistanceMeters>1337.5</DistanceMeters>
      <HeartRateBpm>
       <Value>162</Value>
      </HeartRateBpm>
      <Extensions>
       <TPX xmlns="http://www.garmin.com/xmlschemas/ActivityExtension/v2">
        <Speed>3.6</Speed>
       </TPX>
      </Extensions>
     </Trackpoint>
     <Trackpoint>
      <Time>2026-08-19T11:35:55Z</Time>
      <Position>
       <LatitudeDegrees>5.2376710</LatitudeDegrees>
       <LongitudeDegrees>100.4375600</LongitudeDegrees>
      </Position>
      <AltitudeMeters>5.9</AltitudeMeters>
      <DistanceMeters>1340.6</DistanceMeters>
      <HeartRateBpm>
       <Value>162</Value>
      </HeartRateBpm>
      <Extensions>
       <TPX xmlns="http://www.garmin.com/xmlschemas/ActivityExtension/v2">
        <Speed>3.4</Speed>
       </TPX>
      </Extensions>
     </Trackpoint>
     <Trackpoint>
      <Time>2026-08-19T11:35:56Z</Time>
      <Position>
       <LatitudeDegrees>5.2376800</LatitudeDegrees>
       <LongitudeDegrees>100.4375880</LongitudeDegrees>
      </Position>
      <AltitudeMeters>5.9</AltitudeMeters>
      <DistanceMeters>1343.9</DistanceMeters>
      <HeartRateBpm>
       <Value>163</Value>
      </HeartRateBpm>
      <Extensions>
       <TPX xmlns="http://www.garmin.com/xmlschemas/ActivityExtension/v2">
        <Speed>3.0</Speed>
       </TPX>
      </Extensions>
     </Trackpoint>
     <Trackpoint>
      <Time>2026-08-19T11:35:57Z</Time>
      <Position>
       <LatitudeDegrees>5.2376900</LatitudeDegrees>
       <LongitudeDegrees>100.4376160</LongitudeDegrees>
      </Position>
      <AltitudeMeters>5.9</AltitudeMeters>
      <DistanceMeters>1347.2</DistanceMeters>
      <HeartRateBpm>
       <Value>163</Value>
      </HeartRateBpm>
      <Extensions>
       <TPX xmlns="http://www.garmin.com/xmlschemas/ActivityExtension/v2">
        <Speed>3.2</Speed>
       </TPX>
      </Extensions>
     </Trackpoint>
     <Trackpoint>
      <Time>2026-08-19T11:35:58Z</Time>
      <Position>
       <LatitudeDegrees>5.2376960</LatitudeDegrees>
       <LongitudeDegrees>100.4376470</LongitudeDegrees>
      </Position>
      <AltitudeMeters>5.9</AltitudeMeters>
      <DistanceMeters>1350.7</DistanceMeters>
      <HeartRateBpm>
       <Value>163</Value>
      </HeartRateBpm>
      <Extensions>
       <TPX xmlns="http://www.garmin.com/xmlschemas/ActivityExtension/v2">
        <Speed>3.3</Speed>
       </TPX>
      </Extensions>
     </Trackpoint>
     <Trackpoint>
      <Time>2026-08-19T11:35:59Z</Time>
      <Position>
       <LatitudeDegrees>5.2377300</LatitudeDegrees>
       <LongitudeDegrees>100.4376760</LongitudeDegrees>
      </Position>
      <AltitudeMeters>5.9</AltitudeMeters>
      <DistanceMeters>1355.6</DistanceMeters>
      <HeartRateBpm>
       <Value>163</Value>
      </HeartRateBpm>
      <Extensions>
       <TPX xmlns="http://www.garmin.com/xmlschemas/ActivityExtension/v2">
        <Speed>3.6</Speed>
       </TPX>
      </Extensions>
     </Trackpoint>
     <Trackpoint>
      <Time>2026-08-19T11:36:00Z</Time>
      <Position>
       <LatitudeDegrees>5.2377340</LatitudeDegrees>
       <LongitudeDegrees>100.4376890</LongitudeDegrees>
      </Position>
      <AltitudeMeters>5.9</AltitudeMeters>
      <DistanceMeters>1357.1</DistanceMeters>
      <HeartRateBpm>
       <Value>164</Value>
      </HeartRateBpm>
      <Extensions>
       <TPX xmlns="http://www.garmin.com/xmlschemas/ActivityExtension/v2">
        <Speed>3.3</Speed>
       </TPX>
      </Extensions>
     </Trackpoint>
     <Trackpoint>
      <Time>2026-08-19T11:36:01Z</Time>
      <Position>
       <LatitudeDegrees>5.2377330</LatitudeDegrees>
       <LongitudeDegrees>100.4377260</LongitudeDegrees>
      </Position>
      <AltitudeMeters>5.9</AltitudeMeters>
      <DistanceMeters>1361.2</DistanceMeters>
      <HeartRateBpm>
       <Value>164</Value>
      </HeartRateBpm>
      <Extensions>
       <TPX xmlns="http://www.garmin.com/xmlschemas/ActivityExtension/v2">
        <Speed>3.5</Speed>
       </TPX>
      </Extensions>
     </Trackpoint>
     <Trackpoint>
      <Time>2026-08-19T11:36:02Z</Time>
      <Position>
       <LatitudeDegrees>5.2377360</LatitudeDegrees>
       <LongitudeDegrees>100.4377620</LongitudeDegrees>
      </Position>
      <AltitudeMeters>5.9</AltitudeMeters>
      <DistanceMeters>1365.1</DistanceMeters>
      <HeartRateBpm>
       <Value>163</Value>
      </HeartRateBpm>
      <Extensions>
       <TPX xmlns="http://www.garmin.com/xmlschemas/ActivityExtension/v2">
        <Speed>3.6</Speed>
       </TPX>
      </Extensions>
     </Trackpoint>
     <Trackpoint>
      <Time>2026-08-19T11:36:03Z</Time>
      <Position>
       <LatitudeDegrees>5.2377410</LatitudeDegrees>
       <LongitudeDegrees>100.4377910</LongitudeDegrees>
      </Position>
      <AltitudeMeters>5.9</AltitudeMeters>
      <DistanceMeters>1368.4</DistanceMeters>
      <HeartRateBpm>
       <Value>163</Value>
      </HeartRateBpm>
      <Extensions>
       <TPX xmlns="http://www.garmin.com/xmlschemas/ActivityExtension/v2">
        <Speed>3.5</Speed>
       </TPX>
      </Extensions>
     </Trackpoint>
     <Trackpoint>
      <Time>2026-08-19T11:36:04Z</Time>
      <Position>
       <LatitudeDegrees>5.2377420</LatitudeDegrees>
       <LongitudeDegrees>100.4378340</LongitudeDegrees>
      </Position>
      <AltitudeMeters>5.9</AltitudeMeters>
      <DistanceMeters>1373.2</DistanceMeters>
      <HeartRateBpm>
       <Value>163</Value>
      </HeartRateBpm>
      <Extensions>
       <TPX xmlns="http://www.garmin.com/xmlschemas/ActivityExtension/v2">
        <Speed>3.5</Speed>
       </TPX>
      </Extensions>
     </Trackpoint>
     <Trackpoint>
      <Time>2026-08-19T11:36:05Z</Time>
      <Position>
       <LatitudeDegrees>5.2377410</LatitudeDegrees>
       <LongitudeDegrees>100.4378720</LongitudeDegrees>
      </Position>
      <AltitudeMeters>5.9</AltitudeMeters>
      <DistanceMeters>1377.4</DistanceMeters>
      <HeartRateBpm>
       <Value>163</Value>
      </HeartRateBpm>
      <Extensions>
       <TPX xmlns="http://www.garmin.com/xmlschemas/ActivityExtension/v2">
        <Speed>4.1</Speed>
       </TPX>
      </Extensions>
     </Trackpoint>
     <Trackpoint>
      <Time>2026-08-19T11:36:06Z</Time>
      <Position>
       <LatitudeDegrees>5.2377440</LatitudeDegrees>
       <LongitudeDegrees>100.4379020</LongitudeDegrees>
      </Position>
      <AltitudeMeters>5.9</AltitudeMeters>
      <DistanceMeters>1380.8</DistanceMeters>
      <HeartRateBpm>
       <Value>163</Value>
      </HeartRateBpm>
      <Extensions>
       <TPX xmlns="http://www.garmin.com/xmlschemas/ActivityExtension/v2">
        <Speed>3.9</Speed>
       </TPX>
      </Extensions>
     </Trackpoint>
     <Trackpoint>
      <Time>2026-08-19T11:36:07Z</Time>
      <Position>
       <LatitudeDegrees>5.2377420</LatitudeDegrees>
       <LongitudeDegrees>100.4379390</LongitudeDegrees>
      </Position>
      <AltitudeMeters>5.9</AltitudeMeters>
      <DistanceMeters>1384.8</DistanceMeters>
      <HeartRateBpm>
       <Value>163</Value>
      </HeartRateBpm>
      <Extensions>
       <TPX xmlns="http://www.garmin.com/xmlschemas/ActivityExtension/v2">
        <Speed>3.9</Speed>
       </TPX>
      </Extensions>
     </Trackpoint>
     <Trackpoint>
      <Time>2026-08-19T11:36:08Z</Time>
      <Position>
       <LatitudeDegrees>5.2377400</LatitudeDegrees>
       <LongitudeDegrees>100.4379720</LongitudeDegrees>
      </Position>
      <AltitudeMeters>5.9</AltitudeMeters>
      <DistanceMeters>1388.4</DistanceMeters>
      <HeartRateBpm>
       <Value>163</Value>
      </HeartRateBpm>
      <Extensions>
       <TPX xmlns="http://www.garmin.com/xmlschemas/ActivityExtension/v2">
        <Speed>4.0</Speed>
       </TPX>
      </Extensions>
     </Trackpoint>
     <Trackpoint>
      <Time>2026-08-19T11:36:09Z</Time>
      <Position>
       <LatitudeDegrees>5.2377360</LatitudeDegrees>
       <LongitudeDegrees>100.4380050</LongitudeDegrees>
      </Position>
      <AltitudeMeters>5.9</AltitudeMeters>
      <DistanceMeters>1392.2</DistanceMeters>
      <HeartRateBpm>
       <Value>163</Value>
      </HeartRateBpm>
      <Extensions>
       <TPX xmlns="http://www.garmin.com/xmlschemas/ActivityExtension/v2">
        <Speed>3.8</Speed>
       </TPX>
      </Extensions>
     </Trackpoint>
     <Trackpoint>
      <Time>2026-08-19T11:36:10Z</Time>
      <Position>
       <LatitudeDegrees>5.2377340</LatitudeDegrees>
       <LongitudeDegrees>100.4380390</LongitudeDegrees>
      </Position>
      <AltitudeMeters>5.9</AltitudeMeters>
      <DistanceMeters>1395.9</DistanceMeters>
      <HeartRateBpm>
       <Value>163</Value>
      </HeartRateBpm>
      <Extensions>
       <TPX xmlns="http://www.garmin.com/xmlschemas/ActivityExtension/v2">
        <Speed>3.7</Speed>
       </TPX>
      </Extensions>
     </Trackpoint>
     <Trackpoint>
      <Time>2026-08-19T11:36:11Z</Time>
      <Position>
       <LatitudeDegrees>5.2377330</LatitudeDegrees>
       <LongitudeDegrees>100.4380740</LongitudeDegrees>
      </Position>
      <AltitudeMeters>5.9</AltitudeMeters>
      <DistanceMeters>1399.8</DistanceMeters>
      <HeartRateBpm>
       <Value>164</Value>
      </HeartRateBpm>
      <Extensions>
       <TPX xmlns="http://www.garmin.com/xmlschemas/ActivityExtension/v2">
        <Speed>3.8</Speed>
       </TPX>
      </Extensions>
     </Trackpoint>
     <Trackpoint>
      <Time>2026-08-19T11:36:12Z</Time>
      <Position>
       <LatitudeDegrees>5.2377360</LatitudeDegrees>
       <LongitudeDegrees>100.4381350</LongitudeDegrees>
      </Position>
      <AltitudeMeters>5.9</AltitudeMeters>
      <DistanceMeters>1406.6</DistanceMeters>
      <HeartRateBpm>
       <Value>164</Value>
      </HeartRateBpm>
      <Extensions>
       <TPX xmlns="http://www.garmin.com/xmlschemas/ActivityExtension/v2">
        <Speed>4.4</Speed>
       </TPX>
      </Extensions>
     </Trackpoint>
     <Trackpoint>
      <Time>2026-08-19T11:36:13Z</Time>
      <Position>
       <LatitudeDegrees>5.2377410</LatitudeDegrees>
       <LongitudeDegrees>100.4381810</LongitudeDegrees>
      </Position>
      <AltitudeMeters>5.9</AltitudeMeters>
      <DistanceMeters>1411.8</DistanceMeters>
      <HeartRateBpm>
       <Value>164</Value>
      </HeartRateBpm>
      <Extensions>
       <TPX xmlns="http://www.garmin.com/xmlschemas/ActivityExtension/v2">
        <Speed>4.7</Speed>
       </TPX>
      </Extensions>
     </Trackpoint>
     <Trackpoint>
      <Time>2026-08-19T11:36:14Z</Time>
      <Position>
       <LatitudeDegrees>5.2377410</LatitudeDegrees>
       <LongitudeDegrees>100.4382150</LongitudeDegrees>
      </Position>
      <AltitudeMeters>5.9</AltitudeMeters>
      <DistanceMeters>1415.5</DistanceMeters>
      <HeartRateBpm>
       <Value>163</Value>
      </HeartRateBpm>
      <Extensions>
       <TPX xmlns="http://www.garmin.com/xmlschemas/ActivityExtension/v2">
        <Speed>4.7</Speed>
       </TPX>
      </Extensions>
     </Trackpoint>
     <Trackpoint>
      <Time>2026-08-19T11:36:15Z</Time>
      <Position>
       <LatitudeDegrees>5.2377400</LatitudeDegrees>
       <LongitudeDegrees>100.4382490</LongitudeDegrees>
      </Position>
      <AltitudeMeters>5.9</AltitudeMeters>
      <DistanceMeters>1419.2</DistanceMeters>
      <HeartRateBpm>
       <Value>163</Value>
      </HeartRateBpm>
      <Extensions>
       <TPX xmlns="http://www.garmin.com/xmlschemas/ActivityExtension/v2">
        <Speed>4.7</Speed>
       </TPX>
      </Extensions>
     </Trackpoint>
     <Trackpoint>
      <Time>2026-08-19T11:36:16Z</Time>
      <Position>
       <LatitudeDegrees>5.2377420</LatitudeDegrees>
       <LongitudeDegrees>100.4382770</LongitudeDegrees>
      </Position>
      <AltitudeMeters>5.9</AltitudeMeters>
      <DistanceMeters>1422.3</DistanceMeters>
      <HeartRateBpm>
       <Value>163</Value>
      </HeartRateBpm>
      <Extensions>
       <TPX xmlns="http://www.garmin.com/xmlschemas/ActivityExtension/v2">
        <Speed>4.5</Speed>
       </TPX>
      </Extensions>
     </Trackpoint>
     <Trackpoint>
      <Time>2026-08-19T11:36:17Z</Time>
      <Position>
       <LatitudeDegrees>5.2377430</LatitudeDegrees>
       <LongitudeDegrees>100.4383040</LongitudeDegrees>
      </Position>
      <AltitudeMeters>5.9</AltitudeMeters>
      <DistanceMeters>1425.4</DistanceMeters>
      <HeartRateBpm>
       <Value>163</Value>
      </HeartRateBpm>
      <Extensions>
       <TPX xmlns="http://www.garmin.com/xmlschemas/ActivityExtension/v2">
        <Speed>3.8</Speed>
       </TPX>
      </Extensions>
     </Trackpoint>
     <Trackpoint>
      <Time>2026-08-19T11:36:18Z</Time>
      <Position>
       <LatitudeDegrees>5.2377470</LatitudeDegrees>
       <LongitudeDegrees>100.4383260</LongitudeDegrees>
      </Position>
      <AltitudeMeters>5.9</AltitudeMeters>
      <DistanceMeters>1427.9</DistanceMeters>
      <HeartRateBpm>
       <Value>164</Value>
      </HeartRateBpm>
      <Extensions>
       <TPX xmlns="http://www.garmin.com/xmlschemas/ActivityExtension/v2">
        <Speed>3.2</Speed>
       </TPX>
      </Extensions>
     </Trackpoint>
     <Trackpoint>
      <Time>2026-08-19T11:36:19Z</Time>
      <Position>
       <LatitudeDegrees>5.2377510</LatitudeDegrees>
       <LongitudeDegrees>100.4383460</LongitudeDegrees>
      </Position>
      <AltitudeMeters>5.9</AltitudeMeters>
      <DistanceMeters>1430.1</DistanceMeters>
      <HeartRateBpm>
       <Value>165</Value>
      </HeartRateBpm>
      <Extensions>
       <TPX xmlns="http://www.garmin.com/xmlschemas/ActivityExtension/v2">
        <Speed>2.9</Speed>
       </TPX>
      </Extensions>
     </Trackpoint>
     <Trackpoint>
      <Time>2026-08-19T11:36:20Z</Time>
      <Position>
       <LatitudeDegrees>5.2377570</LatitudeDegrees>
       <LongitudeDegrees>100.4383760</LongitudeDegrees>
      </Position>
      <AltitudeMeters>5.9</AltitudeMeters>
      <DistanceMeters>1433.4</DistanceMeters>
      <HeartRateBpm>
       <Value>165</Value>
      </HeartRateBpm>
      <Extensions>
       <TPX xmlns="http://www.garmin.com/xmlschemas/ActivityExtension/v2">
        <Speed>2.8</Speed>
       </TPX>
      </Extensions>
     </Trackpoint>
     <Trackpoint>
      <Time>2026-08-19T11:36:21Z</Time>
      <Position>
       <LatitudeDegrees>5.2377620</LatitudeDegrees>
       <LongitudeDegrees>100.4384000</LongitudeDegrees>
      </Position>
      <AltitudeMeters>5.9</AltitudeMeters>
      <DistanceMeters>1436.1</DistanceMeters>
      <HeartRateBpm>
       <Value>165</Value>
      </HeartRateBpm>
      <Extensions>
       <TPX xmlns="http://www.garmin.com/xmlschemas/ActivityExtension/v2">
        <Speed>2.8</Speed>
       </TPX>
      </Extensions>
     </Trackpoint>
     <Trackpoint>
      <Time>2026-08-19T11:36:22Z</Time>
      <Position>
       <LatitudeDegrees>5.2377660</LatitudeDegrees>
       <LongitudeDegrees>100.4384300</LongitudeDegrees>
      </Position>
      <AltitudeMeters>5.9</AltitudeMeters>
      <DistanceMeters>1439.5</DistanceMeters>
      <HeartRateBpm>
       <Value>164</Value>
      </HeartRateBpm>
      <Extensions>
       <TPX xmlns="http://www.garmin.com/xmlschemas/ActivityExtension/v2">
        <Speed>2.8</Speed>
       </TPX>
      </Extensions>
     </Trackpoint>
     <Trackpoint>
      <Time>2026-08-19T11:36:23Z</Time>
      <Position>
       <LatitudeDegrees>5.2377680</LatitudeDegrees>
       <LongitudeDegrees>100.4384560</LongitudeDegrees>
      </Position>
      <AltitudeMeters>5.9</AltitudeMeters>
      <DistanceMeters>1442.4</DistanceMeters>
      <HeartRateBpm>
       <Value>164</Value>
      </HeartRateBpm>
      <Extensions>
       <TPX xmlns="http://www.garmin.com/xmlschemas/ActivityExtension/v2">
        <Speed>2.9</Speed>
       </TPX>
      </Extensions>
     </Trackpoint>
     <Trackpoint>
      <Time>2026-08-19T11:36:24Z</Time>
      <Position>
       <LatitudeDegrees>5.2377710</LatitudeDegrees>
       <LongitudeDegrees>100.4384960</LongitudeDegrees>
      </Position>
      <AltitudeMeters>5.9</AltitudeMeters>
      <DistanceMeters>1446.9</DistanceMeters>
      <HeartRateBpm>
       <Value>164</Value>
      </HeartRateBpm>
      <Extensions>
       <TPX xmlns="http://www.garmin.com/xmlschemas/ActivityExtension/v2">
        <Speed>3.4</Speed>
       </TPX>
      </Extensions>
     </Trackpoint>
     <Trackpoint>
      <Time>2026-08-19T11:36:25Z</Time>
      <Position>
       <LatitudeDegrees>5.2377640</LatitudeDegrees>
       <LongitudeDegrees>100.4385270</LongitudeDegrees>
      </Position>
      <AltitudeMeters>5.9</AltitudeMeters>
      <DistanceMeters>1450.4</DistanceMeters>
      <HeartRateBpm>
       <Value>164</Value>
      </HeartRateBpm>
      <Extensions>
       <TPX xmlns="http://www.garmin.com/xmlschemas/ActivityExtension/v2">
        <Speed>3.4</Speed>
       </TPX>
      </Extensions>
     </Trackpoint>
     <Trackpoint>
      <Time>2026-08-19T11:36:26Z</Time>
      <Position>
       <LatitudeDegrees>5.2377520</LatitudeDegrees>
       <LongitudeDegrees>100.4385710</LongitudeDegrees>
      </Position>
      <AltitudeMeters>5.9</AltitudeMeters>
      <DistanceMeters>1455.4</DistanceMeters>
      <HeartRateBpm>
       <Value>164</Value>
      </HeartRateBpm>
      <Extensions>
       <TPX xmlns="http://www.garmin.com/xmlschemas/ActivityExtension/v2">
        <Speed>3.9</Speed>
       </TPX>
      </Extensions>
     </Trackpoint>
     <Trackpoint>
      <Time>2026-08-19T11:36:27Z</Time>
      <Position>
       <LatitudeDegrees>5.2377350</LatitudeDegrees>
       <LongitudeDegrees>100.4386140</LongitudeDegrees>
      </Position>
      <AltitudeMeters>5.9</AltitudeMeters>
      <DistanceMeters>1460.6</DistanceMeters>
      <HeartRateBpm>
       <Value>164</Value>
      </HeartRateBpm>
      <Extensions>
       <TPX xmlns="http://www.garmin.com/xmlschemas/ActivityExtension/v2">
        <Speed>4.2</Speed>
       </TPX>
      </Extensions>
     </Trackpoint>
     <Trackpoint>
      <Time>2026-08-19T11:36:28Z</Time>
      <Position>
       <LatitudeDegrees>5.2377200</LatitudeDegrees>
       <LongitudeDegrees>100.4386490</LongitudeDegrees>
      </Position>
      <AltitudeMeters>5.9</AltitudeMeters>
      <DistanceMeters>1464.8</DistanceMeters>
      <HeartRateBpm>
       <Value>163</Value>
      </HeartRateBpm>
      <Extensions>
       <TPX xmlns="http://www.garmin.com/xmlschemas/ActivityExtension/v2">
        <Speed>4.5</Speed>
       </TPX>
      </Extensions>
     </Trackpoint>
     <Trackpoint>
      <Time>2026-08-19T11:36:29Z</Time>
      <Position>
       <LatitudeDegrees>5.2377080</LatitudeDegrees>
       <LongitudeDegrees>100.4386890</LongitudeDegrees>
      </Position>
      <AltitudeMeters>5.9</AltitudeMeters>
      <DistanceMeters>1469.4</DistanceMeters>
      <HeartRateBpm>
       <Value>163</Value>
      </HeartRateBpm>
      <Extensions>
       <TPX xmlns="http://www.garmin.com/xmlschemas/ActivityExtension/v2">
        <Speed>4.5</Speed>
       </TPX>
      </Extensions>
     </Trackpoint>
     <Trackpoint>
      <Time>2026-08-19T11:36:30Z</Time>
      <Position>
       <LatitudeDegrees>5.2376890</LatitudeDegrees>
       <LongitudeDegrees>100.4387270</LongitudeDegrees>
      </Position>
      <AltitudeMeters>5.9</AltitudeMeters>
      <DistanceMeters>1474.1</DistanceMeters>
      <HeartRateBpm>
       <Value>164</Value>
      </HeartRateBpm>
      <Extensions>
       <TPX xmlns="http://www.garmin.com/xmlschemas/ActivityExtension/v2">
        <Speed>4.7</Speed>
       </TPX>
      </Extensions>
     </Trackpoint>
     <Trackpoint>
      <Time>2026-08-19T11:36:31Z</Time>
      <Position>
       <LatitudeDegrees>5.2376660</LatitudeDegrees>
       <LongitudeDegrees>100.4387570</LongitudeDegrees>
      </Position>
      <AltitudeMeters>5.9</AltitudeMeters>
      <DistanceMeters>1478.3</DistanceMeters>
      <HeartRateBpm>
       <Value>164</Value>
      </HeartRateBpm>
      <Extensions>
       <TPX xmlns="http://www.garmin.com/xmlschemas/ActivityExtension/v2">
        <Speed>4.6</Speed>
       </TPX>
      </Extensions>
     </Trackpoint>
     <Trackpoint>
      <Time>2026-08-19T11:36:32Z</Time>
      <Position>
       <LatitudeDegrees>5.2376320</LatitudeDegrees>
       <LongitudeDegrees>100.4387820</LongitudeDegrees>
      </Position>
      <AltitudeMeters>5.9</AltitudeMeters>
      <DistanceMeters>1483.0</DistanceMeters>
      <HeartRateBpm>
       <Value>164</Value>
      </HeartRateBpm>
      <Extensions>
       <TPX xmlns="http://www.garmin.com/xmlschemas/ActivityExtension/v2">
        <Speed>4.5</Speed>
       </TPX>
      </Extensions>
     </Trackpoint>
     <Trackpoint>
      <Time>2026-08-19T11:36:33Z</Time>
      <Position>
       <LatitudeDegrees>5.2375970</LatitudeDegrees>
       <LongitudeDegrees>100.4388060</LongitudeDegrees>
      </Position>
      <AltitudeMeters>5.9</AltitudeMeters>
      <DistanceMeters>1487.7</DistanceMeters>
      <HeartRateBpm>
       <Value>163</Value>
      </HeartRateBpm>
      <Extensions>
       <TPX xmlns="http://www.garmin.com/xmlschemas/ActivityExtension/v2">
        <Speed>4.6</Speed>
       </TPX>
      </Extensions>
     </Trackpoint>
     <Trackpoint>
      <Time>2026-08-19T11:36:34Z</Time>
      <Position>
       <LatitudeDegrees>5.2375680</LatitudeDegrees>
       <LongitudeDegrees>100.4388210</LongitudeDegrees>
      </Position>
      <AltitudeMeters>5.9</AltitudeMeters>
      <DistanceMeters>1491.4</DistanceMeters>
      <HeartRateBpm>
       <Value>164</Value>
      </HeartRateBpm>
      <Extensions>
       <TPX xmlns="http://www.garmin.com/xmlschemas/ActivityExtension/v2">
        <Speed>4.4</Speed>
       </TPX>
      </Extensions>
     </Trackpoint>
     <Trackpoint>
      <Time>2026-08-19T11:36:35Z</Time>
      <Position>
       <LatitudeDegrees>5.2375400</LatitudeDegrees>
       <LongitudeDegrees>100.4388350</LongitudeDegrees>
      </Position>
      <AltitudeMeters>5.9</AltitudeMeters>
      <DistanceMeters>1494.8</DistanceMeters>
      <HeartRateBpm>
       <Value>165</Value>
      </HeartRateBpm>
      <Extensions>
       <TPX xmlns="http://www.garmin.com/xmlschemas/ActivityExtension/v2">
        <Speed>4.1</Speed>
       </TPX>
      </Extensions>
     </Trackpoint>
     <Trackpoint>
      <Time>2026-08-19T11:36:36Z</Time>
      <Position>
       <LatitudeDegrees>5.2375140</LatitudeDegrees>
       <LongitudeDegrees>100.4388520</LongitudeDegrees>
      </Position>
      <AltitudeMeters>5.9</AltitudeMeters>
      <DistanceMeters>1498.3</DistanceMeters>
      <HeartRateBpm>
       <Value>165</Value>
      </HeartRateBpm>
      <Extensions>
       <TPX xmlns="http://www.garmin.com/xmlschemas/ActivityExtension/v2">
        <Speed>4.0</Speed>
       </TPX>
      </Extensions>
     </Trackpoint>
     <Trackpoint>
      <Time>2026-08-19T11:36:38Z</Time>
      <Position>
       <LatitudeDegrees>5.2374600</LatitudeDegrees>
       <LongitudeDegrees>100.4388620</LongitudeDegrees>
      </Position>
      <AltitudeMeters>5.9</AltitudeMeters>
      <DistanceMeters>1501.9</DistanceMeters>
      <HeartRateBpm>
       <Value>164</Value>
      </HeartRateBpm>
      <Extensions>
       <TPX xmlns="http://www.garmin.com/xmlschemas/ActivityExtension/v2">
        <Speed>2.8</Speed>
       </TPX>
      </Extensions>
     </Trackpoint>
     <Trackpoint>
      <Time>2026-08-19T11:36:39Z</Time>
      <Position>
       <LatitudeDegrees>5.2374420</LatitudeDegrees>
       <LongitudeDegrees>100.4388600</LongitudeDegrees>
      </Position>
      <AltitudeMeters>5.9</AltitudeMeters>
      <DistanceMeters>1503.1</DistanceMeters>
      <HeartRateBpm>
       <Value>163</Value>
      </HeartRateBpm>
      <Extensions>
       <TPX xmlns="http://www.garmin.com/xmlschemas/ActivityExtension/v2">
        <Speed>2.3</Speed>
       </TPX>
      </Extensions>
     </Trackpoint>
     <Trackpoint>
      <Time>2026-08-19T11:36:40Z</Time>
      <Position>
       <LatitudeDegrees>5.2374420</LatitudeDegrees>
       <LongitudeDegrees>100.4388600</LongitudeDegrees>
      </Position>
      <AltitudeMeters>5.9</AltitudeMeters>
      <DistanceMeters>1503.1</DistanceMeters>
      <HeartRateBpm>
       <Value>164</Value>
      </HeartRateBpm>
      <Extensions>
       <TPX xmlns="http://www.garmin.com/xmlschemas/ActivityExtension/v2">
        <Speed>1.7</Speed>
       </TPX>
      </Extensions>
     </Trackpoint>
    </Track>
   </Lap>
  </Activity>
 </Activities>
</TrainingCenterDatabase>
